ticker_id,actual,predicted
0,-0.0061404287816019,0.0022448421124896863
0,0.0119181085268793,0.004696172892621097
0,-0.0053104659647453,4.678971631244988e-05
0,0.0192895275602756,0.001897199555547012
0,0.0112074068411295,-0.0002655123381577946
0,0.0135892042915447,-0.003337135484817327
0,-0.009971508460017,0.0006496564967195906
0,0.0104182305787843,0.001390973762178819
0,-0.02693991387362,-0.000389241184833646
0,0.0192265822282836,0.004014338050161388
0,0.0047606657390472,5.6536722921266946e-05
0,0.0031313811784993,0.002336090074414196
0,-0.0970133528138087,-0.0006834161050455275
0,-0.0756801583150386,0.0038721701791397576
0,-0.0374261420311626,0.008366276452441632
0,-0.0511018221425499,0.0008580225949190415
0,0.1426174299296657,0.006117592634977624
0,-0.0433186002715827,-0.024518583799418826
0,0.0397920520132604,0.008780682133588544
0,0.021814438723069,-0.005999535969906215
0,-0.0018781629607929,0.001473618660589459
0,-0.039711477097023,0.0028258240071263514
0,0.0138531115626746,0.0061843032983976386
0,-0.019583412027325,0.0016224730417192675
0,0.0334978393532753,0.007420379904229869
0,0.0240403399831215,-0.0020137908516854853
0,0.018258466247874,-0.0009868565987929939
0,0.0043576356462233,-0.0024294193023700226
0,0.0041010229270579,-0.0011392066026408012
0,0.0050788623189278,0.0016022238690443147
0,0.0060891163147664,0.0005033953751595161
0,0.0038515410979502,0.001088350242842288
0,-0.0380776971870641,-0.0024422219926691366
0,-0.0319639722370047,-0.004134468908340402
0,-0.0019125520953743,0.0014273617877050642
0,-0.0114500488379052,0.0037473897531990386
0,0.0062986051313484,0.0019134759333998348
0,0.0052523665318086,-0.0014476235299624245
0,0.0612326226551032,0.0009047248384547154
0,0.0101010616276419,-0.0054255135266065
0,-0.0028217711458989,-0.0018276213381981238
0,-0.0041531557841531,-0.0024713258321132484
0,-0.0008989652784503,-0.0015293865667963154
0,-0.0118084971543826,-0.0021874787865775237
0,-0.0092388372444307,-0.00045063749889180313
0,-0.0233291591535706,0.00158829656217466
0,-0.0036187791224789,0.0013338973952212803
0,-0.0307110919924719,0.0010525043230931936
0,0.0249836254292493,0.0009910797573116758
0,0.0010483975661115,-0.0012423487762525105
0,-0.0023479236879402,0.0022199173566967035
0,0.004491124586101,0.00014516683770876494
0,0.0042230333257939,0.0002926153750670371
0,0.0077536521017689,0.0012251593298701722
0,-0.0022162318442871,-0.0006208855850930838
0,-0.0108563549017559,0.0008904193074321429
0,0.0162651641103421,-0.0004834514870551698
0,-0.0121864478836741,-0.004071828721973418
0,0.0060377262435105,0.00016667802881110516
0,-0.019380291361328,-0.0013093567605139329
0,0.0021106035496741,0.000620242384824372
0,-0.0139013882341925,-0.001376295410178285
0,0.0099781325685446,-0.0004217939742712073
0,-0.0141098561585338,-0.001155737446084674
0,0.0047932740256583,0.0016646071075492922
0,0.0222354464299149,0.00090960125692348
0,0.0024845957941194,-8.672347675199046e-05
0,-0.005973219327643,-0.00038705900339659847
0,0.006270846868604,-0.0009854104782813227
0,-0.0027822233350804,0.0005454350988889319
0,0.0003978802500065,-0.0014357774599075908
0,0.0201361410894572,-0.0021530202386493033
0,0.0128334111625731,0.00042310463099448626
0,0.0219873462404818,0.002942714924815028
0,0.0052113246490861,-0.0011912220399251164
0,-0.0170016766777855,-0.002795252062308452
0,0.0002859425242883,0.0009676071052136795
0,0.0053662361935532,0.00094293130229068
0,0.0059967754589673,0.0010618143073596225
0,-0.0059020862526165,7.864188196158044e-05
0,-0.0121018133151314,-0.0004780935024699777
0,0.0023460740355773,0.0006012770889786763
0,0.0050087290293907,0.0014650502302077468
0,-0.0006663876857385,0.0012694837929214764
0,0.0055080055729432,-8.808955734276815e-05
0,0.0061370150417861,0.0007602970745113607
0,0.0089956419613684,0.0018771425209455686
0,-0.0011667827068808,0.0016294006406456737
0,-0.0018228062438943,-0.000956354980205497
0,0.0005611843445625,-0.00022024398012210626
0,0.0007946992761109,-9.353885524758358e-05
0,-0.013072711163009,0.0017317689806915617
0,-0.010563540806898,0.0020887512262273474
0,-0.0071048432733389,2.9843630407216655e-05
0,-0.0253214482993362,0.00013341044588593444
0,0.0047814262864503,0.002757089314254417
0,-0.0021168244740547,-0.0022457844218982614
0,0.0496533971259793,0.0016407098225295679
0,0.0312986509398223,-0.0004748594918868674
0,0.0414854099238109,-0.00011689620082451361
0,-0.0083722793451313,-0.004272420301116159
0,0.0108136779072161,-0.0021733044041141064
0,0.0158973585245164,-0.0043415482883067055
0,-0.0023600155775964,-0.0021437225390297473
0,-0.0051252472565384,-0.0027487058776689446
0,-0.0030271365104298,-0.002127064280809716
0,-0.0014302555500621,-6.487824057860585e-06
0,-0.0199318632484206,0.0019159005944837503
0,-0.0049234396028063,0.0011831667306275485
0,0.0126366430846414,2.3762225329635248e-05
0,-0.0026377685683266,-0.00082428958759252
0,0.00942012934873,0.0022900683023486827
0,0.0051327529866176,0.00035314310204170613
0,0.0089406963910996,-0.0003157443392273439
0,-0.0018076304121467,-0.00032727953093326803
0,-0.0104793674524135,-4.047656551612743e-06
0,0.0373823043687796,0.0020646964130229106
0,0.0054783076521904,-0.000533525266827202
0,-0.0003754444072554,-0.0011215861762690748
0,-0.0075801032531939,8.862923363142845e-05
0,-0.014950513054873,-0.0005759399475195348
0,-0.032791330268309,-0.0016139560334418167
0,0.0141853121951412,-0.0019642851939646873
0,0.0174104799169196,-0.001965719012811501
0,0.0111732140853815,-0.00039929625118705525
0,0.0061072455167474,-0.000529462125104444
0,0.0035210063016859,-0.00011216384387830673
0,-0.0046554146926936,-0.0001251504118591015
0,0.0315306413714608,-0.002635521355689175
0,0.0421928282252229,-0.002646528114571608
0,-0.0064640014872286,-0.002722110302235703
0,-0.0083673204579979,-0.0001546993450673754
0,0.0179115533182447,-0.00210449320275331
0,-0.0055041791473962,-0.001661131890783003
0,-0.0040400537128507,-0.002355638842875009
0,0.0007857643900076,-0.0009239164721447947
0,0.0032151403683504,-0.0010474157759882122
0,0.0065552010683879,-0.0007819827528966594
0,0.003455166498047,-0.00048295626542791607
0,-0.0051679055736881,-0.001110286747905309
0,-0.0008183880195342,-0.0006789678388418193
0,0.0061414393614103,0.0013242080648833217
0,-0.0157004940785993,-7.504369153668458e-05
0,-0.0351320656306424,0.0009068127932263671
0,0.0096972194509409,0.0036712714576352693
0,0.0004440940373933,-0.0010490743157185345
0,0.0063164171074317,0.0017697202906523028
0,-0.0076088750761926,0.00020890622564589414
0,0.0193707493205237,-0.00022070433957817586
0,0.0386808198117438,0.00024955925905786056
0,0.002018995667877,0.0004128827407071868
0,-0.0165767827618462,0.0011372693572354912
0,0.0043625040598547,0.00013903709280164772
0,0.0124046145042234,-0.001748325916246915
0,0.0225354306923921,-0.001154717886707451
0,0.0007064546806767,-0.000899384560885346
0,0.0025990574218114,-0.0001977489905538414
0,0.0062834509281645,-0.0020000949523214513
0,-0.0038023760230781,0.0008344654415947835
0,-0.0048942042575255,-0.0021922216534603378
0,0.0036729820482327,0.0014446036533497502
0,0.0003702763931567,0.001852529876263948
0,-0.001370764804797,-0.0013744258971718879
0,-0.0048304975684466,0.0019343127184015152
0,0.0045381969286866,-0.0011506008463152625
0,0.0213712659942272,-0.0025799390054460805
0,-0.0064877700063862,3.324959330168963e-05
0,-0.001903286478439,0.00027644898982390805
0,-0.0019803789997167,0.0011694649980248369
0,-0.0183382278606624,-0.001154554930556181
0,-7.494269318828434e-05,0.0017236935368143956
0,0.0041792779132761,0.0014355229889131036
0,-0.0086386806606089,2.9148439661610178e-05
0,0.019489451661983,0.002638984012467465
0,0.0161858652399366,-0.0007691590726240185
0,0.0037981174643085,-0.0001063412055674613
0,0.0020919168217879,0.00043382343558065516
0,0.004672931656329,-0.00034508191235791937
0,0.015126085396804,-0.001081091425491165
0,0.0108558136671096,0.0026369115287495346
0,-0.0071536301977958,-0.0007327556592222569
0,-0.0122157056877207,-0.001431180608313988
0,-0.0068636769207417,-0.0025104379963274913
0,-0.0031975495274368,-0.0022286620098017854
0,-0.0025583338957931,-0.00011044009623305934
0,0.0057558834232299,0.00018027968772516153
0,-0.0026939973492764,-0.00030501478147018906
0,0.0008989157235724,-0.00047786935405333885
0,-0.0150984674266056,0.00030668940226792987
0,0.001822476812521,-2.6925987450611855e-05
0,-0.0101381433756826,0.0007492328972302841
0,0.0012866188761622,0.001594079815346388
0,0.0054228738076986,-0.002100585698520925
0,-0.0099150625239119,-0.0036155129773487193
0,0.00511662061139,-0.001425749040977504
0,0.0053096450468563,-0.001557938444985813
0,-0.0014984650753561,-0.00022626755552358855
0,0.0013159464780431,-0.0006147877048957066
0,-0.002487157141666,0.004896754448226511
0,-0.0044775154936736,0.003943175557769383
0,-0.0031313728782081,0.004984804003068933
0,-0.013933702077408,0.0005374343604865042
0,-0.0185046682503516,-0.0012360019630608906
0,-0.0077673778818909,-0.0017523233302006481
0,-0.0049674519949831,0.0007825198811977434
0,0.0012729954419464,-0.00013224707195214937
0,0.0033870275674454,-0.0005023475743405499
0,0.0030693417245014,0.0006845960991955467
0,-0.0041841674678708,0.0011400454273536057
0,-0.0067546440807454,0.0018941407141936013
0,-0.0104332861012967,0.00024073244104799892
0,-0.0351668551236713,-0.0006927851220004063
0,0.0038434852977142,0.001803575414709819
0,0.0028225411486548,0.00027553007400389564
0,-0.0012490174035431,0.001289439512284132
0,0.0292800620375082,0.0010550444719275454
0,0.0111354426170662,0.00032548803905538054
0,-0.0071108111532183,-0.0005302591479993189
0,0.007149435917313,-0.0002791795364869127
0,0.0046354955940848,-0.0006158790712819944
0,0.0397794349127671,-0.0006892298528535052
0,-0.0019648308518361,0.001167008472109801
0,0.0256803498806463,0.0005418203169506035
0,-0.0020999452318476,-0.0015451096947465114
0,0.0079780932320174,-0.0005146258467619816
0,-0.0117291544831536,-0.0069925035922616865
0,-0.0034288893262116,-0.00040665155337171136
0,0.0066281415917573,0.0007244009549440874
0,-0.0512741260861312,-0.000607648630996585
0,-0.0229957633730363,0.002335690033721092
0,0.0311768143564595,-0.00026525029520406136
0,0.0017795831671139,0.0011787572432500316
0,-0.0143642652396457,0.0006235974493217483
0,0.0152338051804435,0.000949342251053642
0,0.0060290623922912,-0.001492448783251249
0,0.0221440517351656,0.0037100153041189046
0,0.0076505161963719,-0.00034889073129012603
0,-0.0046786174669959,-0.0011896809848394644
0,-0.0326578884566748,0.0006088269092995474
0,0.0020418360212967,-0.00026352805665400556
0,-0.0036708239046801,0.005195669933451176
0,-0.004674549655599,0.0017017701599683966
0,-0.0085308208402494,-0.0008535501666475445
0,-0.010932115299618,-0.001309332577424618
0,0.0093557010685318,-0.0008150334885021243
0,0.0036488509698246,0.0006862038608875997
0,-7.665866677458683e-05,0.0012916231287131556
0,-0.0195526537947659,0.00015433012331533737
0,-0.0222987261485577,0.0010876115453826115
0,0.0107370315652441,0.00015808655621397417
0,0.0055615265961008,0.0005243424985046478
0,-0.0170184433116076,0.001509649134926066
0,-0.0039285945586156,0.0013210112989115656
0,-0.0039038994401073,0.00047939887711279886
0,0.014014841512174,-8.776075270506374e-05
0,0.000596213406395,-0.0014540474061586948
0,0.0038868965936841,0.00021526961690429558
0,0.0010682766662048,-0.0003343606967175451
0,-0.0163052652877133,0.001496101845357377
0,-0.0087601362682987,0.0007908619945525418
0,0.0286179234079917,0.002161222201897565
0,0.0072239671209449,-0.003860060056893435
0,0.0011337741969299,0.00396350427518642
0,0.0114224431928019,-0.00017739660911554654
0,-0.0209235399491677,-0.0010522694331567925
0,0.0210781243056216,-0.000604479924322983
0,0.0061225495501451,-0.0034516909260850505
0,-3.837862627880075e-05,0.00032572802056611517
0,-0.0049260800827558,0.0006378570659783028
0,-0.0014285405616683,-0.0012680946163581407
0,0.0289400496239503,-0.0011139336838420749
0,-0.0114377358165369,-0.0017242799670407114
0,0.0255996862037618,-0.0006326026420274172
0,0.0103813512370385,-0.003061513257455495
0,-0.0255195863875237,2.442979251021096e-05
0,0.0259591762830948,0.0006459815774691384
0,0.0009511674218491,-0.0032697906699587355
0,-0.0087054700740506,0.00032410330951824313
0,-0.012809478192957,-0.0018785006494177166
0,0.0115174584573215,6.290298535848132e-05
0,-0.0019967242641365,0.002001631757618573
0,0.0043581821011512,-0.00040745270610723344
0,0.0318800165037191,-0.00033840146772548324
0,-0.0118861131524689,0.0006726504048817675
0,0.0262043773795775,-0.0006441532651537941
0,0.01164990195917,-0.002374929837974779
0,-0.0002435340913502,-0.004270072513544075
0,0.0202499554412626,-0.0014727261569482974
0,-0.0012634108700848,-0.004728492757553479
0,0.0072172673455438,-0.0027494046299183766
0,0.0137115529290131,-0.0014305660312955476
0,-0.0022107349719331,-0.0035939673838041894
0,0.0067509801367255,-0.003782515825751583
0,-0.0079925163491217,-0.001992970961658827
0,0.0037868112765715,-0.0006615278014072286
0,0.0109113138694099,-0.0001406407693084655
0,0.0090244039129116,-0.0023182135479033416
0,0.0124796640984239,-0.0015689334845606219
0,-0.0015879959853538,-0.0033777521210975703
0,0.0081399211775282,-0.0025727464235094947
0,0.0053259869555545,-0.001421704099874905
0,-0.0014410019964428,-0.0028259908066150022
0,-0.0185978511224493,-0.002705459731032175
0,0.0286097455203483,-0.007575028721032731
0,-0.0157967574548859,-0.0013559071146586415
0,0.0031215751987724,0.0004288962926138676
0,-0.0125775933554413,-0.002009765319167098
0,-0.0190518854697878,-0.0011699314782784632
0,-0.0371271011267188,-0.0002026995382594706
0,0.0035387368280779,-0.0006489871731612993
0,0.013794257734621,0.002153358547849248
0,-0.0153386718908375,-0.0011379255455236318
0,0.0180074275442888,-0.0005339637558040133
0,0.0094685455982192,-0.0023933946350860325
0,-0.0110554240537654,0.002369480890376553
0,0.0069365307945603,0.000855984758215282
0,-0.0033611561756575,-0.0021010661171209336
0,-0.0091662810202036,9.251403389495859e-05
0,-0.0041540970327318,0.002457031461385501
0,-0.0631291052885232,0.0017084732745376325
0,0.0308828692129702,-0.0003517398125076122
0,-0.0072146175713474,-0.001879700948492481
0,0.0266869279465594,-0.0003505034261490922
0,0.0171999022377519,-0.0002253885072385478
0,0.0472716343082328,0.00013765513169077155
0,0.0129732635608214,-0.00043124353390885115
0,-0.0064173177522915,-0.0016998034951860646
0,0.0087493981213917,-0.001574550970710744
0,0.0089897008619499,-0.001940222533973706
0,-0.0028501014457968,-0.0025026699703637285
0,0.0062911086352786,-0.0023061796465346355
0,-0.0077510778892896,-0.000574543962068652
0,0.0393599955609401,-0.00013651712023019479
0,0.017434906842973,-0.0010005812388129037
0,0.0014391811187502,-0.0018762045472030873
0,-0.0216566575869813,-0.00218342375437942
0,0.0035150750095092,-0.002227485951743154
0,-0.0056606573339303,-0.0030755025978094074
0,-0.0130647945093914,-0.0003053144597314056
0,0.0347073935629419,0.0008539540190669564
0,0.0116133131860308,-0.0011025434273113357
0,0.0093649571131972,0.0007999152649491142
0,-0.0055729125775482,-0.0008173609936848831
0,-0.014174985441458,-0.00041958006795894285
0,-0.0763828794580557,-0.0038913702910458527
0,-0.0179319564788425,-0.0032411700977803275
0,0.0194522108448553,0.0005337303292694902
0,0.0052226746572799,-0.0022334119908830564
0,0.0045235087677644,0.003151804780124975
0,0.0029404636305595,0.0005839734604489583
0,-0.0154512432631464,-0.0011699996394832616
0,-0.0109269512929969,0.0006638545298581551
0,-0.0087621736105062,0.00240299006490077
0,0.0099094149832447,0.0017065524907180227
0,0.0021923891943256,0.00010504674531727006
0,-0.0011119714123237,0.0008597143943803699
1,-0.0150301268402678,0.0013356309555233809
1,0.0140077785215382,0.0037539053181206553
1,-0.0030218279679656,-0.00045440484138738104
1,0.0064424486752199,0.0017786621335125386
1,0.0353003722345404,-5.659358693134485e-05
1,0.011981521917604,-0.003662410015437522
1,-0.0225159531598891,0.0008305985987393395
1,0.0011428644161791,0.0008679362032606116
1,-0.0438559892175146,-0.0008911023748885802
1,-0.0128468357342619,0.0039001365609905607
1,0.0099888585095992,-0.000363636461222418
1,0.019785262896237,0.0022635742868098753
1,-0.094081357399286,-0.0001679569562355555
1,-0.0424207364103203,0.003225763110557177
1,0.024606997782102,0.0076434719733801375
1,-0.0265972597178129,0.00012251654203967533
1,0.1131235886181351,0.005030266860695928
1,-0.0530851136551406,-0.02646219788042661
1,0.0199410794222696,0.006559395842968262
1,-0.0149870652965944,-0.006187968411991996
1,-0.0139893290164729,0.0024367365378963274
1,-0.029726389380639,0.003749421168353704
1,-0.0099153473238934,0.007349135126471019
1,-0.0311265275868967,0.0026024808033454135
1,0.0344232833794173,0.007619951739276612
1,0.0419532010515184,-0.0017652982067386108
1,0.0323609825284964,-0.0003971978769160278
1,0.0130484753656954,-0.002156626572856654
1,-0.0068492053390798,-0.001359946831650399
1,-0.0016529240033086,0.0009196277739613296
1,-0.0159762481481809,4.128659995573697e-05
1,0.0308603788840218,0.0011038608979972433
1,-0.0011573530932638,-0.00214964610489344
1,-0.0192921222947972,-0.004107260753144456
1,-0.0072168106978977,0.001585403466300081
1,0.0198016327383634,0.002655122269340945
1,0.0177004807270683,0.0011908707699164972
1,0.0050890473288578,-0.0015656476735330083
1,0.07760926703828,0.00011570379174051949
1,0.0129998533830553,-0.007528020268449807
1,-0.0053128303429047,-0.0041244254500977726
1,-0.0244584039995163,-0.004696875929571999
1,0.0020449815996183,-0.003186988322426113
1,0.0027687076543828,-0.003528801747156035
1,-0.0101894759758309,-0.0007837304073664369
1,-0.0145613875678794,0.0015313221717775916
1,0.009796778074282,0.0010793198106179304
1,-0.0104433157299196,0.0006720579672796995
1,0.0247180892854408,0.0010976938189163213
1,-0.0063300743793082,-0.0014002725490616205
1,0.0047755840086203,0.0014641439942807174
1,-0.0033600501810788,-0.00044457814086890004
1,0.0079677797803505,0.00010941009204915866
1,-0.0045590688203024,0.0005604483877842396
1,0.0073618243304791,-0.0010031103456431887
1,0.0032760444368173,0.0008475156600034546
1,0.0268593707089081,-0.0002837603645376144
1,0.0158404816256081,-0.0039063798766134795
1,0.0028993089092675,0.00029158140538959013
1,-0.0204737946353686,-0.0014992486613200347
1,0.0001876397374085,-3.6670863227308576e-05
1,-0.0053604273678064,-0.0019070371997314643
1,0.0186834014095502,-0.00012958853031761006
1,-0.0059407894922021,-0.0009291674020710005
1,-0.0107643805780299,0.001953376680836834
1,-0.0134058604449631,0.0005972424057721522
1,-0.0058351093917059,-0.0015035228376339992
1,0.0204166383159316,-0.000855929624286081
1,-0.0036726605052765,0.00016439550579361317
1,0.0239110439370205,0.00127551204909458
1,0.028065998915184,-0.00171817064781898
1,-0.0176652073438087,-0.0031819454687136515
1,0.0048653378201404,-0.000771211348516918
1,-0.0024524674580839,0.001254733336169024
1,0.0157448292515542,-0.0010218172860239085
1,0.0002685175362458,-0.0016836609684284967
1,-0.0185629637223628,0.0021215592756417528
1,0.0143926119638696,0.0012726029672414378
1,-0.00125898751783,0.0005481312517841644
1,0.0123414630874894,0.00038546016658090853
1,0.0029730809278075,-0.0002473695914576385
1,0.002920113789153,0.0003624670947291579
1,-0.0140590632721295,0.0009835007639942593
1,0.0030867782583285,0.00025836706592158895
1,0.0099998608947342,-0.0007378930353306263
1,0.0139211264450298,0.0008734413933962058
1,-0.0080128362426705,0.0019448998867219005
1,0.003598354221935,0.001313688738189921
1,0.0171115203350492,-0.0011984832006712955
1,-0.0034075702705455,0.00027643303155514936
1,0.0058160595506959,0.00027227878695662957
1,-0.0076757549181458,0.0011104451629279782
1,-0.0035559103854632,0.0021084067270145702
1,0.0168860275156094,0.0009851987225210248
1,-0.0863165321149764,0.0009702168947030173
1,-0.0145406227352098,-0.0033718135211243225
1,0.0098731696877148,-0.0031781857670924105
1,0.0392656854150399,0.002256549096569699
1,0.0036817898977651,0.0006493511202004436
1,-0.001973902368859,0.0002609027227594854
1,-0.0062614199136725,-0.0027300198053302723
1,0.0007678847964323,0.00010829123705597332
1,0.013855775538096,-0.0013207252418774387
1,0.0281881870081661,0.00044462800919039603
1,0.0002164587456877,-0.0010573626632415169
1,0.0019891328430845,-0.0010895205458236884
1,-0.0151472362286209,-6.679281193958456e-05
1,-0.0185919968263391,0.0017103956593167652
1,-0.0083453491933594,0.000840728646299095
1,0.0305709358671122,-5.313272940172728e-05
1,-0.0039406062590729,-0.0010003604182221217
1,0.0033724076943096,0.002331368224352929
1,0.001791007628483,0.00014909948424040968
1,0.0107659095914114,-0.0002055726388252091
1,-0.0112897684982944,0.00040001188894817877
1,-0.0161116470697036,0.0004557837673067114
1,0.0028804183282881,0.002258052153691973
1,0.0419841468245321,-0.0005000552075166112
1,-0.0143161389688929,-0.00047767727497802334
1,0.0149948108045685,0.000835460529195696
1,0.0101249985199371,-0.00019569971915043356
1,-0.0337655208284537,-0.00124480939711406
1,-0.0016511904499798,-0.001384176543076869
1,-0.0078586000933293,-0.0030994211674362066
1,0.0142741397227007,-0.0015610357207818883
1,0.0112573604410867,-0.0007215041155673391
1,-0.0104367041098971,0.0006459084305374498
1,-0.001685208986325,9.201025366905669e-05
1,0.0010805905597171,-0.0029655203691359125
1,-0.0167719330385367,-0.0028639947999857533
1,-0.0308718721782628,-0.0019455768916284153
1,-0.0022679860251128,5.665207288814769e-05
1,-0.0093987954154842,-0.00047286733731658533
1,0.0074441688734815,0.0003992796807804468
1,0.01081580588278,-0.001223787701101087
1,-0.011771724709007,0.00016418899352561855
1,0.0048159908131601,-0.000590912505655183
1,0.0080354294084245,-0.0012065544321554276
1,-0.013124777320547,-0.00014546636711119812
1,0.0063123182564672,-0.0007171430583849162
1,0.0039758112251014,-0.0006749922016065862
1,0.0153918136679746,0.0017381687769247728
1,0.0111269438138621,-9.43350113671291e-05
1,-0.0512147688704082,9.323837153532729e-05
1,0.016955828210376,0.0024999600217686184
1,-0.0168633784796749,-0.002397112598026743
1,-0.0037966156016826,0.0008826735574040932
1,-0.0051158426228095,-0.000448934521359726
1,-0.0066899641474984,-0.000464840199217653
1,0.0160182346953324,0.0003969609477925272
1,0.0253143576931411,0.0006827739580921796
1,-0.018546837697264,0.0022592249794967365
1,0.0143041771909419,0.001432711362132019
1,0.0140133007476849,-0.0014787846112387093
1,0.0122347129147079,-0.0011451901414112563
1,0.0099952556009383,-0.0007606656167081327
1,0.0045697089412932,-0.00023037438245548415
1,-0.0328390457202375,-0.0016424713266258426
1,0.0915256890456208,0.0007669112065944602
1,0.0392648036152858,-0.009145945921531078
1,-0.0185970257011073,0.0003704816539612265
1,0.0035233445181079,-0.0014895202013257523
1,-0.0290345746126107,-0.006247001266508354
1,0.0056211467512011,-0.0001735106285647818
1,0.0161931675138769,-0.0023712083166464123
1,0.0028141212824004,-0.0030926321127171816
1,-0.0198668975907615,-0.00022953748200748767
1,-0.027483132611142,-0.00017442608612473266
1,-0.012238911800717,0.0015885139396253551
1,-0.0077851677906159,-0.00020748533099543428
1,-0.0453285278026211,0.003135902919162345
1,0.0006288715862684,0.0027621572532062475
1,-0.0252383767679761,0.0005946494015400604
1,0.0162167089298336,0.004461886780213337
1,0.025014152157624,0.0003440918184701423
1,0.0148703229754801,-0.00018244847189078728
1,-0.0022230225348221,0.00037061060769542345
1,0.0175617538053586,-0.0008623187917116792
1,0.0028259648585821,-0.0024514483157759897
1,0.0023061862991379,0.0015218671778778467
1,-0.0087403867171292,-0.0016274485519653533
1,-0.014171743534491,-0.0015493455620025692
1,0.0018314943611838,-0.0021577749588327613
1,-0.0115684187476266,-0.0020740894176558213
1,0.0045293663099214,0.00010349687288114997
1,0.0167939584837069,-5.287241646757465e-05
1,-0.0064926861329419,-0.00019577487192581422
1,-0.0179205896731592,-0.00047187869751593673
1,-0.0162685342732044,-0.00022813341469818068
1,8.988664518458119e-05,-0.00044373010678190605
1,-0.0058130226138263,0.0009308196222060441
1,0.0245084706398785,0.0017276296029790001
1,0.0025985418858297,-0.0019009325504282513
1,0.0047390784871213,-0.0032131332740204925
1,0.0161108497067559,-0.001751029881719514
1,0.001033348455667,-0.0018636939567261567
1,0.0006022774408403,-0.0005890179295008858
1,-0.0019371793526923,-0.0011201729741751698
1,0.0019801618568183,0.0047370984802920756
1,-0.0073810259883125,0.003955410725543992
1,-0.0188932728004698,0.004990276455430386
1,0.0285509757465873,0.00024718458656847013
1,0.033210483799025,-0.0008551374995135245
1,0.0026114748641674,-0.0005904142809323924
1,0.0193917968161578,0.0004843622509618198
1,0.0044159595359424,-0.0024928980070222924
1,-0.003685348509949,-0.002954264118996663
1,-0.0158262655063085,-0.0015733365920591082
1,-0.0248317911077732,-0.0007763093658146826
1,0.00644442902814,0.0009099643135688298
1,0.0039388379666792,-0.0002866617735249261
1,-0.0345477870339635,-0.0004906392202460004
1,0.0013410811217218,0.002045436410783232
1,0.0130142449691605,-0.0006486331959186897
1,0.0203597627124097,0.00039195527571064294
1,-0.0030989827151844,0.0005652965432990419
1,0.0259173878305945,0.0002222613051969832
1,-0.0068486322879873,-0.0012557139477119613
1,-0.0052811890090161,-0.00034603707813189504
1,-0.0101033754763114,-0.0006583707026831648
1,0.0151788407039437,-0.0006281501028229429
1,-0.0180245403861834,0.0019386013062421268
1,-0.0238767502183765,0.0009304969330225028
1,-0.0452148770057491,-0.000522343322144187
1,-0.0571504655150238,0.00033905429094747627
1,-0.0076365685687988,-0.00644515231319057
1,-0.0084680763588102,0.002221704880016938
1,-0.0140134875123872,0.004600297956328816
1,-0.0221966883496971,0.002792027826218123
1,-0.0040664370833358,0.00496757540007884
1,0.0118019106799288,0.0028028984863601677
1,0.0179341630113734,0.003300923173639943
1,0.0003417909236829,0.0010457487333797818
1,0.0253043840181243,0.0020081416168878795
1,-0.0233049994629257,-0.0011499479213698753
1,0.0159005513762855,0.0034404077817028716
1,0.0099237543712165,-0.0009109834354999952
1,-0.0129971307637486,-0.0005381443033072803
1,0.0099541491907686,0.0016108895200292643
1,-0.0076962095633612,-0.00017452130509160212
1,0.0016302091348673,0.005790767961704465
1,0.0380260197243509,0.0010852283228749995
1,0.0097301808141142,-0.0015090894861228827
1,-0.0265201038310697,-0.0009336685556936056
1,0.001312391898173,-0.001519517809955169
1,0.003926872997654,-0.0006275906571298353
1,-0.0078692988947212,0.0010183867130288305
1,-0.0147806716223704,0.0003149931288384004
1,-0.0089166488373542,0.001179875735943948
1,0.0194088603204501,0.00046538756908003683
1,0.016208681248397,0.0008193028636600233
1,-0.0250795459631596,0.0013670201064048364
1,-0.0053030276815242,0.0005507665951483358
1,-0.0163720338855983,-0.00029222269105958973
1,0.0229607657798132,-0.0007961458915752063
1,-0.0138964039032496,-0.0015521458698074444
1,0.0213398769405335,-3.2796238507151396e-05
1,-0.0198933855660318,-0.00034821440020789515
1,-0.0403121686592431,0.0009148836980175062
1,0.0080442145404191,-0.0003628454999301989
1,0.0357792296564156,0.0015919644161278002
1,0.0109828388282875,-0.0034886047953432754
1,-0.0038064614152037,0.003523946292228416
1,0.0142940195524371,-0.0010416499557311483
1,0.0045949583469461,-0.0014492401811197811
1,0.0343925932105986,-0.0002627930585116199
1,0.0545309591359238,-0.0033735448391824714
1,0.0200418165139139,-0.0025129529562868333
1,0.0063144228596562,-0.0033864293646618158
1,0.0373527492838326,-0.0059827944685774456
1,-0.0020903861446824,-0.0066653742157967676
1,0.0048173395273468,-0.006286625103201278
1,0.0034382179946088,-0.005473956610716773
1,-0.0091412664298261,-0.006452978951859027
1,0.0065437310715898,-0.0022587944721153947
1,0.0215734489512025,-0.0013565915790704351
1,-0.0010970880261798,-0.004310784568969774
1,0.0343339580231867,-0.001911454185009397
1,-0.0109311335723666,-0.0051021974578409745
1,-0.0054528874031879,-0.0022074776840736348
1,0.0127789786800135,-0.0010702729201863524
1,0.0076500618886929,-0.003954985577137431
1,0.0120004896357618,-0.0035634568173724753
1,0.0140291321838643,-0.0008722790460542699
1,0.0054985478239463,-0.002638978118803715
1,0.0052503219710423,-0.0033224342688193986
1,-0.0139887178601784,-0.005183387056798147
1,0.005552939638259,-0.0015536093333287843
1,-0.0136247517495961,-0.0037945611468811103
1,-0.0118547523383751,-0.0014195064296104324
1,0.0160839271341396,0.0003395689522084388
1,-0.0108310489517223,-0.0014609570878473654
1,-0.0115929726561524,-0.0014202862759141112
1,0.0027220081197222,0.0002961083127925304
1,-0.0210614011926188,0.0010720560746472069
1,0.0216276699734667,0.0016138931910623393
1,0.0129342972567618,-0.0009028392836323183
1,-0.0080032744617438,0.00033912416790781363
1,-0.0038750213028487,-0.0013732179302901955
1,0.0244268665782138,-0.001276045630824371
1,0.0078776403443637,0.0008888044444453193
1,-0.0123385277904431,-0.0006044184107488982
1,-0.0352734611602585,-0.001629023277846689
1,-0.0183095259850563,-0.0079712780611976
1,-0.0256656597014186,-0.0014352291390754292
1,0.0149661951954989,0.0006461854037740165
1,-0.0310536521915656,-0.000482757798858422
1,-0.0032977029725941,0.0004157695161499009
1,-0.0042091509870762,0.0012102219207184093
1,-0.0256759471236816,0.0013326284527011493
1,0.0146401836862862,0.0035588894663434053
1,-0.0123319126026967,-0.0014421622219186287
1,0.0308339060518898,-0.00019259871723863523
1,-8.131487459136934e-05,-0.0018948335374542806
1,-0.0351639124576668,0.0024009370757405984
1,0.028597683957913,0.0006631415429171647
1,-0.048628576665268,-0.0026926600935922715
1,0.0056543622120003,0.0007067043495232919
1,0.0006832216006888,0.0023063315662955487
1,-0.0314802694033849,0.002040646993412558
1,0.0247130609143084,0.0003958573380940778
1,0.0315149779699693,-0.0018284896383507472
1,-0.007523873763327,-0.0019473497081110703
1,0.0139990647856193,-0.0008705048773470371
1,0.0040052130693041,-0.0010469896003098464
1,0.0061212749423821,-0.00016444307694557492
1,0.0074264513502231,-0.0001658979168827295
1,-0.0096406002160527,0.0005427028839459789
1,0.0139406254300916,0.0006165212654682456
1,-0.0069052509812282,-0.0008606496821756114
1,0.0079976118765854,-0.0006301844257581451
1,0.0007275987930538,0.0009618504708960749
1,0.0297364970945275,0.000971642230193359
1,-0.0200858778507407,0.0006333875414034302
1,-0.0107017584292806,-7.461194705874093e-05
1,0.0111018788736792,0.00022211592605028458
1,-0.0098083449004841,0.0008175310911107654
1,-0.0109667910593796,-4.700689244925408e-06
1,-0.0467787201140818,0.000701724382195134
1,-0.0066556831027626,0.0009938671559040885
1,-0.0031068038827955,-0.00016791614457502008
1,-0.0022931271456731,0.0024089275935759973
1,-0.01840451837298,0.0019182625397099087
1,0.0383039629988693,0.0018337950341843633
1,0.1425457923711586,-0.0029807794370987997
1,0.0447879137077052,-0.009927390461265197
1,-0.0235119677980076,-0.0037490955925245186
1,-0.0173437527511583,-0.012429135449242307
1,-0.0014313710330971,-0.00776274531431006
1,0.0081209106230899,-0.004821214783591566
1,0.0130663505600638,-0.004313284267150705
1,-0.0211506084805647,-0.002778178169213006
1,-0.0184973871742933,-0.0006578176721803893
1,-0.0080765033289186,-0.0016991289592733355
1,-0.0093979659906889,-0.002085505981437694
1,-0.0051148915229056,-0.00020957306286284948
2,-0.0222805270478939,0.0004254037918351404
2,0.019842787802233,0.002997241613164917
2,-0.0066729987757971,-0.0012518741579172466
2,0.0072831779007654,0.0014751819151079914
2,0.0222517984173263,-0.0002521759961852297
2,0.0170297899330843,-0.0035456521588894834
2,-0.0327781469012236,0.0012000056700757792
2,-0.0172322552356022,0.001153221188159833
2,-0.0499835071340004,-0.0010427994234585135
2,0.0020065811059343,0.003333381577464299
2,0.0155918709674013,-0.00016154168854056253
2,-0.0001913225096181,0.0026030862976710698
2,-0.0410765500606431,-0.00038386657142935095
2,-0.0345606138120933,0.009442895785912822
2,0.007867330443501,0.008618948338305364
2,-0.014067962893557,-0.0005868664925926487
2,0.0924161939224006,0.003314706928278893
2,-0.0378180124492892,-0.02085097735746881
2,0.0278763036833839,0.005660203312593811
2,0.012207301963612,-0.006807070875654759
2,-0.0175030423765234,0.001537277836538583
2,-0.0192488200986503,0.002112388187469255
2,-0.0142536712641156,0.005411880849377831
2,-0.0233587303224555,0.0008892854096638689
2,0.025407348936132,0.00593044373798742
2,0.0252932433502958,-0.0027341464669341973
2,0.0249829734592366,-0.0007895395827765353
2,0.0166857574138089,-0.0019231154373451002
2,-0.0083704538350718,-0.0010691940213391458
2,-0.002805666277373,0.001357693850807768
2,-0.0085277731674302,0.00033695500365738245
2,0.0156204773764314,0.0013494804364272504
2,0.016783337878596,-0.001867971950430652
2,0.0010968376364905,-0.0036616066679239783
2,-0.0059859354932858,0.0019625006488286365
2,-0.0753669924180605,0.0024809417395735473
2,0.0189758987939293,-0.00019464611892019415
2,-0.0099664546414593,-0.003510106026882899
2,0.036699548531845,0.001376938187366259
2,0.0067298317501607,-0.005103674551201802
2,0.0359531892448651,-0.001600822908984416
2,-0.0085626718138919,-0.0014797110608935162
2,0.013509045279659,-0.0005150231104598638
2,0.0021038069788191,-0.0024963926696991703
2,-0.0154911192515358,-0.0006982065625174747
2,0.027547475263446,0.0013850549824014641
2,0.0136111619471653,0.00048183062054236786
2,-0.0141452775589087,0.0007016265273936397
2,0.0259557159752626,0.0004508598381294366
2,-0.0031279500982935,-0.0019891252018477135
2,-0.0029051816226642,0.0012670697225258352
2,-0.0006984477156925,-0.0005665643000325768
2,-0.0159056178602654,0.0003012347817308798
2,-0.0170047135534023,0.0011659955903053558
2,0.0111901500518614,-0.0005901461039402398
2,0.0009516827753255,0.001620744944692463
2,0.0320011817018967,0.001077361740663516
2,0.0149904766970223,-0.003340046538186679
2,0.0141536082137996,0.0006706590203254862
2,-0.0070235306096166,-0.0011887983842452127
2,-0.0093473139620477,-6.8902615280294404e-06
2,-0.0058794443597634,-0.0018547051647228225
2,0.0119509781261755,-0.00033710974872635776
2,-0.0046495691764208,-0.0006545178513603701
2,-0.0150602695671076,0.0024745185359619777
2,-0.0393038256000272,0.0011932755608864765
2,-0.0087394697125996,-0.0014146402727566241
2,0.0095194752320248,-0.0018427186129465725
2,0.0231745958741227,-4.521150455617513e-05
2,0.0166176885447422,0.0014869567654330821
2,0.0283486309414814,-0.0015323249196595597
2,-0.0129668272441841,-0.002848034409436415
2,-0.0022153859282805,-0.0013432572971432831
2,0.0157981804805104,0.0012890951182304108
2,0.0049697377614774,-0.0011994915971005765
2,-0.0153798397864117,-0.0016556597806362508
2,-0.0138404209845203,0.0018921649752280494
2,0.0128784773840802,0.0011314203812267365
2,0.0056458532175611,0.0009538174299670496
2,0.0143654537993387,0.0006595721620617139
2,0.0075742933875605,-6.511716651509897e-06
2,0.0024203965886817,0.0006500566481573507
2,0.005315655122875,0.0010886019054917625
2,0.0033282819256456,0.0003668988191622472
2,0.0080296200573981,-0.0006854098047419288
2,0.026870048639359,0.00043017843070433285
2,0.0065017477692742,0.0012728677433753242
2,-0.005818049327963,0.0006932950083997273
2,0.010146392209733,-0.0023656590099991374
2,0.005242105790058,-0.0020243249143504236
2,-0.0031107802121259,-0.0009079542246488836
2,0.0163266779327258,0.0006148031657121617
2,0.0039768405910192,0.0013249363471864771
2,-0.0238406745777954,0.0004965918172936722
2,-0.0145397900175205,0.0005521122940874608
2,0.0307700639791063,0.004200894685873466
2,-0.0018989419216304,-0.0007764190235822208
2,0.0072679373022579,0.0024387530734405133
2,0.0021904491267793,-0.0010842053245729173
2,0.0246280576163157,-5.0165549205990166e-05
2,-0.0020873578190453,-0.002057663759541488
2,0.0115745644560958,0.00041637244069302453
2,-0.0068097605693695,-0.0019506868526852732
2,0.0048406773859373,-0.00045701989314665117
2,0.0047192869783826,-0.001305233408845689
2,-0.0019636699300789,-0.00039327230912251736
2,-0.0095292396909449,0.0012055596003777325
2,-0.0112250584820078,0.002491138254227336
2,0.0021548373482417,0.0010923647978683293
2,0.031246447516755,0.0001964757950077596
2,0.0115781687894856,-0.0007401089078932781
2,-0.0064961663283879,0.0015978695298332901
2,0.0016399394542484,-0.0005147104882829139
2,0.0198517990158922,-0.0010641308135988963
2,0.0059828488284984,-0.00047171179248267354
2,-0.0073540252173143,1.956524598597934e-05
2,0.0874292616248454,0.0012684920767847764
2,0.0070847789545348,-0.009146550961688182
2,0.0115560378380659,-0.004024191803740066
2,-0.0031996195092248,-0.003960349950001453
2,0.0236040932880749,-0.004063267629303594
2,-0.0019215116968448,-0.004420067111561808
2,0.0050048573771286,-0.003798518769187236
2,0.0017872862524178,-0.0047113651936437975
2,0.0439135249852481,-0.0040505513627115235
2,-0.0017900407000241,-0.004201160175081334
2,-0.0065110629785625,-0.0029191559794158333
2,0.009968978980321,-0.0031348529667799122
2,0.0106168015848718,-0.005586391218093154
2,-0.0086348762132967,-0.004540534526322148
2,-0.0034510576296877,-0.0034350780705018004
2,-0.0181239710781212,-0.00034646722222398665
2,-0.0054775202736567,-0.0004592550228206113
2,0.0030467081123523,-0.00020489117117241816
2,-0.0101510455633093,-0.0013362672507250938
2,-0.0039001965430926,0.0007421528111526505
2,0.0073769690831244,-0.0002565640494528805
2,0.0032207303968448,-0.0004576224372052659
2,-0.0013848508280328,0.0005573720525758798
2,0.0204935972233979,-0.0004273779830006716
2,-0.0188239137326274,-0.00014648784519156782
2,-0.0046495108965081,0.001719021483610371
2,-0.0127122366756612,-0.0005411201622916649
2,-0.0207495804605368,0.00038199879729448665
2,0.0315386856280102,0.0035292175265468364
2,0.0053104194368506,-0.0009302326420382939
2,0.0224791745328168,0.0013869069294132996
2,0.001711454038113,-0.00025108607582852247
2,0.0072907197785304,-0.0005156307796781549
2,0.0127489292497893,-2.493221828936843e-05
2,-0.0240243529020078,0.00023138774680038672
2,0.0048989940300395,0.0012368275219015248
2,0.0055074879931448,0.0009410813942417108
2,0.0266683361651196,-9.488681831811138e-05
2,0.0353404626820447,-0.0004888222598619292
2,-0.0067069089403649,-0.0015660921410530124
2,0.0261986762804727,-0.0010943055114725107
2,0.0248552087521263,-0.0036477727686391923
2,-0.0010307919249372,-0.0012023578219208081
2,0.0089572387923258,-0.0038610369902566124
2,-0.02202277302798,-0.0010031318419652243
2,0.0241001317953502,0.00015219329102753097
2,0.0015463540908712,-0.0034720711538971942
2,-0.0210093937309048,0.0007096047523349902
2,0.0396235812415694,-0.0020814124027348575
2,0.0041621501785307,-0.004423017538822649
2,-0.0159166544716435,-0.0006650312449899497
2,-0.0288019160629417,-0.0008128479396514127
2,-0.0077840720085064,0.0007535785335745476
2,0.0306741190319242,-0.00078512796118659
2,-0.0025997473370909,0.002213262048796608
2,0.0295642652127533,0.0017293257527627667
2,-0.0115412700280869,-0.0019260196379425588
2,0.0346658782418869,0.001333292370856717
2,0.0612250802785507,-0.0025541347106941927
2,0.0151399672775042,-0.0035671048485896805
2,-0.0108488271793824,-0.003817641718062669
2,0.0007185953849266,-0.005373905811731373
2,-0.0166599576568475,-0.005667364984837307
2,0.0029173602435436,-0.000131805069283244
2,0.0120233989806667,-0.0018872208672269988
2,-0.0063083924790563,-0.0015065025031135017
2,0.0114260039998681,-0.0023088735839035053
2,-0.0231269465027398,-0.0028392703647226246
2,0.010653169565247,-0.0006032482935506413
2,0.009822950157703,-0.0006652799250438119
2,-0.0245965778522195,-0.0007601047597122911
2,-0.010101119832548,-0.000623162297146982
2,-0.0034655653754745,-0.0002000165635889042
2,-0.0053676767762039,0.0008648929539028572
2,-0.0326571656350992,0.0021323872754711063
2,0.0191601902443792,0.0023826248563882076
2,0.0154196869097956,-0.0011628363334614733
2,0.0084935361748427,-0.0012571173284196772
2,0.0146446448600074,-0.0003303246557450645
2,-0.0008274322617236,-0.0015063353350170312
2,-0.0018482587951001,-0.000552421615084247
2,0.0001594504609082,-0.0009985996758887466
2,0.0009244090639806,0.005345509543555555
2,-0.0027119035044206,0.004136188404702536
2,0.0068453872302823,0.00527689120610934
2,0.0044009881756361,0.0012329924327428433
2,-0.0069743510159479,-0.0004446273938583309
2,0.0240141824295055,-0.0008883242853194042
2,0.0106886657670844,0.000907870226150736
2,0.0095718186969471,-0.0006040972861474652
2,0.0099631574785691,-0.0017002585372617334
2,0.0123087684915108,-0.0013109432260527726
2,-0.0003869623328035,-0.0010113959319446165
2,-0.0091533909864522,-0.0002773346873209664
2,-0.0083888479708237,-0.0017649621025435575
2,-0.0245411986959637,-0.002241520444012699
2,0.0196199346808188,0.0014832991831039799
2,0.0065563488992999,-0.00035228423956192305
2,-0.0079276550522492,0.0003051647132184471
2,0.01612285569403,-0.0001534624736938663
2,0.0038633195782322,-0.00013770649777695683
2,0.0043546314001811,-0.00020398664429318713
2,0.0066443625264028,0.0002587245426591677
2,-0.0007394534070078,-0.0003907505930363232
2,0.0166942893556137,-0.00019202072991482888
2,-0.0116478262432584,0.0014752586555803434
2,-0.0198296897563961,0.0007082629837349779
2,-0.0053892401957697,-0.0007459673423168274
2,-0.0256546081183036,-0.00046022832949875166
2,0.0045119470867237,-0.005659042560545809
2,-0.0178571434511868,0.0014904679565421503
2,-0.0242091999533639,0.00251282669405337
2,-0.0063230501114098,0.0007889457198413568
2,-0.0106716892775441,0.00389608525690691
2,-0.0121763892369758,0.0024667398366851542
2,0.0043280069837844,0.0029711762397109744
2,-0.0015835771352878,0.0012950522324234718
2,0.0392714967476874,0.0031490610257146902
2,-0.0111418812469979,5.860022978860938e-05
2,-0.0018959586870776,0.004024748962627549
2,0.0064123569010131,-0.0003692347943312533
2,-0.017798864954788,-0.0006593074571295001
2,0.0141488748214234,0.0018527023102374168
2,-0.0169507587278589,0.00046222910848662136
2,-0.0096377510895279,0.006444356930570595
2,-0.0014834136751069,0.0015406673277165634
2,-0.0074501551303755,-0.0008341756755905296
2,-0.007874648909053,-0.000193532144423178
2,0.0266275066817418,-0.00025728139687347445
2,0.0022172874143898,0.0009620559357155739
2,0.0053919497321253,0.00155644544810574
2,-0.0168236767988656,-0.00011638067765302107
2,-0.0041926215340061,0.0004217842099614095
2,0.0107924307474878,6.34976563324667e-05
2,0.017389497923292,0.0005527518793505125
2,-0.0104429103869353,0.0013190757661764498
2,-0.0018216376105065,0.0009388331940147891
2,-0.0201608485410763,3.522403454338458e-05
2,0.0035154037246788,-0.0014381258367822743
2,-0.0392286155568252,-0.0023438172201575257
2,0.0016856289858513,-0.0008605917397635607
2,-0.0350126166052632,-0.000799496069873064
2,-0.0237019037991511,0.0019708030010524963
2,-0.003066477651916,0.002097564679918179
2,0.0501298803180803,0.004121978974751221
2,0.0336129391971728,-0.002691441331171081
2,-0.005462449138483,0.0037156646218833482
2,0.0141671553995057,-0.001098054601433274
2,0.0180696062241612,-0.002890939366823509
2,0.0380919895696715,-0.001792541764960908
2,0.0036802469018372,-0.005382957353143217
2,-0.0039324679094476,-0.003554444180999598
2,0.0127478490580818,-0.003448257171558777
2,0.0354658050030185,-0.004379199848360205
2,0.012566733338831,-0.0041534159935117995
2,-0.0032683459867329,-0.00544391882294391
2,0.0167040263688056,-0.005182229563372623
2,-0.0125461146998726,-0.006896504117213686
2,-0.0153204014697174,-0.002694099072655885
2,0.0209355649705314,-0.00141969042565101
2,-0.0012680634602706,-0.004494877048294266
2,0.0161282018722224,-0.0012760168906976828
2,0.0171003580846242,-0.004084872617243109
2,-0.0015996958167987,-0.0024036265212559528
2,0.0004572048687986,-0.001027888348990024
2,0.0949619894583252,-0.004449747577778414
2,0.0023103469779553,-0.012108268208433009
2,-0.0063465103916666,-0.003428078726478541
2,0.0134254599802883,-0.007397385780743362
2,0.0244395800810505,-0.008317568556483353
2,-0.0001256717577409,-0.008658354786232038
2,0.0070356703093336,-0.0056597925869371225
2,-0.0308089888528724,-0.008294723680834462
2,-0.0033248391728114,-0.005313035825310682
2,0.0386644769712022,-0.0029492764819790546
2,-0.0038571772452171,-0.0044183230408559315
2,-0.0107540383248898,-0.004116352264160428
2,0.0004032122294838,-0.0028020755615392827
2,-0.0236565229490935,-0.0015784484396348577
2,0.0032193462264388,6.941729750643247e-05
2,-0.0032193462264388,-0.0021777841993797765
2,-0.0121719682184107,-0.00023896803839447184
2,0.0153141588252266,-0.0008056821768856494
2,-0.0001286321240504,-0.00014348199170564056
2,0.0033378162954159,0.0014605381733189785
2,-0.0254144850648955,-0.000639683929774984
2,-0.0104928236923058,-0.001279015861505969
2,-0.0393429488509333,-0.006364700029518073
2,-0.0079352816168817,0.0002226754446109083
2,0.0361099678606916,0.00154608803054326
2,-0.0098823327723409,0.00019728911364562873
2,-0.0136685305998832,0.0014914599262928333
2,0.0026114672542867,0.001469766992074906
2,-0.0218703221438064,0.0009509259162667715
2,0.0038926366279253,0.0037403281620015994
2,0.0053244532017053,-0.001104174034013973
2,0.0265300387969212,3.653625310404856e-06
2,0.0105037229750473,-0.0012313092040539787
2,-0.0256716440628449,0.0022226923827827383
2,0.0115875888680403,0.00041544459139671594
2,-0.05114595956462,-0.002340647311445183
2,-0.0102040519442608,0.00028944648724295893
2,-0.0024297446042315,0.002906860951544604
2,-0.004586437585356,0.003321399414881477
2,-0.0185586820901451,0.0014551538111661805
2,0.0470681548317473,0.0004672838796222307
2,0.0104639656032263,-0.0009161723093185294
2,0.0106878222311106,0.0005483547260979606
2,-0.0036055034296413,1.8942838890035002e-05
2,0.0180353307750619,-0.0008323080330248124
2,0.0015542336127331,-0.0008819955403618291
2,-0.0140203185624699,-3.742044543903096e-05
2,-0.008407235471836,-0.00020139101588682428
2,-0.0047761391754185,-0.0015362865531332853
2,-0.013160843077121,-0.0007917879250486366
2,0.0196630311654052,0.0011909477543813303
2,0.031244434858472,0.0012321584234034006
2,-0.045390999952137,0.0007938560583993768
2,-0.0219337644491142,-0.0003183939687747559
2,0.0149410230817095,-0.0002714054476052278
2,-0.013845781884526,0.001555707387421236
2,-0.0146831411142239,0.0009287426906963983
2,-0.0739977409020535,0.0010568942502992404
2,0.0064320770741856,0.0014510539162672317
2,0.021105514503072,0.0015104232626094879
2,0.0216586814057879,0.004918677690160555
2,0.0089496867578037,0.003561347844257724
2,-0.0090994968666787,0.0022631606230484836
2,0.0651733213500215,-0.002227421733297646
2,0.0476489431994345,-0.00331306892034961
2,0.0110230319897756,-0.0014450555771246178
2,-0.0411365229029185,-0.008525018400770999
2,-0.0129968718899104,-0.00506615052477445
2,-0.0096904941647532,-0.0042194552850074955
2,0.0090473631774861,-0.0029645457663696516
2,-0.0391312853341773,-0.0006864115739631635
2,-0.0007564324774682,0.001539718951587924
2,0.0081751076156584,-0.00023337972460620135
2,-0.0013290161679834,-0.000576461188608858
2,-0.0055080403741251,0.000728679363088517
3,0.0086216124784749,9.384954446094293e-05
3,-0.0077006508166033,0.0026071087561163665
3,0.0001838961173975,-0.001527068067360741
3,0.0037349727972339,-0.00010860484788187104
3,-0.0020801657512976,-0.0012944485188101057
3,-0.0139990550328923,-0.004520352671283503
3,0.0043377972792204,-0.0007076923656028687
3,0.0086810627220697,0.0006081101953005759
3,0.0035490808130051,-0.00028457247769807193
3,0.0129268459405225,0.00371853962341975
3,-0.0789528606343204,0.00029353273009501525
3,0.0136743411356474,-0.007256575185206818
3,0.0283032935205166,-0.0035409097465216974
3,-0.0420428029284241,0.009843450628217242
3,-0.0172453550565548,0.00900959271472921
3,-0.0041247122231796,-0.002824009625434835
3,0.0064459197377216,0.0013818026476999476
3,-0.0152176320681272,-0.020145824751099516
3,0.0202390416678784,0.005512858505974161
3,0.017184863504163,-0.005013726510838316
3,-0.0048055130639057,0.003003378791844927
3,0.0018861695979167,0.0020389153074745585
3,0.0228668018170147,0.005432090030735802
3,-0.003498832082974,0.00034029276230512556
3,0.0052753222284997,0.004897331860395898
3,-0.0151377046335136,-0.004180844070769178
3,-0.0029005605877895,-0.002526724598716831
3,-0.002261503507863,-0.0026847743707116858
3,0.0049690229429036,-1.3186267073984556e-05
3,0.00359818578475,0.002987162468203283
3,0.0025622435103545,0.0019900137577397283
3,-0.0119058395177885,0.002115560101489374
3,0.0106895594006161,-0.002191630565484695
3,-0.0071997355429296,-0.003724477270390716
3,-0.003425170304243,0.0024507862216299595
3,0.0181548836692653,0.003113702501985846
3,-0.010480721853288,0.0005837803123618895
3,-0.0092940173301473,-0.002083676708922867
3,-0.0005186986343125,-0.0008645806232891041
3,-0.0376804604523972,-0.007299862171933956
3,-0.0141116725558961,-0.003605759464041266
3,0.0219627357671977,-0.0027387263757563634
3,0.0114310593389861,-0.00019796706870725154
3,0.00763600743244,-0.001336679119986525
3,0.0076433411334577,-0.0011133650208807874
3,-0.0031286443898101,0.00016289920472428157
3,-0.0037281794113338,0.0003638815813056897
3,0.0021600752399217,-0.0001021849653189248
3,0.010561215858576,-0.0001169753970090971
3,-0.0053651831321578,-0.0016883795205760097
3,0.0075163013681242,0.0008802306535652753
3,0.0105574184614021,-0.0008219698340736338
3,0.0012234315198371,0.00017238672827099588
3,-0.0063263618885424,0.0005255089057611374
3,-0.0078013082514641,-0.001374567061612909
3,0.0028675886529326,0.00037305886340515055
3,0.0088763019596449,-0.0001341263358392952
3,0.0012891474912761,-0.0031832374631809834
3,0.0078285766531908,0.0007051048473555824
3,-0.0076354085272747,-0.0007049977804921307
3,0.0089768733061768,0.0009604165782937848
3,0.0028046091527814,-0.001176172632050918
3,-0.0120390482530531,-8.50970546662235e-05
3,-0.0184660678631416,-0.0014594226322697072
3,-0.010887280818831,0.0004259921103402053
3,-0.0062558273314154,-0.00026984468506653344
3,0.0101626225705319,-0.0022882728742216235
3,0.0057328950898975,-0.0017587654852744016
3,0.0005911688062304,-0.0010849804079135453
3,-0.0017747626859278,-0.00032084876832640693
3,0.0026280681302984,-0.0028650276554472924
3,0.002228404283449,-0.0030894452463212318
3,0.0205402440724534,-0.0005137775386895565
3,-0.0023114584058472,0.0020224370003881745
3,0.002888690641752,-0.0011913953422561106
3,-0.0047546483862864,-0.002655002131410285
3,0.0033433278184546,0.0016830471427474105
3,0.0031405179287114,0.001381430808346315
3,0.0089817360000584,0.0007831174416568585
3,-0.0050224744527831,-0.00012902893225242402
3,-0.0005099116502451,-0.0007103268114533458
3,-0.0105773955989154,9.75320726199953e-05
3,0.0600899830810324,0.0007532526810754853
3,-0.0109839161111139,-0.005132776220931714
3,0.004408016146372,-0.0009788348062390244
3,0.0040236351502395,-0.0010729229192641486
3,0.0214882760945555,0.00023868518645345568
3,0.0069430457773627,0.0008243241994370641
3,0.0027164667943203,-0.0020870748642789452
3,-0.0074586482316841,-0.001376812649082544
3,-0.0124359597729505,-0.0012772014418733972
3,0.0113063558621359,0.0005666724484862239
3,-0.0050691384318623,0.0018306029783018837
3,-0.0151809120297127,0.0013047154350480977
3,0.0155993604827163,0.0010747531268073738
3,0.0219295007504904,0.0043329288878447185
3,-0.0017553877865421,-0.0011229474419222785
3,-0.0008790350355181,0.000964380139080536
3,0.0054951475973613,-0.0021003826209305574
3,0.010439083039468,-0.0008938519311120264
3,0.0028231637185803,-0.002523377486133306
3,-0.006001297061927,0.00033519941468942185
3,0.0094470390698145,-0.0017812243493634922
3,0.0017186536719869,-8.81116741429178e-05
3,0.0109290431541564,-0.000977772001618297
3,-0.0022103562911138,-0.0007279510806740257
3,0.0087559534350106,0.00048608416102936575
3,0.0058322611856463,0.0014861884283914558
3,0.0005030095673042,0.0002671935810242817
3,0.0020099502120589,-0.0009267808431313953
3,-0.0049203624345914,-0.0026871422856680613
3,-0.0035067185166483,0.0008289825470967059
3,0.0016982380780348,-0.00024648643789713454
3,-0.0076083256532705,-0.0004516260269646687
3,0.009755477324498,-0.0001115002599174999
3,0.0050108870614487,0.0003945932072826362
3,-0.0003369781488195,0.0024103003532137592
3,0.0042606042338506,-0.0006958833555972491
3,-0.0018478227431043,-0.0018374311327903213
3,-0.0016827034445926,0.00019303440808575325
3,-0.0065898825029884,-1.47303646096011e-06
3,-0.0066335972889423,-0.001327650907203502
3,0.0152984681419817,-0.001364424632026124
3,-0.0024680882473852,-0.0014990810614726128
3,-0.0037135476043207,-0.00101507718790438
3,-0.0053126586904844,-0.001819701925086761
3,0.0041847439242224,-0.0009276417100036293
3,-0.0173045666424846,-0.0003074620173558395
3,0.011588536649131,-0.004351382253791544
3,-0.0113015376994907,-0.004269525507426082
3,0.0135125452380504,-0.0029708308020124715
3,0.0006228342941453,0.0011079993659247225
3,0.0058686444268293,1.8846967085177878e-05
3,0.0110788561497005,-1.1025023652642247e-05
3,0.010572148591381,-0.001454296135403402
3,0.0207069939383124,0.00037986742615092454
3,0.0033919546717416,-0.0006014996991011582
3,-0.0003762788997398,-0.0016103816366273495
3,0.0142013132703506,-0.0013395782448552738
3,-0.0025478556340777,-0.0017056636249747218
3,0.0038721784988246,-0.0008492502378360464
3,0.0042263818949688,0.000736053129609311
3,0.0073009140496941,-0.001039608332878348
3,-0.001885723554816,5.865349135936995e-05
3,0.0009432245394047,0.0029514647866989772
3,-0.0002618222080321,-0.002327355856005903
3,0.0016753602511639,-0.0007783990841314624
3,0.0049570054519693,-0.001617902069205597
3,0.0057092746005778,-0.000925638809417313
3,0.0025843151260148,-0.0004529751273610796
3,-0.0095435902956725,-0.0004163568019098429
3,0.0055092331533462,0.000840323139440068
3,-0.0024391181185751,0.0011956721829786323
3,-0.0108131991552178,-0.0008815873776634128
3,-0.0005253345767969,-0.0018586800183889628
3,-0.0178675721923708,-0.0015430727418447713
3,-0.0017668229189405,-0.0005429299874667071
3,0.013044114499031,-0.0019536166332758354
3,-0.0009525416844092,0.0019314470368868347
3,-0.0139153843990476,-0.0009023136472978254
3,0.0032161273023733,0.0008495787847905287
3,-0.0046130151124253,0.0009235341826525723
3,0.0052015946089952,-0.0020088943456830935
3,-0.0021416171624656,0.0016595091522659232
3,0.0098138821354448,-0.0016749998565985555
3,0.0283609866217502,-0.003175552633729863
3,0.0028849382505404,-8.84520506235875e-06
3,0.0044143531079036,-0.00019256206577931848
3,0.0034766384045237,0.0003186067043059373
3,0.0184577446370301,-0.0022038729824186143
3,0.0021022477278405,0.0004581230890836327
3,0.0124718212515427,-8.734424446068644e-05
3,0.0027614544723746,-0.002538112731972311
3,0.0040789255006414,0.0007017876718797113
3,0.0104892534760412,-0.0032162812309062864
3,0.009333575194169,-0.0035367365033495382
3,0.0042971561015691,-0.002145016077025426
3,-0.0030882025919188,-0.0023174435119449515
3,-0.0076651217576259,-0.0031420859750318493
3,0.0003895304531465,0.000521527176137661
3,-0.0004382324303168,-0.0017276720192174332
3,-0.013977328787905,-0.0014972248720904213
3,-0.0027199968310567,-0.0022972386561242075
3,-0.0015363989461527,-0.0026265823231438642
3,-0.0082673416865145,-0.0005860088721256146
3,0.0323767025645984,-0.0005690711619212082
3,0.0166610459129033,-0.0011806325790315983
3,0.007448046167803,-0.0010400394217742154
3,0.0121669641842844,-0.0008284812830991798
3,-0.0230014562591619,-0.0013028178944268958
3,0.0049090567465233,-0.000509088203191594
3,-0.0096503615332486,0.00027210765480465223
3,-0.0093567374363924,-0.0021401311397424958
3,0.0045929203277113,-0.0030492662713076557
3,-0.0074558702273051,-0.0015632401562515525
3,0.0096721786052159,-0.0013558569119547174
3,-0.0007222686954864,-0.000239209880183942
3,-0.000337127779101,-0.0003702863652687426
3,-0.0031366076127727,0.005724711029603705
3,0.0001933812736605,0.003922658749189982
3,0.0019309362145702,0.005098536748574155
3,-0.0147697631076566,0.0010437666530177978
3,0.0023466673554818,-0.0010941349359440981
3,0.0130981444041458,-0.001694213614010618
3,-0.0084214166110123,0.0008709607213129118
3,-0.0066318254472219,-0.0011427687455341474
3,0.025743341907294,-0.00237066090395936
3,0.0185657516509618,-0.00019338780488599785
3,0.0226758007532145,0.0008685343925317946
3,0.0046562279101144,0.0011395326885202607
3,-0.0041530261498156,-0.001477822104587482
3,-0.0020600844208934,-0.0025856520401187836
3,-0.000917059824671,0.0001836959975981367
3,0.0021993620346617,-0.0018283854922134485
3,0.0075234142894751,-0.0014981052782312284
3,0.0061137285061921,-0.0009027633823750414
3,0.0132309826451197,-0.0001304152665766744
3,0.0145084382662435,-0.0012902385591743084
3,-0.0018901787305937,-0.000813687898182243
3,-0.0001759377772862,-0.0011139544701999542
3,0.0152841386252827,-0.0015396196347542894
3,0.0101326953006077,0.0003782768848540356
3,0.0058600321552295,-0.00017258377770621542
3,0.0140602656454539,-0.0012235301261268035
3,0.0092094625973292,-0.0006314021172002227
3,-0.0056411748901984,-0.007272429868797354
3,-0.0012159853528422,-0.0007130941106251744
3,0.0104757068672733,-0.00032518549041682474
3,0.0152039503355132,-0.0015001876102248017
3,-0.0045082400731003,0.0012157525748329617
3,-0.0004930467451491,-0.001847015503056995
3,0.0067988694437819,-0.0020368758453073823
3,0.0078064244564183,-0.003141802258831331
3,-0.0180633806679081,-0.001015631846056876
3,0.0137204306619483,-0.00283023392176096
3,0.0070902594357356,0.00146996131601564
3,-0.0045172512076127,-0.0011640533465916113
3,-0.0069580851848046,-0.0014173020066187694
3,0.020167343308879,0.0002807964804534932
3,0.0005231251824271,-0.00011615380393593683
3,-0.0073085842440866,0.005283483949777406
3,-0.0058936569165658,0.00044999353422386316
3,-0.023385877864804,-0.00196949736686786
3,0.0032080760931381,-0.0017934911467443067
3,0.0090685221813422,-0.0014898125400418078
3,0.004606317553117,0.0006428941859443779
3,-0.0029587763829747,0.000730687605686983
3,-0.0039173276262512,-0.0009249824155561836
3,-0.0021506807821079,9.03574818570548e-05
3,0.0068907305050235,-0.00029764042898101873
3,-0.0211102399943813,3.0867566276824004e-06
3,-0.0034919116210699,-0.0006920587592276735
3,0.0013477567187735,-0.00016950927016606962
3,-0.0094298790284767,0.00023162948713753443
3,0.0002124041544068,-0.001080582760921143
3,-0.0006373478577278,-0.0026148541135828495
3,0.0196134106275549,-0.00040565747739674043
3,-0.002879878429741,-0.0004894896040119985
3,0.0050448603627691,0.0014064014725436512
3,0.0084483315344764,0.0007335893260525948
3,0.0080094170809589,0.0020577224860361836
3,-0.0013100186021039,-0.0040849622760761786
3,-0.004433883052519,0.003056161199432816
3,-0.0085536060513361,-0.00038941965575644633
3,-0.0106804906287782,-0.0011260520028043212
3,0.0120491031495378,-0.0005595101270032495
3,4.141483031145479e-05,-0.0034270170611730576
3,-0.011880821950356,-0.0005127331015460689
3,-0.0020990064960958,-0.0006381750819239506
3,0.0089529285069356,-0.0020241874192240424
3,-0.0059737043975342,-0.0014079929067904282
3,-0.0174556808257733,-0.001954583471977633
3,-0.0015361035149203,-0.001853741089180128
3,-0.0150151861306926,-0.0033182528189343347
3,-0.0198321846131068,6.561628847669664e-05
3,-0.0002652326432837,0.0006779431574995259
3,0.0199239865232812,-0.0024010225662406005
3,-0.0137511985642467,0.0006228891828281378
3,-0.0095398278641655,-0.0012162679921901348
3,0.0108137397950906,0.00035486597107575583
3,-0.0019334552018081,0.0016631723516469625
3,0.010936265414236,-0.0005777156222093595
3,-0.0116402987602765,-0.0007953478561760208
3,-0.013248163805077,0.0013185002214690044
3,0.0060034237120516,-0.0008774278857533605
3,-0.0041318084832954,-0.0015033842336204038
3,-0.0094380769521814,-0.002858267304113743
3,-0.0053624029742467,-0.000497917957316471
3,0.0004968553727828,-0.0032392817186923492
3,0.0126995581937006,-0.00128057991619747
3,0.0270976796709153,0.0001408343407053674
3,0.0016478872527391,-0.0017623825435622085
3,-0.0178798948451888,-0.002529048144345642
3,0.0097008872301512,-0.001779893576726717
3,0.0047066593027213,-0.000602777464460772
3,-0.0029608208238778,0.0006365285529286945
3,0.010454431379666,-0.0016405873167737125
3,0.0112002037514428,-0.0006551377086614649
3,-0.0121768739446314,-0.0013068240766042996
3,0.0048107263550621,-0.0010075375674580551
3,-0.0021207971192487,6.963759956842052e-05
3,-0.0239855681843618,-0.0011279806253687097
3,-0.0081098286096753,-0.0018814854552428556
3,-0.0027777859569165,-0.007287452177829638
3,0.0015691164646571,-0.0005792411307806856
3,0.0218434824488058,0.0007529862337346338
3,0.0199599366398017,-0.001256734204525585
3,-0.0026240678970185,-0.0006986209711502453
3,0.0206333165499195,-0.00027756544806716325
3,0.0062672777232536,-0.0011604377777995178
3,-0.0006711579076088,0.0007976598851683662
3,0.0106010696769857,-0.003931292294659376
3,-0.0218672259518927,-0.003208311791321124
3,-0.0020389818255154,-0.0038625388946862435
3,-0.0041756567685774,0.0004070821514913928
3,-0.0251207921949728,-0.00021728890429455368
3,0.0126176629123645,-0.002958610465757761
3,0.0331258946260876,-0.000981036088507753
3,0.0079986722655332,0.0022801432166013286
3,0.0159714402486117,0.001256456913594326
3,0.0391609948980667,-0.0023930269923111256
3,0.0150050369423997,-0.0030220994011396014
3,-0.0177182144708403,-0.0049253262823730146
3,3.936527955081779e-05,-0.0045299697832948335
3,0.0350506366382964,-0.0030108034528838453
3,-0.0142048887131203,-0.0020719219353526356
3,0.0300457727261606,-0.001700415690606371
3,-0.0144732748796406,-0.002243677722841918
3,-0.0164597151323258,-0.0019167583066643846
3,-0.0082157399502998,-0.0029726042704084185
3,0.0030693136317071,-0.0024861691394293993
3,-0.0153240342712929,0.00044434514371150154
3,-0.0272742890351406,0.0008944484210952773
3,0.0118715821320603,-0.0001229097184365297
3,0.0122066621077924,-3.2690520862702294e-05
3,-0.0168177972011518,0.0015342890170151398
3,0.0071682196401066,0.001196207377332869
3,0.0198331326895873,-0.0014823104084301128
3,0.0141388262896409,0.00045549181024537517
3,0.0158038390993161,0.0008720193486780568
3,0.0096346106822712,-0.0009340571804867196
3,0.0029285200812819,0.00024830274024920264
3,-0.0045091260468231,-0.0008601061303579098
3,-0.037253668258434,0.00031077962804533683
3,0.002069589221846,-0.003268216672789747
3,-0.0075965670674153,-0.0023999292724355245
3,0.0020418304925701,0.0011600114196024408
3,0.010380163419616,-0.00391664097028677
3,-0.0023708076075386,0.0006861732206647634
3,0.0087559252842746,-0.0003214806844980668
3,0.0098648396428316,-0.0019866634876804716
3,-0.0077070115886649,-0.0007613439090613156
3,0.0040716885916643,0.0009112781957278411
3,0.0046659638399164,-0.0005427968775125688
3,-0.0066228712101975,-0.0015154268893343204
3,0.0077288990571458,-0.000767096829328044
4,0.0044359941516149,0.0016828469326465579
4,0.01746581521117,0.0036091417389240103
4,-0.0004183992062917,-0.0013388766719506745
4,0.0109023116580478,0.0006281484327847332
4,0.0262630512063147,-0.0011050021871166133
4,0.0123001153719835,-0.0047714266473321155
4,-0.0003982438251579,-0.0003656991738141889
4,-0.01166004543915,-0.0001485139656429318
4,-0.0214684699400101,-0.0016648772970266385
4,0.010037922721737,0.0031252782303055715
4,-0.0067081197000404,-0.00012252489218842443
4,0.0088257960524832,0.002489212146094899
4,-0.0722321572570124,-0.0007087542355493971
4,-0.0777867615988934,0.004243687825981786
4,0.0195899683695412,0.009056622418714435
4,0.0112680557077686,0.00037916219730479853
4,0.077474976919822,0.00533008253461336
4,-0.0313385930928298,-0.019805957925854076
4,0.0392444257415029,0.00539746551830227
4,-0.0062855729427808,-0.007226820961299651
4,-0.0067970115274927,0.001589119921138788
4,-0.0152139460943625,0.001807082035052837
4,0.010182653839917,0.005816944535472551
4,-0.0128866437338217,0.0013811670809394986
4,0.0284146527988137,0.00588387319058487
4,0.0222059044031661,-0.0032174968251973295
4,0.0154888274607717,-0.0020391506753451084
4,-0.0044654025282737,-0.0032638869419271
4,-0.0013559945666685,-0.0014949565720747755
4,0.0057395738585731,0.001129460262210934
4,0.0,0.00047683607657988806
4,0.0092370188045559,0.001158529620141318
4,0.0225079107531529,-0.0029376123548737003
4,0.0001980620675818,-0.005034771517579457
4,-0.0131925215824659,0.0008697780585501282
4,0.000561549610867,0.0018004331703153618
4,0.016227495902079,-0.0004306975557336779
4,-0.0015397661546804,-0.00267134356402123
4,0.0271681950385557,-5.041364130112084e-05
4,0.0113183427238828,-0.00693230592661007
4,0.0099499920354757,-0.003077903723360653
4,0.0069398622030383,-0.0029124574146505494
4,0.0002617849837399,-0.002186002612520581
4,-0.0100669936821732,-0.0038051060855106016
4,0.0030156855702859,-0.002221160773824297
4,-0.0176188512257695,-0.00010180994408794889
4,-0.0014183490396852,0.0006130328319629342
4,0.0001533251419072,0.0004084103125572329
4,0.0174149248361348,0.0003828901032144102
4,-0.006808183840663,-0.0014803538629091502
4,0.0033343523571236,0.0010590520094458807
4,-0.0014005892807495,-0.0006886448996410556
4,0.002496860715273,0.00030948140933364615
4,0.0060647353096562,0.0005084640885039564
4,-0.0077285768005151,-0.0011214184379809854
4,-0.0086284876784964,0.0007388153173761281
4,0.0143271431894883,-0.0007213718569925233
4,0.0037934436495564,-0.0038873810676495995
4,0.0069490415798518,0.0006981907149560982
4,-0.0016768250459485,-0.0005021648515710587
4,0.0003354735192367,0.0009366661052201909
4,-0.012340758831966,-0.001404745499999751
4,0.0202130256565127,-0.0009606812141709495
4,-0.0031116971595152,-0.0008308275466680356
4,0.016339697627308,0.0022498514141848554
4,0.0037887956788774,0.0011507980503850516
4,0.0118207845513746,-0.0010937452058398043
4,0.0106877311700357,-0.0014169758686320534
4,0.0099059248491319,-0.001260321250053252
4,0.0163757723021188,-0.0003513432452852726
4,-0.0056958528183616,-0.00335884422792601
4,0.0097051716690487,-0.004332236152016576
4,0.0017231481354767,-0.002317285251804134
4,0.0054600862334914,0.0006147999802292842
4,0.0184117442622544,-0.0025535654788587494
4,-0.0137084871434631,-0.004083006811040421
4,-0.0319818416157528,0.000337497060977125
4,0.0013428879908823,-0.0001636178097754004
4,0.0176079805274997,-0.0004419729526234039
4,-0.0046258722316753,-0.00011910461542245906
4,0.006393976754891,-0.0002925855364476343
4,-0.0074751847735074,-7.559953496750755e-05
4,-0.0025507327743072,0.0004932721265308175
4,0.0141738163050182,6.161105485138476e-05
4,0.004714693762369,-0.0006796639678516856
4,-0.001030624001156,0.0008356365218519335
4,0.0015797422926184,0.0014877902803709774
4,0.0181239011698064,0.0014093878135814195
4,-0.0007078817982073,-0.0002914929196228843
4,0.006955973239975,0.0003716647300155585
4,-0.0011392212386078,-0.00018745214240047732
4,-0.0041656670095603,0.0010264114848420438
4,0.008681466612989,0.002013745300811486
4,-0.011378516655294,0.0008363415509116672
4,-0.0234636453050866,0.0008846157519346562
4,0.016757515207078,0.0038825887412005052
4,-0.0098699149903115,-0.0010251741737093095
4,-6.853068715053638e-05,0.002258780606473715
4,-0.0152521315562925,-0.0007832059493739717
4,0.0063226224038827,-0.0003009626619417539
4,0.0027666027959794,-0.0019761860448429007
4,0.0112982156552287,0.0011985526233616749
4,-0.0079537219666723,-0.0009060989426421041
4,0.0124169956455372,-0.0003644429017797487
4,-0.0125547792134642,-0.0013933413867553493
4,0.0035737635642094,-0.0008163992643198956
4,-0.0029886087231133,0.0006323972330995015
4,0.0054210160332198,0.0020711015492709275
4,-0.0026381140072249,0.0009910672189981532
4,0.0162327151441806,-0.00048122487120175845
4,-0.004533528819771,-0.001499322521898714
4,0.0123679791829409,0.0015236112163801465
4,0.0023752254944483,0.0004038312855515079
4,0.0059632395308609,0.0002585338465085332
4,0.0011617923135919,0.00017204940506105378
4,-0.0057224622103935,0.00023851439422507782
4,-0.0006343708032623,0.0020452233252758524
4,0.0142877218056466,-0.0007672485810075399
4,-0.0315640437623926,-0.0014255797496031826
4,-0.0050060817658737,-9.163497492064871e-06
4,0.0167246850332743,-0.0006432908820968735
4,0.0089908234907801,-0.0008005822020771157
4,0.0165653514270759,-6.112152747485657e-05
4,0.0044083452212567,-0.0019093884367621813
4,0.006462928613847,-0.0020204673070419632
4,0.0009384413877837,-0.0021084051741006105
4,0.0082455701992666,-0.00102196031774194
4,0.0047362323942904,-0.0008656183126791877
4,0.0049362390490889,-0.0033465333880687786
4,-0.0074614552579243,-0.004031757904215829
4,0.0009596373516476,-0.002626531505136868
4,0.0021720723261954,0.0006185195682898384
4,9.565539931413668e-05,-0.00021001988002366243
4,0.0082921081201973,-0.00030381119822809406
4,-0.0011711950022417,-0.0021417010060997164
4,-0.0008240551220147,-0.0006655424242565577
4,-0.0150767220441745,-0.0012813302402856857
4,-0.0102224127880141,-0.0016069453680618334
4,0.0080314751388261,-0.00046162820199249256
4,0.0021044493705481,-0.00047689850000319934
4,-0.00483067591269,0.0003246704995671123
4,-0.0119666337111927,0.0013902569404655527
4,0.0049217133165573,-0.0012585325389548692
4,-0.0153032512252458,0.00015727155541578601
4,0.0232577063629912,0.0031846616012140964
4,-0.0193105686687606,-0.0014034197098974316
4,0.0118797099147889,-0.0007359372721783425
4,-0.0236677069745632,-0.001600351818751458
4,-0.0032879353715512,-0.0011618754268974542
4,0.0160023506644743,-0.0002412572033627879
4,-0.0175832868251099,0.000491646352118814
4,-0.0100811252947891,0.0018549914670097961
4,0.0014610794920788,0.0012115635653766675
4,0.0198331089227984,-0.0006262730702446036
4,0.0122729168067871,-0.0005193614019307789
4,0.0039704945125827,-0.0005203007261938577
4,0.0004911654912465,0.00031424198136622726
4,0.0127815797959695,-0.001204735726001902
4,0.0054144305162294,0.0021193493217946655
4,-0.0057052378698126,-0.0006408846249436944
4,-0.0003233185823422,0.002067689652314233
4,0.0078269707863476,0.0017361980372388533
4,0.0055672196493089,-0.0014082904714634143
4,0.0025172820526258,0.002118982068480972
4,0.0084932868734499,-0.0012960635765484063
4,-0.0040158794227066,-0.003146814921873645
4,0.0150624559727887,-0.0005001917335384542
4,-0.0347078893943382,-0.00048333278145278437
4,-0.019149580844394,0.0005598826611937875
4,-0.0107289517151267,-0.002096481830960509
4,-0.0032010896333239,0.0013081853333876954
4,0.0128095695090601,0.0020233699365089985
4,-0.0162555485170352,6.8184538370003305e-06
4,-0.0012074184257834,0.0027286834734126164
4,-6.698885365101652e-05,-0.001817157311246966
4,0.0166392110284391,-0.0015924592881215028
4,0.0151975909790972,-0.00020470703473261624
4,0.0175284695134605,-0.0006328287717551301
4,-0.0133762729151863,-0.0020230481147074995
4,-0.0033723893221988,0.001002184431682361
4,0.0137096563162081,-0.0018529585660209329
4,0.0126388938951086,-0.0014871467689872588
4,-0.0033589291726835,-0.0022637172491097057
4,0.0005393146611319,-0.0029382427178932945
4,-0.047757909627369,-0.0015366803834237362
4,0.0314457966705977,-0.0019652726319884725
4,0.0231728251736725,-0.0025803531889321625
4,0.0035854247516796,-0.00038039610721551107
4,0.004698341318721,5.017524785012938e-05
4,-0.0140664265054039,-0.0015096509405582146
4,-0.0018078805226114,-0.0004823580981213288
4,-0.0063060291311436,0.0005659726079464578
4,0.0133607486897002,-0.0022215624390037243
4,0.0183668931321353,-0.003294403353761489
4,0.0087517928624332,-0.0011699913674977913
4,0.0098917150884257,-0.0015584333857112244
4,-0.0038350969581531,-0.0013058972460258528
4,-0.0127676319444833,-0.001903137795010139
4,-0.0010198210773784,0.004383987662214921
4,-0.0037172409845226,0.0030179101589558302
4,0.0100664710859375,0.004728727236918641
4,0.0259597447017595,0.0010303373468552185
4,0.0062054522272335,-0.0010769339780941896
4,-0.0230360191556798,-0.001744154217616691
4,0.0085265120294525,-0.0003315989167050591
4,-0.001820999389316,-0.002055986751648096
4,-0.0143804424215333,-0.00137180073124967
4,-0.0427834277196515,-1.0853803674108937e-05
4,-0.0097936521542699,-0.0011409291788500992
4,0.0045047930226123,9.008339521941007e-05
4,0.0103260789463542,0.0002993898051025282
4,-0.0316341481995031,-0.00018203053878171034
4,-0.0023147430832682,0.002207798459333486
4,0.0052502563754537,0.0001430102568850582
4,-0.0196564337285107,0.0009737647441846241
4,0.0110897575394438,0.001290554202167448
4,-0.0024278602087018,0.000970687268554963
4,0.0015304477762258,0.0006440870055425016
4,0.0186110134055129,0.0012918423381060523
4,-0.0017311372082858,0.000690534784346916
4,0.0073287009470137,0.0004330602603765019
4,0.0215420383518825,0.0013136343792643313
4,0.0076567163670578,0.00016255312143053377
4,-0.0226647862130577,-0.0004803967908135142
4,0.0387047577461528,0.00022164900518920278
4,-0.0009309078897587,-0.006534958205947792
4,-0.0119306627503668,0.000683535201908276
4,-0.0237174412565144,0.0006036833906472982
4,-0.0266700368026403,-0.0014263419751233447
4,-0.0002975346496566,0.002306728058565391
4,0.015024592367478,0.00042174252314786933
4,0.0053579720929251,0.0016830130694203424
4,-0.0023669305096546,-0.0002545544392141925
4,0.0088553791140338,0.0006590289128263096
4,-0.0431318544848137,-0.0013400523319778905
4,-0.001243933138826,0.0028648067533462826
4,0.0199806148800801,-0.0011033840460162472
4,0.0092875850146489,-0.00010010434927510727
4,-0.0192279388614639,0.0023510426030833647
4,-0.009166031826472,0.0003110613931511714
4,0.0090328431329896,0.004940073352919804
4,-0.0029016117740744,0.0010981838170312235
4,-0.019699202340078,-0.0009543279207572795
4,-0.013961704544366,-0.0014066299493857163
4,0.0015189002047436,-0.0013869535320218574
4,-0.0041130921373136,0.00041830730229357725
4,-0.0041996269114399,0.0013173110197963762
4,-0.0162341394241243,0.00010713678376532464
4,0.0019421979071444,0.0012183743091164572
4,0.0095505844618228,0.0008267089332116458
4,0.0025478674235575,0.0010156474987649126
4,0.0029582446106548,0.001121755732449485
4,0.0007991592234594,0.0009850201966759282
4,-0.0049084256716148,0.0004290435024549813
4,0.0116225834918672,-0.0008254124321594946
4,0.0085522167795799,-0.0024452662157922354
4,0.0102754547641771,-0.00045419934652795495
4,-0.0128094780577909,-0.0008646169542254711
4,-0.0307073041214777,0.0007553559542281259
4,0.003282672939755,4.0535233098647986e-05
4,0.035959793999021,0.001965656387065768
4,0.0041388219767467,-0.0033153683126442225
4,-0.002644173543696,0.004122672611284579
4,0.0079858267855136,-0.0004785622498053692
4,0.0065784121699089,-0.0010430225827665197
4,0.0349242964788825,-0.00023388302443093714
4,0.0076338061449059,-0.003807988645390292
4,-0.0014833255164648,-0.002001396468849224
4,0.0122204858221529,-0.002264338108922436
4,-0.0081946807514054,-0.0037747813028188386
4,-0.0168223507037142,-0.0032196570698639865
4,0.0130547163926948,-0.0038357258504634778
4,0.0010963345559705,-0.0021272559988331713
4,0.0213628835462731,-0.0028235251625071674
4,-0.0126670401477303,-0.0006644954444769849
4,6.385450264070844e-05,6.154505791515844e-05
4,-0.0042578849925245,-0.0031782752736363514
4,-0.0110006662144108,-0.00043818594923758546
4,0.0108080762077417,-0.0017336113860216946
4,-0.0005776973848079,0.0006844918846264966
4,-0.0070888695412205,0.0019353985659274538
4,0.0127877574832263,-0.0012470776163945492
4,-0.0024292809532104,-0.0010919351668590234
4,-0.0155457473846069,0.0016872457439872056
4,0.0056721821983081,-0.0008787543377188781
4,0.0176202151074733,-0.002025703168318965
4,-0.0277881006512948,-0.002271574929362925
4,-0.0137089011999195,-0.0013625662370910425
4,-0.0069756958282541,-0.005013740020390881
4,0.0161358129317972,-0.0024932747063539326
4,-0.0153027511601392,0.0001845068916492929
4,-0.0011330154113965,-0.0019736894127111238
4,-0.0070268130075446,-0.002993020732853125
4,0.0097572092912067,-0.0005707230465594286
4,-0.016867440023781,0.0007557744813254776
4,0.0210154481793358,0.0006325595966893858
4,0.0033719680731615,-0.001839841518001946
4,0.0110933424504385,-0.0005893382643157911
4,0.0011742640263176,-0.0019400809202693658
4,-0.0246208944783872,-0.0013917655695232243
4,-0.0085568872509487,-0.0006652017435271056
4,0.0086571605649495,-0.0025040725644322488
4,-0.0091628855811946,-0.0014738239291648366
4,0.014660351758215,-0.00631469762087826
4,-0.0003654299259515,-0.0007515974990926146
4,0.0328273194121301,0.000369555722106544
4,0.0047492162238554,-0.000782368846881118
4,-0.0040418827851325,-0.0006946458097464871
4,0.0050977700130675,-0.00035670052120434005
4,-0.0114500233948189,-0.001161146702363042
4,0.0139731593418838,0.0009026206026632056
4,0.0228010883052491,-0.0032345372869696594
4,-0.0041242535490578,-0.002310591243104623
4,0.0360970038033145,-0.003744432806557499
4,0.0069815955633435,-0.0007586103628950077
4,-0.0250210045635083,-0.0024135484834005337
4,0.0190656239244283,-0.005500596942217488
4,0.0079925927086734,-0.0033185151322106415
4,-0.0020670898451318,0.0005222634222531741
4,0.0049956425584552,-9.363646844806834e-05
4,-0.018278986678531,-0.0029807946176293814
4,0.0010328228489229,-0.002204564059557878
4,-0.0062736833487123,-0.0034450568166923897
4,0.0203818229092161,-0.0015619934205662544
4,0.0011965992262364,-0.0005697200426931727
4,0.0141647539177378,-0.0006718185213709766
4,0.0044317146264105,-0.001220458801704522
4,-0.0256792031860402,-0.0007252043698514725
4,0.0145628724182689,-0.0006177379697011034
4,0.0029764584178405,-0.0028974956387950784
4,-0.0057824376959504,-0.0011449983366998374
4,0.0246831807464802,0.0006701546242441723
4,0.0116556521249627,0.00024565951049232665
4,-0.0108977392998977,0.00014288449794428544
4,-0.0059919442496905,-0.0008105948003209365
4,-0.0065591687204113,-0.0004808056760286909
4,0.0185943547999198,0.0006327016729769077
4,0.0085948281113421,-0.0005012539454123273
4,0.0048416604209664,0.0010865110792001934
4,0.0094153747775649,0.0006511200728500737
4,0.0084296484181141,-0.0012584616159691951
4,0.0031113403646732,0.0005848332577974475
4,-0.0359002864431332,-0.00014617227863410014
4,0.017655340047404,0.0007716246145567634
4,0.0026756318530101,-0.002979739604495052
4,0.0024133171161717,-0.0011577931458642975
4,0.0137435258320797,0.0009704889335868318
4,0.0047993877226967,-0.0047834403472939695
4,-0.0082176232673764,0.00011562329307410429
4,0.0034182355446795,-0.0012072769913064974
4,0.0063292777655601,-0.002596241857216607
4,0.006234174899631,-0.0007250593902053998
4,0.0086356360910066,0.0011020739714591716
4,-0.0056845843302511,-0.0005530302854427434
4,-0.0007438226680347,-0.002294272446256678
4,-0.0051948304569667,-0.001661084805831155
5,-0.0379743552021393,0.006221436446657588
5,0.0029150523257087,0.008745601000994294
5,0.0033158833582959,0.0037116082357131906
5,0.0173403786562074,0.0059982470415785236
5,0.0372027555176089,0.003790891512479203
5,0.0119827661225214,-0.0014193033651207884
5,-0.0247813820329504,0.001141617002807752
5,-0.0138437438603276,0.0008639473744008297
5,-0.0438289232975183,-0.0005341439897702293
5,-0.0006591014205893,0.005409996515402096
5,0.0165872503150481,0.002238644448719809
5,-0.0035386290554124,0.004586007302639247
5,-0.0938522485780959,0.0014351112901745395
5,-0.0519050348022836,0.012688912812917862
5,0.0225674240478,0.01372828566925974
5,-0.0112984772763873,0.0064411410885877995
5,0.137634518790802,0.011166316269308819
5,-0.0697773069851954,-0.023516928014113633
5,-0.0049913934208382,0.008470187548580048
5,-0.0224930294398716,-0.00494820826680601
5,-0.0189179058009267,0.004326585873817528
5,-0.0375302194492411,0.0070260840148934495
5,-0.0016536479926207,0.011304327360278537
5,-0.0341161763362949,0.006214988000674715
5,0.0317203995723972,0.011996512538944076
5,0.03917996439287,0.0019349327546348074
5,0.0244548931511273,0.002243212115905201
5,0.0261395446868815,-0.0005834220876359748
5,0.0045031031032453,-0.001533335461844156
5,0.0085130731437808,-0.0004398393224611286
5,-0.0098600999252793,-0.0025137087054459646
5,0.0414076929573481,-0.0017966050729441916
5,0.042444516535972,-0.006948946670798092
5,0.003761800935954,-0.010262612617714151
5,-0.0201596179612102,-0.005641311056145876
5,0.0160460144289124,-0.005143589635975984
5,0.002008869964894,-0.007101284038423462
5,-0.0092736969823756,-0.00825412828504447
5,0.0762431401423656,-0.005293705255105138
5,0.0256293764278952,-0.013709283030196279
5,0.0050632571013767,-0.010768961310887967
5,-0.0237574609545487,-0.012135668376913916
5,-0.0055129075313873,-0.010616512914086303
5,0.0001404011222136,-0.010346261622038389
5,-0.0052132133737685,-0.006766505021973235
5,-0.0025145303736181,-0.002995107262366396
5,0.0016822585993555,-0.002473754257801605
5,-0.0150522519313608,-0.0024577157711651223
5,0.0240446716694102,-0.0012642721596491306
5,0.0019595870544555,-0.0034012399824132973
5,0.0022814530546285,-0.0001590860274479195
5,0.0037756746725589,-0.0020402925221085087
5,0.0355166230617677,-0.0015236480203295057
5,-0.006055010769005,-0.0023979736863801995
5,0.0311511526567386,-0.004063521285885446
5,-0.0048522362664807,-0.0037865162554065125
5,0.0189396780724279,-0.0048641698045344545
5,-0.0052451800485203,-0.009011662684584656
5,0.0119446168592973,-0.004623949647605258
5,-0.0118294837724348,-0.005660314540770275
5,-0.0011243296801392,-0.003112855157935191
5,-0.0152448403298197,-0.004593719862601878
5,0.0285689791814762,-0.0024554180107671376
5,-0.0069889827859432,-0.0035405714765171675
5,-0.0020961349559833,8.085772787830379e-06
5,-0.0194765866034725,-0.0008511542384073572
5,0.023435604995093,-0.0019454957868681017
5,0.0193806792153485,-0.001827053589751537
5,-0.004954690142597,-0.0011847329330011468
5,0.0242698537591179,-0.0006315467214466895
5,0.0103308651285815,-0.004420968733619456
5,0.0060609128187927,-0.005176597535422163
5,-0.025898553438981,-0.0033654874858833907
5,-0.0078867144933968,-0.0007184204732009827
5,0.007594662933952,-0.002838301073706219
5,-0.0009182979449633,-0.0027706529285801387
5,0.0032243489234863,0.0019555972135108447
5,0.0166643439513603,0.0014331170635094007
5,-0.007589015311353,0.000396836401208232
5,-0.0134696413346907,-0.0008297083309327933
5,0.00474120300932,-0.0011587038255131065
5,-0.014714032328557,0.00048476042623407374
5,-0.01058537281476,0.0020524474999845175
5,-0.0021362315155287,0.0014602315589432708
5,0.0040835396800907,0.0007097115235671831
5,0.0122632586406199,0.002376880909386484
5,-0.0115111155039999,0.00329368386474334
5,0.0123663484447042,0.0026276522192079993
5,0.0017082747340066,-7.127719036951856e-05
5,-0.0029704167434573,0.0007655675185132011
5,0.0069217659075224,0.0003350598647419928
5,-0.0248738438009281,0.0015376496242649092
5,-0.0068664388022229,0.0021886193701650737
5,0.1066342457179854,0.0003964308366907628
5,-0.0307616107277592,-0.006691569345049593
5,0.0345427581476191,0.0029484366409597185
5,-0.0167685407752729,-0.007329090737574659
5,0.0111108542280993,-0.004252530408134461
5,-0.0132481787746025,-0.00580859770073492
5,0.0097576994471813,-0.004244229584275403
5,-0.0044686183781996,-0.005286232512070098
5,0.0310204503086456,-0.0020446818378678853
5,-0.0126364214128312,-0.004881065061928702
5,0.0026244040722328,-0.0033531708286795967
5,0.0039557361608501,-0.0047663270686290685
5,-0.0230074796997891,-0.003632344346897846
5,-0.0209245970732113,-0.0010473950779270322
5,-0.0050160870202165,0.001226841992251516
5,-0.0115952893062251,0.0015369165655917966
5,0.0210063253807451,0.002047373098011002
5,-0.001976073371994,0.00034713343173137104
5,0.0010615053222114,0.003493724138630492
5,-0.0089512064921709,0.0017060407484569134
5,0.0049783842306012,0.0009537363688605725
5,-0.0166602770591712,0.0011710604823442542
5,-0.0048717217701691,0.0020684359903077945
5,0.0026355728466377,0.004021707409852422
5,0.0156159222431523,0.0016684990381495137
5,0.0050628930763407,0.00046372840509592
5,-0.0001993980108998,0.001560937965568443
5,0.0176552824685479,0.0005569112783051101
5,-0.0180807652251532,-0.0017859410716094854
5,-0.0014370770824868,-0.0014358880014912843
5,0.0062262886082925,-0.0025860936201322197
5,0.0119847535766617,-0.0014381485894892935
5,0.0185273933845344,-0.0007703387716652384
5,-0.0042193584948592,-0.0003542072703016869
5,0.0058226939514453,-0.0011953941686136077
5,-0.0023995515325144,-0.004601567948980799
5,-0.0164551915022541,-0.0050907440560879254
5,-0.0128374511962617,-0.0033305419482995134
5,0.0069389462206132,0.0004500120494418785
5,-0.0155675652638172,0.0004778446377894169
5,-0.0069138065899174,0.0008872844392267211
5,-0.0004706977948913,-0.0008865784399506298
5,-0.0122076445025691,0.0011852498778710187
5,-0.0234767162960099,0.0012183447230433779
5,0.0134452548913019,0.0008840296533982697
5,-0.0229418763226866,0.0022567209573638642
5,0.0071518093763901,0.002843941407611023
5,-0.0036114216839221,0.0023718670722586944
5,0.0066529843439671,0.004844765671248072
5,0.0215945817367938,0.003046102597760672
5,-0.0392180581124428,0.0024354053141862567
5,0.0146378778253388,0.0057722057953959426
5,-0.0098992710418796,-7.67301545083806e-05
5,0.0124807382655138,0.002943991912552507
5,-0.0076663425178607,0.0014748413560360567
5,0.0067880568312348,0.0011974755991291748
5,0.0210483567100884,0.0014218511262212813
5,0.001501383501215,0.0006216954175193368
5,0.0001908233674974,0.001450068241589385
5,0.0008042313265752,0.0007343727024482941
5,0.0059223365238222,-0.0018407993025314874
5,0.0167344737193235,-0.002413373319578067
5,0.0008254443428316,-0.0022389909652212243
5,0.0003059848500666,-0.001695939006788277
5,-0.1203023023120743,-0.00403100020592829
5,-0.0275643191159759,-0.007312545652328332
5,-0.0165471894088096,-0.0009696083038839682
5,-0.016426636673215,0.008592349927042189
5,0.0136630764007618,0.011277947646787082
5,-0.0271116365801384,0.0067337200547676005
5,0.0044654820333599,0.011049601676241158
5,0.0160358716866816,0.007440870818913857
5,-0.0074354595655341,0.005347642308278331
5,-0.0292394315092444,0.007762368113487603
5,0.0014439070250708,0.007368669065380711
5,-0.0007052633113691,0.008079121626905095
5,-0.0122993468456733,0.005892664239799008
5,-0.0072018719570092,0.008055994967202228
5,-0.0124074757157693,0.00703035714911673
5,-0.0019838931549523,0.004663867975374943
5,0.0086191909296705,0.007512641371671441
5,0.0311464040206615,0.0031195937437536567
5,0.037097924703488,0.0011770956092887475
5,-0.0041107270139063,-0.00046968320435605685
5,0.0223798813705999,-0.0019426631169467998
5,-0.0109869456016274,-0.004859239958314476
5,0.0096741904284161,-0.0012462579451366315
5,-0.0116578055262444,-0.003973997514184547
5,0.0337124036713243,-0.003766417960056954
5,0.0178139448742969,-0.005069012649764138
5,-0.0098792003407145,-0.007105509854230379
5,-0.014866967175575,-0.005951831000147855
5,-0.0104507513187928,-0.005804267074960928
5,0.0039606942410814,-0.004722315131242742
5,-0.0130773445662568,-0.0038632357630164747
5,0.005893781813695,-0.0024028859645655485
5,0.0147780464811195,-0.0015966244341507167
5,-0.0117094893333476,-0.0009142489139650734
5,0.0227568092928245,0.00026849135849612877
5,-0.0085850631861841,-0.004188723452285893
5,0.0041353874512319,-0.005121199691080625
5,0.0051868057861613,-0.00307047542963495
5,0.0039175347318678,-0.002659748533804849
5,-0.0064020286625407,-0.0012832609377541097
5,-0.0069592050867548,-0.0018875714850717699
5,0.0109615405644869,0.004123049009417764
5,-0.0088383377175959,0.0034616234590342356
5,-0.0147732665669582,0.004775505058878549
5,0.0128017578666871,0.0002402716417223504
5,0.0027740866670097,-0.0011102120371453937
5,-0.0182238217898139,-0.0004069009316279774
5,-0.004062539630715,0.0006782938435806849
5,0.0107764877396933,-0.0011202905682161342
5,-0.0171274359949613,-0.0005994047902003505
5,-0.0170929756287229,0.00041062389122775104
5,-0.0249810580416547,0.00028739726107318347
5,0.0085414911749371,0.002447418992203451
5,-0.0008863402422519,0.002177875080670001
5,-0.026349836865301,0.0019087493102170655
5,0.0145269620056087,0.004893540094635104
5,0.0550197941535967,0.002147148851216537
5,0.0170397642257995,0.0008682709375060671
5,0.0204346084254054,-0.0011434461910083769
5,0.0009066973456223,-0.003424635147031984
5,-0.0063202901812322,-0.004952914787249902
5,0.0989834490219448,-0.004113095529945826
5,-0.0299855874626448,-0.008632257233924703
5,-0.0141824364398654,-0.007436606534936959
5,-0.0210434013742022,-0.007248293929624058
5,-0.0333832021506169,-0.006083755461412481
5,0.0018219696206452,-0.0024363679562232616
5,-0.0131415933093137,-0.000395969111338343
5,0.0235465963346363,-0.005044454248148077
5,-0.0096443719514721,0.0012349832234790814
5,-0.0030311769846652,0.0023564407551181226
5,-0.0286405966000573,0.000515122138848135
5,-0.0155711830256699,0.003994930548955783
5,-0.0007507305287529,0.002878835404865583
5,0.0061286476664347,0.004261852283120111
5,0.0024224176300295,0.0027857478818600644
5,0.0167331710278093,0.0034520195523709218
5,-0.0284803274629933,0.0005393897379760784
5,0.003211788954991,0.005312554608147932
5,0.0222594657027114,0.0016119255750605844
5,0.0050659868738714,0.0010563515190823826
5,-0.0135307812197847,0.0025065006400502407
5,0.0082659457572234,0.0007502368894550886
5,0.0023229548422623,0.005410306851903043
5,0.0191264975376674,0.0014525258667381006
5,-0.0107806895561458,-0.0014644426891266813
5,-0.0240699804492237,-0.001899296018815245
5,0.0039158375698802,-0.0018930256055398951
5,0.0102653812912201,-0.00021539901893075607
5,0.0012069878846512,0.0013866120886344194
5,-0.0258010626170614,0.00038547092692292183
5,-0.0390978720363757,0.000678045825977663
5,0.0229973793262718,0.0002644602179356257
5,-0.0076633764454946,0.0013262747493166342
5,-0.0112732425022186,0.0030768273633974557
5,-0.0146928950776747,0.003097442214759421
5,-0.0217277497987765,0.002598691914738921
5,0.0173668086174188,0.0025693621099204702
5,-0.0186140515486801,0.0015059725667674873
5,0.0033170148564327,0.003977960283304636
5,-0.0829411221011908,0.0029868242597001766
5,-0.0406667485109625,0.005787604674450881
5,0.0200742158642359,0.006686946269415536
5,0.0645233537289365,0.010371477726724919
5,0.0123333930056391,0.002369256739050443
5,-0.0082690872170938,0.00676401125440863
5,-0.0025098993663904,0.000838330158506778
5,0.003536318115432,-0.0002697079185508978
5,0.0629613536964445,0.0008993627164241773
5,0.0257427631496462,-0.004137204069015068
5,0.0023364626035657,-0.004086000223622236
5,0.007387173331832,-0.005884480437200053
5,0.043120747004756,-0.008163484636194082
5,0.0136277435858422,-0.008624892776834222
5,0.0078460110441914,-0.010316209949910164
5,0.0171086927466033,-0.01073278216624744
5,-0.0259528976248243,-0.012863770803251925
5,-0.003090062052136,-0.008393458268111852
5,0.0087528468728424,-0.006705714283125592
5,-0.0233465998322475,-0.008283015952228443
5,0.0238060043493495,-0.0041465726134677534
5,0.0053041215729692,-0.00682712091888547
5,-0.0107855998663387,-0.003401137850482156
5,-0.0033122855942094,-0.0017784554076535164
5,-0.089378278061191,-0.004502650953472865
5,-0.0051774674537352,-0.0016742767917123954
5,0.0027232052559373,0.0028036445251402166
5,-0.008968545456936,0.004077295651289898
5,0.0130068285668285,0.003969790097358089
5,0.0063918002545106,0.0002759200686369696
5,-0.0117087683794972,0.003528209328852673
5,-0.0178243405678506,0.0010577612575258873
5,0.0068893980799756,0.0024288291532255733
5,0.0223519498715862,0.004109491148875381
5,0.0029147750519298,0.0016604460853165627
5,-0.0068144712792195,5.365996043957158e-05
5,-0.0049288634084825,0.0010714732248376818
5,-0.0141703849659383,0.0016686236580685696
5,0.0040574045175586,0.0024671818381662956
5,0.0038269238422706,0.00018947579796991447
5,0.0047305660968302,0.0009821604617281906
5,0.0034025561975712,-0.0006414706094879539
5,0.0367467068761534,-0.0002290515493892371
5,4.715842575644896e-05,-1.1306722781480923e-05
5,-0.0043855123208305,-0.0016406123622576332
5,-0.0519834782095654,-0.0030548297629119287
5,-0.004740765526197,-0.009077508048183712
5,0.041542621977998,-0.0014617070697472232
5,0.0073407367913909,0.0010317612594982818
5,-0.0566606989275318,-0.0010833544903987586
5,-0.0129161521666966,-0.0026150975891840516
5,-0.0013675724265206,-0.0003773611859815137
5,-0.0235565546077763,0.0020179739243390716
5,-0.0044760512805877,0.004882410607333305
5,-0.0025542434935139,0.0001267733354283502
5,0.0466059363503777,0.0016920004967442
5,0.011276143820153,-4.6637466242652756e-05
5,-0.0558978483347606,0.00312939663038081
5,0.0168416388341681,0.0012678414614623011
5,-0.0234351828674258,-0.002186340120902157
5,-0.002930569712035,0.0022988469766569834
5,-0.0080902698730543,0.004792052219125402
5,-0.0268975113465034,0.004003135030269445
5,0.0135028878085197,0.0025873557128070226
5,0.0221960841043015,0.002310643260632875
5,0.0012256923369592,0.0006855655125301807
5,0.0844235197915692,0.0005000492618552194
5,-0.0502023480775174,-0.002662335564574088
5,0.0293971152903326,-0.002354568880701765
5,0.0251521603411251,-0.004565103172896157
5,-0.0204487644875688,-0.0035417093321828577
5,0.045950007541939,-0.0027855674022619708
5,0.0580317499310645,-0.0071744359432242485
5,-0.0188250218627294,-0.008893687365562798
5,0.0065413447173372,-0.00808661849095403
5,0.0302031734289462,-0.009540005514457372
5,-0.024922433270471,-0.009462139831273572
5,-0.0282799845824761,-0.007646928532664837
5,-0.0002477641660961,-0.005812837417910286
5,-0.0031636268615806,-0.003641293254060695
5,-0.0261860375799226,-0.0028212562409291324
5,-0.0341726828360662,-0.0004113354370110633
5,-0.0181642581920688,0.0017357657720406387
5,-0.0022202600731345,0.0024662424634274444
5,-0.0007749116701945,0.005916384571223477
5,-0.0132314773225969,0.005971913213275313
5,-0.082882709734206,0.00643774033393452
5,0.03227315115572,0.00344727346027556
5,0.0584847431624596,0.004084462329262135
5,-0.0039042817929164,0.0068031405410017825
5,0.0014107134944431,0.00038996824167617785
5,0.0019174863056101,0.001540517713700374
5,0.0037223662258771,0.0004671058063794675
5,0.0047514603384646,-0.0007066943137483764
5,0.0070349145066037,-8.22952935349171e-06
5,-0.0344185588860266,0.0013418723503891895
5,0.0274676288836123,0.0004418088116212569
5,-0.0086427245257188,-0.001677677415356967
5,-0.0360405445267914,0.0004224508285619516
6,-0.0134161643804627,0.0008169808952640024
6,0.0111496618397929,0.0030603593670998136
6,-0.0025301402140346,-0.0010686646088340845
6,0.0113611242846702,0.0012201936386515718
6,0.004640790565949,-0.0003174877153689047
6,0.0052775445145648,-0.003636674552155767
6,-0.0132208812206351,0.0008299757926320006
6,0.0015627987224593,0.0014921531314869758
6,-0.0306241945118201,1.6341971837919612e-05
6,-0.0090428435052241,0.0037542191031525833
6,0.0179522979430239,-0.00020936653674773036
6,-0.000130882840493,0.0023294107139151974
6,-0.0239138514668383,-6.560948243743928e-05
6,-0.0362137085552935,0.009538354417961208
6,-0.0055176541335291,0.008545042253515312
6,-0.0092642015968787,-0.00028748204435786757
6,0.0965247358882464,0.00399616668554908
6,-0.0236847361443044,-0.02558447849814612
6,0.0184469243308605,0.005940542887132336
6,-0.0016489968814464,-0.007021770885281251
6,-0.0053778369053765,0.0009391909819938583
6,-0.0372929170492796,0.001764227730299941
6,-0.0103598798722991,0.005849293542812207
6,-0.0238282271618795,0.00117879606334959
6,0.021214582155607,0.006616295833562283
6,0.0204268025730443,-0.0018617754878080153
6,0.0339015956595151,-0.0003396152992723525
6,0.0116794892387527,-0.0018425253608719706
6,-0.0017624632479759,-0.0008716723412002779
6,0.007335755266118,0.0009248654495979457
6,0.0030913405774985,-0.0006335737368113187
6,0.0734861880581179,0.0001342973436215106
6,0.022959568343635,-0.005922329272908068
6,0.0020426343995849,-0.008902857849259236
6,-0.0065787323328595,-0.0048199880734896925
6,9.23431826733342e-05,-0.0039875215293495355
6,0.0110612344222736,-0.004778456949309163
6,0.0012772150634981,-0.007036222278305162
6,0.0237175608062015,-0.0037704065205033392
6,-0.0002670360325832,-0.010576918719476833
6,0.0084249798856955,-0.00603826386694121
6,0.0022535332818698,-0.005557800205802916
6,0.0025126157651852,-0.004053795419269186
6,0.0100752530895137,-0.005486549545587582
6,-0.0015266459700304,-0.004004047626680727
6,-0.0122977359641653,-0.0015586990001624653
6,0.005047081362002,-0.0012466805743846367
6,-0.0103421662971371,-0.0013516991665211407
6,0.02307795352983,-0.0005129809908360828
6,-0.0072545813020093,-0.002698760557299549
6,0.0028819468223061,0.0004098376751377514
6,0.0036559669095882,-0.0010839833065905019
6,0.0034911565071824,-0.00012440270726585755
6,0.0021622863436653,0.00031782925221062754
6,0.0019421147296458,-0.0013167096852569203
6,0.0081799581637493,0.0007450978860912755
6,0.0057566043548533,-0.0002756224118017473
6,0.0050258291697307,-0.003998890136977736
6,-0.0038785135287376,6.899115420384372e-05
6,0.0036034982717426,-0.0012292583847576095
6,0.0131374564707888,0.0007346512579398741
6,-0.0081985869824612,-0.0016106523479203928
6,0.0087622709464042,-0.0008265637092748498
6,-0.0022984849739303,-0.002073305758245224
6,0.0045915706781442,0.0012856973610306732
6,-0.0059311875829497,0.0005249457448814381
6,0.0178538845451156,-0.001305291741382711
6,0.0084211551750102,-0.0018430278412423042
6,0.0043975492392697,-0.0011062599761819541
6,0.0104677162970971,-0.00034414160611154427
6,-0.0030401374487087,-0.0033276312000755513
6,0.0029597173210317,-0.003923363297316792
6,-0.0108342804762414,-0.0017076699279136502
6,-0.0019529040433614,0.0013728868185233127
6,0.01565791637784,-0.0014380633779610295
6,-0.0022476759262927,-0.0023275588455744602
6,-0.0022125249590934,0.0019129730147919165
6,0.0137783906942703,0.00131386772472651
6,-0.0040397283104229,0.0005668690074520459
6,0.003662366003545,-0.0005477864597947125
6,-0.0005963316836734,-0.001139790588914581
6,0.0055511081005763,0.00018860074393270822
6,-0.0003955091903233,0.001070040846500339
6,0.0119530974323032,0.00035891880658494484
6,-0.0032298177537743,-0.0009456229614124359
6,1.963759928398508e-05,3.6611658407931236e-05
6,-0.009435465485853,0.0012006100908435165
6,0.0011868188740958,0.0013569942374551055
6,0.00985496451972,-0.000735597361669762
6,0.005524251235589,0.00041633715865960013
6,-0.0023582421941399,0.00027236129920635765
6,0.0001366176572989,0.0011058299434970156
6,0.0013062452527276,0.0020046060373502864
6,0.038715592291464,0.0008041200035069978
6,-0.0177574994822233,-0.0003049831754653306
6,0.0217606572617261,0.003621449222530365
6,-0.0148396742406765,-0.003053572776951186
6,-0.0053386704621058,0.00019764375034870044
6,-0.0078410925633731,-0.0018336139881407953
6,0.0023011607268937,-0.00047811261270594646
6,-0.0005170545438838,-0.001414754734834925
6,0.014214961551461,0.001312811329334334
6,-0.01649825063914,-0.000970755551900163
6,0.0036429073196591,0.0005825574916903018
6,-0.0044310746641915,-0.0008448203416017101
6,-0.0059193388067595,0.0001457931069109256
6,-0.014276553756039,0.0016563404952367172
6,-0.0079764639227862,0.0027362722813639834
6,-0.0012882759357774,0.0015574849647184378
6,0.0059122785052118,0.000881193236195476
6,-0.0058726163656172,-0.0002612401024712301
6,-0.0044122519078136,0.002509826370407801
6,0.0093183272295871,0.0008380200152134174
6,0.0057064986021777,0.0006575860165751432
6,-0.0058051715902297,0.0009699239269062424
6,-0.0031034167604164,0.0009551652012729146
6,0.0004552862797655,0.002506718994321152
6,0.005171158814636,8.89892871967096e-05
6,-0.0258646445267235,-0.0007806806738425679
6,0.006443845998672,0.0008198832556877448
6,0.0004213591872115,0.0006733626267169146
6,0.0039249061774458,0.00023542581821307633
6,0.0012781513083263,0.0003068493219221418
6,0.0175885497315083,-0.0015463287943557964
6,0.0106511026264783,-0.0009523264016612228
6,-0.0123390404289154,-0.0007241646424999237
6,0.0019232460751576,6.055925645156697e-07
6,-0.00308300195488,-6.323210803881973e-05
6,0.0184732365834195,-0.0021799695290728054
6,-0.0067416648053884,-0.0021851642625144237
6,-0.0101986407844737,-0.0014930679310678789
6,0.0018049257887975,0.0009678266063392779
6,-0.0061345749133248,0.000170653950254396
6,0.0086991691085424,0.0005141608316221819
6,0.0061203474995972,-0.0011485157831243441
6,0.0064891707181634,0.00037706358781335405
6,0.0033920702232235,-0.0003218421265163997
6,-0.0076682393324852,-0.0010756462445570877
6,0.0031168681880615,-0.0007500760262098066
6,0.0214556969363851,-0.0010357646398584369
6,-0.0087218641967382,-5.70032577290264e-05
6,0.0016590202773731,0.0014408965808535346
6,-0.0046789029122185,-0.0007895973868333934
6,-0.0221421610000238,0.00026657397241880475
6,0.0060291771893532,0.003047715962960804
6,-0.0009341205040682,-0.0014332372781852422
6,-0.0002726936677458,0.0011161157771188857
6,-0.0035510795708588,-8.703559538314866e-06
6,0.0038432442332487,-1.1105244974376149e-05
6,0.0062306773853368,0.0006424026575133157
6,0.0016820823805547,0.0008741230148794207
6,0.0055479769012856,0.0019200416637631167
6,3.853841523897033e-05,0.0017097481059430307
6,0.0058419292464924,-0.0008830117950890705
6,0.0149938272714102,-0.0014247333034813387
6,0.0196542435017221,-0.001068072712208787
6,-0.0009598421375916,-0.0007036180612922387
6,-0.0295905423991897,-0.0032751488208287633
6,-0.0152363531725466,-0.0006620066446358013
6,-0.0015074520028544,-0.0028461025856959085
6,-0.0052357804019427,0.002299338600608796
6,-0.0140386506538701,0.003100518408376954
6,-0.0200353231498181,-0.0006558012430284603
6,-0.000563415317115,0.002873170171694257
6,0.0183089140974372,0.0007338328412050022
6,0.0052824296014059,-0.0004827415757725534
6,0.0048244223158211,0.001777481918273172
6,-0.0154769998736451,0.0010505469530914424
6,0.0135969931452152,0.0020581041161428604
6,-0.0052866227338371,-0.0006769869851389473
6,-0.0273666105537447,0.0023663793781807255
6,-0.0135998281057646,0.0021151016192180695
6,-0.0161307273849385,0.0001611859232475716
6,-0.013276746178803,0.00471655406078997
6,0.0039741651411188,0.0015404143526299165
6,0.0062881622530395,0.001401327701089841
6,0.0176838432186873,0.0024186724827361525
6,0.0133197613148627,0.0015679246282678371
6,-0.0107690230911333,-0.00019512463245385803
6,0.0066753392013571,0.0026625503858713506
6,-0.0253596924280664,-0.0005715078893176176
6,0.0064889171679761,-0.00010275904827126417
6,0.0048132550144607,-0.001285623007261189
6,0.0161370110080917,-0.0010092393101022445
6,0.0020344169513664,0.0001360661137405414
6,-0.0277376592611698,-0.0005345928060222407
6,0.010207632315286,-0.0010186248493349154
6,-0.0102703966128434,-0.0017584719550416818
6,-0.0077830630039244,0.0004798235985433053
6,0.0033010978890725,0.00037687854283464115
6,-0.0005670144578096,0.0008892568892280913
6,0.01637367361139,0.0019745617625288735
6,0.0040004074713438,-0.0015281048709909046
6,-0.0020599822531644,-0.003088845528107906
6,0.0039720405563285,-0.001438308799395637
6,0.002400329664243,-0.001644419536972698
6,-0.0006354191017921,-0.0004382062815813858
6,-0.0012514965622533,-0.000544441155387102
6,0.0007798016341164,0.005069206514658886
6,-0.0079497834256268,0.00412117583102448
6,-0.0223309431072385,0.004797294713065867
6,-0.0001902178357134,-0.0002096661765994014
6,0.0118988522290892,-0.0013264227213135899
6,0.0103121133047826,-0.0005594517459188864
6,-0.0111484829086834,0.0015438653580441913
6,0.0024441548845245,-0.000895410131080993
6,-0.0043912002795343,-0.0015469395659325302
6,-0.0137365101719208,-1.3580392718700457e-05
6,-0.0242794913109282,0.0001316345106121223
6,-0.0059386178089697,0.0008735683873757347
6,0.0069829265869317,0.0002774660503583148
6,-0.0116801107803007,0.00022449169171898575
6,-0.023169676504467,0.0033315332439109485
6,0.0157054460212093,0.00076240688701557
6,0.0323006397007656,0.0008956166356430604
6,0.0092499316977755,0.0007615760745066399
6,0.0216654024219315,0.0003788356292383694
6,0.0021825088341821,-0.0019745789969252883
6,-0.1052843617688246,-0.0016383052110167371
6,-0.0074323836708471,-0.007777962848262224
6,-0.0162128938328255,-0.0006447178081305381
6,-0.0291425472900807,0.005567273401182533
6,0.0072207696932216,0.005676822246210118
6,-0.0508117788456412,0.003999721160136057
6,0.0187975108110237,0.006660727546281428
6,0.0305888032957584,-0.00037337479991167064
6,-0.0007981707495096,0.006044834370615579
6,-0.0217708562590299,0.005732160259239895
6,-0.006276346635405,0.0023048183710059015
6,-0.0012948134751482,0.0052217355300406
6,-0.0111755439136189,0.0034177712149908467
6,0.0068805266364126,0.003962603398027065
6,-0.0005771156180697,0.001568454421814015
6,-0.0030916613453095,0.002781250070266868
6,-0.0326497667236531,0.00043292437295755644
6,0.0117136666294093,0.0049252279947502794
6,0.0293840300629511,0.00105878902640563
6,0.0027919027648784,0.0007961869083077675
6,-0.0226075148150203,0.0021828902113798497
6,0.0146850939501544,0.0001774767274210086
6,0.0134086884318206,0.005158951799455431
6,0.0031392225294162,0.0014109455639067857
6,0.0134334840774166,-0.001517759973975922
6,-0.0041969348502645,-0.0019503852181251675
6,0.0010997408113609,-0.0017484388293244834
6,-0.0089552119162547,-0.0007350828698064434
6,-0.0021711660852259,-0.00026163985660560213
6,-0.0074869617172112,-0.0008579424586371899
6,-0.0158266031654088,0.000826660764282641
6,0.0110623939384107,5.174066052847544e-05
6,-0.0013511346172035,0.00019322403370691148
6,-0.0192623699394099,0.0008209789585818506
6,-0.0070953032103629,0.0008269598348242383
6,-0.0185504741164057,0.00039525255612018464
6,0.0029548012707169,5.1343221403769585e-05
6,-0.0271539653383625,-0.0013595081413370351
6,-0.0045711890688521,0.0006307618796093104
6,-0.0137584914596381,0.0005272245896810839
6,-0.0254601439310803,0.003172506851045116
6,0.0061196215705609,0.003443128182817762
6,0.0307515080499721,0.004539089780424006
6,-0.0021635413538152,-0.002383940512178931
6,0.0110120360525534,0.0047887132240587525
6,-0.0015542737828347,-1.663468300357185e-05
6,-0.0015834420080269,-0.000674849444305623
6,0.0054645653394107,-1.5165846081252078e-05
6,-0.0033716065208887,-0.003668370690637584
6,-0.0059145022351555,-0.000838060808346347
6,0.0357539882835975,-0.0003591738665149997
6,0.0224838090604386,-0.002052895417687216
6,0.0450389316609445,-0.002236089250161335
6,0.0217452065411771,-0.005014534027268546
6,0.0060020755491521,-0.005771383355985883
6,-0.0112267397342124,-0.008571285917213652
6,0.014461882436687,-0.005248481101318923
6,0.0204422013681661,-0.00377357000036497
6,-0.0404689272930708,-0.00673198091733361
6,0.021110602722641,-0.0032764477536149955
6,0.0004708877374006,-0.00577128030786399
6,0.0103739251118347,-0.0016314910669911636
6,-0.0112217838180217,-0.000535775649093254
6,-0.0400898712556732,-0.0035566590826036867
6,0.016200393649031,-0.0024941198349427906
6,-0.0019805845311461,0.0007199755188953927
6,-0.0054302371075754,0.0006127340868069555
6,0.0062518986873062,-0.000519009922108021
6,0.0163170584900729,-0.0030613111844087306
6,-0.0135187344746771,0.0002507092743440479
6,-0.0059436309039752,-0.0024819237208525014
6,-0.011920735420463,-0.0015322566086371108
6,-0.006297800717341,0.00011879068433154425
6,0.0103605091321932,-0.0012773170229265318
6,0.0300497412143999,-0.0014933317406654882
6,0.0038323172587519,0.0007003082845130136
6,-0.0145550685365286,0.0008156165328134228
6,0.0086823510668337,-5.560927849054321e-05
6,-0.0025261099240064,-0.001944739521449686
6,-0.0012414559346094,-0.00023837924211413488
6,-0.0060868157478927,-0.0013512404597547352
6,-0.0081090861909947,-0.00031028545451751953
6,0.0341122731781709,0.0010177078117684848
6,0.0530202163171138,-0.00011728278626131931
6,0.0225755052791288,-0.001857205669097018
6,-0.0426087431147154,-0.009380980788437751
6,-0.0321675692606158,-0.00451060498843696
6,0.0016600214708585,-0.0028146910926517064
6,-0.0269454575734853,-0.002057083495127889
6,-0.0119024818651969,0.0007063728119128371
6,-0.0204386258386421,0.001560152698537684
6,-0.0151108281442808,0.0016015566040865534
6,-0.0178244288285161,0.004242504387011101
6,0.0010241781928603,0.0002306598117175437
6,0.0228220672719822,0.0013405881119461771
6,-0.0149450898548219,0.00031696568791476703
6,-0.0386206404375444,0.0047545177568986685
6,0.0012923355329048,0.0028730678925098715
6,-0.0323031638056253,0.0005409815485161486
6,0.0178074712182927,0.003934540232315956
6,-0.0229384794449067,0.005665935703162577
6,-0.0351705476499534,0.005188432765996603
6,0.0555116771569993,0.002780940573809235
6,-0.0118673105407549,0.0002643201645041377
6,0.0120013342452814,0.0009268970814958744
6,0.029739464873233,7.554682377684417e-05
6,0.0160308342732819,-6.872333941764994e-05
6,-0.0096497198865825,-8.058073672303351e-05
6,0.0054153547254105,-0.0013454343306584867
6,-0.0142455952704384,-0.0006703355606044342
6,0.0026572451051034,0.00020883521981125632
6,0.0019234466759783,-0.0010457147048428005
6,0.0151789535754422,-0.0006963409347994312
6,-0.0156204874330937,0.0010406053245242968
6,0.0274179470678903,0.0008446059010388975
6,0.0137313285035072,4.571451680295815e-05
6,-0.0183168354818359,-0.00023574779805346632
6,0.0212793107689076,0.00011754063883094839
6,-0.0113496162137985,-0.000746591048412828
6,-0.0188054631677195,-0.0013241150282252544
6,-0.0226976806410458,-0.0001248000968462219
6,0.0003145308637106,0.0007086661588256694
6,0.0192013734872813,0.0004547101048551483
6,0.0108633952543607,0.0026702628010264137
6,-0.0071693987502612,0.0018351815295788907
6,0.144158690024941,0.0012684434261519225
6,0.0297459904858315,-0.012328220439113195
6,0.0481628346153925,-0.007898165499583974
6,0.0105258201392689,-0.011365232286410138
6,-0.0109155058765164,-0.018262724033137386
6,0.0251197792233194,-0.011400598980517731
6,0.0002600490597325,-0.012166967845833473
6,0.0120672003962107,-0.011299744936129832
6,-0.0044560587717816,-0.010059629288718688
6,-0.0228468842696978,-0.007128078448141069
6,0.0089962536838759,-0.006581115113034837
6,-0.0029830610312214,-0.007385492238912255
6,-0.030850463908354,-0.004543080759922814
7,-0.0349031451215156,-0.0006460935769272869
7,0.0179442240969252,0.0024200626313366043
7,0.0085575813719172,-0.001307008016664224
7,-0.0070270734797333,0.0026044848052758154
7,0.0310343078761168,0.0009429691661504331
7,-0.0059479450207481,-0.0029252754888583624
7,-0.0591343076723947,0.0022239095965038737
7,-0.0206944767864872,0.002717995002353549
7,-0.0159207068856338,0.00047270424488279
7,-0.0118322491439754,0.006074048246412507
7,0.0161995843118726,0.0022548355822188133
7,0.0024480361367113,0.0033156353939491163
7,-0.0812810726606804,0.00035537607664265085
7,-0.0764229023606058,0.010694837438066963
7,0.0346999560767641,0.00941470335717407
7,-0.0138187965852368,0.00022004644695346464
7,0.1716205917572221,0.0052564569952366375
7,-0.0609472220883052,-0.02096360561462885
7,0.0307576403466447,0.005681537397740039
7,-0.0019852501461364,-0.008163815793566516
7,0.0133688241593176,0.0009254175935577617
7,-0.0711915524992286,0.0031215678191096182
7,-0.0291311132911836,0.007139582782707557
7,-0.0461774290776565,0.0020253461877084303
7,0.0202251959906624,0.008145965875868171
7,0.0379014014907318,0.0001335194554249609
7,0.0355779182790604,0.001559683212878446
7,0.0421329632472993,3.4896754244265324e-05
7,-0.0207526542814417,0.0002078851892652145
7,0.0026636586659358,0.0023665049571899924
7,-0.0009177380659012,0.0006442224530985631
7,0.0243970040712485,0.0019770374190049246
7,0.0255642269945924,-0.0010989631697891583
7,-0.0059565194168365,-0.0032323586365441957
7,-0.0024630662041868,0.0024515703730770538
7,0.0305313711050756,0.002951580790982912
7,0.0026447073403566,0.000584370646770589
7,-0.0061533108516202,-0.0014506206889133978
7,0.0530063270523813,0.00022952147404412692
7,0.0548113722233008,-0.006250017510881837
7,0.0407943076395838,-0.0024758803635234992
7,-0.0037753736965657,-0.0034562254191902076
7,0.0042186860801118,-0.003554378743441977
7,0.0012547410794759,-0.005390557328161322
7,-0.0088164303040817,-0.002634753983411903
7,-0.0193860382130596,0.0005338186047120286
7,0.0077844617247586,0.00071213972602926
7,-0.0116615506885344,0.0007677538365258687
7,0.0315630834026761,0.0012867367741919143
7,-0.0051052510616175,-0.0012919764185865615
7,0.0319735726135238,0.0014415626277661906
7,-0.0296026475378711,-0.001602965903874696
7,0.0165136351228069,-0.0003761885026590285
7,0.0275680193599049,0.0003515762419772901
7,0.0049444746670503,-0.0009513449003446218
7,-0.0136923867630489,0.0013001082481553154
7,0.0122822805686632,-0.0006801286684618442
7,0.0064005054238622,-0.003910124045491896
7,0.0092816601501239,0.0013446778426214662
7,-0.007811037921946,0.0003454393311703464
7,0.0150787144411163,0.001970599381235635
7,-0.0211179426526752,-0.000557569638028268
7,0.0189777715599255,0.0006758575748092271
7,-0.0039472223230929,-0.0005179436428405777
7,0.0093922370042044,0.0030917792488057653
7,-0.0112674931146826,0.0021040202806542154
7,0.0022221519717136,9.464394835251863e-05
7,0.0255430772763695,-0.0001454930817587931
7,0.0424272893133635,0.0006887702833714923
7,0.0045905025451379,0.0014779055469644835
7,0.0174573033285289,-0.002131219216685362
7,0.0015205133394151,-0.003834918655017097
7,-0.0301350559527888,-0.0010788800773979732
7,0.0254399207402514,0.0018003693959357783
7,0.013203566075027,-0.0014293237329416875
7,-0.0069272953410952,-0.001323216552209146
7,0.0110606402559508,0.0022649172086347475
7,0.01784011289956,0.0012948811081853375
7,0.0074622338422934,0.0008580268186250766
7,0.0049844116918156,-0.0005661534541437703
7,-0.005167311783011,-0.0014173196021556398
7,0.0396144883836425,-4.882589088062335e-05
7,0.0039172690934431,0.0005923746715643522
7,0.0094666906314336,5.2107684196782585e-05
7,-0.0034162644491882,-0.0018812532620035931
7,-0.0059920529009829,-0.0007428731147976198
7,-0.0257097680270597,0.0013082306469287236
7,0.0222025799164164,0.0015910086429863207
7,0.017183927794895,-0.0005022509474002586
7,-0.0013824031758567,0.0010893907547534045
7,0.0185587096295531,0.0005819146080822347
7,-0.0070403845246113,0.000901154642830256
7,0.0211970686620374,0.0021869413708556513
7,-0.0078401077819378,0.0007471979762439874
7,-0.0236080467986947,0.000892436622298544
7,0.0355120206434163,0.004693337149672851
7,-0.0097136338951223,-0.0009691679162825149
7,0.0064862000233823,0.002985594671343599
7,0.0074961495788424,-0.00044448033063921406
7,0.0106197854349325,0.0004655940217593106
7,-0.0035090402359631,-0.0010054961676963386
7,0.0060238476651696,0.0013669806091906242
7,-0.0086087884907027,-0.0009505862179995598
7,0.0023652111778217,0.0007855413357325727
7,-0.0086628557219591,-0.000378553646413778
7,0.0086078107146682,0.0006066763823151717
7,-0.0356250953570651,0.0021150123204000796
7,-0.0013674387825949,0.002734886949424458
7,-0.0023973298515051,0.0007393372339297313
7,0.0170557913808937,0.0004946014513112214
7,0.0101732204659503,-0.0005176366100734622
7,0.0108414708636716,0.002266660043722571
7,-0.0009356125759916,0.0007703413851653863
7,-0.0079056822145645,-3.8530499508976444e-05
7,-0.0338115747555671,-0.0007689399513874995
7,-0.019713219873098,-0.0006578318806197032
7,-0.0009372177311096,0.0017852122254189658
7,0.0060769411835328,0.00026087400848857125
7,-0.0274021969176904,-2.6541850908083078e-05
7,0.0076939853451498,0.0015422453401098214
7,0.0144514175201869,0.0009809211490635777
7,0.037753326551223,0.00040789166739447564
7,-0.0008461218978075,0.00040231508593461233
7,0.0036619422669761,-0.0016219318074102923
7,-0.0003936862278736,-0.0018403961911666999
7,-0.0162780638928518,-0.001466480676776568
7,-0.0265972234070912,0.0005843082822066653
7,0.034343994016665,0.0005900416577376947
7,0.0024366988376247,-0.0016362638776398135
7,0.0385304624773453,-0.0009191706262463167
7,-0.0286175665035288,-0.0013735532468921903
7,-0.0082162382429751,0.0012555867908882205
7,0.0040603925681572,0.000126709543487448
7,0.0028098790454651,0.0006500463543731184
7,0.0203318188608155,0.0001030574288769211
7,0.025677814610161,0.0012570132280430124
7,0.0035311657387138,0.0001062099038185362
7,0.0087736226943349,-0.0006340282299713436
7,-0.006746211316036,-0.0005166442395256553
7,-0.0111481423652644,-0.0007303999325873631
7,-0.0026985006315034,0.00016918772808857696
7,0.0217568384028848,0.002235214467183935
7,0.0181309002325327,0.00108180381628843
7,-0.0500995686357891,0.0017442920818660276
7,0.0277825120533674,0.0035948301866858736
7,-0.0450192303154383,-0.0015165419195541526
7,-0.0011114693420048,0.0019184219218930172
7,0.0109502137416041,-9.034442562421839e-05
7,0.007725439042791,0.0008754853322099207
7,-0.0031706117784597,0.0019610512711872837
7,-0.0081364292618439,0.0011490807663101772
7,-0.0048694346531212,0.0020883118630570375
7,0.0103742913931814,0.002295749747200135
7,0.0222580108971998,0.00018912672486153252
7,0.0276921178319175,-3.987836283594632e-05
7,0.0486186302792586,-4.6214058413778956e-05
7,0.0294578613061271,-0.0003027123015425619
7,-0.020248098538811,-0.003057078154750134
7,-0.0019734013480324,-0.00024470583273161024
7,0.0214483073815627,-0.0032496162367594288
7,-0.0403930970512052,0.0011573169726449676
7,-0.0176698271499508,0.0022887580597984866
7,-0.0372085078456643,-0.0017836630549184027
7,0.0003721489375338,0.0027361768917752998
7,0.0563165242591658,0.00041173810983587583
7,-0.0300372302830476,-0.0008907422726219009
7,0.0033078547786034,0.0020077704911598488
7,-0.03646712469748,0.0003358028171591112
7,0.0175587615068646,0.0026823273448565847
7,-0.0189510945470104,0.0005022781284525211
7,-0.028483294163962,0.003753025690279816
7,0.0280545063086659,0.0029687978249327055
7,-0.0320324002291983,0.0004929529965392416
7,-0.0097908524964154,0.004029885308493724
7,0.0203088952255312,-0.000793659679081075
7,-0.0262523575035162,-0.00026498984677570466
7,0.0136284808791526,0.0017943444996428297
7,-0.0182505444183432,0.0005594488446473008
7,0.0163626825476758,0.0005148123500874832
7,0.0085228326106787,0.003588044276428714
7,-0.0103587340775462,0.0009841889043222265
7,0.0209397600532874,0.0007752363930479415
7,-0.0053036423603324,-0.0009720445355704507
7,0.0170675167540361,-0.0007707198546986471
7,-0.0031308085014838,0.00027281887927631856
7,-0.0064541953506179,0.0004150857873768176
7,-0.015629294862356,8.293405016271535e-06
7,-0.0332099172504893,-0.00046295680379678243
7,0.0072300774053119,-1.6651024740212822e-05
7,0.0080790245568694,0.0005650597002395809
7,-0.0388966793601916,0.002134381530372125
7,0.0185469013540888,0.0018030361876291026
7,0.0385822444842448,-0.0021881512401939764
7,0.0148077636799908,-0.0013685448267567683
7,0.0296079404791071,0.00024350379462881772
7,-0.0031761343521343,-0.0016462158750452116
7,0.0101283224925524,-0.0009666691479034192
7,-0.0121981919971372,-0.0012860924516330061
7,-0.003619380890948,0.004434387023630195
7,-0.005560808575172,0.0040719624357202
7,0.0125218044944902,0.005532706098250368
7,-0.0038730249596605,0.001706190957398661
7,-0.0046888369802306,-2.0823087811782043e-05
7,0.0099376220509707,-0.0005822363353509014
7,-0.021756852572826,0.0015503484396288258
7,-0.0009732409959576,0.00026499617389959756
7,0.0004326960625869,-0.0004874272277300745
7,0.0046931804300631,0.0011873434468339047
7,-0.0144738737235479,0.0018871069488629315
7,0.021125194394224,0.0022419593174859784
7,-0.0043935687440113,0.0003642816511988807
7,-0.0448057138196016,-0.00035741281665028807
7,0.0290566320485735,0.001006608831931065
7,0.0082572293895649,-0.0008802422823173718
7,0.0151945239163851,0.0010001201772787342
7,-0.0064146836499148,0.000746011541862019
7,0.0109337207671401,0.00021279770337928453
7,0.0157881386866424,-2.483844842975937e-05
7,0.0051558447697747,0.0013844045842916987
7,-0.0071942320381267,0.0012450854836464078
7,-0.0293061105217203,0.0005065940681465511
7,-0.0288038716869781,0.0018204875916920172
7,-0.0346972617295509,0.0006519931459438397
7,-0.0133501223367285,0.0006109451920057855
7,0.0757730312876064,0.002405397129709305
7,0.0246650444103342,-0.003836402337816245
7,-0.007924430475663,0.002731603568429946
7,0.007977063270268,0.0009631378759792032
7,-0.0164994739068661,-0.001547630796778176
7,-0.0223403633933661,0.0024123455550543963
7,0.0117462637430071,6.265257796632417e-05
7,0.0161418562461821,0.0011026949738422752
7,-0.0004256156904362,0.00039070703406845364
7,0.0101664801767508,0.0014843860161361142
7,0.0090725679234426,-0.0011084234876309249
7,0.0067638207117256,0.0034057122529537664
7,0.0139544787285363,-0.0003522398050281651
7,-0.0561062139828344,-0.00097856310901753
7,-0.0425383550563518,0.0005289521429006172
7,0.0294179658613232,-0.0005120572994225558
7,-0.0134060978480995,0.006577316773302692
7,0.0164701876580064,0.003585844124611697
7,0.0016376525913704,-0.0005788553536734489
7,-0.0305705340589549,-0.0009750061277083971
7,0.0267998738846902,-0.0007378729211901878
7,0.0115401411646211,0.0002324995782161515
7,0.0068501905095789,0.0017599180554286659
7,-0.0156569714882976,0.00021141738184365867
7,-0.0159061864007596,0.0008791864854251817
7,0.0163429216800443,0.00037064451312335804
7,-0.0070657328150452,0.0005693357477530247
7,-0.0084453558024227,0.0015190639478103146
7,-0.0102519082669922,0.0013973600137048416
7,-0.0333687703665322,0.0009256992702598402
7,0.0168805110609144,6.074005588058021e-06
7,-0.0025082603923013,-0.001114002286226114
7,0.0196683040288774,0.0014262104029129487
7,-0.0425303384918257,0.0007607250691823385
7,-0.021963430183359,0.001460237473391882
7,-0.0141274666570726,0.000752266088686905
7,0.0543762846976361,0.003142461059491502
7,0.007711033810612,-0.002800067410871027
7,0.0092880875308472,0.004501912640782357
7,0.0014083633873314,-0.0005018030482247982
7,0.0025861763169942,-0.001575091755549058
7,0.0221010081620422,-0.00043140373302836513
7,0.0100003252880356,-0.0034348157918019976
7,0.0253409590233161,-0.0003303368925166772
7,0.0035983899424537,-0.0004013818891693791
7,0.0373274303958419,-0.0019614947124764015
7,0.0119380831758255,-0.0025075061764278355
7,-0.0026181977400743,-0.003490303979915585
7,0.0166490455678072,-0.002949438076035805
7,0.0018824088642086,-0.0045868164401436425
7,-0.0108473699490459,-0.0007990599655166807
7,0.0130226432044508,0.00015596917328176952
7,-0.0142241792079668,-0.0030399070438978755
7,0.0423195814938257,1.768222748651789e-05
7,0.039263203916648,-0.0029051172102930066
7,-0.0160085531530414,-0.0012279248559670887
7,-0.0185602424078105,-0.0002100277094692531
7,-0.0473646014045003,-0.0036728434464848836
7,-0.0056279550874708,-0.0015455976555997161
7,0.0001511142133114,0.002088148923978449
7,-0.010025881252397,0.0013451244341980732
7,0.0560580439145457,0.000511927169173302
7,0.0175045889490928,-0.0024906331515644827
7,0.0173428147478134,0.0005389165089489218
7,0.0195110224352735,-0.0035060695754427942
7,0.0060878862021293,-0.0028486980250541465
7,0.0226157703280454,-0.000965924102925535
7,0.0429470222671525,-0.0032080506121337595
7,-0.0452078349012415,-0.004170633503881301
7,-0.0134038530776922,-0.0017612742987852602
7,-0.0077214184408031,-0.0014866050598814286
7,0.0128807737018178,0.0007875368472446012
7,-0.0178794071864622,-0.0003239533050485926
7,-0.019226072293017,-3.829892441392147e-05
7,-0.0021850338661464,-0.001348506982210577
7,-0.0105742167465737,0.0002071816458148112
7,0.007731034776422,0.002438651194853407
7,-0.0146220545903273,0.000574259643980388
7,0.0607304760397173,0.0004274785842884904
7,-0.0068876835868352,-0.005870169225648583
7,-0.0368896824558839,0.0002490107640919687
7,0.0192082706744561,3.4188247343092506e-05
7,-0.0640203547282125,-0.002047451370195335
7,0.017112603807336,0.00045233245332236305
7,-0.0021591370494536,0.0011569773839677081
7,-0.0380359924018684,0.0016559660431365137
7,0.0219604498897736,0.0035177126210387093
7,0.0015608160850601,-0.001869355363292127
7,0.034770245936598,0.0003387706139634464
7,-0.0240091371858542,-0.0011447733514245194
7,-0.0133963681415429,0.0024731191879066444
7,0.0290867293647121,0.0006567263850454864
7,-0.0097297241386604,-0.0010975875223571266
7,-0.0421408417773928,0.0014220269563443141
7,-0.0052125020713307,0.002734231909170012
7,-0.016517532952932,0.0017532958385715557
7,-0.0165353072702964,0.0009077128865657748
7,0.0125937064703292,0.001288214830563845
7,0.0259215441142283,-0.0009451237128726582
7,-0.0126236614893606,2.0084057048951574e-05
7,-0.0140161382133312,0.0007025046439826149
7,0.0036887035620648,-0.00016328409363159497
7,0.0070321881584121,0.0002159034876131308
7,0.0358597086189861,0.0015852706456089417
7,-0.0065864025302052,0.0009163565037591892
7,0.0395469468703331,-0.0008495845394469418
7,-0.0358551847973616,-0.001979671183182941
7,0.0398290967609277,3.8143948010778634e-05
7,0.0032994885715611,-0.0001909759063498512
7,-0.0242926913905786,0.00045953541011236053
7,-0.0223797145180919,0.00029806448732969684
7,0.0023147970399563,0.00028324013342322893
7,0.0195343934953617,0.0019651282166461377
7,0.0227505243922979,0.0011542171675679004
7,-0.0156840541410541,0.0017009834792453176
7,-0.0092396842661764,0.0014817507416430926
7,-0.0512322116134442,-0.00022853552104704143
7,0.0025411391948645,0.0016070146171250602
7,-0.0361777674961286,0.0016827199578703616
7,0.0261279141044009,0.0033958673907526888
7,0.0288557418625257,-0.0009732351945240141
7,0.0289178258510876,-0.0003847869433132162
7,0.0253250248866596,0.0012713959158945616
7,0.0337725891462776,-0.004879704431882894
7,-0.0010496949486409,-0.0009471500615931595
7,0.022441406260388,-0.0024657704377471206
7,-0.0290388085322305,-0.004083106576865812
7,-0.0002298489850327,-0.0021129981340701045
7,0.029848870986494,0.00018254862915486844
7,0.0053851635181832,-0.0003025085825049932
7,-0.0006216014110181,-0.0014148983808422201
7,-0.0006664548102917,-0.0017932010941763788
8,-0.0040388224415131,0.00017046659378813756
8,0.0141235408948358,0.003514002047345662
8,0.0008212033320457,-0.0006023388754638182
8,-0.0062342025094298,0.0010969732098297666
8,0.0169063466410739,-0.001845781905193054
8,-0.0514183496387103,0.00923018927041302
8,-0.0217307010258473,0.008164198410312129
8,-0.011549925351522,-0.002580348483288438
8,0.0245094310289573,0.0012154682694140403
8,0.0076101726702348,-0.01985191110447438
8,0.0202747416077407,0.005815661435937569
8,0.0132128852880087,-0.0052549624687354985
8,-0.0039098420064642,0.0021992448784693888
8,-0.0124232945621238,0.0014952773152977523
8,0.0251630867718841,0.0052551032013805135
8,-0.0228029030002175,0.0007257465469693305
8,0.0127688127072044,0.005114496601652712
8,-0.0128896144876603,-0.00404512147940317
8,-0.0381278795786242,-0.002294547094899581
8,0.0092966042953367,-0.003413612556631885
8,0.0051413904342244,-0.0014673476798606482
8,0.00253001741625,0.0030112018014457685
8,0.0019088133147036,0.001532546004264476
8,-0.0160600248095939,0.0009951340356528294
8,0.0033698389644603,-0.0025175846609434165
8,-0.0105841835569339,-0.004111445092315508
8,0.002640826428332,0.0021790475485893345
8,0.0002512195830236,0.002890688626380523
8,-0.0040260098711336,0.0003147552342185379
8,-0.0062596903968806,-0.002360920066969661
8,0.020342253254142,-0.0003034243900381149
8,-0.0135783869516804,-0.006463894666205913
8,-0.0044830062341474,-0.0017692280742601838
8,0.0274023931911323,-0.00159274625994105
8,0.0053423853744474,2.7136030577229095e-05
8,0.0090841557032568,-0.0012283705398557212
8,0.0052663540647223,-0.0004608666057001854
8,-0.001268843111294,0.0013274310052866147
8,-0.0024208141243738,0.0015219301655317343
8,0.0050167746506608,0.0007693460498023406
8,0.0113902588765001,0.0006858167777698111
8,-0.0023869626040504,-0.0011809907911555409
8,0.0071444256837286,0.0011152817571480342
8,0.0078594168874119,-0.00041503056434883463
8,-0.0124975398780487,0.00041725387456196584
8,-0.0055584643350604,0.0002539404650500454
8,-0.0054085439162512,-0.001471324475250123
8,-0.0191641772626403,0.0009376163883197261
8,0.0074659803697443,-0.00011651330443557956
8,-0.0089413138170801,-0.004136152814973308
8,0.0017210756253993,0.000344950376822173
8,-0.0044931086630199,-0.0011012426464664592
8,0.0065787072150991,0.0005014914091649562
8,-0.0179314866146217,-0.0017859294701439488
8,0.0037364731403782,-0.001566167836920001
8,-0.0147780572129948,-0.0025185117111031752
8,-0.0031590892430456,0.0008185920473545783
8,0.0066856801099883,0.00016889526717564648
8,0.0121833335986342,-0.0015801796193260537
8,-0.0041693891863101,-0.001515581205285122
8,-0.0087057134232812,-0.001236347868965144
8,-0.0021410897019133,-0.0004809075809345184
8,0.0077240185566192,-0.0027060017697934356
8,-0.0033836761074314,-0.0030675306935082397
8,0.0118550613682321,-0.000800760358292531
8,-0.0001240982096183,0.0015857626537552516
8,-0.0022978615943544,-0.0014716107720825476
8,-0.0020540256024723,-0.0027557850503715166
8,-0.0163952503468306,0.001208396131490132
8,-0.0023462909835239,0.0004732424292673234
8,0.0061393161731213,-0.0011455504876754505
8,-0.0091274467249566,-0.0009842345638982183
8,-0.0211712371583623,-0.0011890217690074165
8,-0.0070487221414197,-0.0013357558492941277
8,0.0068535879963627,-0.000432126028635017
8,0.0122193803831453,0.0001990828803356869
8,0.0034682401271974,-0.0007016242217085585
8,-0.0004514773144511,5.527918005622306e-05
8,0.0209997466276679,0.0010072072456027536
8,-0.0002527290057491,0.0010995199804698695
8,0.0033428192013359,-0.0010647272921022828
8,-0.0032164963275439,-0.0002785219808112507
8,-0.0075456713897229,-0.0006543996187767618
8,-0.0031875655161831,0.0009315214522047015
8,-0.0241054212479789,0.0015761995156018554
8,-0.015889478447883,0.00011382013828826337
8,0.0011953809521936,0.00014617877879332004
8,0.0007300045631578,0.0042278888467399914
8,-0.0016597493415117,-0.0009747159841395992
8,0.0154930406287976,0.0012955378718703732
8,0.0041130273945889,-0.0013311573331939116
8,0.00013016247201,-8.47334812078336e-05
8,0.0095303787155079,-0.0024045716400650312
8,0.000709514817596,0.00010502054191466998
8,0.0020612496596901,-0.0019024543858924682
8,-0.0108038565146119,-0.0003904164910378475
8,0.0040247140768008,-0.0016374911338650545
8,0.008771798996485,-0.000912485028320935
8,0.0170639444623293,0.0007108131554669002
8,0.0069832476239634,0.0019788921413903364
8,-0.0049020884296183,0.0005516258569287045
8,-0.0003779895701474,-0.0008631500254253066
8,-0.016009598996747,-0.0021612294310722094
8,-0.0011532523282115,0.0013382249751071587
8,0.0063273928254736,0.0003045668374410729
8,-0.0083813349647535,0.00029288918745127906
8,0.0088906781616692,0.0002933145994796346
8,0.0060313233914495,0.0003635155526641249
8,0.0011385156727895,0.002698594638121835
8,0.0064281396300922,-0.0003424558814444415
8,0.0052003501289276,-0.0016142174019946934
8,-0.0063317641744435,0.0006793794289806469
8,0.0028261385453179,0.0003317094672837496
8,-0.0133205092119923,-0.0011018992384640215
8,0.0081018488747009,-0.0010562054159491021
8,-0.0046125632302531,-0.0019485659658619475
8,-0.0067995725351786,-0.0015246403185095177
8,0.0077491318221334,-0.0021308304200443966
8,0.0143226937820292,-0.0003887586984667607
8,-0.0189523229184562,0.0008436378046663934
8,-0.0081694895456298,-0.003206194546229357
8,-0.0192169847723331,-0.004843783055160254
8,-0.0037306958548077,-0.0036740822178233635
8,-0.0005248196323462,4.9913872059176995e-05
8,-0.001773070226916,-0.0005554061330607909
8,0.0022978898592622,-0.0006448586169967459
8,0.0067313120101774,-0.0024072889723884424
8,0.000781233141375,-0.0007085353900909822
8,-0.0030635869805235,-0.001313820585834373
8,-0.0074042704624282,-0.0017257155565966616
8,0.0014459449458581,-0.0010363857294249494
8,-0.0122903851539393,-0.0013000424082317348
8,0.0140618531174426,-0.0006013139960422199
8,-0.0122019928939983,0.0009539001752187787
8,-0.0007303437601261,-0.0007145967432770715
8,-0.0059280334111629,2.54440862455102e-06
8,-0.0148059550431915,0.0031163243225380524
8,0.0112591100461139,-0.002057782214482265
8,-0.0117338875916102,-0.00041506178534245403
8,0.0146793876004539,-0.0014981506833269833
8,0.0119602814271143,-0.0011623808412378617
8,0.0036920121129955,-0.00010953716651525649
8,-0.0022400711221928,0.00010169507692033637
8,0.0038180513688559,0.0007753341122644047
8,6.594456170021124e-05,0.0011512348681344338
8,0.0088063678500507,-0.0011492201614704484
8,-0.0049305115732102,-0.0019601384412623823
8,-0.0024415291305229,-0.0013638365591922444
8,-0.0173256276533627,0.00017109223091195977
8,0.0054299476200367,-0.001243923575430083
8,0.0052674373640209,0.0023016339297979235
8,-0.0157513915925141,-0.00015073847731778825
8,-0.0057590509299387,0.001903927893989818
8,-0.009421205620544,0.0009520856220879899
8,0.002329504993494,-0.0024115092248612247
8,0.0057998127986448,0.0012805262875094838
8,-0.0101203944325877,-0.0013346776824538372
8,0.0206781413700055,-0.0034082407715208787
8,-0.0035744647463552,-0.0006867385968688617
8,-0.0003378243982976,-3.578990176849803e-05
8,-0.0019619521506047,0.0008322917744314959
8,-0.0126069912360247,-0.0019500185055496646
8,0.0079916162634211,0.0004372238724172559
8,0.0,0.0003193799963061366
8,0.0081305857886015,-0.0009053233716489865
8,0.0182546914564143,0.0024205107126887213
8,-0.0264534079145722,-0.0014555774200965322
8,0.0102211281278349,-0.002727938511509442
8,-0.0016175599046652,-0.001283989793838296
8,-0.0006072864880054,-0.0005714992602493861
8,-0.0048714028679127,-0.0012117461684938455
8,-0.0107741300056245,0.0018261480106851662
8,0.0058106243097614,-0.001708211064642935
8,-0.0092444014529003,-0.00148197014090154
8,-0.0132269586506559,-0.002592804760851364
8,-0.0362720924674511,-0.0037522304347363407
8,0.0092816801201359,-0.0028585965704549282
8,0.0013597338088838,-0.0016251058062625996
8,0.006700375462365,-0.00101961483788248
8,0.0146689401112887,-0.0014744410088519283
8,0.0159047988529941,-0.0009819214125299483
8,0.0005511076742644,-0.000862217194246326
8,0.0177465316149456,-0.0005718486939404915
8,-0.0156140544843973,0.0001143002672081637
8,-0.0073108175219359,-0.0029847808699299057
8,-0.0123282048046526,-0.0041567385083330095
8,0.0034280874447062,-0.002035978438164755
8,0.0091077364186965,-0.0016203859304570914
8,0.0017288078436178,-0.00025626588094670804
8,-0.0011752597715233,-0.0003562772781901802
8,-0.0036033893756799,0.00503261536964178
8,-0.0051503782459614,0.0036547490393603883
8,-0.0106629431004804,0.004891977692455415
8,-0.0100654229933998,0.0008731423929082356
8,-0.0032824167556637,-0.0011644164579445746
8,-0.0134558694400017,-0.0014850034431125466
8,0.0249682570394281,0.00014554891440889833
8,0.0023994280715526,-0.0013472558466218177
8,0.0111451716609024,-0.0013517292656949208
8,0.0054223214124492,-0.0008122983391920427
8,0.0145224230850185,-0.000697767272629775
8,-0.0118223021844221,0.0005495801445358896
8,-0.0006916688704288,-0.001131005664452476
8,0.0169455569128585,-0.0017316914395128584
8,-0.0064151427926286,0.0019289726543432167
8,0.0261509153991368,-0.00011826509592717657
8,0.0085412516973012,-0.0010382754306327469
8,-0.0044052533907326,-0.0009399732961896247
8,-0.0077225793973691,-0.000649386686400187
8,-0.0067641766188618,-0.0014460737074558313
8,0.0172256258322022,0.00020173033673100984
8,0.0123979040507295,0.0007054871401496853
8,0.0093127433411094,0.0004659596786787629
8,0.0138085433414408,0.0015342335042415993
8,0.0099298772596411,9.274889460743319e-05
8,0.0110309462873709,-0.000606670735671779
8,0.003524457741047,0.0001467651748301615
8,-0.0116272857107991,-0.006495886777293866
8,0.0110617685926312,0.0001406071015535034
8,0.0057665858639503,0.00059601312638849
8,0.007533978497193,-0.0005256665345078411
8,-0.0070965254232693,0.0018649887050342943
8,-0.0032540219725694,-0.0010756684782773746
8,-0.0170035895428701,-0.0006625462303625072
8,0.0107793642646103,-0.0018861105056338172
8,0.0139038438402417,4.4483412279459596e-05
8,0.026938280777332,-0.0013497887781580473
8,0.0006658464836691,0.0026250790272157407
8,-0.011501081636521,-0.0015509584600820292
8,0.0022008819699466,-0.002015661234244692
8,0.020849772449778,0.0005187245781788595
8,-0.0223165519056905,0.0008853051279088299
8,-0.0234517323194879,0.005820558957182602
8,-0.0089303927758133,0.00017669306686044699
8,-0.0276043202823866,-0.0020503661120413034
8,-0.0023405389007715,-0.001434887147100251
8,0.0102963394169173,-0.0012483025604340882
8,0.0050765690926532,0.000385934458924054
8,-0.0173926902133613,0.0004324754280459113
8,-0.0185642455167462,-0.0010306823048260602
8,0.0009961162169171,0.00014260830062091576
8,0.0097104779726435,0.00025654477254452514
8,-0.004216069352717,0.0005550902347206261
8,-0.0319957159338649,0.0005452378054539358
8,-0.012828259665336,0.0006158860719675094
8,-0.003873832656854,4.890855733798291e-06
8,-0.0020119361422145,-0.0010955972725490179
8,-0.0057809334840543,-0.0015788374950198732
8,0.0052946161522016,0.00016695450883414602
8,-0.0104771146814806,-0.00013297482361318536
8,0.0020342012136128,0.0019402558399410498
8,0.013986231423119,0.0016360917379892573
8,-0.0019366464264372,0.0023996237489523377
8,-0.0024260405140312,-0.00423777894836427
8,-0.0067547404905852,0.0027777431843276942
8,-0.0024484434306696,-0.00022738950870027324
8,-0.0103497180271733,-0.0005733452469400969
8,0.0251585371686955,-0.00019236836155877147
8,0.0120732354047784,-0.0034440486346115815
8,-0.0102804701779717,-0.0007453971534939427
8,-0.0109442676598572,-0.0005126829720852159
8,0.0055565156034995,-0.0024456217852458664
8,-0.0069503471110185,-0.0013244272372199633
8,-0.0018848461378893,-0.0015305947031786422
8,0.0263426796378983,-0.000946886883055285
8,-0.0167460123267869,-0.0009087483621823789
8,-0.0151322173598283,0.0009232775996084969
8,0.003717080862458,-1.5349533921746013e-05
8,0.0198232490155068,-0.0027528370333819887
8,0.0243111845747557,0.0013578102670603793
8,0.0014835706707175,-0.0008005045606731503
8,0.0051752844115942,0.0008190685416109681
8,-0.0183341805556157,0.0014771308940668222
8,0.0042922119181563,-0.0015225308437617443
8,0.0011550283554692,-0.0007874422092885092
8,-0.0264222885608538,0.0021051958321445623
8,0.0102663984687685,-0.0002762027197569146
8,0.0204926056078424,-0.0016551044456289926
8,-0.0125189015200776,-0.002239128643994712
8,0.0024616930176335,0.00024246104441363262
8,-0.0211202322449297,-0.003283182136774382
8,0.0038291850064872,-0.0017045624144577747
8,-0.0116723143400271,3.6624170814283366e-05
8,0.0032988609182711,-0.0019239624230857695
8,-0.0080203634165053,-0.0025074255126439292
8,0.0057754420550343,-0.0008281148116575821
8,-0.0076844894450538,0.0003270671234872353
8,0.0080356278825335,0.00012113854720940671
8,0.0067170285732248,-0.0021183514791976187
8,0.0072263306765158,-0.0010919080549423568
8,-0.0102993691841074,-0.001913789357915478
8,0.0311955783373041,-0.0013912406842532554
8,-0.0107704217981553,0.00012003123143651973
8,-0.0162369867279083,-0.001381983371885834
8,-0.0231126078782585,-0.002459212696634109
8,0.0038421394518798,-0.008285724342502835
8,-0.0044838605755968,-0.0012974814108328305
8,0.0041996622359987,4.430655647516828e-05
8,0.0401000100000354,-0.002027651417475652
8,-0.0098752084583636,-0.00043304810401867335
8,0.024305932281785,0.0008189254675582447
8,0.0025527198134328,-0.00042226179270401826
8,-0.0047749062593093,0.001451300332701342
8,0.0085249713912939,-0.00300924375645781
8,0.00566537645303,-0.00231769559287973
8,0.0134018216031963,-0.0028117625545794824
8,-0.0127374179698541,0.001193866932716973
8,-0.0011962445543166,-0.00016113882479423694
8,-0.0181177492464919,-0.002649148531785822
8,0.021304560206656,-0.0009785966126237865
8,0.0077913422439099,0.0021364208415520338
8,-0.0235586447808345,0.0019375324833427277
8,0.0034956487289356,-0.001205616511357647
8,-0.0038324554821284,-0.0017897718818410033
8,-0.0122675753205577,-0.0023855905057901176
8,0.0053729028846758,-0.0015800035841569654
8,0.0266379448766001,-0.0005664280396773141
8,-0.0139667240464192,0.0001467394025530419
8,0.0227778791920304,-0.0005280018098572266
8,-0.0288912442269298,0.0001900422130191974
8,-0.0104996609203122,-0.0007677117505908164
8,0.0012929407757263,-0.0028758434272474734
8,0.0090044928045216,-0.002016297472455729
8,-0.0155546947157261,0.00048397990633410287
8,0.0133957122360205,-0.00017412271903771313
8,0.0230354804462031,-0.00041155277663414624
8,-0.0100837138725385,0.00095486330446153
8,-0.0056834570887722,0.001098397109077621
8,-0.0069306967442588,0.00016852666014018091
8,0.0069306967442589,-0.0013581121201773033
8,-0.0145899389116377,0.0007149338373850243
8,0.0104266466290092,0.0009714625358751272
8,0.0082421841107308,-0.000300904794970607
8,0.0016806161180261,0.001928372849951419
8,-0.0188492845980215,0.0009344031283797095
8,-0.0147558306850792,-0.00010691583015074954
8,0.003674809175265,-0.004047518525155837
8,0.003316493860064,-0.002528934668784969
8,0.0207529690524404,0.0006062650414897155
8,-0.0082086649666749,-0.0038823702140261917
8,0.0011573556554352,0.0002824228094511552
8,-0.0080613085592919,-0.0014220786883557932
8,0.0044486208586531,-0.0028088757483535572
8,-0.0084347881455369,-0.0010061627786750649
8,-0.0078123032019177,0.0007103072381764528
8,0.0012484754210078,-0.0010169474729579066
8,0.0020083005771753,-0.0024338368758455423
8,-0.00994208449093,-0.0011803721924014282
9,-0.0010553751471361,0.0006307256286972962
9,0.0154554749141023,0.0026107680583793724
9,0.0042367813330064,-0.0015617326217447856
9,-0.0034573164992528,0.0005088199853436719
9,0.0025940210073628,-0.0010984858194252102
9,0.0067989642836119,-0.004013591531448169
9,0.0143065209391952,0.0010303530196551034
9,-0.0032180567650023,0.001989180231667624
9,-0.0013580076418014,1.9607337709994562e-05
9,0.0101410941682163,0.003622882308132545
9,0.0009245574408212,0.00022412038782219657
9,-0.0031131075453203,0.001738384862615441
9,-0.0540157219536879,-0.0013018212409532724
9,-0.0746760857201512,0.009112055203762423
9,-0.0135084560935961,0.0019702530038846326
9,-0.0213055855742175,-0.001325414845566278
9,0.048709850495688,0.0030943939927560817
9,-0.0570805721593733,-0.020192667502068405
9,0.0316173944864873,0.005552899955833867
9,0.0024209178466083,-0.006123674942536036
9,-0.0028088029633446,0.0031556494393600643
9,0.0105168497860676,0.0027987816808466583
9,0.0258646223157522,0.005790384731369034
9,-0.0147927651337116,0.0004347952966440942
9,0.0276170611007187,0.004648407913741669
9,-0.0086243968618496,-0.004889621697647327
9,0.0116668679227913,-0.0024175781661264794
9,-0.0005526157105655,-0.003004318700781767
9,0.0005526157105656,-0.0004308704891160934
9,-0.0024886256765287,0.0024268864280373036
9,-0.025516710110538,0.0010045958269842628
9,0.0014191873299499,0.0019702537619702212
9,0.004056707960449,-0.002184367682570528
9,-0.0280714411094228,-0.0035105389035028326
9,0.0138478008657375,0.0022163269855851216
9,-0.00095544424592,0.0025231256679026566
9,0.0138600386671983,0.0009557919934287968
9,0.0116226648577513,-0.0017940748753917514
9,0.0170928583724646,0.00014171185529842766
9,0.0027445478453984,-0.005909159272974748
9,-0.0089934390497959,-0.0017675260344488714
9,0.01008945903609,-0.0012028975089239885
9,-0.0035983420280838,5.2415192263843076e-05
9,-0.0160256889361335,-0.001183099725645308
9,-0.014379224596381,-0.00034187633605565386
9,-0.0123676982685664,0.0007609732193500267
9,-0.0066787065182432,0.0008867024722060139
9,0.0005825745304149,0.00042216460065363555
9,0.0047446354621291,0.0001950959006836511
9,-0.0137140772709146,-0.0017740449174300042
9,0.0056640496608067,0.00044673673139603275
9,-0.0038049706824881,-0.0011376755580953797
9,0.0073045302046601,-0.00031122213020149834
9,0.0072516370614328,-0.00010470516039892447
9,-0.0145561672660929,-0.0019395658767167694
9,-0.0046050156701761,-0.0002571327778528305
9,0.0236788461944637,-0.0014501757274257157
9,0.0066909780961881,-0.004381906896139589
9,0.0212082009650865,-0.00010538594287929823
9,0.0193050763006812,-0.0016753978339828367
9,0.0038350339097703,6.62332231248701e-05
9,0.0215467201639432,-0.002381410853488903
9,0.0032057665302283,-0.0018496697480696643
9,0.0134230344209864,-0.002660180553610562
9,-0.0071306474877407,0.00033768333931587447
9,0.0132522195927391,-0.00010839745504117324
9,-0.0261453414078083,-0.0017861231775739518
9,-0.0309003389348371,-0.001967097145942703
9,0.0002770012627556,-0.0012074766712512328
9,0.0148381266946735,0.0006339755609458281
9,-0.0055615009371979,-0.0007709219336221938
9,-0.0145503164392854,-0.0015646755403822235
9,0.0132696138002381,4.505996541833996e-06
9,0.0164333627867461,0.0023396104233673392
9,0.0103023248785388,-0.000410119463742655
9,-0.009762269749261,-0.001954132892063299
9,0.0273430383205676,0.0013934093542684245
9,-0.0034211880886372,0.0010757110474785465
9,0.0098807571487733,0.0009954862295810515
9,0.004341113931839,-0.00020524933871087685
9,-0.0131679934423328,-0.0007383997234570872
9,-0.0089053473403561,0.000493205347557727
9,-0.0060407084912516,0.000681175493622342
9,-0.0050918467298834,0.0007372050584703299
9,-0.0354592496464561,-0.0002939547094537925
9,0.0025948576431796,-0.0002753923132703356
9,0.0045246244436541,0.0006848987701322086
9,0.0127250279007861,0.0015974148247971758
9,0.0077927912106719,-0.0007393338558965915
9,-0.0035265085753897,-0.0005407061035111495
9,0.0093762660088778,-0.0009629250937654606
9,0.0128389545908219,0.0004435193927664728
9,-0.0087195740312654,0.0017182895346722813
9,-0.0023263125466542,0.000330818121230473
9,-0.0180770235607868,4.9723100972890854e-05
9,-0.0209215194006472,0.0035219013275308545
9,-0.001211444434755,-0.0024901561861702757
9,-0.0068304928934403,0.00038372773422697316
9,-0.0052715744919104,-0.001511557265474904
9,0.0079906473086902,-0.000595060816671651
9,-0.0091239217213065,-0.002568800731998538
9,0.002830669592662,0.0001773988801540775
9,0.0137558528048204,-0.0020504102821789476
9,-0.0020466826810412,-0.00025430077836452155
9,0.0009394951963119,-0.0014751007254293022
9,0.0021575392901406,-0.0013922077103398285
9,0.0065377930103425,0.00010751707419060516
9,0.0102802479469411,0.0017199353811182968
9,0.0064291811831987,0.0003683869957893729
9,0.018593769485025,-0.0007254133645662392
9,0.0041251342275297,-0.0019985610470571223
9,-0.0022399105467353,0.0011341920769443472
9,0.011238215990482,-0.00020394924984724503
9,0.005307390830935,-0.0008111087979318138
9,0.0082586065663294,-0.00026284489548974587
9,0.0034938221733924,5.718414211516615e-05
9,-0.024537796118289,0.0017346907144812902
9,0.0043688703330497,-0.0010581170436711712
9,-0.0286081029417191,-0.0020247323937593966
9,0.0056599252736151,0.0007084206694397148
9,0.0072563287982546,0.0003473248103706489
9,0.0165812015954079,-0.0007772844255028136
9,-0.0032051402457945,-0.0005421875923453182
9,0.0001783603286558,-0.0021989430524209596
9,0.0016924889849958,-0.0019752032110136324
9,0.0205266550635451,-0.0016575865317427735
9,0.005305126480726,0.00012907843933853715
9,-0.0118666024090823,0.0003509702201683873
9,-0.0097905274428544,-0.0028957221474799595
9,-0.0071162614738792,-0.0037682016545098475
9,0.0170824161134937,-0.0021799151640911037
9,0.0053388849949007,0.0015745712455530055
9,0.0089507725091447,0.0006610953727952317
9,0.0140030842817269,0.00014333647500407675
9,-0.0259260601681284,-0.0017901355644952478
9,-0.0129534435284263,-0.0008263346420702338
9,-0.0067634709855323,-0.0016292625390819412
9,-0.006270165879032,-0.0011887523828417003
9,0.0175467957602771,-0.00013237664586421695
9,0.0082651413780752,-0.0005130498056824348
9,0.000525200350367,0.00016482440159900627
9,-0.0021026650011002,0.001463890148433434
9,-0.0097827609796142,-0.0007147770421794002
9,-0.0194963198992225,-5.630728954669371e-05
9,0.0135446953223043,0.002859204680611267
9,0.000445304229581,-0.001677479427147745
9,-0.0060741223474057,0.0005707517091882129
9,-0.0087289092810465,-0.0011367222692700181
9,0.0143577273988713,-0.0012512378108705847
9,0.0040899235866089,-7.250630572239094e-05
9,8.874101511746629e-05,0.0002798199569090183
9,0.0175890315081589,0.0011246842109917073
9,0.0110106377810375,0.0014609446229690642
9,-0.0051001141937003,-0.0007283273326990931
9,0.0047551817037908,-0.0015522158540869743
9,-0.007879922223171,-0.0011833283919916323
9,0.0122690422449199,0.00031335236045253694
9,-0.0152291519186278,-0.00047898559253139626
9,-0.0028814373549389,0.002249502553219756
9,-0.0052604627328658,-0.0014755006400097915
9,0.0033348356805141,0.0020105410628229576
9,-0.004038220284392,0.002239779360446435
9,0.0071873559482462,-0.0015785639512095706
9,0.0234776128693345,0.001918243625753993
9,0.0084947722246851,-0.0007717081599514768
9,0.0131094260402413,-0.0025248393075160843
9,-0.0139555968954586,-0.0005450577791288676
9,0.0056561233764518,-0.0005871426246821057
9,0.0129088273718739,0.00103444773171769
9,-0.0135885022026342,-0.0011003885622599277
9,0.0114065953773702,0.0015917844509278464
9,-0.0142146748331283,0.0009537386671180062
9,-0.002816119986652,-0.0005805457165748702
9,0.0005126905992687,0.002402612251112696
9,-0.0095259446640211,-0.0012620374470145193
9,-0.0126694008357881,-0.001375789669459017
9,0.0022679347254601,-0.000792854650451973
9,0.0099702081079614,-0.0007040651484070913
9,0.0061062347052552,-0.0012394555731423196
9,-0.0107755757384445,0.002355565063519549
9,0.0207573586006671,-0.0011868257129889368
9,-0.0056185198930289,-0.0012835468214320873
9,-0.0051351992919422,-0.0020043591480721776
9,-0.0048168110931915,-0.0028653243587091898
9,0.0193832569339745,-0.0015200974017860803
9,0.0108499717538415,-0.0005554604972548088
9,0.0,-0.0006644909869135884
9,-0.0060413063421627,-0.0010467779412265043
9,-0.0089610232946792,-0.0005965088261441606
9,-0.0265030459602431,-0.0005194584600548982
9,0.0235265408742861,-0.0005344892741567047
9,-0.0074375828718255,0.0011326996204187227
9,0.0012862741511656,-0.0017296912680469568
9,0.0124341105735553,-0.0033350076978877273
9,0.0106917013415158,-0.0012669511952216879
9,-0.0016761741714663,-0.0006720896715183395
9,-0.000923065373816,-0.0002566979969014318
9,0.0118512525237673,-0.0007652896841016648
9,0.003809252220448,0.005524797340197377
9,-0.0053869367586456,0.0042335741606042655
9,0.0190137726008207,0.0049952375108216224
9,0.0218547887534774,0.001077395166988535
9,-0.0349858811847016,-0.0005015221728700515
9,-0.0213751492918532,-0.0019762069577626
9,0.0366238180298499,-0.0006514375909400928
9,0.0137364581323061,-0.0006589116905111356
9,-0.0046654066629506,0.0001885166324248741
9,0.0200350698212914,-1.5716884766889781e-06
9,0.0285131923668683,-0.00013771409357746104
9,-0.0082519652859538,0.0007536145935200284
9,0.0058682481119712,-0.0008665852115994725
9,0.0043788015734605,-0.0021465318285181626
9,0.0238584331113152,0.0014239831053786491
9,0.000224460551593,-0.0005206100465801719
9,0.0099029453826469,-0.0010114853906824364
9,-0.0009636259661974,-0.0014689619240977037
9,0.0146502909299282,-0.0009210601308606175
9,0.0054663579199,-0.0014234806306385448
9,0.0210730729983892,-0.00043988530936903874
9,0.0063139854229681,-0.001068737261600795
9,-0.0214447697714,-0.0019460647931156755
9,0.0377885693205654,0.0002986988704195503
9,0.0265016165341645,-0.0013238665496928064
9,-0.0102836136259377,-0.0010037625154923182
9,0.0201273946275705,-2.3240686620826928e-05
9,0.0143876887030958,-0.007582562636975709
9,0.0025099169958224,-0.0002966494502673882
9,0.0258519787418707,4.77399486769935e-05
9,-0.0302197550342214,-0.002116522643062951
9,-0.0099202574076594,0.000981007337059339
9,-0.0153410147765495,-0.0016621828683797612
9,0.0302511835613173,-5.7912834385501905e-06
9,0.0019227727303524,-0.0009326028946837325
9,-0.0247455838488467,0.0006352312979577487
9,0.0233535934809551,-0.0021098419438553757
9,-0.0099994076807043,0.002252747472163924
9,-0.0013408341187258,0.00012206138053177549
9,-0.0034946059694097,-0.0007044077098441802
9,0.0263102570710361,0.001141871990810292
9,0.0112155913341036,0.0009341451956234809
9,-0.0156186614073007,0.005513614186544197
9,-0.013326844541712,0.0003613998003392038
9,0.0062545053127131,-0.002409104198420263
9,0.0029805405354474,-0.0011791926115176893
9,-0.0051052596838221,-0.0004393155528359103
9,-0.0154740491281156,0.00019483703443835452
9,0.0230231565296768,-0.0003798808795782041
9,0.0127824477322423,-0.00018802731947718246
9,0.016728928258104,0.0023188277331113896
9,0.0070847902739005,0.0008592274938468911
9,0.0099988059060788,-8.482221054593076e-05
9,-0.0077117976261954,5.0049776091444075e-05
9,0.0036105555945332,0.0005224777444653469
9,0.0095019240352379,0.000205256007266483
9,0.0091023961130356,-0.0011549650711207096
9,0.026034322134937,-0.002169424401755836
9,-0.0129018494577986,-0.0006926674523833301
9,0.0132040658334677,-0.0006990240347189156
9,0.0330570051333071,0.0006466478546229477
9,0.0028032317807141,0.00028802673538562456
9,-0.0106119385539184,0.0013431985140832936
9,-0.0537594172608169,-0.00636198709350296
9,-0.0005599484812871,0.0017133362894463928
9,0.0165405187899612,-0.0005271054304245818
9,0.0032999567952759,0.0005784129350768236
9,-0.0480522475205252,0.0011265475871830538
9,-0.0075822253043473,-0.0035563020165290614
9,-0.0164529065562261,-0.0012568674990951064
9,0.0008520601967813,0.0009183868683830991
9,-0.0225264244866219,4.243765949675385e-05
9,-0.0015423989534126,-0.00024456902461436267
9,0.0197355245074803,-0.0009760304796973388
9,-0.0371330743635622,0.0003775554239370511
9,0.008431826384636,-0.0007507390789793463
9,0.0045941629504293,0.0009108134885231216
9,0.0076545416097531,0.0025381609728057854
9,0.0068660426796384,-0.0009540290475933495
9,-0.0108202889779455,0.00043862238898870453
9,-0.0048469370992542,-0.0014466457664816207
9,0.0158664751553307,0.0007833940949914702
9,0.0269321531496058,0.0021668454914459487
9,-0.0022005846647172,-0.000741775643140086
9,-0.0102905559990825,-0.0009454331140540425
9,0.006134900655087,0.00048417528571730663
9,0.0077131650414521,-0.0008967238138495532
9,-0.0407870501120901,-0.00038311665852584255
9,-0.0142923431181386,-0.0030711310734815333
9,-0.0138074775869496,-0.0014098874159811912
9,0.0347357310866711,-0.0032648125539633615
9,0.0063269585959069,-0.0005065293998533595
9,0.0062210786977956,0.0011232970426782222
9,0.0079512890902428,-0.0019239688946146249
9,0.0398541771344627,-0.0026847865432171034
9,0.0161430651862918,-4.647538016006817e-05
9,0.01275404808059,-0.00019769976669084597
9,-0.0393364606318692,-0.0009425045438572785
9,-0.0063549110649285,-0.0034496238130982677
9,-0.0023854504054751,-0.0019915220900924837
9,-0.0335410857746045,-0.0014780481537330966
9,-0.0128314081233574,-0.000233587485552682
9,-0.0063758752941977,0.00039897138509179035
9,-0.0116352596487255,-0.0008077734965618957
9,0.0279682347558314,-0.0003575853571304323
9,0.001204194770492,-0.006243777593238076
9,0.0196636785879698,7.505111500458227e-05
9,-0.0032177503580923,0.0003555860768787483
9,-0.014041777793923,-0.0019021460951782108
9,0.0121325805795358,-0.0012459094442267746
9,-0.0188922490365733,-0.00040088280559925113
9,0.0114179523150826,-0.00012453781219575063
9,-0.0270522371777053,0.0009744058101502141
9,0.0027927286739605,-0.003441137108147602
9,-0.0423082001577634,-0.002709953075403962
9,0.006648246619687,-0.0036218304116069507
9,-0.0079264285281171,0.0008887602289646391
9,-0.0210382787368133,0.00029558459635242246
9,0.0047778276304733,-0.002498470542593292
9,0.0090581706581071,-0.0009013026847078907
9,-0.0204611817804063,0.002409895828338907
9,0.0047367166630241,0.0017096146458443447
9,-0.007369929742229,-0.001324431341668473
9,-0.003521545789472,-0.000224456931079281
9,0.004839019055214,-0.0021389481856640287
9,-0.0032234095167794,-0.0013816248186992318
9,0.005925979555195,-0.00036492249389807993
9,-0.0047526485620049,-0.0003291855655101713
9,0.0377566739626308,-0.0005867790896565031
9,-0.0039601156205771,-0.0005319582935866822
9,-0.0263485122207129,-0.0005326196789741562
9,0.0102773501710711,-0.0027136336202263477
9,0.0397383568460409,-0.002363132212452977
9,0.0040054946341321,0.0014637595444580063
9,-0.0040054946341322,0.0012081652886231742
9,0.0099154199047196,-0.0006337696718408639
9,0.0096144472296985,-0.0006278520910398531
9,0.0067632450224576,0.0007225806664337055
9,0.0223290345785532,0.0004515507694543179
9,0.0178995767708367,-0.0016205721030709986
9,0.0156744964769813,-0.0005625205964096373
9,0.000318671385752,-0.0007569142906527699
9,-0.0139234035662913,-0.002338276248677044
9,-0.0112408317603236,-0.00030662938251273123
9,0.0239528218080352,-0.0004704838820472428
9,0.0014026067518219,0.0009276777807484204
9,-0.0097948992997561,-0.002570709328432916
9,-0.0024477193807583,-0.0026911979527955597
9,-0.0071192293191182,-0.00041337334848684515
9,-0.0152495356128209,-0.004694391672688094
9,0.0209489679696708,0.0004076239360022321
9,-0.0116930129170743,-0.0005675611214717971
9,0.0431611248038736,-0.00160791711030257
9,6.256636565903327e-05,-0.0015926998314889193
9,-0.0003129671163047,0.0008129671469990015
9,-0.0071616971027556,-0.0011200479063283222
9,0.0093503168604994,-0.002793141281597793
9,0.0149130725948347,-0.0008378165277204003
