ticker_id,actual,predicted
0,-0.0061403565984092,0.003977299
0,0.01191796501567,0.002802999
0,-0.0053103946367286,0.0023670841
0,0.0192895978981255,0.0016955304
0,0.0112074060572252,0.0011865449
0,0.0135890661224373,0.0011297398
0,-0.009971301239309,0.0016248818
0,0.0104182291422558,0.0009814018
0,-0.0269399805853532,0.0011224765
0,0.0192265808865705,0.0010665129
0,0.0047605278361526,0.0007958062
0,0.003131449965822,0.0007728961
0,-0.0970134283718739,0.00038594284
0,-0.0756801642552274,0.012582421
0,-0.0374260605329087,0.012921244
0,-0.0511018221425499,0.012057528
0,0.1426174299296657,0.013454143
0,-0.0433186808967406,-0.052852098
0,0.0397922101183223,-0.00013047861
0,0.0218143612431649,-0.004622733
0,-0.0018781629607929,-0.019324167
0,-0.039711477097023,-0.0014953188
0,0.0138530336225604,0.0006597642
0,-0.0195831751242472,0.0040535065
0,0.0334976803903117,0.0028590574
0,0.0240404150204667,-0.0018104563
0,0.0182584648902389,0.0029956654
0,0.0043575619665133,0.001925285
0,0.0041010229270579,-0.0014771842
0,0.0050787896299317,-0.0013653908
0,0.0060891890037622,-0.0013653908
0,0.0038514691279508,-0.0014771842
0,-0.0380776252170646,-0.0043175304
0,-0.0319639722370047,-0.0018663127
0,-0.0019124747559765,-0.0007590488
0,-0.0114500479472761,0.0008857467
0,0.0062986046401569,0.0016737569
0,0.0052522114613739,0.0012170945
0,0.0612326272482598,0.001107308
0,0.0101010623586793,-0.008933141
0,-0.0028216991384934,0.0005839369
0,-0.0041531557841531,6.95181e-05
0,-0.0008989652784503,0.0013336532
0,-0.0118084971543826,0.00075534265
0,-0.0092388372444307,0.0005031685
0,-0.0233291591535706,0.0010471502
0,-0.0036187791224789,0.00070832646
0,-0.0307110919924719,0.0011735293
0,0.0249837020115146,0.0009356309
0,0.0010482444818219,0.0006559426
0,-0.0023478471859157,0.00064974226
0,0.0044910482478603,0.0008710883
0,0.004223033647493,0.001005053
0,0.0077537281183105,0.0008571894
0,-0.0022161562475237,0.0012513183
0,-0.0108565069204651,0.0018691015
0,0.0162653157212668,0.00019571095
0,-0.0121864469617818,0.0007645127
0,0.0060377257853585,0.00095256814
0,-0.0193803670140473,0.0010699915
0,0.0021106805202388,0.0007982288
0,-0.0139014652047572,0.0004924812
0,0.0099781325685446,0.00017607462
0,-0.0141097777873598,0.00083274086
0,0.0047932736509028,0.0012591959
0,0.0222353684334963,0.00091463304
0,0.0024845957941194,0.0010451849
0,-0.0059731427797889,0.00060793717
0,0.0062706942514081,0.0009555647
0,-0.0027821472657385,0.0009656858
0,0.0003978802500065,0.0008558991
0,0.020136066358568,0.00074615673
0,0.0128334858934626,0.0009090029
0,0.0219873462404818,-0.0023500456
0,0.0052112528507406,0.00035539633
0,-0.0170015318499711,0.00076716096
0,0.0002857964862248,0.00021714804
0,0.005366236584285,0.00076159154
0,0.0059969202605178,0.0014849427
0,-0.005902158436304,0.0005910641
0,-0.0121017398200867,0.0001251938
0,0.0023460738633548,0.0007060242
0,0.0050087286630547,0.0011210443
0,-0.0006664606422247,0.0008558991
0,0.0055079329688256,0.0008558991
0,0.0061371598058083,0.00080484635
0,0.0089954982877683,0.00092180865
0,-0.001166711193185,0.0008707559
0,-0.0018228062438943,0.0007589625
0,0.0005612560321282,0.0007589625
0,0.0007945559579217,0.00081001525
0,-0.0130726395323855,0.00092180865
0,-0.0105636874946446,0.0014517204
0,-0.0071046965855922,0.000919802
0,-0.0253214482993362,0.00028363304
0,0.0047815016861833,0.009943562
0,-0.0021168243142779,-0.00023638949
0,0.0496533215664697,0.00096868654
0,0.031298720623667,0.0009918135
0,0.0414853402399662,0.00051917933
0,-0.0083723467593156,-0.0016158822
0,0.0108137453214005,-0.0025647732
0,0.0158973585245164,-0.0018885917
0,-0.0023599497851948,-0.0026833802
0,-0.00512531304894,-0.002027259
0,-0.0030271365104298,0.00020337058
0,-0.0014302555500621,0.00032265176
0,-0.0199317954852488,5.3866e-05
0,-0.0049234392683557,0.00040308086
0,0.0126366422295304,0.00016902888
0,-0.002637835810838,0.0006772749
0,0.00942012934873,0.00055495044
0,0.0051327529866176,0.00084790454
0,0.0089406963910996,0.0007119427
0,-0.0018076304121467,0.0006608899
0,-0.0104793674524135,8.189263e-06
0,0.0373823043687796,-0.001939573
0,0.0054783076521904,0.0010977186
0,-0.0003754444072554,0.0006066076
0,-0.0075800388713425,0.001456041
0,-0.0149505774367243,0.00081624853
0,-0.032791330268309,0.00084770937
0,0.0141853121951412,0.00073591596
0,0.0174104799169196,0.00066890125
0,0.0111732787881904,0.00072827406
0,0.006107116505077,0.00045228098
0,0.0035211346933712,0.0003943082
0,-0.0046554143936662,0.0006608899
0,0.0315305769896094,0.0006608899
0,0.0421928880313619,-9.9161334e-05
0,-0.0064640612933677,-0.00028053496
0,-0.0083673204579979,-4.1126923e-06
0,0.0179116129404504,0.00012729928
0,-0.0055042387696018,0.000320645
0,-0.0040400537128507,0.00021085818
0,0.0007857042433055,-2.8108298e-05
0,0.0032152005150525,0.0005855633
0,0.0065552010683879,0.00060143956
0,0.003455166498047,0.00060143956
0,-0.0051679652376991,0.0010466215
0,-0.0008183283555232,0.00081624853
0,0.0061413206668863,0.00045228098
0,-0.0157003150976842,0.0007555079
0,-0.0351321259170336,0.00068481883
0,0.0096972194509409,0.0036708158
0,0.0004440940373933,0.001016013
0,0.0063164171074317,0.00050664647
0,-0.0076088131842748,0.00070445513
0,0.0193706874286058,5.9242047e-05
0,0.0386808198117438,-0.004524011
0,0.0020188791008664,0.0008791927
0,-0.0165767847102568,0.0004969718
0,0.0043626225752759,0.0001791222
0,0.0124047310490356,0.0008217294
0,0.022535428095377,0.0007119427
0,0.0007064546002063,0.0004926496
0,0.0025989435544846,0.0001697044
0,0.0062834509281645,0.00012925884
0,-0.0038023760230781,0.00015216859
0,-0.004894318103696,0.00015216859
0,0.0036730958944033,-0.0017327828
0,0.0003702763931567,0.000630145
0,-0.001370764804797,0.0007555079
0,-0.0048304975684466,5.175448e-05
0,0.0045383105041905,0.0007555079
0,0.0213712635927278,0.0005872676
0,-0.0064879930780243,0.0008673013
0,-0.0019031745808056,0.00070445513
0,-0.0019803789997167,0.00016154128
0,-0.0183383422727072,0.0007555079
0,-7.471386053713637e-05,0.0003890795
0,0.0041790495492482,0.00056955527
0,-0.0086385667171874,0.0007119427
0,0.0194895643757016,5.9242047e-05
0,0.0161857525262181,0.0008143505
0,0.0037981174643085,0.00080397155
0,0.0020919168217879,0.0006103903
0,0.0046728219175923,0.0006608899
0,0.0151261951355408,0.0006608899
0,0.0108558136671096,0.00087702763
0,-0.0071536301977958,0.0006316337
0,-0.0122157056877207,0.0009955687
0,-0.0068635671544567,0.00094105303
0,-0.0031976592937218,0.00086529466
0,-0.0025582234958844,0.0006131205
0,0.0057558827896064,0.0008673013
0,-0.0026941071155614,0.0007555079
0,0.0008989157235724,0.0007555079
0,-0.0150984674266056,5.175448e-05
0,0.001822476812521,0.0004020982
0,-0.0101382559442757,0.0009335228
0,0.0012867314447552,0.00031742858
0,0.0054227619918557,0.0007630398
0,-0.0099148377780634,-0.0008420921
0,0.0051165076813844,0.0008237361
0,0.0053097568055406,0.00088247005
0,-0.0014986887603295,0.0007119427
0,0.0013160584043321,0.0006608899
0,-0.002487157141666,0.0005969543
0,-0.0044775154936736,0.00096769247
0,-0.0031314857915477,0.0005362137
0,-0.0139337036617212,0.000745396
0,-0.0185044371165938,0.0009100222
0,-0.0077676120635992,0.0009916656
0,-0.00496733444938,0.00065901916
0,0.0012729954419464,0.0009505615
0,0.0033870275674454,0.00089946436
0,0.003069224503101,0.0005238531
0,-0.0041840502464704,0.0004795711
0,-0.0067546440807454,0.00036777768
0,-0.0104333459781101,0.00089946436
0,-0.035166795246858,0.0009822174
0,0.0038434852977142,0.005061896
0,0.0028225411486548,0.0026266633
0,-0.0012490174035431,0.0017465203
0,0.0292800620375082,0.0033672454
0,0.0111353241338996,0.0014094012
0,-0.0071106926700518,0.0012563434
0,0.0071495543958893,0.0013052445
0,0.0046353771155085,0.0008559435
0,0.0397794349127671,0.00055903685
0,-0.0019648308518361,-0.0024010984
0,0.0256803498806463,7.683051e-05
0,-0.0020999452318476,-0.0012309408
0,0.0079779832052504,-0.0028086265
0,-0.0117290444563869,-0.0016821225
0,-0.0034288893262116,-0.0020347598
0,0.0066281415917573,-0.0013275109
0,-0.0512741260861312,0.0005910641
0,-0.0229957633730363,-0.00078157085
0,0.0311768143564595,0.0015270947
0,0.0017795831671139,-0.00224582
0,-0.0143642652396457,0.00079134403
0,0.0152338051804435,0.000942001
0,0.0060290623922912,0.0011735293
0,0.0221440517351656,0.000603725
0,0.0076505161963719,0.0011244833
0,-0.0046786174669959,0.00074088224
0,-0.0326578884566748,0.00039002902
0,0.0020418360212967,0.00047858624
0,-0.0036708239046801,0.0019384781
0,-0.004674549655599,0.0011495602
0,-0.0085308208402494,0.0015530773
0,-0.010932115299618,0.00024676375
0,0.0093557010685318,0.0003565505
0,0.0036488509698246,2.1406366e-05
0,-7.665866677458683e-05,0.0010112576
0,-0.0195526537947659,0.0008484116
0,-0.0222987261485577,0.00012502185
0,0.0107370315652441,0.00093856204
0,0.0055615265961008,0.00018422643
0,-0.0170184433116076,0.0009710051
0,-0.0039285945586156,0.00020247055
0,-0.0039038994401073,0.00091463304
0,0.014014841512174,-0.00057801505
0,0.000596213406395,0.0006876588
0,0.0038868965936841,0.00096769247
0,0.0010682766662048,0.00080484635
0,-0.0163052652877133,3.5479166e-05
0,-0.0087601362682987,-0.0001449525
0,0.0286179234079917,0.0019713584
0,0.0072239671209449,-0.011490796
0,0.0011337741969299,0.0013223705
0,0.0114224431928019,0.00035126772
0,-0.0209235399491677,0.00065180473
0,0.0210781243056216,0.00028976754
0,0.0061225495501451,-0.008977306
0,-3.837862627880075e-05,0.0010897894
0,-0.0049260800827558,0.00054001133
0,-0.0014285405616683,0.00040706605
0,0.0289400496239503,0.00039227717
0,-0.0114377358165369,0.00056051754
0,0.0255996862037618,0.00027178743
0,0.0103813512370385,0.0002675093
0,-0.0255195863875237,1.9613071e-05
0,0.0259591762830948,0.00047886086
0,0.0009511674218491,0.00036149428
0,-0.0087054700740506,0.0004958944
0,-0.012809478192957,0.0004964461
0,0.0115174584573215,0.0007690791
0,-0.0019967242641365,0.0010774791
0,0.0043581821011512,0.0004919316
0,0.0318800165037191,0.0010683525
0,-0.0118861131524689,0.0015761589
0,0.0262043773795775,0.00020916451
0,0.01164990195917,0.00076159154
0,-0.0002435340913502,0.00087050814
0,0.0202499554412626,0.00054001133
0,-0.0012634108700848,0.00054001133
0,0.0072172673455438,0.00033888998
0,0.0137115529290131,0.00065180473
0,-0.0022107349719331,0.0005910641
0,0.0067509801367255,0.00054001133
0,-0.0079925163491217,-0.00014323607
0,0.0037868112765715,0.0006592923
0,0.0109113138694099,0.0007180263
0,0.0090244039129116,0.0012315714
0,0.0124796640984239,0.0005666737
0,-0.0015879959853538,0.0004964461
0,0.0081399211775282,0.0006784671
0,0.0053259869555545,0.00080484635
0,-0.0014410019964428,0.0008558991
0,-0.0185978511224493,0.00074615673
0,0.0286097455203483,-0.0003976743
0,-0.0157967574548859,0.00096697616
0,0.0031215751987724,0.00084417744
0,-0.0125775933554413,0.0010850091
0,-0.0190518854697878,0.00029992222
0,-0.0371271011267188,0.0011379137
0,0.0035387368280779,0.0016090214
0,0.013794257734621,0.0009876259
0,-0.0153386718908375,0.0014338585
0,0.0180074275442888,0.0009855661
0,0.0094685455982192,0.0007316406
0,-0.0110554240537654,0.0011755361
0,0.0069365307945603,0.00030564706
0,-0.0033611561756575,0.0013456256
0,-0.0091662810202036,0.00081156875
0,-0.0041540970327318,0.000760516
0,-0.0631291052885232,0.002067408
0,0.0308828692129702,0.0007373154
0,-0.0072146175713474,0.0005325789
0,0.0266869279465594,4.668418e-05
0,0.0171999022377519,0.00123427
0,0.0472716343082328,0.0006775282
0,0.0129732635608214,0.00072947587
0,-0.0064173177522915,0.0001793738
0,0.0087493981213917,0.00018131157
0,0.0089897008619499,-0.0013224625
0,-0.0028501014457968,-0.0012901947
0,0.0062911086352786,-0.00094892544
0,-0.0077510778892896,-0.0019031245
0,0.0393599955609401,0.0009107013
0,0.017434906842973,-0.0012314607
0,0.0014391811187502,-0.0018698502
0,-0.0216566575869813,-0.0030896747
0,0.0035150750095092,-0.0011388722
0,-0.0056606573339303,0.00047845647
0,-0.0130647945093914,0.00072572206
0,0.0347073935629419,0.00017052225
0,0.0116133131860308,0.00068162935
0,0.0093649571131972,0.00033769707
0,-0.0055729125775482,0.0004200629
0,-0.014174985441458,5.604809e-05
0,-0.0763828794580557,-0.0015409106
0,-0.0179319564788425,-0.0028716864
0,0.0194522108448553,0.0030777464
0,0.0052226746572799,-0.0003488722
0,0.0045235087677644,0.0004922699
0,0.0029404636305595,0.0010103713
0,-0.0154512432631464,0.0010103713
0,-0.0109269512929969,0.00074555946
0,-0.0087621736105062,0.0009770881
0,0.0099094149832447,0.00086529466
0,0.0021923891943256,0.00086529466
0,-0.0011119714123237,0.0007555079
1,-0.0150301268402678,0.0022739724
1,0.0140077785215382,0.0019103677
1,-0.0030218279679656,0.001988619
1,0.0064424486752199,0.0013170657
1,0.0353003722345404,0.0011113236
1,0.011981521917604,0.00089156703
1,-0.0225159531598891,0.0011047345
1,0.0011428644161791,0.00046001974
1,-0.0438559892175146,0.00094252184
1,-0.0128468357342619,0.00035690318
1,0.0099888585095992,0.0017270317
1,0.019785262896237,0.001448324
1,-0.094081357399286,0.0012503803
1,-0.0424207364103203,0.016861817
1,0.024606997782102,0.01289655
1,-0.0265972597178129,0.002379335
1,0.1131235886181351,5.975098e-05
1,-0.0530851136551406,-0.042993102
1,0.0199410794222696,-0.00012875313
1,-0.0149870652965944,-0.003787041
1,-0.0139893290164729,-0.011346646
1,-0.029726389380639,0.00049706484
1,-0.0099153473238934,0.0036450254
1,-0.0311265275868967,0.005254973
1,0.0344232833794173,0.0057714633
1,0.0419532010515184,-0.0029585077
1,0.0323609825284964,0.003068286
1,0.0130484753656954,0.001925285
1,-0.0068492053390798,0.0009774206
1,-0.0016529240033086,0.0011515097
1,-0.0159762481481809,0.0012612962
1,0.0308603788840218,0.0011833789
1,-0.0011573530932638,-0.002116065
1,-0.0192921222947972,3.0404357e-05
1,-0.0072168106978977,0.00030155474
1,0.0198016327383634,0.0004888012
1,0.0177004807270683,0.00090869464
1,0.0050890473288578,0.0007989079
1,0.07760926703828,0.0007478551
1,0.0129998533830553,-0.01471021
1,-0.0053128303429047,-0.004788793
1,-0.0244584039995163,-0.0026454022
1,0.0020449815996183,-0.0020884064
1,0.0027687076543828,-0.001757822
1,-0.0101894759758309,0.00072727556
1,-0.0145613875678794,0.00086713606
1,0.009796778074282,0.00043047272
1,-0.0104433157299196,0.0011735293
1,0.0247180892854408,0.00041104213
1,-0.0063300743793082,0.0006048898
1,0.0047755840086203,0.0007880314
1,-0.0033600501810788,0.0011224765
1,0.0079677797803505,0.001005053
1,-0.0045590688203024,0.00080613664
1,0.0073618243304791,0.001302371
1,0.0032760444368173,0.0018691015
1,0.0268593707089081,0.00026329537
1,0.0158404816256081,0.0006036731
1,0.0028993089092675,0.0007355463
1,-0.0204737946353686,0.00096020504
1,0.0001876397374085,0.0007777225
1,-0.0053604273678064,0.000543534
1,0.0186834014095502,0.00024676375
1,-0.0059407894922021,0.00072295405
1,-0.0107643805780299,0.0014976042
1,-0.0134058604449631,0.0008559435
1,-0.0058351093917059,0.0009822174
1,0.0204166383159316,0.00083274086
1,-0.0036726605052765,0.001116404
1,0.0239110439370205,0.0008558991
1,0.028065998915184,0.00074615673
1,-0.0176652073438087,-0.0013764311
1,0.0048653378201404,0.00051154953
1,-0.0024524674580839,-0.0019242215
1,0.0157448292515542,0.000745396
1,0.0002685175362458,0.0011395249
1,-0.0185629637223628,0.00064729026
1,0.0143926119638696,0.0008895159
1,-0.00125898751783,0.0019031299
1,0.0123414630874894,0.00089946436
1,0.0029730809278075,0.0004030477
1,0.002920113789153,0.00064729026
1,-0.0140590632721295,0.00096020504
1,0.0030867782583285,0.00078521005
1,0.0099998608947342,0.0009656858
1,0.0139211264450298,0.0008558991
1,-0.0080128362426705,0.00092180865
1,0.003598354221935,0.0008707559
1,0.0171115203350492,0.0008687492
1,-0.0034075702705455,0.00081001525
1,0.0058160595506959,0.0007589625
1,-0.0076757549181458,0.0008707559
1,-0.0035559103854632,0.0014517204
1,0.0168860275156094,0.0008687492
1,-0.0863165321149764,-0.00060273655
1,-0.0145406227352098,0.0058385297
1,0.0098731696877148,-0.0034327507
1,0.0392656854150399,-4.4682238e-05
1,0.0036817898977651,-0.0019688536
1,-0.001973902368859,0.00073465996
1,-0.0062614199136725,0.0006602349
1,0.0007678847964323,0.00045228098
1,0.013855775538096,0.0006970543
1,0.0281881870081661,0.0007555079
1,0.0002164587456877,0.0006968183
1,0.0019891328430845,0.0004287437
1,-0.0151472362286209,0.0007726833
1,-0.0185919968263391,0.00048426137
1,-0.0083453491933594,0.00075104035
1,0.0305709358671122,0.00016902888
1,-0.0039406062590729,0.00033593737
1,0.0033724076943096,0.00027923903
1,0.001791007628483,0.0007726833
1,0.0107659095914114,0.0007119427
1,-0.0112897684982944,0.0007119427
1,-0.0161116470697036,5.9242047e-05
1,0.0028804183282881,-0.0019004754
1,0.0419841468245321,0.0011564081
1,-0.0143161389688929,0.0010716048
1,0.0149948108045685,0.001302986
1,0.0101249985199371,0.00078374246
1,-0.0337655208284537,0.0008673013
1,-0.0016511904499798,0.00082305184
1,-0.0078586000933293,0.0006178485
1,0.0142741397227007,0.00072827406
1,0.0112573604410867,0.0006131205
1,-0.0104367041098971,0.00050405075
1,-0.001685208986325,0.0006022003
1,0.0010805905597171,0.00077067665
1,-0.0167719330385367,-4.8108548e-05
1,-0.0308718721782628,0.00045371486
1,-0.0022679860251128,0.00080414413
1,-0.0093987954154842,0.0007911829
1,0.0074441688734815,0.0006847088
1,0.01081580588278,0.0008217294
1,-0.011771724709007,0.00045976863
1,0.0048159908131601,0.0007726833
1,0.0080354294084245,0.00066017354
1,-0.013124777320547,0.00060143956
1,0.0063123182564672,0.0009955687
1,0.0039758112251014,0.0009260353
1,0.0153918136679746,0.00033561475
1,0.0111269438138621,0.00070445513
1,-0.0512147688704082,0.00070445513
1,0.016955828210376,0.0038333698
1,-0.0168633784796749,0.0007460475
1,-0.0037966156016826,0.00014747781
1,-0.0051158426228095,0.0008142419
1,-0.0066899641474984,-0.00010847725
1,0.0160182346953324,-0.0045372187
1,0.0253143576931411,0.00097244786
1,-0.018546837697264,0.00079318957
1,0.0143041771909419,-0.00012201565
1,0.0140133007476849,0.00077067665
1,0.0122347129147079,0.0007119427
1,0.0099952556009383,-8.435003e-06
1,0.0045697089412932,-0.000164906
1,-0.0328390457202375,0.00010111577
1,0.0915256890456208,-0.0053236648
1,0.0392648036152858,-0.0050393185
1,-0.0185970257011073,-0.006786653
1,0.0035233445181079,-0.0047273585
1,-0.0290345746126107,-0.0032203267
1,0.0056211467512011,-0.004108794
1,0.0161931675138769,-0.002309794
1,0.0028141212824004,0.0003102902
1,-0.0198668975907615,0.00031516416
1,-0.027483132611142,0.00013268151
1,-0.012238911800717,0.00014190501
1,-0.0077851677906159,0.00086529466
1,-0.0453285278026211,0.0005423214
1,0.0006288715862684,0.002460776
1,-0.0252383767679761,0.0012383952
1,0.0162167089298336,7.3793635e-06
1,0.025014152157624,0.0012654165
1,0.0148703229754801,0.00086597377
1,-0.0022230225348221,0.00033467895
1,0.0175617538053586,0.0006608899
1,0.0028259648585821,0.0006608899
1,0.0023061862991379,0.00087702763
1,-0.0087403867171292,0.0006621802
1,-0.014171743534491,0.0010466215
1,0.0018314943611838,0.0009214168
1,-0.0115684187476266,0.00086529466
1,0.0045293663099214,0.00050333375
1,0.0167939584837069,0.0009770881
1,-0.0064926861329419,0.0007555079
1,-0.0179205896731592,0.00070445513
1,-0.0162685342732044,9.085219e-05
1,8.988664518458119e-05,0.00054243155
1,-0.0058130226138263,0.0009335228
1,0.0245084706398785,0.00034797526
1,0.0025985418858297,0.0007630398
1,0.0047390784871213,0.00052698306
1,0.0161108497067559,0.0007726833
1,0.001033348455667,0.0008237361
1,0.0006022774408403,0.0006608899
1,-0.0019371793526923,0.0006608899
1,0.0019801618568183,0.0006480071
1,-0.0073810259883125,0.00096769247
1,-0.0188932728004698,0.0005362137
1,0.0285509757465873,0.0011390813
1,0.033210483799025,0.0010623547
1,0.0026114748641674,0.0003684565
1,0.0193917968161578,-8.593233e-05
1,0.0044159595359424,0.00039771854
1,-0.003685348509949,0.0005910641
1,-0.0158262655063085,0.00033211923
1,-0.0248317911077732,0.00021714804
1,0.00644442902814,0.00033642174
1,0.0039388379666792,0.0009787045
1,-0.0345477870339635,0.0010213164
1,0.0013410811217218,8.601353e-06
1,0.0130142449691605,0.00013523907
1,0.0203597627124097,0.0010670554
1,-0.0030989827151844,0.0008558991
1,0.0259173878305945,0.00091663975
1,-0.0068486322879873,0.00091663975
1,-0.0052811890090161,0.00058018765
1,-0.0101033754763114,0.0008840866
1,0.0151788407039437,0.0008253526
1,-0.0180245403861834,-0.0018731687
1,-0.0238767502183765,0.0010168687
1,-0.0452148770057491,0.0011634742
1,-0.0571504655150238,0.002188202
1,-0.0076365685687988,0.0010744014
1,-0.0084680763588102,0.0029124287
1,-0.0140134875123872,0.0015271837
1,-0.0221966883496971,0.0042667366
1,-0.0040664370833358,0.0065171807
1,0.0118019106799288,0.004389741
1,0.0179341630113734,0.0037949095
1,0.0003417909236829,0.0027997151
1,0.0253043840181243,0.0027486624
1,-0.0233049994629257,0.0014700211
1,0.0159005513762855,0.0008942782
1,0.0099237543712165,0.0016163802
1,-0.0129971307637486,0.0016699599
1,0.0099541491907686,0.001026552
1,-0.0076962095633612,0.0008984555
1,0.0016302091348673,0.0020191977
1,0.0380260197243509,0.0013252608
1,0.0097301808141142,0.0014691228
1,-0.0265201038310697,-0.00020122348
1,0.001312391898173,-0.00018954667
1,0.003926872997654,-0.00013020277
1,-0.0078692988947212,0.0011348082
1,-0.0147806716223704,0.0007989079
1,-0.0089166488373542,-3.346736e-05
1,0.0194088603204501,0.0012170945
1,0.016208681248397,0.00039207013
1,-0.0250795459631596,0.00086713606
1,-0.0053030276815242,0.00041031427
1,-0.0163720338855983,0.0011224765
1,0.0229607657798132,0.0004132726
1,-0.0138964039032496,0.0010052891
1,0.0213398769405335,0.00080098293
1,-0.0198933855660318,0.00091463304
1,-0.0403121686592431,-3.5209934e-05
1,0.0080442145404191,0.00041030167
1,0.0357792296564156,0.0021792012
1,0.0109828388282875,-0.011937202
1,-0.0038064614152037,0.0014791614
1,0.0142940195524371,0.00041681857
1,0.0045949583469461,0.0011680485
1,0.0343925932105986,0.0003790145
1,0.0545309591359238,-0.009268315
1,0.0200418165139139,-0.00472555
1,0.0063144228596562,-0.004864581
1,0.0373527492838326,-0.005298768
1,-0.0020903861446824,-0.007949679
1,0.0048173395273468,-0.0026257543
1,0.0034382179946088,-0.0016389223
1,-0.0091412664298261,-0.0021517924
1,0.0065437310715898,-0.0025533
1,0.0215734489512025,-0.0008062008
1,-0.0010970880261798,-0.0015177885
1,0.0343339580231867,-0.000995745
1,-0.0109311335723666,-0.0014726563
1,-0.0054528874031879,0.0006521342
1,0.0127789786800135,0.0005236868
1,0.0076500618886929,8.177431e-05
1,0.0120004896357618,0.0012488664
1,0.0140291321838643,0.0024266457
1,0.0054985478239463,0.0007184923
1,0.0052503219710423,0.00095564866
1,-0.0139887178601784,0.0014577002
1,0.005552939638259,0.0010815662
1,-0.0136247517495961,0.0012620417
1,-0.0118547523383751,0.000880445
1,0.0160839271341396,0.0013738353
1,-0.0108310489517223,0.0013130945
1,-0.0115929726561524,0.001107308
1,0.0027220081197222,0.0005133414
1,-0.0210614011926188,0.0012853228
1,0.0216276699734667,0.0011048471
1,0.0129342972567618,0.001579531
1,-0.0080032744617438,0.000791935
1,-0.0038750213028487,0.00080484635
1,0.0244268665782138,0.0010264263
1,0.0078776403443637,0.0008558991
1,-0.0123385277904431,0.00058018765
1,-0.0352734611602585,0.00074615673
1,-0.0183095259850563,-0.00013873354
1,-0.0256656597014186,0.0011041308
1,0.0149661951954989,0.0021186112
1,-0.0310536521915656,0.0013439056
1,-0.0032977029725941,0.0013494256
1,-0.0042091509870762,0.0029818919
1,-0.0256759471236816,0.0016172718
1,0.0146401836862862,0.002534384
1,-0.0123319126026967,0.0019695526
1,0.0308339060518898,0.002525747
1,-8.131487459136934e-05,0.0012320388
1,-0.0351639124576668,0.001092234
1,0.028597683957913,0.00065345207
1,-0.048628576665268,0.0013863089
1,0.0056543622120003,0.0016188258
1,0.0006832216006888,0.0012301069
1,-0.0314802694033849,0.0015341033
1,0.0247130609143084,0.0037261415
1,0.0315149779699693,-0.004768587
1,-0.007523873763327,0.00151077
1,0.0139990647856193,0.0014131344
1,0.0040052130693041,0.0015123719
1,0.0061212749423821,0.0008435121
1,0.0074264513502231,0.0008596485
1,-0.0096406002160527,0.0008596485
1,0.0139406254300916,0.0002161682
1,-0.0069052509812282,0.00085764186
1,0.0079976118765854,0.0007989079
1,0.0007275987930538,0.00043774841
1,0.0297364970945275,0.0009107013
1,-0.0200858778507407,0.0007478551
1,-0.0107017584292806,-0.00041147796
1,0.0111018788736792,0.00016137573
1,-0.0098083449004841,0.0009310389
1,-0.0109667910593796,0.0005765135
1,-0.0467787201140818,0.0010765928
1,-0.0066556831027626,0.0010549107
1,-0.0031068038827955,0.0017076107
1,-0.0022931271456731,0.0016364428
1,-0.01840451837298,0.0017721163
1,0.0383039629988693,0.0012189408
1,0.1425457923711586,-0.0028940015
1,0.0447879137077052,-0.008204565
1,-0.0235119677980076,-0.0025742655
1,-0.0173437527511583,-0.006315179
1,-0.0014313710330971,-0.0049753496
1,0.0081209106230899,-0.0012759992
1,0.0130663505600638,-0.0022171985
1,-0.0211506084805647,-0.0015448518
1,-0.0184973871742933,-0.0020589163
1,-0.0080765033289186,2.8179584e-05
1,-0.0093979659906889,-0.0001737884
1,-0.0051148915229056,0.00065100606
2,-0.0222805270478939,0.002177972
2,0.019842787802233,0.0017556781
2,-0.0066729046069267,0.0018926193
2,0.007282896760842,0.0014451729
2,0.0222518939601047,0.0012797994
2,0.017029881361359,0.0011297398
2,-0.0327781469012236,0.0007521192
2,-0.0172320662478076,0.00010191389
2,-0.0499836961217951,0.0010517878
2,0.0020066802438755,0.004105864
2,0.0155918694336437,0.0021551119
2,-0.0001913224909425,0.00010853239
2,-0.0410767493998794,0.0014536378
2,-0.034560512095716,0.010076036
2,0.007867330443501,0.009846166
2,-0.0140678569454445,0.004030672
2,0.0924160879742883,0.0035106053
2,-0.0378180124492892,-0.03972279
2,0.0278763036833839,-0.0016428318
2,0.0122073983406219,-0.0026612498
2,-0.0175033349110624,-0.010769764
2,-0.019248523956184,-0.0014758796
2,-0.0142535684084733,0.0004099743
2,-0.0233590369802755,0.0028008656
2,0.0254076551788345,0.0033827836
2,0.0252930409248338,-0.0030523236
2,0.024982877209284,0.002163969
2,0.0166859483210264,0.001472669
2,-0.0083704530394222,0.0008686145
2,-0.002805666009188,0.0013148086
2,-0.0085278688885295,0.0014245952
2,0.0156204773764314,0.0012540679
2,0.016783244415861,-0.002085519
2,0.0010969310992255,0.00036480548
2,-0.0059859354932858,0.00053996296
2,-0.0753669924180605,0.0004956809
2,0.0189758987939293,-0.0013946989
2,-0.0099664546414593,0.0009394925
2,0.0366994517838218,-0.00071277726
2,0.0067299284981839,-0.009293496
2,0.0359532819502708,0.00094339
2,-0.0085629515245633,0.00085527287
2,0.0135093245329073,0.0016744228
2,0.0021038067849512,0.0006717838
2,-0.0154910243231826,0.0005031685
2,0.0275472882809785,0.00078507524
2,0.0136110722257777,0.0002697609
2,-0.0141450968379889,0.0004209415
2,0.0259556249757304,-1.9100069e-05
2,-0.0031281279898112,0.00064588286
2,-0.0029050037311466,0.0004796311
2,-0.0006986262494217,0.0007042899
2,-0.0159055300245933,0.0008702449
2,-0.0170047151088847,0.000994344
2,0.0111903335323555,0.0015493127
2,0.0009515004081858,0.0022377844
2,0.032001272842082,0.00045460733
2,0.0149905636534419,0.00081151683
2,0.0141536069917214,0.00094339
2,-0.007023616343958,0.0013573343
2,-0.0093471396631823,0.0008484116
2,-0.0058795309952928,0.0004924812
2,0.0119510637066498,0.0003565505
2,-0.0046496553946297,0.00083274086
2,-0.0150602682465597,0.0014976042
2,-0.0393038220585447,0.0007341573
2,-0.0087394689060311,0.0016626167
2,0.0095192907218297,0.0014470615
2,0.023174777402772,0.000984155
2,0.0166175988320879,0.0009221411
2,0.0283487167094421,0.0006480872
2,-0.0129667392374711,4.4795226e-05
2,-0.0022154726229111,0.0007900823
2,0.0157980934004675,-0.0019242215
2,0.0049697377614774,0.000745396
2,-0.0153797531743012,0.0011905778
2,-0.0138404197774382,0.00052554836
2,0.0128783895648875,0.0012071461
2,0.0056458532175611,0.0021109732
2,0.0143654537993387,0.001107308
2,0.0075742090509486,0.00064143795
2,0.0024205650580177,0.0005962375
2,0.0053154873034541,0.00096020504
2,0.0033284490209627,0.00080484635
2,0.0080294539072086,0.0008558991
2,0.0268702119288248,0.00080484635
2,0.0065016672213779,0.0006530895
2,-0.005818049327963,0.00025609776
2,0.0101465515702509,0.00039187266
2,0.0052418671658709,0.0005016594
2,-0.0031106214378381,0.000501615
2,0.0163265984221072,0.0006325832
2,0.003976762678462,0.0011624948
2,-0.0238407562499733,0.0005718426
2,-0.0145396304327855,-2.3117133e-05
2,0.0307700639791063,0.008387647
2,-0.0018988632646484,0.0004975309
2,0.0072678586452758,0.0006896624
2,0.0021906049598164,0.0008025277
2,0.0246279017832785,0.0008535805
2,-0.0020873578190453,0.0008025277
2,0.0115745644560958,0.00022762234
2,-0.0068097605693695,0.00053621485
2,0.0048406773859373,0.0007555079
2,0.0047192869783826,0.0008142419
2,-0.0019636699300789,0.0007555079
2,-0.0095291637264955,0.0007726833
2,-0.011225211268422,0.00050389767
2,0.0021550674833965,0.0008217294
2,0.0312462942035648,0.00016902888
2,0.0115781687894856,0.0004154365
2,-0.0064961663283879,0.00027923903
2,0.0016398656536109,0.0007726833
2,0.0198519451665328,0.00077067665
2,0.0059827045600539,0.00068139617
2,-0.0073538808495971,5.5216606e-07
2,0.0874291227914756,-0.001998263
2,0.0070849771694943,-0.006739689
2,0.0115558408490984,-0.0010232319
2,-0.0031994889842095,-0.0030089733
2,0.0236040279211618,-0.0031563842
2,-0.0019215756616938,-0.0020850603
2,0.0050048576964636,-0.0025252872
2,0.0017874134297903,6.9770467e-06
2,0.0439134614533897,0.00025442342
2,-0.0017901016112851,0.00036130092
2,-0.0065110020673014,4.407325e-05
2,0.009968978980321,-0.0004074154
2,0.0106168015848718,0.00033477845
2,-0.0086348156324873,0.00033850563
2,-0.0034511182104971,9.88134e-05
2,-0.0181240329801688,0.0009784703
2,-0.0054775206136568,0.00073725375
2,0.0030468324070988,0.0009177296
2,-0.0101511076160081,0.0008079428
2,-0.0039002594738675,0.0006309899
2,0.0073769695456545,0.0010295229
2,0.003220668330336,0.0006974397
2,-0.0013846639396172,0.00060143956
2,0.0204935959585518,0.0009955687
2,-0.0188240370710851,0.0008673013
2,-0.0046495111866124,0.0004326447
2,-0.012712237475756,0.0008142419
2,-0.0207495171206961,0.0007555079
2,0.0315386229678764,0.0030190174
2,0.0053104820969843,0.001016013
2,0.0224791745328168,0.00022762234
2,0.0017115148767044,0.00070445513
2,0.0072905985432885,-0.00049414276
2,0.0127490492779823,-0.0045882715
2,-0.0240243514520514,0.00086266117
2,0.0048989937315336,0.00089128
2,0.005507427210152,0.00044320145
2,0.0266683361651196,0.00071525533
2,0.0353405763112871,0.0006608899
2,-0.0067072513574562,-0.00034283596
2,0.0261989050683215,-0.00027289824
2,0.024855317452357,6.860966e-05
2,-0.0010309006251678,-0.009144894
2,0.0089572387923258,-0.002797547
2,-0.02202277302798,-0.004305039
2,0.0241000241771029,5.837145e-05
2,0.0015464617091185,0.0003131574
2,-0.0210093937309048,-0.00048042805
2,0.0396234757712399,0.00013268151
2,0.00416225564886,0.0001959698
2,-0.0159166544716435,9.050532e-05
2,-0.0288018062272005,0.00049147324
2,-0.0077842925383066,9.085219e-05
2,0.0306741223758196,0.00086529466
2,-0.0025996399869273,0.00051417836
2,0.0295642652127533,0.00012536746
2,-0.011541375735265,0.00023491343
2,0.0346659839490649,-0.00036150747
2,0.0612249842369117,0.0007862073
2,0.0151400633191432,-0.0030290976
2,-0.0108487315489977,-0.007326891
2,0.0007184997545418,-0.004083047
2,-0.0166598604897683,-0.0024324171
2,0.0029173599604853,5.7278514e-05
2,0.0120232063705158,0.0003219353
2,-0.0063083930848431,0.00054553716
2,0.0114261955692679,0.0008823191
2,-0.0231271392059339,0.0008142419
2,0.0106532670309582,0.0004326447
2,0.009822950157703,0.0009260353
2,-0.0245965778522195,0.00075882056
2,-0.010101119832548,0.00063376606
2,-0.0034654661705475,0.00016154128
2,-0.005367775981131,0.0006164332
2,-0.0326571656350992,0.0008237361
2,0.0191600891502117,0.0009279408
2,0.0154197880039631,0.0008217294
2,0.0084936348801888,0.0008060073
2,0.0146445461546613,0.0007726833
2,-0.0008275296126255,0.0007726833
2,-0.0018480639132099,0.0006608899
2,0.0001594504453582,0.0006608899
2,0.0009243115485423,0.0007232284
2,-0.0027120011943325,0.00096769247
2,0.0068454849201942,0.0005362137
2,0.0044009881756361,0.00082061725
2,-0.0069744482894164,0.0010112576
2,0.0240143746683149,0.00096020504
2,0.0106885708017433,0.00057982333
2,0.0095718186969471,0.0006237529
2,0.0099632496166522,0.0008484116
2,0.0123085853424912,0.00030157279
2,-0.000386962368028,0.0002572907
2,-0.0091532080569319,0.00017604369
2,-0.0083889398541831,0.00054001133
2,-0.0245411037365111,0.0006688236
2,0.0196199328358787,-3.840284e-05
2,0.0065561632787609,-0.0004726754
2,-0.0079275625462226,0.0010670554
2,0.01612285569403,0.00080484635
2,0.0038633195782322,0.0010264263
2,0.0043546314001811,0.00096769247
2,0.0066443625264028,0.00080484635
2,-0.0007393629426767,0.00074615673
2,0.0166941099246444,0.00080484635
2,-0.0116477372766206,-0.0020340085
2,-0.0198295979447761,0.0009078574
2,-0.005389239699639,0.0012386955
2,-0.0256547004260543,0.002132021
2,0.0045119470867237,-0.0005331286
2,-0.0178571434511868,0.00022925006
2,-0.0242093966149547,0.001151725
2,-0.006322853449819,0.0018012753
2,-0.0106716892775441,0.0020653638
2,-0.012176490478434,0.0023723717
2,0.0043282090294638,0.00354982
2,-0.001583677939509,0.0021483921
2,0.0392715938235064,0.0016499555
2,-0.0111420764863009,0.0017023741
2,-0.0018958605235937,0.0009325007
2,0.0064123569010131,0.0012204226
2,-0.0177989644308229,0.0010637428
2,0.0141489742974582,0.00053896237
2,-0.0169506589727228,0.00030205696
2,-0.0096379515658731,0.0015902829
2,-0.0014832120831766,0.0011657075
2,-0.0074502560010966,0.002163262
2,-0.007874648909053,0.000645685
2,0.0266275066817418,0.0008970735
2,0.0022172874143898,0.00072964863
2,0.0053919497321253,0.0011357992
2,-0.016823777459172,0.0010562552
2,-0.0041925208736996,8.355281e-06
2,0.0107924307474878,0.0009581983
2,0.017389497923292,7.443963e-05
2,-0.0104429103869353,0.0007295199
2,-0.0018216376105065,-3.5240813e-05
2,-0.0201608485410763,0.0006062329
2,0.0035155048815133,-1.867854e-05
2,-0.0392287167136599,0.0007974456
2,0.0016856289858513,0.0010759368
2,-0.0350127253744232,0.0010430783
2,-0.0237016836520121,0.001934064
2,-0.003066589029895,0.0027159324
2,0.0501298803180803,0.0052266377
2,0.0336129391971728,-0.014023617
2,-0.0054623458303873,0.002035887
2,0.014166950236567,0.00016942574
2,0.0180697080790041,0.0009799012
2,0.0380919895696715,0.0003790145
2,0.0036802469018372,-0.011613053
2,-0.0039324679094476,-0.0014653315
2,0.0127478490580818,-0.0010912188
2,0.0354658050030185,-0.0014741924
2,0.012566733338831,-0.0014584349
2,-0.0032683459867329,-0.0012246371
2,0.0167040263688056,-0.001134784
2,-0.0125461146998726,-0.00187269
2,-0.0153204014697174,-0.002287959
2,0.0209355649705314,-0.0010494434
2,-0.0012680634602706,-0.0016765553
2,0.0161281131514495,-0.0011492819
2,0.0171003595888829,-0.0015926561
2,-0.0015996959564303,-0.0010680349
2,0.0004573795411521,-0.0011190877
2,0.0949619021421175,7.3788804e-05
2,0.0023103469779553,-0.011443832
2,-0.0063465103916666,-0.0021499293
2,0.0134254599802883,-0.002816443
2,0.0244395800810505,-0.0021353168
2,-0.0001256717577409,-0.0025749214
2,0.0070356703093336,-0.0006935296
2,-0.0308090674743021,-0.0013481383
2,-0.0033247605513817,-0.001124736
2,0.0386644769712022,0.0010654352
2,-0.0038571772452171,0.0011190149
2,-0.0107540383248898,0.0006191965
2,0.0004032122294838,0.00035726195
2,-0.0236565229490935,0.0013813229
2,0.0032193462264388,0.0011421576
2,-0.0032193462264388,0.0016755312
2,-0.0121719682184107,0.0010214535
2,0.0153140802523149,0.0010637428
2,-0.0001286321341581,0.0010774791
2,0.0033378948784352,0.0008558991
2,-0.0254144850648955,0.00080484635
2,-0.0104928236923058,0.0010095852
2,-0.0393429488509333,-0.00016614582
2,-0.0079352816168817,0.0033616251
2,0.0361100499570212,0.0032858117
2,-0.0098824148686708,0.0012804663
2,-0.0136685305998832,0.00066028285
2,0.0026114672542867,0.0013838116
2,-0.0218703221438064,0.0009649207
2,0.0038926366279253,0.0007584662
2,0.0053244532017053,0.0018837379
2,0.0265300387969212,0.0011106206
2,0.0105037229750473,0.0006218539
2,-0.0256716440628449,0.000848772
2,0.0115875888680403,0.0002349579
2,-0.05114595956462,0.0008348579
2,-0.0102040519442608,-0.0010811624
2,-0.0024297446042315,0.0008497392
2,-0.004586437585356,0.00164389
2,-0.0185586820901451,0.0015054514
2,0.0470681548317473,-9.6930904e-05
2,0.0104639656032263,0.0015056876
2,0.0106878222311106,0.0014641872
2,-0.0036055034296413,0.0007242489
2,0.0180353307750619,0.00091127615
2,0.0015542336127331,0.0008596485
2,-0.0140203185624699,0.0009107013
2,-0.008407235471836,0.0001454791
2,-0.0047761391754185,0.00090869464
2,-0.013160843077121,0.00090869464
2,0.0196630311654052,0.00068741466
2,0.031244434858472,0.001328888
2,-0.045390999952137,0.0007989079
2,-0.0219337644491142,-7.644915e-05
2,0.0149410230817095,0.00023136791
2,-0.013845781884526,0.0006119795
2,-0.0146831411142239,0.00081753754
2,-0.0739977409020535,0.00094721426
2,0.0064320770741856,0.0077244206
2,0.021105514503072,0.0030823292
2,0.0216586814057879,0.0021313778
2,0.0089496867578037,0.0015789979
2,-0.0090994968666787,0.000935518
2,0.0651733213500215,-0.0007675497
2,0.0476489431994345,0.0031759415
2,0.0110230319897756,-0.0037150015
2,-0.0411365229029185,-0.0070618624
2,-0.0129968718899104,-0.0049708895
2,-0.0096904941647532,-0.0013192309
2,0.0090473631774861,-0.0017490663
2,-0.0391312853341773,-0.0012207772
2,-0.0007564324774682,-0.00087486254
2,0.0081751076156584,0.0008142419
2,-0.0013290161679834,0.00084405317
2,-0.0055080403741251,0.0007555079
3,0.0035489839837047,0.0008558991
3,0.0129269427698228,0.0010460247
3,-0.0789528606343204,0.0011059255
3,0.0136743411356474,-0.0038074998
3,0.0283033927066203,-0.0046954267
3,-0.0420430055596057,0.006846555
3,-0.0172451463669915,0.0036081248
3,-0.0041248174676649,0.002253513
3,0.0064458147372363,0.0011991259
3,-0.0152176336782057,-0.04450855
3,0.0202391482784424,-0.0013876366
3,0.0171849661986665,-0.0022028745
3,-0.0048056157584092,-0.0049442486
3,0.0018860666031639,-0.0010967903
3,0.0228669048117674,0.0020148566
3,-0.0034989331021207,0.0027617682
3,0.0052754232476467,0.0029502364
3,-0.0151376026131586,-0.0026568011
3,-0.0029003556580735,0.0021448846
3,-0.0022617079095818,0.0018477202
3,0.0049689203945512,0.0015624677
3,0.00359818578475,0.0016742612
3,0.0025623449237273,0.0016742612
3,-0.0119059409311613,0.0013787923
3,0.0106895594006161,-0.002145802
3,-0.007199837813411,0.0005751491
3,-0.0034251706551374,0.0006915723
3,0.018154986290641,0.0007060242
3,-0.0104806200164416,0.00089946436
3,-0.009294016379262,0.00089946436
3,-0.0005189042631162,0.0009581983
3,-0.0376803576113252,-0.010108379
3,-0.0141116725558961,0.00024556767
3,0.0219627357671977,0.0015305264
3,0.0114308498375951,0.0017708809
3,0.0076361129799718,0.000791935
3,0.0076434450873166,0.0004939827
3,-0.0031288513610142,0.00091663975
3,-0.0037277646959027,0.0004408789
3,0.0021598674956947,0.00080484635
3,0.010561215858576,0.00020319852
3,-0.0053649769105126,0.00033831186
3,0.007516095146479,0.0008558991
3,0.0105573171974201,0.00080484635
3,0.0012233305034723,0.0010451849
3,-0.0063260578261602,0.00080613664
3,-0.0078016151918788,0.0012513183
3,0.0028678960967521,0.0020299407
3,0.008875996911091,0.0003565505
3,0.0012894515053196,0.0006547259
3,0.0078285758636349,0.0010112576
3,-0.0076355089886485,0.00096020504
3,0.008976772979468,0.00089946436
3,0.0028047094794902,0.0004924812
3,-0.0120390482530531,0.00024676375
3,-0.0184660678631416,0.0006719013
3,-0.010887280818831,0.0015367018
3,-0.0062558273314154,0.00093513937
3,0.0101626225705319,0.0005436482
3,0.0057328950898975,0.00083274086
3,0.0005911688062304,0.00097607105
3,-0.0017746592902108,0.00080484635
3,0.0026278616102279,0.00080484635
3,0.0022284045129957,0.0007972095
3,0.0205404477701295,0.000937146
3,-0.002311458172576,-0.002041645
3,0.0028884888609012,0.000745396
3,-0.0047544464167305,0.0011395249
3,0.0033433274805916,0.00072251144
3,0.0031403164710752,0.0010112576
3,0.0089819362420999,0.0017933431
3,-0.0050224739509269,0.00089946436
3,-0.0005099115991525,0.00048464705
3,-0.0105775971133388,0.00053754786
3,0.0600899889882913,0.0010112576
3,-0.0109837242920166,-0.0042556403
3,0.0044080157222149,0.000521498
3,0.0040236347646978,-1.8765586e-06
3,0.0214879932806748,0.00037555557
3,0.0069431400185963,0.0005623556
3,0.0027165597403961,0.00032790852
3,-0.0074586482316841,0.00045056225
3,-0.0124360543294599,0.00045056225
3,0.0113063569252044,0.0010315953
3,-0.005068950969855,0.0015615071
3,-0.0151810059982792,0.00081001525
3,0.0155993604827163,5.2104162e-05
3,0.0219295007504904,0.008509389
3,-0.0017553877865421,0.000104947525
3,-0.0008789429012635,0.000850357
3,0.0054949638337467,0.0008025277
3,0.010439265346629,0.0008535805
3,0.0028230730407795,0.0008535805
3,-0.0060012060954817,0.00045228098
3,0.0094471283256176,0.00053621485
3,0.0017183834933392,0.00086529466
3,0.010929133110556,0.0007555079
3,-0.0022104454666207,0.0006739086
3,0.0087560426105175,0.0008237361
3,0.0058321733016079,0.00050389767
3,0.0005030096114995,0.0007119427
3,0.002010038051902,8.189263e-06
3,-0.0049203624345914,0.0006262221
3,-0.0035066301113209,0.00055495044
3,0.0016982379280289,0.0008237361
3,-0.0076085028379576,0.0007119427
3,0.0097556543198909,0.0007119427
3,0.0050108866212636,0.00016902888
3,-0.0003370657746617,-0.0019190669
3,0.0042605169511383,0.0009955687
3,-0.0018477354603919,0.00083126634
3,-0.0016826158531893,0.0015906971
3,-0.0065899700943917,0.00081624853
3,-0.0066336860463085,0.0008673013
3,0.0152986443091886,0.00086529466
3,-0.0024680880313836,0.00066890125
3,-0.003713547278313,0.0007555079
3,-0.0053127466423342,0.00045228098
3,0.0041847439242224,0.00050405075
3,-0.0173046562305467,0.0007119427
3,0.011588714793045,0.0006412536
3,-0.0113016262553426,0.00034863886
3,0.0135125452380504,0.00055495044
3,0.0006227459888834,0.00088247005
3,0.0058687327320909,0.0007119427
3,0.0110789429710112,0.0006608899
3,0.0105721476783282,0.0007119427
3,0.0207069921777019,0.00040871583
3,0.003391870524094,0.0007139937
3,-0.0003762788997398,0.00049169717
3,0.0142012305590646,0.0005503868
3,-0.0025476900005072,0.00080844894
3,0.0038721781783555,0.00062912854
3,0.0042262170397017,0.00021410827
3,0.0073009963031459,0.00051733514
3,-0.0018858053640534,0.00046628236
3,0.0009433880807452,0.0031834638
3,-0.000261903940135,0.0008551737
3,0.0016751970178382,0.0005198652
3,0.0049571686852948,0.0007555079
3,0.0057092746005778,5.9242047e-05
3,0.0025843151260148,-0.0045372187
3,-0.009543508981013,0.0008116084
3,0.0055089901028473,0.0007726833
3,-0.0024388753173385,0.00055294385
3,-0.0108132802206148,0.0007119427
3,-0.0005253345767969,0.0006608899
3,-0.0178675721923708,0.0006534891
3,-0.0017668229189405,0.00048426137
3,0.0130441970309417,0.0007630398
3,-0.0009527068268902,0.0007119427
3,-0.0139153017884772,0.0007119427
3,0.0032162108015535,-0.0018034719
3,-0.0046131824968651,0.0007399317
3,0.0052016784942548,0.0007555079
3,-0.0021417007914307,0.00010280727
3,0.0098138829521554,0.0007555079
3,0.0283610694340047,0.00053621485
3,0.0028850185152504,0.0008673013
3,0.0044142728431939,0.0003981971
3,0.0034765587706832,2.1207685e-05
3,0.0184578242708705,0.0007249614
3,0.0021021697145552,0.00035002612
3,0.0124718992648281,-0.0001510582
3,0.0027615313062622,0.00010111577
3,0.0040788486667536,-0.000500532
3,0.010489329198713,0.00017533594
3,0.0093334994714973,0.00030288709
3,0.0042970814040444,0.00010930566
3,-0.003088127894394,0.00015980538
3,-0.0076651217576259,0.00015980538
3,0.0003894549774468,0.00033982648
3,-0.0004381569546172,0.0008230197
3,-0.013977328787905,0.0010466215
3,-0.0027199968310567,0.00081163005
3,-0.0015363989461527,0.00086529466
3,-0.0082673416865145,0.00050333375
3,0.0323767025645984,0.0008673013
3,0.0166610459129033,0.00080660504
3,0.007448046167803,0.0004797965
3,0.0121669641842844,5.175448e-05
3,-0.0230014562591619,0.00045228098
3,0.0049090567465233,0.0007019942
3,-0.0096503615332486,0.00040670918
3,-0.0093567374363924,0.00071525533
3,0.0045929203277113,-0.00044534463
3,-0.0074559455709618,0.0009335228
3,0.0096721793304405,0.0008237361
3,-0.0007221940770544,0.00077067665
3,-0.0003372024766258,0.0007119427
3,-0.0031364579830643,0.0006721756
3,0.0001933063414769,0.00096769247
3,0.0019309362145702,0.0005362137
3,-0.0147697631076566,0.000745396
3,0.0023465916475951,0.00088187907
3,0.0130981453893126,0.0011210443
3,-0.0084213418882923,0.0005797789
3,-0.0066319013032699,0.00089946436
3,0.0257434177633419,0.0009581983
3,0.0185657516509618,0.0008178907
3,0.0226757298119313,0.00031288923
3,0.0046562988513977,0.0004257544
3,-0.0041530970554099,0.00044399087
3,-0.0020600135152991,0.00043775653
3,-0.000917059824671,-0.00043695333
3,0.0021993620346617,-0.00082063494
3,0.0075234142894751,0.0007972095
3,0.0061137985058186,0.0008558991
3,0.013230981725056,0.00096769247
3,0.0145083691866806,0.0006784671
3,-0.0018901787305937,0.0004964461
3,-0.0001759377772862,0.0004964461
3,0.0152841386252827,0.00046589956
3,0.0101326287874465,-0.0022913567
3,0.0058601647929177,0.0006300037
3,0.0140601995209267,0.0006668226
3,0.0092093979937332,0.0007811899
3,-0.0056411102866025,1.4657766e-05
3,-0.0012159203047308,3.2904336e-06
3,0.010475641819162,0.0007160652
3,0.0152039503355132,0.0006612917
3,-0.0045083037585312,0.00083224266
3,-0.0004929193428841,0.00078972196
3,0.0067988057269475,0.00085795013
3,0.0078065500424024,0.0008558991
3,-0.0180634423163383,0.0008558991
3,0.0137204297906882,0.0007506889
3,0.0070901337487185,0.00066245894
3,-0.0045172514911262,0.00096769247
3,-0.0069580856240236,0.00080484635
3,0.0201674066523347,0.00039002902
3,0.0005231251824271,0.0008402844
3,-0.0073085842440866,0.0016208475
3,-0.0058937197874627,0.00088735117
3,-0.0233858793524221,0.0014550206
3,0.0032080762992741,0.00028586146
3,0.0090686499069584,0.0003565505
3,0.0046062539798797,0.0003660562
3,-0.0029587763829747,0.0010112576
3,-0.0039172639085522,0.0008484116
3,-0.002150680644924,0.00019571095
3,0.0068907300665293,0.00089946436
3,-0.0211103034107701,7.443963e-05
3,-0.0034918466251515,0.00089700345
3,0.0013476917228551,0.00055066554
3,-0.0094298790284767,0.0008558991
3,0.0002124041544068,0.0003924844
3,-0.0006373478577278,0.0007974456
3,0.0196134106275549,0.00096769247
3,-0.002879878429741,0.0008558991
3,0.0050448603627691,0.00020319852
3,0.0084483315344764,0.00015214572
3,0.0080094170809589,0.0018615715
3,-0.0013100186021039,-0.010539933
3,-0.004433883052519,0.0014788929
3,-0.0085535420507071,0.00035126772
3,-0.0106805546294071,0.0010112576
3,0.0120491031495378,0.00075707695
3,4.141483031145479e-05,-0.009748136
3,-0.011880821950356,0.0013981891
3,-0.0020990064960958,0.0008484116
3,0.0089529285069356,0.0008763061
3,-0.0059737043975342,0.0006725344
3,-0.0174557465810045,0.00089946436
3,-0.001536037759689,0.0008133975
3,-0.0150151861306926,0.0006551056
3,-0.0198321164214218,0.0005330359
3,-0.0002653008349686,0.0009481006
3,0.0199239196590639,0.00066225784
3,-0.0137510639100028,0.0008558991
3,-0.0095399640940233,0.00078521005
3,0.0108138082349218,0.0010264263
3,-0.0019333873670566,0.0010774791
3,0.0109361975794844,0.00032421248
3,-0.0116402987602765,0.0008790667
3,-0.013248163805077,0.0018730211
3,0.0060034237120516,0.0006651162
3,-0.0041318084832954,0.0011210443
3,-0.0094381462624695,0.0015133094
3,-0.0053623336639587,0.0008484116
3,0.0004968553727828,0.0010092509
3,0.0126996269631276,0.0004795711
3,0.0270976109014883,0.0009807111
3,0.0016478204319817,0.00089946436
3,-0.0178798280244314,0.0005727001
3,0.0097008872301512,-2.6166119e-05
3,0.0047066593027213,0.000780617
3,-0.0029608208238778,0.00060060265
3,0.010454431379666,0.0011102911
3,0.0112002037514428,0.0004964461
3,-0.0121768739446314,0.0005474989
3,0.0048107263550621,0.0006082395
3,-0.0021207971192487,0.0006062329
3,-0.0239855681843618,0.0005474989
3,-0.0081098286096753,0.0007506889
3,-0.0027777859569165,-0.00016614582
3,0.0015691164646571,0.0009702887
3,0.0218434824488058,0.0011905778
3,0.0199599366398017,0.0010262752
3,-0.0026240678970185,0.00029464767
3,0.0206333165499195,0.0012791635
3,0.0062672777232536,0.00028783717
3,-0.0006711579076088,0.00022709646
3,0.0106010696769857,0.0012066542
3,-0.0218672259518927,0.00054001133
3,-0.0020389818255154,8.5973166e-05
3,-0.0041756567685774,0.00078825385
3,-0.0251207921949728,0.00034241675
3,0.0126176629123645,-0.00027899144
3,0.0331258946260876,0.0007135117
3,0.0079986722655332,0.00076914247
3,0.0159714402486117,0.0014230139
3,0.0391609948980667,0.0005361272
3,0.0150050369423997,0.00043775653
3,-0.0177182144708403,5.2494135e-05
3,3.936527955081779e-05,0.00039525758
3,0.0350506366382964,0.00049572944
3,-0.0142048887131203,-0.0012597849
3,0.0300457727261606,0.00035645702
3,-0.0144732748796406,-0.001077482
3,-0.0164597151323258,-0.000119304204
3,-0.0082157399502998,0.0007869528
3,0.0030693136317071,0.0012170945
3,-0.0153240342712929,0.0009649207
3,-0.0272742890351406,0.0009405687
3,0.0118715821320603,0.0011158591
3,0.0122066621077924,0.00046213935
3,-0.0168177972011518,0.00041435484
3,0.0071682196401066,0.0010079104
3,0.0198331326895873,0.0009436479
3,0.0141388262896409,0.0010178589
3,0.0158038390993161,0.000106261854
3,0.0096346106822712,0.0007589625
3,0.0029285200812819,0.00081206625
3,-0.0045091260468231,0.00081206625
3,-0.037253668258434,0.00039499495
3,0.002069589221846,-0.002531243
3,-0.0075965670674153,0.0011276456
3,0.0020418304925701,0.0020857085
3,0.010380163419616,0.0012808708
3,-0.0023708076075386,0.0008535805
3,0.0087559252842746,0.0008535805
3,0.0098648396428316,0.0008025277
3,-0.0077070115886649,0.0008673013
3,0.0040716885916643,0.00081624853
3,0.0046659638399164,0.0008142419
3,-0.0066228712101975,0.0007555079
3,0.0077288990571458,0.00070445513
4,0.0044360613591839,0.0033152401
4,0.01746581521117,0.0016879207
4,-0.0004182676480647,0.0018277799
4,0.0109022451656871,0.0012660129
4,0.0262630495197309,0.0014552989
4,0.012300051992701,0.0008213395
4,-0.0003983064545836,0.0005403717
4,-0.0116599194457668,0.00017260297
4,-0.0214684685649759,0.0004964461
4,0.0100379861675362,0.0006600558
4,-0.0067081833610492,0.0007690791
4,0.0088257315287009,0.0007728961
4,-0.0722321572570124,0.00049572944
4,-0.0777868359075213,0.007174384
4,0.019590042678169,0.019679071
4,0.0112680557077686,0.003449209
4,0.077474976919822,0.0008899466
4,-0.0313385242908456,-0.04305736
4,0.0392444230937042,-0.001249323
4,-0.0062857056682829,-0.0037387486
4,-0.0067968779308368,-0.010182914
4,-0.0152140811725619,-0.0011292964
4,0.0101827218927769,0.00076942745
4,-0.0128866437338217,0.0028715546
4,0.0284146527988137,0.0021169898
4,0.0222059044031661,-0.0027631656
4,0.0154888274607717,0.001631462
4,-0.0044654666860156,0.0017149627
4,-0.0013559304089268,0.0012030151
4,0.0057396377356859,0.0013148086
4,0.0,0.0013658614
4,0.0092369549274433,0.001329289
4,0.0225079107531529,-0.0022463591
4,0.000198000198647,0.00015696182
4,-0.0131924597135312,0.00023609868
4,0.000561549610867,0.00028783717
4,0.016227495902079,0.0007008509
4,-0.0015397661546804,0.0005910641
4,0.0271683152125123,0.0005910641
4,0.0113182225499262,-0.009326588
4,0.0099498743904171,0.0004271461
4,0.0069400966795282,0.00054001133
4,0.0002617849531588,0.00143389
4,-0.0100669925004011,0.0004964461
4,0.0030155675876636,0.00018558235
4,-0.0176189110848664,0.0007690791
4,-0.0014182891805882,0.0004212426
4,0.0001533850767718,0.0009656858
4,0.0174148649012702,0.00020319852
4,-0.006808183840663,0.00033831186
4,0.0033341159366712,0.0008558991
4,-0.001400352860297,0.00091463304
4,0.002496860715273,0.0010451849
4,0.0060647353096562,0.0008571894
4,-0.0077285768005151,0.001302371
4,-0.0086284876784964,0.0019201543
4,0.0143271431894883,0.0003054977
4,0.0037934436495564,0.0007645127
4,0.0069489252312367,0.0010112576
4,-0.0016767086973333,0.00096020504
4,0.0003355900240072,0.0008484116
4,-0.0123408753367367,0.00038269442
4,0.0202131412477273,0.00024676375
4,-0.0031118127507298,0.0008021943
4,0.0163395835550522,0.0014976042
4,0.0037890233919973,0.00074615673
4,0.0118206709105105,0.0007972095
4,0.0106877311700357,0.0006719013
4,0.0099058148327995,0.0008968752
4,0.0163758823184513,0.0004964461
4,-0.0056958528183616,0.00046589956
4,0.0097051716690487,0.0006857319
4,0.0017232557462196,0.00061381015
4,0.0054599786227484,-0.0022913567
4,0.0184117442622544,0.00038594284
4,-0.0137083806208661,0.00088217785
4,-0.0319819481383498,0.00021714804
4,0.0013429978277334,0.001015834
4,0.0176079786104223,0.0018444404
4,-0.0046259801514489,0.000902777
4,0.006393976754891,0.00048464705
4,-0.0074749676986368,0.0005962375
4,-0.0025509498491778,0.00095256814
4,0.0141739235882228,0.00091463304
4,0.0047143729219548,0.0008558991
4,-0.0010303035552533,0.0007972095
4,0.0015796354039255,0.0008707559
4,0.0181240059730162,0.0008707559
4,-0.0007080914788523,0.00081001525
4,0.0069561822678415,0.00081001525
4,-0.001139325389039,0.0007589625
4,-0.0041656670095603,0.00092180865
4,0.008681570412341,0.0014006676
4,-0.0113786204546461,0.00081001525
4,-0.023463752784787,0.00017384626
4,0.0167575169931642,0.0083289575
4,-0.0098697025547418,0.0002734238
4,-6.863742910587896e-05,0.00096868654
4,-0.0152521315562925,0.00091231446
4,0.0063227301106405,0.0007828914
4,0.0027666024984096,0.00096336723
4,0.011298002043544,0.00050333375
4,-0.0079536157641757,0.00053621485
4,0.0124169956455372,0.0007555079
4,-0.0125547792134642,0.0008142419
4,0.0035736568808317,0.0007555079
4,-0.0029885020397357,0.00088247005
4,0.0054211224574039,0.00055495044
4,-0.0026383271367343,0.0006608899
4,0.016232821849506,5.9242047e-05
4,-0.004533528819771,0.00059567566
4,0.0123680833508175,0.00055495044
4,0.002375017405813,0.0007726833
4,0.0059634467545074,0.0007119427
4,0.001161792193645,0.0006608899
4,-0.0057226691684394,5.9242047e-05
4,-0.0006342670281573,-0.001939573
4,0.0142877218056466,0.0011108818
4,-0.0315640437623926,0.0008823191
4,-0.0050060817658737,0.001520008
4,0.0167246850332743,0.0008954888
4,0.0089909269758417,0.00087061396
4,0.0165652479420145,0.0007555079
4,0.0044083452212567,0.0004775152
4,0.006462928613847,0.00070445513
4,0.0009384413877837,0.00045228098
4,0.0082455701992666,0.00015613544
4,0.0047363316868262,0.00012925884
4,0.0049360409529314,0.00021085818
4,-0.0074613564543026,-0.0066143847
4,0.0009596373516476,2.8132117e-06
4,0.0021720723261954,0.00088247005
4,9.565539931413668e-05,0.0007119427
4,0.0082922065236747,0.0007119427
4,-0.0011713919245234,0.0007119427
4,-0.0008239566032105,0.00045976863
4,-0.0150767220441745,0.0007892149
4,-0.0102224127880141,0.0005307504
4,0.0080314751388261,0.0007112263
4,0.0021044493705481,0.0011564081
4,-0.0048307765039503,0.0008673013
4,-0.0119664313177124,0.00045228098
4,0.0049216115143374,0.0007555079
4,-0.0153030454960792,0.00086529466
4,0.0232575006338246,0.002909231
4,-0.0193105686687606,0.0009062707
4,0.0118796086653966,0.00021719595
4,-0.0236675020508655,0.00075555226
4,-0.0032880390458567,-4.1993797e-05
4,0.0160023506644743,-0.0045545576
4,-0.0175831826447967,0.00086597377
4,-0.0100812294751023,0.000753047
4,0.0014609744098339,0.0005018911
4,0.0198332140050434,0.0008217294
4,0.0122730185688328,0.0007119427
4,0.0039702913917259,0.0005437024
4,0.0004911655410182,0.00050389767
4,0.0127816811050089,0.0006608899
4,0.0054144305162294,0.0006608899
4,-0.0057053379212941,0.00021085818
4,-0.0003233186146959,-0.0022338675
4,0.0078269715666432,0.00014226811
4,0.0055672202006174,0.00025442342
4,0.0025172823009005,-0.00039827725
4,0.0084932877065295,0.00020337058
4,-0.0040157817518298,3.5130208e-05
4,0.0150624559727887,0.00036621696
4,-0.0347078893943382,0.00039265648
4,-0.019149580844394,-2.6571699e-05
4,-0.0107289517151267,0.0006848632
4,-0.0032011930063817,0.0005423214
4,0.0128096728821177,0.00056955527
4,-0.0162556522469287,0.0007119427
4,-0.0012073146958899,-1.1447284e-05
4,-6.698885365101652e-05,0.0007862073
4,0.0166393131767144,0.00080397155
4,0.0151974888308219,0.00063089654
4,0.0175283706539777,0.0007119427
4,-0.0133762742464415,0.0006608899
4,-0.0033722891314606,0.0006532207
4,0.0137097554765727,0.00077196694
4,0.0126386968197606,0.0010466215
4,-0.0033590277465619,0.00032254512
4,0.0005395111499937,0.00020337058
4,-0.047757909627369,-4.8803464e-05
4,0.0314458964768887,-0.0011842409
4,0.0231727253673816,0.00080660504
4,0.0035854247516796,-0.0006746485
4,0.0046982446031201,-0.00034317764
4,-0.0140663297898029,-7.9349935e-05
4,-0.0018079787857562,0.00046382146
4,-0.0063059308679987,0.00040670918
4,0.0133607486897002,0.00065325305
4,0.0183668931321353,0.00047391202
4,0.0087516979005459,0.0008237361
4,0.0098918100503128,0.00027159895
4,-0.0038350969581531,0.00015980538
4,-0.0127676319444833,0.00015980538
4,-0.0010198210773784,0.0005365294
4,-0.0037172409845226,0.0010774791
4,0.0100664710859375,0.0005362137
4,0.0259596520454098,0.000745396
4,0.0062055448835831,0.0010112576
4,-0.0230361133846856,0.0003760933
4,0.0085266062584583,0.0004580371
4,-0.001820999389316,0.0008995087
4,-0.0143803474665531,0.0011235712
4,-0.0427834235689957,0.00058636186
4,-0.0097937512599059,0.0006926107
4,0.0045047930226123,0.0003899773
4,0.0103260789463542,-0.000671338
4,-0.0316341481995031,0.0007972095
4,-0.0023147430832682,0.0004966059
4,0.0052502563754537,-1.3915083e-05
4,-0.0196563302354919,0.0008592118
4,0.011089756398072,0.0010788684
4,-0.0024279625603488,0.0010264263
4,0.0015304477762258,0.0010961377
4,0.0186110134055129,0.0013052445
4,-0.0017311372082858,0.0009843443
4,0.0073286009536984,0.0008558991
4,0.021542138345198,-0.0020340085
4,0.0076568134828971,0.0007706846
4,-0.022664883328897,0.0006028585
4,0.0387047577461528,0.00054278155
4,-0.0009309078897587,0.00014097616
4,-0.0119306627503668,2.7387305e-06
4,-0.0237175403876548,0.00050951197
4,-0.0266698358609675,0.0005236926
4,-0.0002975346193599,0.002030415
4,0.0150245908487986,0.0012204072
4,0.0053578717707757,0.0011788488
4,-0.0023670305321947,0.0010637428
4,0.008855479136574,0.00101269
4,-0.0431319579952082,0.00101269
4,-0.0012438296284315,0.00050947914
4,0.0199807164690794,0.0011755804
4,0.0092874834256496,-0.0029138534
4,-0.0192279388614639,0.00048120625
4,-0.009166031826472,0.00031086686
4,0.0090328431329896,0.001719706
4,-0.0029016117740744,0.001088315
4,-0.019699202340078,0.0015530773
4,-0.013961704544366,0.00010645657
4,0.0015189002047436,0.00039574134
4,-0.0041130921373136,0.00069910206
4,-0.0041997340759615,0.0017194997
4,-0.0162341411780462,0.0016077062
4,0.0019423068255878,0.00065790815
4,0.0095505844618228,0.0017174928
4,0.0025478674235575,0.0007826819
4,0.0029583516932415,0.0016759345
4,0.0007989451438162,0.0009814018
4,-0.0049082111510353,0.0013562973
4,0.011622475968344,0.00072516367
4,0.0085522167795799,0.001188057
4,0.0102754547641771,0.0010961377
4,-0.0128093724144338,0.0004964461
4,-0.030707409764835,-0.00032397395
4,0.003282672939755,2.3524073e-05
4,0.035959793999021,0.0019713584
4,0.0041388219767467,-0.011099335
4,-0.002644173543696,0.0010139701
4,0.0079858267855136,-9.94256e-05
4,0.0065784121699089,0.00065180473
4,0.0349242964788825,0.00017117066
4,0.0076338061449059,-0.011029085
4,-0.0014833255164648,-0.0013833257
4,0.0122204858221529,-0.0012990624
4,-0.0081946807514054,-0.0016820362
4,-0.0168223507037142,-0.001696825
4,0.0130547163926948,-0.0011176717
4,0.0010963345559705,0.0006572857
4,0.0213628835462731,0.00026746496
4,-0.0126670401477303,0.00021372543
4,6.385450264070844e-05,0.0006592923
4,-0.0042578849925245,0.00036149428
4,-0.0110006662144108,0.0006177265
4,0.0108080762077417,0.0008558991
4,-0.0005776973848079,0.0010774791
4,-0.0070888695412205,0.00096769247
4,0.0127877574832263,0.0004408789
4,-0.0024292809532104,0.0010399059
4,-0.0155457473846069,0.0018730211
4,0.0056721821983081,0.00065235957
4,0.0176202151074733,0.0011210443
4,-0.0277881006512948,0.0015133094
4,-0.0137089011999195,0.0007777225
4,-0.0069756958282541,0.00085696275
4,0.0161358129317972,0.0007298431
4,-0.0153027511601392,0.0010904978
4,-0.0011330154113965,0.0008287753
4,-0.0070268130075446,0.0009581983
4,0.0097572092912067,0.00021621719
4,-0.016867440023781,0.0010774791
4,0.0210154481793358,0.00089700345
4,0.0033719680731615,0.0014697887
4,0.0110933424504385,0.0008558991
4,0.0011742640263176,0.00080484635
4,-0.0246208944783872,0.00096769247
4,-0.0085568872509487,0.00067546766
4,0.0086571605649495,0.00090699625
4,-0.0091628855811946,0.0009103089
4,0.014660351758215,-0.00027593246
4,-0.0003654299259515,0.00091592333
4,0.0328273194121301,0.0011905778
4,0.0047492162238554,0.0009446763
4,-0.0040418827851325,-0.0006318115
4,0.0050977700130675,0.0009707633
4,-0.0114500233948189,0.00030436885
4,0.0139731593418838,0.00022709646
4,0.0228010883052491,0.001316441
4,-0.0041242535490578,0.0005910641
4,0.0360970038033145,9.588941e-06
4,0.0069815955633435,-0.0015395524
4,-0.0250210045635083,-0.0028927508
4,0.0190656239244283,-0.0021684787
4,0.0079925927086734,-0.001342722
4,-0.0020670898451318,-0.0022716955
4,0.0049956425584552,0.0013903248
4,-0.018278986678531,0.0004964461
4,0.0010328228489229,0.0004933415
4,-0.0062736833487123,0.0007463928
4,0.0203818229092161,0.00096769247
4,0.0011965992262364,0.0008717144
4,0.0141647539177378,0.000745396
4,0.0044317146264105,0.00096020504
4,-0.0256792031860402,0.0010112576
4,0.0145628724182689,0.00060304056
4,0.0029764584178405,0.0008995087
4,-0.0057824376959504,0.000902777
4,0.0246831807464802,0.0005962375
4,0.0116556521249627,0.0014301066
4,-0.0108977392998977,0.0006237529
4,-0.0059919442496905,0.00015214572
4,-0.0065591687204113,0.0002619325
4,0.0185943547999198,0.0010315953
4,0.0085948281113421,0.000786857
4,0.0048416604209664,0.00081001525
4,0.0094153747775649,0.000106261854
4,0.0084296484181141,0.0007589625
4,0.0031113403646732,0.0008707559
4,-0.0359002864431332,0.0006325832
4,0.017655340047404,0.00032430596
4,0.0026756318530101,-0.0013604793
4,0.0024133171161717,0.0008133279
4,0.0137435258320797,0.0018315616
4,0.0047993877226967,0.001171084
4,-0.0082176232673764,0.0008535805
4,0.0034182355446795,0.0008025277
4,0.0063292777655601,0.00091231446
4,0.006234174899631,0.0008673013
4,0.0086356360910066,0.0008673013
4,-0.0056845843302511,0.00070445513
4,-0.0007438226680347,0.00070445513
4,-0.0051948304569667,0.0007687155
5,-0.0379744565919247,0.0015695399
5,0.0029151573331955,0.003750945
5,0.0033158830106799,0.0029033483
5,0.0173403768570102,0.0018495392
5,0.0372026526569353,0.001258376
5,0.0119828640463452,0.0012257397
5,-0.0247813795759445,0.0012007345
5,-0.0138438442411575,0.0005560199
5,-0.0438289232975183,0.001339786
5,-0.0006591014205893,0.0030053412
5,0.0165873549749188,0.0018245664
5,-0.0035387337152832,0.00060773134
5,-0.0938521332124471,0.0014536378
5,-0.0519052716797829,0.024533808
5,0.0225674267592987,0.009590521
5,-0.0112984185511469,0.0036168746
5,0.1376346835668659,0.0005247697
5,-0.0697774116861476,-0.04641448
5,-0.004991280591442,0.00083577604
5,-0.0224930268732394,-0.004579697
5,-0.0189177859972495,-0.014457043
5,-0.0375303936003077,0.0013995656
5,-0.0016537090412599,0.0039159926
5,-0.0341161130644315,0.003987623
5,0.031720275004178,0.0052112644
5,0.0391801435716266,-0.0054632616
5,0.0244548903032896,0.0034033782
5,0.0261393175857339,0.0021635776
5,0.0045031036067582,-0.0012348258
5,0.0085131847068523,-0.0011440387
5,-0.0098600999252793,-0.0016214729
5,0.0414076929573481,-0.00076672086
5,0.042444516535972,-0.0037660347
5,0.003761800935954,-0.0050705266
5,-0.0201596179612102,-0.0027963885
5,0.0160460144289124,-0.0025079716
5,0.0020087674069606,-0.0017653096
5,-0.0092736979378906,-0.0014317216
5,0.0762433395704222,-0.0018750962
5,0.0256293740008979,-0.014305964
5,0.0050630705983016,-0.0043236734
5,-0.0237572726873592,-0.0032757751
5,-0.0055130027831126,-0.0019378378
5,0.0001404011222136,-0.0017481649
5,-0.0052131171083794,-0.0015573818
5,-0.0025147231467724,-0.0012674932
5,0.0016823551071207,-0.0024452792
5,-0.0150521541246326,-0.0017716086
5,0.0240444783796273,0.00012795287
5,0.0019596825375102,0.00075194275
5,0.0022814530546285,0.0008840315
5,0.0037755799519046,0.0011086898
5,0.035516717782422,0.0011762741
5,-0.006055010769005,0.00065632706
5,0.0311511526567386,0.000667207
5,-0.0048523258500162,-0.0011253014
5,0.0189397676559634,-0.0025679776
5,-0.0052452684136162,-0.0019353569
5,0.0119447052243934,-0.0019200938
5,-0.0118293954175199,-0.0019711468
5,-0.0011243295807433,0.0005910641
5,-0.0152447491579112,0.00018408071
5,0.0285687995552567,0.00017607462
5,-0.0069890706816612,0.00077405124
5,-0.0020960470602652,0.0008155815
5,-0.0194765866034725,0.00091463304
5,0.0234356927272162,0.00097449595
5,0.0193805914832251,0.00083274086
5,-0.0049547766181904,0.00081931177
5,0.0242698558326047,0.00080484635
5,0.010330949530688,0.00077429984
5,0.0060609128187927,0.000521498
5,-0.0258986386473057,0.0005495499
5,-0.0078866292850721,-0.0021046975
5,0.0075947481671583,0.00080413
5,-0.0009182978666579,0.0013036771
5,0.0032242636119745,0.00064729026
5,0.0166642603198142,0.00096020504
5,-0.0075890159484485,0.0017933431
5,-0.0134696424774381,0.00089946436
5,0.0047412884207089,0.000543381
5,-0.0147139460611208,0.00075707695
5,-0.0105854590821962,0.0009405687
5,-0.0021362315155287,0.00091463304
5,0.0040834526642355,0.0009656858
5,0.0122633456564751,0.0008558991
5,-0.0115111155039999,0.00092180865
5,0.0123663484447042,0.0008707559
5,0.0017081889987977,0.0008687492
5,-0.0029703310082485,0.00081001525
5,0.0069217659075224,0.0007589625
5,-0.0248738438009281,0.00092180865
5,-0.0068663506511195,0.0013223417
5,0.106634157566882,0.00044671164
5,-0.0307615290174815,-0.0051261038
5,0.0345425975013635,0.0020215618
5,-0.0167684618392952,-0.0038011866
5,0.0111108542280993,-0.002351807
5,-0.0132481787746025,-0.0021167854
5,0.0097575401243543,-0.0014776054
5,-0.0044685390735559,-0.0014188713
5,0.031020530326829,-0.003322727
5,-0.0126364214128312,-0.0021954994
5,0.0026244040722328,-0.0026442395
5,0.0039557361608501,-0.0019174721
5,-0.0230075595615547,-0.0019762062
5,-0.0209244356610055,0.0004561847
5,-0.0050161685706567,0.00054299535
5,-0.0115953722226512,0.0008250421
5,0.0210064082971711,5.9242047e-05
5,-0.0019759920185757,0.00033593737
5,0.001061423968793,0.00055495044
5,-0.0089512064921709,0.0007726833
5,0.0049783842306012,0.0007119427
5,-0.0166601940978537,0.0008217294
5,-0.0048718880979616,-1.1447284e-05
5,0.0026355730660668,-0.0018297862
5,0.015616005390198,0.0010466215
5,0.0050628930763407,0.0008517726
5,-0.0001993980108998,0.0016493866
5,0.0176552824685479,0.0007575589
5,-0.0180806837289314,0.00081624853
5,-0.0014371585787087,0.0006261292
5,0.0062263697151449,0.0006178485
5,0.0119845923291949,0.0007555079
5,0.0185274735251491,0.00050333375
5,-0.0042194374969834,-0.00010677613
5,0.0058228514970188,0.00015980538
5,-0.0023996300759638,-0.0021013706
5,-0.0164551114638389,-0.008869182
5,-0.0128374501621491,-9.842237e-05
5,0.0069389456600026,0.0009335228
5,-0.0155677275508398,0.0008217294
5,-0.0069138071572536,0.0006412536
5,-0.0004706154524497,0.00077067665
5,-0.0122078112886824,0.00056955527
5,-0.0234765495098966,0.0008402677
5,0.0134452548913019,0.000994879
5,-0.0229418763226866,0.0012116246
5,0.0071518949508142,0.0014209538
5,-0.0036115931423817,0.001367744
5,0.0066531555425422,0.0008393258
5,0.0215944964222541,0.0012048533
5,-0.0392180581124428,0.0012559061
5,0.0146377922556964,0.005317058
5,-0.0098991854722371,0.0014653585
5,0.0124807382655138,0.00070376403
5,-0.0076663425178607,0.0013146399
5,0.006787971407209,0.00039192147
5,0.0210485257788883,-0.0040236134
5,0.0015012998564408,0.0013630596
5,0.0001908233674974,0.00077199744
5,0.0008041478903476,-0.0030105722
5,0.0059224199600498,-0.0025026458
5,0.0167345552864,-0.0026310908
5,0.0008254442755304,-0.0025803335
5,0.0003060662999672,-0.0027878578
5,-0.1203023733713491,-0.007558826
5,-0.0275645054649148,0.0018397643
5,-0.0165469028811698,-8.200103e-05
5,-0.0164269263674345,0.007206014
5,0.0136631740258795,0.009414071
5,-0.0271116365801384,0.0025817023
5,0.0044653835273173,0.0025283266
5,0.0160358732537141,0.00318978
5,-0.007435362626524,0.0023608694
5,-0.0292395320694805,0.0027526936
5,0.0014440075853069,0.0030124162
5,-0.0007053637973545,0.0021721595
5,-0.0122993480892171,0.0029702643
5,-0.0072016677626738,0.0026079933
5,-0.0124075781805756,0.0027177797
5,-0.0019837892048754,0.004749916
5,0.008619190037555,0.003759073
5,0.03114640086025,0.0018179811
5,0.037097824805938,0.0014590597
5,-0.004110630357937,-0.0027403135
5,0.0223797847146306,-0.002689814
5,-0.0109868500406041,-0.001616718
5,0.009674094867393,-0.0016739822
5,-0.0116577097754768,-0.0017556697
5,0.0337123079205567,-0.0014810154
5,0.0178138539322561,-0.0007421839
5,-0.0098791093986735,-0.0020595083
5,-0.014866967175575,-0.0032914695
5,-0.0104508455187108,-0.0013425188
5,0.0039606946134404,-0.0022587413
5,-0.0130771556760748,-0.0013325706
5,0.0058936867510719,-0.0017034712
5,0.0147781395987967,-0.0028071585
5,-0.0117095824510247,-0.0017664507
5,0.0227568092928245,-0.0026799813
5,-0.0085851560748722,-0.0018781999
5,0.0041355728452622,-0.009836657
5,0.0051867132808192,-0.0019267148
5,0.0039175347318678,-0.0019854486
5,-0.0064019364068393,-0.0025406168
5,-0.006959297342456,-0.0025406168
5,0.0109615405644869,0.00060618453
5,-0.0088384304205351,0.0009769228
5,-0.0147732679466497,0.00022781326
5,0.0128019448351933,0.0010165059
5,0.0027739011525667,0.0011210443
5,-0.0182238234933356,0.0010112576
5,-0.0040625400147224,0.0004580371
5,0.0107766761566513,0.0010092509
5,-0.0171275296958225,0.00089946436
5,-0.0170929756287229,0.0006208833
5,-0.0249810580416547,0.00057664554
5,0.0085414911749371,0.0017256476
5,-0.0008863402422519,0.0015096492
5,-0.0263497355736963,0.0013009203
5,0.0145268607140041,0.0030023644
5,0.0550197941535967,2.7722781e-05
5,0.0170397642257995,0.0013360534
5,0.0204345174142124,0.0012426514
5,0.0009068792855179,-0.0020100458
5,-0.0063204726151616,-0.001188778
5,0.0989835405271716,-0.0011927822
5,-0.0299855874626448,-0.009568952
5,-0.0141825230641904,-0.001793629
5,-0.0210434032163877,-0.004846082
5,-0.0333831136841065,-0.0019981558
5,0.0018219696206452,-0.0013432837
5,-0.0131415933093137,-0.0018968026
5,0.0235465963346363,0.00045666852
5,-0.0096444631852016,0.00022925006
5,-0.0030310857509356,0.0010623422
5,-0.0286405966000573,0.0011660417
5,-0.0155712786729853,0.0019511743
5,-0.0007505391622988,0.001168017
5,0.0061285519472961,0.0012886355
5,0.0024224176300295,0.0010637428
5,0.0167332643571028,0.0010637428
5,-0.0284803247667317,0.00101269
5,0.003211788647072,0.0007408796
5,0.0222592763745156,0.0017346684
5,0.0050661736219516,0.0010670554
5,-0.0135309687636222,0.00041724212
5,0.0082659465343646,0.00016172361
5,0.002323048471438,0.0023289402
5,0.0191264975376674,0.0009785284
5,-0.0107806895561458,0.0012638523
5,-0.0240699804492237,-2.1512195e-05
5,0.0039157430483705,0.00027493315
5,0.0102655693688946,0.00022925006
5,0.0012069877717981,0.0014432084
5,-0.0258010601747532,0.0010562552
5,-0.0390979679219956,0.00016514625
5,0.0229973793262718,0.0022387684
5,-0.0076633764454946,0.0008370918
5,-0.0112732425022186,0.001053889
5,-0.0146928950776747,0.0010911886
5,-0.0217277497987765,0.0016032385
5,0.0173668086174188,0.002585863
5,-0.0186140515486801,0.0015056876
5,0.0033170148564327,0.0021805577
5,-0.0829411221011908,0.0017086895
5,-0.0406667485109625,0.0014513877
5,0.0200742158642359,0.0039021259
5,0.0645233537289365,0.0030466672
5,0.0123333930056391,-0.020141521
5,-0.0082690872170938,0.0011323543
5,-0.0025098993663904,0.00021787387
5,0.003536318115432,0.0014701535
5,0.0629613536964445,0.0011878131
5,0.0257427631496462,-0.015975267
5,0.0023364626035657,-0.0026349786
5,0.007387173331832,-0.0018586089
5,0.043120747004756,-0.0019455724
5,0.0136277435858422,-0.005802294
5,0.0078460110441914,-0.0047343
5,0.0171086927466033,-0.0021908262
5,-0.0259528976248243,-0.0025896782
5,-0.003090062052136,-0.0026239892
5,0.0087528468728424,-0.0009851991
5,-0.0233465998322475,-0.0013896814
5,0.0238060043493495,-0.0010474173
5,0.0053041215729692,-0.0018130242
5,-0.0107855998663387,-0.0010955376
5,-0.0033122855942094,-0.0010885412
5,-0.089378278061191,-0.0014172049
5,-0.0051774674537352,-0.004881208
5,0.0027232052559373,-0.0062359846
5,-0.008968545456936,0.00045767264
5,0.0130068285668285,-2.7641887e-05
5,0.0063918002545106,0.00101577
5,-0.0117087683794972,0.0012033078
5,-0.0178243405678506,0.001366515
5,0.0068893980799756,0.0024571202
5,0.0223519498715862,0.001915101
5,0.0029147750519298,0.0016077062
5,-0.0068144712792195,0.0015566534
5,-0.0049288634084825,0.000736234
5,-0.0141703849659383,0.0017857212
5,0.0040574045175586,0.0016052454
5,0.0038269238422706,0.0020799292
5,0.0047305660968302,0.0013562973
5,0.0034025561975712,0.0013052445
5,0.0367467068761534,0.001417038
5,4.715842575644896e-05,0.0005129777
5,-0.0043855123208305,-0.0018173149
5,-0.0519834782095654,-0.0017936388
5,-0.004740765526197,-0.0046574213
5,0.041542621977998,0.0008972172
5,0.0073407367913909,0.000104942956
5,-0.0566606989275318,0.00059131795
5,-0.0129161521666966,0.002980226
5,-0.0013675724265206,0.0020737527
5,-0.0235565546077763,0.0009479959
5,-0.0044760512805877,0.0018393347
5,-0.0025542434935139,0.0031474514
5,0.0466059363503777,0.0016968334
5,0.011276143820153,0.001173305
5,-0.0558978483347606,0.0014641872
5,0.0168416388341681,-0.0014340018
5,-0.0234351828674258,0.00011989645
5,-0.002930569712035,0.0007239549
5,-0.0080902698730543,0.001202982
5,-0.0268975113465034,0.0024613328
5,0.0135028878085197,0.0039456706
5,0.0221960841043015,0.0016739276
5,0.0012256923369592,0.0013992137
5,0.0844235197915692,0.0016248818
5,-0.0502023480775174,-0.007932488
5,0.0293971152903326,-0.004933135
5,0.0251521603411251,-0.0024984651
5,-0.0204487644875688,-0.0021503472
5,0.045950007541939,-0.0018270126
5,0.0580317499310645,-0.00056287576
5,-0.0188250218627294,-0.0047236523
5,0.0065413447173372,-0.0038746893
5,0.0302031734289462,-0.00191736
5,-0.024922433270471,-0.0018881257
5,-0.0282799845824761,-0.0022058806
5,-0.0002477641660961,-0.002914729
5,-0.0031636268615806,-0.00075592304
5,-0.0261860375799226,-0.00089615985
5,-0.0341726828360662,-0.0005316207
5,-0.0181642581920688,0.0010549107
5,-0.0022202600731345,0.0017109234
5,-0.0007749116701945,0.0021533852
5,-0.0132314773225969,0.0018026626
5,-0.082882709734206,0.0013643462
5,0.03227315115572,-0.0009270493
5,0.0584847431624596,-0.0015637547
5,-0.0039042817929164,0.0014419269
5,0.0014107134944431,-0.0013430791
5,0.0019174863056101,0.0008324334
5,0.0037223662258771,0.0012537419
5,0.0047514603384646,0.0015618224
5,0.0070349145066037,0.0013676995
5,-0.0344185588860266,0.0013166467
5,0.0274676288836123,0.0011341642
5,-0.0086427245257188,0.0013146399
5,-0.0360405445267914,0.0012682659
6,-0.0134161643804627,0.0019629125
6,0.0111497414535928,0.0015919205
6,-0.0025302198278345,0.0018926193
6,0.011361045370837,0.0010794642
6,0.0046408694797823,0.0008430549
6,0.0052776226495667,0.0006134958
6,-0.0132208801807629,0.0007366847
6,0.0015627985988215,-3.5240813e-05
6,-0.0306243550726305,0.0006062329
6,-0.0090427619956503,0.00074894185
6,0.0179522171564307,0.0015191879
6,-0.0001308828510673,0.0016914818
6,-0.0239137706696708,0.0012457942
6,-0.0362137085552935,0.008006453
6,-0.0055175678544593,0.008355085
6,-0.0092642007938582,0.0033981141
6,0.0965246488061561,0.004129572
6,-0.0236846551797674,-0.039878704
6,0.0184467638816355,-0.0014982641
6,-0.0016489173967584,-0.0029696494
6,-0.0053778369053765,-0.010544284
6,-0.0372928339626271,-0.0014051908
6,-0.0103599629589517,-0.0008191494
6,-0.0238283131382298,0.0028715546
6,0.0212147523035591,0.0021727425
6,0.0204267184014425,-0.0032984603
6,0.0339014362181084,0.0029400794
6,0.0116797274751723,0.0017789267
6,-0.001762620977004,0.00092730403
6,0.0073359125572204,-0.0015076837
6,0.003091340335644,-0.0013653908
6,0.0734859647814919,-0.0013120668
6,0.0229597135050285,-0.0061526257
6,0.0020426343995849,-0.004569958
6,-0.0065787323328595,-0.0035255381
6,9.23431826733342e-05,-0.0029758671
6,0.0110611639568662,-0.0017142568
6,0.0012773559043659,-0.0014317216
6,0.0237174904307411,-0.0018240435
6,-0.0002670360325832,-0.013828281
6,0.0084249117181081,-0.002017772
6,0.0022536014494573,-0.0019049067
6,0.0025126157651852,-0.0015800055
6,0.0100752530895137,-0.0022447938
6,-0.0015266459700304,-0.0018393046
6,-0.0122978040624602,-0.0014753368
6,0.0050472172157554,0.00022847863
6,-0.0103422340525956,0.0010616856
6,0.02307795352983,0.00029919864
6,-0.0072545813020093,0.0004930461
6,0.0028820140134782,0.0007951401
6,0.003655899718416,0.0010106328
6,0.0034912232198429,0.0011411852
6,0.0021622196310049,0.0008571894
6,0.0019421147296458,0.0012513183
6,0.0081800240619007,0.0018691015
6,0.0057566039765934,0.00024676375
6,0.0050257636498391,0.0006547259
6,-0.0038783826392164,0.00096020504
6,0.0036033673822213,0.00096020504
6,0.0131375208290637,0.0008484116
6,-0.0081987162288307,0.00043374722
6,0.008762335834499,0.00019571095
6,-0.0022984849739303,0.0007816881
6,0.0045915706781442,0.0014976042
6,-0.0059312521393973,0.00080484635
6,0.0178540125156516,0.0010451849
6,0.0084210917609219,0.00072299846
6,0.0043975492392697,0.00097607105
6,0.0104677782515592,0.00080484635
6,-0.0030401372600721,0.00077429984
6,0.0029597171373777,0.00074615673
6,-0.01083440507007,0.00085795013
6,-0.0019529041657998,-0.0019829557
6,0.01565810269832,0.00085518276
6,-0.0022477994899502,0.0011905778
6,-0.0022125870171027,0.00064729026
6,0.0137785751698954,0.00096020504
6,-0.0040399121846191,0.0017933431
6,0.0036623662282099,0.00089946436
6,-0.0005962091833202,0.00043359422
6,0.0055509859028632,0.00064729026
6,-0.0003954482610476,0.00096020504
6,0.0119530974323032,0.0008558991
6,-0.0032298177537743,0.00080484635
6,1.963759928398508e-05,0.0008558991
6,-0.0094354044902505,0.0008707559
6,0.0011867578784935,0.00092180865
6,0.0098550248455271,0.000919802
6,0.0055241909097819,0.00081001525
6,-0.0023583023292606,0.00081001525
6,0.0001366176655139,0.0008707559
6,0.0013063053796333,0.0014006676
6,0.0387153612193065,0.0007513256
6,-0.017757503622136,-0.00060273655
6,0.0217608924737962,0.0076563386
6,-0.0148395574458011,-0.00028701164
6,-0.0053386698369091,0.000592548
6,-0.007841209983445,0.00091231446
6,0.0023013968716325,0.0008535805
6,-0.0005174088220785,0.00096336723
6,0.014215079684917,0.00050333375
6,-0.016498487446148,0.0005872676
6,0.0036431441266671,0.00068481883
6,-0.0044308376705225,0.0008142419
6,-0.0059195758004285,0.0006968183
6,-0.0142764932988771,0.0007421368
6,-0.0079765243799482,0.0005940481
6,-0.0012882759357774,0.0007630398
6,0.0059122178450257,0.00016902888
6,-0.0058724946879668,0.0006772749
6,-0.0044121903507146,0.00055495044
6,0.0093181439361789,0.0008237804
6,0.0057066196943586,0.0007119427
6,-0.0058052319635658,0.0007119427
6,-0.0031033558468363,8.189263e-06
6,0.0004552862520385,-0.0018753125
6,0.0051710979287826,0.0010466215
6,-0.0258647066856476,0.0008823191
6,0.0064439081575961,0.0017679834
6,0.0004213591872115,0.0009260353
6,0.0039248446856176,0.00087061396
6,0.0012783356267079,0.00070445513
6,0.0175884872475069,0.0005591145
6,0.0106509825806747,0.0006739086
6,-0.0123390411701599,0.00033561475
6,0.0019233065196537,0.0002852788
6,-0.0030829414402459,0.000532504
6,0.0184731760687855,0.00047376993
6,-0.0067416648053884,-0.006563332
6,-0.0101985803625333,5.3866e-05
6,0.0018049256798388,0.00038138565
6,-0.0061346352263062,0.0008217294
6,0.0086991691085424,0.0007119427
6,0.0061203474995972,0.0008217294
6,0.0064890519087643,0.00045976863
6,0.0033923074396805,0.00053451053
6,-0.0076682384210215,4.9302183e-05
6,0.0031166299223248,4.9302183e-05
6,0.0214558158835999,0.0009182357
6,-0.0087218641967382,0.00036621696
6,0.0016590202773731,-6.171479e-05
6,-0.0046786673175374,0.0003131574
6,-0.0221424568120733,0.00025442342
6,0.0060291775513221,0.0028505414
6,-0.0009340606486689,0.001016013
6,-0.0002727535954232,0.00050664647
6,-0.0035510797840451,0.00070445513
6,0.0038433043741125,5.9242047e-05
6,0.0062306773853368,-0.004567765
6,0.0016820823805547,0.00086266117
6,0.0055482133378089,0.0007726833
6,3.8301978715544974e-05,0.00039210435
6,0.0058419292464924,0.0007119427
6,0.0149938272714102,0.0006608899
6,0.0196542435017221,4.2617794e-05
6,-0.0009597285057281,-5.5876335e-05
6,-0.029590538986519,-0.0021295138
6,-0.0152365890586159,3.0426712e-05
6,-0.0015073331613193,0.00069235073
6,-0.0052358402247505,-0.0015686306
6,-0.0140385908310623,0.000630145
6,-0.0200352612534872,0.00068481883
6,-0.0005634772134459,0.00049624674
6,0.0183088532897954,0.00083474815
6,0.0052824299217713,0.00055672106
6,0.0048245429992567,0.0008673013
6,-0.0154771212048706,0.0006739086
6,0.0135970542802812,-0.00018665404
6,-0.0052865621047246,0.00075555226
6,-0.0273666088716193,0.00029204955
6,-0.0135998904170025,0.00018683902
6,-0.0161307273849385,0.0012514385
6,-0.013276746178803,0.0007577696
6,0.0039741651411188,0.0028910434
6,0.0062881622530395,0.0014999713
6,0.0176838432186873,0.0011618413
6,0.0133197613148627,0.0011612881
6,-0.0107689599954609,0.0011612881
6,0.0066752761056846,0.0009106789
6,-0.0253596281424096,0.0012723652
6,0.0064888528823195,0.0014928622
6,0.0048132550144607,0.0014414511
6,0.0161369484623964,0.0014800132
6,0.0020345419156386,0.0005467877
6,-0.0277377858539082,0.0008155627
6,0.0102076964894476,0.0010852776
6,-0.0102703966128434,0.0011275205
6,-0.0077831276835657,0.0006595937
6,0.0033011625687137,0.0008947471
6,-0.0005670144578096,0.001433921
6,0.0163737370668767,0.0006806544
6,0.0040003440158571,0.0011817943
6,-0.0020599822531644,-0.008348544
6,0.0039720405563285,0.00040004414
6,0.0024002667340582,0.00027159895
6,-0.0006354191417918,0.00021085818
6,-0.0012514335920686,0.00015980538
6,0.0007798646340069,0.00017188754
6,-0.0079498464255172,0.0006592923
6,-0.0223309431072385,6.0094055e-05
6,-0.0001902827848203,0.0007539472
6,0.0118989171781962,0.0010904978
6,0.0103121133047826,0.0010145702
6,-0.0111484829086834,0.00038151324
6,0.0024441548845245,0.0008484116
6,-0.0043912002795343,0.0009581983
6,-0.0137365101719208,0.0005238531
6,-0.0242794913109282,0.00035019228
6,-0.0059386178089697,0.0008485843
6,0.0069828598031509,0.0015096492
6,-0.0116800439965198,0.0014107071
6,-0.023169676504467,0.0015402362
6,0.0157054460212093,0.0007399857
6,0.0323006397007656,0.0014355375
6,0.0092499316977755,0.0013009203
6,0.021665338517506,0.001146601
6,0.0021825727386076,0.0010780914
6,-0.1052844326135471,0.00037379234
6,-0.0074323128261246,-0.007532112
6,-0.0162129663726525,-0.0019910883
6,-0.0291424747502535,-0.0042378665
6,0.0072207696932216,0.0022075314
6,-0.0508117788456412,0.0033135884
6,0.0187975108110237,0.0035500212
6,0.0305888775491104,0.0021116175
6,-0.0007982450028616,-0.0021795325
6,-0.0217708562590299,0.0015425141
6,-0.006276346635405,0.0029358265
6,-0.0012948134751482,0.0030980327
6,-0.0111756212990647,0.003170668
6,0.0068806040218586,0.0031257968
6,-0.0005771156180697,0.0018557424
6,-0.0030916613453095,0.0016601412
6,-0.0326497667236531,0.0016090884
6,0.0117136666294093,0.0029561738
6,0.0293840300629511,0.0019792563
6,0.0027919027648784,0.0016460757
6,-0.0226075148150203,0.0002985608
6,0.0146850939501544,0.00014304608
6,0.0134086884318206,0.002557007
6,0.0031392225294162,-0.0023571837
6,0.0134334840774166,-0.0013557693
6,-0.0041969348502645,-0.0027126647
6,0.0010997408113609,-0.0027390826
6,-0.0089552119162547,-0.0027305824
6,-0.0021711660852259,-0.001638693
6,-0.0074869617172112,-0.001106851
6,-0.0158266031654088,-0.0027390826
6,0.0110623939384107,0.0011305603
6,-0.0013511346172035,0.00037622472
6,-0.0192623699394099,0.0011596906
6,-0.0070953032103629,-0.0007759217
6,-0.0185504741164057,0.001466084
6,0.0029548012707169,0.0011022745
6,-0.0271539653383625,0.0012978439
6,-0.0045711890688521,0.0025033848
6,-0.0137584914596381,0.0018379788
6,-0.0254601439310803,0.002668148
6,0.0061196215705609,0.004806079
6,0.0307515080499721,0.005015481
6,-0.0021635413538152,-0.013780335
6,0.0110120360525534,0.0018356803
6,-0.0015542737828347,0.0008516663
6,-0.0015834420080269,0.001511656
6,0.0054645653394107,0.00092891674
6,-0.0033716065208887,-0.0094976025
6,-0.0059145022351555,0.0015901878
6,0.0357539882835975,0.0010404098
6,0.0224838090604386,0.0010377577
6,0.0450389316609445,-0.0014081738
6,0.0217452065411771,-0.0019848866
6,0.0060020755491521,-0.0026108501
6,-0.0112267397342124,-0.0040747966
6,0.014461882436687,-0.0033520728
6,0.0204422013681661,-0.0009787543
6,-0.0404689272930708,-0.0017863421
6,0.021110602722641,-0.0010937265
6,0.0004708877374006,-0.0012750259
6,0.0103739251118347,-0.0007410991
6,-0.0112217838180217,-0.0008806972
6,-0.0400898712556732,-0.0013640953
6,0.016200393649031,-0.00246216
6,-0.0019805845311461,0.0021906514
6,-0.0054302371075754,0.0009771953
6,0.0062518986873062,0.0011680485
6,0.0163170584900729,0.0017211532
6,-0.0135187344746771,0.001107308
6,-0.0059436309039752,0.0010562552
6,-0.011920735420463,0.0009138679
6,-0.006297800717341,0.001328888
6,0.0103605091321932,0.0012170945
6,0.0300497412143999,0.0012170945
6,0.0038323172587519,0.000471139
6,-0.0145550685365286,0.000848772
6,0.0086823510668337,0.0010537943
6,-0.0025261099240064,0.001736322
6,-0.0012414559346094,0.0010637428
6,-0.0060868157478927,0.00101269
6,-0.0081090861909947,0.0011755361
6,0.0341122731781709,0.0009656858
6,0.0530202163171138,0.00090699625
6,0.0225755052791288,-0.0063697807
6,-0.0426087431147154,-0.0031321307
6,-0.0321675692606158,-0.0043544765
6,0.0016600214708585,-9.219552e-06
6,-0.0269454575734853,0.0015599503
6,-0.0119024818651969,0.0013336185
6,-0.0204386258386421,0.0016478463
6,-0.0151108281442808,0.0013383513
6,-0.0178244288285161,0.0014330928
6,0.0010241781928603,0.0032336165
6,0.0228220672719822,0.0027704788
6,-0.0149450898548219,0.0008013519
6,-0.0386206404375444,0.001573189
6,0.0012923355329048,0.0025086107
6,-0.0323031638056253,0.0025221289
6,0.0178074712182927,0.0028132286
6,-0.0229384794449067,0.0028030262
6,-0.0351705476499534,0.0044194604
6,0.0555116771569993,0.004091434
6,-0.0118673105407549,-0.00014895634
6,0.0120013342452814,0.0027049961
6,0.029739464873233,0.0011523323
6,0.0160308342732819,0.0011455576
6,-0.0096497198865825,0.000882438
6,0.0054153547254105,0.0013600467
6,-0.0142455952704384,-0.00083826645
6,0.0026572451051034,-0.00161117
6,0.0019234466759783,-0.0013423819
6,0.0151789535754422,-0.001008794
6,-0.0156204874330937,-0.0018913458
6,0.0274179470678903,-0.0018604099
6,0.0137313285035072,-0.0012314607
6,-0.0183168354818359,-0.0020375696
6,0.0212793107689076,-0.0029779468
6,-0.0113496162137985,-0.0008167943
6,-0.0188054631677195,-0.0011202673
6,-0.0226976806410458,0.0006975037
6,0.0003145308637106,-0.0012422538
6,0.0192013734872813,0.0011276456
6,0.0108633952543607,0.0013537592
6,-0.0071693987502612,0.0011296523
6,0.144158690024941,0.00054414914
6,0.0297459904858315,-0.015256862
6,0.0481628346153925,-0.0042562117
6,0.0105258201392689,-0.005285149
6,-0.0109155058765164,-0.0077951765
6,0.0251197792233194,-0.004582924
6,0.0002600490597325,-0.006058575
6,0.0120672003962107,-0.004096865
6,-0.0044560587717816,-0.0011756493
6,-0.0228468842696978,-0.0012270685
6,0.0089962536838759,-0.0016900081
6,-0.0029830610312214,-0.0017821891
6,-0.030850463908354,-0.00115754
7,-0.0349030148701476,0.00094468275
7,0.017944157834813,0.000102912876
7,0.0085576459010291,0.0012076322
7,-0.007027138008845,0.0011245447
7,0.0310343078761168,0.0008493848
7,-0.0059479450207481,0.00055944506
7,-0.0591343749072337,0.00077119475
7,-0.0206944095516483,-0.0027187932
7,-0.0159207068856338,0.001498826
7,-0.0118322491439754,-0.00033226568
7,0.0161995843118726,0.0020467013
7,0.0024480361367113,0.00018904827
7,-0.081280997526742,0.00092883146
7,-0.0764228963935464,0.015209611
7,0.0346998749757663,0.011131321
7,-0.0138187965852368,0.0038035235
7,0.1716206586568578,-0.00074879476
7,-0.0609472889879409,-0.047214556
7,0.0307576403466447,0.0010707884
7,-0.0019851810590138,-0.0046795853
7,0.0133687550721951,-0.016679915
7,-0.0711915524992286,-0.0014290444
7,-0.029131188654623,-0.00088020397
7,-0.0461774326393484,0.004966981
7,0.0202252749157936,0.014592485
7,0.0379014014907318,-0.002012043
7,0.0355779901444734,-0.0013865835
7,0.0421328913818862,0.0011330107
7,-0.020752583936224,0.0018989805
7,0.0026635883207183,0.0005909669
7,-0.0009177380659012,0.0005135925
7,0.0243970040712485,0.001337838
7,0.0255642269945924,-0.0021115362
7,-0.0059565194168365,0.0001728641
7,-0.0024630662041868,0.0001803023
7,0.0305313711050756,0.0006892377
7,0.0026447073403566,0.00088267797
7,-0.0061532452825253,0.0006069664
7,0.053006323667312,0.0008316252
7,0.0548113100392754,-0.009126631
7,0.0407944206680406,-0.0029616177
7,-0.0037754867250225,-0.0058879266
7,0.0042186860801118,-0.007727181
7,0.0012548539161672,-0.007880831
7,-0.0088166569766923,-0.0021254306
7,-0.0193858083128772,0.0011662657
7,0.0077843456604954,0.00034355195
7,-0.0116616672036759,0.0006858994
7,0.0315631999178178,0.0002318121
7,-0.005105364534445,-0.00069412857
7,0.031973686086351,0.00069482333
7,-0.0296025343337735,0.0008014752
7,0.0165134105686596,0.00066571194
7,0.0275681307099547,0.001303537
7,0.0049445824550397,0.0019140923
7,-0.0136924945510384,0.001981004
7,0.0122823885087522,0.00051263574
7,0.0064005047351974,0.0011010737
7,0.0092816591592582,0.0013988715
7,-0.0078109299948883,0.0013478188
7,0.0150786057445908,0.0012360251
7,-0.0211179404012313,0.0008800951
7,0.0189776638173907,0.0004676884
7,-0.0039473284583191,0.0010733019
7,0.0093924482824655,0.001789218
7,-0.0112675982577174,0.0008886164
7,0.0022221519717136,0.0009091227
7,0.0255430772763695,0.00086545816
7,0.0424271901868711,0.0010903876
7,0.0045907003441155,0.00060526805
7,0.0174573016209219,0.00061290496
7,0.0015202227394013,0.000687634
7,-0.0301349620972251,0.0010004097
7,0.025440215066202,-0.0020514738
7,0.0132032755313563,0.00093895284
7,-0.0069274893376383,0.0012227433
7,0.011061025851098,0.00068000756
7,0.017839923387342,0.0011537616
7,0.0074623277531994,0.0018771132
7,0.0049845044410813,0.00093218166
7,-0.0051673113025063,0.0005173643
7,0.039614395153872,0.00068000756
7,0.003917358351826,0.0009852854
7,0.0094666013730508,0.00066395773
7,-0.003416175729226,0.0007463236
7,-0.0059920523677723,0.0008886164
7,-0.0257100404354642,0.00095452595
7,0.02220294220514,0.0010446763
7,0.0171837486614033,0.001003572
7,-0.0013824031758567,0.0008331339
7,0.0185587096295531,0.00084273255
7,-0.0070403845246113,0.00095452595
7,0.0211971539870159,0.0015354905
7,-0.0078401931069162,0.0009525193
7,-0.0236080467986947,0.0001823951
7,0.0355120206434163,0.008478969
7,-0.0097137197035387,-9.392983e-05
7,0.0064862858317986,0.00077674515
7,0.0074961495788424,0.0008537917
7,0.0106198691580281,0.00093735056
7,-0.0035091239590588,0.0008862978
7,0.00602376415235,0.00053605105
7,-0.0086087049778831,0.00061998493
7,0.0023652111778217,0.0008087315
7,-0.0086628557219591,0.00089801196
7,0.0086078947551568,0.000839278
7,-0.0356251793975536,0.0010172928
7,-0.0013673515750178,0.00050934183
7,-0.0023975044759832,0.0007957571
7,0.0170557928592155,0.00014632483
7,0.0101733064045296,0.00030992067
7,0.0108414708636716,0.0006387205
7,-0.000935696806212,0.0008564534
7,-0.0079056828831009,0.00068597036
7,-0.0338116654936145,0.00068597036
7,-0.0197128651028019,0.00012341994
7,-0.0009373968646015,-0.0018243423
7,0.0060770302911154,0.001243491
7,-0.0274022860252731,0.0009660892
7,0.0076939853451498,0.002340247
7,0.0144514175201869,0.0010098052
7,0.0377534128096627,0.00095438404
7,-0.000846380819181,0.0007295356
7,0.0036622009458029,0.00031612025
7,-0.0003938582935371,0.0006459324
7,-0.0162779778430814,0.00058710383
7,-0.0265972234070912,0.00046607884
7,0.034343994016665,0.0008042639
7,0.0024366988376247,0.0009054995
7,0.0385305457807901,0.00068541866
7,-0.0286176498069734,1.9398172e-05
7,-0.0082162382429751,0.0005611058
7,0.0040603064893363,0.0007121539
7,0.002809965124286,0.0011296064
7,0.0203317347511326,0.00079571275
7,0.025677898719844,0.00049248594
7,0.0035312474271648,0.0006106437
7,0.0087735410058838,-0.00014263912
7,-0.0067462928390456,0.00013307226
7,-0.0111479784053371,0.00057825446
7,-0.0026985830684212,0.0005087209
7,0.0217568384028848,0.0006968906
7,0.0181309002325327,0.000839278
7,-0.0500995686357891,0.0005371411
7,0.0277825932733402,0.0056367344
7,-0.0450192265754232,0.00082981755
7,-0.0011115543019927,-0.000466486
7,0.0109501296134102,0.00086746545
7,0.0077255231709851,-0.0009309011
7,-0.0031706117784597,-0.0044534486
7,-0.008136344831803,0.00089537847
7,-0.0048695190831621,0.0008564534
7,0.0103742913931814,0.0006367139
7,0.0222580930154601,0.00079571275
7,0.0276921155890867,0.00079571275
7,0.0486184743189358,0.0005124556
7,0.0294579373910207,-0.0024977133
7,-0.020248098538811,-0.0035431471
7,-0.0019734013480324,-0.001350316
7,0.0214483813149855,-8.084579e-05
7,-0.0403931709846279,-0.0020990446
7,-0.0176698271499508,7.817741e-05
7,-0.037208426522051,0.0005891502
7,0.0003719050271917,0.00020286054
7,0.0563166868458944,0.0008654306
7,-0.0300372302830476,0.00053878856
7,0.0033077758552475,0.0006046709
7,-0.0364669639195449,0.00021967516
7,0.0175586796522855,-0.00021942618
7,-0.018951012578383,0.0005817779
7,-0.0284833761325895,0.00047616227
7,0.0280545063086659,0.0015681747
7,-0.0320324002291983,0.0008468099
7,-0.0097908524964154,0.0006406859
7,0.0203088952255312,0.001958539
7,-0.0262522714876232,0.0010289841
7,0.0136283100116732,0.0014623437
7,-0.0182504595667569,0.0008544467
7,0.0163625975357501,0.0008141511
7,0.0085230019130591,0.0006038371
7,-0.0103587331998655,0.00079700304
7,0.0209395914818681,0.0010793388
7,-0.0053035589570484,0.001024823
7,0.0170675167540361,0.000839278
7,-0.0031308085014838,0.000368332
7,-0.0064541953506179,0.0009510714
7,-0.015629294862356,0.0007882252
7,-0.0332099172504893,0.00087837566
7,0.0072299906477178,5.7955738e-05
7,0.0080790252549624,0.0005291716
7,-0.0388966827735748,0.0009108188
7,0.0185469908269731,0.000792939
7,0.0385823289888791,0.0008544467
7,0.0148076791753564,0.0007542155
7,0.0296080213125423,0.0005807419
7,-0.0031762151855693,0.00021307613
7,0.0101283224925524,-3.2136082e-05
7,-0.0121981919971372,0.000491551
7,-0.003619380890948,0.00063122064
7,-0.005560890583184,0.00100964
7,0.0125218865025021,0.00051942724
7,-0.0038730249596605,0.0007928697
7,-0.0046888369802306,0.00096392486
7,0.0099376220509707,0.0012518186
7,-0.0217569352279019,0.0008713927
7,-0.0009731583408817,0.001120389
7,0.0004326960625869,0.0012498118
7,0.0046931804300631,0.0009994494
7,-0.0144737902109579,0.00073106034
7,0.021125029114753,0.0005485779
7,-0.0043934869771302,0.0011911225
7,-0.0448056279292518,0.0010888232
7,0.0290565461582235,9.237143e-05
7,0.0082572293895649,-0.00018106189
7,0.0151945239163851,-0.002595783
7,-0.0064146836499148,0.0010964602
7,0.0109337207671401,0.0012082534
7,0.0157880588281674,0.0013180402
7,0.0051559246282497,0.0009396692
7,-0.0071942320381267,0.0010964602
7,-0.0293061929229613,0.0010964602
7,-0.028803789285737,-0.0017032968
7,-0.0346971739260344,0.0010377148
7,-0.0133501211566815,0.0021356137
7,0.0757730247941724,0.0039116307
7,0.0246649619202047,0.00064224115
7,-0.007924430475663,-0.00027573507
7,0.0079771437464259,0.0002977705
7,-0.0164995543830243,0.0009417317
7,-0.0223404470567061,0.0013615674
7,0.0117463474063472,0.0011791231
7,0.0161418562461821,0.001369093
7,-0.0004256156904362,0.0013716199
7,0.0101664801767508,0.0010964602
7,0.0090724880774781,0.0010964602
7,0.00676390055769,0.00089533883
7,0.0139544787285363,0.0012082534
7,-0.0561062139828344,0.00072937034
7,-0.0425383550563518,-0.00205937
7,0.0294179658613232,0.0008559094
7,-0.0134060978480995,-0.0011770261
7,0.0164701876580064,-0.00054009375
7,0.0016375691698851,0.0016955814
7,-0.0305703646263704,0.00053837744
7,0.0267997878735914,0.00041663562
7,0.0115400583887659,0.00031302014
7,0.0068502732854338,0.0010304727
7,-0.0156569714882976,0.0011400253
7,-0.0159061864007596,0.00041663562
7,0.0163429216800443,0.0011791231
7,-0.0070657328150452,-5.8301193e-06
7,-0.0084453558024227,0.0012593062
7,-0.0102519082669922,0.00084227935
7,-0.0333687703665322,0.0012572994
7,0.0168805110609144,0.0011258752
7,-0.0025082603923013,0.0010890593
7,0.0196683040288774,0.0012626189
7,-0.0425303384918257,0.0010964602
7,-0.021963430183359,0.0002564039
7,-0.0141274666570726,0.0011491419
7,0.0543762846976361,0.0037812793
7,0.007711033810612,-0.011655757
7,0.0092880875308472,0.0016139844
7,0.0014083633873314,-3.545538e-05
7,0.0025861763169942,0.00094373827
7,0.0221010081620422,0.00072013197
7,0.0100003252880356,-0.009356992
7,0.0253409590233161,0.0013174391
7,0.0035983899424537,0.0008316252
7,0.0373274303958419,0.00042296844
7,0.0119380831758255,-0.0014257175
7,-0.0026181977400743,-0.0011714136
7,0.0166490455678072,-0.0011926155
7,0.0018824088642086,-0.0017889199
7,-0.0108473699490459,-0.0024120323
7,0.0130226432044508,-0.0010047711
7,-0.0142241792079668,0.00049631717
7,0.0423195814938257,0.0005605799
7,0.039263203916648,0.00053382356
7,-0.0160085531530414,0.0008222079
7,-0.0185602424078105,0.0003524703
7,-0.0473646014045003,0.0003208971
7,-0.0056279550874708,-0.0032678049
7,0.0001511142133114,0.002370421
7,-0.010025881252397,0.0007368285
7,0.0560580439145457,0.0013988715
7,0.0175045889490928,0.0025293971
7,0.0173428147478134,0.0008848201
7,0.0195110224352735,0.00046168853
7,0.0060878862021293,0.0005797707
7,0.0226157703280454,0.0009434186
7,0.0429470222671525,0.0005417747
7,-0.0452078349012415,-0.0023793583
7,-0.0134038530776922,-0.00022616595
7,-0.0077214184408031,0.00015859236
7,0.0128807737018178,0.0013754572
7,-0.0178794071864622,0.0018405984
7,-0.019226072293017,0.0010181342
7,-0.0021850338661464,0.0011355579
7,-0.0105742167465737,0.0013385463
7,0.007731034776422,0.0011475129
7,-0.0146220545903273,0.0012572994
7,0.0607304760397173,0.0012661098
7,-0.0068876835868352,0.004783359
7,-0.0368896824558839,0.0006698341
7,0.0192082706744561,0.00079190015
7,-0.0640203547282125,0.0009468848
7,0.017112603807336,0.0007742993
7,-0.0021591370494536,0.0014616513
7,-0.0380359924018684,5.0876042e-05
7,0.0219604498897736,0.0025671013
7,0.0015608160850601,0.0019675079
7,0.034770245936598,0.0009948649
7,-0.0240091371858542,0.000705624
7,-0.0133963681415429,0.0009129058
7,0.0290867293647121,0.000356911
7,-0.0097297241386604,0.0009729935
7,-0.0421408417773928,0.0006196274
7,-0.0052125020713307,0.00088338373
7,-0.016517532952932,0.0021511782
7,-0.0165353072702964,0.0011366346
7,0.0125937064703292,0.0035290418
7,0.0259215441142283,0.0010890593
7,-0.0126236614893606,0.0012593062
7,-0.0140161382133312,0.0007102455
7,0.0036887035620648,0.0010250546
7,0.0070321881584121,0.0014126581
7,0.0358597086189861,0.0013028714
7,-0.0065864025302052,0.00043562773
7,0.0395469468703331,0.0008643139
7,-0.0358551847973616,0.0007991191
7,0.0398290967609277,-0.0002899275
7,0.0032994885715611,0.0009109125
7,-0.0242926913905786,0.00083107344
7,-0.0223797145180919,-7.7622804e-05
7,0.0023147970399563,0.00022550949
7,0.0195343934953617,0.0015473163
7,0.0227505243922979,0.0011927908
7,-0.0156840541410541,0.00079322886
7,-0.0092396842661764,-7.723433e-05
7,-0.0512322116134442,0.001160363
7,0.0025411391948645,0.00072557
7,-0.0361777674961286,0.0011042964
7,0.0261279141044009,-0.00018393225
7,0.0288557418625257,-0.0015199899
7,0.0289178258510876,0.00082923024
7,0.0253250248866596,0.0027091126
7,0.0337725891462776,0.0011359337
7,-0.0010496949486409,-0.00039462603
7,0.022441406260388,-5.9124523e-05
7,-0.0290388085322305,-0.0028181332
7,-0.0002298489850327,0.00031533372
7,0.029848870986494,0.0005087209
7,0.0053851635181832,0.0005623006
7,-0.0006216014110181,6.248192e-05
7,-0.0006664548102917,0.00028714066
8,-0.0121492397694305,0.001407728
8,0.0051147796969644,0.0011024504
8,-0.0060693237762706,0.0011333243
8,-0.0051459976019718,0.00051282364
8,-0.0062587357686019,0.0005880892
8,-0.0170475719819429,0.0004214975
8,0.02264612223574,0.0010067901
8,0.0127057188797427,0.0006017183
8,-0.0040388220597826,0.0007598786
8,0.014123352810429,0.0010460247
8,0.0008212967101602,0.0011059255
8,-0.0062342025094298,0.0008571894
8,0.0169063466410739,0.00069434324
8,-0.0514184468203692,0.012777415
8,-0.0217306038441883,0.0054818382
8,-0.0115500258218688,0.001107552
8,0.0245095314993043,0.00089212565
8,0.0076100753756802,-0.044815157
8,0.0202749342440816,-0.003392223
8,0.0132128840365546,-0.0023126611
8,-0.0039100305557357,-0.0049953014
8,-0.0124231044634432,-0.0010967903
8,0.0251628978689579,0.002182576
8,-0.0228028097370324,0.0028715546
8,0.0127687185034971,0.0015319969
8,-0.0128895202839532,-0.0028964079
8,-0.0381278795786242,0.0024396807
8,0.009296702512436,-0.00031964836
8,0.0051413899305479,0.0016135649
8,0.0025299197028271,0.001542012
8,0.0019088133147036,0.0016232084
8,-0.0160599259540007,0.0014527254
8,0.0033697401088671,-0.0019575944
8,-0.0105841835569339,0.0005751491
8,0.002640826428332,0.0006915723
8,0.0002512195830236,0.00075707695
8,-0.0040260098711336,0.00089946436
8,-0.0062596903968806,0.00089946436
8,0.020342253254142,0.00089946436
8,-0.0135782873176015,-0.010077832
8,-0.0044830057864845,0.0009405687
8,0.0274022931093905,0.0009581983
8,0.0053423853744474,0.0017933431
8,0.0090841557032568,0.00058018765
8,0.0052662585870829,0.00038495313
8,-0.0012687476336545,0.00091663975
8,-0.0024208141243738,0.00020270608
8,0.0050168700016653,0.00080484635
8,0.0113901635254956,0.00020319852
8,-0.0023870571004435,0.00063881854
8,0.0071445201801219,0.0005666737
8,0.0078595099765706,0.0005666737
8,-0.0124976329672073,0.00080701226
8,-0.0055583695498174,0.00080613664
8,-0.0054086387014941,0.0013611054
8,-0.0191641772626403,0.0019844146
8,0.0074659803697443,0.00036536023
8,-0.0089413138170801,0.0007645127
8,0.0017209785060327,0.0010112576
8,-0.0044930115436533,0.0010699915
8,0.0065787072150991,0.00089946436
8,-0.0179315852851888,0.00043374722
8,0.0037365718109451,0.00017607462
8,-0.0147779574469213,0.0007816881
8,-0.0031590889273774,0.001426915
8,0.0066854806133777,0.00091463304
8,0.0121833348024905,0.00024240484
8,-0.0041691923539594,0.00072295405
8,-0.008705812044619,0.0009555647
8,-0.0021409900050268,0.00080484635
8,0.0077238199299305,0.0009656858
8,-0.0033835771776293,9.584802e-05
8,0.0118550613682321,0.0009090029
8,-0.0001240001021842,-0.002092698
8,-0.0022979597017884,0.000745396
8,-0.0020540256024723,0.0011395249
8,-0.0163953505109846,0.00064729026
8,-0.0023460904199358,0.00088187907
8,0.0061391159887389,0.0018444404
8,-0.0091273469400082,0.00089946436
8,-0.0211713400129315,0.00048464705
8,-0.0070487228689743,0.00057664554
8,0.0068535887038448,0.0011210443
8,0.0122193816325606,0.0009656858
8,0.0034683417524237,0.0008558991
8,-0.0004514773144511,0.00080484635
8,0.0209997466276679,0.0008707559
8,-0.0002528282444445,0.0008707559
8,0.0033429184400312,0.00081001525
8,-0.0032163971013937,0.0007589625
8,-0.007545870593593,0.00081001525
8,-0.003187565835377,0.00092180865
8,-0.0241053209510649,0.0015028176
8,-0.015889478447883,0.0007393262
8,0.0011954852170484,0.00013772273
8,0.000729900298303,0.008512702
8,-0.0016597493415117,0.0001636371
8,0.0154930406287976,0.0009653739
8,0.0041129250589363,0.0008535805
8,0.0001302648076627,0.0008535805
8,0.0095304800672924,0.0008025277
8,0.0007094134658116,0.00028456195
8,0.0020612496596901,0.0005872676
8,-0.0108038565146119,0.00070445513
8,0.0040246123179344,0.0007555079
8,0.0087719007553514,0.00086529466
8,0.0170640436258405,0.00079318957
8,0.0069831484604523,0.00050389767
8,-0.0049019894722676,0.0006608899
8,-0.0003781875222706,8.189263e-06
8,-0.0160093994095911,0.0006262221
8,-0.0011533529205951,0.00048426137
8,0.0063273928254736,0.0009335228
8,-0.0083812340492327,0.0007119427
8,0.0088905772461485,0.0007119427
8,0.0060312239706006,0.00011797605
8,0.0011386150936382,-0.0018885202
8,0.0064282383014866,0.0009955687
8,0.005200251457533,0.00083126634
8,-0.0063316653913475,0.0016493866
8,0.0028260397622219,0.000785702
8,-0.0133205092119923,0.0009260353
8,0.0081018488747009,0.0007555079
8,-0.0046126627077723,0.00066890125
8,-0.0067994730576593,0.0007555079
8,0.0077490324390293,0.00045228098
8,0.0143226951953177,0.00061383744
8,-0.0189521251043727,0.0007119427
8,-0.0081696900531933,0.0005315112
8,-0.019216986725485,0.00034863886
8,-0.0037306962383534,0.00053535844
8,-0.000524716632353,0.0008748332
8,-0.001773070226916,0.0007119427
8,0.0022977868592689,0.0007119427
8,0.0067314150101707,0.0007119427
8,0.000781233141375,0.00042922204
8,-0.0030636895232919,0.0008237361
8,-0.0074041679196598,0.0005503868
8,0.0014459449458581,0.00060143956
8,-0.0122903851539393,0.0011564081
8,0.0140619560904324,0.0008673013
8,-0.0122020958669881,0.0006131205
8,-0.0007302394468069,0.0007555079
8,-0.0059280327909536,0.0008142419
8,-0.0148061664754594,0.0029799198
8,0.01125911123847,0.0009453239
8,-0.0117337822852269,0.00041485502
8,0.0146793876004539,0.0006968183
8,0.0119601776787643,-8.02898e-05
8,0.0036921158613455,-0.004567765
8,-0.0022401747200156,0.0008116084
8,0.0038181549666788,0.0007726833
8,6.584136547044093e-05,0.00022438512
8,0.0088063687548448,0.00068139617
8,-0.0049303064847551,0.0006022003
8,-0.0024415288792343,0.0005437024
8,-0.0173257307016709,0.00050389767
8,0.0054300519014944,0.0006412536
8,0.0052674368161691,0.0008217294
8,-0.01575149532612,0.0007119427
8,-0.0057590509299387,-0.0018621616
8,-0.009421205620544,0.0006301893
8,0.0023293982500347,0.00076107867
8,0.0057999195421042,0.00015390446
8,-0.0101203944325877,0.0007555079
8,0.0206781413700055,0.000528578
8,-0.0035744647463552,0.0009260353
8,-0.0003378243982976,0.0007555079
8,-0.0019619521506047,5.175448e-05
8,-0.0126069912360247,0.0007249614
8,0.0079916162634211,0.00040107893
8,0.0,0.00051086576
8,0.0081305857886015,0.0007119427
8,0.0182546914564143,8.189263e-06
8,-0.0264534079145722,0.0007274734
8,0.0102211281278349,0.00012303446
8,-0.0016175599046652,0.0006896306
8,-0.0006072864880054,0.00093604974
8,-0.0048714028679127,0.0006608899
8,-0.0107740230645784,0.00070427347
8,0.0058105173687152,0.00090251875
8,-0.0092442941440114,0.0011564081
8,-0.0132270659595449,0.0008823191
8,-0.0362720924674511,0.00075555226
8,0.0092816801201359,0.001465065
8,0.0013598453696156,0.0009770881
8,0.006700374717365,0.00070013094
8,0.0146688292955568,0.0006739086
8,0.015904691374033,-6.4912034e-05
8,0.0005512151532255,0.00022587212
8,0.0177466371451673,0.0007726833
8,-0.0156141600146189,0.00012920325
8,-0.0073109254993796,0.0006412536
8,-0.01232820614406,0.0007862073
8,0.0034280878188124,0.0009335228
8,0.0091079533164577,0.0009335228
8,0.0017285921200459,0.0007119427
8,-0.0011752598982538,0.0006608899
8,-0.0036032814803937,0.0005969543
8,-0.0051502694020508,0.00096769247
8,-0.0106631619551198,0.0005362137
8,-0.0100652018590584,0.00082061725
8,-0.0032825278792763,0.0010904978
8,-0.0134558694400017,0.0011210443
8,0.0249681468265943,0.0005210893
8,0.0023995382843863,0.0010092509
8,0.0111450629307934,0.0006237529
8,0.0054223220004233,0.0005818299
8,0.0145225312271533,0.00058860064
8,-0.0118223021844221,0.0004257544
8,-0.0006916688704288,0.0008484116
8,0.0169454508011475,0.0008840866
8,-0.0064150366809177,-7.750048e-05
8,0.0261509153991368,-0.0001313386
8,0.0085412516973012,0.0008559435
8,-0.0044051497821117,0.00021309778
8,-0.0077226830059901,0.00057769293
8,-0.0067640714983634,0.0006784671
8,0.017225520711704,0.0009656858
8,0.0123979040507295,0.0009656858
8,0.0093127433411094,0.0008558991
8,0.0138085433414408,-0.0020340085
8,0.0099298772596411,0.00057895086
8,0.0110309462873709,0.0006668226
8,0.0035243604334272,0.0007811899
8,-0.0116271884031792,1.4657766e-05
8,0.0110616712299668,3.2904336e-06
8,0.0057665864237846,0.0008318191
8,0.0075340753000231,0.00089946436
8,-0.0070965254232693,0.0010590435
8,-0.0032540219725694,0.0008178651
8,-0.0170035895428701,0.0010264263
8,0.0107792665826378,0.00075466355
8,0.0139039415222144,0.0009656858
8,0.026938374550129,0.0008558991
8,0.000665752710872,0.0004939827
8,-0.011501081636521,0.0006409283
8,0.0022008819699466,0.00080484635
8,0.020849772449778,0.0005508685
8,-0.0223164571808819,0.0003924844
8,-0.0234519240168285,0.0015501584
8,-0.0089301979608774,0.00092644885
8,-0.0276043175438905,0.0014583333
8,-0.0023405386650822,0.0009398287
8,0.0102962386003281,0.00069889287
8,0.0050766683712502,0.0003355097
8,-0.0173927894919584,0.0010112576
8,-0.0185642455167462,0.0007777225
8,0.0009962190277604,0.0002348086
8,0.0097103751618001,0.0010092509
8,-0.004216069352717,7.443963e-05
8,-0.0319957159338649,0.00096769247
8,-0.012828259665336,0.001082278
8,-0.0038737253068863,0.002557171
8,-0.0020119359260158,0.001105339
8,-0.0057810410502208,0.002281899
8,0.0052947237706921,0.0025619327
8,-0.0104771135480221,0.0009201595
8,0.0020342009926144,0.00012129402
8,0.0139861228921684,0.00016943453
8,-0.0019366464264372,0.0018615715
8,-0.0024260405140312,-0.011045243
8,-0.0067547404905852,0.0014788929
8,-0.0024484434306696,0.00040232055
8,-0.0103497180271733,0.0011210443
8,0.0251585371686955,0.0004795711
8,0.0120732354047784,-0.009266466
8,-0.0102803634787946,0.0011224777
8,-0.0109443743590344,0.0008484116
8,0.0055565156034995,0.0008252533
8,-0.0069503471110185,0.0008410108
8,-0.0018848461378893,0.00089946436
8,0.0263426796378983,0.00091463304
8,-0.0167459051328461,0.0005758654
8,-0.0151322157254113,8.960516e-05
8,0.0037169720341002,0.0008970478
8,0.0198232490155068,0.00072094746
8,0.0243111845747557,0.0007972095
8,0.0014835706707175,0.00074615673
8,0.0051752844115942,0.00040275557
8,-0.0183341805556157,0.0006082395
8,0.0042922119181563,0.00018306982
8,0.0011550283554692,0.0009888532
8,-0.0264222885608538,0.0018730211
8,0.0102663984687685,0.00065235957
8,0.0204926056078424,0.0011210443
8,-0.0125189015200776,0.0017374166
8,0.0024616930176335,0.0008484116
8,-0.0211202322449297,0.0009581983
8,0.0038291850064872,0.00057660113
8,-0.0116723143400271,0.0011210443
8,0.0032988609182711,0.00089946436
8,-0.0080203634165053,0.0009581983
8,0.0057754420550343,0.00024676375
8,-0.0076844894450538,0.0010774791
8,0.0080356278825335,0.00096769247
8,0.0067170285732248,0.0015284782
8,0.0072263306765158,0.0008558991
8,-0.0102993691841074,0.00080484635
8,0.0311955783373041,0.0009918608
8,-0.0107704217981553,0.0008559435
8,-0.0162369867279083,0.000521498
8,-0.0231126078782585,0.0007852544
8,0.0038421394518798,-0.00029552428
8,-0.0044838605755968,0.0009364297
8,0.0041996622359987,0.0011938905
8,0.0401000100000354,0.0009752225
8,-0.0098752084583636,0.0050675557
8,0.024305932281785,0.0010034522
8,0.0025527198134328,0.00056373136
8,-0.0047749062593093,0.0002597854
8,0.0085249713912939,0.0015150546
8,0.00566537645303,0.00089946436
8,0.0134018216031963,0.00022688988
8,-0.0127374179698541,0.0006082395
8,-0.0011962445543166,-0.00014036949
8,-0.0181177492464919,0.0011377817
8,0.021304560206656,0.00050248933
8,0.0077913422439099,0.0007135117
8,-0.0235586447808345,0.0017497779
8,0.0034956487289356,0.00067546766
8,-0.0038324554821284,0.0008559435
8,-0.0122675753205577,0.00069097144
8,0.0053729028846758,0.00091663975
8,0.0266379448766001,0.00085518276
8,-0.0139667240464192,0.000745396
8,0.0227778791920304,0.00061380444
8,-0.0288912442269298,0.0010699915
8,-0.0104996609203122,0.00038531865
8,0.0012929407757263,0.0009581983
8,0.0090044928045216,0.00095387414
8,-0.0155546947157261,0.00064729026
8,0.0133957122360205,0.0009405687
8,0.0230354804462031,0.0009581983
8,-0.0100837138725385,0.00020319852
8,-0.0056834570887722,-4.613541e-06
8,-0.0069306967442588,0.0009805425
8,0.0069306967442589,0.00074133056
8,-0.0145899389116377,0.000919802
8,0.0104266466290092,8.662556e-05
8,0.0082421841107308,0.0008687492
8,0.0016806161180261,0.00092180865
8,-0.0188492845980215,0.0008872875
8,-0.0147558306850792,0.0002656162
8,0.003674809175265,-0.0014617147
8,0.003316493860064,0.0009860438
8,0.0207529690524404,0.0018826143
8,-0.0082086649666749,0.0011200312
8,0.0011573556554352,0.000823034
8,-0.0080613085592919,0.00091231446
8,0.0044486208586531,0.0008535805
8,-0.0084347881455369,0.0009770881
8,-0.0078123032019177,0.0008673013
8,0.0012484754210078,0.0008142419
8,0.0020083005771753,0.00086529466
8,-0.00994208449093,0.0007555079
9,-0.001055445514475,0.0013680033
9,0.0154555452814412,0.0012592411
9,0.0042367123378043,0.0012313812
9,-0.0034571090357593,0.00072066736
9,0.0025938825390713,-0.004951012
9,0.0067988956967295,0.0003704447
9,0.0143066571387009,0.00096769247
9,-0.0032180565470704,0.0004919316
9,-0.0013581433950938,0.00080484635
9,0.0101411620909533,0.0010460247
9,0.0009244902655503,0.0011569783
9,-0.0031131077547697,0.0008571894
9,-0.0540156545689676,0.00069434324
9,-0.0746760857201512,0.0061380942
9,-0.0135083784119912,0.019304378
9,-0.0213057426102425,0.0115350615
9,0.0487099298501081,0.009576198
9,-0.0570805721593733,-0.048223134
9,0.0316173169555166,0.00048568193
9,0.0024210727210742,-0.0026896396
9,-0.0028088803068401,-0.0058899852
9,0.0105167730364419,3.1676427e-05
9,0.0258646242754001,0.0007303298
9,-0.0147926903437339,0.0027617682
9,0.0276169134267679,0.0013132252
9,-0.008624249187899,-0.0025470145
9,0.0116667943101243,0.0019398623
9,-0.0005524684445459,0.0021971134
9,0.0005524684445458,0.0015624677
9,-0.0024885520638616,0.0016232084
9,-0.0255166344071905,0.0016742612
9,0.0014191116266023,0.001739754
9,0.004056783250386,-0.0017771185
9,-0.0280714389659818,0.00068946934
9,0.0138476470638675,0.00082872703
9,-0.0009553678774279,0.0009138679
9,0.0138601140565112,0.0009690189
9,0.0116225894684381,0.0008178651
9,0.0170928583724646,0.00089946436
9,0.0027444747909132,-0.00918566
9,-0.0089932922808568,0.00096020504
9,0.0100892393727113,0.0008484116
9,-0.0035981960791593,0.0019031299
9,-0.0160256889361335,0.0008558991
9,-0.014379224596381,0.0004514366
9,-0.0123676982685664,0.0010067901
9,-0.0066785526177508,0.00057117187
9,0.0005824206299226,0.0009656858
9,0.0047446354621291,0.0003129853
9,-0.0137140772709146,0.00033831186
9,0.0056640496608067,0.00078521005
9,-0.0038050481367014,0.00091463304
9,0.0073046076588734,0.0010451849
9,0.0072516370614328,0.00077559013
9,-0.0145562447203063,0.0012436816
9,-0.0046049382159627,0.0017984124
9,0.0236787702035988,0.0003054977
9,0.0066910540870531,0.0006547259
9,0.0212082009650865,0.0007355463
9,0.0193050038135624,0.0009296585
9,0.0038350341872285,0.00078972196
9,0.0215468630440207,0.00038269442
9,0.0032056254155799,-0.00017137916
9,0.0134231048652179,0.00024084718
9,-0.0071306474877407,0.0011076046
9,0.0132522195927391,0.0005474989
9,-0.0261453414078083,0.001133532
9,-0.0309002657987177,0.00018269155
9,0.0002768550107674,0.000935973
9,0.0148382718495126,0.0011897928
9,-0.0055614280947104,0.001080006
9,-0.0145504613207431,0.0008558991
9,0.0132695412666669,0.00091021106
9,0.0164334353203173,-0.0018731687
9,0.0103023248785388,0.000745396
9,-0.009762269749261,0.0011395249
9,0.0273430383205676,0.0005962375
9,-0.0034211880886372,0.0010699915
9,0.0098806882062283,0.0015176318
9,0.0043410455865666,0.0008484116
9,-0.0131678561545155,0.00048464705
9,-0.0089053473403561,0.0005962375
9,-0.0060407084912516,0.0010699915
9,-0.0050917757683329,0.0009656858
9,-0.0354593206080066,0.0009656858
9,0.0025948576431796,0.00097449595
9,0.0045246974450057,0.0010315953
9,0.0127249548994342,0.0009251213
9,0.0077927912106719,0.00081001525
9,-0.0035264368039481,0.0007589625
9,0.0093762653390744,0.0007589625
9,0.0128389536837864,0.0008707559
9,-0.0087197150352196,0.0014211739
9,-0.0023263127115707,0.0007589625
9,-0.0180770971244002,0.00015735903
9,-0.0209213748627662,0.008270225
9,-0.001211592207353,0.00014404519
9,-0.0068303451208423,0.0010164708
9,-0.0052716492778162,0.0008535805
9,0.0079906479038969,0.00096336723
9,-0.0091239224013139,0.0008535805
9,0.0028307444633686,0.00050333375
9,0.0137558528048204,0.00064600154
9,-0.0020466088910722,0.0007249614
9,0.0009394214063426,0.0007555079
9,0.0021575392901406,0.0006457655
9,0.0065377199279078,0.0008237361
9,0.0102803210293756,0.00055495044
9,0.0064291811831987,0.00065325305
9,0.018593769485025,8.189263e-06
9,0.0041251342275297,0.0006262221
9,-0.0022398401322109,0.00050389767
9,0.0112382152035783,0.000817358
9,0.0053072519442507,0.0006608899
9,0.0082588132042499,0.0007119427
9,0.0034936847945353,8.189263e-06
9,-0.024537796118289,-0.001939573
9,0.0043688703330497,0.00092487974
9,-0.0286081029417191,0.00094105303
9,0.0056599967393871,0.0017722582
9,0.0072562573324827,0.0009260353
9,0.0165812015954079,0.00087061396
9,-0.003205210252169,0.00070445513
9,0.0001784303350301,0.0005080617
9,0.0016924889849958,0.00070445513
9,0.0205266550635451,0.00050333375
9,0.0053050583870962,0.00044536102
9,-0.0118664654089739,0.0007119427
9,-0.0097905267649103,0.0006608899
9,-0.0071162609769321,0.00034863886
9,0.0170822771377416,0.00066473725
9,0.0053389538892831,0.0008748332
9,0.0089507045922387,0.0007119427
9,0.0140031521986328,0.0006608899
9,-0.0259260601681284,0.0006303434
9,-0.0129533739008056,0.0003074802
9,-0.0067635406131529,0.00088247005
9,-0.0062700953379705,0.00071453897
9,0.0175465865910246,0.0007112263
9,0.0082652112627029,0.0011564081
9,0.00052526909393,0.0008673013
9,-0.0021026650011002,0.00045228098
9,-0.0097827609796142,0.00070445513
9,-0.0194962490014099,0.0007555079
9,0.0135445544804895,0.0030190174
9,0.0004454440864414,0.001016013
9,-0.0060741922602637,0.00050333375
9,-0.0087290511920183,0.00070445513
9,0.0143577993658408,0.00016902888
9,0.0040899935306112,-0.0044729584
9,8.874101511746629e-05,0.00086266117
9,0.0175890999460881,0.0007726833
9,0.0110105016545864,0.00039210435
9,-0.0051000465051785,0.00068139617
9,0.0047551817037908,0.0006608899
9,-0.007879922223171,0.0004926496
9,0.0122689748295903,0.00055495044
9,-0.0152290845032981,0.00077067665
9,-0.0028814373549389,0.000582564
9,-0.0052604627328658,0.000711987
9,0.0033347669008135,-0.00168173
9,-0.0040382205627009,0.0005714554
9,0.0071873564428112,0.0007555079
9,0.023477681432779,7.2260475e-05
9,0.0084947722246851,0.0006968183
9,0.0131094915813551,0.00037945568
9,-0.0139556624365726,0.0007575589
9,0.0056560572891133,0.00063376606
9,0.0129088934592123,0.00010285164
9,-0.0135884360703669,0.0006968183
9,0.0114064638628894,0.0003074802
9,-0.0142146094509147,0.0005185025
9,-0.002816119986652,0.0006412536
9,0.000512624128096,0.00011797605
9,-0.0095258781928483,0.00078616303
9,-0.0126694687988062,0.00080397155
9,0.0022680026884783,0.0007712298
9,0.0099701409716158,0.0008217294
9,0.0061063018416009,0.0007119427
9,-0.0107755082878878,0.00070427347
9,0.0207572250852134,0.0006621802
9,-0.0056185202652606,0.0010748089
9,-0.0051351328548136,0.0008823191
9,-0.0048168781948041,0.0007687155
9,0.0193833240355871,0.00050333375
9,0.0108499717538415,0.0008086117
9,0.0,0.0006968183
9,-0.0060413063421627,0.00070445513
9,-0.0089610232946792,5.175448e-05
9,-0.0265030459602431,0.0006131205
9,0.0235265408742861,0.00083228725
9,-0.0074375828718255,0.00039907242
9,0.0012862741511656,0.00055849616
9,0.0124341764427458,-0.00044534463
9,0.0106916354723252,0.0008237361
9,-0.0016761741714663,0.0008237361
9,-0.000923065373816,0.0006608899
9,0.0118512525237673,0.0006608899
9,0.0038091878974065,0.0007232284
9,-0.0053868077651275,0.00096769247
9,0.019013771382807,0.00048516103
9,0.0218547873817812,0.00069434324
9,-0.0349859432654683,0.0012005435
9,-0.0213751492918532,0.0007668622
9,0.0366238813480898,0.0005372774
9,0.0137364572684844,0.0011746683
9,-0.0046654063708944,0.00084785995
9,0.0200349455729595,0.0004982268
9,0.0285131940957184,0.00053754786
9,-0.0082519657812394,0.0004768072
9,0.0058682484646045,0.0005727001
9,0.0043788614891203,0.00091463304
9,0.0238584331113152,-1.881086e-05
9,0.000224460551593,-0.00039242086
9,0.0099028300615403,0.00029096217
9,-0.0009637415096774,0.0005666737
9,0.0146505217945148,0.0007295199
9,0.0054662447865234,0.0006784671
9,0.0210730753575131,0.0008558991
9,0.006314096197221,0.0007559595
9,-0.021444657308314,0.0005079841
9,0.0377885651500419,-0.002163387
9,0.0265015082416021,0.00093844824
9,-0.0102837201763877,0.0006075813
9,0.0201275011780205,2.7101793e-05
9,0.0143877916386798,0.00012444446
9,0.0025098140602385,5.434322e-05
9,0.0258520787990185,0.00065180473
9,-0.030219855091369,0.0009751181
9,-0.0099202574076594,0.00032924165
9,-0.0153410147765495,0.0010244399
9,0.0302511835613173,0.0013139466
9,0.0019227727303524,0.0011735293
9,-0.0247455838488467,0.0007880314
9,0.0233535934809551,0.0009114545
9,-0.0099994076807043,0.00092135544
9,-0.0013408341187258,0.000814246
9,-0.00349471006145,0.00091463304
9,0.0263104625521318,0.00044108182
9,0.011215489945048,0.00021973011
9,-0.0156186614073007,0.0021716596
9,-0.013326844541712,0.0009939591
9,0.0062545053127131,0.0016118112
9,0.0029805405354474,0.00056439417
9,-0.0051053624612114,0.00045460733
9,-0.0154739463507263,9.720883e-06
9,0.0230231565296768,0.0011484122
9,0.0127824477322423,0.0012170945
9,0.016728928258104,-3.119299e-05
9,0.0070847902739005,0.0010562552
9,0.0099988059060788,0.00023123057
9,-0.0077117976261954,0.0011244833
9,0.0036104578338446,0.0006487226
9,0.0095020217959268,0.0008559435
9,0.0091023961130356,-0.0005568526
9,0.026034322134937,0.000636606
9,-0.0129018494577986,0.00091663975
9,0.0132040658334677,0.0005291349
9,0.0330569147079548,0.0002619325
9,0.0028032320338424,-9.366403e-05
9,-0.0106118483816944,0.0011677175
9,-0.0537594172608169,-0.011620423
9,-0.0005599484812871,-0.00036127496
9,0.0165405187899612,0.0005010379
9,0.0032999567952759,0.00013390163
9,-0.0480522475205252,0.000855134
9,-0.0075821255763306,-0.0132018095
9,-0.0164531076666579,0.0020581617
9,0.0008521615791965,0.00018415652
9,-0.0225264244866219,0.0017571602
9,-0.0015423989534126,0.0031060285
9,0.0197355245074803,0.0030533874
9,-0.0371331799483146,0.0010670554
9,0.0084319319693884,0.0018122817
9,0.0045940587321041,0.0019838468
9,0.0076546458280783,0.00067136163
9,0.0068660426796384,0.0007679516
9,-0.0108202889779455,0.00101269
9,-0.0048468327613701,0.00101269
9,0.0158663708174466,0.00123427
9,0.0269321531496058,0.0011755361
9,-0.0022006848515305,0.0005320561
9,-0.0102905570353835,0.0007525093
9,0.0061350018782011,0.0020298117
9,0.0077130652104211,0.0009240127
9,-0.0407870542680828,0.0012191013
9,-0.0142922391311149,0.00029706533
9,-0.0138074775869496,0.0010366632
9,0.0347358343859201,0.0009836098
9,0.0063268552966582,0.0007972015
9,0.0062210786977956,0.00094339
9,0.0079512890902428,0.0009139625
9,0.0398541771344627,0.0008484116
9,0.0161430651862918,0.00045123862
9,0.01275404808059,0.00048168216
9,-0.0393364606318692,0.00061510084
9,-0.0063549110649285,-0.00020508503
9,-0.0023854504054751,0.00081407663
9,-0.0335410857746045,0.0012620747
9,-0.0128314081233574,0.0011048471
9,-0.0063758752941977,0.0011735293
9,-0.0116352596487255,0.001519184
9,0.0279682347558314,0.0020431706
9,0.001204194770492,4.1697826e-05
9,0.0196636785879698,0.0007893216
9,-0.0032177503580923,0.0013473686
9,-0.014041777793923,0.0012341188
9,0.0121325805795358,0.0006993104
9,-0.0188922490365733,0.0016478463
9,0.0114179523150826,0.00078444486
9,-0.0270522371777053,0.0005942308
9,0.0027927286739605,0.00046546312
9,-0.0423082001577634,0.0011660417
9,0.006648246619687,-0.0009124662
9,-0.0079264285281171,0.0012547761
9,-0.0210382787368133,0.00022445069
9,0.0047778276304733,0.0010814688
9,0.0090581706581071,0.00075363624
9,-0.0204611817804063,0.00064384943
9,0.0047367166630241,0.0019216945
9,-0.007369929742229,0.0011224765
9,-0.003521545789472,0.0010802743
9,0.004839019055214,0.0009542364
9,-0.0032234095167794,0.0011569783
9,0.005925979555195,0.000745396
9,-0.0047526485620049,0.00069434324
9,0.0377566739626308,0.0010112576
9,-0.0039601156205771,0.00096020504
9,-0.0263485122207129,9.206601e-05
9,0.0102773501710711,0.0006354297
9,0.0397383568460409,0.0010092509
9,0.0040054946341321,0.0005407265
9,-0.0040054946341322,0.0003760933
9,0.0099154199047196,0.00039771854
9,0.0096144472296985,-0.00032397395
9,0.0067632450224576,-0.00027292114
9,0.0223290345785532,0.0005623556
9,0.0178995767708367,0.00031761703
9,0.0156744964769813,0.00038659808
9,0.000318671385752,-0.00020213862
9,-0.0139234035662913,0.00045056225
9,-0.0112408317603236,0.00049166643
9,0.0239528218080352,0.0007231952
9,0.0014026067518219,0.0002474342
9,-0.0097948992997561,-0.0020088514
9,-0.0024477193807583,0.0005207898
9,-0.0071192293191182,0.0019924012
9,-0.0152495356128209,0.001237326
9,0.0209489679696708,0.0011005217
9,-0.0116930129170743,0.0011712108
9,0.0431611248038736,0.0010027344
9,6.256636565903327e-05,0.00086734566
9,-0.0003129671163047,0.00059158984
9,-0.0071616971027556,2.6118272e-05
9,0.0093503168604994,0.0006585257
9,0.0149130725948347,0.00086529466
