Date,Close,High,Low,Open,Volume,is_outlier
2017-01-03,26.69820976257324,26.73958458686749,26.37870485695846,26.61775920247072,115127600,False
2017-01-04,26.668331146240234,26.78096370212091,26.606269776700465,26.629255404171083,84472400,False
2017-01-05,26.80394554138184,26.86141047878233,26.62005704022397,26.645341752975444,88774400,False
2017-01-06,27.102767944335938,27.160232890274717,26.771769294547475,26.843025266330446,127007600,False
2017-01-09,27.351015090942383,27.45215395665387,27.109663370982208,27.111960706154942,134247600,False
2017-01-10,27.37860107421875,27.44066244894811,27.19241519633956,27.30044782985429,97848400,False
2017-01-11,27.52570533752441,27.567080163085443,27.261366271645112,27.293546496671382,110354400,False
2017-01-12,27.410776138305664,27.42226982768064,27.17172177957063,27.3303255737532,108344800,False
2017-01-13,27.362510681152344,27.49582978544724,27.30964215576261,27.378600796933377,104447600,False
2017-01-17,27.58317375183105,27.63833960830125,27.17402362176945,27.201605673159065,137759200,False
2017-01-18,27.58087158203125,27.6981005484148,27.51651113105699,27.58317067062055,94852000,False
2017-01-19,27.53260612487793,27.603862100561837,27.43836452029836,27.44526003359795,102389200,False
2017-01-20,27.58317375183105,27.68660995192404,27.521112382513454,27.68660995192404,130391600,False
2017-01-23,27.6015625,27.76935915548932,27.53030477647313,27.583173296916232,88200800,False
2017-01-24,27.576271057128903,27.60615218958252,27.46823670747972,27.479730395026,92844000,False
2017-01-25,28.01530265808105,28.06587207818311,27.64752744873502,27.67970766994714,129510400,False
2017-01-26,28.029102325439453,28.144032216222865,27.950949087787432,27.967039202349472,105350400,False
2017-01-27,28.03139877319336,28.123343033647554,27.95094820293003,28.07507269148956,82251600,False
2017-01-30,27.957839965820312,27.957839965820312,27.73487748776341,27.796938846873957,121510000,False
2017-01-31,27.89348030090332,27.90267490134263,27.72568366553544,27.847509052397506,196804000,False
2017-02-01,29.59444236755371,29.994399589197755,29.19448689960036,29.19908332290733,447940000,False
2017-02-02,29.543865203857425,29.74154467439947,29.37147043910728,29.417443428588125,134841600,False
2017-02-03,29.670297622680664,29.695582336048417,29.45882706877832,29.493304629106387,98029200,False
2017-02-06,29.948421478271484,29.996693562884683,29.628916606670863,29.681786867766508,107383600,False
2017-02-07,30.233448028564453,30.36216890776309,29.98519911551812,30.005885648093415,152735200,False
2017-02-08,30.350679397583008,30.39205597580901,30.16219622921077,30.19207911863059,92016400,False
2017-02-09,30.569997787475582,30.576923196246263,30.269883824588764,30.39223740965527,113399600,False
2017-02-10,30.500732421875,30.69003627370901,30.484574313048007,30.57922623896501,80262000,False
2017-02-13,30.77083396911621,30.89319104608172,30.646173119922825,30.72235611988059,92141600,False
2017-02-14,31.17023658752441,31.186394706096905,30.761619714559394,30.81240841165514,132904800,False
2017-02-15,31.28334045410156,31.45879352184772,31.077878458389428,31.285651271890703,142492400,False
2017-02-16,31.246410369873047,31.37337855238188,31.12867136942429,31.3202825748279,90338400,False
2017-02-17,31.33181571960449,31.357210052212658,31.18868594813342,31.18868594813342,88792800,False
2017-02-21,31.55807113647461,31.56961466170974,31.3918542363389,31.449568339925207,98028800,False
2017-02-22,31.6527156829834,31.65502297845318,31.421859322819444,31.495731526325887,83347600,False
2017-02-23,31.51882553100586,31.73813841707009,31.46572954276888,31.715054889509755,83152800,False
2017-02-24,31.548831939697266,31.548831939697266,31.230249026210306,31.37568966455672,87106400,False
2017-02-27,31.611162185668945,31.728901193043463,31.46110694882896,31.659643575044708,81029600,False
2017-02-28,31.6250114440918,31.72889609309764,31.55806113250504,31.645787669375324,93931600,False
2017-03-01,32.271392822265625,32.35450121106947,31.765820606511205,31.83276736738168,145658400,False
2017-03-02,32.07980728149414,32.38453590142922,32.033633182865024,32.31989639045544,104844000,False
2017-03-03,32.269100189208984,32.280643711179444,31.99438057021848,32.038243840153214,84432400,False
2017-03-06,32.167518615722656,32.266788664550965,31.996687194269278,32.17444402347953,87000000,False
2017-03-07,32.20907974243164,32.315271693433274,32.0405520664607,32.10288426884158,69785200,False
2017-03-08,32.08902740478516,32.27371315911442,32.04747495941965,32.07748388465437,74828800,False
2017-03-09,32.01514434814453,32.040538677570424,31.63885104085334,32.028998682675265,88623600,False
2017-03-10,32.121337890625,32.17212654649358,32.00590976775764,32.146732218559286,78451200,False
2017-03-13,32.13520050048828,32.18829647017765,32.04747749025978,32.054402898367606,69686800,False
2017-03-14,32.086727142333984,32.23908966465567,32.052096574351545,32.15829205120706,61236400,False
2017-03-15,32.42609024047852,32.49303704395142,32.09596376949352,32.183690325330886,102767200,False
2017-03-16,32.47917175292969,32.55535475075194,32.379901717250725,32.48609715976922,76928000,False
2017-03-17,32.31757736206055,32.550740976098126,32.294490321127455,32.550740976098126,175540000,False
2017-03-20,32.65693664550781,32.666169348388465,32.37298083505005,32.41222598682167,86168000,False
2017-03-21,32.28295135498047,32.96628770549994,32.25755701540671,32.806996259318026,158119600,False
2017-03-22,32.647701263427734,32.68925723393395,32.26447891610455,32.28525866265166,103440800,False
2017-03-23,32.53227233886719,32.684638356177594,32.460707442957485,32.61076264260119,81385200,False
2017-03-24,32.467620849609375,32.72156411792704,32.40067409119105,32.66615735322502,89582400,False
2017-03-27,32.52305603027344,32.601546373573065,32.001318227257826,32.1790786703926,94300400,False
2017-03-28,33.197147369384766,33.25255064482762,32.463022266468414,32.52997258774683,133499200,False
2017-03-29,33.271018981933594,33.35643823436015,33.05632424825825,33.16944161532169,116760000,False
2017-03-30,33.22715377807617,33.358743592432035,33.12788723539098,33.28717868536346,84829200,False
2017-03-31,33.16481399536133,33.3056364669168,33.01475529996669,33.1786648085328,78646800,False
2017-04-03,33.17404556274414,33.271004774217744,33.023990395065574,33.17635637991859,79942800,False
2017-04-04,33.42106628417969,33.44876791191297,33.05169480899448,33.070163735012486,79565600,False
2017-04-05,33.2479248046875,33.58035843522584,33.19944343248918,33.29409535946504,110871600,False
2017-04-06,33.16481399536133,33.36335053685614,33.11633262667388,33.31025105624911,84596000,False
2017-04-07,33.0909538269043,33.284872347499096,33.07479571148253,33.18098767736538,66688800,False
2017-04-10,33.051700592041016,33.21561013751287,32.989368396147434,33.15097064643362,75733600,False
2017-04-11,32.696189880371094,33.09326313157314,32.33374367676682,32.9986111713542,121517600,False
2017-04-12,32.73542785644531,32.816225457301364,32.55304938555892,32.68925729558643,81400000,False
2017-04-13,32.562286376953125,32.86932572163703,32.562286376953125,32.76082296364392,71291600,False
2017-04-17,32.74235153198242,32.753895052233354,32.52072791996312,32.661550412813725,66328400,False
2017-04-18,32.59690856933594,32.79082701421264,32.57613234793934,32.64538994184889,58790000,False
2017-04-19,32.47687149047852,32.78160358080456,32.423775513256935,32.75390194444348,69313600,False
2017-04-20,32.88317108154297,32.993981116340386,32.58767530702486,32.601526121051094,93278400,False
2017-04-21,32.84391403198242,32.938562401057986,32.74695484634824,32.88315916503058,69283600,False
2017-04-24,33.16019821166992,33.23176309980541,33.05400276558699,33.12787847113817,68537200,False
2017-04-25,33.36566925048828,33.45108497600299,33.21330320828219,33.222539435282336,75486000,False
2017-04-26,33.16943359375,33.38182450307761,33.10017951743427,33.35181205494892,80164800,False
2017-04-27,33.194847106933594,33.28026638805199,33.084036998222246,33.2248595724014,56985200,False
2017-04-28,33.162506103515625,33.31256481214759,33.074783104828754,33.264083439183395,83441600,False
2017-05-01,33.83892059326172,33.98205038775373,33.4649344734146,33.4972542180608,134411600,False
2017-05-02,34.05360794067383,34.18750500321283,33.89893465875478,34.06053334713385,181408800,False
2017-05-03,33.94972610473633,34.04899614311443,33.305638593035376,33.61036707002252,182788000,False
2017-05-04,33.82737731933594,33.96819981973374,33.66116048206023,33.82507002419722,93487600,False
2017-05-05,34.38835906982422,34.39297365997338,33.88047234638502,33.88047234638502,109310800,False
2017-05-08,35.32332992553711,35.48262137552229,34.4045226107652,34.4045226107652,195009600,False
2017-05-09,35.5495719909668,35.75503400957572,35.42490758445576,35.5218668325263,156521600,False
2017-05-10,35.381038665771484,35.53802279658451,35.1155553043252,35.46645790032966,103222800,False
2017-05-11,35.687034606933594,35.7148541231763,35.3068675648166,35.33932071949261,109020400,False
2017-05-12,36.18543243408203,36.259609569317824,35.85394330228609,35.86089729817916,130108000,False
2017-05-15,36.09268951416016,36.31290753319906,35.942014958272345,36.16454979580288,104038800,False
2017-05-16,36.03937530517578,36.17614187932493,35.865518411455746,36.14832590821055,80194000,False
2017-05-17,34.82932662963867,35.830743908425006,34.70415123835394,35.60588873806216,203070800,False
2017-05-18,35.36018753051758,35.54563566989228,35.03333911992574,35.06579227903164,134272800,False
2017-05-19,35.48072814941406,35.69399226447333,35.38105185594102,35.554908817501946,107843200,False
2017-05-22,35.69630432128906,35.833070917006374,35.44594993039589,35.69862114020477,91865600,False
2017-05-23,35.65226364135742,35.90725169611106,35.53867583458658,35.90725169611106,79675600,False
2017-05-24,35.545623779296875,35.73802585003768,35.3903120314495,35.661528385492936,76712000,False
2017-05-25,35.66847610473633,35.77974705384383,35.47375724948908,35.63602296219512,76942400,False
2017-05-26,35.60821914672852,35.75426010657202,35.53867566408264,35.69862461302962,87710400,False
2017-05-30,35.62213134765625,35.79830512567792,35.54331704199883,35.5641790281207,80507600,False
2017-05-31,35.41117858886719,35.73803046949931,35.323093482019345,35.69166932845386,97804800,False
2017-06-01,35.5085334777832,35.54330698193968,35.28599861454439,35.50621665902392,65616400,False
2017-06-02,36.03474426269531,36.03474426269531,35.44131319709185,35.60126213247194,111082800,False
2017-06-05,35.68239974975586,35.80294156229667,35.57345264543738,35.77744240074244,101326800,False
2017-06-06,35.80292510986328,36.118185718240646,35.64761339254073,35.675429360679935,106499600,False
2017-06-07,36.016197204589844,36.157600969588174,35.809887141277,35.93506610026069,84278400,False
2017-06-08,35.92810821533203,36.05560044220187,35.79133810279246,35.98837733234555,85003200,False
2017-06-09,34.534934997558594,35.974471743082624,33.84878171909158,35.974471743082624,259530800,False
2017-06-12,33.709693908691406,33.8650056503976,33.035128278392655,33.78387455154509,289229200,False
2017-06-13,33.98091125488281,34.180267317025965,33.64710542644517,34.113044202442644,136661600,False
2017-06-14,33.64944076538086,34.19187370955701,33.343450774022365,34.19187370955701,126124800,False
2017-06-15,33.44775390625,33.49179822808416,32.96559379650848,33.22290219610901,128661600,False
2017-06-16,32.9794921875,33.496425655314404,32.96326384749294,33.329522767002864,201444400,False
2017-06-19,33.92295837402344,34.015684178746284,33.30171139945538,33.30171139945538,130165600,False
2017-06-20,33.614654541015625,34.04581984224662,33.59842973452533,34.04581984224662,99600400,False
2017-06-21,33.81401443481445,33.86037911488633,33.52193605085544,33.73288331894563,85063200,False
2017-06-22,33.758384704589844,34.006418781116174,33.64015971458918,33.79083786050344,76425200,False
2017-06-23,33.909061431884766,34.113054731588505,33.63784499684898,33.642482172877415,141757600,False
2017-06-26,33.80241394042969,34.37266250220342,33.70041734248586,34.11535418907318,102769600,False
2017-06-27,33.31794738769531,33.88124578693254,33.29244822497875,33.614662988145,99047600,False
2017-06-28,33.804744720458984,33.86965103011628,33.1858144223585,33.494121161794965,88329600,False
2017-06-29,33.30634689331055,33.642473090615525,32.98181540151095,33.545113643075645,125997600,False
2017-06-30,33.385154724121094,33.6030558907398,33.329519254837514,33.484830960653056,92096400,False
2017-07-03,33.26462936401367,33.681886746388706,33.171907073320845,33.58452728002264,57111200,False
2017-07-05,33.401397705078125,33.56366349073163,33.08382012907563,33.30867540959865,86278400,False
2017-07-06,33.08612060546875,33.264614650084305,33.01194351315096,33.15334724304407,96515200,False
2017-07-07,33.42225646972656,33.55438944203502,33.12554090823532,33.12554090823532,76806800,False
2017-07-10,33.62624740600586,33.832557485774224,33.234489228921056,33.406029337936204,84362400,False
2017-07-11,33.73520278930664,33.80938345354862,33.46862354358563,33.54975466583044,79127200,False
2017-07-12,33.78387451171875,33.885867589830724,33.57061046945743,33.814007302855764,99538000,False
2017-07-13,34.25444793701172,34.42135085110845,33.714332053494225,33.72824004014765,100797600,False
2017-07-14,34.54884719848633,34.61607385814892,34.152455383178136,34.300813153683656,80528400,False
2017-07-17,34.66939163208008,34.9800151850504,34.439902733258485,34.497855047042286,95174000,False
2017-07-18,34.7899284362793,34.801519604796255,34.46307658459224,34.58593518919041,71475200,False
2017-07-19,35.00782012939453,35.10054237800285,34.759782631820336,34.882641202933534,83692000,False
2017-07-20,34.85020065307617,35.17473571470918,34.81543068156793,35.11910022316766,68974800,False
2017-07-21,34.833980560302734,34.87338771238873,34.511765811243066,34.769074246616526,105010400,False
2017-07-24,35.255863189697266,35.33699783101642,34.74820043528581,34.90583254315868,85972800,False
2017-07-25,35.40654373168945,35.661531767224204,35.18864248543714,35.18864248543714,75415600,False
2017-07-26,35.57344055175781,35.68238761903824,35.48071475166183,35.54794139887237,63124000,False
2017-07-27,34.90118789672852,35.69629518520413,34.14549127963004,35.640659711313354,129905200,False
2017-07-28,34.655487060546875,34.82470684308858,34.58362675030843,34.745892537480536,68854800,False
2017-07-31,34.476993560791016,34.84788982726566,34.337910113709725,34.74820999658491,79383600,False
2017-08-01,34.782981872558594,34.82238902423158,34.40281480903996,34.56276377220777,141474400,False
2017-08-02,36.42650604248047,37.03152833707844,36.199333963891554,36.92257770469704,279747200,False
2017-08-03,36.06256866455078,36.44273571356146,35.935072862751454,36.405645382651,108389200,False
2017-08-04,36.25264739990234,36.48677346215096,36.09038163709992,36.17847028139053,82239600,False
2017-08-07,36.813621520996094,36.83912067658337,36.31754993358477,36.40795538755274,87481200,False
2017-08-08,37.10800552368164,37.51367149646804,36.68843156919711,36.76492900566345,144823600,False
2017-08-09,37.33518600463867,37.38386748882659,36.883158810582536,36.91792877276863,104526000,False
2017-08-10,36.1459846496582,37.23510991003877,35.98540767000847,37.21183654593828,163217200,False
2017-08-11,36.64867782592773,36.902344862484895,36.32054592261613,36.44388701378679,105028400,False
2017-08-14,37.20021438598633,37.283993550032726,36.94422150945071,37.07687333211494,88490800,False
2017-08-15,37.60747528076172,37.74710486002847,37.267703224278414,37.388718367124,117862000,False
2017-08-16,37.45622253417969,37.81926457714571,37.27004612596081,37.68661623884026,110686400,False
2017-08-17,36.73711395263672,37.400366192505885,36.732458566635856,37.356148903045394,111762400,False
2017-08-18,36.653316497802734,37.118755437457374,36.47179559541881,36.73709564898126,109712400,False
2017-08-21,36.58584213256836,36.74408972257525,36.09712965562986,36.65332923983164,105474000,False
2017-08-22,37.18392562866211,37.23512420853029,36.77434054073482,36.82320965268834,86418400,False
2017-08-23,37.23047256469727,37.34450642241073,36.974483190652286,37.01870047325585,77596400,False
2017-08-24,37.06525421142578,37.4073523308134,36.89769580392901,37.33520626704212,79275600,False
2017-08-25,37.20255279541016,37.365455793809865,37.065249093260334,37.15368012038072,101920400,False
2017-08-28,37.57722473144531,37.70056580462589,37.21883464818906,37.267707314457965,103864000,False
2017-08-29,37.91233444213867,37.96120354836879,37.23511984766501,37.258393217976895,118067600,False
2017-08-30,38.014739990234375,38.14040698504185,37.8425262445174,38.11946307774369,109078400,False
2017-08-31,38.16598892211914,38.28700402762035,38.044973816617926,38.08220978000552,107140400,False
2017-09-01,38.17764663696289,38.38476691476252,38.07990484248632,38.35218631660367,66364400,False
2017-09-05,37.719181060791016,38.224182004222335,37.36544638829334,38.10782224165241,117874000,False
2017-09-06,37.67961502075195,37.93095250636385,37.35613505844936,37.86579133057755,86606800,False
2017-09-07,37.52835464477539,37.75642236834919,37.3189084629825,37.72151230403794,87714000,False
2017-09-08,36.91631317138672,37.50276403663059,36.89303978978933,37.43527691162932,114446000,False
2017-09-11,37.58420181274414,37.71219825667535,37.20952325015532,37.35148229687576,126323200,False
2017-09-12,37.43525695800781,38.15668879075786,36.94887408064013,37.84251606174984,286856000,False
2017-09-13,37.15366363525391,37.225809657051606,36.748734011902265,37.2048622050368,179629600,False
2017-09-14,36.8348388671875,37.09548354744911,36.79062159799653,37.00007125979313,95042800,False
2017-09-15,37.20720291137695,37.46086636945778,36.769689019627606,36.87906749256494,196458400,False
2017-09-18,36.92560195922852,37.35147906251199,36.76968032322053,37.26071860122323,113077600,False
2017-09-19,36.93956756591797,37.18159784972279,36.87208046911773,37.12108850326259,83242400,False
2017-09-20,36.32054138183594,36.83019420658848,35.79924831851858,36.74641502768066,211805600,False
2017-09-21,35.69684600830078,36.25770088768065,35.547905661807576,36.25770088768065,150046800,False
2017-09-22,35.34777069091797,35.436205252199564,35.03825327745074,35.26631743173562,186581600,False
2017-09-25,35.03592300415039,35.33380369340839,34.71244302670532,34.905600646477254,177549200,False
2017-09-26,35.6386604309082,35.820181338200065,35.30121790073832,35.32216180134491,146640000,False
2017-09-27,35.89232635498047,36.00636018473851,35.73174933689874,35.79225867763542,102016800,False
2017-09-28,35.67124557495117,35.90396508081647,35.53626783542716,35.81320461556972,88022000,False
2017-09-29,35.86674499511719,35.86907446385912,35.37338056046845,35.65497284974704,105199200,False
2017-10-02,35.79459762573242,35.943538013202705,35.54093413865348,35.899320725341084,74795200,False
2017-10-03,35.95051574707031,36.09247481720678,35.81786744767447,35.841137272488844,64921200,False
2017-10-04,35.71779251098633,35.80622706881335,35.480421146847824,35.752702571137206,80655200,False
2017-10-05,36.16228866577149,36.173925352810144,35.850445338837886,35.88069646391643,85135200,False
2017-10-06,36.14135360717773,36.18557089813813,35.96913982949492,36.06455571514429,69630400,False
2017-10-09,36.26701736450195,36.4741376422052,36.18556764465215,36.26003606140108,65051600,False
2017-10-10,36.280982971191406,36.7696955347829,36.0948101384129,36.31821895815477,62468000,False
2017-10-11,36.43223190307617,36.53229956564599,36.24605562625315,36.297254191154906,67622400,False
2017-10-12,36.30424118041992,36.62306575189668,36.24140592255348,36.3856944239882,64500400,False
2017-10-13,36.534629821777344,36.60211690368667,36.39965210694148,36.474120488668426,65576800,False
2017-10-16,37.20720291137695,37.23512812114188,36.68823575645519,36.74641564414448,96486000,False
2017-10-17,37.34449768066406,37.43758405834157,37.05592422823548,37.18392066080533,75989200,False
2017-10-18,37.17927169799805,37.40035809744781,37.142039271107095,37.33286744361,65496800,False
2017-10-19,36.299598693847656,36.55559164943248,36.07618988808176,36.47879376275703,170336800,False
2017-10-20,36.3624382019043,36.71151760864258,36.29495107905008,36.44621740156226,95896400,False
2017-10-23,36.34380340576172,36.69753803534452,36.18788176895651,36.5113617276158,87937200,False
2017-10-24,36.56023406982422,36.634702461664304,36.35078439380002,36.37172829609713,71028800,False
2017-10-25,36.3996696472168,36.66496982118057,36.134369473253024,36.51602943493808,84828400,False
2017-10-26,36.63238143920898,36.73012321400495,36.48576700150596,36.590490078000336,68002000,False
2017-10-27,37.944923400878906,38.07291986379571,36.932591936286045,37.06989561877021,177816800,False
2017-10-30,38.79900360107422,39.113176413503815,38.10084495213601,38.14040684945362,178803200,False
2017-10-31,39.33890151977539,39.48086055249378,38.85019271526608,39.07360143989386,144187200,False
2017-11-01,38.83856201171875,39.54835728462217,38.54068129899505,39.53206521312065,134551200,False
2017-11-02,39.12248229980469,39.21324277903293,38.4638855706281,38.77107707018117,165573600,False
2017-11-03,40.14411926269531,40.553704360574216,39.82296517226792,40.4931985606318,237594400,False
2017-11-06,40.551395416259766,40.72360922035445,39.96261503805648,40.11388137673363,140105200,False
2017-11-07,40.68169021606445,40.78408735161502,40.40010164431773,40.47224411226908,97446000,False
2017-11-08,41.01448822021485,41.01448822021485,40.569993098457765,40.64679096381511,97638000,False
2017-11-09,40.93070602416992,40.981904597285485,40.293053327832816,40.751511018265454,117930400,False
2017-11-10,40.79525375366211,40.96108019416508,40.701832715830456,40.89801903354742,100582000,False
2017-11-13,40.63176727294922,40.75555175822964,40.4986385451282,40.521995587695365,67928400,False
2017-11-14,40.01750564575195,40.51731561124466,39.980135810403205,40.41455034592742,99130000,False
2017-11-15,39.48967361450195,39.77928451865942,39.32618502497111,39.69753844200202,116632400,False
2017-11-16,39.961456298828125,40.1412919576405,39.774610677254,39.98013765358011,94550000,False
2017-11-17,39.73957061767578,40.029181476503545,39.62045828475755,39.94743541264098,87598000,False
2017-11-20,39.69987487792969,39.8353378776979,39.60178171888046,39.77227671695763,65049600,False
2017-11-21,40.43791198730469,40.56870286213054,39.88671932640713,39.88671932640713,100525200,False
2017-11-22,40.86298370361328,40.87232438112121,40.41689062220264,40.48929245518663,102355600,False
2017-11-24,40.86532211303711,40.98910659428749,40.79058243028295,40.89568555462902,56106800,False
2017-11-27,40.6597785949707,40.89100040556646,40.48461152858143,40.88399400801354,82867200,False
2017-11-28,40.42155456542969,40.84195268013187,40.138950125958594,40.70882756081835,105715200,False
2017-11-29,39.58308410644531,40.38651760536671,39.04123584489696,40.3187879090918,166665600,False
2017-11-30,40.13661193847656,40.20434163051547,39.34018488678111,39.80495918391065,166108800,False
2017-12-01,39.94977951049805,40.09458318069577,39.35421062507689,39.69286632422728,159037200,False
2017-12-04,39.657833099365234,40.31645955791869,39.61812898340491,40.2837618410229,130169600,False
2017-12-05,39.62046813964844,40.059554875264176,39.33085720878508,39.4850051347503,109400800,False
2017-12-06,39.47332000732422,39.75125237053263,38.87775473048756,39.12065153613966,114240000,False
2017-12-07,39.54573440551758,39.80731618867309,39.4499755156894,39.47800111708906,102693200,False
2017-12-08,39.55740737915039,39.938105076725485,39.42895433665623,39.81899271296778,93420800,False
2017-12-11,40.32814025878906,40.37952289723063,39.42194125040226,39.51770012784191,141095200,False
2017-12-12,40.10157775878906,40.26273202232786,40.04552658105934,40.206677280815214,77636800,False
2017-12-13,40.23470687866211,40.53132053418506,40.17164573923548,40.28842377917512,95273600,False
2017-12-14,40.22303771972656,40.43557465717094,40.08990901260741,40.26507611326917,81906000,False
2017-12-15,40.63176727294922,40.678477794299205,40.27909873840484,40.55235903027581,160677200,False
2017-12-18,41.20397186279297,41.38614535836451,40.83962487164989,40.84429699209072,117684400,False
2017-12-19,40.7648811340332,40.96340524945592,40.6597815991908,40.879324908825325,109745600,False
2017-12-20,40.72051239013672,40.97041559422269,40.46359922352152,40.84195901091509,93902400,False
2017-12-21,40.87465286254883,41.110546810629,40.66211951438505,40.67846658865148,83799600,False
2017-12-22,40.87465286254883,40.97041172139755,40.75554053135045,40.79757891984987,65397600,False
2017-12-26,39.837669372558594,40.04786845648848,39.629801003099054,39.89138628266804,132742000,False
2017-12-27,39.844688415527344,39.88672682014047,39.63682354388698,39.72791031766681,85992800,False
2017-12-28,39.95678329467773,40.13662251329711,39.81664819065001,39.93809837655512,65920800,False
2017-12-29,39.52470779418945,39.84234431301682,39.52237351556149,39.82599723505273,103999600,False
2018-01-02,40.23237609863281,40.24172033918654,39.5317077360136,39.74191038306952,102223600,False
2018-01-03,40.22536849975586,40.767220394628254,40.162310914926,40.29543604668363,118071600,False
2018-01-04,40.41221618652344,40.514981452143,40.19033857963591,40.29777240185008,89738400,False
2018-01-05,40.87232208251953,40.95873670879751,40.4168883492139,40.50797509587503,94640000,False
2018-01-08,40.72051239013672,41.0147918288002,40.622415680131866,40.72051239013672,82271200,False
2018-01-09,40.71584701538086,40.88634201940872,40.50097576942338,40.76722965721681,86336000,False
2018-01-10,40.706485748291016,40.708823589804894,40.40519998697282,40.44256981336691,95839600,False
2018-01-11,40.93772506713867,40.98677343075358,40.75321726146878,40.77657074012666,74670800,False
2018-01-12,41.360450744628906,41.423511892310295,41.024129375372745,41.14791382880961,101672400,False
2018-01-16,41.15024948120117,41.897628282124,41.13857096354328,41.54962841310503,118263600,False
2018-01-17,41.82990646362305,41.86493845941443,40.88867549633279,41.14091299359858,137547200,False
2018-01-18,41.86726760864258,42.06345745239051,41.63137721705079,41.89295892367008,124773600,False
2018-01-19,41.680419921875,41.94200159305397,41.435185323253215,41.71545190862826,129700400,False
2018-01-22,41.33943939208984,41.52161290769802,41.24601835570046,41.40950695127393,108434400,False
2018-01-23,41.348777770996094,41.90931464951579,41.29739869848776,41.40950464867814,130756400,False
2018-01-24,40.69014739990234,41.409500675183416,40.451919160296335,41.39782215645873,204420400,False
2018-01-25,39.96379470825195,40.86064950797437,39.8283317077026,40.75788422729664,166116000,False
2018-01-26,40.05721664428711,40.171660448294,39.71856091721823,40.171660448294,156572000,False
2018-01-29,39.22809600830078,39.74191887120787,39.02023115887901,39.74191887120787,202561600,False
2018-01-30,38.99687576293945,39.09029680967297,38.46670223507626,38.66055429264359,184192800,False
2018-01-31,39.10431289672852,39.3402069398002,38.887107341115566,38.9735219947958,129915600,False
2018-02-01,39.18604278564453,39.38222905740429,38.94781456206008,39.04357341986543,188923200,False
2018-02-02,37.48575973510742,38.95716410101793,37.392338706452456,38.770318479924185,346375200,False
2018-02-05,36.54920196533203,38.27518171314244,36.43475817272473,37.158783638850124,290954000,False
2018-02-06,38.0766487121582,38.23780298295915,35.96763752424812,36.16148950479251,272975200,False
2018-02-07,37.26153945922852,38.16306616794101,37.151771368454334,38.09066434552719,206434400,False
2018-02-08,36.23623275756836,37.60253756671725,36.2082071619046,37.43671114354451,217562000,False
2018-02-09,36.67946243286133,37.026533888766,35.232545926564505,36.834238847176806,282690400,False
2018-02-12,38.1568603515625,38.43357852431035,36.93741390436866,37.16957849038807,243278000,False
2018-02-13,38.53910446166992,38.63525375165295,37.90827637720075,37.97862960348866,130196800,False
2018-02-14,39.24966812133789,39.289534118272805,38.19672773949779,38.23424636240979,162579600,False
2018-02-15,40.567604064941406,40.59105275486671,39.63191438389785,39.81717442105685,204588800,False
2018-02-16,40.43626403808594,40.99674230453712,40.2814912811856,40.41985031797631,160704400,False
2018-02-20,40.300254821777344,40.865417133804456,40.19941438696158,40.34715576848364,135722000,False
2018-02-21,40.11734771728516,40.83259536786897,40.10327420960197,40.53008115148343,149886400,False
2018-02-22,40.45269775390625,40.792734207769016,40.2674376980712,40.28854259462568,123967600,False
2018-02-23,41.156211853027344,41.191386671149125,40.69657395246168,40.727061180375976,135249600,False
2018-02-26,41.96995544433594,42.06844851198474,41.32271375193818,41.35554477448778,152648800,False
2018-02-27,41.83395767211914,42.32407942016189,41.78002173645258,42.00046022784797,155712400,False
2018-02-28,41.77063751220703,42.35690854658368,41.75422378396798,42.03797696075021,151128400,False
2018-03-01,41.03896713256836,42.1599169199814,40.49021837370537,41.86912523610617,195208000,False
2018-03-02,41.32270812988281,41.34381301758338,40.44095465283579,40.52303398719925,153816000,False
2018-03-05,41.46576690673828,41.681514152796034,40.92639700243722,41.08820833155888,113605600,False
2018-03-06,41.43059539794922,41.80111907072272,41.30396244619029,41.7213870796777,95154000,False
2018-03-07,41.045997619628906,41.23829619080357,40.86777255571941,41.02489272620152,126814000,False
2018-03-08,41.4939079284668,41.53611771378168,41.05537846001064,41.151524163776784,95096400,False
2018-03-09,42.206817626953125,42.21150879652509,41.59944177584291,41.73311327128927,128740800,False
2018-03-12,42.61484909057617,42.77196922412652,42.26074284137876,42.27950035669614,128828400,False
2018-03-13,42.20446395874024,43.03227806800687,42.033273881705256,42.81887463132679,126774000,False
2018-03-14,41.84567642211914,42.33345428800608,41.697934995814336,42.28655332708337,117473600,False
2018-03-15,41.89492416381836,42.26779523875993,41.75891244094542,41.8597493351985,90975200,False
2018-03-16,41.74717330932617,42.00513032163581,41.65336783168469,41.894911121852736,157618800,False
2018-03-19,41.10931396484375,41.61819664868472,40.72472041870842,41.5830218279429,133787200,False
2018-03-20,41.095245361328125,41.46107782208997,41.02489213926311,41.095245361328125,78597600,False
2018-03-21,40.16424179077149,41.06006173079245,40.161894417403104,41.048335598889736,148219600,False
2018-03-22,39.59674453735352,40.49490855512988,39.53811743769994,39.86642776443431,165963200,False
2018-03-23,38.679813385009766,39.84766413405887,38.679813385009766,39.48886659321659,164115200,False
2018-03-26,40.51601791381836,40.593406116445934,39.0315792888296,39.41382913196495,150164800,False
2018-03-27,39.477142333984375,41.07414393053354,39.1441408426636,40.72941630380633,163690400,False
2018-03-28,39.04095458984375,39.87111626930547,38.7384403503099,39.22152704663509,166674000,False
2018-03-29,39.34580993652344,40.27680835477367,39.13944144734554,39.35284490062601,153594000,False
2018-04-02,39.08784484863281,39.617835939087065,38.56958346809071,39.07846609034125,150347200,False
2018-04-03,39.48885726928711,39.573280410628975,38.66573432493875,39.31297602301765,121112000,False
2018-04-04,40.243988037109375,40.33778996897688,38.63995138530053,38.66574745331124,138422000,False
2018-04-05,40.52305221557617,40.85839750981913,40.35420588139473,40.47146008133661,107732800,False
2018-04-06,39.48651885986328,40.44800099028748,39.44430549427821,40.09389465436021,140021200,False
2018-04-09,39.878150939941406,40.59105484435307,39.83124997936275,39.838284944533854,116070800,False
2018-04-10,40.62858200073242,40.804463308094896,40.22522724958265,40.56995489827826,113634400,False
2018-04-11,40.438621520996094,40.78569288629012,40.26508404919231,40.38937319172964,89726400,False
2018-04-12,40.837284088134766,41.03896141306867,40.57932347078437,40.66609399388231,91557200,False
2018-04-13,40.97563934326172,41.23594373170507,40.769274446898855,40.98736547537979,100497200,False
2018-04-16,41.23125457763672,41.31802151105579,40.99909005243207,41.04599100081229,86313600,False
2018-04-17,41.798770904541016,41.96292603903228,41.36962018116944,41.38838127915609,106421600,False
2018-04-18,41.70497131347656,41.93479211258438,41.479845262421385,41.69793634802571,83018000,False
2018-04-19,40.52305221557617,41.1304281124797,40.490221182725016,40.74817827560862,139235200,False
2018-04-20,38.86272811889648,40.15252417899468,38.79471868641738,40.00713013182585,261964400,False
2018-04-23,38.75016403198242,39.14413637278911,38.48047726168653,39.12303147845599,146062000,False
2018-04-24,38.210784912109375,39.00576794628859,37.8074303293912,38.850991601645205,134768000,False
2018-04-25,38.377288818359375,38.79236958650734,38.08650076378324,38.13574551185221,113528400,False
2018-04-26,38.51095962524414,38.86506592809909,38.31162610624296,38.48750736007461,111852000,False
2018-04-27,38.06541061401367,38.536771276792585,37.66909078917335,38.45938306439938,142623200,False
2018-04-30,38.75485229492188,39.22386903924131,37.9528340915333,38.020843523315335,169709600,False
2018-05-01,39.65536880493164,39.67881749612992,38.7572012729857,39.02454068518083,214277600,False
2018-05-02,41.407135009765625,41.683853104628085,40.75754597352116,41.09289114729308,266157600,False
2018-05-03,41.482181549072266,41.62523178453475,40.90763681193432,41.24532940570239,136272800,False
2018-05-04,43.10968399047852,43.20817709910858,41.78236545254622,41.80112655585403,224805200,False
2018-05-07,43.42158508300781,44.010199999193205,43.32543576054877,43.42627267558025,169805600,False
2018-05-08,43.63027191162109,43.67013789503362,43.072140987220045,43.38169367486485,113611200,False
2018-05-09,43.93749237060547,43.946871131806425,43.43564455597334,43.74754114603787,92844800,False
2018-05-10,44.56596374511719,44.64335192738503,44.00548895079558,44.0265974210965,111957200,False
2018-05-11,44.3964729309082,44.74252983037608,44.12810264072007,44.60834648133808,104848800,False
2018-05-14,44.29288864135742,44.61775924769171,44.22462055341644,44.4953436639537,83115200,False
2018-05-15,43.89033508300781,44.03864620212648,43.57488299381088,43.97037452197802,94780800,False
2018-05-16,44.29995727539063,44.36587613183935,43.78675934704251,43.80323995918282,76732400,False
2018-05-17,44.01980972290039,44.47180154910727,43.8714986140111,44.2575751900698,69176000,False
2018-05-18,43.8597297668457,44.21284873798185,43.81735721452309,44.06689404605473,73190800,False
2018-05-21,44.17047882080078,44.556555441924544,44.00098141717452,44.25758035606822,73603200,False
2018-05-22,44.059837341308594,44.46474743175638,43.97037937487337,44.34704109365208,60962800,False
2018-05-23,44.34231948852539,44.37527711033402,43.73024526395209,43.86914143424903,80233600,False
2018-05-24,44.29288864135742,44.455323944524565,43.83619111793045,44.43884692692997,92936000,False
2018-05-25,44.39411163330078,44.64600126495954,44.17517603214325,44.31171578071335,69844000,False
2018-05-29,44.23404693603516,44.43414917712166,43.99157213120586,44.16342599646382,90056400,False
2018-05-30,44.1398811340332,44.25758748372396,43.9703837031095,44.19167221526615,74762000,False
2018-05-31,43.99156188964844,44.3117232455832,43.81971165651136,44.07395775611649,109931200,False
2018-06-01,44.784889221191406,44.78959488633589,44.19871062073128,44.25521093146227,93770000,False
2018-06-04,45.15920639038086,45.5335116194763,45.04620933090354,45.11447741480749,105064800,False
2018-06-05,45.50761413574219,45.65592523952757,45.28397285957056,45.45111740448041,86264000,False
2018-06-06,45.665340423583984,45.68888312315127,45.18039098623548,45.58294815932173,83734400,False
2018-06-07,45.54292297363281,45.71712599790556,45.27925842017184,45.70300181670628,85388800,False
2018-06-08,45.12862014770508,45.19924468594952,44.67427529773254,45.0038516867223,106627200,False
2018-06-11,45.01796340942383,45.1921700765698,44.77784507484562,45.04621537216592,73234000,False
2018-06-12,45.26514053344727,45.342827132957446,44.99912311016498,45.05562343493012,67644400,False
2018-06-13,44.893184661865234,45.40638602703127,44.83197867553465,45.29809464432641,86553600,False
2018-06-14,44.91674041748047,45.09800918830484,44.78020063094766,45.093299928876135,86440400,False
2018-06-15,44.45531845092773,44.76606483460539,44.31877869980678,44.7354600444249,246876800,False
2018-06-18,44.43179321289063,44.54479030035685,44.069255652105554,44.22933815211929,73939600,False
2018-06-19,43.71377944946289,43.86444341520715,43.18645377330186,43.5843017620001,134314000,False
2018-06-20,43.90446090698242,44.06924904987307,43.72319215374665,43.86915044497447,82514800,False
2018-06-21,43.65963745117188,44.33997995639365,43.53722185111352,44.08102457013798,102847600,False
2018-06-22,43.53249740600586,43.82205389718413,43.4807063468213,43.81499180657816,108801600,False
2018-06-25,42.8851203918457,43.53250515477578,42.54612561397352,43.174676934564935,126652400,False
2018-06-26,43.41715621948242,43.911524254395744,42.97222642490532,43.07816499818118,98276800,False
2018-06-27,43.35359573364258,44.0880820733022,43.32299093878607,43.60548540849269,101141200,False
2018-06-28,43.669044494628906,43.836189048695495,43.26884372711666,43.33946823717454,69460800,False
2018-06-29,43.57723236083984,44.06689106541538,43.05932528995992,43.85501754179745,90950800,False
2018-07-02,44.06453704833984,44.09278900829992,43.17938679868144,43.27355401169523,70925200,False
2018-07-03,43.29708480834961,44.245797295637054,43.20762687118931,44.20813041766312,55819200,False
2018-07-05,43.6455078125,43.88327690941216,43.38184677017839,43.6125501822098,66416800,False
2018-07-06,44.25052261352539,44.35881043686303,43.59842847136397,43.65021954934719,69940800,False
2018-07-09,44.86494064331055,44.88847975166625,44.56361275630815,44.61069456513132,79026400,False
2018-07-10,44.81079864501953,45.02973068179138,44.77077533410348,44.89554734134358,63756400,False
2018-07-11,44.22932815551758,44.67661073672415,44.16576573663476,44.375282843511165,75326000,False
2018-07-12,44.97088623046875,45.06034420283532,44.56597611317417,44.61776719274296,72164400,False
2018-07-13,45.04150390625,45.1615630676569,44.94027459626562,44.98265074224645,50055600,False
2018-07-16,44.94261932373047,45.35223493962522,44.82726585914835,45.08622115020571,60172400,False
2018-07-17,45.06975555419922,45.16862844586447,44.54007703963458,44.66955472828396,62138000,False
2018-07-18,44.82257080078125,45.15215069308998,44.711926558834094,45.14744143391224,65573600,False
2018-07-19,45.17098236083984,45.32870841202328,44.655428060581336,44.655428060581336,81147200,False
2018-07-20,45.06740188598633,45.30045812912671,44.76842679084426,45.1474413312646,82704800,False
2018-07-23,45.10740661621094,45.18980245974282,44.624810087190745,44.88847103911508,63957600,False
2018-07-24,45.43464279174805,45.59001600744331,45.211001486066,45.305165112002,74791600,False
2018-07-25,45.86310195922852,45.87016405255477,45.30046218207811,45.44877332615458,66839600,False
2018-07-26,45.71947860717773,46.13145062095991,45.57822962275092,45.81364220205502,76304000,False
2018-07-27,44.95909881591797,45.95018747493368,44.75193816376309,45.90310567181263,96096000,False
2018-07-30,44.70722579956055,45.24631929094277,44.50947999773488,45.17569476397284,84118000,False
2018-07-31,44.796669006347656,45.23218382059381,44.57302772015845,44.79902543166352,157492000,False
2018-08-01,47.435646057128906,47.49685204920368,46.449266539565365,46.87771926042405,271742800,True
2018-08-02,48.822227478027344,49.05528728580015,47.16492406575627,47.21906796740019,249616000,False
2018-08-03,48.96347427368164,49.1400337464226,48.372586272623785,48.73747656804409,133789600,False
2018-08-06,49.21773147583008,49.260104034656656,48.74690610871269,48.96583818020829,101701600,False
2018-08-07,48.75631332397461,49.31894940500595,48.67391746091623,49.27657685288124,102349600,False
2018-08-08,48.78927230834961,48.9211028192217,48.14659677179215,48.50677784332198,90102000,False
2018-08-09,49.17300033569336,49.384870304763766,48.77750517675299,49.32601713645395,93970400,False
2018-08-10,49.02652740478516,49.39742321531509,48.823362350385615,48.98636733184349,98444800,False
2018-08-13,49.34308624267578,49.83446227625625,49.06668789966988,49.44703165810567,103563600,False
2018-08-14,49.55098724365234,49.74233970464528,49.19899085182996,49.64784581924725,82992000,False
2018-08-15,49.6667366027832,49.78485574116098,49.21552062904969,49.42577255117373,115230400,False
2018-08-16,50.39434814453125,50.510102586734064,49.95730591478682,50.02345234024838,114001600,False
2018-08-17,51.400726318359375,51.48813333002239,50.35655353456642,50.42269996577792,141708000,False
2018-08-20,50.89990615844727,51.77870932595863,50.817221310825,51.52357513182624,121150800,False
2018-08-21,50.800689697265625,51.30860427759206,50.56209027790346,51.21647147162936,104639200,False
2018-08-22,50.80303955078125,51.11251110082186,50.51718966438757,50.578613920231255,76072400,False
2018-08-23,50.90697860717773,51.27550967738136,50.69672672201236,50.70853575000629,75532800,False
2018-08-24,51.06525802612305,51.24007201397918,50.817207157054575,51.16920342685341,73905600,False
2018-08-27,51.48577117919922,51.67476252362456,51.105427405250616,51.29914091987179,82100400,False
2018-08-28,51.90154266357422,52.09998192790679,51.71727711744975,51.738537694761895,91107200,False
2018-08-29,52.67639923095703,52.79688303461885,51.83303062887083,52.00784461111064,109019200,False
2018-08-30,53.16070175170898,53.92375041394271,52.53939389969296,52.740197886722456,195175200,False
2018-08-31,53.77491760253906,54.067850745143865,53.38984807574226,53.51032829361586,173360400,False
2018-09-04,53.94737243652344,54.14108594690396,53.53868123150636,53.95918507117456,109560400,False
2018-09-05,53.59538269042969,54.25685066029417,53.177243489180974,54.09621034438831,133332000,False
2018-09-06,52.70475387573242,53.708766416493766,52.27952431399747,53.444177131020055,137160000,False
2018-09-07,52.2795295715332,53.24101745045913,52.14014985816449,52.409461340228574,150479200,False
2018-09-10,51.57790756225586,52.40946737291451,51.13850418781404,52.19685074383668,158066000,False
2018-09-11,52.88194274902344,52.9882492587636,51.1597635933339,51.50230839347898,142996000,False
2018-09-12,52.225196838378906,53.15361152271487,51.93462116666355,53.13943780306241,197114800,False
2018-09-13,53.48670959472656,53.94501243257914,52.57955546881573,52.80398111284486,166825600,False
2018-09-14,52.87957000732422,53.58828477062552,52.56773738592069,53.33078593842304,127997200,False
2018-09-17,51.47159576416016,52.66932192659372,51.32749027431132,52.48033058839213,148780400,False
2018-09-18,51.556636810302734,52.4094570342222,51.29204751995925,51.4503267143802,126286800,False
2018-09-19,51.58735656738281,51.88265444324082,50.86210685872496,51.61806869997937,108495200,False
2018-09-20,51.9795150756836,52.51105127333453,51.77162420931718,52.02912670687032,106435200,False
2018-09-21,51.41962432861328,52.29370523412945,51.33221371476464,52.15668660065999,384986800,False
2018-09-24,52.1590461730957,52.27007844864043,51.17629770710372,51.221183555265625,110773600,False
2018-09-25,52.48978042602539,52.63861168577063,51.901545851293584,51.91335848542905,98217600,False
2018-09-26,52.07163238525391,52.85830615636971,51.91571428185233,52.208650996905945,95938800,False
2018-09-27,53.14179992675781,53.493796258750265,52.80870308957469,52.87485312376238,120724800,False
2018-09-28,53.32841873168945,53.35204039159535,52.92208869233163,53.10398953197318,91717600,False
2018-10-01,53.68750381469727,54.197779303794704,53.47252974510527,53.85050878521809,94403200,False
2018-10-02,54.16471099853516,54.33480284363987,53.53868101635113,53.685147592248526,99152800,False
2018-10-03,54.82381820678711,55.15455034988667,54.28283053842638,54.346615881992015,114619200,False
2018-10-04,53.85996627807617,54.88996531394605,53.56230374089691,54.51906948736873,128168000,False
2018-10-05,52.98587417602539,53.959178192789615,52.10943230916903,53.852871703900746,134322000,False
2018-10-08,52.86304473876953,53.10636989634763,52.01967228806284,52.49451357213514,118655600,False
2018-10-09,53.59538269042969,53.68988017453058,52.503962883215074,52.83233398045599,107564000,False
2018-10-10,51.11250686645508,53.47252823327348,51.03927358720979,53.26227633927173,167962400,False
2018-10-11,50.66128921508789,51.85429303314776,50.15810422136728,50.67782762194213,212497600,False
2018-10-12,52.47088623046875,52.652790721334746,51.22590944484672,52.07164294746229,161351600,False
2018-10-15,51.348758697509766,52.40474422113388,51.32749811495075,52.24646498756588,123164000,False
2018-10-16,52.48032760620117,52.67877048262682,51.20700353895954,51.71964012658048,116736000,False
2018-10-17,52.253543853759766,52.59608862651848,51.81650160956799,52.51576847933284,91541600,False
2018-10-18,51.03219604492188,51.91100276572367,50.31875540497844,51.46687363023819,130325200,False
2018-10-19,51.80941390991211,52.27007781096182,51.36528481315141,51.51411607530205,132314800,False
2018-10-22,52.125972747802734,52.76618004452115,51.72200732540533,51.9228076917488,115168400,False
2018-10-23,52.61735916137695,52.74020409512803,50.7203657705427,50.98731622137371,155071200,False
2018-10-24,50.81248474121094,52.971702219608254,50.68255298171079,52.58663632017464,163702000,False
2018-10-25,51.92516708374024,52.29842394420903,51.20463971399698,51.43143001575748,119423200,False
2018-10-26,51.09833908081055,52.01730581697299,50.240792997824286,51.003841608951056,189033600,False
2018-10-29,50.13920974731445,51.89918406854014,48.68634228122267,51.78106493819332,183742000,False
2018-10-30,50.38962936401367,50.83375491022731,49.43758931750265,49.88171486371628,146640000,False
2018-10-31,51.7031135559082,52.07873158104837,51.17393847569283,51.23536273960704,153435600,False
2018-11-01,52.49686813354492,52.52994134683256,51.218818240233645,51.7479932575457,233292800,False
2018-11-02,49.01472091674805,50.4723107785911,48.53043168631862,49.503735922442594,365314800,False
2018-11-05,47.623268127441406,48.284735950815005,46.81533374203645,48.26347537336716,264654800,False
2018-11-06,48.13827133178711,48.362696958228696,47.64689531758217,47.70122910815629,127531600,False
2018-11-07,49.59822082519531,49.62420717738596,48.22331605807008,48.65799358134124,133697600,False
2018-11-08,49.425174713134766,49.81158422834098,49.01268455420354,49.778395614446815,101450400,False
2018-11-09,48.4721794128418,48.83725414465748,47.94590026761649,48.72820739840714,137463200,False
2018-11-12,46.03043746948242,47.37695470965315,45.940352537920646,47.175450083987386,204542000,False
2018-11-13,45.57052612304688,46.74398484568346,45.38561765122714,45.42829078480157,187531600,False
2018-11-14,44.28329086303711,46.10392974917986,44.07704395777044,45.96643301809805,243204000,False
2018-11-15,45.37613296508789,45.50888738331428,44.30697879924762,44.66020321846803,185915200,False
2018-11-16,45.87870788574219,46.22007848348282,44.9138653381014,45.16040876019914,147713200,False
2018-11-19,44.06044387817383,45.20782570490304,43.854200625676015,45.04188265017564,167701200,False
2018-11-20,41.955326080322266,43.01973815578726,41.60684386740584,42.28484285652294,271300800,False
2018-11-21,41.90792083740234,42.73527050896908,41.85339745914007,42.60725469548126,124496800,False
2018-11-23,40.843505859375,41.8652485061949,40.79846701261189,41.47172379819083,94496000,False
2018-11-26,41.39585876464844,41.4740898353872,40.362265965846845,41.30577746097213,179994000,False
2018-11-27,41.30577850341797,41.43142136093944,40.50924821986047,40.65859516114247,165549600,False
2018-11-28,42.89410400390625,42.977073736920254,41.46935557640088,41.89606894584748,184250000,False
2018-11-29,42.5645866394043,43.33504001855677,42.12601942281773,43.30185140230018,167080000,False
2018-11-30,42.33462905883789,42.74948850610711,41.96718139637056,42.74000397877434,158126000,False
2018-12-03,43.81390380859375,43.84235015808843,42.95810782751556,43.72856114282213,163210000,False
2018-12-04,41.88658142089844,43.237837196394814,41.78701558662896,42.896466554735234,165377200,False
2018-12-06,41.41957092285156,41.43379409773715,40.40020118769581,40.717864151099256,172393600,False
2018-12-07,39.942665100097656,41.365040213085045,39.8976226427538,41.127977694253815,169126400,False
2018-12-10,40.20580673217773,40.32196505738388,38.71942364894465,39.11531764191258,248104000,False
2018-12-11,39.97585678100586,40.72497164895928,39.58944368807536,40.69415597889754,189126800,False
2018-12-12,40.08727645874024,40.75579093217634,40.06831102170334,40.39545486304984,142510800,False
2018-12-13,40.525840759277344,40.90988453638885,40.19395464798327,40.41679401583242,127594400,False
2018-12-14,39.2291145324707,40.082541263185234,39.18170274016165,40.06357582280403,162814800,False
2018-12-17,38.86404037475586,39.909487232293245,38.57719305816961,39.22200357230007,177151600,False
2018-12-18,39.36897277832031,39.71508201729527,38.97070588046719,39.20539906762815,135366000,False
2018-12-19,38.1409912109375,39.69612086582762,37.71427792336711,39.35238091263852,196189200,False
2018-12-20,37.17852020263672,38.43021017900651,36.81581479001181,38.024831626332364,259092000,False
2018-12-21,35.73244094848633,37.493817763282536,35.47167428612858,37.18563569205263,382978400,False
2018-12-24,34.807891845703125,35.92682728092065,34.75099553606444,35.120812505498044,148676800,False
2018-12-26,37.25911331176758,37.27333648323871,34.78181086894606,35.156370059261675,234330000,False
2018-12-27,37.017311096191406,37.16429231852565,35.575974156047664,36.94382229366778,212468400,False
2018-12-28,37.03627395629883,37.57914911568822,36.63801068620746,37.3373443489689,169165600,False
2018-12-31,37.39424896240234,37.77828914637844,37.09554782616534,37.58152679042015,140014000,False
2019-01-02,37.43692779541016,37.65739790875464,36.5621661656891,36.71862836002538,148158800,False
2019-01-03,33.70792007446289,34.54475047514119,33.66287761719509,34.13226039084803,365248800,False
2019-01-04,35.14688873291016,35.215638890994725,34.089591894725444,34.26264652552224,234428400,False
2019-01-07,35.06865310668945,35.282011522303684,34.58741653180372,35.2511922404592,219111200,False
2019-01-08,35.7371711730957,35.99082977941127,35.208522821319015,35.455066224870585,164101200,False
2019-01-09,36.34405517578125,36.63327174603661,35.47166681895574,35.865187861824275,180396400,False
2019-01-10,36.46022033691406,36.50052053570231,35.76325587216913,36.15203830332984,143122800,False
2019-01-11,36.10225296020508,36.43651201285764,35.917344466671175,36.24212260924212,108092800,False
2019-01-14,35.55937576293945,35.8604461572393,35.37446729835511,35.76088033917748,129756800,False
2019-01-15,36.28716278076172,36.36302090848889,35.571232935659744,35.62338698103528,114843600,False
2019-01-16,36.73046112060547,36.95330042990781,36.27055933200894,36.28952476442685,122278800,False
2019-01-17,36.94857406616211,37.3752874359603,36.33220990786607,36.55504931305445,119284800,False
2019-01-18,37.1761589050293,37.42744468386333,36.9770235706222,37.33735973775745,135004000,False
2019-01-22,36.341678619384766,37.15480118304186,36.18047425327368,37.078943071032086,121576000,False
2019-01-23,36.48867034912109,36.77788697397383,35.96239115421121,36.543193727393664,92522400,False
2019-01-24,36.19944763183594,36.62141864613615,35.97186962856401,36.53370666750917,101766000,False
2019-01-25,37.39898300170898,37.48669859655838,36.58349094638172,36.85848072889009,134142000,False
2019-01-28,37.0528678894043,37.05997947471733,36.42702306085136,36.93196370450961,104768400,False
2019-01-29,36.66883850097656,37.48670730390051,36.53371471002909,37.041028491557945,166348800,False
2019-01-30,39.17459487915039,39.38794977348312,37.9845396073485,38.70046967637701,244439200,False
2019-01-31,39.45669937133789,40.06357904316649,39.01102052977518,39.37846827996008,162958400,False
2019-02-01,39.47565078735352,40.05882254527424,39.33578115515661,39.57995887212942,130672400,False
2019-02-04,40.59696578979492,40.69416231326555,39.65582708181052,39.68664637395677,125982000,False
2019-02-05,41.29154968261719,41.5049081296976,40.85772843652332,40.97862902443456,144406400,False
2019-02-06,41.30577850341797,41.62107211746024,40.97626171566191,41.40297139622457,112958400,False
2019-02-07,40.52347946166992,41.23466722725265,40.38124046163816,40.869588815238885,126966800,False
2019-02-08,40.571102142333984,40.63062197871457,40.09732293693563,40.23302990762857,95280000,False
2019-02-11,40.33776092529297,40.76154528352861,40.29490840898636,40.72345173605565,83973600,False
2019-02-12,40.68536376953125,40.71155263291125,40.40204887463883,40.4972827563848,89134000,False
2019-02-13,40.516334533691406,41.06391766381333,40.454435221967046,40.8044120922588,89960800,False
2019-02-14,40.663944244384766,40.77345868553218,40.325872081987775,40.40443868514226,87342800,False
2019-02-15,40.57347869873047,40.878219948373705,40.41396598468301,40.77108497718389,98507200,False
2019-02-19,40.69489288330078,40.81631565093007,40.352061743881706,40.40443948034888,75891200,False
2019-02-20,40.95677185058594,41.26389610818391,40.70917103649229,40.756786158494805,104457600,False
2019-02-21,40.72583770751953,41.03772095743167,40.54489877740289,40.90201766804449,68998800,False
2019-02-22,41.18058013916016,41.18772222811312,40.802034893444805,40.84965003073191,75652800,False
2019-02-25,41.48055648803711,41.87100640476121,41.41389457294777,41.46389282566573,87493600,False
2019-02-26,41.50436401367188,41.73530122089329,41.228191159064565,41.356756012982544,68280800,False
2019-02-27,41.63292694091797,41.66387841309288,41.12343737306422,41.23771805518607,111341600,False
2019-02-28,41.223426818847656,41.642448686195074,41.16866960038352,41.501982779664566,112861600,False
2019-03-01,41.65673065185547,41.699583177214194,41.16152532850225,41.49245537237755,103544800,False
2019-03-04,41.866249084472656,42.318598330809145,41.41865880882876,41.828155522119545,109744800,False
2019-03-05,41.79005813598633,41.9019556946587,41.554358327395256,41.8876715182838,78949600,False
2019-03-06,41.549598693847656,41.78053589569321,41.41151226975844,41.58530913421484,83241600,False
2019-03-07,41.06867980957031,41.53055423911175,40.95440276119777,41.39484729251784,99185600,False
2019-03-08,41.16630172729492,41.2043952955811,40.354450263108426,40.54967707597315,95997600,False
2019-03-11,42.59238052368164,42.64475825441138,41.74720201003653,41.78053296297351,128044000,False
2019-03-12,43.070919036865234,43.48993721924746,42.704274948579794,42.85426604222394,129870400,False
2019-03-13,43.26137924194336,43.63992435242317,43.07329461256983,43.389940429970174,124130000,False
2019-03-14,43.74230194091797,43.83039373846659,43.46374963935355,43.78277497966139,94318000,False
2019-03-15,44.31130599975586,44.599383472174495,43.74467989147585,44.00894798730422,156171600,False
2019-03-18,44.76366424560547,44.85175241081099,44.23274487113642,44.23512798876983,104879200,False
2019-03-19,44.40892791748047,44.99460454615995,44.26369941100965,44.8422339518956,126585600,False
2019-03-20,44.797000885009766,45.11364678234836,43.98038701654672,44.33750595797797,124140800,False
2019-03-21,46.446876525878906,46.74209608153798,45.18981847081572,45.23981670799699,204136800,False
2019-03-22,45.48503494262695,47.06588079152945,45.42075253712384,46.50639318081825,169630800,False
2019-03-25,44.935089111328125,45.70646373072087,44.42559954645936,45.5945661673,175381200,False
2019-03-26,44.4708251953125,45.920730708925866,43.94467204356757,45.63027370922542,199202000,False
2019-03-27,44.870792388916016,45.17791299458407,44.41368070712132,44.937454282127696,119393600,False
2019-03-28,44.93031311035156,45.1302987940568,44.64699824203542,44.9850703167183,83121600,False
2019-03-29,45.22314834594727,45.25409980788769,44.887455764718766,45.19458000126423,94256000,False
2019-04-01,45.5302848815918,45.63503671799312,44.84937796457391,45.62551514479362,111448000,False
2019-04-02,46.19213485717773,46.29689030333463,45.48503922841955,45.49456079952432,91062800,False
2019-04-03,46.5087890625,46.782578782918094,45.98501173731516,46.00882111856958,93087200,False
2019-04-04,46.58973693847656,46.75162911226927,45.98263402115057,46.37546339734885,76457200,False
2019-04-05,46.90161895751953,46.92542833904499,46.64687237984307,46.77067462473264,74106400,False
2019-04-08,47.6396598815918,47.67060771411414,46.74447956713856,46.763526343275984,103526800,False
2019-04-09,47.496803283691406,48.2943701052345,47.43252087860452,47.69202998328842,143072800,False
2019-04-10,47.76345443725586,47.7920264154458,47.18254052900446,47.30158014519366,86781200,False
2019-04-11,47.36587142944336,47.85393467382124,47.24445230598995,47.81822423539419,83603200,False
2019-04-12,47.3468132019043,47.6491748277413,46.71352523919768,47.425379780246224,111042800,False
2019-04-15,47.43253326416016,47.58014488597061,47.14207625605754,47.27778318747662,70146400,False
2019-04-16,47.43730163574219,47.94202860106376,47.273026333647394,47.48729988834569,102785600,False
2019-04-17,48.36103820800781,48.42055801926847,47.2849190032308,47.50633095737599,115627200,False
2019-04-18,48.53483963012695,48.60388101928682,48.21581428346865,48.35865966432395,96783200,False
2019-04-22,48.69435501098633,48.79196838798587,48.17296080479051,48.28962096019007,77758000,False
2019-04-23,49.39668655395508,49.46096897486131,48.5443623205219,48.67054404461103,93292000,False
2019-04-24,49.32050704956055,49.63476982624294,49.29431818210354,49.36812218144555,70162400,False
2019-04-25,48.8729133605957,49.46334894636836,48.834819804661606,49.24193696400416,74172800,False
2019-04-26,48.63958358764648,48.80623830897068,48.12056901803631,48.782428934724166,74596400,False
2019-04-29,48.71340560913086,49.03719360171723,48.534846134531065,48.66340735781012,88818800,False
2019-04-30,47.77537536621094,48.42533087436579,47.40397221869388,48.34438477971249,186139600,False
2019-05-01,50.12044143676758,51.260839370967766,49.81331719006175,49.96807087208278,259309200,False
2019-05-02,49.794281005859375,50.62755850337996,49.55144275077052,49.95855629376169,127985200,False
2019-05-03,50.413272857666016,50.43469911475348,50.05139144027574,50.20852459118473,83569600,False
2019-05-06,49.634761810302734,49.7204704869746,48.4491281436762,48.63720915572776,129772400,False
2019-05-07,48.29676818847656,49.38240924321776,47.81346748764048,49.015768710198,155054800,False
2019-05-08,48.306278228759766,48.88719217828683,48.03248854519136,48.06819897946514,105358000,False
2019-05-09,47.78727722167969,48.01583131452178,46.82067584826434,47.71109010219779,139634400,False
2019-05-10,47.125247955322266,47.524374640554,46.07127795478432,47.18260833059418,164834800,False
2019-05-13,44.386348724365234,45.284972600550695,43.70043119652004,44.86195219842517,229722400,True
2019-05-14,45.08900451660156,45.33755885279071,44.31226720167281,44.55126329857397,146118800,False
2019-05-15,45.62914276123047,45.827509995697774,44.4580631300962,44.51781216529268,106178800,False
2019-05-16,45.42838668823242,45.99958731645048,45.13203016205216,45.38775778208372,132125600,False
2019-05-17,45.170257568359375,45.624348646044616,44.63490505470456,44.67553394929403,131516400,False
2019-05-20,43.757789611816406,44.058926994174,43.08621123813103,43.86055981831974,154449200,False
2019-05-21,44.596675872802734,44.93126897024765,44.14258107279463,44.26686007189899,113459200,False
2019-05-22,43.68370056152344,44.38396092978839,43.62873248755831,44.13301433164852,118994400,False
2019-05-23,42.93804550170898,43.14835961585324,42.49590120341213,42.97150481396772,146118800,False
2019-05-24,42.77313232421875,43.53074952387793,42.68948223047205,43.067096506223606,94858800,False
2019-05-28,42.59627151489258,43.16030242542194,42.51979466347363,42.76117939821549,111792800,False
2019-05-29,42.39313507080078,42.86395774269148,42.06331924159227,42.16369717944017,113924800,False
2019-05-30,42.61301040649414,42.83527505535972,42.22344555038047,42.529360302870096,84873600,False
2019-05-31,41.841041564941406,42.53890961569285,41.82192144271378,42.11827422026592,108174400,False
2019-06-03,41.41802978515625,42.52219073149968,40.69387180777628,41.96772160988868,161584400,False
2019-06-04,42.93326950073242,42.97867935405244,41.7096103437768,41.92948637061777,123872000,False
2019-06-05,43.6263542175293,44.21189768368727,43.29176107697479,44.042208818039946,119093600,False
2019-06-06,44.266868591308594,44.326617630693605,43.53314863720055,43.7554169600446,90105200,False
2019-06-07,45.44511413574219,45.86813832067342,44.39831353218565,44.57516834017903,122737600,False
2019-06-10,46.02586364746094,46.69266107888652,45.796425815427575,45.84183565226266,104883600,False
2019-06-11,46.55882263183594,46.84322853140596,46.26963943667638,46.57077316439083,107731600,False
2019-06-12,46.41065216064453,46.83606491698479,46.21945455574318,46.353291785136825,73012800,False
2019-06-13,46.40109252929688,47.03204210337555,46.269647588406826,46.53254111697809,86698400,False
2019-06-14,46.06412124633789,46.26726579450565,45.48097003175372,45.77971523211102,75046000,False
2019-06-17,46.338958740234375,46.59468634560239,45.92788511162942,46.10235126256792,58676400,False
2019-06-18,47.42878341674805,47.86853544063034,46.654438254431774,46.85519413749216,106204000,False
2019-06-19,47.2901611328125,47.77054566831844,47.156323888998976,47.72274352684957,84496800,False
2019-06-20,47.67015838623047,47.94500241181626,47.32839210507154,47.88764204137815,86056000,False
2019-06-21,47.50764846801758,48.002372187149874,47.35707974536143,47.5124294115218,191202400,False
2019-06-24,47.45984649658203,47.837460776342034,47.361857219276544,47.45028461027407,72881600,False
2019-06-25,46.74047470092773,47.62236735366942,46.67355242975676,47.42400012897621,84281200,False
2019-06-26,47.75141906738281,48.03582499532506,47.16587938168513,47.26625730093694,104270000,False
2019-06-27,47.73708724975586,48.174450595474106,47.69645834618091,47.86853220087833,83598800,False
2019-06-28,47.30210876464844,47.67972304896698,47.09418331982912,47.48374449199016,124442400,False
2019-07-01,48.16967010498047,48.87231930153746,47.95457140270037,48.55684266357657,109012000,False
2019-07-02,48.45168685913086,48.5472875040307,48.12426331147925,48.136213847940695,67740800,False
2019-07-03,48.85319519042969,48.86036478190862,48.44212159394522,48.58312842208585,45448000,False
2019-07-05,48.81017303466797,49.01332118068503,48.49230778045325,48.59985894410412,69062000,False
2019-07-08,47.803993225097656,48.13380531003123,47.41920942034976,47.99279850902678,101354400,False
2019-07-09,48.09557723999024,48.16010356232452,47.51481481144376,47.60802314605108,82312000,False
2019-07-10,48.5711784362793,48.69067649133362,48.1720553700128,48.2413662841474,71588400,False
2019-07-11,48.217472076416016,48.84842175102384,48.207913835239545,48.59030547775813,80767200,False
2019-07-12,48.58790969848633,48.75520624546054,48.32501251981883,48.38476154708042,70380800,False
2019-07-15,49.044395446777344,49.20213011459918,48.7552085366531,48.77671731224816,67789600,False
2019-07-16,48.874698638916016,49.25948247578352,48.63570255755212,48.89620741100897,67467200,False
2019-07-17,48.5998649597168,49.01571589595333,48.58074483151867,48.76716152296089,56430000,False
2019-07-18,49.15192794799805,49.20450737013128,48.6834940908448,48.75519363437105,74162400,False
2019-07-19,48.41822814941406,49.352703951769605,48.36326005715543,49.18301508419936,83717200,False
2019-07-22,49.52477264404297,49.52716129222279,48.66199656828135,48.67155480779176,89111600,False
2019-07-23,49.91194915771485,49.928680636686046,49.5415044398914,49.82113311132864,73420800,False
2019-07-24,49.871315002441406,49.98603210762174,49.51282085781072,49.63231890602095,59966400,False
2019-07-25,49.47697830200195,50.00754998570546,49.40766738427243,49.92389988411229,55638400,False
2019-07-26,49.64905548095703,50.12465542771981,49.50565634966482,49.58691415556109,70475600,False
2019-07-29,50.11268615722656,50.34212395215841,49.81633341197755,49.82111435371093,86693600,False
2019-07-30,49.897605895996094,50.22742168380975,49.546281334227054,49.89282495285342,135742800,False
2019-07-31,50.91574096679688,52.90657944243126,50.499889977075874,51.72354916480339,277125600,False
2019-08-01,49.81394958496094,52.108313337109216,49.41004928619216,51.12125839181598,216071600,False
2019-08-02,48.759986877441406,49.335964725004594,48.18878632633897,49.12086968695259,163448400,False
2019-08-05,46.20750427246094,47.47657295728015,46.02586855255384,47.31883830566207,209572000,False
2019-08-06,47.08223342895508,47.33796101580563,46.37480334238874,46.917325530412754,143299200,False
2019-08-07,47.56977844238281,47.6940574258256,46.3222222523882,46.70222514662527,133457600,False
2019-08-08,48.61897277832031,48.64287384600723,47.65343018049829,47.84701642967316,108038000,False
2019-08-09,48.21834564208984,48.64297343308135,47.81050558062374,48.29271535710031,98478800,False
2019-08-12,48.09598922729492,48.47264054893113,47.77691622698608,47.88967148501429,89927600,False
2019-08-13,50.13278198242188,50.89327787254999,48.0959939653283,48.22554428591532,188874000,False
2019-08-14,48.64055633544922,49.52580305125275,48.60217080084646,48.73891789512651,146189600,False
2019-08-15,48.39826965332031,49.21394238525781,47.90166625323127,48.81090512777732,108909600,False
2019-08-16,49.54020309448242,49.69854069963497,48.902057226913584,49.00761563034861,110481600,False
2019-08-19,50.463844299316406,51.03481374231991,50.387073206778055,50.52861579041757,97654400,False
2019-08-20,50.46623229980469,51.18354695733414,50.45663774540958,50.59098347081992,107537200,False
2019-08-21,51.01321792602539,51.25551979787076,50.76371922258588,51.0971858421528,86141600,False
2019-08-22,50.970027923583984,51.44503702803704,50.559790292024886,51.145156895818616,89014800,False
2019-08-23,48.61417770385742,50.87167667544053,48.220735037045706,50.243125301638166,187272000,False
2019-08-26,49.53780746459961,49.70573963141325,49.19474263893695,49.38666668414398,104174400,False
2019-08-27,48.97883224487305,50.03201131914729,48.82769145865033,49.86647686959799,103493200,False
2019-08-28,49.30750274658203,49.35308512364201,48.77731659181928,48.96444154769402,63755200,False
2019-08-29,50.14236831665039,50.21674168290386,49.5785957240762,50.02001851007021,83962000,False
2019-08-30,50.07758712768555,50.48782112129382,49.70813273439135,50.41825053745461,84573600,False
2019-09-03,49.3482780456543,49.65535503445335,48.99322096372661,49.523407032864746,80092000,False
2019-09-04,50.18553924560547,50.25510982389473,49.73691975018293,49.99361523354929,76752400,False
2019-09-05,51.166751861572266,51.33228629473703,50.74212053223393,50.85967487217688,95654800,False
2019-09-06,51.16196060180664,51.44025031008519,50.98203247914074,51.35148694097706,77449200,False
2019-09-09,51.38027572631836,51.92485921801247,50.63657499459651,51.54101108118064,109237600,False
2019-09-10,51.98723983764648,52.00643261308286,50.7901202125644,51.30591278256941,127111600,False
2019-09-11,53.640167236328125,53.66895822314736,52.234328791439815,52.31589898333976,177158400,False
2019-09-12,53.52021408081055,54.31909531176275,53.46503715321349,53.93045177370637,128906800,False
2019-09-13,52.47903060913086,52.968433443898334,52.06399747203743,52.77891078404018,159053200,False
2019-09-16,52.75492477416992,52.810105368157046,52.19354990284835,52.234333171895095,84632400,False
2019-09-17,52.94683837890625,52.97562936245172,52.56778943126695,52.76931167349986,73274800,False
2019-09-18,53.44345474243164,53.4626475159437,52.6445733906473,53.03321698748668,101360000,False
2019-09-19,53.00921630859375,53.68094492041944,52.86767009478741,53.2611127077052,88242400,False
2019-09-20,52.23432540893555,53.39306280074984,52.171951652718704,53.10997768332739,221652400,False
2019-09-23,52.47183990478516,52.74053140147138,52.21514068797828,52.52701683843027,76662000,False
2019-09-24,52.22233581542969,53.376277900497726,52.10478511979031,53.02601621605383,124763200,False
2019-09-25,53.026004791259766,53.13876001506895,52.092777955931126,52.43104362735866,87613600,False
2019-09-26,52.752532958984375,53.00443309427309,52.4982350995939,52.778922566693616,75334000,False
2019-09-27,52.49581527709961,53.00920988861536,52.12636092469394,52.90844694839858,101408000,False
2019-09-30,53.73134231567383,53.87768401960261,52.96844507958112,52.99483468719606,103909600,False
2019-10-01,53.88007354736328,54.75092680553321,53.78651107289727,53.995230177972914,139223200,False
2019-10-02,52.52941131591797,53.63776725465984,52.28230668763537,53.51301607875295,138449200,False
2019-10-03,52.97563552856445,53.00922196273818,51.61058034563439,52.40226110267896,114426000,False
2019-10-04,54.460636138916016,54.57579275889607,53.71213641227853,54.13196864675856,138478800,False
2019-10-07,54.47263717651367,55.161160934101474,54.17995381280001,54.28311450360741,122306000,False
2019-10-08,53.83448791503906,54.712537951919714,53.81769652866201,54.175155017507095,111820000,False
2019-10-09,54.46543502807617,54.647760851343286,54.13196842959568,54.46543502807617,74770400,False
2019-10-10,55.199554443359375,55.28352237449075,54.5302233609757,54.68136051210576,113013600,False
2019-10-11,56.66776657104492,57.010827782874266,55.73213809572937,55.88567662071718,166795600,False
2019-10-14,56.58618927001953,57.12837497823652,56.298305029368485,56.35348195750364,96427600,False
2019-10-15,56.454246520996094,57.01321997096741,56.34868810894503,56.71094205880496,87360000,False
2019-10-16,56.22633743286133,56.4350565436216,55.94565000181856,55.98643327019431,73903200,False
2019-10-17,56.44465255737305,56.653368012877294,56.02242253800609,56.39907017958543,67585200,False
2019-10-18,56.71574401855469,56.99643144981467,56.20714470406706,56.279116685052266,97433600,False
2019-10-21,57.6993522644043,57.81450890497435,56.93406101508978,56.98204111833702,87247200,False
2019-10-22,57.56739807128906,58.10478099298496,57.48582788297742,57.85528230228995,82293600,False
2019-10-23,58.33988952636719,58.35428685033186,57.869679441632414,58.08079626535233,75828800,False
2019-10-24,58.43585968017578,58.72854306800209,58.01122826330528,58.65896880693914,69275200,False
2019-10-25,59.15557098388672,59.19155514531401,58.2679262824244,58.33509915752011,73477200,False
2019-10-28,59.74814224243164,59.79612235070389,59.189165012473325,59.35709722175,96572800,False
2019-10-29,58.36627960205078,59.91606203658459,58.19355198019087,59.728937090643406,142839600,False
2019-10-30,58.35909271240234,58.848499316429226,57.86729204492435,58.71894900215551,124522000,False
2019-10-31,59.67856597900391,59.776927577095016,56.91966774812424,59.313914239806,139162000,False
2019-11-01,61.37228012084961,61.39866606257437,59.77451763685892,59.86567872270404,151125200,False
2019-11-04,61.77532196044922,61.859289881741645,61.26672630639548,61.7345350313778,103272000,False
2019-11-05,61.68656921386719,61.940867084683646,61.4922473941168,61.66737277760068,79897600,False
2019-11-06,61.71295166015625,61.77292770781891,61.26433199504674,61.60019639769865,75864400,False
2019-11-07,62.42519760131836,62.64657532033159,62.10757157358099,62.259166147877245,94940400,False
2019-11-08,62.596038818359375,62.66822320552135,61.80438243720256,62.24713047943625,69986400,False
2019-11-11,63.09172821044922,63.15669416268931,62.14847721788769,62.15328706288794,81821200,False
2019-11-12,63.03396987915039,63.23369225641029,62.78372577398594,62.93531298752282,87388800,False
2019-11-13,63.637943267822266,63.71253625362745,62.819821674837314,62.83425855316897,102734400,False
2019-11-14,63.19760894775391,63.73660536483951,63.06766968889383,63.46469856195333,89182800,False
2019-11-15,63.94834899902344,63.95315884390402,63.28663183584902,63.447846087006816,100206400,False
2019-11-18,64.27075958251953,64.35016237984978,63.58016893495408,63.95794354964512,86703200,False
2019-11-19,64.07587432861328,64.48734000161132,63.859313834576106,64.46327609265741,76167200,False
2019-11-20,63.32995223999024,64.02535311116276,62.65860794020665,63.89542118986976,106234400,False
2019-11-21,63.04600143432617,63.527250234635154,62.84627906996454,63.450248664199975,121395200,False
2019-11-22,62.99066162109375,63.32753434710897,62.76447407435324,63.18556681769094,65325200,False
2019-11-25,64.09513092041016,64.11197639359949,63.16872535757396,63.21444458864492,84020400,False
2019-11-26,63.59461212158203,64.28520283771707,63.16389247487516,64.23226518648342,105207600,False
2019-11-27,64.4488525390625,64.48254348721751,63.84007296737668,63.90503892603565,65235600,False
2019-11-29,64.30690002441406,64.48736840614768,63.982055468638094,64.15049556223371,46617600,False
2019-12-02,63.56336212158203,64.5475153419682,63.3925208006526,64.31170071316927,94487200,False
2019-12-03,62.43000030517578,62.44924702514498,61.66962635910549,62.15568497851831,114430400,False
2019-12-04,62.98103332519531,63.358815426886686,62.72597202752109,62.819819076069386,67181600,False
2019-12-05,63.905033111572266,63.97963344094569,63.21925935829681,63.47432066752573,74424400,False
2019-12-06,65.13944244384766,65.20922559007963,64.3189121926835,64.36223017433375,106075600,False
2019-12-09,64.22745513916016,65.16107145471474,63.74379784275475,64.96857491080652,128042400,False
2019-12-10,64.60283660888672,64.98542849439848,63.97239456081009,64.631710359752,90420400,False
2019-12-11,65.15386199951172,65.23327215869327,64.60764728983901,64.68224026163169,78756800,False
2019-12-12,65.31990051269531,65.58458883328302,64.323719270287,64.4344044431603,137310400,False
2019-12-13,66.20782470703125,66.24391691065055,65.19238909997512,65.31991978161426,133587600,False
2019-12-16,67.34114837646484,67.56493467366947,66.64815619751495,66.65296604245897,128186000,False
2019-12-17,67.47348022460938,67.80072584183416,67.08607117183297,67.2713566357459,114158400,False
2019-12-18,67.31228637695312,67.83203610940059,67.16310038160984,67.32672325758145,116028400,False
2019-12-19,67.37964630126953,67.65877150492523,67.12218375712777,67.25452424857191,98369200,False
2019-12-20,67.24009704589844,68.01249947600941,67.02834635450061,67.91144131901756,275978000,False
2019-12-23,68.33732604980469,68.39748214667952,67.46385834825841,67.50235913145113,98572000,False
2019-12-24,68.40226745605469,68.55146069114082,68.07743052406325,68.5033328935942,48478800,False
2019-12-26,69.7594223022461,69.77626777302233,68.50577120530262,68.53464495904811,93121200,False
2019-12-27,69.73294067382812,70.73634754482153,69.32869348774332,70.05056661001181,146266000,False
2019-12-30,70.1468276977539,70.42836149787865,68.63089680153462,69.65114198409366,144114400,False
2019-12-31,70.65936279296875,70.66658123217782,69.6655827166298,69.76423961467027,100805600,False
2020-01-02,72.27153778076172,72.3316938789073,71.02991503384398,71.28256770874596,135480400,False
2020-01-03,71.56890869140625,72.32687403151142,71.34512977691992,71.50153415769186,146322800,False
2020-01-06,72.13919830322266,72.17769909168206,70.442799076604,70.69305052995288,118387200,False
2020-01-07,71.79994201660156,72.4039044671714,71.58097285889926,72.14884310617231,108872000,False
2020-01-08,72.95492553710938,73.25570609117467,71.50396043802937,71.50396043802937,132079200,False
2020-01-09,74.50457000732422,74.69706668266679,73.6792296804587,73.92947388974855,170108400,False
2020-01-10,74.6729507446289,75.23601818148724,74.17245533142103,74.73792401833613,140644800,False
2020-01-13,76.26830291748047,76.29477541829935,74.87027582985212,74.98818677177965,121532000,False
2020-01-14,75.23843383789062,76.41509065064128,75.11572039023919,76.20574860255036,161954400,False
2020-01-15,74.91600036621094,75.91699875877144,74.48528063092401,75.03872116096186,121923600,False
2020-01-16,75.85443878173828,75.96513130059404,75.09647333767747,75.45740996278018,108829200,False
2020-01-17,76.69422149658203,76.69662274727602,75.7966897960532,76.10228015577917,137816400,False
2020-01-21,76.1744613647461,76.7639866868858,76.03730370643434,76.32364730468942,110843200,False
2020-01-22,76.44637298583984,76.9973975614814,76.3525259473167,76.65811628441689,101832400,False
2020-01-23,76.8145523071289,76.89395515129645,75.95311259111175,76.49933483845827,104472000,False
2020-01-24,76.5931625366211,77.8010945444288,76.40306717879187,77.05997452322455,146537600,False
2020-01-27,74.3409194946289,75.01947479638015,73.36157631651781,74.60800908323662,161940000,False
2020-01-28,76.4439697265625,76.61481100227473,75.12053546591517,75.21919235562906,162234000,False
2020-01-29,78.04412841796875,78.8887225352215,77.33188214601793,78.07060092433913,216229200,False
2020-01-30,77.93102264404297,77.98396030536023,76.69902690059489,77.12974662934549,126743200,False
2020-01-31,74.47566223144531,77.64468154540367,74.18210016247106,77.22358883501371,199588400,False
2020-02-03,74.2711410522461,75.43335387455234,72.72151906032097,73.22201466798846,173788400,False
2020-02-04,76.72309112548828,76.91318645690339,75.46703146839315,75.87127869651542,136616400,False
2020-02-05,77.34872436523438,78.14519062464261,76.74716330264357,77.84681134417079,118826800,False
2020-02-06,78.25347137451172,78.25587996873817,77.06238481315839,77.61822667711162,105425600,False
2020-02-07,77.1897964477539,78.00262411427845,76.7001698716179,77.75419304088338,117684000,False
2020-02-10,77.55641174316406,77.55641174316406,75.69921076977592,75.77880204777287,109348800,False
2020-02-11,77.08848571777344,78.12321641331339,76.87141125259707,78.05086071182195,94323200,False
2020-02-12,78.9191665649414,78.9239878248454,77.53711376977571,77.53711376977571,113730400,False
2020-02-13,78.3572006225586,78.68281610162644,77.99058602016845,78.19318940786071,94747600,False
2020-02-14,78.37648010253906,78.62491117131455,77.86996808406116,78.32582374819955,80113600,False
2020-02-18,76.94135284423828,77.12224944183446,75.88250122650535,76.06339782410153,152531200,False
2020-02-19,78.05567932128906,78.28481796940162,77.18255286966328,77.18255286966328,93984000,False
2020-02-20,77.25489807128906,78.30409972893571,76.75080047464016,77.8168875800011,100566000,False
2020-02-21,75.50626373291016,77.29111668555649,74.8912180267307,76.84972470852547,129554000,False
2020-02-24,71.91966247558594,73.36683527541466,69.76096746559567,71.6977667682717,222195200,False
2020-02-25,69.48359680175781,72.96887474112613,69.0132699904686,72.58778908763885,230673600,False
2020-02-26,70.58585357666016,71.84730854807512,69.10250289246999,69.10973846221914,198054800,False
2020-02-27,65.97178649902344,68.98190880585912,65.8367176160919,67.8000523998572,320605600,False
2020-02-28,65.93319702148438,67.151238688421,61.835287914284685,62.04995543810668,426510000,False
2020-03-02,72.07164001464844,72.70598547396882,66.98482686785387,68.08467796117681,341397200,True
2020-03-03,69.78268432617188,73.32343252495296,68.93367144924383,73.24384124809224,319475600,False
2020-03-04,73.01952362060547,73.17871353455695,70.70163838902825,71.49999490851802,219178400,False
2020-03-05,70.6509780883789,72.25009782118012,70.28677058471263,71.27808040208855,187572800,False
2020-03-06,69.71275329589844,70.14449541476748,67.83143084833664,68.01714878203684,226176800,False
2020-03-09,64.19898986816406,67.07403522816881,63.43439712795174,63.61529369770825,286744800,False
2020-03-10,68.82271575927734,69.08803225317006,64.97082373995369,66.84491728627172,285290000,False
2020-03-11,66.4324722290039,67.82899618098686,65.57140256073914,66.9052206904251,255598800,False
2020-03-12,59.87195587158203,65.12278275616039,59.81648193899176,61.731574731862445,418474000,False
2020-03-13,67.04510498046875,67.51543909047871,61.01039330045894,63.89027147674693,370732000,False
2020-03-16,58.419960021972656,62.4889229945198,57.88691638094368,58.35724684046864,322423600,False
2020-03-17,60.98869323730469,62.13436816241869,57.5010047474182,59.69829586216656,324056000,False
2020-03-18,59.49568939208984,60.29887079269061,57.19227179173887,57.83144203035199,300233600,False
2020-03-19,59.03983688354492,60.983872113197,58.51644306635794,59.669357314419855,271857200,False
2020-03-20,55.29165649414063,60.74026183260014,54.99257275597992,59.6187005747609,401693200,False
2020-03-23,54.11703109741211,55.11316965220814,51.28057345030364,55.011867987706175,336752800,False
2020-03-24,59.54634475708008,59.74171251843163,56.51210499986582,57.00896712882192,287531200,False
2020-03-25,59.21831512451172,62.28873254634642,58.92405634525676,60.47976645109919,303602000,False
2020-03-26,62.334564208984375,62.392448772259634,59.42092219277503,59.45951435519265,252087200,False
2020-03-27,59.75378036499024,61.71469746998704,59.58735486478481,60.96216861377286,204216800,False
2020-03-30,61.459022521972656,61.630272940074015,60.15415403133552,60.47735878660068,167976400,False
2020-03-31,61.333595275878906,63.31139742053906,60.78125926146835,61.64956443734396,197002000,False
2020-04-01,58.10640335083008,59.990139440698485,57.6770756954336,59.45468518637688,176218400,False
2020-04-02,59.07601165771485,59.12907496179199,57.13921209995254,57.96892520332119,165934000,False
2020-04-03,58.22699737548828,59.26172428830562,57.638479859243176,58.56225892051635,129880000,False
2020-04-06,63.30659103393555,63.46095234552199,60.149342430497086,60.51595698613039,201820400,False
2020-04-07,62.57332611083984,65.53279862824765,62.469613846697136,65.31571686145581,202887200,False
2020-04-08,64.17488098144531,64.48843215066613,63.00749578061629,63.371695937944736,168895200,False
2020-04-09,64.63796997070312,65.13966065726305,63.84444219472263,64.80922404965942,161834800,False
2020-04-13,65.90665435791016,66.01519525081281,64.11698094413983,64.71514828862199,131022800,False
2020-04-14,69.23513793945312,69.52457536922498,67.0643792982631,67.53471328146745,194994800,False
2020-04-15,68.60324096679688,69.0615109892011,67.68670092198845,68.11361434863234,131154400,False
2020-04-16,69.1483383178711,69.51254587742164,68.10155073366812,69.3147638013278,157125200,False
2020-04-17,68.21007537841797,69.21104245877268,66.7773737102237,68.66593834588957,215250000,False
2020-04-20,66.79425811767578,67.93993657233999,66.77496571925322,67.04028220194732,130015200,False
2020-04-21,64.72962188720703,66.87143866583018,64.02050667372501,66.6374787843657,180991600,False
2020-04-22,66.59407806396484,67.02822701343717,65.65341709963987,65.99349627232849,116862400,False
2020-04-23,66.33601379394531,67.95684823255365,66.29742162151366,66.53861717868332,124814400,False
2020-04-24,68.25106811523438,68.26071799300543,66.81113116713207,66.85937319528729,126161200,False
2020-04-27,68.29933166503906,68.62976831599522,67.5226818754922,67.96888765338052,117087600,False
2020-04-28,67.19222259521484,68.94088953934559,67.10057451078693,68.75999295891828,112004800,False
2020-04-29,69.39918518066406,69.86710504839203,68.47299532638776,68.67559866694484,137280800,False
2020-04-30,70.86323547363281,71.0393108397726,69.54872440544703,69.93704563014794,183064000,False
2020-05-01,69.7223892211914,72.11745891629081,68.94573936920324,69.04221610297073,240616800,False
2020-05-04,70.70886993408203,70.83670324791197,69.05909368437592,69.74650229526233,133568000,False
2020-05-05,71.77008056640625,72.5997930761321,71.0223735841804,71.16709225182043,147751200,False
2020-05-06,72.51061248779297,73.14012928036907,72.08610600468356,72.46960600947763,142333600,False
2020-05-07,73.2607192993164,73.6056344607325,72.83380591134457,73.13530028833947,115215200,False
2020-05-08,75.00444030761719,75.05764724717811,73.5920466345589,73.91854342819974,133838400,False
2020-05-11,76.18466186523438,76.67802725492889,74.3054951964832,74.5134886448119,145946400,False
2020-05-12,75.31401062011719,77.31651506334359,75.19308642093533,76.86667320446085,162301200,False
2020-05-13,74.4046630859375,76.41200935037834,73.33085553739997,75.49298094886383,200622400,False
2020-05-14,74.86174011230469,74.92220219963244,72.92453247252323,73.64524321049535,158929200,False
2020-05-15,74.41915130615234,74.46510308161692,72.60528873978969,72.63915105039544,166348400,False
2020-05-18,76.17256164550781,76.54501020724649,75.05038903047435,75.73965837102512,135178400,False
2020-05-19,75.73240661621094,77.03354472425552,75.70096514534589,76.18949622469526,101729600,False
2020-05-20,77.20527648925781,77.2754072194724,76.54986193395195,76.58855856818843,111504800,False
2020-05-21,76.62968444824219,77.60675427308676,76.3926703052991,77.06742956137252,102688800,False
2020-05-22,77.12305450439453,77.20528209037693,76.26690893879248,76.36848115298238,81803200,False
2020-05-26,76.60064697265625,78.41692345166804,76.54501918320653,78.23795799610525,125522000,False
2020-05-27,76.93438720703125,77.07949771603786,75.7203109556176,76.45795296780663,112945200,False
2020-05-28,76.96825408935547,78.22344788867842,76.3346124557575,76.61031579665872,133560800,False
2020-05-29,76.89328002929688,77.66961131806718,76.53776259003484,77.21010083931498,153532400,False
2020-06-01,77.83893585205078,77.95986009374089,76.71675534646415,76.84735559406586,80791200,False
2020-06-02,78.19927215576172,78.22345847540862,77.13271967080152,77.57288559423814,87642800,False
2020-06-03,78.6297607421875,78.89096118094021,77.94774639510123,78.51851253045199,104491200,False
2020-06-04,77.95258331298828,78.75068013452528,77.58013468531132,78.45321130607884,87560400,False
2020-06-05,80.1727294921875,80.23319158079397,78.17264625811065,78.20166687974158,137250400,False
2020-06-08,80.6467514038086,80.68061371663406,79.1618063233987,79.87042024109125,95654400,False
2020-06-09,83.19343566894531,83.5852289286094,80.2960963197302,80.3275377952439,147712400,False
2020-06-10,85.33379364013672,85.80055930851739,83.70131684314876,84.13906188270568,166651600,False
2020-06-11,81.23686981201172,84.90329215862222,81.13529762500492,84.4800574912979,201662400,False
2020-06-12,81.938232421875,84.11486795424553,80.83057003176687,83.36997815286581,200146000,False
2020-06-15,82.95156860351562,83.60214129780755,80.4339262304824,80.59596788300412,138808800,False
2020-06-16,85.14998626708984,85.42086269022191,83.36998548456056,85.00004143146272,165428800,False
2020-06-17,85.0314712524414,85.95291299210936,84.9105470621372,85.89245089695726,114406400,False
2020-06-18,85.06534576416016,85.4813253336703,84.45830388000144,84.98795249991922,96820400,False
2020-06-19,84.57920837402344,86.23345026330821,83.4739596024441,85.76910554734732,264476000,False
2020-06-22,86.79212951660156,86.93481917934642,84.92505967255737,84.97101145656654,135445200,False
2020-06-23,88.64469909667969,90.05951379803278,87.61442248881565,88.03282290304573,212155600,False
2020-06-24,87.0799331665039,89.19127232771852,86.70748456883423,88.27466483721669,192623200,False
2020-06-25,88.23597717285156,88.27467380594872,86.47774180640029,87.23472854623947,137522400,False
2020-06-26,85.52484893798828,88.35205726047579,85.37731757939976,88.13197433577965,205256800,False
2020-06-29,87.49591827392578,87.59024269738883,84.9565099457261,85.43295161300391,130646000,False
2020-06-30,88.22628021240234,88.51166689112543,87.06541101774955,87.08475563938902,140223200,False
2020-07-01,88.0594253540039,88.84543272516727,88.01106009800148,88.30369462192029,110737200,False
2020-07-02,88.0594253540039,89.59758515519175,87.94576368111557,88.96394347072363,114041600,False
2020-07-06,90.4150390625,90.88180477153354,89.45247963245309,89.48392110995985,118655600,False
2020-07-07,90.1344757080078,91.56863486785248,90.02322751685155,90.79230361416894,112424400,False
2020-07-08,92.23374938964844,92.26519087150145,91.02208619883986,91.10915548555816,117092000,False
2020-07-09,92.63035583496094,93.17692818708905,91.58556900054664,93.12372124513384,125642800,False
2020-07-10,92.79239654541016,92.85044518286722,91.6170168108506,92.22647214944136,90257200,False
2020-07-13,92.36431884765624,96.69582436714336,92.15149108508342,94.09353334761988,191649200,False
2020-07-14,93.89280700683594,94.08386192882044,90.8164950630273,91.74760549870196,170989200,False
2020-07-15,94.53853607177734,96.01139191075474,93.34380441075506,95.7622883592816,153198000,False
2020-07-16,93.375244140625,94.22896866329948,92.77787832126056,93.41394076875464,110577600,False
2020-07-17,93.1866226196289,93.97988521436004,92.71501520536071,93.82510604936869,92186800,False
2020-07-20,95.1504135131836,95.2882688714802,92.9302469895083,93.27367496235873,90318000,False
2020-07-21,93.83718872070312,96.01382454154418,93.58808513865422,95.93885212038768,103433200,False
2020-07-22,94.1008071899414,94.78040070546272,93.45265515203822,93.5397170464005,89001600,False
2020-07-23,89.8176498413086,93.91214102009206,89.00987716210209,93.83474776947158,197004400,False
2020-07-24,89.59514617919922,89.93857411627435,86.23828958165114,88.02071829007306,185438800,False
2020-07-27,91.71858978271484,91.81049336055368,90.4319618348545,90.65445824165904,121214000,False
2020-07-28,90.21188354492188,91.46707746354134,90.20704185281048,91.29052545592492,103625600,False
2020-07-29,91.94109344482422,92.12490060025137,90.6568789640174,90.69315474979174,90329200,False
2020-07-30,93.0535888671875,93.15758190350232,90.71007737841838,91.11638090213243,158130000,False
2020-07-31,102.79522705078124,102.94517185023636,97.53743878530427,99.53027425272276,374336800,True
2020-08-03,105.38546752929688,107.99742797191928,104.37454272744662,104.67201161270452,308151200,False
2020-08-04,106.08924865722656,107.17756675090271,104.85339916181368,105.57411024531912,173071600,False
2020-08-05,106.4737548828125,106.79299653251697,105.34674048719084,105.81109264863612,121776800,False
2020-08-06,110.18854522705078,110.68191802624928,106.21739865938493,106.80508849601156,202428800,False
2020-08-07,107.68333435058594,110.16675013813992,106.88864159432606,109.71125415700284,198045600,False
2020-08-10,109.2484893798828,110.26366188327368,106.60516497027936,109.1249219362444,212403600,False
2020-08-11,105.99945068359376,109.01104473075696,105.74020453823464,108.51436454798494,187902400,False
2020-08-12,109.5222625732422,109.77908349339258,106.89347486656196,107.08729946496186,165598000,False
2020-08-13,111.46053314208984,112.46116903802796,110.41143740175444,110.89843148039115,210082000,False
2020-08-14,111.3612060546875,111.45085012066804,109.55618389407232,111.28609846459923,165565200,False
2020-08-17,111.07046508789062,112.50479236850128,110.44537442392809,112.48056244330752,119561600,False
2020-08-18,111.99598693847656,112.41998472569632,110.48897736471524,110.8233310885238,105633600,False
2020-08-19,112.1364974975586,113.546594629729,112.0420104163777,112.40301184462524,145538000,False
2020-08-20,114.6247787475586,114.73865273876372,112.160742552305,112.17770423893737,126907200,False
2020-08-21,120.53167724609376,121.01382096112869,115.56968878487616,115.58180005044522,338054800,False
2020-08-24,121.97327423095705,124.81043082095223,120.11253119545398,124.72562238006331,345937600,False
2020-08-25,120.97264099121094,121.31668821491571,119.25484487147963,120.84908093113634,211495600,False
2020-08-26,122.61772918701172,123.07322510919757,121.22216847119704,122.28580069310276,163022400,False
2020-08-27,121.15192413330078,123.55053882206776,120.0107589966192,123.21861029302173,155552400,False
2020-08-28,120.95569610595705,122.54023144519309,120.73279110800112,122.12350180079086,187630000,False
2020-08-31,125.0575180053711,126.95703433878084,122.1113460052396,123.64258529318268,225702700,False
2020-09-01,130.03890991210938,130.6397854362347,126.50156266667052,128.66273593650766,151948100,False
2020-09-02,127.3447036743164,133.72163230653712,123.0805031800758,133.34366914812884,200119000,False
2020-09-03,117.14937591552734,124.86371200273943,116.7811062092152,122.99328312594758,257599600,False
2020-09-04,117.22691345214844,119.88234909092412,107.46769559812108,116.36438135713809,332607200,False
2020-09-08,109.338134765625,115.31771368004289,109.202456054635,110.4332579025972,231366600,False
2020-09-09,113.69925689697266,115.46308756005234,111.70283521072184,113.6411109896637,176940500,False
2020-09-10,109.98745727539062,116.78111596753853,109.0280128327642,116.6454372541948,182274400,False
2020-09-11,108.54342651367188,111.67374465663826,106.60515104021346,111.0341102013086,180860300,False
2020-09-14,111.79974365234376,112.35215193447011,109.31875310720564,111.17949601605925,140150100,False
2020-09-15,111.97418975830078,115.16265421996872,110.10375338394648,114.67808528768974,184642000,False
2020-09-16,108.66941833496094,112.41998426492624,108.58219948246467,111.67375141580924,154679000,False
2020-09-17,106.93466186523438,108.73725877422822,105.35496990474392,106.33380115819288,178011000,False
2020-09-18,103.54268646240234,107.45800434374442,102.81583306003787,106.99282230683488,287104900,False
2020-09-21,106.68267822265624,106.7892839596042,99.91809392274271,101.31365455629135,195713800,False
2020-09-22,108.35929870605467,109.37689638794416,105.79108936459671,109.20245128230412,183055400,False
2020-09-23,103.81405639648438,108.65005253506956,103.47485221017152,108.17517702574132,150718700,False
2020-09-24,104.88011169433594,106.84746057911208,101.75948626582102,101.9242379452306,167743300,False
2020-09-25,108.81478118896484,108.96984677207097,104.34705574231214,105.08360247419822,149981400,False
2020-09-28,111.41207122802734,111.76096139819124,109.2993507060056,111.46053107152444,137672400,False
2020-09-29,110.56892395019533,111.7512732053532,110.0649755662258,111.0147338283158,99382200,False
2020-09-30,112.23584747314452,113.64110173479544,110.11344069592684,110.27819234917511,142675200,False
2020-10-01,113.18562316894533,114.0869217669714,112.2552516151661,114.00938895567248,116120400,False
2020-10-02,109.53194427490234,111.80942388224,108.7566385181768,109.40595903034216,144712000,False
2020-10-05,112.90457153320312,113.04994370495147,110.04561752920706,110.39450778382884,106243800,False
2020-10-06,109.66766357421876,112.5363112701417,108.78574441340368,112.12926767610745,161498200,False
2020-10-07,111.52838134765624,111.98387730301256,110.6076959885073,111.08257884073628,96849000,False
2020-10-08,111.42176818847656,112.8076354653402,111.053491111729,112.66226332419956,83477200,False
2020-10-09,113.36003112792967,113.38910407415013,111.37329600495454,111.7221861474666,100506900,False
2020-10-12,120.56075286865234,121.31667922649164,115.5987642975422,116.35469065538148,240226800,False
2020-10-13,117.36258697509766,121.5201890553274,115.957340112208,121.40388985664498,262330500,False
2020-10-14,117.4498062133789,119.23301612314904,115.92826024261022,117.26566767493782,150712000,False
2020-10-15,116.98462677001952,117.45950223722149,114.50363628707971,115.05604455535725,112559200,False
2020-10-16,115.34676361083984,117.79868815619513,115.14324558497565,117.53701684155992,115393800,False
2020-10-19,112.40060424804688,116.7035710120022,112.09048045069932,116.257768515436,120639300,False
2020-10-20,113.88337707519533,115.30801072573556,112.06139340503644,112.6138016170894,124423700,False
2020-10-21,113.2631378173828,115.04634782768704,112.85609432030498,113.06930582021845,89946000,False
2020-10-22,112.17771911621094,114.39704593675428,111.0535155310543,113.82525069425265,101988000,False
2020-10-23,111.48960876464844,112.95300885211658,110.753061996965,112.79794326147405,82572600,False
2020-10-26,111.4992904663086,112.95299695273278,109.39625612989212,110.4913864151158,111850700,False
2020-10-27,113.00145721435548,113.66047116286872,111.00503586765387,111.92571374848922,92276800,False
2020-10-28,107.76813507080078,111.86759177611113,107.67122275639692,111.4993220238022,143937800,False
2020-10-29,111.76097869873048,113.32129125851726,108.73726588721904,108.90202494425338,146129200,False
2020-10-30,105.5003433227539,108.53374202736012,104.3955268031754,107.63244356202664,190272600,False
2020-11-02,105.4131317138672,107.26418875001484,104.0078846419992,105.74264246216924,122866900,False
2020-11-03,107.03160095214844,108.04919139549884,105.37437589246122,106.27567451024927,107624400,False
2020-11-04,111.4023895263672,112.02263714006963,108.88263267145908,110.61739025769825,138235500,False
2020-11-05,115.35648345947266,115.92827866732904,113.26314943296056,114.30981274924888,126387100,False
2020-11-06,115.22542572021484,115.72053342058037,112.74014741905776,114.8662234022807,114457900,False
2020-11-09,112.92459869384766,118.42908863111414,112.6624832997026,116.982584063866,154515300,False
2020-11-10,112.5848159790039,114.15752314668202,110.7985220592238,112.17707763232374,138023400,False
2020-11-11,116.00206756591795,116.1379803531598,113.0411019505022,113.76920934216544,112295000,False
2020-11-12,115.730224609375,117.011693129965,115.10890698767624,116.12826014558,103162300,False
2020-11-13,115.7787857055664,116.17681389575208,114.42936059587085,115.95353177622368,81581900,False
2020-11-16,116.78843688964844,117.45829070105812,114.70119407046307,115.44871445344523,91183000,False
2020-11-17,115.90497589111328,117.1476111906652,115.4875274007928,116.0603090069026,74271000,False
2020-11-18,114.58465576171876,116.32240583237991,114.55553265882496,115.1477271066303,76322100,False
2020-11-19,115.17687225341795,115.58461058534772,113.4002885699786,114.1575190169027,74113000,False
2020-11-20,113.9148406982422,115.30309928053715,113.8663046427462,115.17689664821668,73604300,False
2020-11-23,110.52670288085938,114.18666026045103,110.42962337461562,113.7595015449486,127959300,False
2020-11-24,111.80815887451172,112.46830981108012,109.3034679028236,110.5849439032423,113874200,False
2020-11-25,112.64305114746094,113.34203533416394,111.80815419186465,112.17706662745256,76499200,False
2020-11-27,113.18671417236328,114.06044449798334,112.82751927666312,113.1673012347678,46691300,False
2020-11-30,115.5749053955078,117.4388583652438,113.4002861907918,113.5556193082818,169410200,False
2020-12-01,119.13777160644533,119.86587890611962,116.50687811909168,117.47768785199077,127728200,False
2020-12-02,119.4872817993164,119.76881755329892,117.36120579212972,118.45821829004096,89004200,False
2020-12-03,119.35135650634766,120.16683316485344,118.64266210929216,119.91442054863892,78967600,False
2020-12-04,118.68151092529295,119.27370556007313,117.97281643546545,119.02129291081638,78260400,False
2020-12-07,120.1377182006836,120.9337819765336,118.68150343461473,118.73974965511624,86712000,False
2020-12-08,120.74932098388672,121.33181279274314,119.49697544555106,120.73961821864586,82225500,False
2020-12-09,118.2252197265625,122.27349493369556,117.46798924542291,120.89494675486756,115089200,False
2020-12-10,119.64259338378906,120.25420827611856,116.64279476467264,116.98257670113864,81312200,False
2020-12-11,118.83683013916016,119.17661208486535,117.03112333433712,118.8562430760472,86939800,False
2020-12-14,118.2252197265625,119.74939086099992,117.99222744160214,119.021283489644,79184500,False
2020-12-15,124.14715576171876,124.16657610565406,120.50661897640848,120.71048814758292,157243700,False
2020-12-16,124.07920837402344,124.62285953660049,122.86569602420568,123.69089034743504,98208600,False
2020-12-17,124.9432373046875,125.79755479893534,124.30249918400162,125.13739633154812,94359800,False
2020-12-18,122.9627685546875,125.33154675459896,122.43853039208297,125.1956339798523,192541500,False
2020-12-21,124.48695373535156,124.56462030770652,119.84648343417716,121.3706547348561,121251600,False
2020-12-22,128.0304412841797,130.48658966277313,125.86552408614152,127.76831840829334,168904800,False
2020-12-23,127.1372528076172,128.56432952785477,126.96249934769376,128.30222155804168,88223700,False
2020-12-24,128.11773681640625,129.56424837102043,127.27313725268434,127.48671653761738,54930100,False
2020-12-28,132.6999969482422,133.33101740723168,129.61281401111586,130.07881339134244,124486200,False
2020-12-29,130.93312072753906,134.73869359094937,130.41859268818658,134.02030377703682,121047300,False
2020-12-30,129.81666564941406,132.020407669835,129.50599945561927,131.6223721640527,96452100,False
2020-12-31,128.8167266845703,130.8068893039239,127.8750401985354,130.16615142022158,99116600,False
2021-01-04,125.63249969482422,129.70989788960378,123.0598522450912,129.62252856286997,143301900,False
2021-01-05,127.18580627441406,127.89450820387242,124.681114824671,125.1276939197628,97664900,False
2021-01-06,122.90452575683594,127.2246340413711,122.6909464043688,123.99183545726343,155088000,False
2021-01-07,127.09842681884766,127.78770834669253,124.1277509770645,124.61315591365346,109578200,False
2021-01-08,128.19541931152344,128.75849069520498,126.42853860962131,128.56431691137144,105158200,False
2021-01-11,125.2150421142578,126.37030813032683,124.74905756448756,125.41891868730954,100384500,False
2021-01-12,125.0403060913086,125.90432622691372,123.1569326957828,124.7490601865624,91951100,False
2021-01-13,127.06932067871094,127.61297191015768,124.73938259725776,125.00149063238636,88636800,False
2021-01-14,125.14708709716795,127.1760758978846,125.00145674818756,126.9819169126251,90221800,False
2021-01-15,123.42877960205078,126.41887610200494,123.2928667981158,125.02090736816824,111598500,False
2021-01-19,124.0986099243164,124.9529272294822,123.23458985463957,124.0500664749991,90757300,False
2021-01-20,128.17601013183594,128.6225891348087,124.79759634893936,124.90438601399497,104319500,False
2021-01-21,132.8747100830078,135.59298002533745,129.6904556633409,129.8943322047019,120150900,False
2021-01-22,135.01052856445312,135.76775903778582,131.07874583699044,132.30196087543968,114459400,False
2021-01-25,138.74815368652344,140.85480946109453,132.55438158085332,138.89378406433565,157611700,False
2021-01-26,138.98110961914062,140.0878320002914,137.2433520930361,139.40826822473906,98390600,False
2021-01-27,137.91322326660156,140.08784232197448,136.31139319096383,139.24322781199024,140843800,False
2021-01-28,133.0883026123047,137.84527918740616,132.7096874093382,135.4473779641581,142621100,False
2021-01-29,128.10804748535156,132.7485164111063,126.40913060377332,131.8650760774745,177523800,False
2021-02-01,130.22445678710938,131.42826655671627,127.10815007398598,129.84584146807433,106239800,False
2021-02-02,131.04962158203125,132.33108282824628,130.68070911395654,131.76801136085197,83305400,False
2021-02-03,130.0302276611328,131.80681083550172,129.7098587464062,131.79709325987585,89880900,False
2021-02-04,133.37954711914062,133.38924988354398,130.66127693474024,132.32136807732363,84183100,False
2021-02-05,132.9663848876953,133.60808059176276,132.09135608071085,133.54003004858623,75693800,False
2021-02-08,133.11216735839844,133.16078334273837,131.17736393158722,132.25657350766537,71297200,False
2021-02-09,132.23716735839844,134.055304885325,132.08161692740265,132.8302469559109,76774200,False
2021-02-10,131.63438415527344,133.19000731082727,130.67184065877828,132.6941448267895,73046600,False
2021-02-11,131.38156127929688,132.6066041234454,130.05928645451803,132.13019115518452,64280000,False
2021-02-12,131.61488342285156,131.7704486448014,129.9814930989265,130.62318851283254,60145100,False
2021-02-16,129.495361328125,132.2371278628611,129.10644827799214,131.73156315096224,80576300,False
2021-02-17,127.2105712890625,128.55229564276027,125.87857903594,127.6092016891494,97918500,False
2021-02-18,126.1119384765625,126.39388754422444,123.87573596059904,125.61607603838664,96856700,False
2021-02-19,126.2674560546875,127.0841660828466,125.2271451192894,126.62720249840024,87668800,False
2021-02-22,122.50481414794922,126.12162413344431,122.11590849249929,124.45905227095189,103916400,False
2021-02-23,122.36871337890624,123.19513336260104,115.10592588579132,120.32696770808406,158273000,False
2021-02-24,121.8728485107422,122.07702231944482,118.83940058972168,121.47422557501572,111039900,False
2021-02-25,117.63379669189452,122.9520628532438,117.19628243074794,121.22144033722896,148199500,False
2021-02-26,117.89630889892578,121.38672049171518,117.83796822554648,119.18940971098536,164560400,False
2021-03-01,124.24517059326172,124.38128647028812,119.38386807729292,120.31723727022784,116307900,False
2021-03-02,121.64923858642578,125.14937496490816,121.54228933610958,124.84797657824924,102260900,False
2021-03-03,118.6741180419922,122.22287046374832,118.46021953832744,121.34783450228308,112966300,False
2021-03-04,116.79763793945312,120.17138267841436,115.32953009185248,118.37270244109511,178155000,False
2021-03-05,118.05186462402344,118.55744422295456,114.3086632937348,117.62407506080334,153766600,False
2021-03-08,113.13224029541016,117.6435287378886,112.986399726646,117.57547079483328,154376600,False
2021-03-09,117.73102569580078,118.674119610189,115.4948308955723,115.72817134912674,129525800,False
2021-03-10,116.65181732177734,118.7810627593394,116.13651302909358,118.31438187621302,111943300,False
2021-03-11,118.57689666748048,119.79222236399583,117.8963172445356,119.14080957092584,103026500,False
2021-03-12,117.67268371582033,117.80879958845244,115.85456138090896,117.06016228897576,88105100,False
2021-03-15,120.55059051513672,120.5603151981738,117.07962044686742,118.04216378802695,92403800,False
2021-03-16,122.08675384521484,123.69098519524891,121.26033388239702,122.21314504308984,115227900,False
2021-03-17,121.29920959472656,122.3686945512962,118.94633378896354,120.60890560077928,111932600,False
2021-03-18,117.18653869628906,119.76303010508992,116.98236491309837,119.47134903324158,121229700,False
2021-03-19,116.66152954101562,118.06158696536843,116.36013117462356,116.57402966087284,185549500,False
2021-03-22,119.96719360351562,120.43388179491228,116.92402164195738,116.99207956385304,111912300,False
2021-03-23,119.14080810546876,120.79364806529564,118.75190240381558,119.90889482634996,95467100,False
2021-03-24,116.75875854492188,119.49081556265352,116.73931659895884,119.41303294328377,88530500,False
2021-03-25,117.24488830566406,118.2852141454854,115.6989976953015,116.22401924724316,98844700,False
2021-03-26,117.84769439697266,118.11020888610057,115.6212169602904,117.0115497729694,94071200,False
2021-03-29,118.02269744873048,119.1796897776827,117.3810093980004,118.27548724702228,80819200,False
2021-03-30,116.57404327392578,117.06017355662124,115.56289139578809,116.77821710252674,85671900,False
2021-03-31,118.76164245605467,120.09363482806864,117.78938178497404,118.27551212051436,118323800,False
2021-04-01,119.58805084228516,120.73531861862072,119.0921958715762,120.22974638293908,75089100,False
2021-04-05,122.40760803222656,122.66039785902176,119.65610882120376,120.43392024929994,88651200,False
2021-04-06,122.70899200439452,123.6034698490668,122.1645285194216,122.99094842847228,80171300,False
2021-04-07,124.35208892822266,124.37153086963934,121.6686485295361,122.33951048364702,83466700,False
2021-04-08,126.74386596679688,126.77303259187028,124.95491039655208,125.3729752462817,88844600,False
2021-04-09,129.31063842773438,129.34952231767917,125.87856026382458,126.19940798905768,106686700,False
2021-04-12,127.59944915771484,129.16478885922183,127.00636977178948,128.84394117481807,91420000,False
2021-04-13,130.70091247558594,130.92454297049343,128.2702623305917,128.76612445489764,91266500,False
2021-04-14,128.36752319335938,131.25513740306803,128.0077916382119,131.19680416012676,87222800,False
2021-04-15,130.76902770996094,131.2551579244961,129.93288314753977,130.10789773924117,89347100,False
2021-04-16,130.43846130371094,130.9343087763494,129.5828673880838,130.57457716887737,84922400,False
2021-04-19,131.099609375,131.71213827061115,129.6412185458448,129.80650105955348,94264200,False
2021-04-20,129.41761779785156,131.7704868284577,128.15367596540483,131.27463922976452,94812300,False
2021-04-21,129.79676818847656,130.03983329744375,127.65779819666872,128.6883918850069,68847100,False
2021-04-22,128.28004455566406,130.42873181562496,127.7647477103965,129.34952213608938,84566500,False
2021-04-23,130.59402465820312,131.37182111341806,128.49393862388337,128.49393862388337,78657500,False
2021-04-26,130.98297119140625,131.31353629033433,129.8551451456873,131.0899204687679,66905100,False
2021-04-27,130.66207885742188,131.6537886519638,130.38984712331498,131.26487557787047,66015800,False
2021-04-28,129.8745574951172,131.27461496858584,129.38842725213598,130.5843034959248,107760100,False
2021-04-29,129.7772979736328,133.2677236525645,128.77587107243528,132.68436155056918,151101000,False
2021-04-30,127.81338500976562,129.855123368552,127.4342039691682,128.12450068731047,109839500,False
2021-05-03,128.86338806152344,130.35096013574108,128.17309147912826,128.3772578570978,75135100,False
2021-05-04,124.30349731445312,127.84253218435018,123.18539631101322,127.55085108162372,137564700,False
2021-05-05,124.54657745361328,126.83138075425876,124.4201788397563,125.6160551149203,84000900,False
2021-05-06,126.14107513427734,126.15079239791494,123.60346736850424,124.34238738168024,78128300,False
2021-05-07,126.81311798095705,127.83571393366988,126.10215135348382,127.4364212136001,78973300,False
2021-05-10,123.5407257080078,126.16054372317711,123.50176833952,126.0339452787188,88071200,False
2021-05-11,122.62525939941406,122.97586087179818,119.5671689854115,120.2781279910728,126142800,False
2021-05-12,119.56715393066406,121.38837175558096,119.06072304066647,120.18072314838844,112172300,False
2021-05-13,121.70980072021484,122.85901733692192,121.01832399589208,121.32997558192994,105861300,False
2021-05-14,124.12506103515624,124.55358462246828,122.56680357723656,122.9563697993059,81918000,False
2021-05-17,122.9758758544922,123.61866139795352,121.90457404574953,123.5115304740433,74244600,False
2021-05-18,121.5929183959961,123.6770895961018,121.524744849464,123.25830711587348,63342900,False
2021-05-19,121.43710327148438,121.66109889559456,119.65484232839697,119.94701893329513,92612000,False
2021-05-20,123.98873138427734,124.38803886132332,121.83638680726904,121.96300011967811,76857100,False
2021-05-21,122.15778350830078,124.66073707262268,121.9435216775998,124.48543261389996,79295400,False
2021-05-24,123.7842025756836,124.60229244585756,122.65446862112498,122.72264215777628,63092900,False
2021-05-25,123.58943176269533,124.9723924215316,123.02456103094238,124.48542900111524,72009500,False
2021-05-26,123.5407257080078,124.06663903705564,123.12194328471185,123.64785661375969,56575900,False
2021-05-27,122.01168823242188,124.31012103497812,121.816908814046,123.1414296640058,94625600,False
2021-05-28,121.35916900634766,122.51812660764142,121.30073666690714,122.29412358918856,71311100,False
2021-06-01,121.03777313232422,122.07985859728936,120.70664664362424,121.81690564628396,67637100,False
2021-06-02,121.79743194580078,121.97273640244448,120.81378617886122,121.03778177713107,59278900,False
2021-06-03,120.3170928955078,121.59291527515944,119.91778539724056,121.42735201359652,76229200,False
2021-06-04,122.60578155517578,122.86874195718396,120.61900017592296,120.83326200560104,75169300,False
2021-06-07,122.61550903320312,123.02455024570588,121.57342360305104,122.878461975424,71057600,False
2021-06-08,123.43360900878906,125.10874632513033,122.91743682004416,123.29726191856813,74403800,False
2021-06-09,123.81342315673828,124.41725123885396,123.21933627459374,123.89133789579034,56877900,False
2021-06-10,122.82003784179688,124.84577650141728,122.654474591921,123.70629386140668,71186400,False
2021-06-11,124.0276870727539,124.1153430132604,122.8102971183092,123.22907955985254,53522400,False
2021-06-14,127.0760498046875,127.1344821544244,123.75501332495072,124.48544741810112,96906500,False
2021-06-15,126.25797271728516,127.19293493618756,126.0144946755702,126.55014933948718,62746300,False
2021-06-16,126.7546157836914,127.47531587099556,125.10871731225252,126.96887757016792,91815000,False
2021-06-17,128.3518524169922,129.0920350275276,126.2676813886482,126.41377710106734,96721700,False
2021-06-18,127.05656433105467,128.07916002857564,126.84230250511072,127.30004232774398,108953300,False
2021-06-21,128.8485870361328,128.95571797256497,125.83920190461266,126.90076263607251,79663300,False
2021-06-22,130.4847412109375,130.58213836687776,128.18630802151114,128.6830127117991,74783600,False
2021-06-23,130.2120361328125,130.815871699919,129.75429628741554,130.2802171084206,60214200,False
2021-06-24,129.92959594726562,131.12750347675475,129.46210751467535,130.94245782977737,68711000,False
2021-06-25,129.63743591308594,130.3970861369589,129.34525932066123,129.97831108103458,70783700,False
2021-06-28,131.26385498046875,131.72159479819973,129.87116798746578,129.9296003283306,62111300,False
2021-06-29,132.77342224121094,132.92925172484664,130.84508067855094,131.28333809814853,64556100,False
2021-06-30,133.3870086669922,133.8252661428457,132.32543317658508,132.6176097807272,63261400,False
2021-07-01,133.68890380859375,133.74733615062,132.218287184251,133.03638455477136,52485800,False
2021-07-02,136.3087158203125,136.3476657575281,134.15636398642496,134.30244482687868,78852600,False
2021-07-06,138.31495666503906,139.41546688315523,136.4158316454704,136.4158316454704,108181800,False
2021-07-07,140.79847717285156,141.11012131228122,138.93830152510142,139.79533405407227,104911600,False
2021-07-08,139.50315856933594,140.30175867225685,137.00019762598444,137.88646110200742,105575500,False
2021-07-09,141.3243865966797,141.85029259632174,138.92855627210733,139.02595342720224,99890800,False
2021-07-12,140.7303009033203,142.50282808936566,140.2433448448313,142.3956971620693,76299700,False
2021-07-13,141.8405303955078,143.61305721006948,139.88297280050324,140.27253162136344,100827100,False
2021-07-14,145.2589569091797,145.66801299296932,143.8273051980656,144.23636128185524,127050800,False
2021-07-15,144.6064453125,146.08679566961968,143.25270826705687,145.3466279214185,106820300,False
2021-07-16,142.5709991455078,145.85307833791254,142.07430929851364,144.5870044305878,93251400,False
2021-07-19,138.73374938964844,140.31149679803218,137.97409928442224,139.99983785193092,121434600,False
2021-07-20,142.33721923828125,143.26244743833868,139.23045273850917,139.717408691922,96350000,False
2021-07-21,141.60678100585938,142.31774737595725,140.85687956010295,141.73339430532917,74993500,False
2021-07-22,142.97027587890625,144.33374665171397,142.00609770767423,142.13271101540525,77338200,False
2021-07-23,144.68435668945312,144.84018616778306,143.0871416883638,143.7007109713398,71447400,False
2021-07-26,145.10316467285156,145.92124724515625,143.84680978043045,144.40194679352788,72434100,False
2021-07-27,142.94107055664062,145.31741825019225,141.7528967098648,145.22975487472473,104818600,False
2021-07-28,141.1977081298828,143.1357976807247,138.8213613047295,141.0321449311746,118931200,False
2021-07-29,141.8405303955078,142.72679380278865,140.80818614558353,140.91531705042755,56699500,False
2021-07-30,142.05479431152344,142.51253410621536,140.35044843873504,140.61340882010876,70440600,False
2021-08-02,141.72364807128906,143.1163348001012,141.46068772656318,142.54173040964227,62880000,False
2021-08-03,143.51564025878906,144.1778931349551,141.3925048543154,142.00607403013316,64786600,False
2021-08-04,143.1163787841797,143.93446137395492,142.46385946656952,143.42803778640976,56368300,False
2021-08-05,143.22348022460938,143.9831303102646,142.35669923658142,143.1455654900914,46397700,False
2021-08-06,142.54074096679688,143.48685218422662,142.0433070322341,142.7455754592538,54126800,False
2021-08-09,142.49200439453125,143.08698154443715,141.93605043513622,142.59929584395647,48908700,False
2021-08-10,142.01400756835938,144.0720407420302,141.72139332469942,142.83331554422432,69023100,False
2021-08-11,142.26760864257812,143.1064282624458,141.94573444022404,142.45293150602257,48493500,False
2021-08-12,145.2229766845703,145.37903960476112,142.24809238146725,142.5894781590122,72282600,False
2021-08-13,145.42782592773438,145.7594485046543,144.61826619020815,145.30102293180235,59375000,False
2021-08-16,147.39805603027344,147.46633914191412,142.86258697892168,144.88159714502063,103296000,False
2021-08-17,146.49099731445312,147.94429082183916,145.4180830822368,146.53000561245062,92229700,False
2021-08-18,142.75531005859375,147.0079285089272,142.55047558587256,146.11058891263426,86326000,False
2021-08-19,143.0869598388672,144.35494544436725,140.94114605885855,141.45809163231115,86960300,False
2021-08-20,144.5402374267578,144.84260006919433,143.1649606824682,143.80870914358007,60549600,False
2021-08-23,146.02284240722656,146.49101645929602,144.24765951519495,144.65731367112883,60131800,False
2021-08-24,145.9350128173828,147.1444782861979,145.47658722985506,145.76920152361467,48606400,False
2021-08-25,144.70602416992188,146.6177576408254,144.15981885908616,146.12030896754547,58991300,False
2021-08-26,143.90626525878906,145.4473535938561,143.8770053124194,144.69632845972228,48597200,False
2021-08-27,144.9401397705078,145.08643947056316,143.21372889495123,143.847714105832,55802400,False
2021-08-30,149.34881591796875,149.70971334019745,144.9498976782118,145.33029180641267,90956700,False
2021-08-31,148.09056091308594,149.0366718472091,147.56385230904914,148.90012052078816,86453100,False
2021-09-01,148.7538299560547,151.16299758315895,148.5880186674378,149.0659558284964,80313700,False
2021-09-02,149.8657684326172,150.90942268736845,148.64655451799135,150.08035127222993,71115500,False
2021-09-03,150.49978637695312,150.8216606743961,149.3195806196622,149.9730775691431,57808700,False
2021-09-07,152.83090209960938,153.38685589495006,150.58754556278473,151.15326259436534,82278300,False
2021-09-08,151.28982543945312,153.1722846868866,150.1876512353804,153.11376479693286,74420200,False
2021-09-09,150.27545166015625,152.2652024090621,150.15839699282031,151.6604770125975,57305700,False
2021-09-10,145.301025390625,151.65068551937273,145.03767104191758,151.18251158621138,140893200,False
2021-09-13,145.86671447753906,147.6906532155328,145.08641481621757,146.92011678787637,102404300,False
2021-09-14,144.47193908691406,147.34929527061283,143.2917485822126,146.64702700212126,109296300,False
2021-09-15,145.3595428466797,145.7594485393446,142.76505234502355,144.9011172737186,83281300,False
2021-09-16,145.1254425048828,145.30101702156867,143.5941177955223,144.7840715894616,68034100,False
2021-09-17,142.4627227783203,145.15475696069768,142.1701084259335,145.15475696069768,129868800,False
2021-09-20,139.4195556640625,141.27275491051466,137.79068761664803,140.2583754550107,123478900,False
2021-09-21,139.89749145507812,141.03868891632874,139.26350609481372,140.3851770808151,75834000,False
2021-09-22,142.2578887939453,142.82359096635926,140.16083188261564,140.89236024826914,76404300,False
2021-09-23,143.21376037597656,143.45760318499043,142.05306622379317,143.03818581433492,64838200,False
2021-09-24,143.30154418945312,143.83800136075783,141.97503867631073,142.07258175581498,53477900,False
2021-09-27,141.7896728515625,142.3651530337308,140.2778597575895,141.88721590155166,74150700,False
2021-09-28,138.4149169921875,141.18496735666514,138.2003341585889,139.7219107001194,108972300,False
2021-09-29,139.31227111816406,140.89236770909372,138.53197117688373,138.9611368887371,74602000,False
2021-09-30,138.01502990722656,140.82410382973063,137.80044704464729,140.12183534910463,89056700,False
2021-10-01,139.13671875,139.40007318481307,135.68391067917057,138.4051902289527,94639600,False
2021-10-04,135.71315002441406,138.70754679310303,134.8645818313905,138.26861784072736,98322000,False
2021-10-05,137.63461303710938,138.73678711480215,135.9277136552574,136.0545166576062,80861100,False
2021-10-06,138.50271606445312,138.6490157972431,134.9621137010957,136.03502801816884,83221100,False
2021-10-07,139.76092529296875,140.66802820004892,139.20497147758243,139.53659409609236,61732700,False
2021-10-08,139.38052368164062,140.62899749402928,139.04890108087716,140.48269778280476,58773200,False
2021-10-11,139.29275512695312,141.2434974770439,138.31738395190774,138.76606124094116,64452200,False
2021-10-12,138.02476501464844,139.72191616043952,137.56633938704366,139.7024045703548,73035900,False
2021-10-13,137.4395294189453,137.91745167770748,135.7716384818284,137.7614036307742,78762700,False
2021-10-14,140.2193603515625,140.33641501765865,138.02477512030043,138.61000380183043,69907100,False
2021-10-15,141.27273559570312,141.33125547588753,139.97549034735292,140.22909633879294,67940300,False
2021-10-18,142.94068908691406,143.22354025912293,139.6341804641239,139.91703163633275,85589200,False
2021-10-19,145.09619140625,145.4960971069184,142.94062972963636,143.38929207620686,76378900,False
2021-10-20,145.58389282226562,146.0618300447265,144.47197030405582,145.03768735830047,58418800,False
2021-10-21,145.79844665527344,145.95450958049068,144.22809881735165,145.14494989927837,61421000,False
2021-10-22,145.0279541015625,146.48124774454206,144.97918256227808,146.00332535531382,58883400,False
2021-10-25,144.97915649414062,145.69117321411855,143.98427382696465,145.0181647887637,50720600,False
2021-10-26,145.64236450195312,147.12491729534733,145.3399870740475,145.65211285137863,60893400,False
2021-10-27,145.18402099609375,146.0423376021523,144.83288673993832,145.68145499107032,56094900,False
2021-10-28,148.81240844726562,149.39762230558532,146.03259425054543,146.13013733509126,100077900,False
2021-10-29,146.11058044433594,146.24713179057537,142.80407331191392,143.59412144965486,124953200,False
2021-11-01,145.2913055419922,146.01307072992742,144.1598713388164,145.3205654883688,74588300,False
2021-11-02,146.32516479492188,147.83699285465968,144.98889637520205,144.9986596105235,69122000,False
2021-11-03,147.7589569091797,148.22713081802038,146.13008913879244,146.686042864982,54511500,False
2021-11-04,147.24200439453125,148.67578599123124,146.92987854832478,147.8467296178319,60394600,False
2021-11-05,147.76947021484375,148.6681193629179,146.57777973692555,148.36531545380285,65463900,False
2021-11-08,146.948974609375,148.0527572213007,146.67547332752292,147.8964665160418,55020900,False
2021-11-09,147.31040954589844,147.9160175036458,146.57781350486675,146.71456416967115,56787900,False
2021-11-10,144.48748779296875,146.64621090035791,144.4191199061072,146.53876287411308,65187100,False
2021-11-11,144.4385986328125,145.96239567531134,144.25300529217714,145.50331597045192,41000000,False
2021-11-12,146.50941467285156,146.90988909643477,144.05765090115398,144.98560270947831,63804000,False
2021-11-15,146.51919555664062,148.3555742437889,145.9624154592678,146.88060480284193,59222800,False
2021-11-16,147.4960174560547,147.97465228236786,145.87453448172622,146.46061733416252,59256200,False
2021-11-17,149.92822265625,151.40317727562876,147.48623592599793,147.49599850722544,88807000,False
2021-11-18,154.2065887451172,154.9880275581461,149.49844560723523,150.14313374583702,137827700,False
2021-11-19,156.82435607910156,157.28345067512842,152.8976381128572,153.99164315630802,117305600,False
2021-11-22,157.28347778320312,161.8548695638248,157.26393771700205,157.9281509208038,117467900,False
2021-11-23,157.6644287109375,158.04537802988585,155.36895531169498,157.3811499145866,96041900,False
2021-11-24,158.18214416503906,158.37750013405517,155.9355132595911,157.01975602804134,69463600,False
2021-11-26,153.17120361328125,156.7267364003775,152.73164889573968,155.8671670363227,76959800,False
2021-11-29,156.52159118652344,157.44954318891868,155.10522691977295,155.67176964553224,88748200,False
2021-11-30,161.46417236328125,161.67906839694083,156.2090119296681,156.2773947152438,174048100,False
2021-12-01,160.9464569091797,166.34813007275002,160.71202083002768,163.59356203535145,152052500,False
2021-12-02,159.95989990234375,160.38969196905754,154.1382116478701,155.0564010804487,136739200,False
2021-12-03,158.08445739746094,161.13206712633752,156.0136573148525,160.2138776845153,118023100,False
2021-12-06,161.4836883544922,163.98428011365826,160.46781363689186,160.47757621707362,107497000,False
2021-12-07,167.2076873779297,167.59841414884357,164.43359437560147,165.15642772326544,120405400,False
2021-12-08,171.01719665527344,171.87678065417452,166.73883163036436,168.1356556285786,116998900,False
2021-12-09,170.50926208496094,172.64844463234323,169.8841141404718,170.85114615502485,108923700,False
2021-12-10,175.28579711914062,175.46162790674452,170.63625994665398,171.14419733842757,115402700,False
2021-12-13,171.66188049316406,177.90359710458122,171.4567470785072,176.9170250648393,153237000,False
2021-12-14,170.28460693359375,173.6154801461527,168.21380712036787,171.1832561903654,139380400,False
2021-12-15,175.1392822265625,175.33463817394934,168.31148231582245,171.0465102933484,131063300,False
2021-12-16,168.2626495361328,176.93659123544322,166.78769490587976,175.11975249855263,150185800,False
2021-12-17,167.16860961914062,169.44454258569772,165.75226057944147,165.98668171971096,195432700,False
2021-12-20,165.8109130859375,166.6216545378973,163.5740596088574,164.37502357405398,107499100,False
2021-12-21,168.97569274902344,169.1808112556796,165.19548774606798,167.57886880713295,91185900,False
2021-12-22,171.56422424316406,171.7791202742142,168.15520530032774,169.02455200604695,92135300,False
2021-12-23,172.18936157226562,172.74614168304623,171.2028043307869,171.76934702247985,68356600,False
2021-12-27,176.14540100097656,176.233308952318,172.9610554465104,172.98058061033834,74919600,False
2021-12-28,175.12950134277344,177.12217071968058,174.38714279522745,175.9793227997058,79144300,False
2021-12-29,175.2174072265625,176.43840038673264,174.0061766459811,175.16856451921535,62348900,False
2021-12-30,174.0647735595703,176.37978661508689,173.95732557045602,175.30530672394408,59773000,False
2021-12-31,173.44944763183594,175.07091555859822,173.14662874511,173.9573701608435,64062300,False
2022-01-03,177.786376953125,178.63619837680892,173.5861721636794,173.70338274431063,104487900,False
2022-01-04,175.530029296875,178.69484993569185,174.9634865026278,178.392045920856,99310400,False
2022-01-05,170.8609161376953,175.9890879826122,170.587414831676,175.4420853705736,94537600,False
2022-01-06,168.0086669921875,171.23209207239668,167.65702034880644,168.6924202141222,96904000,False
2022-01-07,168.17474365234375,170.0990304259398,167.06119827767387,168.878037036841,86709100,False
2022-01-10,168.19427490234375,168.4970788622131,164.2675561955421,165.1564429133354,106765600,False
2022-01-11,171.01719665527344,171.1148671703379,166.85605711502512,168.3212489833143,76138300,False
2022-01-12,171.45677185058594,173.06847713761263,170.76325596284155,172.0330771442787,74805200,False
2022-01-13,168.19427490234375,172.52146809219963,167.80354809549323,171.70096415486904,84505800,False
2022-01-14,169.0538787841797,169.7473947274692,167.11981439919933,167.36401309283474,80440800,False
2022-01-18,165.85975646972656,168.5361646254104,165.4788071020713,167.53006719532837,90956700,False
2022-01-19,162.37257385253906,167.1100339648471,162.08930995625337,166.05509393247632,94815000,False
2022-01-20,160.69248962402344,165.74251639966073,160.3701455866801,163.10517370877471,91420500,False
2022-01-21,158.6412353515625,162.4702688967568,158.5337873352943,160.60458738914824,122848900,False
2022-01-24,157.8695526123047,158.53378075020058,151.1101351638804,156.30669005524535,162294600,False
2022-01-25,156.07225036621094,158.98309429431202,153.37630245676536,155.29081165334586,115798400,False
2022-01-26,155.98434448242188,160.57527648713483,154.15774320444362,159.70592982008216,108275300,False
2022-01-27,155.52523803710938,160.03802433796417,154.60704872462142,158.68028043462846,121954600,False
2022-01-28,166.37744140625,166.39698147337538,159.0221785798324,161.86465470605705,179935700,False
2022-01-31,170.72415161132812,170.9390476064095,165.57644011866424,166.2113655240236,115541600,False
2022-02-01,170.55812072753906,170.78277933201363,168.31148996868112,169.9720379540269,86213900,False
2022-02-02,171.75958251953125,171.79866265554188,169.30783310188434,170.69487983616585,84914300,False
2022-02-03,168.8878173828125,172.1503233892282,168.1259186202505,170.43115497753465,89418100,False
2022-02-04,168.60418701171875,170.27664070855118,166.93173331488632,167.90977257243412,82465400,False
2022-02-07,167.8902130126953,170.1299162190593,167.19579861278513,169.0638570704662,77251200,False
2022-02-08,170.99058532714844,171.49916986063508,167.66524328351184,167.95865801143464,74829200,False
2022-02-09,172.40875244140625,172.77062217708496,171.05905354274313,172.1838075995271,71285000,False
2022-02-10,168.34010314941406,171.6263154743887,167.78262856301606,170.31574652168356,90865900,False
2022-02-11,164.93650817871094,169.27900403758753,164.34967876719554,168.54547473503922,98670700,False
2022-02-14,165.17124938964844,165.85587378073802,162.90219149496014,163.69440078491326,86185500,False
2022-02-15,168.99537658691406,169.1518664311418,166.5111637354937,167.2153531108256,62527400,False
2022-02-16,168.76068115234375,169.53332561896576,166.3155829464961,168.07605663944543,61177400,False
2022-02-17,165.17124938964844,168.13470669398032,164.77024977354867,167.274027503072,69589300,False
2022-02-18,163.62594604492188,166.7947832093295,162.54032203615824,166.09060878011084,82772700,False
2022-02-22,160.71139526367188,163.0293432010753,158.58903724171788,161.35688974047144,91162800,False
2022-02-23,156.55471801757812,162.5011823133144,156.24173835796486,161.90457789540673,90009200,False
2022-02-24,159.16610717773438,159.27369208830245,148.66196063900136,149.22922517438823,141147500,False
2022-02-25,161.22976684570312,161.4938266826065,157.3371601146723,160.24193771015948,91974200,False
2022-02-28,161.4938201904297,161.78723492110947,158.86289248069977,159.479061922758,95056600,False
2022-03-01,159.61598205566406,162.94132403155473,158.41299811175085,161.08304074169718,83474400,False
2022-03-02,162.90219116210938,163.6846254319098,159.37146939131958,160.7798480922219,79724800,False
2022-03-03,162.57943725585938,165.20058983386846,161.91437782369874,164.77025023720336,76678400,False
2022-03-04,159.58663940429688,161.91437725608384,158.54014531943216,160.87765818976635,83737200,False
2022-03-07,155.80162048339844,161.39600492959968,155.54732078440395,159.7724565579089,96418800,False
2022-03-08,153.9824981689453,159.30303394754864,152.3785144348394,155.33219707675556,131148300,False
2022-03-09,159.37147521972656,159.8213797915154,155.90922322313332,157.9337564869507,91454900,False
2022-03-10,155.03875732421875,156.86768560681452,152.55452973284972,156.68185579600046,105342000,False
2022-03-11,151.33197021484375,155.78205064733166,151.10702542359093,155.43973102802846,96970100,False
2022-03-14,147.312255859375,150.7353929741164,146.8036862331013,148.12403016599976,108732100,False
2022-03-15,151.68408203125,152.1535515492418,147.0775261791108,147.58609577139651,92964300,False
2022-03-16,156.08529663085938,156.48629634693546,151.06796490234913,153.6010832427781,102300200,False
2022-03-17,157.09263610839844,157.4642957434988,154.16830873861088,155.12678288189394,75615400,False
2022-03-18,160.37887573242188,160.8678953686917,156.25154880840884,156.9850782628136,123511700,False
2022-03-21,161.7481231689453,162.69682236043158,159.4301601813594,159.9191797677464,95811400,False
2022-03-22,165.11257934570312,165.6993938917205,161.28844262082922,161.87525716684658,81532000,False
2022-03-23,166.47206115722656,168.8486892835288,163.9682682338466,164.3008129085659,98062700,False
2022-03-24,170.2472686767578,170.31572365157868,166.47203725633872,167.30336151454603,90131400,False
2022-03-25,170.88296508789062,171.43066450745278,168.9562271788445,170.06141595854737,80546200,False
2022-03-28,171.7436981201172,171.87083307439428,168.22275085370143,168.38901573521346,90371900,False
2022-03-29,175.0298614501953,175.07875145997002,172.46738918878967,172.80970879935504,100589400,False
2022-03-30,173.8660430908203,175.66563174403498,172.81953392128133,174.62891251824163,92633200,False
2022-03-31,170.77542114257812,174.1203133341303,170.5700263491638,173.93448350287292,103049300,False
2022-04-01,170.4819793701172,171.03946877548313,168.16403166582776,170.2081296381206,78751300,False
2022-04-04,174.52133178710938,174.57023673592576,170.60917466091976,170.73632454310336,76468400,False
2022-04-05,171.2155303955078,174.3843825989403,170.58958593943763,173.60194829792937,73401800,False
2022-04-06,168.05648803710938,169.8169616919483,166.393824277865,168.57484765163213,89058800,False
2022-04-07,168.35971069335938,169.55292001885837,166.12000691440002,167.40123620890364,77594700,False
2022-04-08,166.3546905517578,168.00757925318007,165.48423622614246,168.00757925318007,76575500,False
2022-04-11,162.10995483398438,165.31792137375717,161.8654450981865,165.00495667225465,72246700,False
2022-04-12,163.97804260253906,166.13950070260202,162.9804385205217,164.33013728303388,79265200,False
2022-04-13,166.65782165527344,167.28376595081318,163.10755061630556,163.7139299553221,70618900,False
2022-04-14,161.66006469726562,167.50874884154206,161.41555493977322,166.87301451784705,75329400,False
2022-04-18,161.44491577148438,162.94131434841603,159.97785717263437,160.3201618914843,69023900,False
2022-04-19,163.7237548828125,164.1345444765827,160.31040765157212,161.39603175237912,67723800,False
2022-04-20,163.55751037597656,165.1712841990279,162.4523360987669,165.05390933318154,67929800,False
2022-04-21,162.7652587890625,167.7630389892028,162.26646424033356,165.200581424204,87227800,False
2022-04-22,158.23692321777344,164.18340212764667,157.95329847424364,162.80437847987656,84882400,False
2022-04-25,159.30300903320312,159.58663379803306,154.9800781201004,157.58165071304833,96046400,False
2022-04-26,153.35655212402344,158.7748828167284,153.2783071958642,158.6868628689345,95623200,False
2022-04-27,153.13162231445312,156.2808951707583,151.9677531448404,152.4861127865459,88063200,False
2022-04-28,160.04632568359375,160.9070049099631,155.43975472715812,155.7527344180899,130216800,False
2022-04-29,154.1878662109375,162.55010393809633,153.79665651995063,158.28585264208988,131747600,False
2022-05-02,154.4910430908203,154.7551028690703,149.90403790928826,153.268494371806,123055300,False
2022-05-03,155.97767639160156,157.18067526746918,152.88708408047324,154.67688255687574,88966500,False
2022-05-04,162.3740692138672,162.82395888042848,155.76251479077115,156.1635144371754,108256500,False
2022-05-05,153.3271942138672,160.47665766238154,151.5471558846843,160.25171284753384,130525300,False
2022-05-06,154.05198669433594,156.16765847712838,151.01560506464577,152.80804796848787,116124600,False
2022-05-09,148.93911743164062,152.63174611813972,148.38082388612466,151.7502087551316,131577900,False
2022-05-10,151.33888244628906,153.52312542416914,149.7913080506125,152.32816310530018,115366700,False
2022-05-11,143.49322509765625,152.2595317646696,142.8173843082867,150.3495566722883,142689800,False
2022-05-12,139.6341094970703,143.19940187956024,135.95128476595931,139.83980605277625,182602000,False
2022-05-13,144.09072875976562,145.06041547307086,140.17282438448345,141.6224448185645,113990900,False
2022-05-16,142.55291748046875,144.49229054467892,141.22082964396816,142.5627218047711,86643800,False
2022-05-17,146.17703247070312,146.69615365751025,143.66956086149628,145.80482673464496,78336300,False
2022-05-18,137.92982482910156,144.335591633693,137.02869370903522,143.8360642275501,109742900,False
2022-05-19,134.5310821533203,138.7526228149115,133.79647489353653,137.0091561140078,136095600,False
2022-05-20,134.76611328125,137.81228455615957,129.88832647827988,136.2353274341848,137426100,False
2022-05-23,140.17282104492188,140.31973647724712,134.82487512400195,134.9620011760451,117726300,False
2022-05-24,137.4792938232422,139.05625126128453,134.51148183512868,137.92005516834,104132700,False
2022-05-25,137.635986328125,138.87991021944293,135.50072064953915,135.58886991195646,92482700,False
2022-05-26,140.82908630371094,141.37759058232152,134.3253649583187,134.57023400738558,90601500,False
2022-05-27,146.56881713867188,146.6079896103765,142.27870662441157,142.4060433122878,90978500,False
2022-05-31,145.7852020263672,147.5678554930359,143.8262500562877,146.01049226377089,103718400,False
2022-06-01,145.6579132080078,148.62572491730575,144.6490389655957,146.8234773391278,74286600,False
2022-06-02,148.1066131591797,148.16537934399943,143.84588541228797,144.79597858853165,72348100,False
2022-06-03,142.39622497558594,144.93306421639832,141.49510885340763,143.8850177275583,88570300,False
2022-06-06,143.14065551757812,145.5207905259265,141.9260996131152,144.01238876362018,71598400,False
2022-06-07,145.6579132080078,145.94195473174813,141.14252729935507,141.3873963509184,67808200,False
2022-06-08,144.92327880859375,146.79406665216868,144.43354079753493,145.5305491597089,53950200,False
2022-06-09,139.7124786376953,144.91349464755012,139.60473566244548,144.06135517233236,69473000,False
2022-06-10,134.31556701660156,137.87105521943323,134.24699651333503,137.40091085996173,91437900,False
2022-06-13,129.17330932617188,132.4251621177248,128.74233746263164,130.1429810735186,122207100,False
2022-06-14,130.0352783203125,131.14209140798755,128.78154975446083,130.39769474252046,84784300,False
2022-06-15,132.65045166015625,134.52125474775525,129.4475753177957,131.5338494146611,91533000,False
2022-06-16,127.3906478881836,129.67282879246193,126.39157816992548,129.36919361966238,108123900,False
2022-06-17,128.85989379882812,130.34870189215334,127.145810351483,127.40048374314352,134520300,False
2022-06-21,133.08140563964844,134.2469845261448,130.58375367786297,130.68169231513036,81000500,False
2022-06-22,132.57211303710938,134.93263938077834,131.16166488175563,132.0235937967665,73409200,False
2022-06-23,135.4321746826172,135.74559928638683,132.84635818263115,134.0119372202921,72433800,False
2022-06-24,138.7526092529297,138.99747831559026,136.90139973704072,137.02872148660157,89116800,False
2022-06-27,138.7526092529297,140.5450525850796,138.0767682486871,139.77125797752416,70207900,False
2022-06-28,134.6192169189453,140.47648065381134,134.50168455265504,139.21296287932694,67083400,False
2022-06-29,136.37245178222656,137.78289974267364,133.8649953839291,134.63878986432783,66242400,False
2022-06-30,133.9140167236328,135.53014683096814,131.02456428701487,134.43313802820109,98964500,False
2022-07-01,136.07859802246094,136.18634098386156,132.87572215700436,133.2479128863371,71051600,False
2022-07-05,138.65467834472656,138.70365515439954,134.1196977793648,134.94246932324853,73353800,False
2022-07-06,139.9867706298828,141.16213936555525,138.18453757214348,138.44900039499768,74064300,False
2022-07-07,143.34637451171875,143.54226679903198,140.33937484449694,140.34916422789436,66253700,False
2022-07-08,144.0221405029297,144.52168281438622,142.02401609395528,142.27867446652914,64547800,False
2022-07-11,141.89669799804688,143.63037488194183,140.82907263468897,142.6802818681296,63141600,False
2022-07-12,142.8664093017578,145.40324925342907,142.0730359145698,142.7684556965353,77588800,False
2022-07-13,142.50396728515625,143.4442558667998,139.20312303306522,140.05527730810053,71185600,False
2022-07-14,145.4228057861328,145.89295009063997,140.30993976956114,141.12290665908233,78140700,False
2022-07-15,147.08792114257812,147.7637620290884,145.15835206929646,146.70592606919652,76259900,False
2022-07-18,144.05160522460938,148.45924914402323,143.68918878376647,147.6462819165231,81420900,False
2022-07-19,147.90090942382812,148.1261847699647,143.89485526545627,144.88412086859606,82982400,False
2022-07-20,149.89901733398438,150.5650688606649,147.2838179131366,148.01842499581136,64823400,False
2022-07-21,152.16163635253906,152.37712231601844,148.82161886422966,151.3290755894941,65086600,False
2022-07-22,150.92747497558594,153.07253011561605,150.2614383736218,152.20079694797485,66675400,False
2022-07-25,149.8108673095703,151.85796878260385,149.15462011252404,150.8491095898411,53623900,False
2022-07-26,148.48858642578125,149.94799628582763,147.70500253719806,149.13502930916428,55138700,False
2022-07-27,153.57208251953125,154.1010080911438,149.03711741300498,149.44849566558014,78620700,False
2022-07-28,154.12057495117188,154.40461645264705,151.24091273921562,153.7581586202447,81378700,False
2022-07-29,159.1746826171875,160.27170619819887,156.226464436767,157.93075852013737,101786900,False
2022-08-01,158.19520568847656,160.2325181068246,157.58793518866128,157.70546755749734,67829400,False
2022-08-02,156.7259979248047,159.076750020311,156.35380709254014,156.81416215078264,59907000,False
2022-08-03,162.7203826904297,163.17093336402678,157.45079605540153,157.53894532472003,82507500,False
2022-08-04,162.4069366455078,163.75861850349844,161.0552547875172,162.60282888470158,55474100,False
2022-08-05,162.1813507080078,162.67176904705062,159.87637852795464,160.0823608155598,56697000,False
2022-08-08,161.7105712890625,164.5942341050474,161.05341237675853,163.18182660608474,60276900,False
2022-08-09,161.75958251953125,162.6423445061743,160.1215870695177,160.8768354992681,63135500,False
2022-08-10,165.9967803955078,166.09485506907728,163.70161153159123,164.46666283077084,70170500,False
2022-08-11,165.26116943359375,167.713261012407,164.9669154508603,166.80107516257124,57149200,False
2022-08-12,168.80197143554688,168.8706222095757,166.15370085284405,166.56566536252754,68039400,False
2022-08-15,169.87107849121094,170.06724280100903,168.0663428948643,168.23308330651162,54091700,False
2022-08-16,169.71417236328125,170.38114909928225,168.3704308785935,169.46896318920653,56377100,False
2022-08-17,171.20506286621094,172.77439273368478,169.26301023326062,169.45917459589717,79542000,False
2022-08-18,170.81272888183594,171.54835650831478,169.80246813878225,170.42040013426683,62290100,False
2022-08-19,168.2331085205078,170.41056710828244,168.02712623620275,169.71416649279175,70346300,False
2022-08-22,164.35879516601562,166.6049043800519,163.9370276482697,166.43816395511286,69026800,False
2022-08-23,164.02528381347656,165.4769326102334,163.45639684713305,163.87816432492966,54147100,False
2022-08-24,164.31954956054688,164.88843656775538,163.0640799468379,164.1135822617859,53841500,False
2022-08-25,166.77163696289062,166.87952958176348,165.12383874706296,165.54559127859812,51218200,False
2022-08-26,160.4844970703125,167.77212157949262,160.42564926256463,167.30132415112922,78961000,False
2022-08-29,158.28741455078125,159.77827539995786,156.7573118566176,158.06181135805244,73314000,False
2022-08-30,155.86474609375,159.44479366035216,154.69754815714236,159.02304111055471,77906200,False
2022-08-31,154.20712280273438,157.5027341926007,154.12865408316875,157.23790413486398,87991100,False
2022-09-01,154.93295288085938,155.38412932683354,151.70599214901193,153.6382414104045,74229900,False
2022-09-02,152.8241424560547,157.2869518100939,152.0002433352291,156.6886409081276,76957800,False
2022-09-06,151.5686798095703,154.07961913097645,150.74478065092995,153.47150522336744,73714800,False
2022-09-07,152.97129821777344,153.6676838931478,150.66632598771957,151.85314497915547,87449600,False
2022-09-08,151.5000762939453,153.3636604436511,149.75417281827168,151.67661975456892,84923800,False
2022-09-09,154.35426330566406,154.79565178409123,151.78447599724632,152.49067960307377,68028800,False
2022-09-12,160.29812622070312,161.11222243462,156.24728104104713,156.53171708379904,104956000,False
2022-09-13,150.89193725585938,157.4635411507797,150.430942739526,156.83580616608484,122656600,False
2022-09-14,152.33375549316406,154.08946168271527,150.66633598686377,151.82371618505977,87965400,False
2022-09-15,149.45004272460938,152.26505346855464,148.4790242330061,151.68634859779593,90481100,False
2022-09-16,147.81207275390625,148.44962552428208,145.5267216779744,148.31230899881908,162278800,False
2022-09-19,151.51963806152344,151.59810678770754,146.2427471814607,146.44871449211217,81474200,False
2022-09-20,153.89329528808594,155.050690549917,150.14650631554355,150.46036632402453,107689800,False
2022-09-21,150.7742462158203,155.69805153828966,150.65655057959955,154.32487092805448,101696800,False
2022-09-22,149.81300354003906,151.50984684718208,148.0180705759549,149.4599017279835,86652500,False
2022-09-23,147.5472869873047,148.5673657396687,145.71312678219724,148.29273260627454,96029900,False
2022-09-26,147.88075256347656,150.82326264584486,146.77240230987616,146.79202323434507,93339400,False
2022-09-27,148.85179138183594,151.75507497309587,147.07647912072952,149.81302224747262,84442700,False
2022-09-28,146.96856689453125,147.75323924438212,142.06438341593866,144.81072915722658,146691400,False
2022-09-29,139.74960327148438,143.9083561021041,137.98409428837317,143.3002421615135,128138200,False
2022-09-30,135.5516357421875,140.35774479295517,135.35547138562947,138.5726147256006,124925300,False
2022-10-03,139.72018432617188,140.32831325471835,135.05140704196927,135.56144631438175,114311700,False
2022-10-04,143.30027770996094,143.41797334923848,141.4955264315323,142.25077503845796,87830100,False
2022-10-05,143.59449768066406,144.55572849466822,140.26946161653336,141.30916116839794,79471000,False
2022-10-06,142.64308166503906,144.7126478104947,142.43711432828448,143.0158044200555,68402200,False
2022-10-07,137.4053955078125,140.35772324812106,136.7776606833551,139.80844218113944,85925600,False
2022-10-10,137.72911071777344,139.17094210590585,135.91457149826957,137.72911071777344,74899000,False
2022-10-11,136.31666564941406,138.64125855443186,135.57123522583825,137.21903351996755,77033700,False
2022-10-12,135.68894958496094,137.67024396939837,135.51240615749046,136.46381898254117,70433700,False
2022-10-13,140.24984741210938,140.8383404618952,131.7950247428473,132.4031536839207,113224000,False
2022-10-14,135.72816467285156,141.75050040665323,135.54180333634727,141.5445181488385,88598000,False
2022-10-17,139.68092346191406,140.16152374746147,137.58193404215913,138.3666062011952,85250900,False
2022-10-18,140.9952850341797,143.88875049899616,137.91545818930572,142.70194639396894,99136600,False
2022-10-19,141.1031494140625,142.17225768233465,138.78837451258266,138.97473585531196,61758300,False
2022-10-20,140.6421661376953,143.0942577538532,139.91634163141595,140.2792613677454,64522000,False
2022-10-21,144.4478302001953,145.0167173026428,139.9163543059083,140.1321395849877,86548600,False
2022-10-24,146.5860137939453,147.3510650763543,143.2021308192321,144.36932866368048,75981900,False
2022-10-25,149.420654296875,149.56778877679034,146.4977652190575,147.21377179556336,74732300,False
2022-10-26,146.48797607421875,149.07738452163943,145.20306734701933,148.06712385627637,88194300,False
2022-10-27,142.02516174316406,146.1937178528811,141.36800292889205,145.23250204640354,109180200,False
2022-10-28,152.75550842285156,154.48177557471033,144.98728378991743,145.35999154749908,164762400,False
2022-10-31,150.40151977539062,151.28428192484714,149.0087332370563,150.22497632532892,97943200,False
2022-11-01,147.76307678222656,152.47109701606183,146.27221543184598,152.1081921430116,80379300,False
2022-11-02,142.250732421875,149.2539052221096,142.22130852087065,146.09561013902547,93604600,False
2022-11-03,136.21861267089844,140.0634909361085,136.09109910411752,139.33766635298934,97918500,False
2022-11-04,135.95333862304688,140.16810151754257,132.0234836201314,139.59827074317496,140814800,False
2022-11-07,136.48385620117188,136.70981865595215,133.29084915754692,134.70559929239224,83374600,False
2022-11-08,137.05369567871094,138.9498435557623,135.0789489012502,137.94774130575934,89908500,False
2022-11-09,132.5048828125,136.12035725287217,132.2297941583769,136.07123106652006,74917800,False
2022-11-10,144.29443359375,144.29443359375,137.05368118428237,138.7631733571785,118854000,False
2022-11-11,147.07479858398438,147.37935990276293,141.83826577346156,143.26284999283982,93979700,False
2022-11-14,145.67970275878906,147.644629976999,144.84460269456784,146.3576050476643,73374100,False
2022-11-15,147.40882873535156,150.89657743758315,145.95478683657723,149.55060713210176,89868300,False
2022-11-16,146.1807861328125,147.2418488642614,144.70709039322372,146.51483522710427,64218300,False
2022-11-17,148.07693481445312,148.82360185357618,143.58706836561342,143.86215701114332,80389400,False
2022-11-18,148.63694763183594,150.0222252429551,147.3401031595605,149.6390649453273,74829600,False
2022-11-21,145.41445922851562,147.73307435769456,145.12955132737417,147.52676535819396,58724100,False
2022-11-22,147.54641723632812,147.78221396265934,144.35340964940343,145.53237828985053,51804100,False
2022-11-23,148.4208221435547,149.16748927839564,146.72114887646376,146.82922050043365,58301400,False
2022-11-25,145.51271057128906,146.2692118769101,144.54006603549058,145.7092003283938,35195900,False
2022-11-28,141.69091796875,144.06847835661756,140.86565204725017,142.59478278627932,69246000,False
2022-11-29,138.6944122314453,142.27057984792378,137.8887997144492,141.7596944766532,83763800,False
2022-11-30,145.4341278076172,146.1120302873751,138.08530213977906,138.92038744793726,111380900,False
2022-12-01,145.7091827392578,146.51481013470644,144.03899751867118,145.61094536816785,71250400,False
2022-12-02,145.2179412841797,145.4046117654443,143.09581632538948,143.40039263183445,65447400,False
2022-12-05,144.0586395263672,148.27340168825526,143.21372024795548,145.17864740787067,68826400,False
2022-12-06,140.4038848876953,144.716899744364,139.43124046996064,144.49093730068225,64727200,False
2022-12-07,138.4684295654297,140.85580904494128,137.54491133359693,139.69650913090825,69721100,False
2022-12-08,140.14846801757812,141.00322179654424,138.62566097989853,139.8635600853956,62128300,False
2022-12-09,139.66705322265625,143.01725827820258,138.42913927736055,139.84388950557997,76097000,False
2022-12-12,141.9562225341797,141.96604177691333,138.5863633664679,140.1976036561907,70462700,False
2022-12-13,142.9190216064453,147.34010905974955,141.71059523341404,146.87834983755218,93886200,False
2022-12-14,140.6986541748047,144.08815144991274,138.68460028950005,142.80112620848055,82291200,False
2022-12-15,134.10629272460938,139.3133532425607,133.6445335943197,138.63545090272245,98931900,False
2022-12-16,132.15118408203125,135.23611943482993,131.38486361161162,134.29296269794702,160156900,False
2022-12-19,130.04876708984375,132.82914226976905,129.01719178598367,132.7407240993603,79592600,False
2022-12-20,129.97998046875,130.91331820064397,127.61223880809378,129.08593469778208,77432800,False
2022-12-21,133.07472229003906,134.41087369361549,130.42207295695286,130.64803543949063,85928000,False
2022-12-22,129.9111785888672,132.20032094511618,128.0150307307424,131.99401195090732,77852100,False
2022-12-23,129.54766845703125,130.0978457490201,127.3665977700706,128.62415014924704,63814900,False
2022-12-27,127.74977111816406,129.1055760060844,126.46274589439432,129.07610329036513,69007800,False
2022-12-28,123.82972717285156,128.73221899747332,123.66271014073897,127.39606774936588,85438400,False
2022-12-29,127.3371124267578,128.19185099265815,125.49008349000027,125.74551863845645,75703700,False
2022-12-30,127.6514892578125,127.67114272748928,125.19533773599038,126.1581553688859,77034200,False
2023-01-03,122.87673950195312,128.6044974020352,121.99252063798394,127.9953746812147,112117500,False
2023-01-04,124.14411926269533,126.40378887161263,122.88656686996354,124.664823847598,89113600,False
2023-01-05,122.82760620117188,125.5293813261351,122.57217104073682,124.90060516942826,80962700,False
2023-01-06,127.34698486328124,128.00523397524864,122.69993412258552,123.80029655267872,87754700,False
2023-01-09,127.8676528930664,131.07049435820306,127.61221771125116,128.1820484933381,70790800,False
2023-01-10,128.43748474121094,128.95818934117645,125.87325369613974,127.97572556898378,63896200,False
2023-01-11,131.1490936279297,131.1687321095965,128.17222961380045,128.94836939344688,69458900,False
2023-01-12,131.0705108642578,131.90559617413024,129.13505580606935,131.53227009080285,71379600,False
2023-01-13,132.39683532714844,132.55403315564018,129.35120610397337,129.71471296505177,57809700,False
2023-01-17,133.5561065673828,134.88242345634274,131.77784981822288,132.46557135226192,63646600,False
2023-01-18,132.83892822265625,136.1792989256054,132.6620769549058,134.42069543585905,69672800,False
2023-01-19,132.8979034423828,133.86071392112063,131.42420750930626,131.72876893688178,58280400,False
2023-01-20,135.45225524902344,135.59963378756996,131.8662690124696,132.9076780568954,80223600,False
2023-01-23,138.63543701171875,140.80668812964507,135.4817223092692,135.69786549716068,81760300,False
2023-01-24,140.0305633544922,140.64952034187644,137.83967329148908,137.84949253259393,66435100,False
2023-01-25,139.37229919433594,139.93229570032543,136.37578195167205,138.41930821894437,65799300,False
2023-01-26,141.43548583984375,141.72039372676826,139.41159795380088,140.65933109437518,54105100,False
2023-01-27,143.37094116210938,144.64814715401417,140.57092820918845,140.64952711543583,70555800,False
2023-01-30,140.4923553466797,142.99764160460052,140.3449917396537,142.41799142868322,64015300,False
2023-01-31,141.75967407226562,141.8088002532181,139.78492752410364,140.19756045993424,65874500,False
2023-02-01,142.87969970703125,144.03901475780756,138.84178798038548,141.44531098955775,77663600,False
2023-02-02,148.1752166748047,148.52888929698446,145.5716782733727,146.28887274258696,118339000,False
2023-02-03,151.7906494140625,154.62014981197694,145.23761799882098,145.43410775063012,154357300,False
2023-02-06,149.06919860839844,150.4151839414419,148.1358611817687,149.89447943002094,69858300,False
2023-02-07,151.93804931640625,152.50788022677395,147.99837413254576,147.99837413254576,83322600,False
2023-02-08,149.2559051513672,151.86926257026718,148.51905726950346,151.18154087876945,64120100,False
2023-02-09,148.2243194580078,151.62365104865805,147.78221371418798,151.08329292122983,56007100,False
2023-02-10,148.5883331298828,148.9130429093008,146.82704494780745,147.06320160940942,57450700,False
2023-02-13,151.38282775878906,151.7862414824205,148.49980618651492,148.52932389765635,62199000,False
2023-02-14,150.74325561523438,151.30412220458746,148.44078385852455,149.68057287811524,61707600,False
2023-02-15,152.83908081054688,153.00635283510616,150.42837278798947,150.65468023132328,65573800,False
2023-02-16,151.24508666992188,153.82306709582505,150.8908590911332,151.0482818929642,68167900,False
2023-02-17,150.10369873046875,150.5464794908576,148.4309630722788,149.90690894964015,59144100,False
2023-02-21,146.09893798828125,148.87372305726493,146.03006833094608,147.7913568926055,58867200,False
2023-02-22,146.5220489501953,147.54536466728035,144.80011234851025,146.4826819914061,51011300,False
2023-02-23,147.0041961669922,147.92912460701393,144.87884561858365,147.68313363952294,48394200,False
2023-02-24,144.35731506347656,144.82961341599875,143.3831856356865,144.75089452156274,55469600,False
2023-02-27,145.5479278564453,146.7778826433076,145.08546365545735,145.3413038601465,44998500,False
2023-02-28,145.0460968017578,146.689314426437,144.47539603761436,144.6918692589824,50547000,False
2023-03-01,142.9797821044922,144.86899086128216,142.68458995191014,144.4754113339038,55479000,False
2023-03-02,143.5701446533203,144.35731860288683,141.59236804059648,142.06468141879296,52238100,False
2023-03-03,148.60804748535156,148.6867663889097,144.96738452683869,145.66599039801153,70732300,False
2023-03-06,151.36312866210938,153.79352005595112,150.9990669195326,151.32376170858595,87558000,False
2023-03-07,149.1688995361328,151.55992406603715,148.70643540651363,151.23521425072406,56182000,False
2023-03-08,150.41856384277344,151.00894821688513,149.39524794362458,150.35952840818192,47204800,False
2023-03-09,148.1751251220703,152.06177965604292,147.82089750549494,151.09749920529256,53833600,False
2023-03-10,146.1186065673828,148.51948035027368,145.24287949222287,147.8011910673905,68572400,False
2023-03-13,148.05702209472656,150.68420342446277,145.33143838738883,145.43967499711258,84457100,False
2023-03-14,150.14305114746094,150.94005952145656,147.69299059245188,148.8540608128164,73695900,False
2023-03-15,150.53662109375,150.7924462663543,147.51584514285557,148.76548332238644,77167900,False
2023-03-16,153.3507537841797,153.95097226183628,149.20825986230471,149.71992520737962,76161100,False
2023-03-17,152.514404296875,154.2265068856699,151.80594908869074,153.5770871091514,98944600,False
2023-03-20,154.87586975097656,155.28914768903184,151.67798794532857,152.58324769963735,73641400,False
2023-03-21,156.72579956054688,156.8438704472163,154.0297325401581,154.79723834581085,73938300,False
2023-03-22,155.29901123046875,159.53989288471735,155.27932775015748,156.7454392443716,75701800,False
2023-03-23,156.38136291503906,158.9593583364734,155.15140813839363,156.28297554136526,67622100,False
2023-03-24,157.6802215576172,157.76877470893055,155.31871410467124,156.31251228008384,59196500,False
2023-03-27,155.74179077148438,158.19186606543823,155.33836200567538,157.37517430078694,52390300,False
2023-03-28,155.1218719482422,155.9484128704115,153.4786543640599,155.4367475403247,45992200,False
2023-03-29,158.19186401367188,158.46737267599335,156.7946372221569,156.8143056879684,51305700,False
2023-03-30,159.75637817382812,159.8646148025582,158.68386113447403,158.9396863414281,49501700,False
2023-03-31,162.255615234375,162.3540176143248,159.31357325147573,159.8350728342002,68749800,False
2023-04-03,163.5052490234375,163.6233198649464,161.586522778444,161.6357239671043,56976200,False
2023-04-04,162.9739227294922,164.16451047380076,162.46225736922722,163.92836877990578,46278300,False
2023-04-05,161.1339111328125,162.40323287933546,159.20535043705326,162.0982064947886,51511700,False
2023-04-06,162.01950073242188,162.31469290771022,159.40215313314846,159.82525040692016,45390100,False
2023-04-10,159.43165588378906,159.43165588378906,157.51292944566782,158.8314373555464,47716900,False
2023-04-11,158.22140502929688,159.75638637804428,157.93604707794614,159.74655214369014,47644200,False
2023-04-12,157.53260803222656,159.4611686435216,157.21773241416443,158.6346426672523,50133100,False
2023-04-13,162.90504455566406,163.14120127307194,158.83143501847854,159.03807402297244,68445600,False
2023-04-14,162.56065368652344,163.6528540223282,161.19294470872245,161.95058596716467,49386500,False
2023-04-17,162.58035278320312,162.73779061232008,161.39959909302152,162.44259843625022,41516200,False
2023-04-18,163.8004608154297,164.7253892225956,162.99360326395418,163.43639900098648,49923000,False
2023-04-19,164.9418487548828,165.46334834295578,162.8853530999642,163.14119328481948,47720200,False
2023-04-20,163.97755432128906,165.17799130758831,162.9050374280842,163.4265370188754,52456400,False
2023-04-21,162.3737030029297,163.78076396537094,161.85220341407148,162.40322071444277,58337300,False
2023-04-24,162.6787567138672,162.94443117624493,161.26184626664974,162.35404681853836,41949600,False
2023-04-25,161.1437530517578,163.64301445601814,161.1043860925183,162.54097982284455,48714100,False
2023-04-26,161.1339111328125,162.6295403559192,160.1893142654478,160.44513945575562,45498800,False
2023-04-27,165.70936584472656,165.85695442572842,162.54100085037314,162.54100085037314,64902300,False
2023-04-28,166.95895385742188,167.12624089927414,165.18783120394306,165.7880496631181,55275900,False
2023-05-01,166.87042236328125,167.71663185783257,165.9356597273935,166.56539597816914,52472900,False
2023-05-02,165.83726501464844,167.6182522416185,164.8533011388869,167.36241202489828,48425700,False
2023-05-03,164.7647247314453,168.17908009941613,164.47938185396285,166.7818533947913,65136000,False
2023-05-04,163.13134765625,164.36130237503923,161.67508547315035,162.24578626436005,81235400,False
2023-05-05,170.78660583496094,171.504895212846,168.02165491497223,168.23812815446027,113453200,False
2023-05-08,170.7176971435547,171.06209043449635,169.34998823962542,169.71404999386525,55962800,False
2023-05-09,169.01544189453125,170.75704676065035,168.8481698742082,170.27491417680565,45326900,False
2023-05-10,170.77674865722656,171.23921282792068,169.14336520388548,170.24541483030967,53724500,False
2023-05-11,170.9636993408203,171.7902252766967,169.4090348343318,171.0621017201797,49514700,False
2023-05-12,170.0375213623047,171.50564580777203,168.49055408757272,171.07210045600348,45533100,False
2023-05-15,169.54486083984375,170.66813061172948,168.95365989259247,170.61886136031444,37266700,False
2023-05-16,169.54486083984375,170.5991506527755,169.2788189100942,169.4660330445526,42110300,False
2023-05-17,170.15573120117188,170.39219951568867,167.91903983890597,169.19011716888295,57951600,False
2023-05-18,172.48109436035156,172.6683084617715,170.04734111161662,170.4611756877155,65496700,False
2023-05-19,172.58949279785156,173.80143807257875,172.3727201425523,173.80143807257875,55809500,False
2023-05-22,171.64356994628906,172.1460951955022,170.9045763773169,171.4267972966015,43570900,False
2023-05-23,169.0423126220703,170.83561089353927,168.76642289336164,170.58927970470205,50747300,False
2023-05-24,169.3181915283203,169.88968165407772,168.0175707525213,168.57919800904358,45143500,False
2023-05-25,170.45135498046875,171.34798918728478,169.17042964019168,169.87986475065702,56058300,False
2023-05-26,172.85552978515625,173.19055165787438,170.56958397024448,170.77650880236848,54835000,False
2023-05-30,174.69810485839844,176.36330631715728,173.9788219031772,174.36309800636275,55964400,False
2023-05-31,174.64881896972656,176.7180070419873,174.16600441023556,174.72764675708407,99625300,False
2023-06-01,177.44712829589844,177.47668683522244,174.33349851829678,175.0922027756249,68901800,False
2023-06-02,178.29454040527344,179.11236188910445,176.62933889294345,178.37336820267623,61996900,False
2023-06-05,176.94464111328125,182.2358308287415,175.4272324012079,179.949884959394,121946500,False
2023-06-06,176.58004760742188,177.4766816655694,174.82615579439974,177.3288889732544,64848400,False
2023-06-07,175.21044921875,178.55069942371497,174.71778685793004,175.8213457350109,61944600,False
2023-06-08,177.92010498046875,178.18613184931536,174.85574427470908,175.28927455408018,50214900,False
2023-06-09,178.3043975830078,179.5557493602978,177.97923856717878,178.83646640490514,48900000,False
2023-06-12,181.0928497314453,181.19138823156916,178.31424143935143,178.60984190485868,54274900,False
2023-06-13,180.619873046875,181.4475422080245,179.76264534674598,180.1173628493618,54929100,False
2023-06-14,181.2504730224609,181.6840182899738,179.3488035947976,180.67898290027227,57462900,False
2023-06-15,183.2802581787109,183.78278344228747,181.08298811392547,181.2603543936769,65433200,False
2023-06-16,182.20626831054688,184.245897953939,181.56581317602516,183.98970387223915,101256200,False
2023-06-20,182.29495239257807,183.3689679486228,181.70376647980103,181.70376647980103,49799100,False
2023-06-21,181.2603454589844,182.6890633224364,179.91044034391143,182.18653808363035,49515700,False
2023-06-22,184.25572204589844,184.304991288712,180.97458893469445,181.04356888160584,51245300,False
2023-06-23,183.9404296875,184.8075203379306,182.29493904669715,182.8270228675936,53117000,False
2023-06-26,182.55113220214844,185.2903339778169,182.51171079012911,184.0882365039062,48088700,False
2023-06-27,185.30018615722656,185.6253451571229,182.94526040179292,183.1620330683905,50730800,False
2023-06-28,186.4727325439453,187.11318769857849,184.8469525145753,185.17209649255776,51216800,False
2023-06-29,186.80772399902344,187.2806907250245,186.1672688971672,186.3052137668684,46347300,False
2023-06-30,191.1234436035156,191.62595381515632,188.45320690668945,188.8177872891229,85213200,False
2023-07-03,189.63560485839844,191.03476417603324,188.94586551693624,190.93622568872084,31458200,False
2023-07-05,188.52218627929688,190.14796610334872,187.8225990912436,188.75866963191964,46920300,False
2023-07-06,188.99514770507807,189.20207252866172,186.42344937265383,187.05405664400223,45094300,False
2023-07-07,187.8817138671875,189.8425155087971,187.4481836116548,188.6010117511895,46815000,False
2023-07-10,185.8421173095703,187.20187038994516,184.2951501053916,186.48257243692333,59922200,False
2023-07-11,185.3199005126953,186.52199803845545,183.86162393721372,186.3840531601648,46638100,False
2023-07-12,186.985107421875,188.88677723101011,185.7041820658704,186.8964167558296,60750200,False
2023-07-13,187.7437744140625,188.38424453327508,186.99493300399135,187.7043680387378,41342300,False
2023-07-14,187.8915863037109,188.37438582770977,186.8471444335954,187.4383302857117,41616200,False
2023-07-17,191.1431579589844,191.4683169379724,188.9951421376018,189.08381775872684,50520200,False
2023-07-18,190.886962890625,191.4781637647375,189.5961898515042,190.51254970289236,48288200,False
2023-07-19,192.23683166503903,195.32088737822784,189.8227744149821,190.26618250408472,80507300,False
2023-07-20,190.29579162597656,193.58677299126168,189.6750321641012,192.22701989757812,59581200,False
2023-07-21,189.12322998046875,192.10876269219432,188.42364281090323,191.25153499324207,71951700,False
2023-07-24,189.92138671875,192.049692248324,189.4287242369893,190.5717048030419,45377800,False
2023-07-25,190.7785797119141,191.58655325087184,190.08885537064708,190.492842140126,37283200,False
2023-07-26,191.64566040039065,192.7689299936308,190.4829844332044,190.82783906853456,47471900,False
2023-07-27,190.38446044921875,194.30604897209747,189.72429463258095,193.1433729163405,47460200,False
2023-07-28,192.95616149902344,193.7444243627897,191.29096014596897,191.8131810983056,48291400,False
2023-07-31,193.56704711914065,193.6064685292723,192.394508242959,193.18277106210203,38824100,False
2023-08-01,192.73936462402344,193.8429234737508,192.4142056697584,193.36012399442592,35175100,False
2023-08-02,189.75387573242188,192.31571151477112,189.03459274742036,192.17776662675897,50389300,False
2023-08-03,188.36453247070312,189.54691917513856,187.89158079590143,188.7586713954234,61235200,False
2023-08-04,179.31927490234375,184.6301752435833,179.25029494609427,182.79747042079737,115956800,True
2023-08-07,176.22535705566406,180.44254624962392,174.74736976708382,179.4572213905704,97576100,False
2023-08-08,177.16140747070312,177.62451134366992,174.97398514494694,177.05302113799038,67823000,False
2023-08-09,175.57501220703125,178.27479228591488,174.41232123291388,178.21567520898486,60378500,False
2023-08-10,175.35826110839844,178.09746293161143,174.99369573264087,176.8460961883882,54686900,False
2023-08-11,175.41746520996094,176.23639103718068,174.19402209160106,174.95375100085724,52036700,False
2023-08-14,177.06515502929688,177.29208151781367,174.943837241764,175.59503330985302,43675600,False
2023-08-15,175.08200073242188,177.084910024482,174.68734458769583,176.4929258073929,43622600,False
2023-08-16,174.2137451171875,176.15744233651847,174.14467201512105,174.76626971305478,46964900,False
2023-08-17,171.67800903320312,175.14116345073805,171.16494410110627,174.77610583538885,66062900,False
2023-08-18,172.16148376464844,172.76334408254257,169.6652471318657,170.00070631097662,61172200,False
2023-08-21,173.4934844970703,173.77962299820936,171.42151715942626,172.7337706675176,46311900,False
2023-08-22,174.8649139404297,175.30890581271296,173.89799596554266,174.69718434668556,42038900,False
2023-08-23,178.70303344726562,179.1273031269572,175.95027131734813,176.13773826499084,52722800,False
2023-08-24,174.02626037597656,178.6832744289853,173.66118769058747,178.25900483655056,54945800,False
2023-08-25,176.2265167236328,176.7593040006282,173.4737548580186,175.0129348306344,51449600,False
2023-08-28,177.78543090820312,178.1800870283186,176.1673167274641,177.6867593505913,43820700,False
2023-08-29,181.6629943847656,182.4325844218137,177.10465107991652,177.3019791564373,53003900,False
2023-08-30,185.14585876464844,185.34320186637345,182.27470331859436,182.47203136515444,60813900,False
2023-08-31,185.36294555664065,186.59626480914432,184.97815055206613,185.33334709899387,60794500,False
2023-09-01,186.9317321777344,187.38558521498555,185.76747101772168,186.961330634287,45766500,False
2023-09-05,187.1685333251953,187.44479564304945,185.1064270757959,185.7674844117445,45280000,False
2023-09-06,180.4691467285156,186.32988234003625,179.04836051297525,185.88587535630464,81755800,False
2023-09-07,175.1905517578125,175.8318868790433,171.22419235116297,172.84230680208358,112488800,False
2023-09-08,175.80221557617188,177.83473792603073,175.41742065198358,175.9699602080161,65551300,False
2023-09-11,176.9665069580078,177.89396541040293,174.97345890425444,177.6670388917848,58953100,False
2023-09-12,173.9473419189453,177.72623373133553,172.487096210491,177.09477490699047,90370200,False
2023-09-13,171.88523864746094,174.93400012779577,171.65829707262083,174.15453395453247,84267900,False
2023-09-14,173.39479064941406,173.74998712440222,171.26361179948515,171.6780051777774,60895800,False
2023-09-15,172.674560546875,174.14468255030425,171.5004532372104,174.12494522635322,109259500,False
2023-09-18,175.59506225585938,176.98624997924455,173.8190795297471,174.12494029407293,67257600,False
2023-09-19,176.68040466308594,177.23292932503867,174.76629061620125,175.1510856525732,51826900,False
2023-09-20,173.14816284179688,177.3019736755132,173.0593524132158,176.8678428874874,58436200,False
2023-09-21,171.6089324951172,173.9473155673331,171.5398744594861,172.22066895942882,63149100,False
2023-09-22,172.45748901367188,174.7169382879251,171.7273736602944,172.33909518451154,56725400,False
2023-09-25,173.73025512695312,174.60837768157924,171.826002699743,171.87533847239564,46172700,False
2023-09-26,169.66526794433594,172.8620217812148,169.3692683155077,172.4871029695211,64588900,False
2023-09-27,168.1556854248047,170.7308568174817,166.79411110643792,170.31646332448594,66921800,False
2023-09-28,168.41220092773438,169.73431545858824,165.38316183381656,167.0802102082604,56294400,False
2023-09-29,168.92527770996094,170.76045735672912,168.06687727418498,169.7244661753788,51861100,False
2023-10-02,171.43138122558594,171.97404472395215,168.64900568223578,168.93514418826848,52164500,False
2023-10-03,170.09938049316406,171.31297744317223,168.54047825044546,169.96124934298015,49594600,False
2023-10-04,171.3425750732422,171.88523853747708,168.68846972057472,168.80686354725646,53020300,False
2023-10-05,172.57589721679688,173.10868450108188,170.3756448658088,171.47083294671847,48527900,False
2023-10-06,175.1214599609375,175.61478762599208,170.86896284182788,171.48069938400815,57266700,False
2023-10-09,176.6014862060547,176.66068313153215,173.45405252336897,174.450569230968,42390800,False
2023-10-10,176.0094451904297,177.3216985969386,175.5753144327677,175.7233217666065,43698000,False
2023-10-11,177.40065002441406,177.449985807142,175.23001108089,175.82199530812358,47551100,False
2023-10-12,178.29852294921875,179.90676118500224,176.6507950071692,177.6670640281674,56743100,False
2023-10-13,176.4633331298828,179.5022186651883,175.76280113660414,178.99902980590412,51427100,False
2023-10-16,176.33505249023438,176.69024903281087,174.15453745424634,174.39134016768617,52517000,False
2023-10-17,174.7860107421875,176.03906740635364,172.46737941742194,174.2926830064713,57549400,False
2023-10-18,173.4934844970703,175.21027033840411,172.77323025982977,173.23695950912395,54764400,False
2023-10-19,173.1185760498047,175.466805839834,172.85217485644313,173.69082297603654,59302900,False
2023-10-20,170.57301330566406,173.07911173437196,170.33621055796252,172.9705790235715,64244000,False
2023-10-23,170.69137573242188,171.68789221712717,167.66233657820504,168.62926966195786,55980100,False
2023-10-24,171.12550354003906,171.35243005141567,169.1620540054936,170.74070856198065,43816600,False
2023-10-25,168.8167266845703,170.75056262830392,168.37271975850888,169.5863166088348,57157000,False
2023-10-26,164.66293334960938,169.09302189873856,163.45921245305613,168.09649022321696,70625300,False
2023-10-27,165.97515869140625,166.70528904611524,164.60370840247674,164.68264263448572,58499100,False
2023-10-30,168.0175323486328,168.8857938712959,166.61648356307745,166.76449089816728,51131000,False
2023-10-31,168.49114990234375,168.61940486913602,165.65943861592592,167.09010101577766,44846000,False
2023-11-01,171.64842224121094,171.9049471971035,167.84979334743332,168.71805482147735,56934900,False
2023-11-02,175.20040893554688,175.40759814141026,173.118565411641,173.17776232760195,77334800,False
2023-11-03,174.2926788330078,174.46042350768224,171.0367278993792,171.91485064572058,79829200,False
2023-11-06,176.83822631835938,177.03555436857033,173.858538133294,174.02626772873157,63841300,False
2023-11-07,179.39370727539062,180.00542885763969,176.5817331247381,176.78892234542403,70530000,False
2023-11-08,180.4493865966797,181.00191115396063,179.1667317000403,179.91659936077735,49340300,False
2023-11-09,179.97581481933594,181.6629871195562,179.3838155582821,180.5184782994409,53763500,False
2023-11-10,184.1548767089844,184.32284238950197,181.31944959381735,181.75415237279827,66133400,False
2023-11-13,182.5741271972656,183.78930789371245,181.99123723697812,183.5818457400509,43627500,False
2023-11-14,185.18234252929688,185.8442707665973,184.05607409829287,185.43920547847276,60108400,False
2023-11-15,185.74545288085935,187.2175115650197,185.5182274044454,185.5873915048758,53790500,False
2023-11-16,187.4250030517578,188.6599471534048,186.3777577905601,187.28668991537344,54412900,False
2023-11-17,187.40521240234372,188.08690385906573,186.2987074725916,187.95846486721985,50922700,False
2023-11-20,189.1440277099609,189.598493753426,187.59294582194016,187.60281994734132,46505100,False
2023-11-21,188.34378051757807,189.2131859258528,187.45462685911556,189.10451024981845,38134500,False
2023-11-22,189.00572204589844,190.60620477415247,188.53150773289747,189.1835618351496,39617700,False
2023-11-24,187.68185424804688,188.60064536615056,186.970525284031,188.57100791556655,24048300,False
2023-11-27,187.50401306152344,188.37341847212545,186.62473352580105,187.6324520630897,40552600,False
2023-11-28,188.10665893554688,188.77847629228077,187.1187037624085,187.4941315522009,38415400,False
2023-11-29,187.0890655517578,189.77630481775705,186.69388951411068,188.60063575450744,43014200,False
2023-11-30,187.66207885742188,188.0276325161224,185.92328320995225,187.55340318726755,48794400,False
2023-12-01,188.9365692138672,189.25270705783996,186.95076949469112,188.0375263099119,45704800,False
2023-12-04,187.1483459472656,187.7608884211111,185.19219887595256,187.69172432124148,43389500,False
2023-12-05,191.09027099609372,192.05846275973383,187.8892910892655,187.9189436108549,66628400,False
2023-12-06,190.00357055664065,192.41416882595195,189.79609331061303,192.1079050949125,41089700,False
2023-12-07,191.9300842285156,192.65128739108167,191.25826677194576,191.29779342674496,47477700,False
2023-12-08,193.3527374267578,193.629363703371,191.33730018286,191.86091528323507,53406400,False
2023-12-11,190.85321044921875,191.1594892758114,189.1144144313186,190.7840614125706,60943700,False
2023-12-12,192.3647918701172,192.37466599656705,189.41079996137955,190.75441983366463,52696900,False
2023-12-13,195.57562255859372,195.61513413450965,192.50308121236984,192.740180817866,70404200,False
2023-12-14,195.72381591796875,197.21562292408947,193.79730618821,195.63490356313392,66831600,False
2023-12-15,195.1903076171875,196.01029713155145,194.6271659416612,195.1507809689053,128538400,False
2023-12-18,193.53057861328125,194.2616710208328,192.0486455445977,193.7281666741052,55751900,False
2023-12-19,194.5679168701172,194.5777909959987,193.53056080250687,193.7973129513213,40714100,False
2023-12-20,192.4833068847656,195.29897006409448,192.4833068847656,194.52836624027825,52242800,False
2023-12-21,192.33511352539065,194.7062150802908,191.16933361068988,193.7380231930817,46482500,False
2023-12-22,191.26812744140625,193.05632389177535,190.64571085868127,192.82908334808235,37149600,False
2023-12-26,190.7247467041016,191.55462542072405,190.50739536284337,191.2779991818499,28919300,False
2023-12-27,190.8235626220703,191.16935301152336,188.7883770898652,190.1715235726757,48087700,False
2023-12-28,191.2483673095703,192.3153607227681,190.8433020640508,191.80161980345068,34049900,False
2023-12-29,190.2110137939453,192.058485197286,189.42064661751613,191.56450759639276,42672100,False
2024-01-02,183.4040069580078,186.17028459685412,181.6750853181039,184.89581391743903,82488700,False
2024-01-03,182.03076171875,183.6411336613478,181.22063114701328,182.00112426612563,58414500,False
2024-01-04,179.71893310546875,180.88471299934187,178.70134046081682,179.95603270422265,71983600,False
2024-01-05,178.99771118164062,180.5586821654936,177.99988188294327,179.79796753554595,62379700,False
2024-01-08,183.324951171875,183.3644778190013,179.3138557634904,179.89674567111302,59144500,False
2024-01-09,182.9100341796875,182.9199083051763,180.52905841182087,181.7047275700206,42841800,False
2024-01-10,183.9473876953125,184.1548498527509,181.7047250899033,182.12955368013527,46792900,False
2024-01-11,183.3546142578125,184.7970355796361,181.4083411771675,184.2931687458137,49128400,False
2024-01-12,183.68063354492188,184.49076406507768,182.95943045197853,183.81894667336303,40477800,False
2024-01-16,181.4182281494141,182.04062970854807,178.7507369031224,179.96593271976667,65603000,False
2024-01-17,180.4796600341797,180.72664884969063,178.12833676151584,179.08665457169852,47317400,False
2024-01-18,186.3580017089844,186.86185345428623,183.59172402252184,183.8485869578717,78005800,False
2024-01-19,189.25271606445312,189.63801803091337,186.5457281731689,187.04957995238564,68903000,False
2024-01-22,191.5546722412109,192.9773304317233,189.94430011236668,189.98382677043816,60133900,False
2024-01-23,192.8290863037109,193.3922279967128,191.4953558452852,192.67102493067517,42355600,False
2024-01-24,192.15728759765625,194.0146482092326,191.999211146671,193.06620457832125,53631300,False
2024-01-25,191.83128356933597,193.9059957810049,190.78405333725613,192.8686396751704,54822100,False
2024-01-26,190.10232543945312,192.414136839442,189.6281111952244,191.930048470854,44594000,False
2024-01-29,189.420654296875,189.8849944665396,187.29655655692048,189.69728055859,47145600,False
2024-01-30,185.77513122558597,189.48985326642097,185.21200447312103,188.6402109991027,55859400,False
2024-01-31,182.17892456054688,184.84641553917143,182.129538862794,184.7871255668693,55467800,False
2024-02-01,184.60931396484372,184.6982263171025,181.6059367135455,181.77388729281213,64885400,False
2024-02-02,183.6114959716797,185.07366557426653,177.0909850527091,177.6936383802958,102551700,False
2024-02-05,185.41943359375,186.9705305681493,183.60159955655652,185.8837737660224,69668800,False
2024-02-06,187.01991271972656,187.0297868442168,184.5203873987695,184.6092997441792,43490800,False
2024-02-07,187.1285858154297,188.74883163449712,186.33821869210436,188.3437664109805,53439000,False
2024-02-08,186.0517425537109,187.257034106798,185.0934247416245,187.1088468471974,40962000,False
2024-02-09,186.81341552734372,187.941120969739,185.9725760341758,186.6155602859614,45155200,False
2024-02-12,185.1317443847656,186.6353567364104,184.77562606711916,186.3880527684402,41781900,False
2024-02-13,183.04449462890625,184.20189045877692,181.5309955827504,183.76663306878044,56529500,False
2024-02-14,182.16409301757807,183.52921572281525,180.4725423642709,183.32148884677065,54630500,False
2024-02-15,181.87722778320312,182.5004386022798,179.3943014199978,181.57057328309747,65434500,False
2024-02-16,180.3439483642578,182.8565652037317,179.7108507918506,181.44197861733377,49752500,False
2024-02-20,179.60205078125,180.46266385305907,178.0588762686663,179.82956623009554,53665600,False
2024-02-21,180.35385131835935,180.91769653606136,178.71174929095213,179.9779444437335,41371400,False
2024-02-22,182.38172912597656,182.9653779737103,180.49233824441416,181.50132758611664,52292200,False
2024-02-23,180.5517120361328,183.0445255364629,180.26483093781445,183.01485026342843,45119700,False
2024-02-26,179.2063751220703,180.7891116738245,178.70186529911302,180.2747302189796,40867400,False
2024-02-27,180.66050720214844,181.93658908973129,177.62360710096542,179.1470080612827,54318900,False
2024-02-28,179.46353149414062,181.14519536218177,178.18744973320082,180.5417731107642,48953900,False
2024-02-29,178.80078125,180.6011615069905,177.59393659501978,179.31517776545977,136682600,False
2024-03-01,177.72251892089844,178.5831318593588,175.46710804516843,177.61370457626955,73563100,False
2024-03-04,173.21173095703125,174.99230771576262,171.91584529303745,174.25039570154502,81510100,False
2024-03-05,168.285400390625,170.1846930657021,167.7907924514621,168.91849794898403,95132400,False
2024-03-06,167.2961883544922,169.39333632878757,166.86093094295472,169.21526961759642,68587700,False
2024-03-07,167.17747497558594,168.88881413208614,166.67298033709926,167.32585131213037,71765100,False
2024-03-08,168.8888397216797,171.82681238429842,167.11814976227143,167.17750030588184,76267000,False
2024-03-11,170.88706970214844,172.49949666610803,170.19462149789052,171.07502316349817,60139500,False
2024-03-12,171.3618621826172,172.15323790323208,169.16580172767317,171.28272310113206,59825400,False
2024-03-13,169.28456115722656,171.32234396995017,168.9185409250428,170.90687500665857,52488700,False
2024-03-14,171.1343536376953,172.43022407386235,170.19460153541087,171.04532782778392,72913500,False
2024-03-15,170.75845336914062,170.75845336914062,168.45357838204507,169.3240932528417,121752700,False
2024-03-18,171.84657287597656,175.79354941833483,171.64873273149365,173.67662817447325,75604200,False
2024-03-19,174.18112182617188,174.70540499850514,171.1640105835326,172.45988088096897,55215200,False
2024-03-20,176.7432098388672,176.7432098388672,173.2018149693641,173.82502584048726,53423100,False
2024-03-21,169.52194213867188,175.57595436020992,168.9976588629672,175.14069690243886,106181300,False
2024-03-22,170.42208862304688,171.18378897881232,168.22602844508845,169.90769220539175,71160100,False
2024-03-25,169.00755310058594,170.085794876263,167.6226416976105,168.73057383883838,54288300,False
2024-03-26,167.87982177734375,169.5713723598813,167.7512188918725,168.16668772081567,57388400,False
2024-03-27,171.4409942626953,171.72787530814264,168.27550660374618,168.57227437363676,60273300,False
2024-03-28,169.63076782226562,170.37267987636224,168.6712270247615,169.89786038812744,65672700,False
2024-04-01,168.19638061523438,169.40322523760474,167.65230884379906,169.3438746978549,46240500,False
2024-04-02,167.0192108154297,167.51381877100314,166.41578850586058,167.25662806803024,49329500,False
2024-04-03,167.82049560546875,168.83938692190523,166.76204228878962,166.9697692049817,47691700,False
2024-04-04,166.99945068359375,170.0660111961713,166.99945068359375,168.45358430225178,53704400,False
2024-04-05,167.75125122070312,168.55251376624304,167.12804031006615,167.76113794678497,42104800,False
2024-04-08,166.6334228515625,167.37533481002382,166.4256959559663,167.20716991074772,37425500,False
2024-04-09,167.84027099609375,168.24585316442327,166.53451377109624,166.88073030235694,42373800,False
2024-04-10,165.97064208984375,167.2665125006067,165.30786924976792,166.9796465317702,49709300,False
2024-04-11,173.15232849121094,173.56781241373886,166.34653399230652,166.52458559261677,91070300,False
2024-04-12,174.64608764648438,176.43656618963917,172.33132583138607,172.38077455594663,101670900,False
2024-04-15,170.82769775390625,174.72521085075485,170.63974431610336,173.46890241983837,73531800,False
2024-04-16,167.5533905029297,171.88614579113815,166.45536027289515,169.8978273072319,73711200,False
2024-04-17,166.1882781982422,168.80969440593617,166.1882781982422,167.78091646807815,50901200,False
2024-04-18,165.23858642578125,166.8213376077971,164.75388038564228,166.21791541775488,43122900,False
2024-04-19,163.2206268310547,164.60552308162335,162.31054999578998,164.41758473594675,68149400,False
2024-04-22,164.05154418945312,165.45622881020677,162.9930911354229,163.7350029833429,48116400,False
2024-04-23,165.10011291503906,165.24850434331734,163.1414698344962,163.5668404824781,49537800,False
2024-04-24,167.19729614257812,167.47427542099652,164.4176015378687,164.74402954196006,48251800,False
2024-04-25,168.05789184570312,168.77012851479734,166.33665071301928,167.70177351115603,50558300,False
2024-04-26,167.47425842285156,169.49225225997063,167.35554224826544,168.04800546826704,44838400,False
2024-04-29,171.6289825439453,174.13169791183088,171.23330216655395,171.50037962888564,68169400,False
2024-04-30,168.49313354492188,173.10288291918897,168.16669051085722,171.46078102452523,65934800,False
2024-05-01,167.47425842285156,170.84748833564953,167.28630498280754,167.75123767315736,50383100,False
2024-05-02,171.16404724121094,171.54984088638673,169.04712555589578,170.649650682897,94214900,False
2024-05-03,181.40240478515625,184.9833612803204,180.6901681758964,184.6371297001228,163224100,False
2024-05-06,179.7504119873047,182.2135497008928,178.474315136007,180.38350950373416,78569700,False
2024-05-07,180.43295288085935,182.90599233972117,179.3646131175579,181.47163247242835,77305800,False
2024-05-08,180.7693023681641,181.09574539643796,179.49320552179933,180.878116710922,45057100,False
2024-05-09,182.57960510253903,182.6686309202814,180.1461270912472,180.5912712741972,48983000,False
2024-05-10,181.3215789794922,183.34230991411323,180.4102677646858,183.1541015442068,50759500,False
2024-05-13,184.5210723876953,185.3333368917867,182.87674310968825,183.6890076137796,72044800,False
2024-05-14,185.6602020263672,186.52199740854093,184.53096697721372,185.73944844741243,52393600,False
2024-05-15,187.92857360839844,188.84978484549157,185.6007573941714,186.13566691836783,70400000,False
2024-05-16,188.0474548339844,189.29556710780693,187.86916171755817,188.67151097089564,52845200,False
2024-05-17,188.07716369628903,189.0082902438942,187.3936765447615,187.72056236134895,41282900,False
2024-05-20,189.23611450195312,190.10781001398533,187.22528381236825,187.5422694948197,44361300,False
2024-05-21,190.5337829589844,190.91018461353585,189.11727756366656,189.28567056183377,42309400,False
2024-05-22,189.0974273681641,190.999311136132,188.47338639917345,190.45450146899057,34648500,False
2024-05-23,185.1154327392578,189.19652573516208,184.86779330766728,189.1767103485156,51005900,False
2024-05-24,188.1861267089844,188.7804673088457,186.26444256610336,187.0370913918068,36327000,False
2024-05-28,188.196044921875,191.1776178733189,187.31444925751387,189.7016815997372,52280100,False
2024-05-29,188.4932098388672,190.43470949642943,187.72057607583483,187.8196378873868,53068000,False
2024-05-30,189.48373413085935,190.3653296854816,188.82997767974624,188.9587398744387,49889100,False
2024-05-31,190.4347076416016,190.7516933437122,188.1168063750808,189.6323583658605,75158300,False
2024-06-03,192.1978759765625,193.14881785405225,190.7021395503604,191.0785411330533,50080500,False
2024-06-04,192.51487731933597,193.4757194090645,191.2073340206378,192.80213237542048,47471400,False
2024-06-05,194.02052307128903,195.040796246884,193.02996541617088,193.5549597642067,54156800,False
2024-06-06,192.64366149902344,194.64459232913163,192.33659102362645,193.84224299284628,41181800,False
2024-06-07,195.0308990478516,195.08042995429523,192.3068654552658,192.8120444256859,53103900,False
2024-06-10,191.2964782714844,195.4370168860641,190.3356361933404,195.04078477848907,97010200,False
2024-06-11,205.19403076171875,205.20394601258087,191.8017009364241,191.82150120872504,172373300,False
2024-06-12,211.05813598632807,218.12080209568063,204.94638168818943,205.41194501546696,198134300,False
2024-06-13,212.21707153320312,214.70336573665497,209.60200000148347,212.71235034689784,97862700,False
2024-06-14,210.4835968017578,213.13828400218216,209.3048308005582,211.8307557867417,70122700,False
2024-06-17,214.62413024902344,216.88260054537645,210.71143044440285,211.35528688913016,93728300,False
2024-06-18,212.2665863037109,216.5656178731208,210.9887736209857,215.5354294813442,79943300,False
2024-06-20,207.7001037597656,212.2170589696065,206.87795427864967,211.90997342693947,86172500,False
2024-06-21,205.53079223632807,209.88923942625428,205.154375529256,208.40340309586463,241805100,False
2024-06-24,206.1746826171875,210.69162338847192,204.63931513285507,205.758650189802,80727000,False
2024-06-25,207.09588623046875,209.38407188516825,206.64022308060072,207.1751175381149,55549700,False
2024-06-26,211.2364196777344,212.8312181049777,208.6510635966682,209.5029437835443,66213200,False
2024-06-27,212.07839965820312,213.70291360533915,210.34492376459477,212.6628250462321,49772700,False
2024-06-28,208.6312561035156,214.02980761283357,208.3142855019514,213.73263728250333,82542700,False
2024-07-01,214.703369140625,215.4561875080808,209.91897391071572,210.0873668962765,60402900,False
2024-07-02,218.1901397705078,218.29910171758144,213.068958487467,214.1090319376032,58046200,False
2024-07-03,219.45803833007807,219.45803833007807,216.96182895702523,217.92267103394252,37369800,False
2024-07-05,224.20281982421875,224.3117817727132,219.5571019247804,219.5571019247804,60412400,False
2024-07-08,225.66883850097656,225.69855401964364,221.1419830377085,224.94572057418637,59085900,False
2024-07-09,226.5207061767578,227.23390886254344,224.23252052432463,225.7777879719569,48076100,False
2024-07-10,230.7801055908203,230.8791673967792,227.0853299721382,227.13486087511765,62627700,False
2024-07-11,225.4211883544922,230.19566787410835,223.6381817459329,229.20511032654304,64710600,False
2024-07-12,228.36314392089844,230.44332094014865,226.5207061684713,226.7584454352943,53046500,False
2024-07-15,232.18670654296875,234.9899864993383,230.8890784430144,234.24706826366577,62631300,False
2024-07-16,232.6027374267578,234.03904289009893,230.1362436193629,232.7810305355119,43234300,False
2024-07-17,226.7188415527344,229.2744821236097,224.4999869579788,227.2834515580279,57345900,False
2024-07-18,222.06321716308597,228.26411801705945,220.17126344980832,228.10562515807683,66034600,False
2024-07-19,222.1919860839844,224.65848009632384,221.1717129043359,222.6971801635164,49151500,False
2024-07-22,221.84532165527344,225.6292444230493,220.98352612966187,224.86651071890955,48201800,False
2024-07-23,222.8853759765625,224.7971601400939,220.57737479075328,222.25141967209163,39960300,False
2024-07-24,216.4764709472656,222.67737176080064,215.07979609138368,221.88492258576645,61777600,False
2024-07-25,215.43638610839844,218.76466037633443,212.59347540961957,216.86277641061952,51391200,False
2024-07-26,215.9019470214844,217.417498981548,213.9703475571551,216.6349499920164,41601300,False
2024-07-29,216.1793212890625,217.2293100492215,213.71282713597697,214.91140862229943,36311800,False
2024-07-30,216.7340087890625,218.24956072806748,214.07930652606245,217.1203256536185,41643800,False
2024-07-31,219.9830322265625,221.70660788092644,218.5467267386139,219.34907597117163,50036300,False
2024-08-01,216.29818725585935,222.36039574716864,214.97084352071977,222.2514337919132,62501000,False
2024-08-02,217.78399658203125,223.46980270062372,215.65430376795197,217.08069402896652,105568600,False
2024-08-05,207.2939910888672,211.484045462397,194.1492876376104,197.21010696314244,119548600,False
2024-08-06,205.2732696533203,208.0072186015693,199.17144565753836,203.3615005314145,69660500,False
2024-08-07,207.8388214111328,211.62274392073397,204.4412006806638,204.94637966039352,63516400,False
2024-08-08,211.2958526611328,212.17744837655164,206.8581585633277,211.097744151489,47161100,False
2024-08-09,214.1981964111328,214.7330909034816,209.9685109200368,210.09728825409005,42201600,False
2024-08-12,215.7254180908203,217.68898821235916,213.81143620679725,214.27753840147545,38028100,False
2024-08-13,219.43438720703125,220.04923895369575,217.19312608520667,217.19312608520667,44155300,False
2024-08-14,219.8806610107422,221.17979111862687,217.8774142480331,218.7402072098891,41960600,False
2024-08-15,222.8557586669922,223.48053712623224,220.9120118672479,222.7367590108339,46414000,False
2024-08-16,224.1747283935547,224.94825642777528,221.79462933024132,222.0623936904576,44340200,False
2024-08-19,224.01605224609372,224.11522871504155,221.18968933533225,223.84746435464615,40687800,False
2024-08-20,224.63092041015625,225.28544883578485,223.5797163441377,223.8970689622142,30299000,False
2024-08-21,224.52183532714844,226.08872985229075,223.1830436738614,224.64085012661383,34765500,False
2024-08-22,222.6673583984375,226.44574924370923,222.0425798664077,225.9003088690964,43695300,False
2024-08-23,224.9581756591797,226.32673228874265,222.46900358067504,223.78797197411373,38677300,False
2024-08-26,225.2953643798828,225.39454085782168,222.0326640536948,224.87885041051024,30602200,False
2024-08-27,226.13829040527344,226.95149505120295,223.0243400581704,224.1251322421701,35934600,False
2024-08-28,224.611083984375,227.95312221094204,223.80779089178384,226.0292136907944,38052200,False
2024-08-29,227.88372802734372,230.9877673775296,226.98128860061004,228.1911690762387,51906300,False
2024-08-30,227.1002655029297,228.4886453526855,225.59287085733376,228.28039594132483,52990800,False
2024-09-03,220.9219512939453,227.1002642906876,219.335218503661,226.65400042223428,50190600,False
2024-09-04,219.0178680419922,219.94014563997789,215.67581475954933,219.82114598403248,43840200,False
2024-09-05,220.53517150878903,223.60944526365165,219.6823053430495,219.79139340374425,36615400,False
2024-09-06,218.9881134033203,223.3714438451236,217.9468210396507,222.0921370424939,48423000,False
2024-09-09,219.07737731933597,219.4343914347755,214.9122227273444,218.9881275735273,67180000,False
2024-09-10,218.28402709960935,219.64265710486697,214.9320618304677,217.10389659918584,51591000,False
2024-09-11,220.8128662109375,221.2392917639212,216.0824328240824,219.6228241682371,44587100,False
2024-09-12,220.9219512939453,221.69547936785247,217.9964268983011,220.6541869199912,37455600,False
2024-09-13,220.65419006347656,222.18140791181287,220.0690882024533,221.725232442346,36766600,False
2024-09-16,214.5254669189453,215.4179946756504,212.14536768072225,214.74362792854853,59357400,False
2024-09-17,214.99154663085935,215.1006346980314,212.72055067344832,213.96018092212807,45519300,False
2024-09-18,218.8592071533203,220.86245391858552,215.7353297749969,215.7452565018275,59894900,False
2024-09-19,226.97134399414065,227.91347512552952,222.76652771175563,223.1235418425436,66781300,False
2024-09-20,226.3069000244141,231.15633305592988,225.7317097608303,228.06222073119503,318679900,False
2024-09-23,224.5912322998047,227.54650632766104,223.9367039516944,225.454010038184,54146000,False
2024-09-24,225.48377990722656,227.4473651253421,223.85738561877668,226.75316007712863,43556100,False
2024-09-25,224.4920654296875,225.40443143928672,222.1615697374452,223.06400902085235,42308700,False
2024-09-26,225.63253784179688,226.6044036950252,223.54004142995944,225.41436171300208,36636700,False
2024-09-27,225.90028381347656,227.6159429044405,225.41435845997736,226.56473891662023,34026000,False
2024-09-30,231.06707763671875,231.06707763671875,227.74486252768645,228.13162655878588,54541900,False
2024-10-01,224.3334197998047,227.74486962890148,221.88390914906276,227.6159583693189,63285000,False
2024-10-02,224.8986968994141,225.4837987967651,221.16989422947796,224.01608068964856,32880600,False
2024-10-03,223.7978973388672,224.92843958391967,221.46740141968135,223.2722952944607,34044200,False
2024-10-04,224.9185028076172,226.1085447535635,222.27065455992025,226.00936828631615,37245100,False
2024-10-07,219.8509063720703,223.81772316941647,219.4938922550209,222.63759275105315,39505400,False
2024-10-08,223.8970642089844,224.1053136194961,221.3979653574062,222.43925780658088,31855700,False
2024-10-09,227.6357879638672,227.8440525155232,222.96486939830248,223.36154504729691,33591100,False
2024-10-10,227.13992309570312,227.59611368544336,225.285441085757,225.89038125247492,28183500,False
2024-10-11,225.6622772216797,227.5068475039757,225.4540126967509,227.39775944467095,31759200,False
2024-10-14,229.3811798095703,229.8076053434174,226.70358155060512,226.80274288926017,39882100,False
2024-10-15,231.91004943847656,235.51985237359267,230.4423162246621,231.67203496624023,64751400,False
2024-10-16,229.85720825195312,230.19438406287304,227.9332995992129,229.6787087516564,34082200,False
2024-10-17,230.22412109375,231.91003031839952,228.60765355789445,231.49350124327563,32993800,False
2024-10-18,233.05047607421875,234.2206797118992,232.0686835146529,234.2206797118992,46431500,False
2024-10-21,234.5182037353516,234.88514457730523,232.5050454306036,232.5050454306036,36254500,False
2024-10-22,233.90335083007807,234.26036494372264,230.67040061866737,231.94969236544068,38846600,False
2024-10-23,228.8456573486328,233.18932661738796,225.87054472777703,232.13812257917172,52287000,False
2024-10-24,228.65725708007807,228.9051831435476,226.51517225997247,228.0721400698136,31109500,False
2024-10-25,229.4902801513672,231.2852623916401,227.6655479946858,227.8341358984025,38802300,False
2024-10-28,231.46372985839844,232.78269812140084,230.620790456467,231.38440684709025,36087100,False
2024-10-29,231.7315216064453,232.3860500186716,230.3927299983884,231.1662580738538,35417200,False
2024-10-30,228.19114685058597,231.5331852263952,227.64570650368097,230.68031899274527,47070900,False
2024-10-31,224.0359039306641,227.92338265648337,223.5003751779276,227.43744214117888,64370100,False
2024-11-01,221.060791015625,223.4805517303345,218.4426924836225,219.13688241025088,65276700,False
2024-11-04,220.1682586669922,220.94178678396568,217.88735096075072,219.1567312107691,44944500,False
2024-11-05,221.59629821777344,222.09215031274817,219.3054639601429,219.9599923572388,28111300,False
2024-11-06,220.87237548828125,224.19459083458287,219.35506917081852,220.76328741365683,54561100,False
2024-11-07,225.5928649902344,225.9895557457087,222.7070172967094,222.7665171269793,42137700,False
2024-11-08,225.3248291015625,227.01257809039103,224.77878865400956,225.53330763226649,38328800,False
2024-11-11,222.61448669433597,224.07389700260043,219.90415975706796,223.3789433198207,42005600,False
2024-11-12,222.61448669433597,223.96468891324545,221.75075962779928,222.93218846295187,40398300,False
2024-11-13,223.49807739257807,225.0170530189228,221.1550798335016,222.3960739824012,48566200,False
2024-11-14,226.5757293701172,227.2210402122622,223.3789275067786,223.3987876531247,44923900,False
2024-11-15,223.37893676757807,225.28510187679905,222.65420045885568,224.76884409236823,47923700,False
2024-11-18,226.37718200683597,228.08479108540536,223.54770942404784,223.62713486361545,44633700,False
2024-11-19,226.63526916503903,228.50172884142856,225.02694591555104,225.34463247708567,36211800,False
2024-11-20,227.35009765625,228.2733899080337,224.2625040209905,226.4168677573381,35169600,False
2024-11-21,226.87359619140625,228.5017799491732,224.08384369933495,227.2310031211041,42108300,False
2024-11-22,228.21383666992188,229.0577186823492,226.4168797117104,226.4168797117104,38168300,False
2024-11-25,231.19224548339844,231.56951255942457,228.08480637706973,229.7924155701237,90152800,False
2024-11-26,233.366455078125,233.87279036398945,231.6489234928732,231.6489234928732,45986200,False
2024-11-27,233.2373809814453,233.99191506726265,232.12545514826604,232.78070364946956,33498400,False
2024-11-29,235.62008666992188,236.0966241243161,232.2842941914573,233.1182385238603,28481400,False
2024-12-02,237.86380004882807,239.05515126765505,235.4513149668676,235.56052304560976,48137100,False
2024-12-03,240.90174865722656,241.01095673492532,237.17876666593097,238.0822139315433,38861000,False
2024-12-04,241.25917053222656,242.35125137710352,239.51185632927687,241.12017980186528,44383900,False
2024-12-05,241.28895568847656,242.7781485930641,240.38552350615552,242.2321233137982,40033900,False
2024-12-06,241.09039306640625,242.867505033938,240.33587413565132,241.15989600483465,36870600,False
2024-12-09,244.97222900390625,245.45870413211117,240.0082527322972,240.0876781705053,44649200,False
2024-12-10,245.98487854003903,246.4217108653419,243.57237825215392,245.11121388943332,36914800,False
2024-12-11,244.7141265869141,248.99307203962232,244.48577275361333,246.17353693536344,45205800,False
2024-12-12,246.17352294921875,246.9479020514793,243.9099357862414,245.11122473397327,32777500,False
2024-12-13,246.34230041503903,247.4939314395242,244.46591792091505,246.0345362986312,33155300,False
2024-12-16,249.23130798339844,249.56886987487528,245.86573275817128,246.2032946496481,51694800,False
2024-12-17,251.6537322998047,252.0012166921119,247.98039295462075,248.2782345553336,51356400,False
2024-12-18,246.2628936767578,252.4480045680384,245.9551295369763,250.343283238806,56774100,False
2024-12-19,247.99034118652344,250.1844255522996,245.3097967996626,245.71684652457995,60882300,False
2024-12-20,252.65646362304688,253.16278373693368,243.9198625662762,246.2529222682656,147495300,False
2024-12-23,253.43087768554688,253.80812962394884,251.62398284537372,252.93448000183187,40858800,False
2024-12-24,256.3397216796875,256.34962902881983,253.45066898797964,253.64924013847912,23234700,False
2024-12-26,257.15380859375,258.2260444048055,255.77383898408215,256.32980188696064,27237100,False
2024-12-27,253.74855041503903,256.8361595932908,251.23677948504653,255.9724022209019,42355300,False
2024-12-30,250.3829498291016,251.6735866364952,248.94339979921563,250.4127324736,35557500,False
2024-12-31,248.6157989501953,251.4551941340452,247.63292614272083,250.6212497119267,39480700,False
2025-01-02,242.0931396484375,247.3053149666319,240.0777664039773,247.1365264348607,55740700,False
2025-01-03,241.6066436767578,242.42072787413275,240.14723350152744,241.6066436767578,40244100,False
2025-01-06,243.23483276367188,245.54804748087852,241.4477983095151,242.549801627174,45045600,False
2025-01-07,240.4649658203125,243.78089861816605,239.6111612224788,241.22940732447117,40856000,False
2025-01-08,240.951416015625,241.9541489627904,238.32051453305576,240.1770368943837,37628900,False
2025-01-10,235.1435546875,238.42970445265777,231.3212870184269,238.28077607985776,61710900,False
2025-01-13,232.7111968994141,232.9792558543989,228.06492247356016,231.8474698930612,49630700,False
2025-01-14,231.59927368164065,234.41880854341963,230.7951119565212,233.0586839045808,39435300,False
2025-01-15,236.1562042236328,237.2383625727966,232.74098609709984,232.94947976770305,39832000,False
2025-01-16,226.61544799804688,236.29520209930607,226.3871093224655,235.6399687194268,71759100,False
2025-01-17,228.32305908203125,230.6164138035219,226.833866130533,230.44764042021455,68488300,False
2025-01-21,221.0359344482422,222.8031087860845,217.79942737812888,222.38613659782595,98070400,False
2025-01-22,222.2173614501953,222.5052654056773,218.2064601780486,218.2064601780486,64126500,False
2025-01-23,222.0485992431641,225.394314538592,220.69839703644928,223.1208199792776,60234800,False
2025-01-24,221.17495727539065,224.0044302156618,219.814832429481,223.16054806888465,54697900,False
2025-01-27,228.2039337158203,230.47742834163907,222.36629236472388,222.40601266103107,94863400,False
2025-01-28,236.5433807373047,238.4594833656038,229.14705946957608,229.1867797612423,75707600,False
2025-01-29,237.63546752929688,238.1318651456976,232.3240069742682,232.4332150558305,45486100,False
2025-01-30,235.87823486328125,239.0551768362328,235.5009829454289,236.95045561956255,55658300,False
2025-01-31,234.29966735839844,245.40904807772532,231.7581140684966,245.40904807772532,100959800,False
2025-02-03,226.3672332763672,230.15971829856625,224.0738787357251,228.3329787245057,73063300,False
2025-02-04,231.1227569580078,231.4503812363357,225.01705656002383,225.6127398204117,45067300,False
2025-02-05,230.7951202392578,230.9936762657329,226.625383087866,226.88350440739825,39620300,False
2025-02-06,231.53973388671875,232.11555701043588,228.7698263631288,229.6236309743156,29925300,False
2025-02-07,225.98997497558597,232.3140755170278,225.6226304523949,230.92416830424463,39707200,False
2025-02-10,226.25833129882807,229.1803610121675,225.81108525741095,228.1666073624245,33115600,False
2025-02-11,231.19793701171875,233.7919821040532,226.7353950927951,226.8049592810601,53718400,False
2025-02-12,235.42198181152344,235.5114431570428,229.2698195612854,229.7866449882993,45243300,False
2025-02-13,240.053466796875,240.85851264219508,234.12991022790985,235.46171484030373,53614100,False
2025-02-14,243.104736328125,244.0489258287467,239.5168040933544,239.77520922194773,40896200,False
2025-02-18,242.97552490234372,243.6811760890431,240.3615975750387,242.65747382373945,48822500,False
2025-02-19,243.37306213378903,244.5060925083624,241.6735241546838,243.16435439309652,32204200,False
2025-02-20,244.3271942138672,245.271383642118,242.7966000469895,243.4426355672204,32316900,False
2025-02-21,244.0489044189453,247.1697083342209,243.72091995824803,244.44645306890683,53197400,False
2025-02-24,245.5894470214844,247.33868242018207,242.92582237394555,243.43269920852308,51326400,False
2025-02-25,245.52981567382807,248.4717276014541,243.41284686721104,246.4839537806424,48013300,False
2025-02-26,238.890625,243.48237703128345,237.66814851741967,242.83635669602367,44433600,False
2025-02-27,235.84933471679688,240.97779411500133,235.61079643123784,237.9464364184556,41153600,False
2025-02-28,240.3615875244141,240.61005923211764,228.7927454203557,235.5014815283524,56833400,False
2025-03-03,236.57485961914065,242.538180061918,234.66659889731284,240.31186830369816,47184000,False
2025-03-04,234.4877166748047,238.6024227827577,233.2453581153048,236.25684921580157,53798100,False
2025-03-05,234.2988739013672,235.1039197629907,227.82866128733943,233.98082285378285,47227600,False
2025-03-06,233.89138793945312,236.4059203890797,231.73465535282327,233.00682927336524,45170400,False
2025-03-07,237.6085357666016,239.89446338205195,233.3248707174565,233.6727371800736,46273600,False
2025-03-10,226.08935546875,234.7163004144548,222.84929009717771,234.10008031193476,72071200,False
2025-03-11,219.48995971679688,224.4593937721428,216.1206840338927,222.4418047589131,76137400,False
2025-03-12,215.65354919433597,220.39439337943787,213.5962114465992,218.79423505763876,62547500,False
2025-03-13,208.39816284179688,215.51439548794804,207.14587101812543,214.6298369024284,61368300,False
2025-03-14,212.18490600585935,212.6420854575803,208.2988048386841,209.9585940343847,60107600,False
2025-03-17,212.69178771972656,213.9043309003415,208.68642489319868,212.00600336087763,48073400,False
2025-03-18,211.3897857666016,213.83473880015984,210.19712464056028,212.85080057479257,42432400,False
2025-03-19,213.92420959472656,217.4226803637017,212.443312738742,212.91044076829724,54385400,False
2025-03-20,212.79116821289065,216.16044383082547,210.9226561911479,212.6818400591608,48862900,False
2025-03-21,216.9356842041016,217.5021918152461,209.9884097524224,210.26669685360037,94127800,False
2025-03-24,219.38064575195312,220.1260609084734,217.2437950361324,219.64899945464327,44299500,False
2025-03-25,222.38217163085935,222.7300380772677,218.73460889257407,219.42039321145907,34493600,False
2025-03-26,220.1757354736328,223.64440576884627,219.12221792138408,222.1436270366165,34466100,False
2025-03-27,222.4815673828125,223.61459773398053,219.21167130142223,220.0365991694977,37094800,False
2025-03-28,216.56793212890625,222.44180687800483,216.34927581514728,220.31488968867507,39818600,False
2025-03-31,220.77207946777344,224.24073468961828,214.908138255618,215.683368745432,65299300,False
2025-04-01,221.8256072998047,222.31260214779184,217.5618242432653,218.46626491168396,36412700,False
2025-04-02,222.5213165283203,223.8133724100327,219.66886624627367,219.9670353213626,35905900,False
2025-04-03,201.9478912353516,206.22160814156837,200.01974813123203,204.28351646204925,103419000,True
2025-04-04,187.22840881347656,198.65810753704545,186.19475800144227,192.70471987275084,125910900,False
2025-04-07,180.3507232666016,192.96313526897592,173.55252535537636,176.1167553732534,160466300,False
2025-04-08,171.365966796875,189.176417114886,168.175598539417,185.55866963100107,120859500,False
2025-04-09,197.6343994140625,199.38363475051756,170.83920418374143,170.89883496621582,184395900,True
2025-04-10,189.2559356689453,193.5892830219747,181.88129692496372,187.9141974958541,121880000,False
2025-04-11,196.93865966796875,198.32016168749277,184.92257212057936,184.96233608452025,87435900,False
2025-04-14,201.28195190429688,211.63825017625837,199.93026529720836,210.14742002868311,101352900,False
2025-04-15,200.9042816162109,202.26590170954893,198.57859009217825,200.6259945192588,51343900,False
2025-04-16,193.0823974609375,199.47308245703653,191.19400339685228,197.1473909296092,59732400,False
2025-04-17,195.77581787109372,197.6145145196776,193.2314700862815,195.99447418061752,52164700,False
2025-04-21,191.97918701171875,192.6152739871965,188.64966000796989,192.08851517151223,46742500,False
2025-04-22,198.5189666748047,200.3576482646354,194.77200897005903,194.921085932704,52976400,False
2025-04-23,203.3492584228516,206.72846769395252,201.56025903470572,204.7406939661261,52929200,False
2025-04-24,207.09619140625,207.55338601533765,201.6993932641485,203.63746952607696,47311000,False
2025-04-25,208.0006256103516,208.46775361357265,204.9394524859384,205.1084114199,38222300,False
2025-04-28,208.85536193847656,210.2070485309222,206.19175271644127,208.71621839949725,38743100,False
2025-04-29,209.9188537597656,210.94255602883885,207.096203506044,207.41425458581944,36827600,False
2025-04-30,211.2009429931641,212.2743425468257,205.40658118436116,208.02050829648644,52286500,False
2025-05-01,212.0159454345703,213.2483553954001,207.62295230903425,207.80185982414437,57365700,False
2025-05-02,204.0946502685547,205.72462393265195,200.9241491081776,204.8301167579532,101010600,False
2025-05-05,197.6741485595703,202.85230555245,196.99831280299983,201.85841873478097,69018500,False
2025-05-06,197.2964630126953,199.42338015596505,195.81558138809012,196.9983091053983,51216500,False
2025-05-07,195.0502777099609,198.2207789180717,192.0686174137577,197.95242524507103,68536700,False
2025-05-08,196.28271484375,198.82706269335063,193.4898801219913,196.5113045675241,50478900,False
2025-05-09,197.31634521484372,199.31405222350435,196.3323918231404,197.7834732241415,36453900,False
2025-05-12,209.776123046875,210.2538252478288,205.75556156059076,209.95526516858175,63775800,False
2025-05-13,211.9058380126953,212.3735786127325,207.99474788922345,209.4178625594749,51909300,False
2025-05-14,211.30870056152344,212.91095711473224,209.5671180117484,211.4082104531309,49325800,False
2025-05-15,210.43295288085935,211.93569971673276,208.53213606160296,209.93535780893237,45029500,False
2025-05-16,210.24388122558597,211.54759317457453,208.76105751069144,211.33859654598928,54737900,False
2025-05-19,207.77581787109372,208.47244800462508,203.27755371752323,206.9100072183761,46140500,False
2025-05-20,205.86502075195312,207.4672773896924,204.04382108157407,206.6711222878563,42496600,False
2025-05-21,201.1179656982422,206.04415370597744,199.74461367242375,204.18315305948536,59211800,False
2025-05-22,200.39149475097656,201.7748084903006,198.7394754118135,199.7446272097534,46742400,False
2025-05-23,194.33078002929688,196.74908474491085,192.52948833207407,192.738469754576,78432900,False
2025-05-27,199.2470245361328,199.77447409530296,196.4803819774073,197.34620772495165,56288500,False
2025-05-28,199.4560089111328,201.7548957380012,198.9385057789635,199.6251894151235,45339700,False
2025-05-29,198.9882659912109,202.8297005493605,197.5551897560925,202.60081106845576,51396800,False
2025-05-30,199.8839569091797,200.98861863398105,195.8335255231089,198.41106448584637,70819900,False
2025-06-02,200.7298583984375,201.15779807678396,199.15745607510848,199.31669015009305,35423300,False
2025-06-03,202.2923126220703,202.78990771325485,199.99342573046133,200.38154929416936,46381600,False
2025-06-04,201.84446716308597,205.24801554678163,201.1279290627925,201.9340306292736,43604000,False
2025-06-05,199.66500854492188,203.76518718349973,199.18730633012683,202.52119947175677,55126100,False
2025-06-06,202.93917846679688,204.7106157617459,201.07817770068,202.0236053289331,46607700,False
2025-06-09,200.48106384277344,205.0091823144686,199.05794913802785,203.4069254763425,72862600,False
2025-06-10,201.6951904296875,203.36711781582227,199.6053001787652,199.63515466910712,54672600,False
2025-06-11,197.8238983154297,203.51638723180636,197.45568281643992,202.5211970741936,60989900,False
2025-06-12,198.2418670654297,198.71955406677787,196.410720905765,198.12244911144165,43904600,False
2025-06-13,195.50509643554688,199.4062398916536,194.758703844025,198.7693188209708,51447300,False
2025-06-16,197.4656219482422,197.73432753277092,195.6145677161257,196.35101387226533,43020700,False
2025-06-17,194.69900512695312,197.4357781067605,194.2710806409192,196.25149936947125,38856200,False
2025-06-18,195.63446044921875,196.61970405840012,194.1317289512304,194.9975394291991,45394700,False
2025-06-20,200.03321838378903,200.7298484455588,195.9131318065836,197.28649906078425,96813500,False
2025-06-23,200.53082275390625,201.3269779408771,198.00304635957568,200.6602023375907,55814300,False
2025-06-24,199.33660888671875,202.4615056450935,199.2370837881713,201.61558786363423,54064000,False
2025-06-25,200.5905303955078,202.690382284235,199.65504919597095,200.48105886821315,39525700,False
2025-06-26,200.03321838378903,201.66532960796235,198.50063224789568,200.4611428555203,50799100,False
2025-06-27,200.1128387451172,202.24254507531293,199.03803155248616,200.91894034324127,73188600,False
2025-06-30,204.1831512451172,206.39247448465787,198.30157410241037,201.03834688076608,91912800,False
2025-07-01,206.82041931152344,209.17901505124104,205.1484920031366,205.6759415551798,78788900,False
2025-07-02,211.41819763183597,212.3138626915596,207.13887695509675,207.90517762155156,67941800,False
2025-07-03,212.5228729248047,213.6175730473592,210.7912364882436,211.12959751601144,34955800,False
2025-07-07,208.940185546875,215.18997897032483,207.7957228576545,211.65705062020388,50229000,False
2025-07-08,208.99986267089844,210.41303075844317,207.447368579945,209.08944131875765,42848900,False
2025-07-09,210.12445068359372,210.31353924447487,206.22330706177223,208.52219391164948,48749400,False
2025-07-10,211.38836669921875,212.4532123806496,209.01980902189663,209.49749609462276,44443600,False
2025-07-11,210.14434814453125,211.1096837700706,208.8505979590809,209.55718962168865,39765800,False
2025-07-14,207.6165771484375,209.8955712375241,206.54176989733165,208.92027389637036,38840100,False
2025-07-15,208.10423278808597,210.8708604550018,207.915144211828,208.2137043224775,42296300,False
2025-07-16,209.149169921875,211.37838618562168,207.63647661047767,209.28849593835915,47490500,False
2025-07-17,209.0098419189453,210.78127919114968,208.5819022531988,209.5571995447156,48068100,False
2025-07-18,210.1642608642578,210.77132749863404,208.6913836081342,209.85575432940055,48974600,False
2025-07-21,211.4579925537109,214.74212298846783,210.61209006251647,211.07983063398711,51377400,False
2025-07-22,213.36875915527344,213.91611676733493,211.20919838168209,212.1148250502387,46404100,False
2025-07-23,213.11997985839844,214.11517007989065,211.38835859165647,213.96589762082587,46989300,False
2025-07-24,212.7318572998047,214.65258233290425,212.5029677996749,212.87118332406595,46022600,False
2025-07-25,212.85128784179688,214.20474714033003,212.37358560556336,213.66733592091677,40268800,False
2025-07-28,213.02044677734372,213.8166019050196,212.03520309848784,213.00053872316795,37858000,False
2025-07-29,210.2538146972656,213.77678093648743,209.8059821935656,213.14980632007004,51411700,False
2025-07-30,208.04449462890625,211.3684259373732,206.720889966108,210.88077731884883,45512500,False
2025-07-31,206.5716552734375,208.8307262926637,206.16362361105087,207.48722851572543,80698400,False
2025-08-01,201.40658569335935,212.5527122409286,200.5308135095244,209.85574027592585,104434500,False
2025-08-04,202.37193298339844,206.88014336875773,200.70995198839023,203.52634207300895,75109300,False
2025-08-05,201.9439849853516,204.35234334482283,201.18764593221573,202.42167200915333,44155100,False
2025-08-06,212.22430419921875,214.3440641251077,204.60114383647723,204.6409599471833,108483100,False
2025-08-07,218.9716796875,219.78774287041324,215.5382768294147,217.8272171299369,90224800,False
2025-08-08,228.24688720703125,229.88894502591432,218.19545972697716,219.7678621255926,113854000,False
2025-08-11,226.3438720703125,228.71511750604432,223.9327805410339,227.08115402328403,61806100,False
2025-08-12,228.80479431152344,229.95057099439725,226.23430307406312,227.1708307452597,55626200,False
2025-08-13,232.4712677001953,234.1351197052745,229.5819315694875,230.21959074533876,69878500,False
2025-08-14,231.9232940673828,234.2546784716922,230.00040438081012,233.1985820425246,51916300,False
2025-08-15,230.7376708984375,233.41777326838445,228.4959516198378,233.1388049743693,56038700,False
2025-08-18,230.04022216796875,232.2620105258568,229.26309412883964,230.8472385776313,37476200,False
2025-08-19,229.71145629882807,232.0129522601839,228.50591803460907,230.42880766374827,39402600,False
2025-08-20,225.1781768798828,229.6217687789582,224.93906991665557,229.1335667246527,42263900,False
2025-08-21,224.07228088378903,225.68632903786573,222.9564077521854,225.4372491279448,30621200,False
2025-08-22,226.92176818847656,228.24687520672327,224.5804260275464,225.3376235225593,42477800,False
2025-08-25,226.323974609375,228.456098045362,225.3973894325087,225.6464693442017,30983100,False
2025-08-26,228.46603393554688,228.64537936019505,223.8630424721864,226.03501179732245,54575100,False
2025-08-27,229.6417236328125,230.050203138926,227.41991984776428,227.7686378094015,31259500,False
2025-08-28,231.7040863037109,232.55096405412047,228.4959359400532,229.9704999102399,38074700,False
2025-08-29,231.2856292724609,232.52107103838583,230.51845893056876,231.65426265633036,39418400,False
2025-09-02,228.87454223632807,230.00038826150748,226.1346633063032,228.4062708029861,44075600,False
2025-09-03,237.5923309326172,237.9709372370204,233.49745685978084,236.33697373754435,66427800,False
2025-09-04,238.8975067138672,239.0170601981439,235.8687018920251,237.5723998534893,47549400,False
2025-09-05,238.80784606933597,240.43185187342493,237.61226559630575,239.1167027112504,54870400,False
2025-09-08,237.0045166015625,239.2661511981365,235.4701758698508,238.41928864081729,48999500,False
2025-09-09,233.4875030517578,237.9011915581232,232.5011411802574,236.12774389612645,66313900,False
2025-09-10,225.95530700683597,231.5645910114476,225.1184022225352,231.3354417686907,83440800,False
2025-09-11,229.18341064453125,229.60186307827533,225.81584532196928,226.04500979013488,50208600,False
2025-09-12,233.2085418701172,233.6469097348115,228.17712472443904,228.37638560886936,55824200,False
2025-09-15,235.828857421875,237.31337916896248,234.16500543557729,236.12775635652343,42699500,False
2025-09-16,237.2735137939453,240.3322223551857,235.45026224943368,236.30708253667356,63421100,False
2025-09-17,238.1104431152344,239.21635855568803,236.8550706028844,238.09051246512183,46508000,False
2025-09-18,237.0045166015625,240.31228984200703,235.77903252032195,239.08682096339743,44249600,False
2025-09-19,244.59646606445312,245.3935247988757,239.32594197772087,240.3421770415445,163741300,False
2025-09-22,255.13751220703125,255.69547916115812,247.2068166293636,247.38616206443075,105517400,False
2025-09-23,253.49359130859372,256.3928850249964,252.646728760892,254.9382669065294,60275200,False
2025-09-24,251.38140869140625,254.7987929994329,250.11607847800005,254.2807025242173,42303700,False
2025-09-25,255.9246063232422,256.22352044118514,250.7836088309123,252.27808820484515,55202100,False
2025-09-26,254.51980590820312,256.6519291955366,252.84598111295836,253.1648106749593,46076300,False
2025-09-29,253.49359130859372,254.06150078407973,252.07881928540596,253.62311772285491,40127700,False
2025-09-30,253.69287109375,254.97811672142572,252.17846100632588,253.9220203508673,37704300,False
2025-10-01,254.5098419189453,257.83756097799323,253.9917514638179,254.10134722927504,48713900,False
2025-10-02,256.18365478515625,257.229778167004,253.2146115335708,255.6356607808825,42630200,False
2025-10-03,257.07037353515625,258.2858846694617,253.01536064819075,253.73271197999827,49155600,False
2025-10-06,255.7452850341797,258.1165305885388,254.1113214696764,257.0404883747525,44664100,False
2025-10-07,255.5360870361328,256.4526841311554,254.48993311029045,255.86485915808865,31955800,False
2025-10-08,257.1102294921875,257.5685279874928,255.16739414069707,255.5758888188916,36496900,False
2025-10-09,253.10501098632807,257.0504430809132,252.20832947523732,256.86113993459566,38322000,False
2025-10-10,244.3673095703125,255.436420799504,243.10197943699816,254.00171816056968,61999100,False
2025-10-13,246.7485198974609,248.7710475029622,244.6562426215344,248.46219085423505,38142900,False
2025-10-14,246.8581085205078,247.93413549962375,243.79940008876653,245.69241642712316,35478000,False
2025-10-15,248.42233276367188,250.8932163906544,246.559219921403,248.5717898296712,33893600,False
2025-10-16,246.53929138183597,248.1234359576197,244.22783772705108,247.33635013275975,39777000,False
2025-10-17,251.36148071289065,252.4474806979352,246.3599669580113,247.1072067041429,49147000,False
2025-10-20,261.2748413085937,263.4069798400544,254.68918336894043,254.94822099113512,90483000,False
2025-10-21,261.8028869628906,264.3136317818121,260.86634411857244,260.9161783410852,46695900,False
2025-10-22,257.49884033203125,261.882640960004,254.48993535873984,261.68336485657886,45015300,False
2025-10-23,258.6246643066406,259.66084534801524,257.06046542540827,258.9833552231903,32754900,False
2025-10-24,261.85272216796875,263.15789839957887,258.22610426270086,260.2287163700197,38253700,False
2025-10-27,267.8206787109375,268.1295353654346,263.67598537979285,263.90514984178776,44888200,False
2025-10-28,268.0099792480469,268.8967183092297,267.1631014853557,268.00000632210845,41534800,False
2025-10-29,268.7073974609375,270.4110953948544,266.1269030442272,268.28892986747474,51086700,False
2025-10-30,270.4011535644531,273.131090148023,267.4919171420092,270.98897852374654,69886500,False
2025-10-31,269.3749084472656,276.29934139392066,268.1693703205502,275.97053891965146,86167100,False
2025-11-03,268.0597839355469,269.8531775103368,265.2701011373342,269.42476736726525,50194600,False
2025-11-04,269.0461730957031,270.49081837885313,266.6350661079627,267.3424445625432,49274800,False
2025-11-05,269.1457824707031,270.7000385630725,265.94757476828966,267.6213843438783,43683100,False
2025-11-06,268.7771301269531,272.3937751745226,266.90407480138714,266.90407480138714,51204000,False
2025-11-07,267.4819030761719,271.2878509444664,265.78814772800683,268.8069946610708,48227400,False
2025-11-10,268.6985778808594,272.98692304032335,266.733924572705,268.2298525605972,41312400,False
2025-11-11,274.5028076171875,275.16101963639426,269.0675899882029,269.07757258136417,46208300,False
2025-11-12,272.7276916503906,274.9815668240292,270.96250711171905,274.2535373864602,48398000,False
2025-11-13,272.20904541015625,275.9488654308047,271.3513641926929,273.3658696206449,49602800,False
2025-11-14,271.6705322265625,275.21088338895913,268.8681625557137,270.3142081927936,47431300,False
2025-11-17,266.73394775390625,269.7557213346742,265.00866346949266,268.0902717401977,45018300,False
2025-11-18,266.7139892578125,269.97510130800674,264.59974924229334,269.25705465795,45677300,False
2025-11-19,267.8309936523437,271.47107967039307,264.77930243197466,264.80921977983166,40424500,False
2025-11-20,265.5272521972656,274.68232536305425,265.1981613886433,270.0948061865016,45823600,False
2025-11-21,270.75299072265625,272.5879921198442,264.9488130991126,265.2280517805383,59030800,False
2025-11-24,275.1710205078125,276.24807542504453,270.164627965921,270.164627965921,65585800,False
2025-11-25,276.2181396484375,279.6188865292943,274.5028075356392,274.52274228722064,46914200,False
2025-11-26,276.7966003417969,278.7712367451818,275.8791146523587,276.2082055022192,33431400,False
2025-11-28,278.0930480957031,278.242634823177,275.2407959413455,276.50736791500816,20135600,False
2025-12-01,282.3315124511719,282.65065109438723,275.3904143522869,277.2553332443013,46587700,False
2025-12-02,285.4131164550781,286.619823290159,281.86278279875575,282.231773534172,53669500,False
2025-12-03,283.378662109375,287.8365294074879,282.5309633672564,285.4231155973949,43538700,False
2025-12-04,279.9380187988281,283.95707766942763,277.8337308175164,283.3287830094401,43989100,False
2025-12-05,278.0232238769531,280.37683325787106,277.2951945750906,279.77845592816414,47265800,False
2025-12-08,277.1356506347656,278.9108174051644,275.4003533668138,277.374989388386,38211800,False
2025-12-09,276.4275817871094,279.2698514894354,276.16830825817004,277.40493251311347,32193300,False
2025-12-10,278.0232238769531,278.9905919368044,275.68957968235776,276.9960211276047,33038300,False
2025-12-11,277.2752685546875,278.8310314000742,273.0667227973629,278.34237127554803,33248000,False
2025-12-12,277.5245666503906,278.4620173164318,276.06853855760204,277.14559334691864,39532900,False
2025-12-15,273.3658752441406,279.3894873363706,272.0993337942639,279.3894873363706,50409100,False
2025-12-16,273.8645324707031,274.752131096348,271.0522107383373,272.07941349564567,37648600,False
2025-12-17,271.10205078125,275.41033087528734,270.9026119684932,274.2634587890498,50138700,False
2025-12-18,271.4511413574219,272.88723490520505,266.22537510199504,272.8672697170699,51630700,False
2025-12-19,272.9271240234375,273.8545921928022,269.1673383776201,271.4112306527045,144632000,False
2025-12-22,270.23443603515625,273.13654030849926,269.7756932559407,272.1192896847017,36571800,False
2025-12-23,271.62066650390625,271.7603010837797,268.8282792538215,270.1048034873943,29642000,False
2025-12-24,273.06671142578125,274.6823088952694,271.46109654935304,271.60070067851706,17910600,False
2025-12-26,272.6578674316406,274.6225212124231,272.1193247047194,273.4158142002898,21521800,False
2025-12-29,273.0168762207031,273.6152231466168,271.6107000753325,271.9497734782625,23715200,False
2025-12-30,272.33868408203125,273.3359694836473,271.54086793463244,272.06942798009953,22139600,False
2025-12-31,271.1220092773437,272.9370761103812,271.0123224859311,272.3187639976345,27293600,False
2026-01-02,270.2743530273437,277.0857995993762,268.2697994337228,271.52095990203577,37838100,False
2026-01-05,266.5345458984375,270.7730094869922,265.41759095171795,269.9053759278346,45647200,False
2026-01-06,261.6478271484375,266.8237416838396,261.4084883511094,266.27524679504927,52352100,False
2026-01-07,259.6233215332031,262.96423405428067,259.10474402829175,262.485556491205,48309800,False
2026-01-08,258.3368225097656,258.58614386359903,255.0058776573516,256.3222864925608,50419300,False
2026-01-09,258.6659240722656,259.5036402038468,255.52448097015204,258.3767027680543,39997000,False
2026-01-12,259.54351806640625,260.5906555331263,256.1028713590674,258.45648066308013,45263800,False
2026-01-13,260.34136962890625,261.0993163539261,257.68861696081353,258.01770778709204,45730800,False
2026-01-14,259.2543029785156,261.1092696408236,256.0131254420647,258.78557762508564,40019400,False
2026-01-15,257.50909423828125,260.3314293980394,256.352239344094,259.94247342351326,39388600,False
2026-01-16,254.8363342285156,258.1971811198186,254.23795690818105,257.1998957308392,72142800,False
2026-01-20,246.0303192138672,254.09835490933511,242.75922413209136,252.04394930256512,80267500,False
2026-01-21,246.9777374267578,250.87712721718017,244.51444112970407,248.02489020045317,54641700,False
2026-01-22,247.67584228515625,250.31864258405668,247.47637302553755,248.52352576906395,39708300,False
2026-01-23,247.36666870117188,248.73296007338791,244.0157890837153,246.6486371992728,41689000,False
2026-01-26,254.71669006347656,255.86356228737432,249.121917868832,250.7973501838168,55969200,False
2026-01-27,257.56890869140625,261.2389423700868,257.5090739976807,258.4664899667647,49648300,False
2026-01-28,255.74388122558597,258.1572949521919,253.81911240916085,256.9505880888889,41288000,False
2026-01-29,257.5788879394531,258.94516415300217,253.7193980705993,257.29964922744847,67253000,False
2026-01-30,258.7756652832031,261.1890792690021,251.4954625126288,254.4773517832236,92443400,False
2026-02-02,269.27703857421875,269.7557160843994,258.50633807413067,259.3241194003358,73913400,False
2026-02-03,268.7485046386719,271.1419837262723,266.88355520832346,268.4692659190308,64394700,False
2026-02-04,275.7394104003906,278.19275421850585,271.5508302866565,271.5508302866565,90545700,False
2026-02-05,275.1610412597656,278.7412924914769,272.48832346973,277.37501624935936,52977400,False
2026-02-06,277.364990234375,280.1474248180158,276.1782182606431,276.3677049075235,50453400,False
2026-02-09,274.1307983398437,277.70443813431814,271.2160169672847,277.41494619870406,44623400,False
2026-02-10,273.19244384765625,274.87943562430115,272.4537718732244,274.4003102195724,34376900,False
2026-02-11,275.0092163085937,279.6808719096702,273.9610989943363,274.2106536370846,51931300,False
2026-02-12,261.2637939453125,275.22886395053104,259.7165366668213,275.0990906441112,81077200,False
2026-02-13,255.3243560791016,261.7628783299504,254.9949421084194,261.5432690161623,56290700,False
2026-02-17,263.4099426269531,265.8156532326085,255.08478749757865,257.5903108294174,58469100,False
2026-02-18,263.8791198730469,266.3447212846438,261.9825104325609,263.1304558468116,34203300,False
2026-02-19,260.11578369140625,264.00886051677537,259.5867290635135,262.1322047157328,30845300,False
2026-02-20,264.1086730957031,264.2783836675007,257.7001265171608,258.50868117461044,42070500,False
2026-02-23,265.705810546875,268.95002088588865,262.91081074777924,263.0206001676805,37308200,False
2026-02-24,271.6552429199219,274.4003442568012,267.233111068832,267.38283777638213,47014600,False
2026-02-25,273.74151611328125,274.45024283739696,270.567157599074,271.29586819299504,33714300,False
2026-02-26,272.4637756347656,275.61811956353745,270.3175813011377,274.4602128097023,32345100,False
2026-02-27,263.7093811035156,272.3240124520744,262.4217010495403,272.3240124520744,72366500,False
2026-03-02,264.2484130859375,266.0551862059976,259.73647625260065,261.94253069595567,41827900,False
2026-03-03,263.2801818847656,265.08695529305965,259.6666350681776,263.0106738027697,38568900,False
2026-03-04,262.0523376464844,265.67587606267574,260.9543215497597,264.17854815272653,39803100,False
2026-03-05,259.8263244628906,261.09405110124777,256.79173142961054,260.3254337562426,49658600,False
2026-03-06,257.0013427734375,258.3090066542827,253.916851068475,258.16927189629365,41120000,False
2026-03-09,259.41705322265625,260.68477987096253,253.2280857512349,255.2345148744848,38218500,False
2026-03-10,260.3653564453125,262.01244158439727,256.4922936817907,257.19102845716964,30590800,False
2026-03-11,260.3453674316406,261.6630231774062,259.08760235948154,260.62486739620806,26218900,False
2026-03-12,255.30438232421875,258.48871731031414,253.72719511663237,258.1992253881205,40794000,False
2026-03-13,249.6744384765625,255.87336762960535,249.0755164384504,255.024890934378,36930000,False
2026-03-16,252.36964416503903,253.43773019062647,249.4348789230203,251.66090222791988,32074200,False
2026-03-17,253.7771148681641,254.67552076289968,251.7307636559193,252.5093881906664,32361600,False
2026-03-18,249.4947662353516,254.48585937367065,248.5564382882904,252.1799767808244,35757900,False
2026-03-19,248.5165252685547,251.3814079598573,246.85947863088072,248.95572868612365,34864100,False
2026-03-20,247.54823303222656,248.75606899357115,245.56177255944445,247.53824109812177,88331100,False
2026-03-23,251.04200744628903,254.1464679788293,249.83415620831627,253.51758537106093,40546100,False
2026-03-24,251.1917266845703,254.3760464402864,249.10545347620703,249.9040313986812,45152300,False
2026-03-25,252.16998291015625,254.5457480998694,251.15181088451408,253.6473574345128,28476700,False
2026-03-26,252.43951416015625,256.5421934269488,250.32329549316128,251.67088153367663,41796700,False
2026-03-27,248.35679626464844,255.03488128462607,247.6281009352486,253.4477020992108,47900000,False
2026-03-30,246.19065856933597,250.4230956915925,245.07264337813007,249.62453299565456,39446200,False
2026-03-31,253.337890625,255.02488248828536,246.65982101631488,247.46837564153284,49598100,False
2026-04-01,255.17462158203125,255.7236296181179,252.8787157917901,253.62737973002484,40059400,False
2026-04-02,255.464111328125,255.6737439434535,250.20349485503917,253.7471740568136,31289400,False
2026-04-06,258.3988342285156,261.6929736576745,256.003115847535,256.053045051996,29329900,False
2026-04-07,253.0484161376953,255.7436185540334,245.2623079794448,255.7036812801697,62148000,False
2026-04-08,258.43878173828125,259.2872736156141,256.0730086009651,257.98960165960847,41032800,False
2026-04-09,260.02593994140625,260.6548225010532,255.6138310165902,258.5386040524215,28121600,False
2026-04-10,260.0159912109375,261.7229364827484,258.5585701252562,259.5168819122501,31291500,False
2026-04-13,258.73828125,259.71651601158027,256.2027973984465,259.2673359057164,36234700,False
2026-04-14,258.368896484375,261.4633801130582,256.73183388682423,258.7881616833941,48370700,False
2026-04-15,265.95538330078125,266.08515659729386,257.35074355126085,257.7001261657452,49913500,False
2026-04-16,262.9307556152344,266.6840670491935,260.804545264895,266.3246925362851,43323100,False
2026-04-17,269.7486267089844,271.8149160854778,266.24486962975914,266.4844323486072,61436200,False
2026-04-20,272.5635681152344,273.7913879220191,269.80850557942483,269.84841238867654,36590200,False
2026-04-21,265.69586181640625,272.3140256362382,264.9272139873882,271.0163536236942,50209800,False
2026-04-22,272.68341064453125,273.2523721409737,266.39461467279705,267.3429346055621,43249200,False
2026-04-23,272.9429016113281,275.2787294551341,271.1660737405759,274.56001085217736,33399600,False
2026-04-24,270.5771179199219,272.5735550213531,269.16962610782736,272.2741016414235,38157100,False
2026-04-27,267.1332702636719,267.88193422863776,264.59781690250213,265.6159889280984,41466800,False
2026-04-28,270.2277526855469,272.7432830913257,268.181416710472,271.8548539018017,40018900,False
2026-04-29,269.688720703125,270.5571659728108,266.56429174844374,267.07336249706583,30047900,False
2026-04-30,270.8666381835937,275.50834883767226,267.6623648300734,270.018146234023,91848200,False
2026-05-01,279.6409606933594,286.7083346607987,277.87409435408995,278.36321169794013,79915400,False
2026-05-04,276.3368530273437,280.13010214166496,274.3703610857382,279.16182884121525,46668400,False
2026-05-05,283.6737670898437,284.0630869835518,276.00745521106614,276.43668191704,49311700,False
2026-05-06,286.9978332519531,287.5168959460148,280.5693031693742,281.4177950537395,58336100,False
2026-05-07,286.9279479980469,291.60959552514373,285.2709015174152,288.7546745760609,45224300,False
2026-05-08,292.7974853515625,294.2349225642168,289.48339230776435,289.49338424193445,52692800,False
2026-05-11,292.42779541015625,293.6267735875138,289.979924827367,291.72841688276577,42247300,False
2026-05-12,294.54595947265625,295.0155556946294,292.3078994315659,292.3078994315659,45748100,False
2026-05-13,298.6124572753906,300.6607090744109,293.24708951115105,293.24708951115105,52684300,False
2026-05-14,297.9530334472656,300.1911240450107,295.12548538387824,299.5616620172475,35324900,False
2026-05-15,299.9713134765625,302.93875555297063,296.26448829773227,297.643304079477,54862800,False
2026-05-18,297.5833435058594,300.4009207908792,294.6558756451712,299.98126929450746,34483000,False
2026-05-19,298.7123718261719,300.2510533099592,296.09463441963413,296.7140952726279,42243600,False
2026-05-20,301.98956298828125,302.5390768782648,297.82314269813475,297.9230626302997,38229800,False
2026-05-21,304.7271728515625,305.27671719779084,300.1411318265125,300.80056674721834,42965100,False
2026-05-22,308.55389404296875,311.13165741506583,305.5764509618376,305.85620846339293,43670200,False
2026-05-26,308.0643005371094,311.5513139598484,307.4048960873393,309.2932516306072,48000500,False
2026-05-27,310.5821533203125,312.9900803339556,308.0343323058515,308.0643052358437,50430900,False
2026-05-28,312.24072265625,312.5304508120942,309.30325358892543,310.412282475935,48220400,False
2026-05-29,311.7911071777344,314.7285763294451,309.2632884033746,311.5113496628706,70026800,False
2026-06-01,306.0460510253906,310.6720662449624,304.7571540774977,309.363197507879,48849900,False
2026-06-02,314.92840576171875,315.1781903378333,306.42572903356995,307.1950545511415,44534700,False
2026-06-03,309.9926452636719,316.6668815001487,308.5838566628498,313.9092501546009,50836700,False
2026-06-04,310.9618225097656,313.26982953176514,309.3831669286496,312.96009909963743,44869100,False
2026-06-05,307.0751647949219,314.8984348439246,306.8853260765596,312.5903972939029,65310500,False
2026-06-08,301.2801818847656,317.1265012321255,300.9105055796523,308.4739595974908,77949100,False
2026-06-09,290.29962158203125,300.4908444635933,287.5320194610898,300.0212482417878,70108800,False
2026-06-10,291.3287353515625,294.4960172141002,287.1323727394638,290.4894628291428,52793300,False
2026-06-11,295.375244140625,296.7440586571729,289.3404406054596,293.4668864344149,42572500,False
2026-06-12,290.879150390625,296.88398158337014,289.3704417369658,295.7749221682621,38742100,False
2026-06-15,296.1645812988281,297.5233947188816,291.4486474146935,293.8665449684006,45732600,False
2026-06-16,298.9821472167969,300.2210994929347,293.71669913987887,294.99559499590845,39874400,False
2026-06-17,295.6949768066406,301.8096980081642,294.10632015937927,300.59074812548096,42745100,False
2026-06-18,297.7532043457031,300.31099586682666,295.3652492546472,297.8530937792582,85962200,False
2026-06-22,296.75408935546875,302.1594314563154,296.5043047694293,297.05381866220307,44879900,False
2026-06-23,294.04638671875,301.3800886038737,293.9264950024863,297.2836155142734,52010900,False
2026-06-24,292.8274230957031,299.4417438827621,292.68755959702736,295.1054570720635,53081900,False
2026-06-25,274.91290283203125,288.55113481081804,273.5141152813601,287.1523472601469,107013700,False
2026-06-26,283.53546142578125,285.70360492137456,273.9737007161028,274.7630284991681,261775500,False
2026-06-29,281.4972229003906,288.12151489662153,279.6088673150861,286.4829438934296,66427000,False
2026-06-30,289.11065673828125,289.69017405322865,280.45814550695326,280.9277417485351,65100200,False
2026-07-01,294.1263427734375,296.33442991747245,288.95081360688545,293.1871503157195,50164200,False
2026-07-02,308.3640441894531,309.15337194761725,293.4269150966668,293.866538367699,75352800,False
2026-07-06,312.3905944824219,313.9292760509671,306.7354678654279,307.0951430290638,53590000,False
2026-07-07,310.3923034667969,315.2081573213481,309.88273318392555,315.0183186077797,42490000,False
2026-07-08,313.1199645996094,314.5487250421545,306.7854009831778,311.6412289475945,41323500,False
2026-07-09,315.947509765625,316.2572401947346,307.8944576262147,310.24243869469103,48124500,False
2026-07-10,315.0483093261719,316.6369356310425,311.9010296470402,314.4488202226986,34132300,False
2026-07-13,317.0365600585937,323.171283634363,315.5078797345754,316.7468014245228,43257800,False
2026-07-14,314.58868408203125,315.91755515351207,311.64124426456783,313.48965629761443,36336800,False
2026-07-15,327.2178039550781,328.44675508114506,317.0465830462295,317.34631234952286,60957600,False
2026-07-16,332.97283935546875,334.3915986652446,326.50841333986017,327.72736328456057,62970600,False
2026-07-17,333.452392578125,334.7013154010385,328.7164869908464,331.693929977533,63407100,False
2026-07-20,326.3085632324219,333.4224228207836,323.4010672140761,333.2226134619852,53468000,False
2026-07-21,327.45758056640625,329.3159936819017,321.94234806189104,322.85156758462244,41338900,False
2026-07-22,325.60919189453125,328.7164973399543,323.0613709608057,327.58746619388995,38755900,False
2026-07-23,321.3828430175781,323.0214140443725,319.0748358849152,321.4527900194849,40840800,False
2026-07-24,332.7330322265625,334.0818750563203,321.3428614810286,321.5127284115298,47489400,False
2026-07-27,336.61968994140625,339.277401491225,333.73216560461384,334.2517370375488,49604300,False
2026-07-28,339.78692626953125,342.59453283396704,335.31080637618777,339.73698155301014,51859000,False
2026-07-29,337.8985900878906,344.2730974331505,337.0593175600121,339.43727163464206,56090800,False
2026-07-30,333.1426696777344,334.4615395264105,329.30598233808786,332.8129674612056,74817800,False
2026-07-31,308.6438293457031,310.4222943774597,299.7415030462749,304.5473560391476,132489100,False
2026-08-03,303.1585693359375,311.5313230344714,302.29929450581176,309.313234694189,75052000,False
2026-08-04,309.1134033203125,310.1525156602479,301.0603512911937,302.46913991298527,68001000,False
2026-08-05,310.7320251464844,311.4414048335362,305.406631186344,309.09342362565195,49438800,False
2026-08-06,312.14080810546875,316.0174696892129,308.96355554648414,314.06913775687,46139900,False
2026-08-07,313.0599975585937,314.53873325457766,310.47223295908327,311.1816431226555,34437200,False
2026-08-10,308.260009765625,308.260009765625,304.6099853515625,306.8299865722656,44812500,False
2026-08-11,304.9100036621094,309.9700012207031,302.7900085449219,307.75,37476700,False
2026-08-12,302.25,305.6600036621094,300.57000732421875,305.1000061035156,41657800,False
2026-08-13,305.260009765625,306.0,302.04998779296875,304.2099914550781,40349300,False
2026-08-14,305.92999267578125,307.489990234375,304.29998779296875,306.0,28229400,False
2026-08-17,305.5899963378906,307.6600036621094,302.94000244140625,306.2099914550781,38169300,False
