Date,Close,High,Low,Open,Volume,is_outlier
2017-01-03,88.87054443359375,88.99329661774914,88.40256782765363,88.82451529110863,5953000,False
2017-01-04,88.72479248046875,89.1697604131938,88.4639469894018,88.60971375950236,5828900,False
2017-01-05,89.65309143066406,89.73748210947434,88.56369193548254,88.99331295259134,6217200,False
2017-01-06,89.22342681884766,89.7604528278419,88.80914710341874,89.50728091511125,5221400,False
2017-01-09,89.20809936523438,89.46127133328119,88.90889825868662,89.26180197786742,5457500,False
2017-01-10,89.11605072021484,89.76048214146378,88.89356677150373,89.01631310515506,5312800,False
2017-01-11,88.01898193359375,89.18509849552706,87.47427639631435,89.05467868097698,8887200,False
2017-01-12,87.9345932006836,88.01898387152032,86.97561362585427,87.66607423721393,6627300,False
2017-01-13,87.91925048828125,88.24146623620258,87.79650414042187,88.18009598884645,4935200,False
2017-01-17,88.12638092041016,88.26447420046958,87.20575710229855,87.41289994896083,6255400,False
2017-01-18,87.99595642089844,88.30283103097726,87.77347832806632,88.12638208105572,5014600,False
2017-01-19,87.61236572265625,88.14939776032992,87.39755524884535,87.9806164300081,5540800,False
2017-01-20,87.57402038574219,88.24913993353081,87.52031776095384,87.8348600338149,7502400,False
2017-01-23,87.38987731933594,88.04964975972894,87.30548666412895,87.8501862593722,7989800,False
2017-01-24,85.74041748046875,86.92188060586012,85.27243514336097,86.62267955140037,12450300,False
2017-01-25,86.5383071899414,86.5383071899414,84.9732520381728,85.87085539115677,9385500,False
2017-01-26,85.80179595947266,86.56897942486056,85.61767356666026,85.92454812344448,10164300,False
2017-01-27,86.98326873779297,87.10602091522674,85.84784036226058,85.92455754658369,8886100,False
2017-01-30,86.79146575927734,87.15204293459625,86.57665531946493,86.9986085784861,6969400,False
2017-01-31,86.88356018066406,86.99863891444677,86.25446973621915,86.53065635603863,8713400,False
2017-02-01,86.86821746826172,86.93726119536103,86.28515618689535,86.29282966317776,7082300,False
2017-02-02,87.12903594970703,87.16739746864609,86.51528676555819,86.55364828449724,7826300,False
2017-02-03,87.1827392578125,87.1980862067686,86.43090264705314,87.07533402770402,7267600,False
2017-02-06,86.99861907958984,87.1443799795448,86.40021682412684,87.0446482213497,6178400,False
2017-02-07,87.06000518798828,87.16741043321701,86.7301159767438,87.1520634821004,5507900,False
2017-02-08,86.99861907958984,87.22110302000617,86.80682318472881,86.92190189227468,5272000,False
2017-02-09,87.52031707763672,87.95761154839813,86.99863193241723,86.99863193241723,5854600,False
2017-02-10,88.41022491455078,88.98561253963818,87.6353737936979,87.70441749919848,6438500,False
2017-02-13,88.90121459960938,89.08534283881016,88.39487657467002,88.44090570789766,5710800,False
2017-02-14,89.26947784423828,89.30016588844322,88.47160625434765,88.56367038696247,5539100,False
2017-02-15,89.91390228271484,90.11337162809927,88.6787364011134,88.91656726208366,5979700,False
2017-02-16,90.58905792236328,90.74249232994848,89.76049807384928,89.76049807384928,7119300,False
2017-02-17,91.18744659423828,91.21813464177016,90.56602972787071,90.67343496765902,8691400,False
2017-02-21,91.80118560791016,91.97763454512112,90.77315661617251,90.8345327043963,8595100,False
2017-02-22,91.69377899169922,91.88557488687805,91.48664200029044,91.50965657120852,5103900,False
2017-02-23,93.3662338256836,93.51967404450116,91.66309129540244,91.69377348602008,9980900,False
2017-02-24,94.77948760986328,94.78720596895162,93.3662501689089,93.82960506492816,10835000,False
2017-02-27,94.52464294433594,94.89532451455509,94.292962544041,94.31612940569502,5946200,False
2017-02-28,94.37789916992188,94.71769547432127,94.16939155068914,94.22344951803665,8885500,False
2017-03-01,95.65213775634766,96.10776839343436,94.54008131184482,94.59413928390389,9393900,False
2017-03-02,95.4745101928711,96.0382626355693,95.00343107951248,95.56718352221068,6950200,False
2017-03-03,95.59806823730467,95.7061841683638,95.16560451306816,95.47450380645064,5585200,False
2017-03-06,95.53627014160156,96.09229820426776,94.67906119363704,94.9956905761624,6670700,False
2017-03-07,95.62897491455078,96.11549668352836,94.51691842331364,94.66364973587336,6644000,False
2017-03-08,95.83747863769533,96.2853909163173,95.37412374927264,95.56718877710516,7909900,False
2017-03-09,97.26615142822266,97.4669406919544,95.89152947503366,96.2081589252213,8571100,False
2017-03-10,97.46694946289062,97.68318135473253,96.94953659428649,97.33566665596906,7395400,False
2017-03-13,97.82991027832033,98.0384179141192,97.14259925663326,97.17349036783996,7162500,False
2017-03-14,98.11563110351562,98.65621072333144,97.89939336371332,97.96889982447593,7679700,False
2017-03-15,99.59063720703124,99.62152241672892,97.76809756548452,98.11561803927262,8360600,False
2017-03-16,99.20455169677734,99.3898866054529,98.671684374946,99.18910319313584,7610700,False
2017-03-17,98.8956298828125,99.57522256471827,98.81068079757428,99.19681086070176,13300800,False
2017-03-20,98.90335845947266,99.17364242912916,98.82612773456842,98.88017981499804,5827500,False
2017-03-21,98.27009582519533,99.19680557052892,98.18514674448744,99.14275349212596,7578600,False
2017-03-22,97.50556182861328,98.57900289574448,97.46694646688114,98.11564801434376,10272700,False
2017-03-23,97.22753143310548,98.0770162220075,97.04219068997024,97.38198107040547,8508100,False
2017-03-24,96.90321350097656,97.58280036300164,96.63291771465002,97.19667025896692,6490300,False
2017-03-27,97.15031433105467,97.41287991369536,96.64834413214444,96.65606838218577,5004300,False
2017-03-28,97.04220581054688,97.1348732506154,96.36261316003412,97.0113146998984,5287600,False
2017-03-29,96.47071838378906,96.78734781385184,96.03825466650945,96.57111595521202,3971800,False
2017-03-30,96.26994323730467,96.8645808992916,95.97648063965052,96.3317195651316,4711700,False
2017-03-31,96.18498992919922,96.40122179677827,95.78341141065827,95.84519362764556,5657600,False
2017-04-03,96.2931137084961,96.77191119946656,95.9764842395461,96.3240048195066,4956400,False
2017-04-04,96.28540802001952,96.354908614284,95.93016901272986,96.1541251918234,5358500,False
2017-04-05,96.37804412841795,96.99584855336728,96.07686321923158,96.3162619183603,5646300,False
2017-04-06,96.5710906982422,96.88771415361975,96.14634544994637,96.4166352025552,4324200,False
2017-04-07,96.47071838378906,96.89546374317176,96.40121781145896,96.62517391987195,3615100,False
2017-04-10,96.0228042602539,96.4938833251692,95.93786108194033,96.43210700383896,4594200,False
2017-04-11,95.93013763427734,96.37032559626932,95.72162413593176,95.96102874113878,4161500,False
2017-04-12,96.8414077758789,96.8877414917213,96.03825664731146,96.17726368671498,5556600,False
2017-04-13,96.52478790283205,97.0344823951036,96.5016210426155,96.63290384509382,5396500,False
2017-04-17,97.08853149414062,97.15803206843916,96.47844536605564,96.54794594035418,5367500,False
2017-04-18,94.07673645019533,95.27374210577334,93.40486796139066,95.12701078374208,13485700,True
2017-04-19,93.7292022705078,94.43195583634385,93.52841301232188,94.29294879481152,6993100,False
2017-04-20,94.11531066894533,94.331542485689,93.7137322448141,94.10758642066872,6330100,False
2017-04-21,94.0303955078125,94.24662740249934,93.8604973357365,94.04583811805703,6021700,False
2017-04-24,94.90304565429688,95.1501686569667,94.33157481534984,94.6173072888848,5679000,False
2017-04-25,95.3200454711914,95.56716841849754,94.99569770757884,95.25053901220254,5090000,False
2017-04-26,95.3818588256836,95.96105397491822,95.35869196241464,95.59809073869742,5021800,False
2017-04-27,95.5594711303711,95.99965918857554,95.29690550247396,95.43591256779524,4225200,False
2017-04-28,95.35093688964844,95.68300890354642,95.08836544309206,95.6443935493283,4381800,False
2017-05-01,95.25055694580078,95.59035327177637,94.98799134254833,95.29689655781004,4556400,False
2017-05-02,95.5285873413086,95.55947845729048,94.90305844533988,95.3895802653291,4881600,False
2017-05-03,95.24282836914062,95.52856080180516,95.01887225939936,95.44361172942482,3736500,False
2017-05-04,95.72162628173828,95.72162628173828,95.16560402139676,95.52084292045232,3753700,False
2017-05-05,95.3818588256836,95.60581499041298,94.87988851797138,95.60581499041298,4139800,False
2017-05-08,95.18104553222656,95.60579089135211,95.0034231388078,95.39727739073548,3608600,False
2017-05-09,95.15017700195312,95.35096630044386,94.89532972600846,95.16562550515576,3762500,False
2017-05-10,94.84124755859376,95.03431255624052,94.50917552696627,94.91847827115338,4237400,False
2017-05-11,95.14244079589844,95.1501650465292,94.478296646697,94.60186108928188,4095900,False
2017-05-12,95.48223876953124,95.83747771028024,94.99571702517706,95.07294185718736,4097100,False
2017-05-15,98.0693130493164,98.35505142079498,96.01510415073766,96.0768863756861,9854600,False
2017-05-16,98.6716537475586,99.135008551057,98.12334987603327,98.33958172487414,7233800,False
2017-05-17,97.82220458984376,98.76436303885792,97.65230639190636,98.67168968765256,6480800,False
2017-05-18,98.0538558959961,98.74889109388752,97.27387162436924,97.66000163521154,6571300,False
2017-05-19,98.0770263671875,98.37820731539014,97.64456262451222,98.1001932259913,6957200,False
2017-05-22,98.27782440185548,98.5790053769404,97.79129675604356,97.79129675604356,4858200,False
2017-05-23,98.47862243652344,98.96514426281432,98.31644849442648,98.31644849442648,3972500,False
2017-05-24,98.47088623046876,98.84929202678325,98.3009880670974,98.68711811407702,3965200,False
2017-05-25,99.1394271850586,99.20939457976137,98.20657208264122,98.52529530243706,5294300,False
2017-05-26,98.66522216796876,99.24825807793998,98.59526070562724,98.90621437713482,4005200,False
2017-05-30,98.81292724609376,99.0305930385161,98.09773794786376,98.49419809936958,3665400,False
2017-05-31,99.69914245605467,100.12670450368408,98.9994981649103,98.9994981649103,8813500,False
2017-06-01,100.11116027832033,100.11116027832033,99.59808578672208,99.75357153222237,5790900,False
2017-06-02,101.12174987792967,101.1683908529297,100.15002335910953,100.32104817537356,6562600,False
2017-06-05,101.33943939208984,101.46382326247132,100.90410770765348,101.03626112172176,4634700,False
2017-06-06,101.70480346679688,102.09349414188426,101.08289601427742,101.19949847204444,5619100,False
2017-06-07,101.64259338378906,102.21007834674243,101.51044000128736,101.83693868662613,5765200,False
2017-06-08,101.48713684082033,102.1479038661417,101.02848469467403,101.64261073725488,8101700,False
2017-06-09,102.24897003173828,102.38112344041508,101.30056381709464,101.34720480111017,5992500,False
2017-06-12,102.47439575195312,102.48216529369144,102.16343615398348,102.24894856068816,8020700,False
2017-06-13,102.6298828125,103.18181689426358,102.14789833916451,102.41998653962644,5733800,False
2017-06-14,103.21292114257812,103.82704716593402,103.01079440783252,103.01079440783252,7329400,False
2017-06-15,103.42279815673828,103.66379631260278,102.46662252322535,102.614326861308,5265000,False
2017-06-16,104.44115447998048,104.63549975302703,103.42277528522544,103.95140059609702,12639600,False
2017-06-19,104.22352600097656,104.69771724939686,103.77264338281309,104.28570607212473,7488700,False
2017-06-20,104.3401336669922,104.75991440862494,104.09136592239578,104.09136592239578,5201200,False
2017-06-21,104.87650299072266,105.03197686197826,104.18463418102354,104.39451856936542,5841100,False
2017-06-22,105.76272583007812,106.5012356758892,105.1563693788314,105.29629231593586,7311000,False
2017-06-23,106.05811309814452,106.12030501855472,105.1952313399298,105.29628283143744,9007100,False
2017-06-26,105.98814392089844,106.42347547018564,105.87931103357664,106.09697680822023,5561800,False
2017-06-27,104.9542465209961,106.29134332478084,104.93870743534326,106.11254894459378,6120500,False
2017-06-28,104.02914428710938,105.87930323531135,103.83479901249908,105.68495796070106,6557900,False
2017-06-29,103.11185455322266,103.95919731840134,102.85531730229845,103.70266006747714,5750000,False
2017-06-30,102.83976745605467,103.5471872893377,102.83199791330006,103.15849663745438,5264400,False
2017-07-03,103.31397247314452,103.6404830653504,103.11962714353974,103.22846005364252,2931000,False
2017-07-05,103.88922119140624,104.21571986600088,102.94081519581904,103.3761467619452,4302700,False
2017-07-06,103.0185546875,104.14575499759113,102.93304228538852,103.8658973053986,4282200,False
2017-07-07,103.03408813476562,103.39168866818991,102.37332130176726,103.32172721444208,4994100,False
2017-07-10,102.2645034790039,103.29064053742935,102.01573579096365,103.18958904332224,4019600,False
2017-07-11,102.01573944091795,102.45107104866764,101.43270349584682,102.1712133205576,3733100,False
2017-07-12,102.79312896728516,103.30620348706266,102.43554020154758,102.64542461808578,5053200,False
2017-07-13,102.50550079345705,102.78535854166896,101.82918284440215,102.69207657956416,4424400,False
2017-07-14,103.08074188232422,103.39168958745346,102.4121936405912,102.61430846273576,4383100,False
2017-07-17,102.7309341430664,103.33729060866251,102.41998636754435,103.16627763545348,4939400,False
2017-07-18,104.52667999267578,104.90758918403886,101.8991277755228,102.31890839875238,10256000,False
2017-07-19,105.1097183227539,105.26519219193013,104.57332339148448,104.82207920978723,5503300,False
2017-07-20,106.16698455810548,106.56344480580414,105.42846273116834,105.51397516050322,6088600,False
2017-07-21,105.18744659423828,105.93373775355404,105.02420318750691,105.20299753932076,6773500,False
2017-07-24,103.39944458007812,105.07082088019466,103.27507263266236,104.93866753101403,8306700,False
2017-07-25,102.52104949951172,104.05249160736778,102.18676937278258,103.96697919000891,6262900,False
2017-07-26,101.79805755615234,102.80088586592152,101.64258370107268,102.35000338286414,5382200,False
2017-07-27,101.70480346679688,101.95355933066584,100.72530723585992,101.72035441513182,5838100,False
2017-07-28,102.49771118164062,102.60654407008604,101.46379281046156,101.94576533616338,4970900,False
2017-07-31,103.17406463623048,103.84261314243534,102.69209194404765,102.72318198210168,5440800,False
2017-08-01,103.0107879638672,103.66379724663716,102.8319935928441,103.52386244965186,3837600,False
2017-08-02,102.73873138427734,103.0030382204022,102.22565679987088,102.67653944720692,4032100,False
2017-08-03,103.66380310058594,103.70266267681816,102.23341246593588,102.54437210907612,4327300,False
2017-08-04,103.5316162109375,104.17684399103148,103.2362194390342,103.96695962039112,3192800,False
2017-08-07,103.28286743164062,103.764839983218,103.01077926497196,103.46166178756516,3010800,False
2017-08-08,102.82421875,103.23622985349552,102.14788901291227,103.00301311180652,5535800,False
2017-08-09,103.57049560546876,103.71043039188494,102.90194728833698,103.2439969196922,6332300,False
2017-08-10,103.46167755126952,104.0524949490496,102.90196204910823,103.4228061126949,5607900,False
2017-08-11,103.46945190429688,104.5500113964007,103.19736371471592,103.88923257135944,4270600,False
2017-08-14,103.76483154296876,104.45670028507392,103.2906285717352,104.32454691432292,3041100,False
2017-08-15,103.68712615966795,104.122457808951,103.54719135131396,104.0524963357229,3931800,False
2017-08-16,104.3012466430664,104.92315404975452,104.06026034017532,104.231285173562,4469900,False
2017-08-17,103.42279815673828,104.74435579522704,103.41502861438008,104.30901232333734,5741400,False
2017-08-18,103.10408020019533,103.99806390348796,102.90973488540156,103.13517023132778,4792800,False
2017-08-21,103.74151611328124,103.89698997692412,102.7620200966252,102.83198155598018,4660000,False
2017-08-22,104.71324920654295,104.78321067031968,103.3139606215278,103.60159974243685,4150300,False
2017-08-23,103.2362289428711,104.55000510963087,103.11961464210712,104.5033522721876,5129900,False
2017-08-24,103.30621337890624,103.4539177422487,102.82424070854562,103.25180284930042,5398400,False
2017-08-25,103.01671600341795,103.7051669309444,102.96977833787776,103.19665963779052,4133300,False
2017-08-28,103.06362915039062,103.36090490610918,102.86804765492047,103.01667956410618,5349200,False
2017-08-29,103.43136596679688,103.61911663996506,102.71944616476203,102.9306776094283,3277900,False
2017-08-30,102.53951263427734,103.26707035457386,102.40650666001169,103.26707035457386,5430800,False
2017-08-31,103.55652618408205,103.65823242074929,102.68032456772336,102.78984976976818,7407100,False
2017-09-01,102.50822448730467,103.77558940135545,102.43781797815814,103.73648263228726,3820800,False
2017-09-05,101.62419128417967,102.62556808866545,101.48337826668316,102.26570464127222,5146600,False
2017-09-06,102.22659301757812,102.48476217156148,101.86672954525268,102.12488676188208,5601900,False
2017-09-07,103.41571807861328,103.6738871965154,101.89800310889596,102.37522264125704,3800200,False
2017-09-08,102.4690933227539,103.53305754635188,102.38303695403084,103.26706947479032,4854400,False
2017-09-11,104.2137222290039,104.31541656041948,102.50042521972004,102.77423234258411,5724200,False
2017-09-12,103.75997161865234,104.73787978232852,103.21233349710926,104.69876106831038,5465200,False
2017-09-13,103.61913299560548,104.63615973942204,103.14974430124286,103.79124576474462,4679500,False
2017-09-14,104.97252655029295,105.19940783918364,103.25924215455176,103.37658631270158,6274500,False
2017-09-15,105.18376922607422,105.96609553037727,104.97253778145382,105.44975730457276,15522000,False
2017-09-18,105.91134643554688,106.21645323844928,104.91778861589938,105.17595774717878,5260800,False
2017-09-19,105.7861785888672,106.23209843713998,105.10555842907274,105.62971569363732,4903800,False
2017-09-20,104.22151947021484,105.0586024747061,103.5330684479394,104.24498830621488,8705500,False
2017-09-21,103.07149505615234,104.69091630612893,102.78203813097592,104.29192223374784,6051800,False
2017-09-22,102.78984832763672,103.5721745990815,102.69597299501584,103.2592488654442,4334900,False
2017-09-25,102.61774444580078,103.07931412080862,102.35175635552704,102.8524447349522,6017400,False
2017-09-26,102.43779754638672,103.22012376936222,102.34392221958193,102.87589832127686,4516200,False
2017-09-27,101.50682830810548,102.55514259098604,101.25647818466186,102.48473609527412,5796100,False
2017-09-28,101.28780364990234,101.9136671801547,101.14697868535242,101.63202918840884,3992700,False
2017-09-29,101.7102508544922,102.07012625053125,100.9592241962376,101.37385623279248,5736900,False
2017-10-02,102.65684509277344,102.74290145241314,101.71805603865428,101.82758122934568,4492900,False
2017-10-03,103.3453140258789,103.58000237739942,102.7663882383056,102.99325762389296,3900800,False
2017-10-04,103.96337127685548,104.1902407163354,103.3453385754508,103.5800269827213,3589000,False
2017-10-05,104.19805908203124,104.29193443364228,103.54872671289584,103.96335876564976,3741100,False
2017-10-06,104.22151947021484,104.24498830621488,103.64259366172388,104.04940671464598,2469500,False
2017-10-09,104.40143585205078,104.69090468244045,104.18238545666746,104.5657296172639,3750500,False
2017-10-10,104.75349426269533,104.9334379194165,103.98681777649928,104.48750616669813,4184600,False
2017-10-11,106.9049072265625,107.2413138156967,105.12120383201972,105.52019797116388,8269400,False
2017-10-12,107.0457000732422,107.58550708489284,106.41201773342652,106.66235592098349,5172800,False
2017-10-13,106.73275756835938,107.50726480258852,106.66235107543412,106.8657635270188,4106600,False
2017-10-16,106.49024200439452,107.38209342404828,106.03649136108288,106.74841109131415,5120100,False
2017-10-17,110.1436996459961,110.401868722604,107.22562628363748,107.7028457396672,11717300,False
2017-10-18,110.0576629638672,110.76176382704936,109.58045535986992,110.14371933812214,6827700,False
2017-10-19,111.12163543701172,111.8570241552682,109.948145849331,110.0811518408058,9181300,False
2017-10-20,111.40325927734376,112.35769830918434,110.9573394980406,111.38762134638706,5634500,False
2017-10-23,112.35769653320312,112.92880331259576,111.1529193142282,111.19203801570532,6686000,False
2017-10-24,110.8086929321289,112.16994494584732,110.2532360253534,112.16994494584732,6585800,False
2017-10-25,111.37198638916016,112.0526065348094,110.27673420795983,110.43319709993796,6563600,False
2017-10-26,110.94172668457033,112.45944210892156,110.60533199636662,111.48935288475998,5841100,False
2017-10-27,110.918212890625,111.63795159594768,109.6821360040868,110.30799938095248,5140100,False
2017-10-30,109.52569580078124,110.47231599549497,108.99371957967855,110.37060974372685,6034300,False
2017-10-31,109.0641098022461,109.72907997931352,108.72770329367528,109.54132931160116,4832100,False
2017-11-01,109.51004028320312,109.98725983922029,109.00935189142716,109.3926961044091,5006800,False
2017-11-02,109.470947265625,109.75258529817104,108.82944570876526,109.61177225057584,3494100,False
2017-11-03,109.5882568359375,109.83859501550197,108.97804334764533,109.31443788773048,2737000,False
2017-11-06,109.33792114257812,109.90902794562294,109.30663334251165,109.53350272071212,4220700,False
2017-11-07,109.34576416015624,109.64304007445598,108.6729629793408,109.58828343393505,4201900,False
2017-11-08,110.558349609375,110.9886194901034,109.10322233018432,109.29097298727277,4440700,False
2017-11-09,109.7995147705078,110.62877884268516,109.36923286399498,110.19849693617232,3517100,False
2017-11-10,109.18148040771484,109.62741222621688,108.43827264756604,109.62741222621688,4240800,False
2017-11-13,109.33792114257812,109.54133362374289,108.28960674874448,108.75117640817616,4322300,False
2017-11-14,109.12670135498048,109.74473388787388,108.68076962804236,109.18928889230612,4078200,False
2017-11-15,108.82162475585938,109.39271977850458,108.54780569627792,108.92331908703795,4811500,False
2017-11-16,108.6416473388672,109.27532971951268,108.46171563584048,109.07192918293256,4193800,False
2017-11-17,107.96104431152344,108.63384549994448,107.8749879291433,108.19574462141053,4247400,False
2017-11-20,107.90628814697266,108.39915766070172,107.75765613972015,108.07840093153344,4266300,False
2017-11-21,108.22701263427734,108.94675136558946,108.10966846946886,108.31306900092072,5660600,False
2017-11-22,107.40557098388672,108.258315711439,106.86577587175418,108.19572817582542,3917000,False
2017-11-24,107.96884155273438,108.25831038286827,107.4212155647599,107.5698594623568,2606800,False
2017-11-27,108.7008819580078,108.86616983173556,108.21286116356085,108.23647371695051,3933100,False
2017-11-28,110.21215057373048,110.61357601055452,108.81894980640998,108.85830806738214,5052800,False
2017-11-29,110.04686737060548,110.69230931915716,109.36994601477514,110.36958834488132,5851400,False
2017-11-30,109.66902160644533,110.41678041268692,108.99996730007204,110.24361369834214,8941900,False
2017-12-01,110.18065643310548,110.61357327217182,109.09444292198545,109.85794752621482,5990500,False
2017-12-04,109.41716003417967,111.37708622868163,109.35418921555193,110.68441923423168,5916700,False
2017-12-05,109.93665313720705,110.8339662260553,109.56670710833974,110.03110335378427,6745300,False
2017-12-06,111.0307388305664,111.73915144359496,110.34595078071416,110.85757210363415,5591700,False
2017-12-07,110.20427703857422,111.377086013648,109.6139391268411,110.20427703857422,4713100,False
2017-12-08,110.66077423095705,110.79458267738532,110.03895709632528,110.19637809150844,5101300,False
2017-12-11,111.09369659423828,111.1173091441874,110.06257521161852,110.90478418419278,4358600,False
2017-12-12,112.2428970336914,113.00640153914637,111.80210139337836,112.2428970336914,8016700,False
2017-12-13,112.47116088867188,112.89619883410452,111.93592703068606,112.16418570295562,6118400,False
2017-12-14,111.49514770507812,113.04576956561976,111.46366830135965,112.96706505109582,5337900,False
2017-12-15,112.13272857666016,112.66796254095895,111.5974826019053,112.14846227411172,12517000,False
2017-12-18,111.61321258544922,113.1874468616602,111.2983585239344,112.2114172866458,5833200,False
2017-12-19,111.5974578857422,112.06973293472498,111.2668701556356,111.68404124437392,6580100,False
2017-12-20,111.1094741821289,112.2271792387876,111.04650336071003,111.97529595311212,6289800,False
2017-12-21,111.0307388305664,111.90443931265042,110.99925943042147,111.44790994259756,6284700,False
2017-12-22,110.29084777832033,111.25901049018252,110.22787696702774,110.98351469208431,4665600,False
2017-12-26,110.2672348022461,110.62143510526012,109.94451389953043,110.55847630466334,3271100,False
2017-12-27,110.64505767822266,111.10157503183504,110.35381618104438,110.52698290570586,3753600,False
2017-12-28,110.6371612548828,110.98349464921937,110.456127711644,110.74735715213062,2485000,False
2017-12-29,109.97601318359376,111.1488221037783,109.86581725897912,110.96777650512536,4452900,False
2018-01-02,109.5903091430664,110.15703440904036,109.18888375069056,109.92877573740395,6842100,False
2018-01-03,110.6371612548828,110.7316114495375,109.33054418005018,109.69262327697986,5350500,False
2018-01-04,110.62934112548828,111.09373745924898,110.36959097004828,110.5506245897342,4837600,False
2018-01-05,111.5423583984375,111.62894175121832,110.41677481228668,110.73949567360184,6158800,False
2018-01-08,111.68404388427734,111.77062724495566,110.92053934296494,111.53448971488262,5129800,False
2018-01-09,113.45507049560548,114.66722567515868,111.97528634537125,112.06186971608612,8897000,False
2018-01-10,113.32125854492188,113.47081272707234,112.8096371948379,112.99067077880466,6558600,False
2018-01-11,113.9666748046875,114.053258162444,113.10085323757583,113.44718666860184,4962200,False
2018-01-12,114.73018646240234,115.24968664128116,114.05326526247195,114.1241149308311,5450600,False
2018-01-16,115.59603881835938,116.54057710812116,114.94273006523969,115.24970530967366,8804000,False
2018-01-17,115.69048309326172,116.74522927285628,114.5098072891776,116.3674043680215,10619700,False
2018-01-18,115.64324951171876,116.05255379007988,114.89549062599774,115.65111635940578,5554800,False
2018-01-19,115.98956298828124,116.21782163641346,115.24967107775576,116.06827949340403,8738800,False
2018-01-22,116.60353088378906,116.60353088378906,115.48582600306992,115.71408468563372,7010400,False
2018-01-23,111.63685607910156,116.05258492811834,111.47155614968634,115.67477196004342,17473600,True
2018-01-24,111.82573699951172,112.99853384255556,111.613212010391,112.95130873618524,13034400,False
2018-01-25,113.65969848632812,113.86435660830578,111.93592221634,112.01462671594794,7938800,False
2018-01-26,114.3917236328125,114.60424860168256,113.44718556404462,113.73841503254764,8065600,False
2018-01-29,113.09300994873048,114.08478545139825,112.9749471557734,114.013947775624,8013400,False
2018-01-30,112.10906219482422,113.2031662928854,112.10906219482422,112.87256660241346,8376100,False
2018-01-31,108.77171325683594,112.21928997555572,108.70087560080972,112.21928997555572,13137400,False
2018-02-01,110.21215057373048,110.72377193500355,107.83505333438096,108.25222447768486,9393600,False
2018-02-02,108.37028503417967,110.47976527251164,108.13415949408504,109.42503115857303,9262500,False
2018-02-05,102.63221740722656,107.83506289291616,96.14637297016756,107.5044750902656,19954100,True
2018-02-06,103.76566314697266,104.67872199230251,100.75100279399152,102.33310406097696,19193500,False
2018-02-07,103.44290924072266,105.02501000348246,103.38781729906468,103.81285517203916,10550400,False
2018-02-08,99.46012115478516,103.30912344500368,99.26334187203275,103.04150650296948,11680200,False
2018-02-09,101.9552764892578,103.0493687723356,98.73597044896206,100.37316944475336,15030900,False
2018-02-12,102.53775787353516,103.36423331037044,100.4991212651143,102.3252328731021,9963900,False
2018-02-13,102.2937469482422,102.7975014283098,101.30197168309516,101.70340910392292,6339000,False
2018-02-14,102.0654754638672,102.33309240203948,101.05796651155048,101.88444188927464,6259700,False
2018-02-15,103.29338073730467,103.33273899708831,101.85295490449772,102.40394652055906,5606400,False
2018-02-16,104.8046417236328,105.82789640124872,102.98640306341102,103.08086528672229,7970100,False
2018-02-20,103.01004791259766,105.04081219889228,102.84475998827656,104.58428267619428,6563500,False
2018-02-21,102.25440216064452,104.23792893133592,102.21504389708076,102.95493601443876,6578000,False
2018-02-22,102.25440216064452,103.12810276575468,101.91593550654308,102.40395635591337,5732200,False
2018-02-23,103.91519927978516,103.96242438246507,102.34096513470324,102.39605708434532,5126800,False
2018-02-26,104.62023162841795,105.6817196232448,103.7726174246188,104.335054486352,6684400,False
2018-02-27,104.30338287353516,105.42824514098338,104.24793813061616,104.7311547182928,7158600,False
2018-02-28,102.88541412353516,104.82619747081584,102.8774848130725,104.52517376995898,7985900,False
2018-03-01,100.82581329345705,103.07553786341704,100.22377185548471,102.27546307908084,9424000,False
2018-03-02,102.04571533203124,102.27543564442364,100.53269189696654,100.53269189696654,6910400,False
2018-03-05,102.81409454345705,103.21810251767316,101.53872075864771,101.89520122704116,5799800,False
2018-03-06,101.5704345703125,103.13890301968756,101.33278490528862,102.980473938793,5546500,False
2018-03-07,102.21998596191406,102.44971837770098,100.8178700178618,100.9842283909269,6391700,False
2018-03-08,104.61231994628906,104.80244210215692,102.4497333055116,102.4497333055116,6423400,False
2018-03-09,105.99068450927734,106.00653104502386,104.216247213987,104.96879448251704,7557800,False
2018-03-12,105.06383514404295,106.33127967509655,104.81826829497344,105.9906578102226,4942000,False
2018-03-13,106.42634582519533,107.2501841586344,105.71339695096027,105.99065686105646,9152300,False
2018-03-14,104.81826782226562,107.49575148336667,104.48555109372631,107.1313658661849,6770600,False
2018-03-15,105.40444946289062,106.33920137170873,104.93707955216222,105.0004535872822,6147200,False
2018-03-16,105.89558410644533,106.46593834044523,104.64398618516026,105.48367100539308,14233500,False
2018-03-19,103.17057800292967,105.72924286857796,102.47347566435576,105.6341878541768,6017000,False
2018-03-20,103.93898010253906,104.3905035452327,102.48933057755735,103.59834612747416,6214300,False
2018-03-21,103.92313385009766,105.18266124676474,103.50329138454197,104.08948013935247,5158700,False
2018-03-22,100.90501403808594,103.51913000290828,100.68321091856326,103.352783706948,7560100,False
2018-03-23,99.098876953125,101.23770528786272,98.94044791070615,101.10303395375809,8452500,False
2018-03-26,100.91293334960938,101.0317581714626,99.18602993056274,100.13662246170706,8358200,False
2018-03-27,100.77037048339844,102.26755395086086,100.12080147437078,100.6911559298454,7789900,False
2018-03-28,100.96044158935548,102.20413430451512,100.77032553688892,101.10303013962547,6868500,False
2018-03-29,101.51496124267578,101.99817771764393,100.4613965429882,101.3723787192567,6119400,False
2018-04-02,98.67112731933594,101.3010897391253,97.86312940181864,101.25356222741298,8916900,False
2018-04-03,101.67339324951172,101.7842947868824,98.76617139506432,99.16225004101123,8035000,False
2018-04-04,103.30526733398438,103.86769241650892,100.1207906497697,100.52479268599924,7717100,False
2018-04-05,103.54290771484376,103.93105713732926,102.58439186239984,103.30525805753534,5621700,False
2018-04-06,101.47535705566406,103.4874313206804,100.13660925710376,103.15472669830892,6399300,False
2018-04-09,102.56851959228516,103.88350355705616,101.14264013725963,101.91102760989966,6395800,False
2018-04-10,103.17849731445312,103.7013240789712,102.41802092175752,103.17849731445312,6019300,False
2018-04-11,102.68736267089844,103.25771693834346,102.2120634189069,102.29920121219328,4575400,False
2018-04-12,103.32109832763672,104.01820080506982,102.86957483192798,103.05176767494278,4559800,False
2018-04-13,103.47161102294922,104.10533945414684,102.68738281687811,103.84392602300166,4742300,False
2018-04-16,104.3746566772461,105.2618812016934,103.9944245024046,104.09740883433868,6379600,False
2018-04-17,103.40823364257812,104.72321797969757,102.03780456647196,104.65192670641574,11008700,False
2018-04-18,101.17434692382812,102.90124430217816,100.55646510154114,102.73489801245022,9383600,False
2018-04-19,101.0396957397461,101.61005013042822,100.51686886706,101.10306374918004,5959500,False
2018-04-20,100.33467864990234,101.63381655444068,99.9465170971484,101.39616687086408,7743900,False
2018-04-23,100.46932220458984,100.84163714110048,99.63755453605836,100.50892644747915,7501900,False
2018-04-24,99.96234130859376,100.96837851787204,99.26523894908014,100.5564593411713,6577500,False
2018-04-25,100.41390228271484,100.48519356802927,99.24150633796326,99.74056950989646,5859600,False
2018-04-26,101.4040756225586,102.36259150086558,100.30298324211957,100.30298324211957,8211100,False
2018-04-27,101.61003112792967,102.02194426510516,101.00006655720118,101.18226541491626,4266800,False
2018-04-30,100.19996643066406,102.172436243106,100.19996643066406,102.07738124336618,8219400,False
2018-05-01,99.81977081298828,100.31882787499045,98.99592626673548,100.06533771027284,5122600,False
2018-05-02,97.83142852783205,99.95441037649904,97.5937789155553,99.4315836469625,7390800,False
2018-05-03,97.4591293334961,97.98195614731642,96.0728538069916,97.67301522776138,7282900,False
2018-05-04,98.37802124023438,98.63151134535887,96.4847656955305,97.11848793650135,6127600,False
2018-05-07,97.90271759033205,99.2097783411884,97.6888377790227,98.33840652184432,6707900,False
2018-05-08,97.12643432617188,97.82353077031053,96.39765085588846,97.32447370681513,5951800,False
2018-05-09,97.83935546875,98.26712116070956,97.0630386106721,97.42743026448632,6808600,False
2018-05-10,99.29695129394533,99.8514652253155,98.22753977130075,98.40181540562617,4948000,False
2018-05-11,100.7940902709961,101.07926737431733,99.62170088505806,99.62961810638114,5716700,False
2018-05-14,99.85936737060548,101.08721384981152,99.4949756646232,100.8812512181931,6101600,False
2018-05-15,99.1226577758789,99.67717160720352,98.54438623214855,99.44744522555668,5875700,False
2018-05-16,99.29695129394533,99.73264037975883,99.01969735010157,99.3682486187524,3818100,False
2018-05-17,98.10870361328124,99.48705594923204,97.87105999325222,99.40784140922236,6473400,False
2018-05-18,98.41763305664062,98.57606816183986,97.6571626827282,98.05324138020433,5433900,False
2018-05-21,98.00572967529295,99.01176706990032,97.68886545747696,98.7186726544584,5558700,False
2018-05-22,97.36404418945312,98.41760867048713,97.24521940091672,98.06906361277474,7172700,False
2018-05-23,97.79181671142578,98.20374189375671,97.22938575111444,97.33237006853749,4940800,False
2018-05-24,96.84123992919922,97.7442988609954,96.28673217938794,97.60963355656712,6923600,False
2018-05-25,96.93699645996094,97.99838101164492,96.66566227833688,97.00881645337364,4594800,False
2018-05-29,95.28507995605467,96.4023266530998,94.66261559172368,96.16291447212416,9821900,False
2018-05-30,96.53800201416016,97.02480237422068,95.39681518314208,95.85967554000376,6423700,False
2018-05-31,95.46065521240234,96.76144606872208,95.39681114756938,96.49809386766496,10337500,False
2018-06-01,96.7694320678711,96.817312074207,95.7399693121112,96.0671595029156,5741000,False
2018-06-04,97.32006072998048,97.65523900652217,96.57789026303884,97.2402586978533,4853000,False
2018-06-05,96.94499969482422,97.80687024682548,96.48213934101452,97.39987801811849,5125400,False
2018-06-06,97.99041748046876,97.99041748046876,96.9290327284278,97.3360310334407,6799300,False
2018-06-07,98.42134857177734,98.54903060430904,97.57542999117275,98.15799638851824,7414100,False
2018-06-08,99.0038833618164,99.63432959779716,98.42132320313377,98.44526319753125,6208100,False
2018-06-11,97.8866729736328,99.22736177799078,97.79888890832294,99.17149974447588,5571400,False
2018-06-12,97.79090118408205,98.30164148605188,97.32005885315392,98.28568351533612,5227300,False
2018-06-13,97.86270904541016,99.0278355952791,97.72704500138865,98.27768929459872,5836900,False
2018-06-14,97.68716430664062,98.27770667035264,97.43178805367867,97.92657041103496,5239200,False
2018-06-15,97.8467788696289,97.94254497475988,96.75347200127972,97.4397805334543,13173500,False
2018-06-18,96.81729125976562,97.20832543395431,95.96339682882063,97.04872138814376,6787400,False
2018-06-19,97.8148422241211,98.2936605012443,96.2187772413739,96.29060333162,8572400,False
2018-06-20,97.39189910888672,97.88668151210994,97.08864891314022,97.69514930463322,6277200,False
2018-06-21,96.92105865478516,97.55150515124566,96.64973048817224,97.2243149451239,4417200,False
2018-06-22,98.03028869628906,98.4612268859956,97.08063436181877,97.10457435760742,9501400,False
2018-06-25,97.83082580566406,98.5011764399282,96.96895511661924,98.0143760056728,8170500,False
2018-06-26,97.63926696777344,98.07020521224894,97.04074264297486,97.75099102132216,5496400,False
2018-06-27,97.0487289428711,98.13405358668096,96.92104082547957,97.46370314738448,5666000,False
2018-06-28,97.3599624633789,97.68715870233642,96.61779201417524,97.1843943437924,5296800,False
2018-06-29,96.83328247070312,98.30166576795644,96.7135824395056,97.55151310041909,7308700,False
2018-07-02,97.0247802734375,97.14448635066972,95.851671675869,96.83324811446435,5481400,False
2018-07-03,97.92656707763672,98.5250914510064,96.7694223911906,97.08065457826244,4248100,False
2018-07-05,99.75405883789062,99.84982492623664,98.3415440436881,98.63681216120534,7319100,False
2018-07-06,100.35260009765624,100.48826417929048,99.4428434148653,99.88176378310024,7297900,False
2018-07-09,100.59197235107422,101.15059251734664,100.23285416832492,100.72763637881135,6706100,False
2018-07-10,101.65338134765624,101.76510541463092,100.63988271481334,100.84737287712557,5075600,False
2018-07-11,100.74359130859376,101.70123367855273,100.59994525752504,101.67729368479176,4827400,False
2018-07-12,101.95664978027344,102.315768114294,101.48580736593688,101.91674571365812,6199000,False
2018-07-13,100.49624633789062,101.74915728602936,100.00944596104956,100.00944596104956,8250200,False
2018-07-16,99.50668334960938,100.63190611009084,99.08372706061614,100.55210407059305,7314400,False
2018-07-17,103.03396606445312,104.1751465782192,101.79701338007828,102.57110580037056,12858700,False
2018-07-18,101.98855590820312,102.9860965329371,101.48579153669414,102.79456434926472,7152000,False
2018-07-19,100.50421142578124,101.90874419213203,100.44834939630712,101.77308013319552,5984600,False
2018-07-20,100.43240356445312,100.66383375384872,99.84984316399664,99.99348927850065,5835500,False
2018-07-23,101.05484771728516,101.09475177548924,100.1131691756103,100.352581347826,4631100,False
2018-07-24,103.2334976196289,103.44098171189796,101.46984630430852,101.54166631582346,7158800,False
2018-07-25,102.6429443359375,103.1297446863508,101.86885786432636,103.05792467817766,6523000,False
2018-07-26,103.9676513671875,104.71780370851498,103.62450330896712,103.66439518401076,7640600,False
2018-07-27,104.9811553955078,105.55573964698708,103.69632285775651,103.72823879305784,6620400,False
2018-07-30,105.47593688964844,105.73131309303142,104.74174857043371,105.16470475240516,11013100,False
2018-07-31,105.75524139404295,105.85100137121728,105.156717182691,105.56370926268808,7598900,False
2018-08-01,105.85102081298828,106.10639703503334,105.4041246014179,105.65151270589377,5770400,False
2018-08-02,104.7417449951172,106.13830159505208,104.61405689778428,106.0505175502616,6563300,False
2018-08-03,105.30036163330078,105.89888587014448,104.46242526631823,104.68587334057936,6498700,False
2018-08-06,105.35626220703124,105.76325442978155,104.55024152641349,105.0530059369366,5840000,False
2018-08-07,104.90935516357422,105.4759514051674,104.78166704431038,105.24452734388484,4664600,False
2018-08-08,104.67790222167967,105.18066650042344,104.45445413712854,104.9332784194566,3721500,False
2018-08-09,104.70186614990234,105.11684647763865,104.2789098805402,104.97319428930255,4057800,False
2018-08-10,104.34274291992188,105.04501537311944,103.9517026353898,104.69387914652066,4324000,False
2018-08-13,103.91981506347656,104.46247143307636,103.62454687278328,104.31883139771598,3778000,False
2018-08-14,103.34522247314452,104.11931507509657,103.22552245305349,103.48088655491811,4542800,False
2018-08-15,104.0873794555664,104.33477977428932,102.89033063282014,103.54472316755304,5377300,False
2018-08-16,105.72333526611328,106.04255555141177,104.1991025454698,104.55821471154792,7861500,False
2018-08-17,107.31146240234376,107.73441877596984,105.49194874828842,105.6994328747989,6700900,False
2018-08-20,109.23469543457033,109.42621544643522,106.9363578761122,107.67852227610852,7935000,False
2018-08-21,108.01368713378906,109.67358376273606,107.9737830795242,109.33043568547528,5832100,False
2018-08-22,107.42315673828124,108.2770451925729,107.27152861294664,108.1812851879446,4688400,False
2018-08-23,107.82215881347656,108.12541502426342,107.01615046750028,107.42314261065516,5057600,False
2018-08-24,108.49250793457033,108.65211198739216,107.5987154971611,107.8221636065134,4809400,False
2018-08-27,108.38807678222656,109.29586701099018,107.81770464027493,108.85402166698314,4325900,False
2018-08-28,107.90608978271484,108.37202247871744,107.5606425502484,108.2756243013598,6037500,False
2018-08-29,108.33988189697266,108.4041514275138,107.60080068298878,107.90607788851936,4648700,False
2018-08-30,108.41217041015624,108.93435570028775,108.1310050306932,108.2113327427576,4821900,False
2018-08-31,108.20331573486328,108.45235250894864,107.6249022074961,108.13101710848233,6139500,False
2018-09-04,107.42406463623048,108.25151493859626,107.19912740402384,108.2033158542891,4406800,False
2018-09-05,109.14325714111328,109.20752668608117,107.21521982472645,107.23127801734668,6174800,False
2018-09-06,109.95460510253906,110.30808136771722,108.59694047408598,108.85401857900057,6562000,False
2018-09-07,110.3161163330078,110.6133521487177,109.05484993784032,109.88230012062029,6375200,False
2018-09-10,110.2277603149414,111.23997783335668,110.1072503491704,110.48482617723248,4892200,False
2018-09-11,111.2720947265625,111.59344234321324,110.23577777598956,110.5731835798542,7856800,False
2018-09-12,111.9549789428711,112.46109391904984,111.3122957882965,111.58543214508818,6767700,False
2018-09-13,112.38072204589844,112.85469598789484,111.68181090233908,112.38072204589844,6456100,False
2018-09-14,112.05938720703124,112.75026926021457,111.74608094210848,112.4690916278816,4534800,False
2018-09-17,112.4369659423828,112.79042994276794,111.8103411379546,111.93085109418092,5295500,False
2018-09-18,112.90290069580078,113.14390835468184,112.33252856987966,112.6860048351507,4581200,False
2018-09-19,112.83863830566406,113.26441317182471,112.50926159541656,113.07963369544694,5049900,False
2018-09-20,114.05973815917967,114.18827722351186,112.87881155421746,113.12786058817102,5019300,False
2018-09-21,114.78276824951172,114.98360595305124,113.82677881935795,114.2204128730726,13283400,False
2018-09-24,112.84667205810548,114.47747297314032,112.65386348016096,114.15613760139148,6708000,False
2018-09-25,111.3765640258789,113.24034392651303,111.18375540431492,112.89489667848108,7982800,False
2018-09-26,110.9909439086914,112.4691063646687,110.83027620837385,111.62558561530172,7133300,False
2018-09-27,111.03915405273438,112.13171168513888,110.51698091015264,111.22392131359484,6450500,False
2018-09-28,110.99897003173828,111.31227632932575,110.38842788361276,110.94274185430434,6638500,False
2018-10-01,112.22005462646484,112.34859367284275,110.8623900622236,111.07125681896912,4871800,False
2018-10-02,112.85474395751952,113.0555817055794,112.18796116298114,112.30042981156814,6439100,False
2018-10-03,111.68985748291016,113.4893676353168,111.56935976969189,112.90291274256104,5411800,False
2018-10-04,111.94691467285156,112.09151190166298,110.31611388219264,111.30423172021054,4738700,False
2018-10-05,111.74610900878906,112.66995759022156,111.3122926818393,112.3084521565376,4309300,False
2018-10-08,111.97908020019533,112.21204656498172,111.360496581873,111.58543385068803,5174100,False
2018-10-09,111.826416015625,112.1638218417454,110.70975902269356,111.45688155479937,4475300,False
2018-10-10,110.64550018310548,112.83865665197808,110.64550018310548,111.9469367903231,7265600,False
2018-10-11,107.5204620361328,111.39261855658862,106.7492521764123,110.79010549073708,11603200,False
2018-10-12,107.5445785522461,107.97839489269936,106.22708359729904,107.97035353866326,6998000,False
2018-10-15,107.60881042480467,108.69333863813247,107.25533419947836,107.55258225704314,6398700,False
2018-10-16,109.70559692382812,110.85439508487477,108.25153375638408,108.25153375638408,9592800,False
2018-10-17,112.03530883789062,112.4691128796931,109.42441871746918,109.44047690771929,8261100,False
2018-10-18,112.06743621826172,112.31647300410776,110.62944368475056,111.8264285274506,7583900,False
2018-10-19,111.7059326171875,112.46911343529489,110.79011318382652,111.13554814831784,5924800,False
2018-10-22,111.40869903564452,111.87464403743844,110.97489493502934,111.35247084582504,4864300,False
2018-10-23,111.60951232910156,112.05939903997186,110.42055666720016,110.69369297660896,8282700,False
2018-10-24,110.4366226196289,112.5574679947779,110.19561495601128,111.28014331321113,8279200,False
2018-10-25,111.23998260498048,111.73805616201888,108.49252443015048,110.42860273655336,9720700,False
2018-10-26,110.03492736816406,111.9067356470782,108.71743293788349,110.81417839332188,11371400,False
2018-10-29,110.50090026855467,111.74609640696406,109.43244227924392,110.05102580108908,6783000,False
2018-10-30,113.07160949707033,113.35278714153434,110.05904441277892,110.806154669767,9646200,False
2018-10-31,112.46109771728516,113.61791272479552,112.1558204504655,113.27247771921496,9968900,False
2018-11-01,113.12786102294922,113.73840319363374,112.34860979741032,112.52534794700637,6913500,False
2018-11-02,113.015380859375,114.07580976362976,112.1959718968072,114.05171022109306,7673200,False
2018-11-05,114.23646545410156,114.67028169046436,111.66574570251004,113.27244707952458,5601400,False
2018-11-06,114.53372192382812,114.74258870518383,113.32065445021104,113.69823028208609,5798900,False
2018-11-07,116.28498077392578,116.3813789079162,114.8550179150094,114.95945739893594,7173600,False
2018-11-08,116.72686767578124,117.12050170227154,115.68250923797316,115.93154601183268,5497100,False
2018-11-09,116.7590103149414,117.08035801181391,115.98780035876982,116.51800260682732,5343100,False
2018-11-12,116.98395538330078,117.48204128216416,116.26897356500028,116.47785264645208,7013600,False
2018-11-13,116.22877502441406,117.89171688068488,115.21655754113556,117.4418424436722,7432300,False
2018-11-14,115.88333892822266,116.73488871224768,115.3290249817493,116.50192240192644,6433100,False
2018-11-15,116.08415985107422,116.09218894400968,114.4613882326368,115.20851065297886,6657900,False
2018-11-16,117.28117370605467,117.8836867341377,116.12434673082988,116.25288578544574,8494300,False
2018-11-19,118.67899322509766,119.24937760485642,117.58643580351809,117.6346348832974,8714600,False
2018-11-20,117.65072631835938,119.49843567453902,117.57039859044946,118.49424713945888,8937700,False
2018-11-21,114.06777954101562,117.47397893956436,113.09571972172648,117.47397893956436,10275400,False
2018-11-23,114.2605438232422,114.66221909307107,113.75444131880415,113.9552789537186,3404900,False
2018-11-26,114.29290008544922,114.84266369588671,113.7674018182571,114.80223790543673,7590900,False
2018-11-27,115.78860473632812,115.89370935762032,112.91046518416395,113.646172860763,5962100,False
2018-11-28,118.39185333251952,118.48886537894016,115.90177467254397,116.28175496932012,8411400,False
2018-11-29,117.91485595703124,119.00627844134893,117.09829681376772,117.72889976103242,6900000,False
2018-11-30,118.76374816894533,118.8445997699444,117.30851804074015,117.50254214518228,12517600,False
2018-12-03,118.2059555053711,118.54551013631948,117.17919904802451,117.68853716256028,8827200,False
2018-12-04,118.06037902832033,120.45344564125436,117.89060794712827,118.29484125540472,9803500,False
2018-12-06,117.96334838867188,118.3999148648618,115.44092455397788,116.82340767831532,11572500,False
2018-12-07,117.57527923583984,119.1194532386168,116.516190076059,117.62379758911548,9444500,False
2018-12-10,117.43785095214844,117.93910862030356,115.10947559072793,117.5429555551234,6848100,False
2018-12-11,118.44034576416016,119.82282894811554,117.8663291041922,118.27056236618591,9857400,False
2018-12-12,118.9254379272461,120.04920597125432,118.84458633538672,118.84458633538672,8869200,False
2018-12-13,119.52369689941406,120.13004683782776,118.68289707941769,118.812254693639,6008300,False
2018-12-14,107.52606201171876,117.5348828593479,105.26235297580662,116.69407065412996,58140200,True
2018-12-17,104.4053726196289,106.43461927440651,102.53781681201484,103.74243644539204,36933100,False
2018-12-18,105.44020080566406,107.36435504799992,104.4538706760818,106.75800516520196,24640100,False
2018-12-19,103.16840362548828,106.19207257333557,102.7479976195982,104.99553335166526,21232100,False
2018-12-20,103.70201873779295,104.89854590359164,102.48123239172828,103.25735962124628,16609600,False
2018-12-21,103.55648040771484,105.5857394017697,102.77227301286896,103.3220305294077,19732900,False
2018-12-24,99.31201934814452,103.48370934167342,97.82444398705066,102.91778527345504,7531900,False
2018-12-26,102.44078063964844,102.4812064284058,98.6409908846117,99.78092534387898,9253000,False
2018-12-27,103.0067367553711,103.0067367553711,99.49798835786709,101.76169739936068,9918700,False
2018-12-28,102.89351654052734,104.0900495326179,102.47311672434422,103.41094071383534,6537200,False
2018-12-31,104.3326187133789,104.73685201925312,103.0148141886381,103.62924437252715,7409900,False
2019-01-02,103.2816162109375,103.7909541562812,102.09316922928372,103.58883749050636,7631700,False
2019-01-03,101.64041137695312,103.70200345996744,101.34936293774852,103.59689886529851,8654500,False
2019-01-04,103.34628295898438,104.00921913049456,102.45697096702168,102.7722724353711,8831700,False
2019-01-07,102.68335723876952,103.766705823604,102.51357997203434,103.18460264490828,8404700,False
2019-01-08,105.06832885742188,105.50489541049322,103.26544555521248,103.62924690403132,9351600,False
2019-01-09,104.235595703125,105.29469734087976,103.75052313142508,104.96322306500738,7403500,False
2019-01-10,104.86620330810548,105.0117213680504,103.23309739680585,103.23309739680585,6224400,False
2019-01-11,104.8985366821289,104.97129571219808,103.73434285613884,104.29218675911082,5300400,False
2019-01-14,103.7100830078125,104.25984664993408,103.15223914162294,104.08198303067886,7374400,False
2019-01-15,104.58325958251952,104.6883642079217,103.20078217610735,103.90415047120624,5194400,False
2019-01-16,103.5160675048828,104.6236752368284,103.40288883208964,104.6236752368284,6264200,False
2019-01-17,104.36495971679688,104.71260680055592,103.04716126209568,103.24927793007438,7632000,False
2019-01-18,105.6584701538086,106.05461077349815,104.65596743024508,105.01977482359536,10593000,False
2019-01-22,104.1304931640625,104.69641727669242,102.68333731249714,103.64540830396804,10568100,False
2019-01-23,104.1304931640625,104.53472643540108,103.42712505141368,103.88795073401526,9267800,False
2019-01-24,102.6995086669922,104.04964637519952,101.05832249654596,103.87987530168908,9917000,False
2019-01-25,103.669677734375,103.84754138883478,102.6995201967359,103.5888384690348,7585100,False
2019-01-28,104.2840805053711,104.4134257478028,102.90968398871104,103.33008378310387,6927700,False
2019-01-29,105.36743927001952,105.4806240853297,103.88794411089545,104.25175156466244,6669300,False
2019-01-30,106.42654418945312,106.8712032927928,105.34320189129572,105.39978813923632,7299300,False
2019-01-31,107.59073638916016,109.29660140513376,105.80401977886272,106.4184622887926,17298100,False
2019-02-01,108.49620056152344,108.8923535829209,107.90602347758,108.35068251461396,9575200,False
2019-02-04,107.42903137207033,108.45577493452171,106.88736030294044,108.30217666351268,7759000,False
2019-02-05,107.42903137207033,108.23749786382588,107.3239267805518,107.94644943334508,6449800,False
2019-02-06,107.52606201171876,107.98689391315544,106.96013783679616,107.59074082259872,5066100,False
2019-02-07,106.75800323486328,107.23499550668016,106.33759720291668,107.081384898687,6085300,False
2019-02-08,107.04096221923828,107.08948057282042,106.34568051920184,106.6771547528027,4436700,False
2019-02-11,106.71758270263672,107.25925380115972,106.11931302523412,106.96820535488554,4962200,False
2019-02-12,108.46388244628906,108.5770672772885,106.7822704312821,106.7822704312821,6262300,False
2019-02-13,108.69832611083984,109.12681239911056,107.69583547543851,108.39111720783976,7902200,False
2019-02-14,108.58513641357422,108.99746223428228,107.80901546204156,108.57705618940705,3910400,False
2019-02-15,110.2586669921875,110.28292000068026,109.15105948073126,109.29658986790784,6665000,False
2019-02-19,109.7008285522461,110.25867244762097,109.65232253286057,110.0646360338582,5935500,False
2019-02-20,110.23445129394533,110.54166028423911,109.73319349759112,109.92722996742734,6089800,False
2019-02-21,109.4825210571289,109.78164968477796,108.55278960911672,109.1267938587254,6665500,False
2019-02-22,110.43653869628906,110.46887193123966,108.9974691846801,109.3774371242884,5223900,False
2019-02-25,110.84342956542967,111.89327519312224,110.5667308798504,110.96551128062268,6846600,False
2019-02-26,110.77023315429688,111.4619925683501,110.72140541552444,111.03879813558667,5106900,False
2019-02-27,110.57485961914062,110.8841183817934,110.18422546813,110.29002713283454,4378100,False
2019-02-28,111.20153045654295,112.26764384984408,110.42839583238124,110.63998678085602,10133200,False
2019-03-01,112.59318542480467,112.80477637837288,111.5026457246224,111.67355518491696,5641600,False
2019-03-04,112.698974609375,113.45584162149474,111.90955991905274,113.00009961843,8377700,False
2019-03-05,112.93496704101562,113.23607956590152,112.60129442703987,112.96751471206996,6568900,False
2019-03-06,113.1954116821289,113.6511536898576,112.79664363438548,113.5046705093898,6236900,False
2019-03-07,112.50366973876952,113.219830459984,112.06419534221354,112.73967456800226,6100400,False
2019-03-08,112.35713958740234,113.36629120806242,111.0224615951926,112.38155344436682,7046700,False
2019-03-11,112.7640609741211,113.14656131507893,111.91768490313017,112.39784067819268,6150400,False
2019-03-12,113.2686538696289,113.93599925449224,112.71525640533696,112.83732572303713,5552900,False
2019-03-13,113.45582580566406,113.80576607422176,113.13843321077172,113.60230896421292,6446900,False
2019-03-14,112.32460021972656,112.95938538379193,112.2594924569973,112.58501885260765,8493600,False
2019-03-15,111.9827880859375,112.51990536958496,111.35613676730752,112.30831446499872,11922500,False
2019-03-18,111.6328582763672,112.12929417775142,111.26663792046948,112.02349249478888,7369600,False
2019-03-19,112.66641998291016,112.97567878793387,111.87700534127195,111.99094083501164,5882500,False
2019-03-20,111.73052215576172,112.72339403343553,111.20967235255895,112.57691084724046,5475700,False
2019-03-21,112.38972473144533,112.94312217006068,111.45381447302763,111.49450838305238,5765100,False
2019-03-22,111.4212646484375,112.62572737012192,111.38057073919704,112.10487761874182,6528800,False
2019-03-25,111.1771011352539,111.5026275365733,110.46907438246431,111.42125214526156,4500300,False
2019-03-26,112.772216796875,113.3418942409962,111.43752618773824,111.43752618773824,4758600,False
2019-03-27,112.87799072265624,113.5127758481816,112.36528730159976,112.78846910659315,6764900,False
2019-03-28,113.0245361328125,113.4965582785955,112.8861867411583,113.17101934113788,4602100,False
2019-03-29,113.76508331298828,113.83833731747514,113.02450879771746,113.35003523840544,7168400,False
2019-04-01,113.1058578491211,114.17197097475017,112.91054699742406,113.92783241012886,5885200,False
2019-04-02,112.07234191894533,113.1303091640328,111.42127655563375,113.1303091640328,5517800,False
2019-04-03,111.6328582763672,112.50366076651572,111.38870723308942,112.47110067112511,5947000,False
2019-04-04,110.33072662353516,111.50262913591592,109.97264012612588,111.38869365201629,5844600,False
2019-04-05,110.82716369628906,111.15270256040876,110.43652947738336,110.71322819835665,4759700,False
2019-04-08,110.79462432861328,111.0957369347246,110.43653776024368,110.72138273545735,4329600,False
2019-04-09,110.33072662353516,110.89225781116002,109.50875195865392,110.68066688907108,5210300,False
2019-04-10,110.33885192871094,110.78646001595574,110.13539483614836,110.59113673660288,4194100,False
2019-04-11,110.03775024414062,110.82715241644652,109.39481881421464,110.6481215819496,4485200,False
2019-04-12,110.66439819335938,110.96552318872112,109.6633925951444,110.04589299133116,5756800,False
2019-04-15,111.10388946533205,111.32361425725328,110.51793185079626,110.68069509526964,5380900,False
2019-04-16,112.32460021972656,114.50565438999504,111.95023368854228,112.5687512254523,10745700,False
2019-04-17,112.73152923583984,114.05806126938847,112.0397700317278,113.1221634455076,9543700,False
2019-04-18,111.91769409179688,114.1313085121749,110.47721423030718,113.40700167434775,10485300,False
2019-04-22,112.16998291015624,112.70711269696562,111.05504184623402,111.47822372247413,4666500,False
2019-04-23,113.8546142578125,114.62776134923976,111.6979734713016,111.83632284080996,5790500,False
2019-04-24,113.28491973876952,114.04992048204215,113.00822104125636,113.6511400640707,5676300,False
2019-04-25,113.6511459350586,113.74881380007793,112.2757861905936,112.73152816722548,5218100,False
2019-04-26,114.25338745117188,114.35918913441924,113.37445114382858,113.83833936910892,4613600,False
2019-04-29,113.8057861328125,114.28594201673346,113.59419517160292,114.22084665792951,4275200,False
2019-04-30,114.91259002685548,115.11604716656946,113.0896220025626,114.09062765290471,6003700,False
2019-05-01,115.52296447753906,115.8485033604472,113.73254408467956,114.70913589732668,6656300,False
2019-05-02,114.97771453857422,115.6857415140713,114.03367029255136,115.49043057905976,8835600,False
2019-05-03,115.57180786132812,115.63691564672956,114.81495313986233,114.98585021075574,5281600,False
2019-05-06,115.63687133789062,115.75895304550508,113.87899905974132,114.13943010155702,5818900,False
2019-05-07,113.91158294677734,115.05908418069085,113.17099598718453,114.60334218033778,6606700,False
2019-05-08,113.76508331298828,114.68471351408652,113.69184172653914,114.09875598641798,4667300,False
2019-05-09,112.90242767333984,113.38259594027603,112.0153575623842,113.08147094208805,5604200,False
2019-05-10,113.16287994384766,113.32564319552944,111.01437273474376,112.65829772018198,4771600,False
2019-05-13,111.65727996826172,112.3571730517807,111.11201630359582,112.18627600212956,5560000,False
2019-05-14,111.34806060791016,112.17815702973397,111.27480657936188,111.52709151646764,7179400,False
2019-05-15,111.4212646484375,111.89328667594408,110.13541410827216,111.41311841576685,6429400,False
2019-05-16,112.4792251586914,113.27677348904224,111.47007350332416,111.8118799306174,6857200,False
2019-05-17,112.80477142333984,113.14657791087664,111.380571516251,111.49450701209662,6915300,False
2019-05-20,112.65013885498048,113.08961319664373,112.04790129782754,112.80476825600874,4771100,False
2019-05-21,112.40601348876952,113.58607501110124,112.3734658054548,113.21984217007956,4859000,False
2019-05-22,112.92682647705078,113.08145586289903,111.89327333023496,112.59316626436552,5456800,False
2019-05-23,113.76508331298828,113.81392345532542,112.03977082487408,112.71524998643748,6951800,False
2019-05-24,113.77330780029295,114.30591098648148,113.53567560730976,114.30591098648148,5473300,False
2019-05-28,112.31475830078124,115.1170946778826,112.29836685913553,113.89618858691176,11919600,False
2019-05-29,107.6114273071289,111.34787624458154,105.30892335682196,111.34787624458154,23247400,True
2019-05-30,108.25054931640624,108.83232674763303,107.48031405661612,107.7015547702384,7360600,False
2019-05-31,107.4639129638672,108.16040542424088,106.20204706857376,107.76709835990356,7811000,False
2019-06-03,107.70157623291016,108.48819058897828,107.3738098320403,107.75073806728818,8434600,False
2019-06-04,109.57797241210938,110.04503476792668,108.63567073343587,108.65206217653676,6648900,False
2019-06-05,110.11058044433594,110.72512823666018,109.68449047414924,110.37278100083071,6860600,False
2019-06-06,111.99515533447266,112.79817324875994,110.28261892056037,110.53662994330288,9115800,False
2019-06-07,113.52745819091795,114.37962557965612,112.37210540655632,112.74083156030837,6533900,False
2019-06-10,113.91256713867188,114.01908023979996,112.74902497361948,113.56842192109345,4994700,False
2019-06-11,114.53532409667967,115.25639753594,114.30589391200728,114.45337938657926,8230500,False
2019-06-12,116.0921630859375,117.1000304165709,114.96140370726047,114.96140370726047,9216500,False
2019-06-13,115.29739379882812,116.31343839791737,114.88769516938636,116.12498052921693,7500800,False
2019-06-14,114.789306640625,115.93646978164436,114.7483342957664,115.7234185895814,6548100,False
2019-06-17,114.25669860839844,114.9122185881037,114.06824083399692,114.71555884329102,5562800,False
2019-06-18,114.904052734375,115.47762820827715,114.5435160070629,115.17445527985907,7122700,False
2019-06-19,115.0843276977539,115.51041771837654,114.64185873622876,114.72379094976615,6393400,False
2019-06-20,116.52647399902344,116.6821489547242,115.53499794793385,115.73984723507556,7335800,False
2019-06-21,116.42809295654295,116.70668487893757,115.54314287687475,115.91188145398908,11272200,False
2019-06-24,117.2229461669922,117.7473598065838,116.42812998625077,116.6985325274006,5894700,False
2019-06-25,118.18982696533205,118.79617273922318,117.32945762066912,117.3950108805774,7517000,False
2019-06-26,116.23147583007812,117.87026992001644,115.33832354877669,117.87026992001644,7674100,False
2019-06-27,115.281005859375,116.76411294258514,115.2072631045548,116.5428721751142,5233500,False
2019-06-28,114.12560272216795,115.61691112722018,113.49466358903014,115.32192773407824,12792400,False
2019-07-01,114.191162109375,114.92861438033358,113.66674854929198,114.87945256267042,5872300,False
2019-07-02,114.74015045166016,114.74015045166016,113.64216157245885,114.07644094263556,4501200,False
2019-07-03,116.46913146972656,116.50190186033096,115.3629401159172,115.5350190498693,3436300,False
2019-07-05,115.1826400756836,116.2396566840272,115.01875067643154,116.14133304688058,4652400,False
2019-07-08,115.51040649414062,115.60054067237915,114.4206068856228,114.81391398020588,4078100,False
2019-07-09,115.87095642089844,116.73951541769723,115.46125783727572,115.91192877986242,4217400,False
2019-07-10,115.7070770263672,116.3462058029804,115.26459556378371,116.1741269001961,4874400,False
2019-07-11,114.80574798583984,115.70708995253004,113.91260799348932,115.48584919652252,5817400,False
2019-07-12,110.0450210571289,114.81390515868551,108.42261847649688,114.81390515868551,17780100,False
2019-07-15,110.38098907470705,111.73298929135038,110.16793782633368,110.93817310243644,10038200,False
2019-07-16,108.57010650634766,109.65990605692308,107.95555873367022,108.92244122790628,10214500,False
2019-07-17,108.04570770263672,109.4550717878791,107.67698148913908,108.56193190333832,8862100,False
2019-07-18,108.2177734375,108.57829763378464,107.48030859722058,108.26693525958396,6203100,False
2019-07-19,106.775634765625,108.4799822446023,106.67731111397497,108.36526715000804,8340200,False
2019-07-22,105.4072265625,106.6445114959994,104.75170648066369,106.52160695072006,12624800,False
2019-07-23,105.57112121582033,106.0709539557116,105.01393717948656,105.3826633803554,5803600,False
2019-07-24,106.3413314819336,106.34952095006764,105.34986820850894,105.60387925371684,6838600,False
2019-07-25,107.4393310546875,107.77528682670864,106.25120790069222,106.57077223180828,8897800,False
2019-07-26,107.11975860595705,107.5868208638125,106.92311134202215,107.5868208638125,4894600,False
2019-07-29,108.99620819091795,109.23382785393164,106.69370428868449,107.34102251090007,7832000,False
2019-07-30,108.2259750366211,108.56193086252372,107.56226535808683,108.54553941898972,5509600,False
2019-07-31,106.701904296875,108.16043031144008,106.6691214072168,107.86544681956124,8559200,False
2019-08-01,106.75923919677734,107.12797788222964,105.71861391567752,106.7346582848148,7870700,False
2019-08-02,107.39836883544922,107.7261226282776,106.33315025424832,107.22628996726058,6574900,False
2019-08-05,106.65274047851562,107.71795931840082,105.71042621503656,107.26728836656376,9480000,False
2019-08-06,107.1525650024414,107.52129120625004,106.18566989820177,106.80021773888538,7880600,False
2019-08-07,106.6937026977539,107.26727817148232,105.0385170424168,105.99721015629308,6771700,False
2019-08-08,107.89817810058594,108.11941876506287,106.71005509277296,107.32460276953876,5260500,False
2019-08-09,108.19317626953124,108.78314312008236,107.5294666884128,107.99652898801834,4677300,False
2019-08-12,108.10305786132812,108.73399715519952,107.57864419581384,107.75072309523622,6852100,False
2019-08-13,109.32394409179688,109.88114054241296,108.1604018750172,108.40622347078886,5013200,False
2019-08-14,106.73464965820312,108.60287383440335,106.62813654930986,108.59468436541346,7736200,False
2019-08-15,106.96409606933594,107.39838805189837,105.90707927078086,106.66092313157364,7251200,False
2019-08-16,107.63600158691406,107.89001268278572,107.01326430338978,107.72613576638535,5858900,False
2019-08-19,108.3652572631836,108.62747031433724,108.01292254157816,108.57010652076995,4958000,False
2019-08-20,107.01327514648438,108.70123131215368,106.89856004307993,108.12765579513136,7302000,False
2019-08-21,107.77529907226562,108.49637251794636,107.218115048245,107.91459507827076,6912800,False
2019-08-22,107.56228637695312,108.26696855052106,107.17716864820028,107.8326889845675,7213500,False
2019-08-23,104.66159057617188,107.55405498358422,104.16994733261951,107.39838004269946,15714000,False
2019-08-26,105.50364685058594,105.73479623731616,104.53776362982268,105.18993871286771,8889500,False
2019-08-27,107.02262115478516,109.30109884596892,106.5768366965932,107.22075457881245,20183800,False
2019-08-28,106.23008728027344,106.38694131417834,104.85144840188391,105.5531535404713,9878800,False
2019-08-29,105.86688995361328,106.65939857321548,104.70287953458158,106.36220469169032,6749900,False
2019-08-30,105.96593475341795,106.5768366966474,105.3550391085363,105.89163944316851,7371100,False
2019-09-03,106.27964782714844,106.47776866374171,105.26423445117142,105.66048872105412,5710200,False
2019-09-04,106.37870025634766,106.98133875022064,105.7347823923858,106.89879260673806,4807200,False
2019-09-05,106.14752960205078,107.23723169292312,105.9246311256502,107.23723169292312,4754100,False
2019-09-06,105.84212493896484,106.68416377344026,105.72655024030956,106.39523332515073,6758300,False
2019-09-09,104.80193328857422,105.80083873129854,104.50473942597576,105.66874977087777,7684700,False
2019-09-10,106.94832611083984,106.94832611083984,104.29834666841948,105.12388370887876,8239500,False
2019-09-11,108.28569793701172,108.37650752023724,106.56032845242278,107.2042463710416,6203600,False
2019-09-12,107.67478942871094,108.78101862910027,107.36934475670328,108.44254542154312,5250000,False
2019-09-13,107.96372985839844,108.61591115466616,107.28679605610134,108.41777773617434,5369800,False
2019-09-16,106.94007110595705,107.93897654617751,106.76671536794882,107.41063330251534,5101700,False
2019-09-17,107.04740142822266,107.73259877880264,106.58510263667408,106.98962037762774,4976400,False
2019-09-18,107.6583023071289,107.7821278404352,106.3126727272801,107.23727030049308,4373600,False
2019-09-19,107.4106216430664,108.30220313184556,106.7914688811388,107.0143674025074,4730100,False
2019-09-20,108.68195343017578,108.97089645187066,107.55922247801593,108.1453593575383,12053100,False
2019-09-23,108.7562484741211,109.01216292761292,107.72432722830251,108.161860828794,5183700,False
2019-09-24,108.5993881225586,109.61479504240144,108.4260198207834,109.05343596368968,7102600,False
2019-09-25,108.13710021972656,108.61591320928444,107.509684014315,108.55811957070372,4522900,False
2019-09-26,106.37045288085938,108.40126694965718,105.69350646012973,108.21964779271488,7545800,False
2019-09-27,106.1640853881836,106.82450504861406,104.59555720291732,106.17233622509482,6006500,False
2019-09-30,106.8079833984375,107.55096167581092,106.49427530071772,106.55206893837988,6552100,False
2019-10-01,107.31157684326172,107.980259907949,107.12995766560628,107.33634194960592,7673000,False
2019-10-02,108.97089385986328,111.19984144220308,108.32697594933614,109.5982975018216,12051800,False
2019-10-03,108.30223083496094,109.27635871648988,107.32809035673358,108.67372006780336,6997600,False
2019-10-04,110.34129333496094,110.39082354617436,108.35174587324312,108.42604119006332,7233300,False
2019-10-07,109.9285125732422,110.47337002948468,109.08646128602156,109.87071893544592,5427200,False
2019-10-08,108.83879852294922,110.01105958867846,108.5498681217647,109.34237661285432,7870400,False
2019-10-09,106.6759262084961,108.35176584584256,106.09805264332472,108.26095624297996,7787700,False
2019-10-10,106.54380798339844,107.41887522717714,106.18883310389012,106.4529984054575,5119700,False
2019-10-11,108.41779327392578,109.48273063378828,107.99677387057493,108.26093920306069,7161400,False
2019-10-14,107.91416931152344,108.44251234892278,107.6665057572162,108.44251234892278,5700000,False
2019-10-15,109.66432189941406,110.82833198480738,109.0534326378809,109.79641083038644,10008800,False
2019-10-16,111.58785247802734,112.76011369236346,110.4568706395778,111.36495392559746,12434200,False
2019-10-17,112.4133758544922,113.5030907804187,111.98409307185186,112.2400201323555,8434000,False
2019-10-18,105.42107391357422,110.94391853935234,105.42107391357422,110.05233705478456,25868700,True
2019-10-21,105.68524932861328,107.04738032783987,104.89272827310492,106.22184333517046,13823600,False
2019-10-22,106.65937042236328,107.76558690180283,105.74302391257224,106.296132152292,7613700,False
2019-10-23,107.23726654052734,107.7160795803522,106.55208181799352,107.03914569418376,6693400,False
2019-10-24,105.25596618652344,107.79862162639736,104.10021314127646,107.66653268483888,12111600,False
2019-10-25,105.95767974853516,106.5768325029753,105.09911420822893,105.52839697838203,6947300,False
2019-10-28,106.64289093017578,107.3198374899893,106.08978251010038,106.18059210722906,7876300,False
2019-10-29,106.5933609008789,107.2950725705375,106.13106207711718,107.07217399597444,4506300,False
2019-10-30,109.66432189941406,110.23394439212542,108.74797541042054,110.04407442678622,9627600,False
2019-10-31,109.00390625,109.6643384075854,108.05454368369926,109.28459841974338,7686700,False
2019-11-01,108.31045532226562,109.79642448882184,108.26092511616298,109.01216683324074,5541800,False
2019-11-04,107.50967407226562,108.92959864193668,107.39409940248748,108.80577313742236,6140300,False
2019-11-05,107.66654205322266,108.533358487169,107.05564009287949,107.75735163385887,6257300,False
2019-11-06,108.11235809326172,108.54162837096936,107.07217315130544,107.66656094765244,5450000,False
2019-11-07,108.50035095214844,109.28462138976454,108.15362683079633,108.7480146378852,5873700,False
2019-11-08,109.79642486572266,109.82944080433931,108.12058570445517,108.39301443565024,5003000,False
2019-11-11,108.9543914794922,109.40018860261948,108.41779736106956,109.19380431142656,4371400,False
2019-11-12,108.43429565429688,109.04518500433066,108.16186691845924,108.97088969365556,5228700,False
2019-11-13,108.36829376220705,108.54991299079876,107.91424569072764,108.17841109805164,5885400,False
2019-11-14,108.11235809326172,108.44256793714422,107.43541153759506,108.170139147427,4217500,False
2019-11-15,111.39798736572266,111.42275247300468,107.9637497267079,108.35175320305656,10495100,False
2019-11-18,111.3071746826172,112.01713713061524,109.51576059100866,110.80359652070348,9291800,False
2019-11-19,111.29890441894533,111.6043490780922,110.79532634493032,111.44749503257516,5192200,False
2019-11-20,112.22350311279295,112.55371287799112,110.67975293561425,111.53830588314648,7594400,False
2019-11-21,112.63626098632812,112.97473415156082,111.44748578910662,112.22349252044252,6424900,False
2019-11-22,113.98189544677734,114.44419413431342,112.68579635800452,112.80962186477508,9235800,False
2019-11-25,114.03174591064452,114.42243743009652,113.25037555570654,113.93199920234731,6111900,False
2019-11-26,114.02345275878906,114.1647648419309,112.34431107468828,113.44157574468512,10636500,False
2019-11-27,114.50562286376952,114.92125125891933,113.79904951842606,114.01518440164604,5523000,False
2019-11-29,114.28947448730467,114.93785362051383,113.83228082056256,114.3809132206531,3278900,False
2019-12-02,114.18142700195312,114.58874737323777,113.7574906282276,114.48067993751565,4717100,False
2019-12-03,114.01517486572266,114.25623373380031,113.18391814494714,113.80736068552878,5741400,False
2019-12-04,115.86058044433594,116.15983340899696,114.74668665789228,115.12907037872624,7257300,False
2019-12-05,116.01019287109376,116.16813368693724,114.67186896311972,115.83563605229855,5472900,False
2019-12-06,116.69182586669922,117.68933142343248,115.927071183738,115.927071183738,6640400,False
2019-12-09,116.79154205322266,117.04922954717922,116.42578715187732,116.70010332788632,4241000,False
2019-12-10,116.36762237548828,117.20718702125536,116.30112032176864,117.04093822894116,5310300,False
2019-12-11,117.19054412841795,118.02180067317558,116.89961194813375,117.14897876438644,6631500,False
2019-12-12,117.4897918701172,118.08829757096927,116.98272489256104,117.47317587240354,5012400,False
2019-12-13,117.52306365966795,117.87218991402634,116.63361299806483,117.29031282342906,4257200,False
2019-12-16,117.86388397216795,118.7450267441046,117.61451710498586,117.81401059873156,5353100,False
2019-12-17,119.335205078125,119.7425254111605,118.47070372544228,118.86970337406736,10722400,False
2019-12-18,119.0276336669922,119.6012027460111,118.65357073666608,119.46819864688256,7849200,False
2019-12-19,120.82315826416016,121.2637232707085,119.37676713754854,119.6095179831224,9414700,False
2019-12-20,121.4133071899414,122.8929425603432,120.36592869703996,122.09494352307524,14532800,False
2019-12-23,121.7292251586914,121.9952206895046,120.81483777533715,121.14734804381588,6558700,False
2019-12-24,121.30523681640624,121.37173884853748,120.7482965667686,121.36343085100822,4238900,False
2019-12-26,121.22218322753906,121.51311550330324,120.6652426818474,121.33855867463924,3019300,False
2019-12-27,121.15563201904295,121.82063974016052,120.9810625772123,121.5296948984318,3432700,False
2019-12-30,120.78160858154295,121.52973458462525,120.55716570702972,121.1806082709221,2923300,False
2019-12-31,121.25540924072266,121.37178466989596,120.34934249330392,120.61535072225465,4435000,False
2020-01-02,121.3385238647461,121.38008923049443,120.59870601671317,121.2553931332494,5777000,False
2020-01-03,119.93370056152344,120.8397672062959,118.86969313420056,119.2853214318726,5752400,False
2020-01-06,119.7840805053711,119.86719855455372,118.74500976082058,119.70094977221945,7731300,False
2020-01-07,120.51558685302734,120.90627849741892,117.52307049143846,119.70926687919535,7382900,False
2020-01-08,120.49893188476562,121.34680427017646,119.45154071554556,120.42410916984568,6605800,False
2020-01-09,120.85636138916016,121.38836495095192,120.52386391952734,121.16392218276876,6112700,False
2020-01-10,120.58208465576172,121.5130880220081,120.44908055087808,121.15565375959906,5042600,False
2020-01-13,121.11412811279295,121.18893818983668,120.299499900156,120.9312505795925,4593200,False
2020-01-14,121.79571533203124,121.87052537865308,120.30775897916492,120.5737671680006,7037500,False
2020-01-15,122.2030258178711,122.52721537819345,121.56296738080444,121.69595879439574,4960300,False
2020-01-16,123.19222259521484,123.72422629895247,121.5297094355386,122.5438434776586,6476000,False
2020-01-17,123.99853515625,124.19804128983654,122.96777249200495,123.36678475917805,9083600,False
2020-01-21,124.0816650390625,124.82979083798016,123.44159396329734,123.50809600737392,9543900,False
2020-01-22,123.23380279541016,124.00686541941288,121.3634752656316,121.94535240476864,10305300,False
2020-01-23,123.46653747558594,123.66604361885412,121.9952097934086,123.0592171895683,8671900,False
2020-01-24,123.2919921875,123.81567525092863,122.96778991799056,123.50811434986976,9051900,False
2020-01-27,123.6494369506836,124.2396348021181,122.19473769244026,122.62699473783016,7587100,False
2020-01-28,124.2728500366211,125.16230060344868,123.1506486583554,123.40834883470352,7336600,False
2020-01-29,125.13733673095705,125.67766101798588,123.96527481065608,124.23127027118991,6288600,False
2020-01-30,124.98772430419922,125.11240770207766,123.89878034950348,124.71340814489945,6470600,False
2020-01-31,123.74915313720705,124.68847705656955,123.5579676905646,124.48066292814194,8651700,False
2020-02-03,124.82977294921876,125.09578108740472,124.05671058005228,124.20633064480728,5765200,False
2020-02-04,126.0185317993164,126.97447201421444,125.68602147989448,125.92709304697183,6541400,False
2020-02-05,128.0052032470703,128.03013992934888,125.7774290530908,126.11824728952293,5979900,False
2020-02-06,127.62283325195312,128.42915322217564,126.96614607532372,128.22133905838572,6201200,False
2020-02-07,126.2595672607422,127.56464623992852,125.97694305464036,127.46488682062189,5700300,False
2020-02-10,126.2346649169922,126.27623029601304,125.42834476308468,126.08503208931172,4835600,False
2020-02-11,126.34272003173828,126.66690966209605,125.96864434104182,126.59208691357377,3715300,False
2020-02-12,125.59455871582033,126.47568869687944,125.45324661357208,126.24293785976832,5166800,False
2020-02-13,124.7633056640625,125.55299693280396,124.58874887323034,124.82149971698637,5480200,False
2020-02-14,124.79654693603516,125.22048320020268,123.98190640399366,125.15398115571143,5716300,False
2020-02-18,123.97362518310548,125.30364099227609,123.90712312424984,125.07919812913474,7230700,False
2020-02-19,123.80742645263672,124.48905063464495,123.50817340873712,124.0318694065554,6115200,False
2020-02-20,123.33354949951172,124.17312686369046,122.527229505542,123.53305566885494,7464700,False
2020-02-21,124.63030242919922,124.88800264313106,122.6435995592697,123.10079324983292,7776800,False
2020-02-24,122.06207275390624,124.64703162128002,121.50994189926794,122.55563847327196,10588900,False
2020-02-25,121.00800323486328,122.7647785967019,120.32203291552068,122.12899967086597,10529000,False
2020-02-26,120.19657135009766,122.3214344755328,120.12128424124508,121.59363356024998,10093800,False
2020-02-27,116.38184356689452,121.10839981142762,116.23963036247208,119.25960262423378,12566700,True
2020-02-28,112.50022888183594,114.85095299354457,109.43843868136167,113.23640343477182,19820300,False
2020-03-02,117.134765625,117.22678744558976,112.10704770027698,112.75120044440528,11508200,False
2020-03-03,113.42880249023438,117.94621961880024,111.34578295984292,117.11802328735028,13662500,False
2020-03-04,120.02921295166016,120.16306515548123,114.72544383252462,115.17717906435988,10560500,True
2020-03-05,118.79949188232422,119.3599837146717,116.98416416013444,117.78726474616786,11339200,False
2020-03-06,118.8162078857422,119.63603029714244,114.95131803857788,115.84642752794528,12239100,False
2020-03-09,114.13985443115234,116.85029130518224,112.85154933004682,114.04783263821624,13848600,False
2020-03-10,118.4899673461914,118.749298049054,112.29107511418069,117.09291828265556,12698100,False
2020-03-11,110.25824737548828,116.07231767165705,110.00727764917404,115.52018682673582,17763400,True
2020-03-12,104.91265106201172,111.89789665871898,104.15138087717656,106.50210478070292,21539200,False
2020-03-13,112.34127807617188,112.86831327810673,104.27687231897448,108.18359989539776,20084200,False
2020-03-16,106.3515396118164,111.897912857759,102.41972239781929,103.37339732006414,18877900,False
2020-03-17,114.26537322998048,114.41596020105814,106.92040021311814,107.53945729003212,18911800,False
2020-03-18,112.90177154541016,113.4957200417997,107.67328875750653,109.60573395353964,17521100,False
2020-03-19,106.28460693359376,112.9268739014493,105.53170409124824,112.9268739014493,18482300,False
2020-03-20,100.29484558105467,106.61085520710796,98.82250307230326,106.10055478729797,19785100,False
2020-03-23,92.97496795654295,99.18222093282426,91.31858825226898,97.87719372552658,20815200,False
2020-03-24,99.70092010498048,100.09410313933672,95.25043459420677,99.34956749733632,17604800,False
2020-03-25,99.88493347167967,103.69963235736134,97.62622514534836,99.47502222043671,13986100,False
2020-03-26,105.8830337524414,106.32640800204518,100.70474317006484,100.86369106423383,15066800,False
2020-03-27,103.03038024902344,106.76142432112496,100.87206129974818,101.76717718271397,12133200,False
2020-03-30,111.2704849243164,112.09032029145706,106.66105867045364,107.46415931697769,21754000,False
2020-03-31,109.69776153564452,113.52919545608744,108.79427813055374,112.92687318602692,15746100,False
2020-04-01,107.75694274902344,108.94485257197915,104.98794015465144,106.82836364423288,12606100,False
2020-04-02,111.38758850097656,112.0986672424095,106.42681032401887,108.01626393271002,11594500,False
2020-04-03,112.24088287353516,112.7595442753396,110.07420269487096,110.74345103694633,10071200,False
2020-04-06,116.91722106933594,117.92946082334988,113.38694892404273,114.6166889386986,14994400,False
2020-04-07,115.00990295410156,118.81624151742687,114.82585931263247,117.00091356734762,11567100,False
2020-04-08,119.8451690673828,120.5729824458366,114.85929575339276,115.23574390646957,10758200,False
2020-04-09,118.14698028564452,121.65215730764665,117.35225342795968,120.47260848721544,11125400,False
2020-04-13,116.92562103271484,118.3645006546665,115.31105875576309,117.11802564354215,8153200,False
2020-04-14,122.16246032714844,123.32527445241132,120.50608046317964,121.65215986844451,13838000,False
2020-04-15,123.52606201171876,123.73520135031444,120.0794370315624,121.7609254833771,11962300,False
2020-04-16,125.20753479003906,126.0524531029909,122.50545817231225,124.06981630391432,12181700,False
2020-04-17,127.1734619140625,127.4076969692798,125.14899449976826,127.14836621277874,10920000,False
2020-04-20,126.88063049316406,127.99325311410792,125.55886856974617,126.26157356249492,12226200,False
2020-04-21,125.21591186523438,126.85557006905636,124.28734535832646,125.58399918230788,9951100,False
2020-04-22,127.98487854003906,129.6663537579417,126.93080839805202,127.83429162053436,11515600,False
2020-04-23,130.09300231933594,131.33947711147218,128.57883586762418,129.03894486907376,10665000,False
2020-04-24,129.54922485351562,130.75386904398505,128.52862423463725,130.14318597362256,8653400,False
2020-04-27,129.07241821289062,130.54476720772294,128.82982221616095,129.50743157635029,8924000,False
2020-04-28,126.64639282226562,128.0769112375259,126.06916631724567,126.52927532594634,8558700,False
2020-04-29,125.68439483642578,126.84720917164567,124.78091126616916,126.63806981088774,9285200,False
2020-04-30,125.5170440673828,125.84330088401305,123.10776786951747,124.19529484656844,14829600,False
2020-05-01,124.05305480957033,125.20750776739524,122.798219077969,125.16567735670536,7309000,False
2020-05-04,124.0363540649414,124.71396343348806,123.04920981624466,124.45463271365924,7198400,False
2020-05-05,125.0652847290039,126.1360767810811,124.34584512231002,124.64700618475976,6562300,False
2020-05-06,123.8773956298828,125.75128841255837,123.8439261925072,125.4835839729546,6191600,False
2020-05-07,123.46746826171876,125.0903911955578,123.08265911618224,124.95653898630628,5570500,False
2020-05-08,124.39608764648438,124.79763163988252,123.71847816860834,124.58013130280298,4712100,False
2020-05-11,124.73905181884766,125.5672480901054,123.91085554758988,124.18692097134247,5887500,False
2020-05-12,123.091064453125,125.76804577866382,122.99904262170708,125.56728015728206,7039200,False
2020-05-13,123.08269500732422,124.60522284577196,122.14574203419572,122.20430717963944,6970500,False
2020-05-14,123.5093231201172,123.60970591450092,120.6817552730251,121.62706913631128,6871400,False
2020-05-15,125.8516616821289,125.88511835212532,121.85291946296842,123.70170364544153,10340400,False
2020-05-18,125.9186019897461,128.51192182942935,125.86841059666556,127.56662080842756,7388400,False
2020-05-19,124.6637725830078,126.403813301063,124.14509837623132,125.5672559999702,6107300,False
2020-05-20,123.54280090332033,125.8098772610026,123.19982204229564,125.27448099139978,5713400,False
2020-05-21,122.73129272460938,124.22872425566996,121.98675744673496,124.22872425566996,6487300,False
2020-05-22,121.61097717285156,123.22829975643964,121.34984877154363,121.77945871864524,6140900,False
2020-05-26,121.77103424072266,123.35466832223884,121.55202621271349,123.14407923068993,7072300,False
2020-05-27,122.04901123046876,122.35226003108204,120.46537717689505,121.56887479394476,7950000,False
2020-05-28,123.80109405517578,124.76137962698284,122.82395776011992,123.00085822089252,6189600,False
2020-05-29,125.30052185058594,125.8059408615711,122.41966433598496,124.63506591101684,8504000,False
2020-06-01,123.9864273071289,124.955131922151,122.99244017774028,124.07065522611413,6141800,False
2020-06-02,124.87928009033205,124.9635208337497,123.0850576528648,123.87687436899272,6078300,False
2020-06-03,125.21624755859376,125.62900673556236,123.36306643642648,125.10674998974017,6339500,False
2020-06-04,123.59893035888672,124.98039411034875,122.63022580178546,123.6579014666539,8170500,False
2020-06-05,124.07909393310548,126.05020472330848,123.48944705398551,124.4076123981393,9725400,False
2020-06-08,123.63262939453124,124.34020555391056,122.76500349243454,122.88293285233112,7555600,False
2020-06-09,122.95035552978516,125.78909270937504,122.68921422831394,124.87934618297687,8247200,False
2020-06-10,124.50023651123048,126.37868705091294,123.48941174273172,123.48941174273172,10137100,False
2020-06-11,118.66272735595705,125.65428718645909,118.561648713461,125.15730005640424,11913300,False
2020-06-12,119.7409210205078,121.05500740515616,118.16571914045043,120.32214881781992,8687400,False
2020-06-15,118.98282623291016,119.95153082727694,117.41604301581587,118.77223715993156,8649600,False
2020-06-16,121.68679809570312,122.495452954754,120.26321387646672,121.375117520996,7579100,False
2020-06-17,121.31616973876952,122.49546353227495,120.85287115798585,122.05743461468508,5100100,False
2020-06-18,120.80230712890624,121.40037283997984,119.50507136798184,120.05261061633824,4797400,False
2020-06-19,121.15612030029295,122.882953458833,120.66755205498214,122.8071316157063,12206900,False
2020-06-22,120.78546905517578,121.01290885456844,119.63986397577094,120.85285910141572,5285600,False
2020-06-23,120.33901977539062,121.36669547465527,120.18738895986888,121.08029742163713,5921600,False
2020-06-24,117.77828216552734,119.77466279076766,116.85168495155892,119.18501586066915,8211200,False
2020-06-25,117.65192413330078,118.41005265226464,115.85770077709304,118.41005265226464,7421200,False
2020-06-26,116.08512115478516,117.59294614924544,115.41966532460708,117.5339750378774,12849700,False
2020-06-29,117.12120056152344,117.67715873912616,116.2283050447688,116.86850398382728,5309800,False
2020-06-30,118.46054077148438,118.78905913167928,116.11036008803836,117.42443352881796,7738300,False
2020-07-01,118.2499542236328,119.10072926313484,117.98039410022577,118.51108255984956,6174800,False
2020-07-02,118.74696350097656,119.47980933719778,118.20785600643774,118.98282222650376,5152200,False
2020-07-06,120.4400863647461,121.1055549633086,119.51350225299556,119.75777989651702,6156400,False
2020-07-07,120.33058166503906,121.27401644386237,118.9659559561441,119.10073602550024,5622600,False
2020-07-08,120.68441772460938,120.78549639017588,119.36191186786088,120.34746741715436,6257400,False
2020-07-09,120.02737426757812,121.66153497124564,118.41847037561044,120.25480125293032,5738600,False
2020-07-10,119.92626190185548,120.34744005039424,119.1344449260687,120.24636140781278,4282400,False
2020-07-13,122.31856536865234,123.52312872174072,120.6928110074399,120.97079013199966,6951900,False
2020-07-14,124.601318359375,124.99722677240268,122.36064794805549,122.41120011312393,7447100,False
2020-07-15,124.8877182006836,126.53032297623136,124.86244854444452,126.12598276973677,8512800,False
2020-07-16,125.72169494628906,125.79750393884228,123.5568327900066,125.24154562010762,9304700,False
2020-07-17,125.80591583251952,126.84201046023507,125.24995760171144,126.35344227437376,7441100,False
2020-07-20,126.01649475097656,126.62299225330052,125.03092666969827,126.54717042550818,6191500,False
2020-07-21,126.13446807861328,127.7602099687216,125.93229788958136,126.01653868167972,5575900,False
2020-07-22,126.36188507080078,126.69883535916058,124.54240492701486,126.29449501312882,5910200,False
2020-07-23,126.02494049072266,127.06946704540913,125.74696133858824,126.53035946793771,6566300,False
2020-07-24,124.7697982788086,126.85885094349833,123.85163309053908,126.77461018078142,5405900,False
2020-07-27,123.9780044555664,125.44370916761522,123.7084571007097,124.13805422251484,5675200,False
2020-07-28,123.68318176269533,124.66031819255892,123.61579171373876,124.16331818817156,4842200,False
2020-07-29,123.4389190673828,124.22231731650989,123.04302332715145,123.3125707304303,4489100,False
2020-07-30,123.69163513183594,124.24759355049086,123.10198810599336,124.1970542130388,5922500,False
2020-07-31,122.78181457519533,124.20539837193206,121.26558395113652,123.53994274055812,8259600,False
2020-08-03,124.12118530273438,124.4918112162894,123.11034762818532,123.3125177337621,4078700,False
2020-08-04,124.01171112060548,124.01171112060548,122.83241729353126,123.81797274615872,4162200,False
2020-08-05,125.00566864013672,125.77221595095604,124.50026257674212,125.5953283274359,5467500,False
2020-08-06,124.2896728515625,125.72167597033952,123.40519617859124,125.00566798428255,4837900,False
2020-08-07,125.17413330078124,125.21624082704962,123.95270655895293,124.25595529742952,3635100,False
2020-08-10,124.69400024414062,125.51950580717994,124.43287185147878,125.39315750535546,4096600,False
2020-08-11,123.80109405517578,125.70481447554116,123.29567518439907,125.6290055009254,6388400,False
2020-08-12,126.0670394897461,126.5556076572625,124.23912796921223,124.28123549905318,5257300,False
2020-08-13,124.66871643066406,125.67112235579565,124.27280799211066,125.12358311892996,5155500,False
2020-08-14,124.87091064453124,125.79749492267328,124.31495236564326,124.34022202801654,4240200,False
2020-08-17,125.50267791748048,126.54719157120154,124.8624788617542,124.93830070221615,4306900,False
2020-08-18,126.42926788330078,126.4376996733636,125.14889542092448,125.73011053502684,4322600,False
2020-08-19,126.68195343017578,127.68435940448154,125.7806389441492,125.99964693763788,7816300,False
2020-08-20,127.54959869384766,127.68437879646544,125.97439641118352,126.14286511278677,4874700,False
2020-08-21,128.67832946777344,129.42802597736696,126.8504180422103,127.85282398440135,6722800,False
2020-08-24,129.0175323486328,129.65350443633008,127.49120968926756,129.51784022450747,5387900,False
2020-08-25,128.94122314453125,129.79767386568443,128.5002788593279,129.55175740438642,3863500,False
2020-08-26,129.14471435546875,129.4414935200357,127.73709324925451,128.77160871874852,8008300,False
2020-08-27,129.72134399414062,129.95877254023495,128.79706765835294,129.24648690195193,5575400,False
2020-08-28,130.28103637695312,130.3319120873458,128.8055760811216,129.51787484328537,5395700,False
2020-08-31,130.08599853515625,130.9254735700593,129.11083338479347,129.7383306222733,6362700,False
2020-09-01,128.4833526611328,130.65413579113448,127.2538089440962,130.47605787456789,6307700,False
2020-09-02,130.442138671875,130.86612013556612,126.5584669117979,127.86432412685606,6881900,False
2020-09-03,126.81282043457033,131.83275791000872,125.75286709248743,131.29006231641765,8672800,False
2020-09-04,125.99878692626952,127.99997961338266,124.76076850782736,127.33856967719898,7200100,False
2020-09-08,124.8709945678711,127.94910360570611,124.56572744892146,127.40640794300512,8756800,False
2020-09-09,126.94001007080078,128.12716558110495,125.60022748940692,125.62566533458856,6960700,False
2020-09-10,124.5741958618164,127.00784452384543,124.24349094628325,126.55842535501532,6191800,False
2020-09-11,125.31194305419922,125.94791516183884,124.3367909980394,124.69293382565132,3934700,False
2020-09-14,125.7952880859375,126.74500229304805,125.50697089687696,125.60024732356716,4375800,False
2020-09-15,126.2531967163086,127.6947310705526,125.93945458113603,126.72805387404664,3658800,False
2020-09-16,125.8376693725586,127.24529067027554,125.79528158534174,126.67715716938892,4323000,False
2020-09-17,124.79469299316406,126.03272446623546,123.84497872706204,125.53241654351928,5461400,False
2020-09-18,126.49910736083984,126.89765098462637,123.972181378935,124.23504782464782,12174000,False
2020-09-21,123.03942108154295,125.43914468508088,121.22478100613624,125.1423654355454,7574500,False
2020-09-22,122.28469848632812,123.25137538215792,121.86919213310324,122.6917169322346,5295900,False
2020-09-23,122.4797592163086,125.1169242639411,122.428883514246,125.05756065227702,8784400,False
2020-09-24,122.6747589111328,123.16657881638751,121.54696699822034,122.581482499121,5614800,False
2020-09-25,123.51427459716795,124.01456958451804,122.01337669623122,122.1066531293716,5531200,False
2020-09-28,124.74381256103516,125.74440249074992,124.15871613754032,124.42158254487605,5843200,False
2020-09-29,124.70140838623048,125.4306569181511,123.85344557882904,125.15931554800318,6768600,False
2020-09-30,126.2447509765625,126.96551185112942,124.51489899982164,125.03215701045914,8487700,False
2020-10-01,124.92186737060548,126.89760901522324,124.1926189532568,126.60930481133472,6457800,False
2020-10-02,124.00611114501952,125.84618926328314,123.6584432170682,123.98067329067072,5485600,False
2020-10-05,125.69352722167967,125.82072941007158,124.15871656284077,124.65053655907349,4992800,False
2020-10-06,124.02301788330078,126.01573537235116,123.69231295308433,125.73590613310895,5118200,False
2020-10-07,125.396728515625,125.69350769800268,123.64143951177276,124.2180608773682,5603100,False
2020-10-08,126.2531967163086,127.0672468002075,125.53242306974305,125.92249170010624,4413500,False
2020-10-09,128.01695251464844,128.4494089102002,126.72804535960888,126.89763534185155,5054100,False
2020-10-12,128.75465393066406,129.85700803416003,128.0593312412763,128.551151162494,7273200,False
2020-10-13,125.8037567138672,127.29616652678736,125.30346178633476,126.34645236755496,11057600,False
2020-10-14,125.58330535888672,126.37190461189776,124.98124603221714,126.19383965619885,7706400,False
2020-10-15,124.81166076660156,125.41370717714956,124.08241215828662,125.05756431339856,5978600,False
2020-10-16,125.58330535888672,126.1429510156841,124.6590160033895,125.15932392680254,6097000,False
2020-10-19,122.3779754638672,126.26163300212112,122.21686049066564,125.94789096307588,7250800,False
2020-10-20,122.57301330566406,123.59056597808414,122.20838260920704,122.6662897220708,5325400,False
2020-10-21,122.04728698730467,123.2429177130719,122.03033704627538,122.20840199928718,5221300,False
2020-10-22,123.02244567871094,123.5397035089,121.97096713929294,122.2423214483888,5279700,False
2020-10-23,123.1581039428711,125.04905709088196,122.4034176774222,123.7007995389368,4154400,False
2020-10-26,122.08121490478516,122.75958778564949,121.04669917271652,122.47127057753374,6929500,False
2020-10-27,121.38585662841795,122.35253359920718,121.19082882821844,121.88616446032366,4890100,False
2020-10-28,117.32416534423828,120.39378737228608,117.17152527062136,119.92740511802464,8426100,False
2020-10-29,116.33201599121094,117.61243513247383,115.36533893846293,117.01886377357332,7205400,False
2020-10-30,116.26417541503906,116.62879319391492,113.33021855027702,115.89954469727822,7364100,False
2020-11-02,117.60395050048828,117.87529183988468,116.5863978347045,117.8498539936564,7088000,False
2020-11-03,117.44286346435548,119.52885792369194,116.83232913181246,118.73177071515596,6363000,False
2020-11-04,118.2060089111328,120.868611580322,117.61243754008149,118.28233539653516,10263500,False
2020-11-05,118.5112762451172,120.26656545141368,118.08729484520622,119.1811741027524,8016200,False
2020-11-06,120.62271881103516,121.41980598271482,118.41801016336316,119.05398231878162,5942500,False
2020-11-09,123.87042236328124,126.3379975151564,122.88678229094184,125.86312742103982,12351600,False
2020-11-10,125.7358856201172,126.13442905290748,124.02299764975557,124.86248523052524,7386500,False
2020-11-11,125.32889556884766,126.51603822937976,124.53180852296845,126.49060038228868,6382400,False
2020-11-12,125.7529067993164,126.04968606547834,124.43856165234882,125.16781029951946,4710300,False
2020-11-13,127.10963439941406,127.54210376224468,125.84617795070406,126.42278651596206,5893500,False
2020-11-16,127.91520690917967,128.29678762123746,127.02484328845364,127.97455758315512,6266400,False
2020-11-17,126.64325714111328,127.72864855672827,126.44821636912532,127.194427819443,7297700,False
2020-11-18,124.96427917480467,126.99090983810996,124.96427917480467,126.236223430575,6661000,False
2020-11-19,124.76924896240234,125.04060327578324,123.45490400209606,124.90492611909278,7987700,False
2020-11-20,124.10782623291016,125.44760890494128,123.91279842702949,124.69292258943663,6354900,False
2020-11-23,122.84412384033205,124.67137315542428,122.1354225740344,124.67137315542428,7318300,False
2020-11-24,122.84412384033205,123.6040543258425,122.62212621414496,122.95512916782272,11034800,False
2020-11-25,122.68190002441406,123.10029373257228,121.98174558594008,123.00636914620188,7594600,False
2020-11-27,122.95516204833984,123.51870966797289,122.28915596288182,123.38208969434102,3059000,False
2020-11-30,123.5357437133789,123.68944439901055,122.15250268666504,123.15151154249108,15663200,False
2020-12-01,125.90093994140624,127.33542337612391,124.54331337248816,124.9104648351483,9738200,False
2020-12-02,126.49008178710938,127.83064041857288,126.11438349475544,126.2424695646726,7745500,False
2020-12-03,127.22440338134766,127.71964087742832,126.10585534226637,126.40469679467758,7310500,False
2020-12-04,128.3087921142578,128.34294058095432,127.4549371301213,127.89893234114126,6747100,False
2020-12-07,127.19880676269533,128.00143271369973,126.80602764859673,127.52327589917694,6634700,False
2020-12-08,129.40176391601562,129.90553537949071,127.6940534401297,128.07828569144465,8339800,False
2020-12-09,130.7252655029297,131.06680244762526,129.58108937772093,130.49472089942054,8440100,False
2020-12-10,129.9994354248047,130.62274598271995,129.5127317772747,130.48613907233468,7392900,False
2020-12-11,130.59713745117188,130.9899165373964,129.12850560862034,129.38466474930632,5977400,False
2020-12-14,127.2841796875,131.04967058955094,127.21586971943816,130.85328757436957,8547300,False
2020-12-15,128.56495666503906,128.71864431487768,127.67694014777052,128.07825304962952,7612600,False
2020-12-16,127.7964859008789,128.863804731175,127.69402746238464,128.2490280426209,8486100,False
2020-12-17,131.16920471191406,131.39974921662196,128.04410522371182,128.15509751733185,9920300,False
2020-12-18,131.9291534423828,132.43293787859088,129.50420796339762,131.19483749831878,17137200,False
2020-12-21,130.65689086914062,130.98989378555407,128.12094057153328,129.79448901291624,7893400,False
2020-12-22,130.4007110595703,131.40825350808424,129.6663953824807,130.1274712593552,4699500,False
2020-12-23,129.73472595214844,131.15212832626236,129.70056445729665,130.4690417459478,4607300,False
2020-12-24,130.18727111816406,130.67396168655912,129.63227058724473,129.65788519459218,2114900,False
2020-12-28,130.8020782470703,131.38269352070083,130.0421476514091,130.91308359065104,3855500,False
2020-12-29,131.61326599121094,132.28780599971472,131.3229582928067,131.58765137245754,5212000,False
2020-12-30,133.24407958984375,133.52585331225285,132.00599240625982,132.12553158890668,5412800,False
2020-12-31,134.3797149658203,134.61879334290327,132.44146031058864,133.65393294545063,5099900,False
2021-01-04,133.62831115722656,134.37970774700514,131.60467892105635,134.26016856488525,11765900,False
2021-01-05,135.1993865966797,135.55800410410947,132.40729035409234,133.41483291847234,9602300,False
2021-01-06,136.47166442871094,136.8132012627795,133.81617450312353,134.2601828104487,8230100,False
2021-01-07,136.9327392578125,137.4962867550035,135.2079613234448,135.7629619311422,7747200,False
2021-01-08,136.6509246826172,137.55602176926732,136.51431780827716,137.05223750507034,8228900,False
2021-01-11,136.07888793945312,137.74391586648576,135.5665826785776,137.0949776290633,7066200,False
2021-01-12,135.02011108398438,136.32650834421415,134.33702439846942,135.89103390494097,6903200,False
2021-01-13,134.81515502929688,135.3018585955737,133.8417609255356,135.10546257999235,6643100,False
2021-01-14,137.1718292236328,138.28184356151587,136.283825570604,137.0010607936807,10030800,False
2021-01-15,136.87298583984375,137.8207655961162,135.85689610677375,136.87298583984375,7630800,False
2021-01-19,138.99053955078125,139.2125371982586,137.55606916007443,138.32453357955373,9057600,False
2021-01-20,138.6489715576172,140.15175158583534,138.1537341209925,139.34912584471232,6839900,False
2021-01-21,138.09397888183594,138.73437019388334,136.66804245713243,137.7439081998006,6818000,False
2021-01-22,139.64801025390625,141.02271754554732,138.21352684885687,138.63192055632865,8137000,False
2021-01-25,141.72283935546875,141.81676392006176,139.7419026687696,140.89459902100108,9924400,False
2021-01-26,145.56521606445312,148.2719352101054,144.63451711788528,144.89921011839587,14205700,False
2021-01-27,143.34518432617188,145.94089784342617,142.97801989413767,144.4039562081075,14207300,False
2021-01-28,144.4381561279297,145.8897074362264,143.27691247553292,143.61844936143905,8944400,False
2021-01-29,139.28941345214844,141.73997389178524,137.08646530651924,140.25426104134766,22505900,False
2021-02-01,138.9307403564453,141.15075534060705,138.83681579369437,141.15075534060705,9971400,False
2021-02-02,137.68409729003906,139.74189064621405,137.62432119553517,139.50281232578118,11443300,False
2021-02-03,137.04371643066406,137.9146521083787,136.24963759862442,137.419414684925,8601900,False
2021-02-04,138.31600952148438,138.4013872248134,136.41190303121704,137.4706881771093,7758100,False
2021-02-05,140.41650390625,141.2618253582281,139.91273239745414,140.76658771221247,9495300,False
2021-02-08,140.81777954101562,141.67163462896414,139.9297759822188,140.91170412184175,6035300,False
2021-02-09,141.97047424316406,142.24370106770098,140.86046013939836,141.05684314098363,5544200,False
2021-02-10,142.4315643310547,143.39642474419736,141.48378466763694,143.35372938428233,5921300,False
2021-02-11,141.79115295410156,142.9182477581515,141.3983869675698,142.5937787032657,4871300,False
2021-02-12,142.2351531982422,142.4656976731823,140.03220595572753,140.3737427099564,4413100,False
2021-02-16,140.94586181640625,142.63649119684035,140.5786973635274,142.23517827403512,5656100,False
2021-02-17,141.4496307373047,141.81678215505465,140.3396165663309,140.86046866808354,6676700,False
2021-02-18,141.5179443359375,141.8765619027533,140.2883909475436,140.8519384220232,5189100,False
2021-02-19,139.16128540039062,141.70578270212073,139.10152232486996,141.39839437843222,8190900,False
2021-02-22,139.0753631591797,139.65101177518537,137.7178581547036,139.0753631591797,6447100,False
2021-02-23,137.8467254638672,140.20946847843473,137.8123509511264,138.74026614459717,7042800,False
2021-02-24,139.69398498535156,141.24051063237405,138.25915686312567,139.53073879066056,10286100,False
2021-02-25,139.84007263183594,140.64770358610485,139.17851375230998,140.15797801152016,9719700,False
2021-02-26,136.1455841064453,139.53934037901809,135.72458144801018,139.1870736511461,14417500,False
2021-03-01,136.88442993164062,138.7832085317856,136.68680928580756,138.71447262584803,10551400,False
2021-03-02,136.62672424316406,138.13887540461766,136.2658704356594,137.27969592673844,7610900,False
2021-03-03,134.2209930419922,136.52358730314853,134.0835212057941,135.96512599489316,8499600,False
2021-03-04,131.51461791992188,134.1179308662198,130.13992541776696,134.02342059282117,11033200,False
2021-03-05,134.11793518066406,134.62484797700034,131.56617082685227,132.296465590208,8331600,False
2021-03-08,135.23486328125,136.89308672015937,134.01482982709854,134.89119668657418,6546700,False
2021-03-09,135.49258422851562,138.11308393292057,134.79665103538642,134.79665103538642,7461300,False
2021-03-10,136.7384033203125,137.38278790355628,135.20047788338738,136.4548856405186,6635600,False
2021-03-11,136.72982788085938,138.01001008145772,136.54080733821965,137.0734944438194,6305600,False
2021-03-12,137.1250457763672,137.73505584563543,136.77277905465564,136.85010205892266,5474800,False
2021-03-15,137.82955932617188,138.0357671041063,136.17993643280855,137.25391069489697,5524100,False
2021-03-16,138.6457977294922,138.91214128843083,137.67493376723573,137.86395431423205,6369100,False
2021-03-17,138.13027954101562,138.95508444568054,137.06489233661603,138.18182820880247,6001400,False
2021-03-18,137.8725128173828,138.7488794345628,137.43433606381114,137.64913090360764,4801800,False
2021-03-19,137.50306701660156,138.75747472369665,137.01334157009032,138.061541499159,14891500,False
2021-03-22,137.89833068847656,138.02720238902893,135.75038161233206,136.01672520016746,7544100,False
2021-03-23,137.76942443847656,138.4997190751999,136.5064296496308,137.64913984477874,7178300,False
2021-03-24,139.10975646972656,139.5994819691903,137.31407445496157,137.55464366698564,6370100,False
2021-03-25,139.16128540039062,139.57368783249294,138.01857525036573,139.56510075829556,6269800,False
2021-03-26,141.7044677734375,141.85053982437609,138.65439105516754,139.26440115480605,7619200,False
2021-03-29,142.65814208984375,143.50873441714012,140.58752969537517,140.75936295370772,8535100,False
2021-03-30,141.77322387695312,142.33169849400932,141.10306482451813,141.78182406354878,7236300,False
2021-03-31,141.20614624023438,142.09968708962165,140.64767173808426,141.7302462231555,8281500,False
2021-04-01,139.90020751953125,140.76797414429944,139.410468883843,139.7025998940968,7229700,False
2021-04-05,140.41571044921875,141.5498337713439,139.75415162135218,140.59614392684404,7387100,False
2021-04-06,140.38131713867188,141.35219402474155,140.0462377078215,140.9741530032618,5074200,False
2021-04-07,140.57037353515625,141.1460222884425,140.3212172219584,140.51882485725602,4608000,False
2021-04-08,140.02052307128906,140.99998744905116,139.91742569785382,140.90547715338806,5039400,False
2021-04-09,138.54266357421875,139.9860785205004,137.2796689412044,139.29014537782632,8418300,False
2021-04-12,138.8777618408203,139.25580288572093,137.76082596544242,138.40521053469456,5022800,False
2021-04-13,137.0219268798828,137.40855498742022,134.48735027487405,134.77088104974473,18424100,False
2021-04-14,137.39999389648438,137.56324011076933,135.3551423449819,135.60431175942935,7718300,False
2021-04-15,137.8037872314453,139.5221460787032,137.66631537725567,138.0873180144474,7524600,False
2021-04-16,139.393310546875,139.6252796121657,137.9498819237501,138.62004099911636,9049400,False
2021-04-19,139.77989196777344,140.14074572523143,138.19040491012666,139.61664579201076,8353500,False
2021-04-20,143.03616333007812,144.16168609294314,138.32786453113272,138.32786453113272,14050700,False
2021-04-21,143.1306915283203,143.4056352261199,142.01375569857444,142.94167101359238,6333200,False
2021-04-22,141.91928100585938,142.86438381633965,141.438142524175,142.48634269214753,7233000,False
2021-04-23,142.21139526367188,142.67534642771096,140.90543874594735,141.3608028345549,6015300,False
2021-04-26,141.00851440429688,142.11686313632308,140.69920930582873,141.94502988384895,6027800,False
2021-04-27,140.20089721679688,140.82810765836538,139.59088714518234,140.69922287405328,6217700,False
2021-04-28,139.16986083984375,140.2180606459191,138.8863300945903,139.9259428271862,7448000,False
2021-04-29,141.0772705078125,141.12881917992488,139.02383203842436,139.1011550465929,6394300,False
2021-04-30,139.81423950195312,141.18893158352898,139.63381919614292,141.0342724970849,9079100,False
2021-05-03,141.945068359375,142.0395786403592,140.14937302067565,140.5617886704468,6594100,False
2021-05-04,144.14456176757812,144.21329770716392,141.48109982629816,141.61857170546975,10179500,False
2021-05-05,143.54315185546875,144.68584926457328,143.30256948982228,143.9125928158479,7792300,False
2021-05-06,144.11875915527344,144.24763082293936,142.82999003846476,143.302528226598,5529900,False
2021-05-07,144.77171325683594,145.35594889288907,144.19606469424156,144.59988001741067,5316200,False
2021-05-10,146.29248046875,147.37504179580014,145.39892654893066,145.97457517514252,8357500,False
2021-05-11,145.0982208251953,146.807979435563,144.58270794275086,146.61895891933585,8217900,False
2021-05-12,144.51400756835938,145.8887001863624,144.29921266617393,144.80612548892188,6758300,False
2021-05-13,146.02615356445312,146.66193800392398,143.45720214026076,143.45720214026076,8018600,False
2021-05-14,146.24949645996094,147.4437551214455,146.2065348744328,147.33205762107943,5797700,False
2021-05-17,146.3955535888672,147.68432247888364,146.3268176748621,146.40414066185463,5722600,False
2021-05-18,146.4471435546875,147.237587123651,145.65669998572403,146.04332813977678,5846000,False
2021-05-19,146.1292724609375,146.1980084042683,144.37653868110343,145.98321349762475,5533800,False
2021-05-20,146.9798126220703,147.4265764294172,145.79414096480016,146.00893579488326,4853200,False
2021-05-21,146.88528442382812,148.4146223783398,146.80794833082092,147.20317653829483,6501800,False
2021-05-24,147.44729614257812,148.13893076454704,146.77295601391256,147.7498772203042,5195100,False
2021-05-25,147.0409393310547,147.8622495505238,146.74699894797416,147.55101467672347,7444700,False
2021-05-26,146.16775512695312,147.04093560462155,145.4847612750578,146.9717708353264,5726400,False
2021-05-27,145.94297790527344,147.11875269289408,145.57123208163412,146.3320182205661,8114700,False
2021-05-28,146.3233642578125,147.84494958907104,146.25419948932384,146.5567937024829,6400800,False
2021-06-01,143.1072540283203,147.14465280318598,142.9775783513724,147.1014231802604,10448400,False
2021-06-02,143.68653869628906,144.1447438196871,142.7441933060427,142.90845800911612,6806000,False
2021-06-03,143.5481719970703,144.5078116319444,143.26288549292863,143.41849631336956,5808800,False
2021-06-04,143.4876708984375,144.87093984781498,143.401211642165,144.3867864812516,6510300,False
2021-06-07,142.51075744628906,143.79028602779977,142.32921145026097,143.51362692093292,5362800,False
2021-06-08,141.25717163085938,143.2196808683624,140.11598583959736,142.891151489866,7746800,False
2021-06-09,143.15914916992188,143.32341385047917,141.49059360811586,141.77589333879467,5552600,False
2021-06-10,144.4473114013672,144.87958130146998,143.47037720574914,143.5136068341255,6463100,False
2021-06-11,142.61448669433594,144.4473067908859,141.9747225135449,144.4386661422186,7389900,False
2021-06-14,142.96896362304688,143.04678224233288,141.6980888739752,142.21681810733065,4931300,False
2021-06-15,142.2081756591797,143.39259112377346,142.12171639076942,142.84792675481967,5062900,False
2021-06-16,142.15628051757812,143.2974794461513,141.33497030240682,142.47616923098002,6988500,False
2021-06-17,142.8392333984375,143.25420871165406,141.35222423493178,141.94875866808349,5874700,False
2021-06-18,140.03814697265625,141.94878565132163,139.8738823071628,141.1534106532012,12993000,False
2021-06-21,141.64622497558594,142.00933017857355,140.27160959459712,140.72117407098642,6592300,False
2021-06-22,141.4560089111328,141.81911407249427,141.16206852219707,141.53382752500642,5627800,False
2021-06-23,140.60011291503906,141.51652299899214,140.47042402900027,141.51652299899214,4493400,False
2021-06-24,141.23988342285156,141.9574531441142,140.747102525016,141.1534373453916,4549200,False
2021-06-25,141.966064453125,142.4588452033235,140.82486576116483,140.8680953828594,10963800,False
2021-06-28,141.8018341064453,142.7096036142993,141.36956416859402,142.1649392712206,5604000,False
2021-06-29,141.8104705810547,142.33784041738005,141.2744600952861,141.7845354408937,3749500,False
2021-06-30,142.42430114746094,142.6231416213555,141.49923716607822,141.78453690262154,6151700,False
2021-07-01,143.47906494140625,143.52228138816145,142.32922515247992,142.42432508064175,6320200,False
2021-07-02,146.0899200439453,146.3665790899307,143.20236050857724,143.53088982772752,9059900,False
2021-07-06,145.2167205810547,145.98616031282006,144.36947544976675,145.1648503147063,6098500,False
2021-07-07,146.46168518066406,146.53949059370115,144.7931165696096,144.7931165696096,6293500,False
2021-07-08,146.17637634277344,146.5049056552914,144.87956677251302,145.84784703025548,5755500,False
2021-07-09,146.75563049316406,147.29164094574455,146.31471994589597,146.42710114902488,6120900,False
2021-07-12,146.522216796875,147.99193197084048,145.70954718995137,146.73835176927673,7840500,False
2021-07-13,146.34066772460938,146.76428381882036,145.82193852504025,146.0813031248248,4691200,False
2021-07-14,147.3348846435547,147.68934916009832,146.14181538876477,146.9717794772777,6162900,False
2021-07-15,145.56259155273438,146.88533666080403,145.0006458450097,146.36662059025045,6656900,False
2021-07-16,145.32913208007812,146.18501795934975,145.19944320709538,145.53661316992375,5834900,False
2021-07-19,144.27439880371094,145.40694377417137,142.92571889409913,143.92857498597087,8219700,False
2021-07-20,145.63172912597656,147.67204361603535,144.23981949684537,144.2916897750267,9902800,False
2021-07-21,146.5308380126953,146.70374331375208,144.79310477872824,146.36657335955127,7585200,False
2021-07-22,146.9545135498047,147.8968722271779,145.8046737038485,146.418502941853,5281900,False
2021-07-23,148.519287109375,148.85645710522687,147.30029601165242,147.83630646869116,5014900,False
2021-07-26,148.5884552001953,148.8218846461848,147.71527472777422,148.54523876249755,4484900,False
2021-07-27,149.2714385986328,149.3233088737037,147.5509997217456,148.52793387501364,7089300,False
2021-07-28,148.85646057128906,149.89391891360282,148.77001450398345,149.33196011287774,5750700,False
2021-07-29,148.85646057128906,149.85932993321592,147.91411532912383,149.34061395388986,4214100,False
2021-07-30,148.87379455566406,149.54813474196274,148.5625596087697,149.16773500777697,5346400,False
2021-08-02,148.9342803955078,149.4270612394768,148.0956757040045,149.10718572335955,3721500,False
2021-08-03,150.76708984375,150.86218974604822,149.08123993194525,149.33195066064238,6033000,False
2021-08-04,149.87660217285156,150.93998230484075,149.79014292655083,150.602812351194,4793100,False
2021-08-05,150.1619415283203,150.3002710822167,149.06397213099515,150.3002710822167,4291000,False
2021-08-06,149.66049194335938,150.3780615922044,149.08989248401303,150.3780615922044,4581100,False
2021-08-09,150.17921447753906,150.6460601651807,149.5048612969871,150.18785512648097,3950200,False
2021-08-10,150.2310791015625,150.52501945649163,149.3751799826253,149.7901553773388,3678300,False
2021-08-11,150.2570037841797,150.83624380511702,150.04950950534567,150.6460440141431,4221300,False
2021-08-12,151.46742248535156,151.5452279281076,150.0755124003198,150.27436612092075,4300400,False
2021-08-13,152.37515258789062,152.4097283783983,151.39821831019634,151.5451885055592,5882100,False
2021-08-16,153.749755859375,153.7929854880204,152.11577615449067,152.6345053145745,4782800,False
2021-08-17,155.1589813232422,155.19355711581994,153.2915719200672,153.2915719200672,6041900,False
2021-08-18,153.18783569335938,155.1849208651085,153.13596540710606,155.1849208651085,7134100,False
2021-08-19,154.38088989257812,155.03793544035466,152.21954023193385,152.69502660381045,5615000,False
2021-08-20,155.1330108642578,155.54798623988194,153.9485956585791,154.65751137561074,5428700,False
2021-08-23,154.46336364746094,155.61133061842858,154.4024798754795,155.1417107826283,6461700,False
2021-08-24,152.53268432617188,154.11550320765005,152.4370193028933,153.92417316109288,5734800,False
2021-08-25,151.52389526367188,152.97625498270386,151.2282081216419,152.7936301533072,5700300,False
2021-08-26,150.71505737304688,151.94999737150894,150.49763807887635,151.280342229802,5031600,False
2021-08-27,150.3932647705078,151.56733424351404,150.23672925155782,151.56733424351404,7046100,False
2021-08-30,151.0281524658203,151.56734810737314,150.26283224925123,150.27152424435897,3252700,False
2021-08-31,150.56719970703125,151.74996108706523,150.00190163313758,150.88028399204669,7106800,False
2021-09-01,151.0977325439453,151.0977325439453,149.63666784069022,150.3671935572068,5327400,False
2021-09-02,152.1326446533203,152.358769245651,151.2455833564343,151.61953822802346,4544300,False
2021-09-03,152.22830200195312,152.38485080952606,151.15860268605536,152.28049378462535,4096900,False
2021-09-07,149.86280822753906,152.2196264289596,149.29750998448822,151.62825219709225,6859900,False
2021-09-08,149.4975128173828,150.43676583258724,148.78438437838156,149.25400425087295,4661700,False
2021-09-09,146.16668701171875,149.13227686083567,145.84489734991357,148.8800762536928,7114600,False
2021-09-10,145.21002197265625,147.05373362922987,145.12304893329147,146.58411371923904,6699300,False
2021-09-13,144.19248962402344,146.21013392839572,143.6098074633144,146.03620113374285,6273500,False
2021-09-14,143.32281494140625,144.8360448791682,143.0706011049647,144.71429059371354,5259600,False
2021-09-15,143.8620147705078,144.3316479353348,142.896672454166,143.49675190354364,7935300,False
2021-09-16,143.6880340576172,144.76643830781074,142.7922678151196,144.0619887954558,5665400,False
2021-09-17,143.27932739257812,143.4184789378733,142.24440933855558,142.88797528287947,13419800,False
2021-09-20,142.4618377685547,143.64459943881073,141.0355675135597,142.17484266435036,7270800,False
2021-09-21,143.08799743652344,144.34902679987596,142.83579687194165,143.15757320922023,6663600,False
2021-09-22,142.56617736816406,144.32292903203856,142.3052848237152,143.80113067291987,5657100,False
2021-09-23,143.37496948242188,144.16637884067,142.7574928928541,142.97491217125943,4697900,False
2021-09-24,142.9401397705078,144.0620174776026,142.53139044019548,143.27931333499885,4399300,False
2021-09-27,141.9052276611328,142.94014565623024,141.62693785660915,142.62706133225305,5775500,False
2021-09-28,141.5921630859375,142.54881345102615,140.68770450730875,141.84437694138035,7610400,False
2021-09-29,142.64447021484375,143.20106313946394,141.56606561766998,141.7573956795915,5124100,False
2021-09-30,140.452880859375,143.84461694665185,140.37461308895067,143.18366699047596,6972300,False
2021-10-01,139.55711364746094,140.80074578338002,137.94820537754862,140.4789694374864,8568300,False
2021-10-04,138.4700164794922,140.0180409639353,137.1220140521925,139.13967169541667,8620700,False
2021-10-05,138.78309631347656,140.1137014363632,138.40912819770844,139.02660488039558,5129000,False
2021-10-06,139.07009887695312,139.10488012971737,137.2698605137335,139.03530435396652,7312600,False
2021-10-07,140.31373596191406,141.4182298766368,139.16576879726486,139.16576879726486,5309200,False
2021-10-08,139.95716857910156,140.5485560734484,139.36579435497788,140.29635548262462,4343200,False
2021-10-11,139.3657989501953,140.75728805435534,139.0962010879424,139.89630267825618,4101600,False
2021-10-12,137.13938903808594,139.30487660334785,136.83499673386507,139.14834108932791,6686400,False
2021-10-13,138.45262145996094,139.21794171912254,137.1915920476404,137.25247582744746,6901100,False
2021-10-14,139.2440185546875,140.1397850189245,138.8004879550876,138.89615297894886,4579200,False
2021-10-15,140.27891540527344,140.72244593799536,139.5049033362769,140.0440988784352,6918400,False
2021-10-18,139.25265502929688,139.92230992933364,138.45255390792246,139.36571726793335,7465500,False
2021-10-19,142.51402282714844,143.6272087714147,139.78323648414784,139.93108004094003,10081300,False
2021-10-20,142.4357452392578,143.2793332706634,141.98350933360624,142.60967804290158,6003200,False
2021-10-21,142.10525512695312,142.96624036831298,141.1312208686061,142.88797260188613,4524100,False
2021-10-22,142.38356018066406,142.67924726028969,141.7226102491088,141.80957001182253,4304300,False
2021-10-25,142.69664001464844,142.89666205981723,140.63550924734142,142.3835556842784,6715400,False
2021-10-26,144.1490020751953,144.3925106400093,142.6705534259043,143.11408403962514,6939100,False
2021-10-27,142.4009552001953,144.15769365989192,142.02698708872464,144.08811788868292,7018800,False
2021-10-28,141.62696838378906,143.6707022898027,141.1660404283353,142.42706999080735,6278800,False
2021-10-29,141.65304565429688,141.97482201514936,139.67887442883733,141.1921177378563,8526800,False
2021-11-01,141.7747802734375,142.6096629506616,138.6265397987049,141.8965345501252,5846400,False
2021-11-02,144.0098419189453,145.2186926756193,141.73998393466155,142.3661525696516,8450600,False
2021-11-03,143.54888916015625,144.16636569341324,142.13131134775924,143.53149190380887,6717800,False
2021-11-04,143.1488800048828,143.48805360002623,141.47039601952665,143.44456708368034,8224400,False
2021-11-05,142.13136291503906,143.14889709215117,141.0616634903954,141.30517208673342,6215900,False
2021-11-08,141.64431762695312,142.77490061153972,140.8963947236316,142.34875401736352,5578800,False
2021-11-09,141.33123779296875,142.27049076670022,140.9051044555033,141.41821082154837,6112800,False
2021-11-10,142.8618927001953,143.35760185690975,141.1921138893207,141.34864943242346,6225100,False
2021-11-11,141.8095703125,142.46182825023337,141.31386118033794,142.1835384306491,4118800,False
2021-11-12,143.5054473876953,145.77530568561278,143.1575817736221,145.61006487435012,18995200,False
2021-11-15,142.20962524414062,143.89680120400303,141.9487194194839,143.49674383683322,7496200,False
2021-11-16,141.47039794921875,142.9314626429963,141.42691143227967,141.91392857346491,7594700,False
2021-11-17,142.0009307861328,142.5053452917867,140.7051066283207,141.64435985227365,5414500,False
2021-11-18,141.23556518554688,143.03580327275154,141.00076190738824,142.1487288557136,6358700,False
2021-11-19,141.66172790527344,141.92263373649766,140.69638561889914,141.79217418577463,7620700,False
2021-11-22,139.7971649169922,142.3707655056687,139.75339356441538,140.9614134384002,7634500,False
2021-11-23,140.66378784179688,140.93515152435955,138.9918210372536,139.63960231866935,7734000,False
2021-11-24,140.26986694335938,140.6024998201343,139.51704513201483,140.1823242427055,5230900,False
2021-11-26,139.35946655273438,141.07520458866608,138.8867707126585,140.58499753758284,8523100,False
2021-11-29,139.84095764160156,140.42745645577014,138.67670894226026,139.62211420241283,9188500,False
2021-11-30,136.49700927734375,139.18441284239557,136.42699113837477,138.75547493764344,14981700,False
2021-12-01,138.37908935546875,140.12983692318903,136.7771537281474,137.32864348626535,9835800,False
2021-12-02,137.512451171875,139.43827063826998,137.2148273199256,137.6612630978497,11334700,False
2021-12-03,139.51705932617188,139.7709118124692,137.95013298218132,138.23025896706045,8750500,False
2021-12-06,142.6333770751953,143.14109536802445,139.91096463433456,140.22609966584434,9692000,False
2021-12-07,143.0010528564453,143.7976461552863,142.1694504855989,143.56129150853437,8311300,False
2021-12-08,143.85890197753906,144.06024753354055,142.37076944870256,143.0973311787477,6216400,False
2021-12-09,145.22450256347656,145.29453406767502,143.1148619370018,143.71885861606904,8574200,False
2021-12-10,144.86561584472656,145.91606173963638,144.13029169685987,144.93564735200644,6572200,False
2021-12-13,147.45668029785156,148.11321049807097,143.38619839934765,144.21780064819734,11142300,False
2021-12-14,149.0673828125,149.66264387947183,146.32747219015664,147.35165782534568,10482400,False
2021-12-15,149.81146240234375,149.95152540746133,148.30581849018807,148.68223614679866,8552200,False
2021-12-16,151.4484100341797,151.88609691598637,149.54885056999586,149.91650594785625,8998600,False
2021-12-17,147.26412963867188,149.4963354850137,146.76517352175918,148.49840989404422,16726200,False
2021-12-20,146.8439483642578,147.50922761384908,145.79350252279764,146.8964686527593,7954500,False
2021-12-21,146.3712615966797,147.15034375834742,145.29454218625165,147.11532132571944,7954200,False
2021-12-22,147.00144958496094,147.21154401086605,145.41702585803193,146.23987899640434,4178200,False
2021-12-23,147.2816162109375,147.89437509283843,146.50253419884734,146.95773223560596,3501500,False
2021-12-27,148.524658203125,148.68223241921763,147.6755446219597,148.06071119780495,3704800,False
2021-12-28,149.1199188232422,149.3737713253732,148.4546262462287,148.62969831912696,3187000,False
2021-12-29,150.17037963867188,150.55554625186036,148.7347671258794,148.8135475629922,3662000,False
2021-12-30,150.8356170654297,151.3345864096264,150.34541000546557,150.6692939506975,4231800,False
2021-12-31,149.75018310546875,151.1595219192368,149.7151606779752,151.02822120899208,4409500,False
2022-01-03,150.1615447998047,150.21407842297535,148.0256449573559,148.99730995037646,6012200,False
2022-01-04,149.7589111328125,150.81810566667423,149.33873556152838,149.74139992150967,6748400,False
2022-01-05,150.75686645507812,151.85108362923407,150.231636868626,150.56428316385524,7016100,False
2022-01-06,150.24038696289062,151.0019577800174,149.5138252153529,150.69557165325904,7301600,False
2022-01-07,152.27122497558594,152.57761105817443,149.80267853259764,150.09155340434504,6986000,False
2022-01-10,151.51841735839844,152.04364687560633,150.70432629958182,152.04364687560633,7698400,False
2022-01-11,149.9077606201172,151.7810599849675,148.9098350399099,151.43091581396786,8341100,False
2022-01-12,148.6296844482422,148.8835502838241,147.36039534175777,148.47212360448103,8116200,False
2022-01-13,147.72805786132812,149.18118138010246,147.4654564422721,147.9381523537153,6159400,False
2022-01-14,146.92271423339844,147.63176477217132,146.31870426121642,147.61426691583432,5847700,False
2022-01-18,146.2749481201172,146.81767553058268,145.3207806519492,146.2749481201172,7815600,False
2022-01-19,145.8197784423828,147.69307795874286,145.5921860485401,146.36250595847045,5926500,False
2022-01-20,144.65548706054688,146.9402126854711,144.37536109777648,146.44124332321428,6011300,False
2022-01-21,144.32284545898438,147.05402025523784,143.97270135140545,145.4783450568496,10550300,False
2022-01-24,142.65965270996094,143.7100984767092,138.5366367129744,143.56128655082458,14054600,False
2022-01-25,146.73890686035156,147.42169732084486,141.44289296989467,142.12568343038797,14081200,False
2022-01-26,147.39544677734375,148.13075757390115,145.51338506676558,146.660122623642,9963200,False
2022-01-27,149.32997131347656,150.4854708157377,147.93813056886776,148.27952572051032,9066700,False
2022-01-28,150.38043212890625,150.42420348244823,148.20076030821764,149.56634105302058,9783100,False
2022-01-31,150.81813049316406,151.10700542008064,149.53134342910698,150.12659113998276,8054800,False
2022-02-01,149.5838623046875,150.54676536152456,148.3145597524935,150.33668422185093,8154700,False
2022-02-02,151.23831176757812,151.43089504235468,148.50713685126635,148.50713685126635,7382800,False
2022-02-03,151.22955322265625,151.98237512709045,149.72390941378785,150.79186637954666,6240400,False
2022-02-04,150.24038696289062,151.42213340079675,148.9185641752018,149.68889727758247,6392200,False
2022-02-07,149.7414093017578,150.3366703090781,148.8222643293191,150.04779541161784,6065700,False
2022-02-08,150.13534545898438,150.6080547589629,149.23371157463424,149.70642087461275,6296100,False
2022-02-09,150.11785888671875,150.77438924160015,149.90776436458475,150.625577297351,5387500,False
2022-02-10,148.3058319091797,149.88150746646426,148.2007913244089,149.87275853678156,10355300,False
2022-02-11,146.80889892578125,148.94479909472108,146.6600736730886,148.04316543763431,13125300,False
2022-02-14,144.96188354492188,147.03651484635438,143.39495721237586,146.80892250315898,8967600,False
2022-02-15,146.45880126953125,147.15035411257892,145.32081255764626,145.42586650577798,6631400,False
2022-02-16,146.3712615966797,146.9227380176987,145.05820087316252,145.7409913808199,8482400,False
2022-02-17,145.47836303710938,146.58132913373043,144.3666346545739,146.37124798607488,6227600,False
2022-02-18,143.91900634765625,145.6809922170238,143.5489909282353,145.34621060012066,6423200,False
2022-02-22,141.96319580078125,144.25378272491355,141.34650345747943,144.10401554460344,6868900,False
2022-02-23,142.03367614746094,143.28468444997213,141.70771307679448,142.2891581731132,8016900,False
2022-02-24,139.32022094726562,141.0734017115501,137.18821967693106,140.76504880992564,12883400,False
2022-02-25,146.24481201171875,147.11699976616663,140.6945544094442,140.95885495105424,11340400,False
2022-02-28,144.98501586914062,145.52240866211778,143.0556391626354,143.48731710360204,9373500,False
2022-03-01,144.4828338623047,145.1435785293579,143.08205839444418,143.6370747736073,8737800,False
2022-03-02,146.280029296875,147.68081797640636,144.51804380889928,144.84402026533485,6793300,False
2022-03-03,148.4296875,149.18734196985602,146.526752956798,146.8615211344887,7333700,False
2022-03-04,149.3106689453125,149.64545054010574,146.99366682127737,147.68964527884367,6302500,False
2022-03-07,151.71578979492188,152.51748309921024,147.4429689493385,148.27110440748328,11663400,False
2022-03-08,148.64112854003906,152.51749206309995,148.45611410947745,151.5660180835373,11100300,False
2022-03-09,149.20494079589844,149.9714002283788,147.9098803075041,149.77758073740253,7248200,False
2022-03-10,149.46929931640625,149.9009773514355,148.07732854245344,148.50020148552505,6171400,False
2022-03-11,149.19615173339844,151.05504727443048,148.90542246570513,149.0023322216029,5188000,False
2022-03-14,151.2576904296875,153.39849696864232,150.07716303513087,150.36787889560006,7729500,False
2022-03-15,155.1780548095703,155.5128363398151,152.01529421903015,152.70246745477755,10554400,False
2022-03-16,153.75086975097656,155.89167583763344,152.024117919683,154.57900514747024,9603300,False
2022-03-17,155.75958251953125,155.79481632860424,153.46899508603855,154.35880671906406,7472100,False
2022-03-18,154.03280639648438,155.9357544225093,152.9932411529195,155.9357544225093,13809500,False
2022-03-21,154.90496826171875,156.07669031871737,153.5746739506174,153.87420828140046,7574900,False
2022-03-22,154.1737518310547,155.38070775795197,153.21347283165636,154.9049775243138,8442100,False
2022-03-23,153.59230041503906,154.64948921647925,153.37205218795214,154.3763835657531,5254200,False
2022-03-24,154.3852081298828,154.64949525840444,153.35444799999198,154.17376498418002,5012300,False
2022-03-25,155.86526489257812,156.55243829077645,154.36757962580958,154.7816473712477,4809500,False
2022-03-28,156.66696166992188,156.97530110472485,155.3630960031021,155.6273831063949,5604200,False
2022-03-29,156.5876922607422,158.0501303457096,155.75955673429803,157.36295691799756,5933400,False
2022-03-30,158.217529296875,158.45540117036174,156.53482944427097,157.20439272625046,6277600,False
2022-03-31,156.1383514404297,158.7637196844991,155.91810323865172,158.21749500292904,11490400,False
2022-04-01,156.98411560058594,157.19554527778416,154.70234738159616,155.97978430524284,6525600,False
2022-04-04,155.46885681152344,156.98416605188947,154.6319160369102,156.98416605188947,6860600,False
2022-04-05,156.47315979003906,158.27037950928195,155.3102426330281,155.4688283557504,7446100,False
2022-04-06,160.54327392578125,160.8692503212074,157.36289017750724,158.04125822742228,10330900,False
2022-04-07,160.1292724609375,161.1776562138428,158.78135433374084,160.04998632236956,7385200,False
2022-04-08,160.44642639160156,161.38909526919113,158.95754620498485,159.75044789922455,7144500,False
2022-04-11,158.43775939941406,162.278888968758,158.2263297075413,161.22170018073996,5932000,False
2022-04-12,158.49063110351562,159.29233793846535,156.9929457319642,157.87393870851045,5957500,False
2022-04-13,159.16017150878906,159.3187437692062,157.90916327492337,158.49060833933697,5643100,False
2022-04-14,158.49063110351562,159.81212056833502,158.3408639106491,158.57873577832464,6188200,False
2022-04-18,156.51719665527344,158.92230342859057,155.7066848272698,158.34084490756047,6318700,False
2022-04-19,161.29217529296875,163.8118154238909,158.5346633245545,159.21303159442544,14380800,False
2022-04-20,162.0057830810547,162.3846170165724,160.2526023788648,160.5521501800479,8044900,False
2022-04-21,161.53887939453125,162.86917400466555,160.8340822955839,162.0410384216189,6969200,False
2022-04-22,159.93545532226562,161.35385451918447,159.79450666589443,160.75478576167126,8003600,False
2022-04-25,163.8734588623047,164.4725409309177,160.42878737859013,160.64021703807953,11176500,False
2022-04-26,162.70176696777344,164.36685650151415,162.26127050518852,163.07179582608373,10190000,False
2022-04-27,160.42881774902344,162.82511959134874,160.11165975686612,162.31414207937942,11090100,False
2022-04-28,161.62693786621094,162.54316442288618,160.27020148610313,160.56093071041195,9403900,False
2022-04-29,158.9839324951172,160.8252038258065,158.7548658128149,160.78115150668066,8463100,False
2022-05-02,157.3805694580078,159.8209235292712,155.96217036625575,158.992788061146,7145400,False
2022-05-03,157.07223510742188,159.13376893157707,156.5348288429489,157.52155013815818,5898700,False
2022-05-04,158.7549285888672,159.01922916525362,156.06789737422898,156.94889033359323,5923000,False
2022-05-05,155.72430419921875,158.32324407586248,154.41163334765508,158.06774860022736,7089200,False
2022-05-06,155.38070678710938,155.8212032181601,153.90064523136337,154.29708933073218,6434000,False
2022-05-09,156.22647094726562,157.31008843900125,153.81254558690293,154.5702000107478,7855200,False
2022-05-10,156.0150146484375,157.85628640863922,155.49523211299206,157.01934592153694,8186700,False
2022-05-11,155.1692657470703,157.09864212472613,154.94901754766454,155.01949858462038,6138900,False
2022-05-12,156.7021942138672,156.77267525514196,153.9182670193765,155.46880959876904,6898600,False
2022-05-13,155.80357360839844,157.60079290807204,154.87852852998415,157.4334021342878,7732200,False
2022-05-16,156.88722229003906,157.81226755336195,155.20452257063752,155.8036047522018,5516700,False
2022-05-17,157.5391082763672,158.31437264826576,155.57448503599528,157.4510036363675,5751100,False
2022-05-18,154.61427307128906,158.02371171421433,154.32354376518813,157.55678649490005,8608800,False
2022-05-19,153.23989868164062,153.99755307135362,152.13865761769057,153.92707203011474,6874500,False
2022-05-20,155.9180908203125,156.0766765032612,153.3367885536506,154.04158543178212,7522100,False
2022-05-23,159.1011962890625,159.53564809132703,157.3456251532364,157.46975617235003,7040800,False
2022-05-24,160.83905029296875,161.14052297289487,158.79975666147274,158.9327493663901,6419800,False
2022-05-25,159.2607879638672,160.97203722782382,158.7642638860144,160.06764635501116,6558900,False
2022-05-26,159.1189422607422,160.4843835491112,158.35641923420002,160.4843835491112,6897600,False
2022-05-27,160.56417846679688,160.6262507442675,158.02834734579557,159.3849269582587,5853600,False
2022-05-31,159.18101501464844,159.74847311716997,155.17333455537664,157.82443527691308,16391400,False
2022-06-01,157.5673370361328,159.44703976825124,155.96248143508905,158.8441078265165,5175400,False
2022-06-02,157.07078552246094,157.65598053926573,154.80095294375442,157.59392178072122,8666500,False
2022-06-03,156.4235076904297,158.4184793260513,156.18410730596025,156.99984094716962,4234200,False
2022-06-06,156.40577697753906,158.26775598911817,156.05112075117532,157.1239781592175,5386500,False
2022-06-07,158.1259307861328,158.97712490023144,156.40581921231893,156.92008034990144,5447800,False
2022-06-08,157.18601989746094,159.1100574522329,156.76042976603512,157.91308267086032,4333100,False
2022-06-09,154.02069091796875,158.40075084304772,153.95861863641477,157.12398029323683,5509600,False
2022-06-10,152.9921875,154.25123486175386,151.28093782987568,152.65525456894275,6647300,False
2022-06-13,151.44937133789062,152.72615529429336,150.802117690005,150.802117690005,7997000,False
2022-06-14,149.12632751464844,151.71535538172404,148.30173231975706,151.67101997911433,7116800,False
2022-06-15,150.72232055664062,152.00796616977578,149.52533222725506,150.4119862403506,7796100,False
2022-06-16,150.8021240234375,150.91739338050758,148.4347593087099,149.312538168652,7056700,False
2022-06-17,150.25238037109375,152.6818034715161,150.057315424879,151.2897638418184,12486600,False
2022-06-21,153.40000915527344,154.15367049393203,150.34105545173404,151.39617591414932,8219700,False
2022-06-22,155.82058715820312,157.75348648745705,152.22963556043524,152.50449615044226,10593100,False
2022-06-23,159.29627990722656,159.4381478111897,156.5121865559725,156.937776738594,10223500,False
2022-06-24,161.62818908691406,161.8409909666647,159.5800200379161,160.28934610781542,9374400,False
2022-06-27,161.47743225097656,162.56802648026454,160.927711065957,161.0518420925507,5908600,False
2022-06-28,156.88458251953125,162.23110579312817,156.32598609327633,161.5217797896376,9245700,False
2022-06-29,156.92893981933594,158.09045471653715,156.4324020771496,157.13286650765437,7097900,False
2022-06-30,157.38998413085938,158.0815733331276,155.19108547568004,156.81366430539234,10777200,False
2022-07-01,159.17214965820312,159.3494777743972,156.66291690271612,157.33676915596087,5498400,False
2022-07-05,157.94857788085938,158.8263704051395,154.81868965237928,158.56037144057558,5676400,False
2022-07-06,158.0904083251953,159.10119332752467,157.30128681924754,157.8864816967188,5335600,False
2022-07-07,158.26776123046875,158.81748245831798,157.38996877663712,157.7003031319336,5725800,False
2022-07-08,158.07266235351562,159.58884653432213,157.62047371747562,158.1169977560918,3828300,False
2022-07-11,158.13473510742188,158.72879162181934,157.3988107160522,157.55840193069685,3645200,False
2022-07-12,155.91812133789062,158.2234137685707,155.3417880832702,157.806685279432,4708800,False
2022-07-13,155.55458068847656,156.3437022111806,154.72112375970156,155.7496456517757,5291700,False
2022-07-14,155.76734924316406,156.0599466510183,152.77046828828395,152.9743948952376,5359600,False
2022-07-15,158.0283660888672,158.27662816966082,156.53879360410528,157.5673156698325,5691100,False
2022-07-18,154.4817657470703,157.99292251989783,154.198043423103,157.59393081439404,7605700,False
2022-07-19,152.2296600341797,156.71612807055465,150.6248181150851,156.34373493429533,13256400,False
2022-07-20,151.36073303222656,152.99217339029852,150.51840078226752,152.68183903196956,7455800,False
2022-07-21,151.89268493652344,151.96361887553408,150.5272438160487,150.7755058379532,5729200,False
2022-07-22,152.6108856201172,152.93895680747673,151.67103452343306,152.14983527070737,4257000,False
2022-07-25,152.91236877441406,153.37341915549842,152.25623988388506,152.6108961046065,4437300,False
2022-07-26,153.9940643310547,155.14671726763484,152.93895740751188,153.00101615394772,4525500,False
2022-07-27,153.56849670410156,154.3664935599362,151.73312964129238,153.0631108717481,4648500,False
2022-07-28,154.4551239013672,156.13089941810497,152.00796373495746,153.74579799639926,5513000,False
2022-07-29,154.73886108398438,155.0314585297953,153.3113475915977,154.091593917827,6451400,False
2022-08-01,154.19801330566406,155.3063308985184,153.86994209827728,154.42853849444148,5461400,False
2022-08-02,153.3202362060547,155.59894389847284,153.12517120789948,155.1733401592603,5794200,False
2022-08-03,154.80091857910156,155.39497513545962,152.3005613348672,152.99215037237457,5010000,False
2022-08-04,152.31829833984375,155.24425950757504,152.1498454293507,154.9959974476965,5651600,False
2022-08-05,151.71539306640625,152.0877861881491,150.54500308726983,151.8838595206094,5235500,False
2022-08-08,150.90850830078125,152.04342433999395,150.23465613039446,151.88383311382327,4629800,False
2022-08-09,150.89076232910156,151.72421920464174,150.49177075848027,151.20995829145173,5532500,False
2022-08-10,151.3252410888672,151.83064037805238,150.31445603976357,151.63557540986864,5603400,False
2022-08-11,148.19534301757812,150.68683849200104,148.05347513629923,149.41892981739355,9328700,False
2022-08-12,146.5639190673828,148.90468524850152,146.43091284060145,148.55001550635183,14606900,False
2022-08-15,147.2643280029297,147.84952276434254,146.41314792202326,147.1845324070816,10072000,False
2022-08-16,148.57662963867188,149.17954791479917,146.82992003096848,147.060445219617,7453600,False
2022-08-17,148.58544921875,149.45436617672715,147.5480658697922,147.5480658697922,7406600,False
2022-08-18,147.8673095703125,149.22388927496297,147.12250983638697,148.67415452739078,8312100,False
2022-08-19,150.119384765625,150.83757233228462,148.07121621499834,148.15988702563595,8128500,False
2022-08-22,149.59274291992188,150.77991772953794,149.21784776217513,150.76206168769212,5462600,False
2022-08-23,148.28955078125,149.7534330759868,147.99498735594577,149.06611841694362,5566300,False
2022-08-24,147.79861450195312,148.7001472179465,147.3433875380661,148.67336996243375,5684300,False
2022-08-25,149.18214416503906,149.2803319615584,147.0130914310824,148.12885565508904,5678700,False
2022-08-26,146.6293182373047,149.51245002716524,146.56682888468504,149.47675155436312,5667100,False
2022-08-29,145.4956817626953,146.2454721912816,144.62092626267798,145.91521027825053,5259200,False
2022-08-30,144.98687744140625,145.97767673777858,144.62983829431568,145.7634586975924,6973300,False
2022-08-31,144.01393127441406,145.9866086156253,143.95145555401405,145.7009664075963,8741700,False
2022-09-01,147.5843505859375,147.72717166424167,144.13887038781374,144.14780521781256,7509600,False
2022-09-02,145.26356506347656,148.35199247461443,144.61194902052404,148.04850790730814,5803700,False
2022-09-06,145.6563262939453,148.36987266255747,145.33499925520468,146.3347196961831,7394600,False
2022-09-07,146.4507598876953,146.7631657076247,144.74586883377197,145.4153273881238,4590600,False
2022-09-08,147.62899780273438,147.6557750549216,145.56706766330356,146.28115950202405,5838400,False
2022-09-09,147.9146728515625,148.35204381457976,146.73641901285123,147.2719914159331,5500600,False
2022-09-12,147.85214233398438,148.6822779655981,147.477247204283,148.2716707548767,6365300,False
2022-09-13,144.0050048828125,146.78102699894825,143.5408431215473,146.0044594065806,6726400,False
2022-09-14,146.9774169921875,147.60224233572492,144.94226380456792,144.94226380456792,9555700,False
2022-09-15,147.35232543945312,148.23601583197475,146.47756987989484,146.789975769651,7174500,False
2022-09-16,149.6016845703125,149.62846182421725,147.05773648800593,147.56653155253517,20201500,False
2022-09-19,148.42343139648438,148.55731766643973,146.45968892284324,148.44128743920172,7380900,False
2022-09-20,147.2541046142578,148.08422668346222,146.6739126489108,147.47725746557114,7143400,False
2022-09-21,145.74557495117188,148.88757060499256,145.70987649131646,147.29872354815453,8071200,False
2022-09-22,148.33416748046875,149.20893652719937,145.34392722941035,145.62955581719393,7401100,False
2022-09-23,148.81619262695312,149.4945724739818,146.97741508828867,147.94143715733205,9598600,False
2022-09-26,147.90573120117188,148.92330782398562,146.72749103694238,147.99499780429483,8735500,False
2022-09-27,147.22732543945312,149.6641507303312,146.745307659615,148.4948319839435,8686700,False
2022-09-28,148.49485778808594,149.40532538141738,147.3701721399739,148.39666997292105,8660900,False
2022-09-29,146.86135864257812,149.21785229149276,146.2900878676949,148.6019482207248,7008100,False
2022-09-30,145.8170166015625,147.9414363506579,145.78131813409072,147.28089893097874,8985200,False
2022-10-03,145.67417907714844,146.72746762118908,144.33526196500523,146.64712224313192,8657000,False
2022-10-04,147.8343048095703,148.17350152090387,145.42425660525225,146.25439234083964,6236100,False
2022-10-05,147.3791046142578,148.20922688030947,146.5757596070999,147.29877283757648,4539400,False
2022-10-06,144.5227508544922,147.28091749510455,144.32637520821825,147.0934630617804,5890700,False
2022-10-07,142.99636840820312,144.7994475632189,142.0769795960303,144.3977750874435,6363500,False
2022-10-10,143.18382263183594,143.96039032528438,142.085900614001,143.38019826331026,5315600,False
2022-10-11,145.2546844482422,146.4864928366943,143.14812048981727,143.14812048981727,6212200,False
2022-10-12,145.218994140625,147.17381586866,145.0493957448341,145.4421470571555,4341700,False
2022-10-13,147.414794921875,148.1645989898918,143.48730947301507,143.61227454765594,6465100,False
2022-10-14,146.7988739013672,147.88784725703567,146.0312275679109,146.7810178600769,5684600,False
2022-10-17,148.70013427734375,149.25356262350965,147.28980658900076,147.637924500542,6710800,False
2022-10-18,148.1824493408203,149.21788208332674,145.54032658704048,147.28091651270157,10883600,False
2022-10-19,147.00421142578125,148.39668338842395,146.29011939822348,148.17353048107296,10044600,False
2022-10-20,147.3791046142578,147.94145429137177,146.68286864267498,147.28091679158985,5659900,False
2022-10-21,150.59251403808594,151.181627362351,146.77212373244865,147.02206751932096,8487600,False
2022-10-24,152.61871337890625,153.60059149577685,151.07449926798327,151.574359538328,6855500,False
2022-10-25,152.37774658203125,152.73478580759357,150.42292481467013,151.89572864533142,5661900,False
2022-10-26,153.71664428710938,154.03798499674943,152.20812855630385,152.92222053552305,6123800,False
2022-10-27,153.805908203125,154.80562887298058,153.2792706088384,153.84162029571849,5390900,False
2022-10-28,156.0909423828125,156.5551040983608,154.05578959485928,154.42176351712175,6073900,False
2022-10-31,155.28761291503906,156.3498227051891,154.79667390024247,155.7785519298357,7810000,False
2022-11-01,154.5021209716797,155.87675030635518,152.11884990564263,155.36795521464308,6985000,False
2022-11-02,152.1277618408203,155.26083672570724,152.00279678348554,154.32359198561142,6877300,False
2022-11-03,152.38662719726562,153.05608578197004,150.79777991251405,151.57434751231685,4819900,False
2022-11-04,153.0649871826172,153.9754545536248,151.06554651865446,153.136397723497,5300900,False
2022-11-07,154.40394592285156,155.18052725226835,153.0293300947408,153.2346269426686,6621000,False
2022-11-08,155.1715545654297,155.9302796646655,153.68981644842495,154.5378081311597,5148400,False
2022-11-09,153.93084716796875,156.20700916845746,153.83265936025603,155.55540660100246,6150000,False
2022-11-10,155.73391723632812,156.001703389284,153.5648643795721,155.6268082232136,7877500,False
2022-11-11,151.0745086669922,154.51998988213637,148.90546908319283,154.18079312608344,11074700,False
2022-11-14,153.44882202148438,154.65383918424496,151.96708389644368,151.96708389644368,6581500,False
2022-11-15,153.8773193359375,154.42181297852997,152.20813993560748,153.69879973282923,9351000,False
2022-11-16,154.83242797851562,156.1981227590622,154.53786448974648,154.99309154320423,5500900,False
2022-11-17,156.08204650878906,156.19809036155516,154.40393254029053,154.42178858383235,4464100,False
2022-11-18,157.27816772460938,157.6709190241401,155.86783970364576,156.20703648418095,6555700,False
2022-11-21,158.08668518066406,158.60774312368898,157.0625405914311,158.01481370147962,5706600,False
2022-11-22,158.85032653808594,159.1827201742595,158.41011881627625,158.4729978004864,4707900,False
2022-11-23,159.02096557617188,159.37133042245526,158.12259276948816,158.50890020456436,5389200,False
2022-11-25,159.22764587402344,160.01820484425673,158.8862597250978,159.35341755392997,3058600,False
2022-11-28,159.3084716796875,159.70375795810608,158.61672069245495,158.7874137406887,6183100,False
2022-11-29,158.1945037841797,159.24559858578073,156.90983692936217,159.02100532796635,6700500,False
2022-11-30,159.910400390625,159.91937918607354,157.01763811837253,158.446047955517,13288000,False
2022-12-01,160.57516479492188,161.6711807457097,159.7037420519499,160.808736796141,6282600,False
2022-12-02,160.70095825195312,160.7728297331778,158.97608382681187,159.46119918997397,5823900,False
2022-12-05,160.61114501953125,161.13220307320154,159.9104150837885,160.2338299547533,5120600,False
2022-12-06,158.2034454345703,161.70709364702375,158.05071000523756,161.63522218265547,7943500,False
2022-12-07,159.16473388671875,159.80258471269602,158.32026112053052,158.62571834163583,5702600,False
2022-12-08,159.19168090820312,159.43424543825788,158.41907963787727,158.85030851532642,4798500,False
2022-12-09,157.8800506591797,159.81154681647942,157.80817918572492,159.11979587904904,4561000,False
2022-12-12,159.7666473388672,159.79359743159782,157.75430063853358,158.0687229564188,4882400,False
2022-12-13,160.99742126464844,161.88680170569737,160.18887739050558,160.89859969252265,9177500,False
2022-12-14,161.49151611328125,162.6414323894744,160.43144261507453,160.43144261507453,9533600,False
2022-12-15,159.4521942138672,161.5633620823508,158.4729574375416,160.98840403504315,7602400,False
2022-12-16,157.817138671875,159.01197606922923,157.08945894078323,159.01197606922923,18841800,False
2022-12-19,157.64646911621094,158.2663485965943,156.37977377377786,157.52968996332757,5736000,False
2022-12-20,157.817138671875,158.5088895246759,157.3679522987981,158.11360332307538,6174700,False
2022-12-21,159.62290954589844,160.0720960500795,157.7992134355701,158.3562140222519,5472000,False
2022-12-22,159.03895568847656,159.47017084844452,157.5207032722445,158.80538366601115,5709100,False
2022-12-23,159.44322204589844,159.47916463923443,157.9429409140679,158.71554217379745,3683400,False
2022-12-27,159.39830017089844,160.22481531810487,159.0030276019911,160.00920088299674,3067300,False
2022-12-28,158.70654296875,160.31462425761245,158.69755046753104,159.6947448290745,2645400,False
2022-12-29,159.5150909423828,160.17989182750884,159.07489699176386,159.5061121482356,2828800,False
2022-12-30,158.69757080078125,159.70375779246214,157.57460465102173,159.45221447156263,4216600,False
2023-01-03,160.08106994628906,160.25176299133082,158.1226098874978,158.2573740479383,6344900,False
2023-01-04,161.82391357421875,161.87781375449606,160.34159007617993,160.70992625218494,9788800,False
2023-01-05,160.62908935546875,161.69815538025253,160.2787244464129,160.82673250499602,6255300,False
2023-01-06,161.93174743652344,162.5426345501617,161.15914604051397,161.82394705366616,5706000,False
2023-01-09,157.73634338378906,161.49153619147097,157.37698593524783,161.07829226075484,7925300,False
2023-01-10,157.35902404785156,158.23942578359308,156.60439398864457,157.8441394550319,5047500,False
2023-01-11,157.10748291015625,157.8621129800043,154.61898573068547,157.72736250613318,6494800,False
2023-01-12,156.31686401367188,156.95471472022572,155.2388194172627,156.55043600200162,4269400,False
2023-01-13,155.80482482910156,156.32588282082375,154.86154413334543,155.58922407948157,6088000,False
2023-01-17,154.8435821533203,156.8379714558333,154.601017587316,156.3169134327539,6053300,False
2023-01-18,152.50778198242188,154.52014225837095,152.46287430288285,154.20570625310043,7047800,False
2023-01-19,152.3011932373047,153.87334619008246,151.56453441049348,151.8520066793682,6939500,False
2023-01-20,151.59144592285156,152.82221239174393,150.45948731179328,152.81323359778148,8620600,False
2023-01-23,151.2051544189453,152.39101333515825,150.8817395970767,151.91487675130773,8425400,False
2023-01-24,151.2051544189453,153.6128011390971,149.13889381856703,151.84300526777204,10541800,False
2023-01-25,152.28317260742188,152.28317260742188,150.10013322288668,150.1809834871847,7099800,False
2023-01-26,151.7261962890625,152.64254047177542,151.5105818613411,152.31912568423454,6946100,False
2023-01-27,151.13328552246094,151.70824369250445,150.7200416201618,151.41177895837643,6058100,False
2023-01-30,145.5364227294922,151.41177598590372,144.7099212330355,150.86376791989522,23259100,False
2023-01-31,146.81211853027344,146.8210973256393,144.68297884137814,145.26691582610363,11612500,False
2023-02-01,148.15965270996094,149.11192576294613,145.89574922960222,146.4257996433147,9865300,False
2023-02-02,148.71664428710938,149.32754498917177,146.2730826031076,146.43478314572016,10099000,False
2023-02-03,147.8811798095703,149.43536125848226,147.2343501540991,149.15686782228184,6868500,False
2023-02-06,146.75819396972656,148.09677449350673,146.52462195624267,147.8272598883593,7021000,False
2023-02-07,146.7941131591797,147.22534198217056,145.0153388156066,145.17705305124855,7310800,False
2023-02-08,146.9827880859375,147.83623958404192,146.3449373068004,146.7042946852165,6054700,False
2023-02-09,144.99740600585938,148.0518826263914,144.7009549599816,147.0007877940243,7949500,False
2023-02-10,145.67117309570312,146.24613125407433,144.952485678802,145.32980068510022,7028000,False
2023-02-13,146.210205078125,146.27309776771637,144.7728028014966,144.93451706895723,6414700,False
2023-02-14,145.57235717773438,146.4078512090772,145.3208138304253,146.20122925409137,6316000,False
2023-02-15,143.17372131347656,145.51847573064086,143.10184981812031,145.49152563339302,12621800,False
2023-02-16,142.15850830078125,143.4252034548463,141.87102244210422,142.90415932513457,11177000,False
2023-02-17,145.12637329101562,145.77785509364287,141.71514410318633,142.07708610835468,12401900,False
2023-02-21,142.96383666992188,145.0902030544556,142.86430433263143,144.45680792260137,9423900,False
2023-02-22,142.7647705078125,143.7329499428843,142.39378509026102,143.416252380257,9820200,False
2023-02-23,142.71951293945312,143.49767100425788,141.76039077260268,142.70142619392175,9385100,False
2023-02-24,141.1270294189453,141.92328814827468,140.43936021150137,141.74231021402497,8689700,False
2023-02-27,140.81939697265625,141.9685268412946,140.32173523872535,141.56135407959795,7267100,False
2023-02-28,138.6749267578125,140.4936528900133,138.47586206864943,140.23124316035364,9062300,False
2023-03-01,138.05059814453125,138.65683556694998,137.45340409617444,138.44871370342452,6767000,False
2023-03-02,137.94200134277344,138.22249779734742,136.83810227164685,137.30862002491654,8762500,False
2023-03-03,139.3625946044922,139.45306975818156,138.2948828602132,138.77444397546526,5747200,False
2023-03-06,140.7560272216797,140.9098474021325,139.86025006453235,139.94168184124095,8148200,False
2023-03-07,139.42593383789062,141.3803795179494,138.75636519676735,141.2356026957204,7457700,False
2023-03-08,138.40347290039062,139.52545869580908,137.9691424569929,139.32639402758767,6230500,False
2023-03-09,136.84715270996094,138.9825623383015,136.3675916067328,138.85588608097098,7439400,False
2023-03-10,137.18194580078125,138.88303891403845,136.7204852209131,137.40815440385578,8504300,False
2023-03-13,138.49395751953125,141.0727412025742,137.14576303687386,137.61626700602835,10799600,False
2023-03-14,139.27210998535156,139.3716423221862,137.44434062105967,138.69301651831657,8421200,False
2023-03-15,139.66119384765625,140.14979834411767,138.01438862795706,138.29488508024764,7757700,False
2023-03-16,139.37161254882812,139.67925286725992,138.07770625306676,138.84680704914626,7605500,False
2023-03-17,137.87869262695312,140.20411023220652,137.8063042064247,139.7788368907766,20540700,False
2023-03-20,139.2449493408203,139.40782669366715,137.87865452346242,137.96008629654798,7129000,False
2023-03-21,139.2449493408203,139.46211454239088,137.6886332462537,139.3444816657057,8376800,False
2023-03-22,136.67526245117188,139.3988094944475,136.65716189418077,139.20880196941968,7943500,False
2023-03-23,136.7476348876953,137.25433997077897,135.82469988254837,136.7928655648665,9051500,False
2023-03-24,138.1229705810547,138.22250292088427,136.47617909358456,137.06431595196435,5696200,False
2023-03-27,138.7111053466797,139.83309107795964,138.53918461516392,139.5254507198136,6772300,False
2023-03-28,137.3719482421875,138.84681874320432,137.29050266318768,137.88769660691685,6115300,False
2023-03-29,138.72015380859375,138.78349884112916,137.59816803615308,137.7519882208691,6012000,False
2023-03-30,138.82872009277344,139.1635181724841,138.26772724462285,138.96445352184827,4555700,False
2023-03-31,140.2493438720703,140.42126463169174,138.6568401636691,139.15448808045306,9890000,False
2023-04-03,141.9232940673828,142.06805709147102,139.290222410362,140.20410026705468,6841900,False
2023-04-04,143.40719604492188,143.8415126517371,141.68800255654006,142.03184401555163,8314500,False
2023-04-05,149.84963989257812,149.8948843782482,147.27085608284744,148.7276401586814,16704200,False
2023-04-06,149.4334259033203,151.3154834933103,149.11674208318604,150.1934974463386,9615400,False
2023-04-10,148.68238830566406,149.152892230928,148.06709376286852,148.9628847475228,5354000,False
2023-04-11,148.6371612548828,149.55103909304324,148.42903938737166,148.7728809018003,5903800,False
2023-04-12,148.32044982910156,149.1528958014306,147.57849281739226,148.3385503825609,5764100,False
2023-04-13,150.3020782470703,150.5011429666361,148.2209558740429,148.5557402630033,5640600,False
2023-04-14,150.0576934814453,150.311045941206,148.44708978439223,150.1753263401462,7225100,False
2023-04-17,149.90390014648438,150.41966233611944,149.24337495871453,149.96724517609263,8046400,False
2023-04-18,145.6873779296875,149.01717561330415,144.45680262588868,148.61904627874029,14571500,False
2023-04-19,147.062744140625,147.1984637873795,145.83216871889735,146.57413960563056,6752000,False
2023-04-20,148.01280212402344,148.22996733475048,145.64214058529396,146.9722343551338,9498800,False
2023-04-21,147.20755004882812,149.27057192711158,146.55606800235114,148.79101067160505,7014200,False
2023-04-24,148.1033172607422,148.2209501741476,146.46556888185162,147.20753986382414,5278900,False
2023-04-25,149.46054077148438,149.61437477060235,148.53761961684066,148.67333925526552,6263100,False
2023-04-26,147.1441650390625,148.74572578563095,146.80033735717046,148.474272705533,5518200,False
2023-04-27,147.48800659179688,147.85899200786957,146.7008050851798,147.3975176294991,5739700,False
2023-04-28,148.1213836669922,148.17567152014564,147.08987303704612,147.31608162963673,6024900,False
2023-05-01,148.03091430664062,148.66429562934414,146.80033896252635,148.03091430664062,4893400,False
2023-05-02,149.3248291015625,149.7320018452426,147.99472134731025,148.70049111813657,7541700,False
2023-05-03,147.37034606933594,150.36534515033696,147.04460519549045,149.79530897611332,5937200,False
2023-05-04,146.70079040527344,147.39750287987482,145.90453179809947,147.19843822808133,5128000,False
2023-05-05,147.1984405517578,147.6056270411024,146.30266341122217,147.3432173565614,5194500,False
2023-05-08,146.86366271972656,147.09892848953103,145.98597228624823,146.5741229040828,4994900,False
2023-05-09,145.7235870361328,146.70080987279616,145.4883212491516,146.35696837285602,5520500,False
2023-05-10,146.2664794921875,146.55603313581562,144.82779606793906,145.8593067616784,6756600,False
2023-05-11,145.6693115234375,146.75511016506863,144.2215707968101,146.4293691919114,5867600,False
2023-05-12,145.47927856445312,146.18504831538482,144.7825521874183,146.00408419070348,3904200,False
2023-05-15,144.36634826660156,145.70549947028832,143.81439866539546,145.49739139967323,5104500,False
2023-05-16,144.17628479003906,144.999687263766,143.4433712631716,143.92293230684228,5599200,False
2023-05-17,143.85964965820312,144.8278154444254,142.7557504058663,144.58350625076278,6840700,False
2023-05-18,143.39813232421875,143.8053049874517,142.5656864463474,143.56100967351716,5173000,False
2023-05-19,143.78726196289062,144.71018326506336,143.09053549202412,143.49770827906264,6527100,False
2023-05-22,143.01229858398438,145.08177355628604,142.93025240851108,144.04248026775008,5675900,False
2023-05-23,142.95762634277344,144.28865814883525,142.55649308859455,143.22201594705018,5793000,False
2023-05-24,142.8208770751953,143.25847064851945,142.14624263689856,143.20377319071005,5015100,False
2023-05-25,140.7696533203125,142.48356745374312,140.14060466955618,142.26477760015854,6886100,False
2023-05-26,140.71493530273438,141.56277368323182,140.57817775336983,141.0248968239368,6845400,False
2023-05-30,140.733154296875,141.6539411381206,139.77592103424823,140.36849533119317,5593100,False
2023-05-31,141.3622283935547,141.93657958364508,140.2591257808878,141.03402970076735,11324600,False
2023-06-01,140.88815307617188,141.34398379701096,139.62094422867318,140.88815307617188,7901300,False
2023-06-02,143.10348510742188,143.4134466319013,140.47789593336444,141.0522470429016,7659700,False
2023-06-05,144.33419799804688,144.62592232847183,142.90288333465054,142.90288333465054,6430500,False
2023-06-06,144.2065887451172,145.51027173709656,143.49549398980065,145.48292300888042,5073600,False
2023-06-07,144.5165557861328,144.77181984188414,143.53195989501438,144.1336597025058,6504300,False
2023-06-08,146.10284423828125,146.24871339417794,143.8784022096743,144.49832525596273,5818400,False
2023-06-09,145.8749237060547,146.53132097337567,145.38263271098788,146.24870818816623,6264400,False
2023-06-12,145.77464294433594,146.09372997820637,144.70800084406204,145.86581464282693,6510600,False
2023-06-13,146.5404815673828,146.63163937525772,145.09092914040423,145.6196945051431,6066800,False
2023-06-14,147.2880096435547,147.76207745399233,146.75924437630664,147.3244838886607,6699100,False
2023-06-15,149.26629638671875,149.430402649558,147.16947267589828,147.73471212473677,7138300,False
2023-06-16,149.72215270996094,150.41502429950145,149.3939540388232,149.9500680673941,13426600,False
2023-06-20,149.63099670410156,150.70675052685172,149.33925836588818,149.74950323200733,7995800,False
2023-06-21,149.40306091308594,150.3511825609246,148.31818172134274,149.12955973612458,7177500,False
2023-06-22,150.9893341064453,151.08050579719267,149.3209923238664,149.42127561934973,5485900,False
2023-06-23,150.86172485351562,151.58194515091134,150.4514800049334,151.4360759880402,9450700,False
2023-06-26,149.1751708984375,150.40590553734214,147.07834673370914,150.40590553734214,6978800,False
2023-06-27,148.86517333984375,149.4030640999856,148.09026955124617,149.22072070422334,4927500,False
2023-06-28,148.56431579589844,148.78310558172743,147.6070687503586,148.78310558172743,6780400,False
2023-06-29,149.6036376953125,149.80420431134198,147.89882145906205,148.27260596264864,4547500,False
2023-06-30,150.89816284179688,151.28105886919454,149.83152092743651,150.29646312266672,7580000,False
2023-07-03,148.91989135742188,149.86801306783798,148.56434397715975,149.8224272168611,4033700,False
2023-07-05,148.42759704589844,149.43954180226802,148.3546624612858,148.59170333898925,7224600,False
2023-07-06,147.3245086669922,148.02647802858692,146.77750618519147,147.91708309656718,6332500,False
2023-07-07,145.1820831298828,146.8139509733319,145.13649727608657,146.2943111904334,7022200,False
2023-07-10,145.4190673828125,146.13928749304557,144.95412519668972,145.34613282033033,5739200,False
2023-07-11,144.61685180664062,146.13932466979247,143.6778416809293,145.0726825049801,6606700,False
2023-07-12,144.1154327392578,144.8994620831422,143.9331032452763,144.8994620831422,6940400,False
2023-07-13,144.7809295654297,145.07266786012391,143.50460930326136,144.04248613440032,6401700,False
2023-07-14,145.74729919433594,146.07549784492446,144.93592112910997,145.1182506214706,5362200,False
2023-07-17,145.01795959472656,145.7472774553875,144.17921901544278,145.63788255845765,5486800,False
2023-07-18,145.0088348388672,146.6771765800173,144.21569401027898,145.01796035422348,6332500,False
2023-07-19,144.71713256835938,146.2396054047017,143.43168668307408,143.96045195313857,7522600,False
2023-07-20,153.50555419921875,154.19841186982762,147.05098968270192,147.63445243449075,21892900,True
2023-07-21,155.1556396484375,155.72999072178015,153.32319152333378,153.32319152333378,12080000,False
2023-07-24,155.96702575683594,158.4649828690191,155.88497957376617,156.34992185534315,15155400,False
2023-07-25,157.1613006591797,157.42567633173857,154.7545152349348,155.39267540218756,13790100,False
2023-07-26,157.462158203125,158.49234003713482,156.25875847728884,156.80576088191418,14288200,False
2023-07-27,158.34646606445312,158.8934545416139,156.84221645285166,156.96984848860737,12446400,False
2023-07-28,159.06666564941406,159.86893207474557,157.9270889819991,158.62907210416415,14138800,False
2023-07-31,152.73065185546875,155.18302354628472,151.9830966499418,154.69984405822626,22632700,False
2023-08-01,153.97047424316406,154.1528037184398,151.39047113101282,151.6730839043173,15810300,False
2023-08-02,154.900390625,156.1129019470057,153.9340317741448,153.9340317741448,14595600,False
2023-08-03,155.56588745117188,156.18582438385852,154.6815748558417,154.9368389131692,17424800,False
2023-08-04,154.10723876953125,157.42568574859604,153.0588337113919,155.29240138580778,23415100,False
2023-08-07,157.80857849121094,158.02736830289842,154.39896018032195,154.51748060221777,17736400,False
2023-08-08,157.88148498535156,158.21880909950912,156.24961750596242,157.70828103692585,27378700,False
2023-08-09,157.78125,158.85700380768796,156.8513514485269,157.71742702284084,42974400,False
2023-08-10,156.96070861816406,160.42502399307514,156.47752929046513,158.6290502992334,48213800,False
2023-08-11,158.49232482910156,158.5834826138928,156.45931008530494,157.24333937091745,45905600,False
2023-08-14,158.11854553222656,160.08773737141834,156.57783563704916,158.1914801089575,64036900,False
2023-08-15,157.6627197265625,159.13960669611177,156.93338784759237,157.53508769105636,88958100,False
2023-08-16,157.1613006591797,159.29458489435956,156.92427371444248,157.28893269263023,85832700,False
2023-08-17,158.63816833496094,159.89626530532823,157.49859177798962,157.58976346688596,70904200,False
2023-08-18,157.25247192382812,158.61996395451908,156.17670429271013,157.87239496720085,49631700,False
2023-08-21,152.56654357910156,154.8456971198061,151.2993347669038,154.6998279545972,151319500,False
2023-08-22,151.35403442382812,153.0132509919115,150.7979203953874,152.11982668602045,56834800,False
2023-08-23,149.9956512451172,151.79162534251822,149.02929237257635,151.2446229300974,119011400,False
2023-08-24,150.5061798095703,151.94660651596786,149.38484016307166,149.5398209344699,70755100,False
2023-08-25,152.66412353515625,154.06909149095304,150.65308712458702,150.87347947500814,18185500,False
2023-08-28,150.8643035888672,152.62741455419504,149.8358338689668,151.51628893677844,18458000,False
2023-08-29,150.88265991210938,152.14069965661207,149.46851417106492,151.39689472703463,12208600,False
2023-08-30,150.3500518798828,152.2784464004388,150.30413505570814,151.61728336549663,9939100,False
2023-08-31,148.4675750732422,150.203138559252,148.10026850133863,150.01947126145268,15333000,False
2023-09-01,147.3656463623047,149.20220730803774,146.93405341910957,148.2288322486949,8610100,False
2023-09-05,147.54930114746094,148.73389081607974,147.181994559337,147.43911197339338,9019800,False
2023-09-06,145.09751892089844,146.92490243925286,144.49146434734297,146.77797417396948,9753800,False
2023-09-07,146.952392578125,147.8982201487355,145.98819547853654,146.13512368666997,9931800,False
2023-09-08,147.43911743164062,147.5493066097874,146.1810776083025,146.54838421002424,6957000,False
2023-09-11,149.36752319335938,149.39507048993823,147.33811693700176,147.8982686538548,6309300,False
2023-09-12,150.2123565673828,150.5337464009499,148.32987835532788,148.96349427170333,6045800,False
2023-09-13,150.58880615234375,151.47034747982843,149.67970352226882,150.37759157418142,7397500,False
2023-09-14,150.35926818847656,151.76423636403916,150.0837812103202,151.22244016932012,7758400,False
2023-09-15,148.25637817382812,151.35099286688802,148.03599982995655,150.57962662779377,13392100,False
2023-09-18,149.1930389404297,149.8174629756042,147.6135953067132,148.87163514995234,5789000,False
2023-09-19,148.94508361816406,149.54197430747567,148.19210094831465,148.9910004422415,5550800,False
2023-09-20,149.59706115722656,150.17556827278054,148.44921067387392,148.9358981578677,3837400,False
2023-09-21,148.44923400878906,150.13886682303638,148.38494764592963,149.28487265486805,4526700,False
2023-09-22,147.384033203125,148.21048012101946,147.1544630579488,148.11866047005878,4976700,False
2023-09-25,147.1636199951172,147.25545364493263,145.75865202639662,146.98915847942416,6722500,False
2023-09-26,146.02496337890625,146.99833842931923,145.878035141752,146.75039878060247,4904800,False
2023-09-27,144.2710723876953,145.78622984396273,142.5722475933404,145.62094605390473,10211600,False
2023-09-28,144.05984497070312,145.05158956215718,143.45377649617322,144.62917437970808,7861900,False
2023-09-29,143.02218627929688,144.72101079008243,142.65487968813432,144.50979618890807,7680700,False
2023-10-02,142.47122192382812,142.71916159598712,140.7907808454428,142.71916159598712,7259700,False
2023-10-03,142.64569091796875,142.79261916226554,141.31418698216945,142.03962241913092,5740800,False
2023-10-04,142.81097412109375,143.18745844239012,141.93861052886513,142.8568909442315,4955200,False
2023-10-05,144.298583984375,145.1250307538907,143.31603122558843,143.49968450638667,5993300,False
2023-10-06,144.75772094726562,145.3637893709761,143.79352372988023,144.24348616781924,5802200,False
2023-10-09,145.5841827392578,145.89640875490514,144.25267883094574,144.33532071221342,4414100,False
2023-10-10,145.4188995361328,146.25453814820506,144.99648434383693,145.4372690693235,5273500,False
2023-10-11,143.41705322265625,146.05252799627516,143.28849450285895,145.51074582083297,6922900,False
2023-10-12,143.55477905273438,143.765979625006,142.3977507733388,143.17828071949356,5792400,False
2023-10-13,144.0323028564453,144.5006208698679,143.29767564985906,143.92209966775584,5359800,False
2023-10-16,144.65672302246094,145.31788608959843,144.02310724880016,144.9230322085334,6408100,False
2023-10-17,143.3343963623047,145.9606790882852,141.97534517899635,143.23338494931127,12244400,False
2023-10-18,140.24896240234375,143.20582642886754,139.6245384523186,142.7099611751327,9097300,False
2023-10-19,139.87252807617188,140.59796369054524,137.87984655370855,139.27563719218426,7733800,False
2023-10-20,140.49691772460938,141.29581728278131,139.88167146566855,140.25816983679383,7207000,False
2023-10-23,139.01849365234375,140.95606619768492,138.85320987695275,140.36836719876788,5874000,False
2023-10-24,138.8715362548828,139.54189101265834,137.8614362562774,138.43076560116128,6155300,False
2023-10-25,139.18380737304688,139.734767365939,137.95330063070068,138.88077307162325,5880800,False
2023-10-26,136.8238067626953,139.5511012130742,136.71361757661123,139.5511012130742,7612500,False
2023-10-27,133.70164489746094,136.51158095388752,133.10475417208087,136.3554749520692,11385800,False
2023-10-30,135.01480102539062,135.20764612450088,134.0689730896106,134.15161498415048,8205300,False
2023-10-31,136.21771240234375,136.4013656816316,134.65663851062646,135.48308527334532,7576900,False
2023-11-01,136.53912353515625,137.52167633900677,136.32792295314408,136.99826376413353,5733000,False
2023-11-02,137.96246337890625,138.10937760565747,135.4830948910497,135.63921490196643,5349100,False
2023-11-03,138.97256469726562,139.8265728311596,137.87980868246433,138.85319776273604,4926800,False
2023-11-06,139.3031463623047,139.97348719106506,139.0001121217244,139.37661048231033,4851400,False
2023-11-07,138.5685272216797,139.80821154951846,138.3665043828934,139.51435505242966,4840400,False
2023-11-08,138.06349182128906,139.4225431663482,138.0543000478378,138.98177240803034,5460000,False
2023-11-09,135.37290954589844,138.20121516559286,135.22598130314455,138.20121516559286,6973600,False
2023-11-10,135.216796875,136.3646474426995,133.73836478332916,136.1350773291596,6930700,False
2023-11-13,135.56576538085938,135.81369104686408,134.6658403314178,135.21681427957185,5889300,False
2023-11-14,135.59329223632812,136.40136949012657,134.95967649502373,135.57492270433232,6713600,False
2023-11-15,136.64015197753906,137.20948144864374,135.23518382269395,135.308647949909,6729100,False
2023-11-16,137.83387756347656,137.8981498978174,136.49318217068463,137.28290378302063,6875600,False
2023-11-17,137.54922485351562,138.46750531962635,136.88807580881598,138.24712697534247,7023300,False
2023-11-20,138.7618408203125,139.21539258633808,136.5680779325802,136.9105722267492,8851700,False
2023-11-21,139.88182067871094,140.0391767808315,138.4841182723069,138.93768406598764,5916300,False
2023-11-22,139.60414123535156,140.7334018391259,139.20611122928594,140.3539025937841,4633500,False
2023-11-24,141.15924072265625,141.32584812887868,139.6412009283717,139.6412009283717,3351400,False
2023-11-27,140.02993774414062,140.99260520166254,139.7429934079363,140.96482318210585,6449700,False
2023-11-28,140.35389709472656,140.52050444604816,139.62263827755766,140.14099109152025,5909000,False
2023-11-29,140.79820251464844,140.8815061932827,139.83554927207896,140.07620905170748,5190000,False
2023-11-30,143.1585693359375,143.6028697369124,140.62232688743123,140.93703908295282,12481900,False
2023-12-01,146.60194396972656,146.67599639801404,143.90834515250268,144.80621142491063,10342900,False
2023-12-04,147.06475830078125,148.11998066702768,146.25019572892217,146.25019572892217,8920300,False
2023-12-05,146.75930786132812,147.7589945101061,146.45384687497452,146.9907164154696,7268200,False
2023-12-06,144.97280883789062,146.86111031937986,144.55627631593302,146.73152210979185,6642900,False
2023-12-07,143.84353637695312,144.93579198138076,143.20486069934313,144.93579198138076,6532400,False
2023-12-08,142.93643188476562,144.2600961391244,142.3995623523176,143.86206608745732,6254700,False
2023-12-11,143.5288543701172,143.91761908684234,142.8716619171028,143.01050141448366,6090400,False
2023-12-12,143.53810119628906,143.76950974471353,142.22368821206788,143.47330002318287,5324400,False
2023-12-13,144.2045135498047,144.3433671231821,140.48347506739458,142.23292274914078,10764600,False
2023-12-14,145.20420837402344,145.47265015701467,143.51956175367835,144.8339604049962,9240700,False
2023-12-15,143.62139892578125,145.03761805346238,142.32550263393054,143.92685989191628,21727800,False
2023-12-18,143.88058471679688,144.80621893229448,143.25114610574877,143.66769280196846,7231400,False
2023-12-19,144.82470703125,144.86172617798948,143.41773934622373,143.75096816309693,6651500,False
2023-12-20,141.87196350097656,145.00986300035663,141.72385863323967,144.89877728752518,7008300,False
2023-12-21,143.3251953125,143.59363713842538,141.89972486729752,142.26072163825546,4598600,False
2023-12-22,143.89910888671875,144.88953020462455,143.49182755073582,143.7047194767058,3798900,False
2023-12-26,144.52853393554688,144.72292334627116,143.33447194527997,143.4733114357559,4170000,False
2023-12-27,144.722900390625,144.8802564962242,143.86205331404608,143.9361057385732,5288100,False
2023-12-28,144.93580627441406,145.54672824269392,144.38968548037172,144.39893673780972,4377500,False
2023-12-29,145.0839080810547,145.23199881722843,144.38041705698777,144.8710020479519,4313700,False
2024-01-02,148.07369995117188,149.6195073269326,145.13017593321388,145.2597641526173,9622100,False
2024-01-03,148.9993133544922,149.43436248556924,147.91632321672208,148.69385242475374,8232000,False
2024-01-04,148.6846466064453,149.93424447464275,148.49025718300538,149.5732476517334,6766600,False
2024-01-05,149.14744567871094,149.34182095451408,147.61088949104754,148.56429160318703,5602500,False
2024-01-08,149.5177001953125,149.63803716825365,147.7404841192315,149.1196842449039,6569800,False
2024-01-09,149.61026000976562,151.13755078753016,148.65685791532113,149.61026000976562,6357000,False
2024-01-10,149.8323974609375,150.52662308326083,149.2122242665488,149.78612705202778,4945100,False
2024-01-11,149.1659393310547,150.1378580244959,148.82345921133077,150.01753518797625,4946000,False
2024-01-12,150.31375122070312,150.3878036585106,149.66581004496078,149.8046495383133,4496900,False
2024-01-16,148.58282470703125,150.18416812272508,148.2680983045695,149.5547435659192,6923200,False
2024-01-17,148.49948120117188,149.3047925230595,147.98112833249627,148.3328738322646,5072100,False
2024-01-18,149.22146606445312,149.36955677286147,147.8144984041674,148.1014426895297,5368500,False
2024-01-19,149.65652465820312,149.87868194192987,148.3606424799382,149.16593968185597,7071300,False
2024-01-22,150.38780212402344,151.41525673652345,149.3418308712459,149.95275288388012,6824200,False
2024-01-23,147.9255828857422,148.57352392928672,145.24124965217675,147.78674342071673,9149800,False
2024-01-24,147.1387939453125,148.6568332135058,146.39828388481598,147.870038625968,7247900,False
2024-01-25,147.69418334960938,147.74971913899932,146.6852455115419,147.17583048322814,5478900,False
2024-01-26,147.63864135742188,148.7864327447979,147.509053146271,148.49947430491213,5591900,False
2024-01-29,147.50904846191406,148.1662548773445,147.13880047725667,147.1850708822974,6483200,False
2024-01-30,146.9629669189453,147.87933586868004,146.37056151113515,147.4998365266575,7200500,False
2024-01-31,147.08326721191406,148.67535914940214,146.8703753028479,148.47171849757993,8256800,False
2024-02-01,146.5834197998047,146.7037567550957,145.37084136252275,146.3982958006264,8012000,False
2024-02-02,144.96356201171875,146.5371372116792,144.343388838019,146.2224249964983,8295900,False
2024-02-05,144.21380615234375,145.2227440053623,143.78800822061726,144.96356756833103,9121600,False
2024-02-06,146.30572509765625,146.92589825617668,144.0286730976028,144.24156498806667,9229900,False
2024-02-07,146.23170471191406,147.51833584113226,145.96327697591548,146.06509731523744,8690300,False
2024-02-08,144.76918029785156,145.63927868807548,143.76024243006285,145.63927868807548,9755000,False
2024-02-09,145.10238647460938,145.50966771051117,144.09344876461464,144.64883483612698,6529200,False
2024-02-12,146.11135864257812,146.62971151529834,144.7229073946248,144.9357992979085,6701500,False
2024-02-13,144.83396911621094,146.66672068402187,144.16751143263323,145.91695932101084,8621000,False
2024-02-14,144.15826416015625,144.82472186215185,143.3251849706338,144.7229015431232,9098800,False
2024-02-15,146.1761474609375,146.69450033993888,144.2971112125292,144.38041489864227,7462500,False
2024-02-16,146.00823974609375,146.67042180019726,145.18749262758402,146.05487569260777,8541000,False
2024-02-20,147.23004150390625,147.92953808759427,145.90566301321226,146.01757791258814,9501700,False
2024-02-21,147.9948272705078,148.00416300029775,146.54921228260886,147.37928105007472,7472500,False
2024-02-22,149.64566040039062,149.91614043187724,147.14613231398707,148.27464570643298,8065000,False
2024-02-23,150.94204711914062,151.32444203687112,149.3751814532631,150.04669937615225,6726000,False
2024-02-26,149.96273803710938,151.1005869773707,149.75756546073112,150.90473589905224,5465400,False
2024-02-27,150.13995361328125,150.19591106702242,148.89018970874383,149.5430503878831,5078600,False
2024-02-28,150.6715850830078,150.7275425394217,149.49642157313178,150.15861801372034,6071100,False
2024-02-29,150.51303100585938,151.2684851139431,150.10265735917295,151.0912770182107,9849100,False
2024-03-01,151.20318603515625,151.622895395551,150.24254514117254,150.93272026836178,5670100,False
2024-03-04,149.0767059326172,150.7275218264523,147.6124338429217,150.45705608052057,8532900,False
2024-03-05,149.19796752929688,150.38245246246427,148.47981367817857,149.80419224344263,8298200,False
2024-03-06,148.6103973388672,150.09332687929597,148.4984824245092,148.72232648452152,5773700,False
2024-03-07,148.17202758789062,149.56169928062508,147.58446012506022,149.2259403455957,5188700,False
2024-03-08,148.77828979492188,149.58970141853248,147.76167710142138,148.17205077860737,5284000,False
2024-03-11,150.3731231689453,150.4570735830917,148.18137552828216,148.75030004198456,4620800,False
2024-03-12,151.78143310546875,152.12651352351693,150.27984657670274,150.69954166943862,8018700,False
2024-03-13,150.25189208984375,151.725485900926,149.04874983445467,151.58559225787909,6260000,False
2024-03-14,148.48916625976562,150.662256825197,148.00417789463094,150.10266800200793,6988300,False
2024-03-15,147.52850341796875,148.4705013700461,146.52124074193347,147.41658850536396,13165500,False
2024-03-18,146.2041015625,148.00414676516834,145.96161454658295,147.89223187032877,6602300,False
2024-03-19,145.69119262695312,146.2974174647288,145.17822548582856,146.1202093404041,7840600,False
2024-03-20,145.27145385742188,145.9056715305952,144.7585010511421,145.2154964044674,5982300,False
2024-03-21,145.26214599609375,146.3813378541382,144.65592122378118,145.11291662000872,5915800,False
2024-03-22,144.77716064453125,145.8310735669744,144.66524572579283,145.2061915518567,7248600,False
2024-03-25,144.76783752441406,145.47665572065048,144.46937876939026,144.9357099006424,7498100,False
2024-03-26,145.28079223632812,145.70980887099935,144.33879432343232,145.1315628715314,6864100,False
2024-03-27,147.32333374023438,147.56582079944678,144.97302090990462,145.48598798833123,8461600,False
2024-03-28,147.53782653808594,148.42385272683563,147.4632118589614,147.5471480362409,6181500,False
2024-04-01,147.15548706054688,147.50056762906627,146.21350306554243,147.09952958795455,4364700,False
2024-04-02,147.1088104248047,147.20208234087585,145.44867278407153,146.02693304737934,6102300,False
2024-04-03,143.87246704101562,147.4072647778344,143.86314554220485,147.16476349579548,8098200,False
2024-04-04,142.2310028076172,145.0289897480949,142.14706661491425,144.8517816315237,6947400,False
2024-04-05,142.1283721923828,142.70661812142026,141.40089691672478,141.79261327813342,6783000,False
2024-04-08,141.38223266601562,142.73458975325008,141.3542539438261,141.75530601403094,5935400,False
2024-04-09,142.0351104736328,142.25895450960823,140.77602512841997,141.3449496008079,6135300,False
2024-04-10,140.0858612060547,141.5967836647257,139.6754875563242,141.326303654087,6809500,False
2024-04-11,138.7707977294922,140.71073674689092,138.3977385547712,140.64545779539762,8374400,False
2024-04-12,137.58631896972656,139.0319480919256,137.2412243104477,138.08995024925227,7100200,False
2024-04-15,137.65159606933594,139.42366259999005,137.446409268615,138.37907136960317,8502300,False
2024-04-16,134.7230682373047,136.40186324659925,133.7344484627472,135.24535685546354,12774900,False
2024-04-17,135.02149963378906,135.6184028237096,133.87431497509763,135.23600793747912,9378100,False
2024-04-18,135.9261932373047,135.9821506919211,133.49194434242062,135.21736086204157,9887700,False
2024-04-19,137.9500732421875,138.15526007037997,134.80699186376418,136.30857861664762,9750800,False
2024-04-22,139.07858276367188,140.15115283286335,137.38114495929045,138.50965825220044,10118700,False
2024-04-23,139.48895263671875,140.35633585987125,138.22053150927846,139.7687541355194,10110400,False
2024-04-24,138.52830505371094,138.95733589535283,136.97076100410416,138.16456739220152,9756300,False
2024-04-25,136.93345642089844,139.5075986949085,136.47644686840596,139.31173339204193,7642700,False
2024-04-26,136.29925537109375,137.26921781178663,136.12204727344408,136.8215439338742,6183000,False
2024-04-29,136.93345642089844,137.30651556856566,136.1593451697594,136.29923879231103,6149600,False
2024-04-30,134.85360717773438,136.9894113175234,134.79764972975633,136.9894113175234,8817700,False
2024-05-01,140.99984741210938,141.62474353362998,137.67957266103372,138.72416387523856,14470900,True
2024-05-02,139.82473754882812,142.07245722373378,139.09726205566085,141.80197717320095,8459800,False
2024-05-03,139.21849060058594,139.79673661066192,137.8661332566331,139.79673661066192,6532700,False
2024-05-06,138.574951171875,139.9459657422824,137.95006920658594,139.77807914626527,5042800,False
2024-05-07,138.70553588867188,139.6475196713871,138.45371308745803,139.3210964110626,7333500,False
2024-05-08,138.92002868652344,139.64750404748654,138.68686314182256,139.07857954916457,7735100,False
2024-05-09,139.7594451904297,139.9926107551576,138.86408316010397,138.9480193478948,6546200,False
2024-05-10,139.81541442871094,139.98328681843626,139.14389640721396,139.8993506235736,5710600,False
2024-05-13,141.0371856689453,141.76466108072427,139.6288708038443,139.93663682080765,5628500,False
2024-05-14,141.18638610839844,141.960497319986,140.55216851221496,141.62473841172263,8254200,False
2024-05-15,142.38954162597656,142.6506859131193,141.11179891879263,141.59678726547045,5548000,False
2024-05-16,143.89114379882812,143.98441572477824,142.07245509318338,142.69733714941526,7591000,False
2024-05-17,144.2268829345703,144.43206975834843,143.35951391420488,144.43206975834843,6521800,False
2024-05-20,142.22422790527344,144.2174496953771,142.21481671239104,143.94479768206938,7742300,False
2024-05-21,142.196044921875,143.46530802574028,141.77294287425374,142.70374729415454,5492400,False
2024-05-22,144.32089233398438,144.86621078227856,141.33105923571543,141.81995355791082,6609800,False
2024-05-23,140.7481689453125,143.70040123383563,140.44731190987898,143.61578653758906,8000400,False
2024-05-24,138.181396484375,140.8515649318184,137.98394788430534,140.58830969594845,9520600,False
2024-05-28,135.7462615966797,138.0121357148279,135.53000497897455,138.0121357148279,10499800,False
2024-05-29,135.8026885986328,136.72408192711163,135.11634561338164,135.2197683382552,8263800,False
2024-05-30,136.59242248535156,136.90269058768573,135.40777419616475,135.97188628068324,8490300,False
2024-05-31,137.89930725097656,138.66086792186712,136.5078135023576,136.86509454651136,14621200,False
2024-06-03,138.9053497314453,139.9959723716014,137.9933532931622,138.4446459148245,7329200,False
2024-06-04,138.96176147460938,139.4412589952385,137.4480367373284,138.66089015837102,8876400,False
2024-06-05,137.24119567871094,139.14040647072486,137.1283761046841,139.12159842627557,5891300,False
2024-06-06,137.66429138183594,138.2096099316981,136.0095420330487,136.79930778953792,5016300,False
2024-06-07,138.2848358154297,139.43188277218283,137.58908155345836,137.9087466144981,5111600,False
2024-06-10,138.33181762695312,138.7360972873424,136.89331082967726,137.76769112568175,5749900,False
2024-06-11,137.9839324951172,138.36002160893975,136.74287428533472,138.0309454276366,5661200,False
2024-06-12,136.7146759033203,138.40704113025402,136.12234448731016,138.2660023259817,6180500,False
2024-06-13,136.7522735595703,137.269387133793,135.27616500733436,136.39500682801622,6840400,False
2024-06-14,136.83689880371094,137.241192846187,135.84028766348428,136.4608240004936,4075300,False
2024-06-17,137.22238159179688,137.67367421436646,136.08474601356232,136.3480012389224,6666600,False
2024-06-18,136.94032287597656,137.63607704975226,136.57364491800942,137.2317973496265,6156600,False
2024-06-20,138.94293212890625,139.22499535805204,136.3385707890465,136.58303228259436,8749700,False
2024-06-21,139.8549346923828,140.16520282368043,138.55745238810778,139.04636105072817,15172300,False
2024-06-24,140.20281982421875,140.76694636914337,139.3096314166998,140.09000025376744,6914700,False
2024-06-25,138.38824462890625,140.27804425456696,138.1531942818489,140.25923620982869,5912500,False
2024-06-26,138.04037475585938,138.3882446788026,137.06255727780078,137.45744013943937,5267800,False
2024-06-27,137.08135986328125,138.54807167562268,136.17876025381432,138.02156121440618,5739200,False
2024-06-28,137.41981506347656,138.27540162492227,136.9403032550698,137.30698116049908,10495700,False
2024-07-01,137.68309020996094,139.80794013055018,136.91211820428637,137.3352202956774,5144400,False
2024-07-02,137.29757690429688,138.35059763305065,137.02492487500578,137.6736516370428,5492000,False
2024-07-03,136.97793579101562,137.88052104525434,136.08474738551527,137.45743331068405,3246200,False
2024-07-05,137.72067260742188,137.78649357997833,135.85907818285818,137.0531377658674,4888500,False
2024-07-08,136.78050231933594,138.4164579997246,136.5642600037738,137.64548592792005,5260200,False
2024-07-09,138.25662231445312,138.33184014995837,136.49843589548038,136.9591397580743,5890400,False
2024-07-10,140.49427795410156,140.53189404127482,137.90872429478992,138.45404278813206,6093200,False
2024-07-11,140.7481689453125,141.57555089884465,139.7515575992872,140.63534935031706,6350400,False
2024-07-12,140.91737365722656,141.8575749453664,140.3156454066704,141.03019322097674,5336400,False
2024-07-15,140.31565856933594,141.2652567947567,139.9677743045835,141.1054242823394,6711400,False
2024-07-16,141.9798126220703,142.04563360833822,140.2404485863016,140.73875419594182,6469600,False
2024-07-17,147.2167510986328,148.07233789807702,142.36530796471064,142.48753874929872,13801400,False
2024-07-18,146.12606811523438,147.67740869595008,145.37390428940236,146.29531179055414,10166200,False
2024-07-19,145.43975830078125,147.1509174056219,144.9038366112367,147.1509174056219,7398000,False
2024-07-22,145.0166473388672,145.83461784329194,144.40550791277647,145.51495285838257,6840600,False
2024-07-23,143.23965454101562,144.3208801521572,142.50629877329098,144.14223963375454,6261900,False
2024-07-24,146.93467712402344,147.05690789974528,143.22088437533978,143.6251641006733,7168200,False
2024-07-25,150.09375,150.97754160598373,146.67141749887952,147.12271015113313,10019600,False
2024-07-26,151.03395080566406,151.91774240820376,149.9339169002693,150.19717214191928,8356900,False
2024-07-29,149.0782928466797,150.43218480534074,148.59879542229186,150.4039799183962,5625000,False
2024-07-30,151.6826629638672,151.88950837781874,148.890264221853,149.0594935534505,6545700,False
2024-07-31,148.41078186035156,150.76128512487196,148.30735914285933,150.29118447196788,8293200,False
2024-08-01,151.14674377441406,151.193756704933,148.27914151507625,149.00308612900585,7213400,False
2024-08-02,154.32464599609375,154.9921952539215,151.37241438870163,152.21858984861427,11280400,False
2024-08-05,151.60748291015625,155.86659430559985,150.9775496639658,153.99558826655496,12032200,False
2024-08-06,149.4638214111328,151.82372181895764,149.43561651614036,151.4194420931757,7607100,False
2024-08-07,149.39801025390625,151.01515795609393,148.73047523338855,149.36980535705823,5993000,False
2024-08-08,150.63906860351562,151.09036125598882,148.58002525375042,149.08774204082567,5094800,False
2024-08-09,151.01512145996094,151.30658155451,149.81166499750063,150.54502083098947,4579200,False
2024-08-12,150.31939697265625,152.0305559757532,149.21936311073662,151.3442130047437,7605400,False
2024-08-13,148.91848754882812,150.78008215855402,147.085097831194,150.68607063369268,9711400,False
2024-08-14,149.0030975341797,150.00911980822715,147.987678411842,148.39197242965236,5141200,False
2024-08-15,149.57664489746094,149.96213093420545,148.40139308763173,148.89969870729246,7237800,False
2024-08-16,149.85867309570312,150.37578664015783,148.72102329790278,149.62362278879937,5012800,False
2024-08-19,150.08436584472656,150.70488791418285,149.6142651078541,149.92453331575024,4408400,False
2024-08-20,150.58265686035156,151.3066015954966,150.12195301825827,150.43222119603524,7275100,False
2024-08-21,151.77670288085938,151.82371581943409,150.72368191919216,150.80829660082586,5019400,False
2024-08-22,152.64169311523438,152.77332072883246,151.1749669755695,152.31261690807227,6552100,False
2024-08-23,154.3152313232422,154.39984599019326,152.03053489123835,152.78269873891176,7093400,False
2024-08-26,154.76654052734375,155.80076772234304,153.76051822435954,154.35284964934402,6870600,False
2024-08-27,154.36862182617188,155.40121609206312,153.62023166283245,154.8896602716467,4388700,False
2024-08-28,155.28756713867188,156.3106934119954,154.14129681524247,154.41601834033486,5187000,False
2024-08-29,155.58123779296875,156.04543838442643,154.75705877130923,155.96018147636997,7390100,False
2024-08-30,157.1254119873047,157.23908787151527,155.18336705243584,155.47703939012942,7971000,False
2024-09-03,158.35693359375,158.97269716186992,156.09279763811378,156.53804740160572,6956500,False
2024-09-04,158.54640197753906,159.95794003326563,157.29590955954407,158.9727009545018,6939100,False
2024-09-05,156.3012237548828,158.55587723917645,156.14964628133703,158.39483159424285,4600400,False
2024-09-06,155.72335815429688,157.20120248645824,155.477041128787,156.48121666447486,6016900,False
2024-09-09,157.83590698242188,158.59377990001585,155.80860523961158,156.15911550121905,7538200,False
2024-09-10,158.56536865234375,159.58849497263685,157.96854135170005,158.67904453619045,6559600,False
2024-09-11,156.1401824951172,158.0064241765716,155.44861567335087,158.0064241765716,5920200,False
2024-09-12,155.96966552734375,156.40544719381714,154.14131085516345,155.55283466077572,4540900,False
2024-09-13,156.80331420898438,157.0211977964731,155.19284327647554,156.06439208165418,3693400,False
2024-09-16,158.1959228515625,158.44222544209046,157.04963790958948,157.5990954932833,5187800,False
2024-09-17,158.27169799804688,158.88746164906118,157.19171926912577,157.4854060642255,5066500,False
2024-09-18,157.40013122558594,159.48428544048377,157.01173380846782,157.85486366623135,4722800,False
2024-09-19,156.1401824951172,157.60854413875717,155.7612388006102,157.47591745948571,4956100,False
2024-09-20,155.5149383544922,156.1875399316459,154.93706186083492,155.64756503556643,11839000,False
2024-09-23,154.6244354248047,155.8370263273473,154.15076665177324,155.7422867906515,4671600,False
2024-09-24,154.20761108398438,154.88022713030526,153.0423899007328,154.21707925596306,6041600,False
2024-09-25,152.14242553710938,154.7191849857668,151.91505930744265,154.41603001287783,5420000,False
2024-09-26,152.89080810546875,153.03290295726325,151.59296027499917,151.80137569444707,6122000,False
2024-09-27,152.90028381347656,154.82337799707716,152.8434458699573,153.46869215911872,7553800,False
2024-09-30,153.52554321289062,153.63921910963649,152.21821257940948,153.0613569976944,6010000,False
2024-10-01,153.459228515625,154.17919991349052,152.69187288979546,153.87604493214178,4408000,False
2024-10-02,152.682373046875,153.5823407213355,152.18975353197854,153.0044643063287,4684400,False
2024-10-03,152.0476837158203,152.9381833663065,151.78243034612967,152.31293708551095,4791200,False
2024-10-04,151.84873962402344,152.04768688304785,150.41826503230683,151.2235077854285,5331100,False
2024-10-07,151.12876892089844,152.38872968644645,150.83509657239193,151.8108531617248,4266000,False
2024-10-08,151.2803497314453,151.8108564959117,150.57931467541465,151.09088509488237,4766300,False
2024-10-09,152.18975830078125,152.72974759551116,151.10979416654402,151.49820599729122,6047200,False
2024-10-10,152.05715942382812,152.89082117287185,151.57402243120973,152.862402200084,4793900,False
2024-10-11,152.95712280273438,154.0939249391325,152.71080579544542,153.63919252039454,5253500,False
2024-10-14,153.0897674560547,153.601323418181,152.42661954798984,152.9002883650504,5964000,False
2024-10-15,155.4580841064453,157.96852261173925,150.62665724297776,151.5739947099147,10548000,False
2024-10-16,155.62860107421875,156.30121704970887,154.0749681750826,155.3633477345045,5982100,False
2024-10-17,155.80860900878906,156.3106967571061,155.01284893091574,155.60966176170876,4798000,False
2024-10-18,156.42437744140625,156.58542309626213,155.2970434021906,156.20649384427466,5908000,False
2024-10-21,154.25498962402344,156.54754497772373,153.76237000386195,156.40545011384313,6082700,False
2024-10-22,154.8423309326172,155.10758430951594,153.3739547321401,153.77184925271317,5680300,False
2024-10-23,157.1254119873047,157.25803867062515,153.8665683911739,154.2455120972498,7441600,False
2024-10-24,155.05075073242188,156.79384853120328,154.73812757472325,156.31071153579197,5386300,False
2024-10-25,152.4076690673828,155.28756884770343,152.15188388243095,155.06020263272137,6400400,False
2024-10-28,153.0897674560547,153.44027775500746,152.521359093492,152.64451761159978,4842500,False
2024-10-29,151.65927124023438,153.6297351611049,151.63085226896612,152.95713356745705,5216900,False
2024-10-30,152.15188598632812,152.78660041646958,150.65509090791923,151.05297094822177,5820500,False
2024-10-31,151.44137573242188,152.39818141873138,151.0624465084954,151.56453423504848,8613900,False
2024-11-01,151.69717407226562,152.57819109919424,151.46033967295477,152.12347309998026,5256400,False
2024-11-04,149.90670776367188,151.8392701168587,149.74566210550836,151.28981257153484,4644000,False
2024-11-05,150.01089477539062,150.238246517786,148.116219827575,149.3666977764175,6547100,False
2024-11-06,149.56565856933594,152.37925227840577,149.06357081905168,151.47927003240187,8926600,False
2024-11-07,148.4761962890625,150.38982200869847,148.26778089112085,150.12456867590407,7522800,False
2024-11-08,147.2825469970703,148.80776079199913,147.2257090658044,148.7319720652374,8926100,False
2024-11-11,146.87521362304688,149.2814591970599,146.75206956587456,147.42467115998508,7146800,False
2024-11-12,144.60162353515625,146.87522819509994,144.3458383129642,146.39209118004902,7181400,False
2024-11-13,145.1699981689453,145.42576887643287,143.4458370461758,144.46896324179357,7161900,False
2024-11-14,143.8721466064453,145.50156832070374,142.82060136590906,145.1131564626625,7716400,False
2024-11-15,145.88999938964844,146.29734764424117,142.95324686659777,142.95324686659777,11328500,False
2024-11-18,146.61944580078125,147.14995254901564,144.30793972185305,144.55424229632624,7510600,False
2024-11-19,144.94265747070312,145.88052692880635,144.04268961274704,145.8426253286592,8233700,False
2024-11-20,145.04684448242188,145.1794711535539,143.8153028474972,144.97105574817172,9061300,False
2024-11-21,147.31097412109375,147.84148078258494,144.76263405658136,145.5299750816113,10141100,False
2024-11-22,146.9983673095703,148.84567265875356,145.99419180976938,147.68991968024426,8266000,False
2024-11-25,147.5762481689453,148.76988832486654,146.96995269138182,146.99837166257822,12256200,False
2024-11-26,147.55714416503906,148.25424539355322,146.25842684315538,148.16830440056026,5683500,False
2024-11-27,148.39747619628906,149.57206135223436,147.6335368518417,147.66218384869805,4140400,False
2024-11-29,148.02505493164062,148.6553180230603,147.22290985412982,147.9104669409132,5687800,False
2024-12-02,147.82452392578125,148.0155087647843,146.99371729074377,147.77677407322818,6946500,False
2024-12-03,145.49447631835938,147.8245293244356,145.44672646406246,147.8245293244356,8674400,False
2024-12-04,143.68966674804688,144.73054671932016,143.00210952985245,144.4727091196942,10333100,False
2024-12-05,142.782470703125,143.60371875317475,142.23814852719377,143.24083730255396,7898100,False
2024-12-06,142.5819091796875,143.2885691337698,141.69382309433357,142.65830603184853,8389600,False
2024-12-09,142.85885620117188,144.09072089265194,141.75112365038945,142.56281292114443,8410300,False
2024-12-10,142.50550842285156,144.03341628178802,141.6460693592056,143.1739626469328,9398700,False
2024-12-11,140.0322265625,141.8084133325439,139.7743890037748,141.8084133325439,13446700,False
2024-12-12,139.6502685546875,141.11132389106152,139.43062211865976,140.567001729442,6176300,False
2024-12-13,140.01312255859375,140.30915125597272,138.50431750211118,139.09638946807885,8324900,False
2024-12-16,137.3679656982422,140.61475210859803,137.0528341147506,140.1181798038951,8732400,False
2024-12-17,139.81259155273438,140.05132624991293,137.234259737448,137.35839187155833,10343000,False
2024-12-18,138.2274169921875,140.1277508030361,138.15102012544253,139.1155032470745,9336100,False
2024-12-19,137.110107421875,138.67620638843644,136.90956387311863,137.64487079028004,9516700,False
2024-12-20,137.9600067138672,138.9149454938781,136.31751084655173,136.60399539479687,17702800,False
2024-12-23,138.72396850585938,138.78126250451018,136.9859728336639,138.11280823490046,8720800,False
2024-12-24,139.27783203125,139.27783203125,137.8263209521463,138.46612820981196,3164100,False
2024-12-26,139.0199737548828,139.77436889517253,138.5520485595083,138.9531210535974,4656300,False
2024-12-27,138.51388549804688,139.99404365534244,138.16054820902372,138.3419889250498,5588300,False
2024-12-30,136.8809356689453,138.3515497051713,136.50851008830307,138.31334399006332,6268700,False
2024-12-31,138.10324096679688,138.15099081978497,136.85227350303924,137.28199303751342,5811400,False
2025-01-02,137.53028869628906,139.20143157976784,137.30109814091938,138.68575647298846,6051300,False
2025-01-03,137.692626953125,138.05550835740777,137.1483048467009,137.57803896070294,5878800,False
2025-01-06,137.1865234375,138.29425603894032,136.48940756159422,137.04327386231438,7910500,False
2025-01-07,139.64068603515625,140.54787491199255,137.11964837753513,137.28198621265668,8422000,False
2025-01-08,135.85914611816406,139.02953533291765,135.06654517167328,138.93405019637285,11175600,False
2025-01-10,135.65863037109375,137.19608272538397,134.34080990421285,134.64639737470628,8821500,False
2025-01-13,137.9600067138672,138.53297581035747,135.89733545195344,136.5371426860156,10376400,False
2025-01-14,138.2274169921875,138.28471099944312,136.42258290757323,137.98868224781413,8681700,False
2025-01-15,138.43748474121094,139.4688204365145,137.75947175376876,138.76216044958142,7434600,False
2025-01-16,141.11131286621094,141.3977974251432,137.56848344887553,137.8167768665148,8964000,False
2025-01-17,140.4046630859375,141.69383640908086,140.00359050281116,140.7961915258505,10773100,False
2025-01-21,141.4741668701172,142.1521797790258,140.42374301096277,140.9107565171082,11111700,False
2025-01-22,138.72396850585938,138.91495335843211,135.7063582930953,137.5111921066466,16834700,False
2025-01-23,140.0322265625,141.24500293154537,138.28468679106894,138.8863029043578,10506400,False
2025-01-24,140.20411682128906,140.97761489147547,139.78394143224725,140.19455810804132,9887300,False
2025-01-27,146.00059509277344,146.53535849869652,141.3309448622672,141.76066441551183,15152300,False
2025-01-28,143.60372924804688,146.07701772246685,143.5273323806902,145.78098896846765,10320600,False
2025-01-29,144.33900451660156,145.03612038367163,143.24083064348582,143.71830007896412,7156400,False
2025-01-30,145.98150634765625,147.19428284195575,144.53955384078515,145.0647731549473,8911000,False
2025-01-31,145.29393005371094,146.27751583483416,145.2079890603024,145.74275244756828,8457800,False
2025-02-03,145.0265655517578,145.5995347181545,143.98568565164132,145.15071227109303,6687500,False
2025-02-04,146.57357788085938,147.23247348597184,144.14802490051412,144.53955334894005,9645000,False
2025-02-05,147.71949768066406,147.75768882453178,146.4016773634581,146.88870551783992,8947000,False
2025-02-06,146.5926513671875,147.86272173207726,146.4685192304036,147.8149718773712,7418100,False
2025-02-07,146.22023010253906,147.52850621804473,145.9146572516367,146.61175852291703,6204900,False
2025-02-10,147.28976440429688,147.4138965387337,145.42762210443897,146.68814830303756,6936200,False
2025-02-11,149.0946044921875,149.3428833428539,147.0032861188648,147.16562397174783,7554500,False
2025-02-12,148.26380920410156,148.64579350898148,147.3184290133478,148.27336791873063,7746000,False
2025-02-13,150.16412353515625,151.0044743264707,147.81496771907698,148.26379011250998,10704700,False
2025-02-14,149.11370849609375,150.37423488129969,149.0277674892511,150.20233829640262,6411800,False
2025-02-18,149.19070434570312,149.6334841814593,147.5061845486089,148.37250314054714,9670700,False
2025-02-19,151.982177734375,152.37684015560075,148.95966872703968,149.2003143954194,7974700,False
2025-02-20,153.70523071289062,153.9651322089806,151.07738350351235,151.07738350351235,7224000,False
2025-02-21,156.2271728515625,157.39188967625117,153.32016902768856,153.89772451433902,12546900,False
2025-02-24,157.61329650878906,158.70100497152328,155.9865293965267,156.59294650949553,10201900,False
2025-02-25,159.87535095214844,160.20262553244362,157.80580410210135,157.95982085324465,12303700,False
2025-02-26,156.97799682617188,158.95129440367535,156.47744968295726,158.90316232854656,11396400,False
2025-02-27,157.60366821289062,157.8154375911286,155.6785027291615,156.23680248198454,8364600,False
2025-02-28,158.8454132080078,159.73098759604045,156.6122141259579,158.1619729769769,12037200,False
2025-03-03,161.0208282470703,161.06896031825443,158.67212417660656,158.78764408501763,9191500,False
2025-03-04,159.23043823242188,163.62944849125128,159.13418876922952,161.79091189646425,11999700,False
2025-03-05,158.94166564941406,160.23153775130362,157.41116253777426,158.35448955976102,8744800,False
2025-03-06,159.62509155273438,159.66358839823857,157.39189262948574,158.8261461459435,8037900,False
2025-03-07,160.45294189453125,162.15671769705472,158.53739668433371,158.95131495855085,9637600,False
2025-03-10,161.42510986328125,163.54278878714246,160.79943700663335,161.21334050211055,17559000,False
2025-03-11,159.65399169921875,161.04011334989465,158.87430194267571,160.94384918998992,9890300,False
2025-03-12,156.75662231445312,158.06573557226162,156.1598109623171,157.60368523102431,8010700,False
2025-03-13,156.891357421875,158.38334883625902,156.57370337266372,157.31488146631054,5286700,False
2025-03-14,156.71810913085938,157.045383769915,155.07210070700123,156.05392462416808,6235800,False
2025-03-17,156.74696350097656,157.3822716087003,155.6784961153853,156.33305998972546,6669800,False
2025-03-18,158.10421752929688,158.69139359743707,156.87211277776453,157.32452784770112,7348800,False
2025-03-19,156.891357421875,158.21009100278712,156.14054410113783,157.83468434241854,5936400,False
2025-03-20,156.9202423095703,157.09350015251783,155.871015960727,156.90098654218272,7485900,False
2025-03-21,157.50743103027344,157.98872243872594,156.4004519781238,156.9009991555119,17047100,False
2025-03-24,157.1801300048828,158.2389768997674,156.419696098809,156.74697070710167,8046400,False
2025-03-25,154.9950714111328,158.0464568261863,154.55227690378203,157.4015281757977,7456200,False
2025-03-26,155.66888427734375,156.4100771111182,154.6292931396444,155.17797236003315,7223500,False
2025-03-27,157.02615356445312,157.930983842741,155.28388086121132,156.27534007562903,6752500,False
2025-03-28,157.58441162109375,158.36410121519788,156.81434256583634,157.46889171570552,5760300,False
2025-03-31,159.63473510742188,160.39518377834594,158.08497614316929,158.21973715363262,12481400,False
2025-04-01,147.51580810546875,155.75551418857998,147.40030287427382,154.7159230442836,23303100,True
2025-04-02,149.54684448242188,149.96074798114105,147.70830805415093,148.24735200031822,10356900,False
2025-04-03,153.83998107910156,154.6389118307078,151.587526297093,152.81001049363928,13249300,False
2025-04-04,147.5061798095703,153.8399758056958,147.20776683159517,153.20466769183372,16601700,False
2025-04-07,144.98422241210938,146.99603170702494,141.8847044975957,145.61953061050377,18083000,False
2025-04-08,144.3874053955078,147.8430737728905,142.46223999023437,147.8430737728905,12018400,False
2025-04-09,145.3211212158203,147.45805612927666,136.20546125569413,136.87926625366518,18773700,False
2025-04-10,143.12644958496094,145.54252730600845,139.6996569107632,144.74358175972205,13830500,False
2025-04-11,146.05267333984375,146.64948461948305,142.64513694227333,143.74248066567873,9943900,False
2025-04-14,148.5842742919922,148.88267259526904,145.51363296087104,145.91791595445713,10685300,False
2025-04-15,147.87197875976562,150.4517085408691,146.40886334322556,149.87415293212752,10847700,False
2025-04-16,148.151123046875,149.80676664655024,146.54361152502074,149.55648571702037,7986900,False
2025-04-17,151.57791137695312,153.4742006265208,148.39176472867018,148.39176472867018,10981100,False
2025-04-21,151.04847717285156,152.30945817358227,149.67199094696886,152.04957141699035,6285400,False
2025-04-22,151.84742736816406,152.78113380181065,150.41317379668138,151.65491375756463,7136300,False
2025-04-23,149.56610107421875,151.2217444539283,148.5553863256519,150.63456843335868,9099400,False
2025-04-24,149.1329345703125,150.06664098881706,147.698695709936,149.97039152900174,8310400,False
2025-04-25,148.79603576660156,149.10405459341425,146.74572991221044,148.54576955182586,8643600,False
2025-04-28,149.53724670410156,149.98002657534252,148.06449616707076,149.68162825171314,5815200,False
2025-04-29,150.07627868652344,151.14474611663368,148.51688465824142,149.63348416297495,5246700,False
2025-04-30,150.4613037109375,152.28058447749746,149.2195784557302,152.28058447749746,9598200,False
2025-05-01,148.68057250976562,149.28698979517034,147.6217253640581,149.20036085266258,7325800,False
2025-05-02,150.27841186523438,150.8559673812853,149.23882074905086,150.23029447876922,5974500,False
2025-05-05,149.20033264160156,150.92334937526124,148.94043117537043,150.80784414042418,5464100,False
2025-05-06,148.69017028808594,150.06665667892136,147.93935685893055,149.02708015228183,8644200,False
2025-05-07,151.41427612304688,152.03032852242876,148.7190413678083,148.95006652551942,7853100,False
2025-05-08,149.8356475830078,151.1543813665103,148.98856998831212,149.9896643616522,7606100,False
2025-05-09,148.44952392578125,150.22067279248463,148.0548614438321,149.60462037415962,6520400,False
2025-05-12,148.37249755859375,149.54684963370093,145.5232462891911,146.33182692414027,9023800,False
2025-05-13,142.88580322265625,146.02381808353965,142.5392728027916,146.02381808353965,10549600,False
2025-05-14,140.8836212158203,143.25158140043052,140.6525960528821,143.10718516565112,10216000,False
2025-05-15,144.01202392578125,144.0505207779698,141.8173361548079,142.46226491587166,7945800,False
2025-05-16,145.66763305664062,145.8312703433293,143.63658309338803,144.06974234495752,8051200,False
2025-05-19,146.78427124023438,146.94790857017026,145.3981495186016,146.20671562693758,12639900,False
2025-05-20,147.91049194335938,148.27626345763235,146.42810605212085,146.63025492378046,7351500,False
2025-05-21,147.44842529296875,148.65165378512776,147.2751674402648,147.45806052112863,7032200,False
2025-05-22,146.89974975585938,147.58318995096408,145.7061418932477,146.93824660207738,7535300,False
2025-05-23,147.2174072265625,147.7371954457021,146.514725935996,147.27515984115055,6727300,False
2025-05-27,148.7804412841797,149.54739430031267,147.49893216707943,148.07173598904868,6990700,False
2025-05-28,147.98435974121094,149.15907651243762,147.49894228122335,148.80957534869594,8459300,False
2025-05-29,149.10081481933594,149.54739054497975,147.1397243168512,147.32418530456823,6810600,False
2025-05-30,150.68328857421875,151.1687060152862,148.75132182581495,149.41148243505967,15529700,False
2025-06-02,150.86773681640625,151.00365310920873,147.85815752898998,149.97457049030925,6669300,False
2025-06-03,149.91632080078125,151.1201613882195,149.5862404959846,150.285242796592,8209800,False
2025-06-04,148.75132751464844,150.41144693088043,148.66395592721838,150.41144693088043,6983900,False
2025-06-05,149.17849731445312,149.59594921931134,148.18824154851782,149.1979033469359,5295400,False
2025-06-06,150.50852966308594,151.47936453922725,149.50857092576155,149.50857092576155,5391500,False
2025-06-09,150.70269775390625,151.44054176055067,149.94544771512437,150.33379056434904,5319000,False
2025-06-10,151.8871307373047,152.84826270728874,150.49884381664958,150.89687490281506,6791600,False
2025-06-11,150.73184204101562,152.03277224499652,150.2173006581136,151.74151877205253,6016000,False
2025-06-12,152.0909881591797,152.11039418988705,150.64443892823047,151.68323930786653,7075500,False
2025-06-13,152.51817321777344,153.07154142395083,151.42112500798427,151.42112500798427,6587500,False
2025-06-16,150.6929931640625,151.9356606410736,149.94544614915642,151.8579920720398,7024000,False
2025-06-17,147.93582153320312,150.75123671741724,147.6639889559865,150.45028027933915,6407100,False
2025-06-18,146.33395385742188,148.1979552600932,146.3145478235386,148.12030149702744,8325200,False
2025-06-20,145.4213409423828,146.9843855926896,144.6932148285212,146.84846931065263,22605500,False
2025-06-23,146.90673828125,147.01351589474922,145.37281742317523,145.37281742317523,7397900,False
2025-06-24,147.75135803222656,148.26589931707005,146.57664134693826,147.08147961624732,9544200,False
2025-06-25,147.8387451171875,148.60571302399958,146.3339479807507,146.9649995870065,7153700,False
2025-06-26,147.57659912109375,148.75131579893812,147.11060254440363,148.2464775328281,7156900,False
2025-06-27,147.9649658203125,148.8581322421475,146.60578793283332,147.57662293227568,10010800,False
2025-06-30,148.29502868652344,148.5086135463286,147.10090592580522,147.72223965966626,9039300,False
2025-07-01,151.37257385253906,153.1492034739777,148.35327676043812,148.53773775923037,10896700,False
2025-07-02,151.02305603027344,151.74147910054077,150.5473564688073,151.4502257037425,5544000,False
2025-07-03,151.45993041992188,151.7220599613611,150.36289717938598,150.89684446345694,3482500,False
2025-07-07,150.7415313720703,151.79003478817216,150.3726093885074,151.46965750988292,6270900,False
2025-07-08,151.24635314941406,152.18806412896572,149.71244713889567,149.97456187968828,6438200,False
2025-07-09,151.7220916748047,152.12013757764228,150.54738962779254,151.24637719479634,6147400,False
2025-07-10,153.0909423828125,154.59573928950297,151.2754860424661,151.54731860207636,6732900,False
2025-07-11,152.323974609375,152.5958071690143,150.65413756372584,152.50843559207956,7872000,False
2025-07-14,152.246337890625,152.8773746574223,150.98424954326526,152.2948677851747,10185600,False
2025-07-15,150.6444549560547,152.60554567091353,150.2852507708202,151.79975089790832,6873200,False
2025-07-16,159.97415161132812,161.2750666429119,155.13939862284107,155.6248160060078,22134800,True
2025-07-17,158.22666931152344,159.896506540005,157.5665086840501,158.42083333055885,11295700,False
2025-07-18,158.92567443847656,160.28485222326432,158.59559411890905,159.14896232362338,9792600,False
2025-07-21,159.56643676757812,160.11010198229897,158.03251573246365,158.99364768876623,8254000,False
2025-07-22,163.0323028564453,163.1585161378835,159.90622800720854,160.18776361914905,9288000,False
2025-07-23,164.16818237304688,164.1875884045282,161.7313773695686,163.68276493825223,10617600,False
2025-07-24,164.61476135253906,165.03222805782448,163.95460073885116,164.5565136294213,6636900,False
2025-07-25,163.39151000976562,164.92543086724078,162.55659143705802,164.79921759495198,6254900,False
2025-07-28,161.37217712402344,163.04201432533776,160.23630207669302,162.9643457562342,8014600,False
2025-07-29,163.20704650878906,163.85750407777874,161.5177885442579,161.80904196073075,7663400,False
2025-07-30,162.3818359375,163.69246894488504,161.91583934513037,162.80900565290742,6189200,False
2025-07-31,159.93533325195312,162.1973801555685,159.44019801395916,161.09061424182374,11036200,False
2025-08-01,162.44981384277344,162.73134946001136,159.98388477586158,160.65376326107594,8927800,False
2025-08-04,166.0515899658203,166.19722408485885,161.77992245511788,162.15854746259484,12679100,False
2025-08-05,165.7603759765625,166.55645298658033,164.70215455058468,165.56619712233535,7934400,False
2025-08-06,165.61471557617188,167.15833945166182,164.7312522963263,164.95455498052752,8957200,False
2025-08-07,166.5272979736328,166.61466955343286,164.9642532975659,166.17779684066866,9315900,False
2025-08-08,168.27479553222656,168.88642618889102,165.42053888614348,166.0321695428079,7686800,False
2025-08-11,168.7505340576172,169.5077841152882,168.00298701625698,168.34277035231864,7256800,False
2025-08-12,167.7408447265625,169.6630935877668,166.7991337339934,168.92526443239652,7916700,False
2025-08-13,169.33303833007812,169.4495337892654,167.66320095081733,167.9544544125519,5878700,False
2025-08-14,169.624267578125,170.5951024361437,167.68259786208765,169.22622173103392,8241700,False
2025-08-15,171.48828125,172.09991199561782,169.85728568003967,170.449495579225,9477600,False
2025-08-18,171.10964965820312,172.39115882582487,170.9640303499574,171.35235838112257,9284000,False
2025-08-19,172.6144561767578,172.98336338248222,170.8475294663219,170.90577719281706,9274200,False
2025-08-20,173.6240997314453,175.34248155105917,172.80860201879483,173.29401944019594,9030000,False
2025-08-21,173.71148681640625,174.82795587353638,172.96395458663858,173.34257961657462,8859600,False
2025-08-22,174.0609893798828,175.87646078588406,172.29407749726226,174.78911558281357,9524000,False
2025-08-25,173.2066650390625,175.00270078812704,173.09015477301065,174.28429241400747,6229100,False
2025-08-26,172.60031127929688,173.25554324097868,171.89617829189297,172.85457572155465,9145000,False
2025-08-27,172.89370727539062,173.77388107111656,172.27760203313207,173.06974800353566,5951100,False
2025-08-28,171.583251953125,172.60033973483283,170.78133170456726,172.48297426925092,6424700,False
2025-08-29,173.26531982421875,173.50003579736554,171.5832259895787,172.091769803481,6942300,False
2025-09-02,174.13571166992188,175.2505864747156,172.99149923256772,173.55871833290118,9049000,False
2025-09-03,174.07704162597656,174.36064372340013,172.63943789740028,173.754312735633,7111700,False
2025-09-04,174.82028198242188,174.957195909071,173.6369576712042,174.07703708382647,7854800,False
2025-09-05,174.49755859375,175.5537581707923,172.66877646111618,174.07704256383926,9733800,False
2025-09-08,174.2041778564453,175.49507846966029,172.8056860260886,173.45114379394553,8382500,False
2025-09-09,173.05996704101562,174.16505270823302,172.561197432737,174.07703980883056,6005700,False
2025-09-10,171.91575622558594,172.7176914018626,170.48794153380138,172.4145258819289,6891600,False
2025-09-11,174.5660400390625,174.90833236108057,171.75929671951704,171.8766472653515,5792500,False
2025-09-12,174.13571166992188,174.85940809224363,172.8252476738922,173.79343431588362,7220200,False
2025-09-15,173.49026489257812,175.04523412922416,173.03062205669843,173.84233142809236,4768100,False
2025-09-16,172.5709991455078,173.7054225283811,171.7788382257642,173.65653641793406,7959300,False
2025-09-17,173.294677734375,174.57580419407594,172.69812095667075,172.81548641822724,6714900,False
2025-09-18,170.32167053222656,173.11863924740493,170.03805352027734,172.70789746828763,8200900,False
2025-09-19,172.3069305419922,173.2555537932855,169.50996181681276,170.83998921597149,25621000,False
2025-09-22,170.37057495117188,172.74701277532031,170.2825471290745,172.20913129583226,7193900,False
2025-09-23,172.68833923339844,173.06974339129886,170.97690764134543,171.0355829083302,8350400,False
2025-09-24,172.79591369628906,173.05017815802412,171.86685382639274,172.25803221713883,6676800,False
2025-09-25,173.81297302246094,174.4682049836574,172.03309208297918,173.2946549796862,8475000,False
2025-09-26,175.74935913085938,175.94494832549813,173.41203318705345,174.66382193974036,8634400,False
2025-09-29,177.61727905273438,177.8617693123808,175.83739772220903,175.8667353595665,8597100,False
2025-09-30,181.33352661132807,181.89097154345836,177.07940521994217,177.69551050190114,11569000,False
2025-10-01,181.9496154785156,182.44837012991516,179.85677989838146,181.90071445249652,13063800,False
2025-10-02,181.8811798095703,182.47773660731235,180.032834144845,180.13063621234386,7728100,False
2025-10-03,184.4825592041016,185.59743412762745,182.79069088210625,182.93737906053053,8675100,False
2025-10-06,184.01312255859372,185.7343283333897,183.2405251076493,183.8566452365672,5806100,False
2025-10-07,184.72705078125,185.05955393640855,178.908185875973,179.71989528827223,8776800,False
2025-10-08,185.5094146728516,186.0277327816568,184.1207119169489,184.70747953243605,5751200,False
2025-10-09,186.8687744140625,187.8662987309212,185.54852120285247,185.81257482959435,7484800,False
2025-10-10,186.5166931152344,187.83694622189063,185.6658719572771,187.7782560364296,9598000,False
2025-10-13,186.69273376464844,187.08392708636944,185.1084418485517,185.646323339356,7979500,False
2025-10-14,186.6438446044922,190.1155938776849,181.78337771502345,188.66821591723416,13613300,False
2025-10-15,186.956787109375,189.303902268661,185.1280049658996,187.2599526066892,9473000,False
2025-10-16,187.8858642578125,188.7953757558051,186.23310776514373,187.1230558646578,10611800,False
2025-10-17,188.9616241455078,189.33325409782032,187.4555558606101,188.2574910371791,7764400,False
2025-10-20,189.45057678222656,190.19382165505388,188.09121179958947,189.23542420173737,8034700,False
2025-10-21,187.65115356445312,189.2843465750772,187.5435772620767,188.75623930068377,6716000,False
2025-10-22,188.68777465820312,189.186529335124,187.553336455502,187.76848904299695,6343100,False
2025-10-23,188.2281494140625,189.7244285069409,187.31863795069512,188.31616232011413,8882500,False
2025-10-24,186.2037353515625,188.0716441111252,185.24533792012372,187.9640678233363,6903400,False
2025-10-27,186.10597229003903,186.59495276640675,185.3529381781329,185.8028067822911,7126000,False
2025-10-28,182.8102264404297,185.3333673885486,182.5070609447738,185.0888771601165,8329500,False
2025-10-29,182.48751831054688,182.97649878305907,180.59027168959963,182.58530545154943,10551100,False
2025-10-30,184.8834991455078,185.20622801228868,182.7906635520636,182.95691510358745,7072500,False
2025-10-31,184.7074737548828,185.32359390824723,182.64397562159024,183.32856020199483,8791700,False
2025-11-03,182.15499877929688,184.86395475347013,181.43131723621423,184.83461711915595,7542600,False
2025-11-04,182.7417755126953,183.68062454846097,181.52909861701863,182.71243787931192,7209400,False
2025-11-05,181.9007110595703,183.6903811365013,181.31392860328228,182.52660538244527,5049400,False
2025-11-06,182.849365234375,183.38724675672773,181.2846217007125,182.64398686311296,6767400,False
2025-11-07,182.4581756591797,184.1989448996594,181.607339513103,183.6023881426973,6959200,False
2025-11-10,184.2576141357422,184.26738837250383,181.04011446379977,181.9007248187872,5323800,False
2025-11-11,189.5581512451172,189.64616413924205,184.88349962773137,185.21600273164628,7465600,False
2025-11-12,190.10580444335935,191.2402425833612,188.814903912235,189.0985059859865,8803000,False
2025-11-13,190.9468688964844,191.6803395836668,189.1865362627468,189.92979610949115,8631600,False
2025-11-14,191.61187744140625,192.8343286012861,189.2843405802947,190.7023809412554,8824800,False
2025-11-17,195.1814422607422,195.8660119204403,191.5825383144018,192.61918942480105,13257000,False
2025-11-18,195.59217834472656,195.88556959674344,194.1545746400929,194.6239916898205,12468600,False
2025-11-19,198.0468597412109,198.99548302359867,194.9858522212118,195.5921832139753,14690800,False
2025-11-20,198.5945281982422,200.00277936694772,197.12758684032048,197.54810286679177,10612600,False
2025-11-21,199.40621948242188,202.37922894432936,198.51628641370849,199.46490967071523,13189100,False
2025-11-24,201.50885009765625,201.57729960220277,198.52606631385947,199.2204251313988,14803900,False
2025-11-25,203.39845275878903,204.4318344688182,201.93203375943372,201.93203375943372,10275300,False
2025-11-26,204.2743682861328,204.5204108409229,202.68001733661197,203.2213139605992,6729000,False
2025-11-28,203.64450073242188,204.1759610624769,201.390757529436,203.723236152328,5638300,False
2025-12-01,202.08950805664065,204.41215036142825,202.08950805664065,203.23114910855648,8473700,False
2025-12-02,202.16824340820312,202.3552381514841,199.8849763223805,201.9910999780921,8393600,False
2025-12-03,202.0796661376953,203.74291615515872,201.7450518785209,202.6406353348706,8363300,False
2025-12-04,199.2747802734375,201.61711018295784,198.516980022795,201.3513800209524,9049900,False
2025-12-05,198.7334899902344,200.2294329646455,197.63122412342935,199.7668717489871,7785300,False
2025-12-08,198.4283905029297,200.0424290268597,197.80837348995507,199.45193591844364,7785700,False
2025-12-09,196.794677734375,202.2863341775681,196.74546622144237,199.7078130861464,7509400,False
2025-12-10,203.2705078125,203.5264016771889,197.01118469940695,197.4146980881505,11599800,False
2025-12-11,206.68557739257807,207.89611754570484,204.5400935742317,204.60897767896304,9009000,False
2025-12-12,208.2307281494141,208.90980797527408,205.65220708750627,206.951303914036,6922700,False
2025-12-15,210.7797393798828,211.7835972337083,205.7014173161141,207.02021685633432,8467000,False
2025-12-16,205.98683166503903,211.33086879327527,205.50458284724823,210.61242873186924,9949800,False
2025-12-17,207.00051879882807,208.1716837329721,205.16012534074213,206.0753964132944,8457600,False
2025-12-18,205.0124969482422,207.7189650641044,204.47120032162056,206.47891598813604,7499900,False
2025-12-19,203.1031951904297,205.927773818052,202.768580933452,204.27436010709684,24803900,False
2025-12-22,204.0381774902344,204.7861414522214,202.2469804791725,202.86701252411635,8187800,False
2025-12-23,202.5225524902344,203.2606801764464,200.0621268695276,201.77458850774812,7047300,False
2025-12-24,204.4908905029297,204.64836134488127,202.31588269030172,202.7390686836449,2376500,False
2025-12-26,204.3432464599609,204.74674479534212,203.43781175323053,204.2448234412372,2316700,False
2025-12-29,204.2743682861328,206.1541370088678,204.09722485496195,204.70740558532265,4348900,False
2025-12-30,203.6346435546875,204.40229504849637,203.25081780778308,204.22513661756275,3937400,False
2025-12-31,203.6740264892578,204.21532312025465,203.10320595268348,203.63466628756984,4083800,False
2026-01-02,204.06768798828125,204.10704818695956,200.4557702982002,203.54607900663632,6325500,False
2026-01-05,201.0758056640625,202.68000785174,197.72963308240787,202.6111087313451,9477000,False
2026-01-06,201.5482177734375,203.43783785814668,200.88882551165972,201.36123804146013,8107900,False
2026-01-07,204.2054901123047,204.96329039065657,201.78442469524603,202.01077964740008,7545900,False
2026-01-08,202.49301147460935,205.67187690313676,201.72535994719087,203.6543250611801,6557800,False
2026-01-09,201.1545562744141,203.4279871432506,200.7805667748665,202.65049925535808,6154300,False
2026-01-12,206.40017700195312,206.5773204309254,200.62310269270267,202.2961890410606,11794300,False
2026-01-13,210.2679443359375,210.99623564550944,205.55377597445332,206.58715762456723,11379600,False
2026-01-14,215.0904083251953,215.395498695942,210.7600502715364,211.3308708111333,11858800,False
2026-01-15,216.09425354003903,216.27139696408693,212.4921870786144,214.7754540862871,8492100,False
2026-01-16,215.19866943359372,216.6257132857775,214.68689670122748,215.57264391506672,10021500,False
2026-01-20,214.75579833984372,215.26755606095267,211.1045200795966,213.6535174405211,14057100,False
2026-01-21,214.55894470214844,215.2183369488501,207.16783174078773,207.65991685181095,14762900,False
2026-01-22,215.03135681152344,218.65309601347727,214.6475310263463,215.30692327179185,13160000,False
2026-01-23,216.6552276611328,217.70829698551927,214.3916331931512,216.3206133966017,6950600,False
2026-01-26,217.98385620117188,218.51530148499805,216.5174372427288,216.7241195858665,6856700,False
2026-01-27,220.8871612548828,221.9303792601758,217.20635931460325,218.4857835732108,8154100,False
2026-01-28,224.11524963378903,224.95180034983716,222.5012110309432,222.81613770071385,9026500,False
2026-01-29,223.6920318603516,226.3591396349424,223.4853645338204,225.18797472711543,9645300,False
2026-01-30,223.65267944335935,224.88289220157367,221.7630744488117,224.6466859457881,11045500,False
2026-02-02,227.09727478027344,227.530312073188,223.65267906312957,224.70574839064852,8187500,False
2026-02-03,229.4100799560547,231.4768283686728,226.83154381662808,227.83540162689715,9346600,False
2026-02-04,230.7583770751953,232.09684908454457,229.25259794183296,231.2799860551316,8641400,False
2026-02-05,234.02581787109372,235.78749088320205,231.27015341178196,231.2799897072634,10267500,False
2026-02-06,236.19102478027344,237.12598351858577,234.2128329577192,235.1773306195327,8274000,False
2026-02-09,234.8623809814453,236.92914445281932,233.28770262066075,236.4468956382332,9378500,False
2026-02-10,234.57696533203125,236.69292518436984,234.11440415212087,236.1811524926561,6723300,False
2026-02-11,237.0472412109375,237.4409032943991,233.6420056217357,235.55129826274083,6803900,False
2026-02-12,240.6788330078125,242.45034242715968,235.88591377085007,236.67325295914287,10254300,False
2026-02-13,239.5962371826172,241.0724925134001,238.7695378015177,240.7181906333224,13268500,False
2026-02-17,239.47813415527344,240.61977517991008,238.04123907016248,240.26547331078996,12703000,False
2026-02-18,241.1118621826172,241.1905976005163,238.97621465530665,239.38956433634297,8129700,False
2026-02-19,243.0014495849609,243.05066109474427,240.4032410511913,240.7476915851859,7553900,False
2026-02-20,238.65142822265625,242.97193463736588,236.4764055549244,242.56842126641305,13565800,False
2026-02-23,241.94839477539065,242.90304105661136,238.75969298572116,239.77338707530683,9622700,False
2026-02-24,243.6699676513672,244.6296889736104,241.9484024234396,242.74983087068327,7246300,False
2026-02-25,242.5717315673828,244.62968992113937,241.13710142042595,242.26501930596683,7698200,False
2026-02-26,240.88975524902344,242.86855965236887,239.4551250760139,242.51237425588351,7172600,False
2026-02-27,245.79718017578125,246.3017849576054,239.93003240320007,241.4438165545137,16428600,False
2026-03-02,245.92579650878903,249.04242234613037,244.2537044562187,246.54912469567304,9042400,False
2026-03-03,244.13497924804688,245.25300850282144,241.7703087256774,243.84805926874756,6178700,False
2026-03-04,242.7003631591797,243.95690818284584,240.6028202250193,243.1455911306439,5768000,False
2026-03-05,237.0904541015625,240.42473468568537,233.42965388259424,240.05866070262036,9375400,False
2026-03-06,237.85227966308597,238.23814591204695,232.93494958702288,235.59644388499385,7179800,False
2026-03-09,240.01905822753903,241.5031614171852,237.49607978572496,238.3172853623119,7844000,False
2026-03-10,241.1272125244141,242.40353469704283,238.26784082105456,239.732151823879,7214100,False
2026-03-11,240.41482543945312,241.10740390076984,238.80209516039704,240.29608691960013,6933200,False
2026-03-12,239.47488403320312,241.80987365541037,237.75333399538243,238.9010440853151,7710200,False
2026-03-13,238.9604034423828,242.98726220669957,238.94061117286776,241.6218975517249,6415300,False
2026-03-16,240.6127014160156,242.4628785296478,239.1088059824489,241.3349607287423,7571500,False
2026-03-17,235.5865478515625,241.55264164150103,234.70598053704475,240.99857884994995,7281800,False
2026-03-18,234.7653350830078,236.57594278395305,232.9250465260699,235.349078713635,6811500,False
2026-03-19,235.0819549560547,236.72435103784144,233.80561773863,235.814102878936,7511500,False
2026-03-20,232.8755798339844,235.76463230802105,232.01480479225955,234.32011361954207,17156600,False
2026-03-23,232.925048828125,235.78442039461373,231.7674501417346,234.88406082839504,7313700,False
2026-03-24,232.77664184570312,233.49890116874656,229.77875461897236,231.65861261497412,9046200,False
2026-03-25,237.3872528076172,238.90105200048887,233.2317667584392,234.29043431536925,6456400,False
2026-03-26,236.70458984375,239.0890376929306,236.3978624775069,237.4565300874115,5171400,False
2026-03-27,237.90174865722656,240.10811126821832,236.59574564385585,238.63391169766768,7617600,False
2026-03-30,239.92013549804688,241.62190842303255,237.96110834902544,240.90953765922092,7241300,False
2026-03-31,241.84947204589844,242.73003938495023,240.0784336838334,240.43461907362288,7554200,False
2026-04-01,241.5328521728516,244.58021265880905,241.1568896154117,242.99717824988343,6314600,False
2026-04-02,240.46429443359372,244.59011472810892,239.3066957175141,242.5123641523277,6878700,False
2026-04-06,238.41622924804688,240.9392076648261,237.9512090454724,240.0784175573595,4442400,False
2026-04-07,235.8833770751953,238.22825540792763,233.50880278778567,238.22825540792763,6241100,False
2026-04-08,238.7427520751953,238.77243293320464,231.4211667922781,234.13213423473948,8771100,False
2026-04-09,238.7526397705078,241.61201149233705,237.9907958579282,238.7427511835681,6216500,False
2026-04-10,235.93284606933597,239.69256220529843,235.38867186110596,239.43532307826192,7354500,False
2026-04-13,235.43814086914065,235.8635765445355,232.6875890190388,235.1907903330984,7663600,False
2026-04-14,237.5554656982422,239.62331259842583,230.77805483364236,232.5193972079424,10318700,False
2026-04-15,236.1406097412109,237.8720635067345,234.24095942154312,237.3971547010872,6463500,False
2026-04-16,232.05438232421875,235.61623623667955,229.66003084303983,234.90386545418735,8668900,False
2026-04-17,231.6981964111328,233.0437839864675,229.58087633934963,231.8762966548944,8946300,False
2026-04-20,228.2451934814453,232.7667536363879,227.09748331847635,232.32152567058696,7810500,False
2026-04-21,223.76318359375,227.25577181512992,222.3186498783577,226.91937872287343,11681200,False
2026-04-22,223.70384216308597,225.06920692516337,221.40842182578345,223.7829810531976,9003400,False
2026-04-23,228.2056121826172,228.93777524810503,224.62398103726105,224.8416507297823,7097600,False
2026-04-24,225.0889892578125,227.55260604771448,224.61408045271432,226.6027733404394,6067500,False
2026-04-27,222.95188903808597,225.49465994910125,221.972390518204,223.37733983631023,7897800,False
2026-04-28,225.37591552734372,228.58158401963007,223.97096624596244,225.31655381218496,7179800,False
2026-04-29,224.94058227539065,226.2861697879244,222.47696551504524,223.12997454989517,7071100,False
2026-04-30,227.41409301757807,228.71020743451083,225.3957041523519,225.53421985117492,8157200,False
2026-05-01,224.7822723388672,227.33493164601464,224.61407578841013,226.6324494909732,6863600,False
2026-05-04,221.82395935058597,224.66355379145187,221.2105348477109,223.12007375354,8215200,False
2026-05-05,223.15966796875,224.12927789209027,222.51654748413543,223.00135999434525,5556700,False
2026-05-06,222.2395172119141,223.9412902027537,220.58721735046336,222.86284542864004,7982300,False
2026-05-07,220.15187072753903,222.39781787364095,218.2918049197337,222.39781787364095,7269700,False
2026-05-08,218.9744873046875,221.00274959951287,218.578717393272,220.5773139289545,5550600,False
2026-05-11,219.08331298828125,220.91371302266228,218.034549114472,218.9744932439037,6223200,False
2026-05-12,221.88331604003903,225.23738865385064,219.30097587916975,220.63667479230432,8632500,False
2026-05-13,227.97804260253903,228.35402025227188,223.0508241008666,223.42680175059945,7464500,False
2026-05-14,228.35403442382807,229.30385209662225,226.73141539381515,228.55191184757024,6974400,False
2026-05-15,224.307373046875,229.6798195939985,224.0402302332647,228.324343449484,12167000,False
2026-05-18,226.4939422607422,227.26567474324528,223.46637404521803,224.30737192600984,10141600,False
2026-05-19,227.5624847412109,228.40348257147707,225.62324996765844,226.5137209227187,9677900,False
2026-05-20,226.88970947265625,229.54130000194291,226.74129009113187,229.2345877493695,7353800,False
2026-05-21,229.27415466308597,229.43246262946704,224.94058353722363,226.88970696918972,5239000,False
2026-05-22,231.85650634765625,233.0042165151488,230.25367962562385,230.53071103197317,5462300,False
2026-05-26,229.0503387451172,232.0953339431715,227.9557463234551,231.85650632452897,6619600,False
2026-05-27,230.15489196777344,231.7470457253588,227.89604337347492,228.85132348090335,5835500,False
2026-05-28,229.66729736328125,230.7320381891827,228.6025413534768,228.90107206919131,7193400,False
2026-05-29,224.22413635253903,230.36385365376995,223.4877626284344,230.09517449736785,13897700,False
2026-06-01,222.4130706787109,223.3385143974124,219.7561761055088,222.10459450044488,8041000,False
2026-06-02,221.79611206054688,224.39330345287863,220.08455216761317,221.48763589098957,5669000,False
2026-06-03,222.1444091796875,223.82610240207563,220.9104892689172,221.35827776443836,6507200,False
2026-06-04,227.0502014160156,227.5477475509985,224.79133771170052,225.97549994238423,7274800,False
2026-06-05,231.6276397705078,234.0656128776528,227.87613753428016,228.87122983792327,8034900,False
2026-06-08,231.0206298828125,233.7969306933057,229.42847614392605,231.62763678757383,7559800,False
2026-06-09,235.8368682861328,236.5433904796373,229.2792138627353,231.23954685180908,8354500,False
2026-06-10,237.31956481933597,239.7475772433621,235.886629497679,237.67779864975017,8350800,False
2026-06-11,237.16033935546875,240.41429528628944,236.971269397276,238.822141602048,7399000,False
2026-06-12,239.6878662109375,239.72767840405797,236.35431627248195,238.82214080935248,6459400,False
2026-06-15,234.50344848632807,238.3245991670408,232.43365473829965,237.8270530309927,7732000,False
2026-06-16,234.0257873535156,235.20994955683125,229.88621514589732,235.20994955683125,7718100,False
2026-06-17,233.0506134033203,234.27457267967245,229.5677903566066,232.88144953454835,8548000,False
2026-06-18,227.2691192626953,231.6077220970904,226.4830030630252,230.64248139608736,18989800,False
2026-06-22,230.15489196777344,230.31411038031268,226.3834988221592,227.8263796240252,8518300,False
2026-06-23,237.9066619873047,238.6231296371808,233.1998797966796,234.4835421454308,11802000,False
2026-06-24,239.81723022460935,241.84721171654783,237.5782726810186,238.71267722908183,8139200,False
2026-06-25,243.6782073974609,246.9719604825856,239.70778365238823,240.0859235854152,10130400,False
2026-06-26,253.4102020263672,253.85799051268404,246.6535169859773,247.05156300573915,16316800,False
2026-06-29,257.2413024902344,257.3109358669097,250.7930938975173,251.94740453022743,8608400,False
2026-06-30,252.7235870361328,258.62447695588,251.92751017702224,257.7288999793201,8469500,False
2026-07-01,252.7335357666016,252.95245728529045,249.8477741968348,252.0071226458085,6516500,False
2026-07-02,261.74908447265625,261.8087875806335,252.753441667793,254.52470472933533,7998700,False
2026-07-06,258.0572509765625,260.0972082397536,254.67394351620695,258.9528582650781,6803700,False
2026-07-07,265.9284362792969,268.1076906797339,262.7540896546532,263.5899938466549,9089700,False
2026-07-08,262.1072998046875,267.28179179450893,261.8386358221884,267.28179179450893,6769400,False
2026-07-09,257.8283996582031,262.1570568783993,256.8631589924022,259.35088953644544,6426100,False
2026-07-10,255.7188262939453,260.01760188497747,254.26598487714244,258.91306402533775,6534700,False
2026-07-13,256.5049133300781,258.2562853735001,254.892868775476,256.6840530111044,5272200,False
2026-07-14,252.60418701171875,255.1317299625397,250.9025724938729,254.2759347913044,8770600,False
2026-07-15,245.8076934814453,255.5695309055475,244.84245277781292,248.8626188136353,10547300,False
2026-07-16,248.7432098388672,252.30564190006208,245.091223119708,247.67845384783817,11097600,False
2026-07-17,251.7981414794922,254.40529355359888,250.7134945486414,251.35035299448896,10167700,False
2026-07-20,247.59886169433597,252.93254159418385,247.4097917368304,250.7731932271148,8114700,False
2026-07-21,249.3800811767578,250.10649430212797,244.28521347459443,246.2355858738711,7793100,False
2026-07-22,254.3754425048828,255.0322070489389,249.9771364820368,251.51951735745217,9100200,False
2026-07-23,257.99755859375,258.9230174724852,253.17137025663587,253.98735319581928,8063300,False
2026-07-24,262.1072998046875,262.41577598127003,258.33589157019617,260.1469668034144,6351800,False
2026-07-27,264.6448059082031,267.48079463226605,260.0673753138636,261.26146783773044,9647900,False
2026-07-28,265.42095947265625,273.55084592551594,264.87364052953075,268.67490010822394,10491000,False
2026-07-29,264.2268371582031,268.0181361041443,263.49047862976664,267.1822622796963,6105600,False
2026-07-30,254.56451416015625,259.2414296518399,253.31068817063203,257.7587518734896,8216500,False
2026-07-31,255.09190368652344,257.2114550322676,252.04690865509696,254.75357596655476,6782100,False
2026-08-03,253.1614227294922,256.4850271972422,249.67859985775465,253.71867195954576,8136300,False
2026-08-04,253.67886352539065,254.2659795008061,249.21090897857135,253.1614264806184,7362400,False
2026-08-05,256.3258056640625,258.04732616634374,253.2211227437212,253.9972934738065,6472600,False
2026-08-06,255.7188262939453,260.8236242062839,254.02715726257253,260.42559336590404,6931800,False
2026-08-07,257.9677124023437,258.32596141364326,253.8679370762885,254.63416238175623,6532100,False
2026-08-10,260.5251159667969,260.71418593564044,257.28110530959395,257.78861210678537,8985100,False
2026-08-11,258.52496337890625,262.85362089025904,257.09202805973007,259.9479684253454,5945900,False
2026-08-12,259.5797424316406,260.1270613743755,254.00723509927005,254.7436088096904,4629300,False
2026-08-13,260.79376220703125,261.3311205223152,258.37569533996134,260.44550421552646,4852700,False
2026-08-14,259.072265625,260.42557646804266,257.8881034534354,259.37078114396394,4998100,False
2026-08-17,261.0823669433594,262.98299691726805,256.7437790079673,257.5995438259766,5515500,False
