Date,Close,High,Low,Open,Volume,is_outlier
2017-01-03,67.56045532226562,67.97094434521136,66.59231860436053,67.6456459171267,20550700,False
2017-01-04,67.68507385253906,67.89534588056631,67.28788675322748,67.7240100360894,15266600,False
2017-01-05,67.06202697753906,67.84082185040168,66.4000525239525,67.60718101184956,14300800,False
2017-01-06,67.0698013305664,67.45919867840398,66.9296180476756,67.28007328403662,12893300,False
2017-01-09,67.1165542602539,67.57604046453754,66.60254670115589,66.76609888213028,12806600,False
2017-01-10,67.3112564086914,67.67729103286635,66.7583126362035,67.03088971535462,13989000,False
2017-01-11,67.81747436523438,67.81747436523438,66.90628558294931,67.31125639449778,14713100,False
2017-01-12,67.16328430175781,67.96544226277328,66.9919484379031,67.56826106027528,21337400,False
2017-01-13,67.52151489257812,68.66634433674832,67.0542391448053,67.84082365095854,28296000,False
2017-01-17,65.06829833984375,66.36888403840574,64.8580204474224,66.1430328666389,30024600,False
2017-01-18,65.3720474243164,65.5978986639108,64.66334119575463,65.13061695896586,21270100,False
2017-01-19,64.8736343383789,65.94057982483422,64.73345098242494,65.46551433753109,16555600,False
2017-01-20,65.1617660522461,65.28637608482697,64.86582613746661,64.97485694510817,18436800,False
2017-01-23,65.19292449951172,65.41877574783972,64.8035270248222,64.87362165996795,12179200,False
2017-01-24,65.97950744628906,66.19756907609762,65.07610247510068,65.35646912534992,15175300,False
2017-01-25,66.99972534179688,67.10875615415952,66.32996124200709,66.85175240713315,17551000,False
2017-01-26,67.5604476928711,67.71620427339501,66.93740948731003,66.93740948731003,15962800,False
2017-01-27,67.70063781738281,67.73957993730615,67.18663035471457,67.49036581830335,12535400,False
2017-01-30,66.99972534179688,67.36575990118591,66.44678166717668,67.12433537977341,13661900,False
2017-01-31,65.90940856933594,67.09318011455737,65.48885862103886,66.66484055377329,15655100,False
2017-02-01,66.15860748291016,67.05422257753723,65.94833552797157,66.61809944626785,15430900,False
2017-02-02,65.87824249267578,66.12746250706266,65.54336646724082,65.68354381273517,11081400,False
2017-02-03,67.89535522460938,67.9965964458544,66.87513557247875,67.12434976008834,17885200,False
2017-02-06,67.57604217529297,68.10562303364883,67.45143806012753,67.59162140327274,11828400,False
2017-02-07,67.53709411621094,68.0666748814698,67.35018500545296,67.86418654547077,9392800,False
2017-02-08,66.9451904296875,67.21776738117293,66.4857044174309,67.11652621111604,13970900,False
2017-02-09,67.9109115600586,68.01215869776544,66.94520756684518,66.94520756684518,13749100,False
2017-02-10,67.7551498413086,68.12897397203695,67.66948193513612,68.12897397203695,10992500,False
2017-02-13,68.65076446533203,69.11025055639065,68.09003124512068,68.09782085699388,18739100,False
2017-02-14,69.74884796142578,69.85787873866417,68.61959807928606,68.76757096628032,17932100,False
2017-02-15,70.551025390625,70.76909294827719,69.58532140224175,70.15384427951581,17381800,False
2017-02-16,70.50430297851562,70.901490050396,69.91241717712792,70.40306177819593,17672700,False
2017-02-17,70.2706527709961,70.45756184694964,69.85010289380133,69.95134407208192,15776600,False
2017-02-21,70.87813568115234,70.98716650745567,70.44979604800757,70.48873817528778,14068300,False
2017-02-22,70.91706085205078,71.1039759038834,70.41863259729745,70.49651089802762,11839000,False
2017-02-23,70.9715576171875,71.13510378828813,70.49649238324817,71.0104997281918,11067000,False
2017-02-24,70.34852600097656,70.51207217339706,69.88125037381342,70.23170560875279,15062300,False
2017-02-27,70.4264144897461,70.66005530805842,70.10710576750145,70.34074658581376,12361000,False
2017-02-28,70.57439422607422,70.73015082551647,69.77223050791972,69.97471884058137,15183500,False
2017-03-01,72.89519500732422,73.19114084587048,72.12418978817064,72.26437309544703,24451400,False
2017-03-02,71.75817108154297,73.14442523582802,71.67250315589754,73.10548905072923,16862500,False
2017-03-03,72.27216339111328,72.51358788969911,71.75815594565988,71.75815594565988,12817500,False
2017-03-06,71.58683013916016,71.89834930646767,70.94821851996001,71.8438338978189,15059200,False
2017-03-07,71.18964385986328,71.71921868183922,71.0338813165761,71.36876335747668,11156800,False
2017-03-08,71.0339126586914,72.31113636852506,70.94824470751777,72.17874260461531,17378400,False
2017-03-09,71.31427764892578,71.75819068411164,70.98718508441746,71.3376405547141,13726200,False
2017-03-10,71.08838653564453,71.64911972766873,70.5042904509081,71.61017761199325,13729900,False
2017-03-13,71.15069580078125,71.47778820178685,70.81581378782799,71.11175368277597,10004300,False
2017-03-14,71.26752471923828,71.37655553258692,70.69121220098558,70.88591093078438,10237700,False
2017-03-15,71.4388427734375,72.07745421057953,70.97156118482394,71.4933581665448,16601400,False
2017-03-16,71.36876678466797,72.27995542515347,71.31425137733295,71.67249633149648,14492000,False
2017-03-17,70.62112426757812,71.68028584437994,70.59776137042913,71.51673962260325,21734700,False
2017-03-20,70.11490631103516,71.00273205227262,69.92799719228351,70.30181542978679,14623600,False
2017-03-21,68.05889129638672,70.58997492446896,67.80188753274989,70.3719132856501,33089200,False
2017-03-22,68.16791534423828,68.58846529521333,66.9841497332123,67.66948709309752,21741000,False
2017-03-23,68.05889129638672,68.92335418008584,67.82525043094705,67.91870796546972,16090100,False
2017-03-24,67.98099517822266,68.60402741994422,67.5760185764578,68.37039255744831,16093200,False
2017-03-27,67.94204711914062,68.0666571216219,66.37667406966035,66.61030891171481,16689300,False
2017-03-28,69.00123596191406,69.32832843661012,67.7395918618766,67.77073843321823,16264400,False
2017-03-29,68.74421691894531,69.17255645144819,68.59624994186224,69.00122063844704,10207600,False
2017-03-30,69.33611297607422,69.6709950399651,68.62741266609771,68.68971174595606,11631000,False
2017-03-31,68.4093246459961,69.11024107510099,68.33923597395166,69.08687818441952,16987600,False
2017-04-03,68.1601333618164,68.66635128216181,67.4436434133115,68.52616794947745,19831800,False
2017-04-04,68.38728332519531,68.66926092713985,67.92515701837603,68.0583114482181,14280800,False
2017-04-05,67.51002502441406,69.3507078333408,67.46302477348081,69.25671330734855,17635500,False
2017-04-06,67.73716735839844,68.07397357376868,66.77374298275261,67.34553250219462,14379600,False
2017-04-07,67.502197265625,67.99565512970518,67.13405947260296,67.30637979919837,13097100,False
2017-04-10,67.2671890258789,67.90164144594092,66.89122297594172,67.42384652657992,15081600,False
2017-04-11,67.14973449707031,67.19672878112824,66.42129321479551,67.00091129638636,14690500,False
2017-04-12,66.8912124633789,67.32200707689,66.60140061453308,67.30634431721776,14730600,False
2017-04-13,66.10795593261719,68.13662134346335,66.10795593261719,66.96955130392587,30529800,False
2017-04-17,67.25154113769531,67.423861438642,66.08447088474806,66.13929952815164,19071700,False
2017-04-18,66.70323181152344,67.07136344753623,66.37425408813107,66.85988331723645,14127000,False
2017-04-19,66.15498352050781,67.2985570040529,66.07665771563845,66.96958503807606,17588500,False
2017-04-20,67.00871276855469,67.1888614195762,66.22544321416304,66.56224936158635,15635800,False
2017-04-21,66.20195007324219,67.11054576152708,66.19412167914803,66.9695569814785,19820600,False
2017-04-24,68.53610229492188,68.96690304255378,67.69016954095768,67.7919984317837,25468300,False
2017-04-25,69.1313705444336,69.81281121248732,69.1313705444336,69.35851942574226,18253800,False
2017-04-26,69.26453399658203,69.75016332113708,69.03738508554207,69.20187099163175,12832200,False
2017-04-27,68.62226867675781,69.21755540685692,68.15230798494248,69.21755540685692,13329000,False
2017-04-28,68.14444732666016,68.8102252145623,68.10528146083621,68.61440783718683,10755600,False
2017-05-01,68.19145202636719,68.72407561341818,67.79981721164948,68.42643530554702,15712300,False
2017-05-02,67.7528305053711,68.05047084645011,67.37685841191062,67.91731642879952,14414200,False
2017-05-03,68.14444732666016,68.2227730824359,67.37684057796461,67.40817207544934,11540500,False
2017-05-04,68.22278594970703,68.71624965832187,67.80765398751394,68.68491815492781,11540100,False
2017-05-05,68.14444732666016,68.41075609147217,67.69014957693977,68.34026470403562,9436000,False
2017-05-08,68.22278594970703,68.39510623043772,67.87031699430206,68.17579168255256,8162200,False
2017-05-09,67.94865417480469,68.80241537613188,67.75283672761505,68.34812344031634,10273900,False
2017-05-10,68.48126220703125,68.52042807786079,67.72932409891266,67.7763183632098,8334900,False
2017-05-11,68.26979064941406,68.52043671705555,67.63533812204525,68.2149560329899,10907400,False
2017-05-12,68.08181762695312,68.18364653754573,67.62751965505933,67.89383452598416,8738800,False
2017-05-15,68.41077423095703,68.52826588371028,68.0348081131951,68.22279117207606,8835600,False
2017-05-16,68.62226867675781,68.9982348398603,68.41078248112254,68.42645122384522,9795000,False
2017-05-17,66.0061264038086,68.62224996896819,65.77114910989762,68.62224996896819,24679700,False
2017-05-18,65.76332092285156,66.42127055457397,65.29336031497748,65.8494810648137,23350100,False
2017-05-19,66.40560150146484,66.84423060329553,65.91214376190533,65.9591380297091,13412900,False
2017-05-22,66.34295654296875,66.80508888030162,65.95915597445074,66.71892871530524,11636000,False
2017-05-23,67.17321014404297,67.41602183514438,66.19412303363605,66.3821060855896,11753000,False
2017-05-24,67.13404083251953,67.33769261430331,66.76590314171266,67.26719523850873,9833800,False
2017-05-25,66.85205078125,67.42384014692884,66.64057064515468,67.3533427843157,12238500,False
2017-05-26,66.85990142822266,67.0165529763694,66.593586625325,66.66408400510248,8113500,False
2017-05-30,65.71630859375,66.69539541434857,65.62231410765872,66.67972667873083,12603200,False
2017-05-31,64.34562683105469,65.65368619796351,63.94615748800679,65.58319477171261,28327900,False
2017-06-01,65.0583724975586,65.07404123639269,63.95396544467214,64.58841192237557,17123500,False
2017-06-02,64.7293930053711,65.0035361436817,64.21243822682428,64.45524986706049,14998500,False
2017-06-05,64.84689331054688,65.41084839964076,64.68240740554,64.72940167100681,9080200,False
2017-06-06,64.98006439208984,65.18371622117357,64.32994899885594,64.45527504009964,12196800,False
2017-06-07,65.72416687011719,65.8808184280496,65.089714315981,65.25420024457219,13711100,False
2017-06-08,66.53873443603516,67.14968959967035,65.70847076813783,65.72413950293101,17951000,False
2017-06-09,68.11314392089844,68.18364131328215,66.88341052283975,66.97740505405984,19120200,False
2017-06-12,68.12879180908203,68.72407239696378,68.05829443827831,68.11312307073776,16053400,False
2017-06-13,68.3559341430664,68.81023193717068,68.12879122188697,68.57525464688663,12557200,False
2017-06-14,68.2149429321289,68.38726319101417,67.22019322293552,67.96429691262465,16175700,False
2017-06-15,67.8076400756836,68.20710919215874,67.54915970761897,67.55699407582844,12509700,False
2017-06-16,67.502197265625,68.11314680473613,67.37687121869203,68.02698664143843,16936600,False
2017-06-19,68.98255157470703,69.10787757574992,68.02696173230915,68.12095623309132,15972300,False
2017-06-20,68.5517578125,68.86506687075456,68.43427214454363,68.73191246315517,11197800,False
2017-06-21,68.23847198486328,68.57527826187378,67.95649435872079,68.52044961100577,10005900,False
2017-06-22,68.1601333618164,68.42644819343792,67.87032736890006,68.08964195030946,12180600,False
2017-06-23,68.03480529785156,68.92773226042814,67.83898787665716,68.66142343602301,18812000,False
2017-06-26,68.33244323730469,68.66924942901655,67.84681987428286,68.1522945625944,10082400,False
2017-06-27,68.96687316894531,69.66398245797329,68.53607260791846,68.7005584650729,15415200,False
2017-06-28,70.353271484375,70.54908887394139,69.39768166715146,69.39768166715146,17466200,False
2017-06-29,71.39503479003906,72.56993934727764,70.73708513053118,72.32712167518761,27697800,False
2017-06-30,71.5908432006836,72.06080376922134,71.40286016844307,72.02947226786911,16892700,False
2017-07-03,73.04785919189453,73.62279377331659,71.99250756054263,72.11063945304974,13208100,False
2017-07-05,73.78034210205078,73.86697620363846,72.93763348467198,73.33930013669249,17535400,False
2017-07-06,73.54403686523438,74.43400391603566,73.15024783638246,73.67005223866397,16596100,False
2017-07-07,73.91421508789062,74.16623987910913,73.42592043482385,74.00084917319182,12817800,False
2017-07-10,73.39439392089844,73.78030544887068,73.31563131585897,73.63854117204002,13987200,False
2017-07-11,73.11085510253906,73.50464403747627,72.67768487061123,73.50464403747627,13262300,False
2017-07-12,72.85884857177734,73.11087331256029,72.51231229992189,72.93760517663256,13540100,False
2017-07-13,73.3235092163086,73.54403009075347,72.72494826514168,73.00060536694095,12820100,False
2017-07-14,72.65408325195312,72.93761186241639,71.3388292032034,71.51996881010005,22235200,False
2017-07-17,71.97675323486328,72.44929883505506,71.86649279510998,72.31541201660367,14374200,False
2017-07-18,71.7247314453125,72.12639792582469,71.13404791874781,71.23643090020468,14719400,False
2017-07-19,71.82713317871094,72.15792060659109,71.66961993400238,71.93739365175594,11651200,False
2017-07-20,71.82713317871094,72.23667722894535,71.5908633116481,71.78775787190636,11561700,False
2017-07-21,71.5829849243164,71.95314765423093,71.29157881574123,71.71687178146782,10971300,False
2017-07-24,71.89012908935547,72.09490108088792,71.59872903356282,71.63810433390942,10725100,False
2017-07-25,73.08724975585938,73.65430093797238,72.66982831738561,72.74859093402776,16447700,False
2017-07-26,72.40204620361328,73.3943961718627,72.20515170246223,73.32351102690178,11815500,False
2017-07-27,72.10279083251953,72.50445141172604,71.79563579724626,72.32331178002393,12332400,False
2017-07-28,71.89012908935547,72.26029176332963,71.59872903356282,72.0240159262734,9351900,False
2017-07-31,72.29966735839844,72.74070914338635,72.06339154001567,72.07126900296008,11520300,False
2017-08-01,73.26838684082031,73.35502090916084,72.67770328872244,72.8430939622606,12523700,False
2017-08-02,73.33139038085938,73.41014698160252,72.85884476765698,73.14237333732711,10165600,False
2017-08-03,72.8509750366211,73.34714708183074,72.6462030459617,73.00848825482424,11078800,False
2017-08-04,73.76455688476562,74.34736291062868,73.614915144969,73.63854152309622,14324000,False
2017-08-07,74.04806518554688,74.18195798374788,73.80391798021081,73.94568223044446,7978300,False
2017-08-08,73.78034210205078,74.9932135155322,73.71733439021499,73.99298561856392,13745400,False
2017-08-09,73.66217041015625,73.78030831355929,73.1108682059332,73.22900610933624,11214400,False
2017-08-10,72.60684204101562,73.29990874980604,72.5123304862393,73.16602188709857,13252300,False
2017-08-11,72.00037384033203,72.98484626543636,71.8586095707673,72.55955345674215,10679500,False
2017-08-14,72.84309387207031,73.1660037643477,72.7170845056589,72.74858834944772,10994800,False
2017-08-15,73.03211212158203,73.68579730870087,72.96910443815698,73.48890280455514,8812700,False
2017-08-16,72.52806854248047,73.42591315648919,72.3626778529575,73.27627138603033,11085400,False
2017-08-17,71.39395141601562,72.42567673845416,71.27581350679706,72.26816353199186,13837500,False
2017-08-18,71.46482849121094,72.09489331634077,71.03166418158473,71.12616969923377,13040700,False
2017-08-21,71.3781967163086,71.62234999846561,71.00804007907485,71.55146484921238,11502100,False
2017-08-22,72.11064910888672,72.22878702595612,71.66960729448797,71.72473752128782,9211800,False
2017-08-23,72.1972885131836,72.72496443849016,71.54359719803065,71.56722959018524,8811300,False
2017-08-24,72.07913208007812,72.5516836619234,71.99250403273233,72.40204192708954,8623200,False
2017-08-25,72.37054443359375,72.83521859415552,72.29966529534764,72.36266697087413,11794600,False
2017-08-28,72.14215087890625,72.60682507034812,71.77198822015016,72.58319868936266,7292900,False
2017-08-29,71.74835205078125,71.91374270385975,71.12616473182321,71.23642516720888,10886100,False
2017-08-30,71.91375732421875,72.36267661919698,71.81925179395657,71.86650455908766,9165300,False
2017-08-31,71.5829849243164,72.33905930491531,71.5121057677345,72.30755545463056,13217400,False
2017-09-01,72.22090911865234,72.74071354706561,71.63022554567948,71.86650137836624,9815800,False
2017-09-05,70.4961166381836,71.75624038257686,70.11019904713191,71.6853552298095,16897300,False
2017-09-06,70.9686508178711,71.29155465856988,70.5984882133863,70.88201676113027,11845700,False
2017-09-07,69.72428894042969,70.9844127114915,69.36988119532434,70.96866379317878,14592300,False
2017-09-08,69.6376724243164,70.4252507308807,69.495908088785,69.55103832989468,14242200,False
2017-09-11,70.71663665771484,71.07892185414933,70.05506794471943,70.40160422337149,13219000,False
2017-09-12,71.5829849243164,71.86651356813412,70.9607974008689,71.01592763668096,14003800,False
2017-09-13,71.78773498535156,72.06338608008411,71.13404381159778,71.3624421497314,12485400,False
2017-09-14,71.64598083496094,72.08702264888038,71.46483522781885,71.82712043335897,10562800,False
2017-09-15,72.15790557861328,72.22878472134694,71.48058795168697,71.73261269597974,18171800,False
2017-09-18,73.18174743652344,73.35501556057085,72.33903920399192,72.40204688705342,11318700,False
2017-09-19,73.98509216308594,74.31587353875312,72.86672664113676,73.01636841006712,12626100,False
2017-09-20,74.50489044189453,75.04832127837257,73.80394638176064,74.11110137401059,15311600,False
2017-09-21,74.84355163574219,75.1113313348766,74.18198886507689,74.39463232457803,10851500,False
2017-09-22,74.68599700927734,74.804134869626,74.37096471792802,74.58360805956264,8358300,False
2017-09-25,74.1268539428711,74.72540898071249,73.599172042052,74.43400892534721,10463400,False
2017-09-26,73.79608154296875,74.05598381433481,73.51255288488676,73.85908924670817,9358100,False
2017-09-27,74.9616928100586,75.38698575623555,74.48914709499913,74.79630211022503,15090200,False
2017-09-28,75.11919403076172,75.51298306511856,74.74903738581109,75.28458470414233,10270400,False
2017-09-29,75.22159576416016,75.2294672198848,74.83567811883928,75.05620506277043,11438400,False
2017-10-02,76.2690658569336,76.30056970427006,75.18221016317577,75.42635746910277,13797200,False
2017-10-03,76.67073059082031,76.73373828400685,76.21393382833452,76.26119260259658,9633500,False
2017-10-04,75.89100646972656,76.74159203872544,75.8279987960061,76.63133161408587,12166600,False
2017-10-05,76.91293334960938,77.15851383432582,75.69297861232658,76.04945802929173,14236200,False
2017-10-06,76.77826690673828,77.34863883142569,76.42178747574272,77.27734536277384,10231900,False
2017-10-09,76.37423706054688,76.89707381551938,76.1603446268886,76.80993334904622,7765100,False
2017-10-10,76.94462585449219,76.98423736708237,76.23958444623851,76.41386543144608,10631500,False
2017-10-11,76.71489715576172,76.84957268063492,76.16037220817314,76.70697968784519,14283600,False
2017-10-12,76.04153442382812,77.23773071487484,75.74843100611379,77.07929676172482,18251600,False
2017-10-13,75.93856048583984,76.61191391927333,75.22559553825855,75.6375335274693,13190600,False
2017-10-16,77.50706481933594,77.59420530130448,76.3187921130748,76.3187921130748,12434000,False
2017-10-17,77.33279418945312,77.77641409036369,77.09513721746941,77.68927360356084,10335700,False
2017-10-18,77.62590026855469,78.06952622855407,77.34071430993654,77.75265226965968,10158600,False
2017-10-19,77.72095489501953,77.79224835414092,76.91292609510636,76.99214910817547,9133900,False
2017-10-20,78.83001708984375,79.13104401515747,78.21211621774998,78.64781260618817,15326600,False
2017-10-23,78.69532775878906,79.21024707636953,78.6161107969767,78.83000324212351,9238600,False
2017-10-24,79.94699096679688,80.16088345117143,79.02806316228259,79.12312111634428,13000800,False
2017-10-25,80.02619171142578,80.3668300800802,79.36868550167888,80.20839615953396,14632700,False
2017-10-26,80.59656524658203,81.13524904955577,80.26385037988652,80.28761486409809,13054400,False
2017-10-27,80.6203384399414,80.98474738344062,80.0499726256487,80.35099953129215,10400400,False
2017-10-30,80.33515930175781,80.74709117877762,79.90738040415982,80.11334332073599,8839500,False
2017-10-31,79.70142364501953,80.56489903882449,79.66973564287966,80.30348359794027,8690200,False
2017-11-01,79.94699096679688,80.56489184366934,79.79648052490991,80.08958394175728,8418200,False
2017-11-02,80.47775268554688,80.62034566286206,79.3449384218186,79.90738682015409,8731800,False
2017-11-03,80.33515930175781,80.43021724975681,79.79647543558266,80.08957883373624,7103500,False
2017-11-06,79.8360824584961,80.55697081219414,79.7410245086406,80.27970234146866,8121500,False
2017-11-07,78.22795867919922,79.81232239928427,77.83186774917796,79.66180591183844,18822600,False
2017-11-08,77.34864044189453,77.92693588976218,76.96047300212678,77.84771286445309,18524700,False
2017-11-09,77.34070587158203,77.80809626982636,76.69111704646336,76.93669751084289,13697800,False
2017-11-10,77.24565887451172,77.90316525913563,77.23773536321698,77.48330981853911,9314000,False
2017-11-13,77.52289581298828,77.67341225870136,76.54059227117567,76.59604474424897,9303100,False
2017-11-14,77.05553436279297,77.45954884299914,76.72281939973779,77.1109868566355,11043800,False
2017-11-15,77.78433990478516,78.22003630783506,76.00984816085396,76.3584101183883,15384100,False
2017-11-16,78.00615692138672,78.47354136686252,77.87940490940566,78.05368590394532,9808000,False
2017-11-17,77.7447280883789,77.95862057743255,77.29318466510432,77.49123013222243,9017900,False
2017-11-20,78.4339599609375,78.54486498351424,77.44373222802348,77.99033382676012,9483200,False
2017-11-21,78.37054443359375,78.86169931735064,78.35470345715461,78.82208781045169,13389400,False
2017-11-22,78.14082336425781,78.8379412714542,78.10121185108609,78.44977382661847,7342200,False
2017-11-24,77.88732147216797,78.34678840880366,77.83979249384981,78.29133591947647,3680000,False
2017-11-27,77.57835388183594,78.52896950133713,77.57835388183594,77.87938075110908,13076200,False
2017-11-28,80.29556274414062,80.56490170544176,77.61006642355048,77.80018839881413,16773000,False
2017-11-29,82.17303466796875,82.56120212332122,80.77086926031032,81.12735475690907,21105500,False
2017-11-30,82.7988510131836,84.49412586993667,82.4186070789325,82.97313200132717,23945900,False
2017-12-01,83.01271057128906,83.4325658521796,80.96095708492302,83.09985103077946,19683500,False
2017-12-04,84.72382354736328,85.8724905458113,84.58123061113754,85.34173030025235,23576600,False
2017-12-05,83.74947357177734,85.08826295097265,82.48198370821265,83.63856858645721,17193900,False
2017-12-06,83.12362670898438,83.78113897594051,82.80675281759507,83.61478154283115,15476200,False
2017-12-07,82.87808227539062,83.32962576960195,82.17304078519872,82.34731574679185,13371800,False
2017-12-08,83.91584777832031,83.92377129138512,82.65627513127758,82.9810726843693,13506900,False
2017-12-11,83.67024230957031,84.01879818514915,83.4246618463844,83.7494592792988,10591200,False
2017-12-12,84.64462280273438,85.05656071688351,83.60686659493689,84.69215781982383,15508800,False
2017-12-13,83.58307647705078,84.85056573985031,83.55931199772728,84.52576840545436,15020300,False
2017-12-14,82.90974426269531,84.32774426644404,82.89389724324315,84.06632888415392,13034200,False
2017-12-15,84.08216094970703,84.38318780486125,83.3375082549083,83.80489857734572,29350600,False
2017-12-18,84.73177337646484,85.26253378689535,84.35152945765749,84.9139778686333,12713100,False
2017-12-19,84.37530517578125,85.15164013891747,84.31985267841438,85.04073514418373,12149900,False
2017-12-20,84.08216094970703,85.34173293252901,84.04254944914123,85.2387454486045,13091500,False
2017-12-21,85.42095947265625,85.61108140019458,84.41488526653727,84.43864975199618,12323700,False
2017-12-22,85.11994171142578,85.92004711306451,84.61294578504652,85.71407812926412,14573400,False
2017-12-26,84.779296875,85.54771421791374,84.28814800796727,84.92188984630221,7403700,False
2017-12-27,84.93775177001953,84.99320426615147,84.50204926907665,84.50204926907665,9496500,False
2017-12-28,85.3892822265625,85.42888769269067,84.89020983749903,85.08033178897065,7440600,False
2017-12-29,84.7159423828125,85.77746332878517,84.7159423828125,85.62694681942205,8925700,False
2018-01-02,85.51602935791016,85.57148184634795,84.61294252114149,85.26253140449909,13578800,False
2018-01-03,85.60317993164062,85.94381841328286,85.14371899210931,85.44474595854275,11901000,False
2018-01-04,86.82949829101562,87.61784217489802,86.16059584760555,86.28800815124671,12953700,False
2018-01-05,86.27204895019531,87.23558745838618,85.82611819128783,87.00465729385168,14155000,False
2018-01-08,86.39949035644531,86.54282615949778,85.76244099280036,86.12078353810801,12466500,False
2018-01-09,86.83746337890625,87.2993177928189,86.39152638997422,86.57468005825304,13292300,False
2018-01-10,87.79302215576172,88.15135859156264,87.10819628148904,87.17190242685217,15834500,False
2018-01-11,88.26282501220703,88.33449593134598,87.63374668778884,88.12745403481837,13676800,False
2018-01-12,89.7200927734375,89.86342857127254,88.26284650800673,88.90786063594079,18884200,False
2018-01-16,89.40155029296875,90.325271045075,88.44598254800161,88.79636022298696,22703300,False
2018-01-17,89.97490692138672,90.22176671837532,88.63710823173331,89.09896867734814,14940300,False
2018-01-18,90.18988800048828,90.5561891229182,89.40153833719816,89.79173381410565,14572900,False
2018-01-19,89.9908447265625,91.04993064308648,89.82362063447975,90.7314120345592,18785500,False
2018-01-22,91.04196166992188,91.0897382407458,89.58471550626868,89.71212779560227,12475700,False
2018-01-23,90.94640350341795,91.2888164407667,90.26157762872052,90.5163961349787,12320800,False
2018-01-24,92.10902404785156,92.3718073717352,91.30475665102432,91.4640159577309,15904500,False
2018-01-25,92.13290405273438,92.50717007273332,91.63919660112094,92.40365214021658,13510000,False
2018-01-26,92.62660217285156,92.62660217285156,91.54362215376312,92.13288872800632,13883900,False
2018-01-29,92.5310516357422,93.44680768881403,92.38771585286702,92.38771585286702,11679900,False
2018-01-30,91.6630859375,92.84958408283244,91.5595680037974,91.99753410055705,14279100,False
2018-01-31,92.10902404785156,92.89737401950252,91.70291099314386,92.09310054732217,13141400,False
2018-02-01,93.0645980834961,93.1601512373473,91.95772949879658,92.18865367083912,13800600,False
2018-02-02,91.00213623046876,93.10439022654305,90.85083566832608,92.76197732167137,16477300,False
2018-02-05,86.63836669921875,91.24898753965525,82.80015999575345,89.98285994858294,30097600,True
2018-02-06,89.274169921875,89.56880633156274,84.8944720189479,85.08558440815851,33114800,False
2018-02-07,89.87934875488281,91.13751165402394,88.50969706876127,88.82822170570732,21878300,False
2018-02-08,85.90576934814453,90.07046598801698,85.87391627518852,90.07046598801698,27425800,False
2018-02-09,87.62580108642578,88.43007449200431,84.59186719482769,86.87726904111392,28188000,False
2018-02-12,88.97949981689453,89.76784951513879,87.64966623349812,88.5256042673074,18043300,False
2018-02-13,89.52896881103516,90.02268228974039,88.23098808643124,88.64506585137448,16358200,False
2018-02-14,91.59938049316406,91.79049286275688,89.60860892346007,89.68823857117768,15186900,False
2018-02-15,91.98162078857422,92.36384556715714,90.95438182368348,92.16476838966716,12130200,False
2018-02-16,91.32064819335938,92.42751639106848,91.1773124373434,91.21713028776212,13214300,False
2018-02-20,91.34456634521484,91.88605648109352,90.75529963349048,91.29678976936916,13461500,False
2018-02-21,91.72679901123048,93.52645225805172,91.312715094449,91.57549841755802,14212500,False
2018-02-22,91.55955505371094,92.71419996181866,91.38436620964454,91.97363280530732,17070400,False
2018-02-23,93.41494750976562,93.47865364738551,91.82233052137796,91.82233052137796,12162500,False
2018-02-26,94.57756042480467,94.68108442082423,93.42291549877773,94.07588824338951,16511200,False
2018-02-27,93.45477294921876,95.02350178215175,93.44680816253194,94.6890536455316,17563300,False
2018-02-28,91.97364044189452,94.35460138080684,91.8462281536847,93.82107609347086,17735600,False
2018-03-01,90.32527923583984,92.8814289570045,89.70415953775245,91.95771419648666,18690000,False
2018-03-02,90.23770141601562,90.42881380244025,88.4858247105245,89.49713408384778,18353700,False
2018-03-05,91.6232681274414,92.3160588158916,89.09897125311836,89.22638354884133,13933000,False
2018-03-06,91.70289611816406,92.22845660532792,91.03399377272116,92.08512082240102,10674400,False
2018-03-07,91.36048889160156,91.65511918711888,90.0704667648435,90.58010378583008,13006500,False
2018-03-08,91.36846160888672,91.7586572592602,90.15011022897988,91.66309802492012,11173700,False
2018-03-09,93.99625396728516,94.02810703561512,92.10900067735751,92.80975602991374,15366600,False
2018-03-12,93.69366455078124,94.56163793226423,93.3671751373304,93.96440653479732,12339300,False
2018-03-13,92.57086944580078,94.33867540856404,92.23642131104884,94.12366869668628,13312300,False
2018-03-14,91.53567504882812,92.84162072256946,91.25696824199665,92.81773243560572,12905100,False
2018-03-15,91.76657104492188,92.37176708207498,91.4400877859692,92.26824918540228,8748000,False
2018-03-16,91.92586517333984,92.84957997453346,91.84622945440476,91.84622945440476,19888900,False
2018-03-19,91.20121002197266,91.93381237175088,90.2217539853967,91.65510561643868,13214900,False
2018-03-20,91.288818359375,91.93382638791375,91.13751777970194,91.47197201241885,9921200,False
2018-03-21,91.36846160888672,92.87348461646026,90.94641895575332,91.42420297674671,13633000,False
2018-03-22,87.55411529541016,90.46064247408448,87.22763197648952,90.14211786574248,22550400,False
2018-03-23,85.2129898071289,88.32655345006279,85.0139126458682,87.8089516157144,23081500,False
2018-03-26,87.84078216552734,88.51764920052682,86.51891331290688,86.94892060000547,20217500,False
2018-03-27,86.13671112060547,88.93972116306391,85.44392643581261,88.44600757907264,18039900,False
2018-03-28,86.00133514404297,86.9330148166854,84.92631966981303,86.22430059643402,19189300,False
2018-03-29,87.57005310058594,88.21506108849206,85.8261354143483,86.39947854819916,13274600,False
2018-04-02,85.88188934326172,88.17526221440836,84.47242566233038,87.56210113274922,18822500,False
2018-04-03,87.0604248046875,87.1957958149914,85.41206616791136,86.28800445417862,14050700,False
2018-04-04,88.3823013305664,88.5574902174528,85.22095480453466,85.28466095892121,15302600,False
2018-04-05,89.54279327392578,90.30312635931124,89.15062507141145,89.3427065840077,16627000,False
2018-04-06,87.30982208251953,89.2786804171031,86.29338441936221,88.47833368492347,18906000,False
2018-04-09,88.3582763671875,90.42317230618568,87.95009784292955,88.04614164456693,15974300,False
2018-04-10,90.0469970703125,90.33512233286814,89.17461610697458,89.74286145641491,13951400,False
2018-04-11,88.53436279296875,89.48677130673234,88.45432323022848,89.36672417494461,14503300,False
2018-04-12,90.7353057861328,91.5516567173076,89.23865528845833,89.28667413553903,16435500,False
2018-04-13,88.27824401855469,92.15992431721408,87.27781063713934,92.055875337604,39152800,False
2018-04-16,88.20621490478516,89.21465352316902,87.87007073404425,88.79047072111581,16580500,False
2018-04-17,88.20621490478516,89.57480711951126,88.03013764216054,89.13462006911088,15501400,False
2018-04-18,87.49390411376953,88.89451088861885,87.1497547762744,88.46232292249746,16081400,False
2018-04-19,89.41473388671875,89.53478711239467,87.63796324396498,87.66197266786801,17911000,False
2018-04-20,89.21467590332031,90.23111384777806,88.7424680254465,89.87896534035096,15584400,False
2018-04-23,88.78246307373047,89.59881405226866,88.5423566120752,89.29468449284482,11285800,False
2018-04-24,88.36627960205078,90.35914111948844,87.70998946452485,89.43874121904467,16453100,False
2018-04-25,88.03014373779297,88.46233174702712,86.91766216271601,88.25423986713774,13548200,False
2018-04-26,88.11817169189453,88.6944223010097,87.50990648158842,88.0141288176446,10299500,False
2018-04-27,87.55794525146484,88.16621055774385,87.34184818587015,87.6779984983328,9384000,False
2018-04-30,87.06169891357422,88.27822911950696,87.03768949345815,87.83803606351293,13744900,False
2018-05-01,87.06169891357422,87.21376671585575,86.06927087643102,86.7975830799778,10503400,False
2018-05-02,86.37340545654297,87.62994940121033,86.22134375147476,86.52547326777128,12162100,False
2018-05-03,85.82919311523438,86.25337596198244,84.18048058450438,86.10931328703387,15379100,False
2018-05-04,86.78158569335938,87.02969119571222,84.82073888422956,85.18089242675211,11967900,False
2018-05-07,87.53394317626953,87.7820487627858,86.7255910926954,87.04573107584812,9356700,False
2018-05-08,88.83048248291016,89.11060261916441,87.46189029764419,87.6619769815631,12543200,False
2018-05-09,90.76730346679688,90.9513797504006,88.86247480552353,89.19061981583546,11368100,False
2018-05-10,91.47161102294922,91.59166423073758,90.23907656156427,90.5912310094342,9159700,False
2018-05-11,91.12744903564452,91.8237526587346,90.97538125325316,91.6316651106111,10253000,False
2018-05-14,91.15950012207033,91.79977388700097,91.03144170538737,91.32757221434566,8710700,False
2018-05-15,90.46321105957033,91.16752025453688,90.09505221045706,91.16752025453688,11536200,False
2018-05-16,90.7113037109375,90.99142997688546,90.1430582136103,90.35115009209233,7571100,False
2018-05-17,90.40715789794922,90.76731755831516,89.79889272718212,90.59923938644812,8617200,False
2018-05-18,88.9425277709961,90.2791114186844,88.71042649213,90.23909164068098,11806300,False
2018-05-21,89.7588882446289,90.07102298519644,89.57480580744652,89.67885479174306,9441900,False
2018-05-22,90.44718933105467,91.47163220996929,89.87093868512494,89.91895753689867,11507600,False
2018-05-23,90.03099060058594,90.2550866797554,88.93451962662672,90.04700095261815,11453900,False
2018-05-24,89.0225830078125,89.7589006459515,88.13419751386759,89.75089546770859,14084800,False
2018-05-25,88.56637573242188,88.90251990743312,88.19821084798724,88.4063027161109,8283500,False
2018-05-29,84.78072357177734,87.39785451369907,84.0043863196316,87.38185026690125,30643800,False
2018-05-30,86.7175521850586,86.9176388334349,85.35696541856369,86.14930683640908,17490800,False
2018-05-31,85.64511108398438,86.58952053355394,85.17290330611891,86.39743290891644,19808200,False
2018-06-01,86.75758361816406,87.18977156948584,86.27737681874898,86.70955866391003,13594200,False
2018-06-04,86.79761505126953,87.4459001639938,86.65355237134881,87.22980309103171,9415400,False
2018-06-05,86.30939483642578,86.68555880442301,85.6931304953096,86.62953477341246,10415200,False
2018-06-06,88.32628631591797,88.63041594639127,86.82163630902988,86.96569899844616,15453600,False
2018-06-07,88.67842864990234,89.23866897228615,88.06215818911859,88.98255823831619,13444400,False
2018-06-08,88.92652893066406,88.95053835646168,88.08616239078009,88.5343607282601,10383200,False
2018-06-11,88.70243072509766,89.5668066704138,88.65440576847273,88.93453201260816,12642900,False
2018-06-12,88.19020080566406,89.26266240380468,87.6539639004333,88.95052769353029,15294100,False
2018-06-13,88.0141372680664,89.19864709505413,87.70200250918711,88.4063054845268,14979700,False
2018-06-14,86.4614486694336,88.32625785199214,86.26136200451084,88.26222865373836,20487300,False
2018-06-15,86.3573989868164,86.74156193370122,85.05283012653018,86.2773655483954,26028600,False
2018-06-18,86.58150482177734,86.75758206985805,85.38898996817711,85.84518733540409,9786800,False
2018-06-19,86.07728576660156,86.34139552384586,85.31695277554194,85.55705921612085,12707200,False
2018-06-20,86.06927490234375,86.94965494935207,85.98924146282663,86.58149624264531,8876900,False
2018-06-21,86.04527282714844,86.60551305775832,85.26093039813406,85.71712775910511,11048700,False
2018-06-22,84.63667297363281,86.73358375994471,84.44459145391431,86.56551166692084,19478900,False
2018-06-25,83.86833190917969,84.5966442351743,83.20404267887196,84.56463574041123,16907600,False
2018-06-26,83.9243392944336,84.20445936427625,82.52373283906074,83.80428609131258,17086800,False
2018-06-27,82.6278076171875,84.77273743326782,82.61980854507246,83.78030904259242,16276800,False
2018-06-28,83.9803695678711,84.40455229184347,82.84387885342433,82.97993631089471,14491300,False
2018-06-29,83.3961181640625,85.55705777437694,83.35610449541392,85.38098053507426,18972400,False
2018-07-02,84.10044860839844,84.10844768047566,82.73985529735677,83.01197640202986,11130000,False
2018-07-03,82.92391967773438,84.66067050103736,82.85188530161368,84.36454613854272,8311700,False
2018-07-05,83.46307373046875,83.99416992109722,83.31017951923253,83.79299591235211,10723400,False
2018-07-06,83.7366714477539,84.09073968470057,82.2399362598261,82.98026131338217,12173700,False
2018-07-09,86.32778930664062,86.47263483793405,84.25972075054989,84.25972075054989,13900800,False
2018-07-10,85.79669189453125,87.22904982837,85.72426606024568,86.92326141147628,14575900,False
2018-07-11,85.61161041259766,86.15075528096844,85.46676488116366,85.54723325655065,10186500,False
2018-07-12,85.98176574707031,86.5530991661957,85.27363548238178,86.44044221816215,12456800,False
2018-07-13,85.58746337890625,86.74622753377781,84.60573331873373,86.34387955104108,21289100,False
2018-07-16,88.9832992553711,89.13618734484713,86.08639442414298,86.1427229074961,24662600,False
2018-07-17,88.91890716552734,89.2649266878538,88.31538517119118,89.07180136868233,14821900,False
2018-07-18,89.74774932861328,90.2225231898018,88.677502110407,88.8545362234148,14244900,False
2018-07-19,88.42805480957031,89.39368768335184,88.29930662476,89.36954778240892,16775300,False
2018-07-20,89.54656219482422,89.91672158626157,88.33951829865529,88.51655238572157,13578100,False
2018-07-23,91.21229553222656,91.92847452159504,89.26493257550202,89.36954085125639,18140000,False
2018-07-24,91.85604858398438,92.36300484805956,91.26861780934912,91.37323221733992,14000400,False
2018-07-25,92.68489074707033,92.95848445559872,91.2364354097328,91.63878343239948,13329100,False
2018-07-26,92.41931915283205,93.01479237575542,92.20205396992156,92.87799555172504,11897800,False
2018-07-27,93.36888885498048,93.58616024316456,92.38715861644584,92.68489838792829,12802700,False
2018-07-30,93.93216705322266,94.64029732510896,93.39301606576106,93.57005016856846,13411600,False
2018-07-31,92.4998016357422,94.21380802438118,92.3951933671594,94.21380802438118,15843800,False
2018-08-01,93.0711441040039,93.89998001771303,92.76535568891973,93.14356379851748,13531600,False
2018-08-02,93.46544647216795,93.54591484846998,92.00089992183447,92.19402525282804,11058100,False
2018-08-03,94.22186279296876,94.25405137348191,93.29646719542669,93.34474699652444,11016100,False
2018-08-06,94.24600219726562,94.57592438044487,93.48958595682292,93.98045103123656,9857400,False
2018-08-07,94.59202575683594,95.18749913133573,94.41499163863074,94.74491383582276,10562100,False
2018-08-08,94.78514862060548,95.17139928720214,94.3747519154208,94.4149891737238,8997100,False
2018-08-09,94.05286407470705,94.72881189138936,93.9080185525139,94.55982647205455,9694200,False
2018-08-10,93.12747955322266,93.30450753284902,92.28254621789895,92.9423967544782,12630600,False
2018-08-13,91.64683532714844,93.24817879452614,91.59050684757266,92.99067629655914,10336300,False
2018-08-14,92.2583999633789,92.57223092017604,91.45370394300812,91.95261154645824,10597600,False
2018-08-15,91.49393463134766,92.00089705098355,90.9065099772641,91.59050036350293,10152100,False
2018-08-16,92.35494995117188,92.78948649369887,91.97674801798136,92.01697913120957,10118600,False
2018-08-17,92.35494995117188,92.59636118791224,91.97674801798136,92.2503416895672,8505100,False
2018-08-20,92.23426055908205,92.58028009526852,91.82386386747864,92.21011452129312,8618700,False
2018-08-21,92.79754638671876,93.65857089744532,92.4434781672016,92.83778364415244,10976700,False
2018-08-22,92.51590728759766,92.86997551968642,92.3630130711332,92.78950100196172,8314700,False
2018-08-23,92.32276916503906,92.6607399910369,92.08135792398754,92.50784579574808,9265400,False
2018-08-24,92.28253936767578,92.717075953071,92.0974565826702,92.523950628232,8845700,False
2018-08-27,93.91607666015624,94.37475316992668,92.67684398794368,92.71708124678156,13768000,False
2018-08-28,93.45738983154295,94.17356875650708,93.32059298954826,94.14942885960718,8302600,False
2018-08-29,93.151611328125,93.64247638269296,92.8297316980134,93.62637902454856,7221700,False
2018-08-30,92.69293212890624,93.37692248572093,92.52394670941156,93.01480561022387,8991800,False
2018-08-31,92.20207977294922,92.41129633671888,91.59050902349458,92.40325379611971,13065700,False
2018-09-04,92.6607437133789,92.73316340499784,91.43760238061834,92.00893579209269,10174200,False
2018-09-05,92.2101058959961,93.10331889098852,91.93651222008133,92.54003418213874,11462400,False
2018-09-06,91.8158187866211,92.29863519248325,91.33300238075896,92.13769843697708,9877600,False
2018-09-07,91.99284362792967,92.35495436098772,91.43760144052048,92.13768914902153,10955600,False
2018-09-10,91.5019760131836,92.51589463225132,91.46174489916824,92.41932890779724,8276900,False
2018-09-11,92.08136749267578,92.20207312574476,91.07549744934032,91.36518851296842,9333800,False
2018-09-12,90.99503326416016,92.44348250965972,90.80995046635202,91.93652619463646,10800800,False
2018-09-13,91.34908294677734,91.83994797496966,90.6650926066326,91.22838346389644,12470800,False
2018-09-14,91.3329849243164,92.12963214869322,91.11571973197456,91.58243868947604,10337900,False
2018-09-17,91.6065902709961,92.0813641064496,91.17205983087702,91.56635915434826,9561300,False
2018-09-18,91.97674560546876,92.26643662622162,91.38126620761976,92.00088550064105,7944200,False
2018-09-19,94.6483383178711,95.00240035538964,92.08940499269774,92.08940499269774,16052800,False
2018-09-20,95.46107482910156,95.95193983170437,95.0184957564769,95.35646656961048,15590000,False
2018-09-21,94.83341217041016,95.9438964601293,94.74489512878492,95.86342195731176,24788200,False
2018-09-24,93.92410278320312,95.32427187581838,93.69074024454352,94.76098722342785,12492500,False
2018-09-25,93.65856170654295,94.92998278882068,93.60223323526957,94.18161530513495,9308300,False
2018-09-26,92.55613708496094,94.04482969078992,92.26645215479633,93.94826395450596,14023600,False
2018-09-27,92.15377044677734,93.15159776881214,91.86408557512158,92.8779979742728,13283000,False
2018-09-28,90.8018798828125,91.92845533933723,90.54437744755047,91.4536877184307,15815100,False
2018-10-01,91.3329849243164,92.22619786714654,90.96282554592574,91.22837666716552,10146300,False
2018-10-02,91.71121215820312,91.83191779667456,90.77776176932412,91.22034706393808,13753100,False
2018-10-03,92.57223510742188,93.07114887278236,92.12160728022124,92.49176672961372,17142000,False
2018-10-04,93.40685272216795,94.6547632183753,92.54790383065362,92.82341958863094,16357400,False
2018-10-05,92.88015747070312,94.0794440955143,92.39395384094814,93.86065740799332,13777600,False
2018-10-08,93.44739532470705,93.820146941161,91.85104184440551,92.58034117326618,14370900,False
2018-10-09,92.7991180419922,93.21238864825348,92.11033781978064,92.92066894763796,14069500,False
2018-10-10,90.32762145996094,93.14757062401505,90.32762145996094,92.9449878204114,23086400,False
2018-10-11,87.62110900878906,90.32761838769343,87.0133606186492,89.92245279426686,33705600,False
2018-10-12,86.66490173339844,89.80899010636756,85.57095607245033,89.43623857209151,32075700,False
2018-10-15,86.17061614990234,88.20454917665649,86.15441224626024,86.86750147090439,18903200,False
2018-10-16,88.01817321777344,88.14782298913744,86.48664781312327,86.83509046077224,19302800,False
2018-10-17,88.9986801147461,89.78470239384126,87.70215138845664,87.82369612659579,18794500,False
2018-10-18,87.58867645263672,89.00675572902932,87.36178475758751,88.3422845439559,17582500,False
2018-10-19,87.44281768798828,88.50434927727916,86.92420018093635,87.2321299053423,15234500,False
2018-10-22,86.18681335449219,87.79126541572593,85.9842305863935,87.63730671595904,16199100,False
2018-10-23,85.28736114501953,86.02476552481633,84.03134527755016,84.43651088869039,21407500,False
2018-10-24,83.6990966796875,85.10907100567478,83.39117309976753,84.8902843377408,23168900,False
2018-10-25,84.97134399414062,85.81408932155932,84.04756676996459,84.42031844091831,17464700,False
2018-10-26,83.804443359375,84.72822034613773,83.24531908780968,84.27443689505031,19174900,False
2018-10-29,84.96319580078125,86.40558385048521,84.03131400548907,84.6471672362881,18445200,False
2018-10-30,86.46231842041016,86.68921630195157,84.97131229286303,85.66009243183503,18019700,False
2018-10-31,88.34230041503906,89.52538935005998,87.3455965495342,87.58059332800624,20860000,False
2018-11-01,88.3099136352539,89.31472278265993,87.7750919743577,88.82852520696912,13065000,False
2018-11-02,87.82366943359375,89.79277396333723,87.10247535559594,89.05537598595805,19009200,False
2018-11-05,88.39900970458984,88.56107962110822,87.85608939450746,88.01005426961612,10276400,False
2018-11-06,88.81228637695312,88.86900930605513,87.3212801363657,88.05867821469181,10825000,False
2018-11-07,90.3357391357422,90.53832196767507,88.60972945097804,89.43627086737317,12679600,False
2018-11-08,91.06501007080078,91.5106946647802,89.94675533818321,89.95486038052898,11662500,False
2018-11-09,90.1817626953125,91.04881685803046,89.8090110740104,90.94347602451138,10432200,False
2018-11-12,88.28556060791016,90.70845476650406,88.00194599235057,90.28707918138558,13279700,False
2018-11-13,88.80418395996094,90.0439957595565,88.4071234445101,88.4071234445101,13746100,False
2018-11-14,86.97284698486328,89.71176414610126,85.87890112893801,89.32280864202556,18361400,False
2018-11-15,89.19314575195312,89.20125079417271,86.5514645809287,87.71023832489627,19100000,False
2018-11-16,89.12830352783203,89.75226184992081,87.96143111055599,88.69072405297797,13798600,False
2018-11-19,89.80900573730469,90.1088243157878,88.75557273536535,89.10401538840655,13987000,False
2018-11-20,87.88040161132812,89.5334777274075,87.49955120357143,88.95814341258118,18936200,False
2018-11-21,87.22404479980469,88.82039816012256,87.22404479980469,88.3504046077002,10619600,False
2018-11-23,86.42182159423828,87.02146493645886,85.94372298316384,86.49474843292596,6488400,False
2018-11-26,88.53677368164062,89.12021303622178,87.07007025350318,87.2888631026388,13948300,False
2018-11-27,88.90953826904297,89.16073895708944,88.0262740659392,88.13162107628357,9238200,False
2018-11-28,89.89813995361328,90.27089154153846,88.22075471678197,88.97436293520393,13977300,False
2018-11-29,89.18502044677734,89.78466978806894,88.84468293890983,89.35518920071111,11144300,False
2018-11-30,90.1007080078125,90.20604881467328,88.79607457224684,89.01486122721462,18652700,False
2018-12-03,90.9515609741211,91.47827742582668,90.54639542393768,91.0650068335856,16034500,False
2018-12-04,86.89180755615234,90.43295054651512,86.4866420015691,90.43295054651512,23555900,False
2018-12-06,85.2387466430664,85.37650147257682,83.36687724109751,85.09288676995632,27213900,False
2018-12-07,83.6990966796875,86.68922029624288,83.39117309976753,85.2144180011139,19248600,False
2018-12-10,82.1351547241211,83.86115761399846,80.44966467685008,83.35875632580041,23636400,False
2018-12-11,81.33293914794922,83.99892935355768,81.2032831973895,83.56944865408059,16860700,False
2018-12-12,81.85965728759766,83.38308394093445,81.081740056725,82.37827495718268,22621500,False
2018-12-13,81.94068145751953,82.62946164260204,81.576028760239,82.28912407100864,17250900,False
2018-12-14,81.26809692382812,82.60514431345308,80.91965434571173,81.02499515031998,19879500,False
2018-12-17,80.23091125488281,81.48692117806206,79.76902261793653,80.84675864925268,25113500,False
2018-12-18,79.85002899169922,81.75430587972033,79.50969140640233,80.56311814884543,20837200,False
2018-12-19,78.83712768554688,81.50311822745465,78.27799714731495,79.74470090694211,28767900,False
2018-12-20,78.15644073486328,79.63934829503945,77.54059348227892,78.28609669267242,31825200,False
2018-12-21,76.30888366699219,79.76089613121192,75.91992817325075,78.34281660467674,41313900,False
2018-12-24,74.66390228271484,76.34939234664448,74.66390228271484,75.27165056883354,17009300,False
2018-12-26,77.75936889648438,77.75936889648438,73.8292644353059,75.10958901232001,22542900,False
2018-12-27,78.6345443725586,78.7236813036601,75.80649007237764,76.83560802827233,20304700,False
2018-12-28,78.46436309814453,79.67175472457717,78.1483344588926,79.37192998734565,17963300,False
2018-12-31,79.10453033447266,80.06882021417093,78.41574390025599,79.08021520642744,13237200,False
2019-01-02,80.47396087646484,80.85481739420302,77.74314966025858,77.75124851809633,15670900,False
2019-01-03,79.33030700683594,80.78440904314425,78.9872055396819,80.58018108899887,16286400,False
2019-01-04,82.25482177734375,82.45087879425358,80.28606205042935,80.9641000982286,16935200,False
2019-01-07,82.31201934814453,82.89202586997115,81.4542596252433,82.04243700865656,15430700,False
2019-01-08,82.15681457519531,83.17795426427378,81.32356733122579,83.0227390371204,13578800,False
2019-01-09,82.01795959472656,82.90839061306146,81.63400998772218,82.35289024745704,14230300,False
2019-01-10,82.009765625,82.28751884582033,81.09482227103062,81.70750605021881,14376100,False
2019-01-11,81.61767578125,81.83006840046765,80.8334348259076,81.60133405205261,15439900,False
2019-01-14,82.4590835571289,82.80218503592079,80.59652554935268,80.76807628874862,21258500,False
2019-01-15,83.0635986328125,83.7089597536816,80.54750859430735,80.78441378292078,26504900,False
2019-01-16,83.73348236083984,84.50954628970315,83.16164643773467,83.52925435508169,18533000,False
2019-01-17,84.07655334472656,84.55036364162008,83.25964161872058,83.4148568410751,14247600,False
2019-01-18,85.4408187866211,85.69406573200055,84.00305822644083,84.77095122964921,16428700,False
2019-01-22,84.09290313720703,84.62389082401954,83.43120033753102,84.20727029121673,17083700,False
2019-01-23,83.8805160522461,84.71376346690992,83.30050933793771,84.50137085550234,12146700,False
2019-01-24,83.9295425415039,84.21546051341353,83.27601663893111,83.43122569079956,11296800,False
2019-01-25,84.46050262451172,85.21205991459264,83.92950875753692,84.55853427508212,14369400,False
2019-01-28,84.86077117919922,85.15485984137823,83.80695451181457,84.05203047447728,12283100,False
2019-01-29,85.09769439697266,85.86559342641743,84.73825746976736,84.86078924464306,9743300,False
2019-01-30,85.29377746582031,85.97180962989746,84.77911896191979,85.07320775485054,12526300,False
2019-01-31,84.55036926269531,84.79544528980699,83.92134993417066,84.47685019408716,17520600,False
2019-02-01,84.86077117919922,85.65317639492928,84.56668251702021,84.95880281077243,13000800,False
2019-02-04,85.16307067871094,85.16307067871094,84.15010160711712,84.78729193009619,9871500,False
2019-02-05,84.78727722167969,85.40813194029643,84.37882131805807,85.38361935074346,12763000,False
2019-02-06,84.74642181396484,85.46530813103524,84.52585838739039,84.72191545907235,8745000,False
2019-02-07,83.63544464111328,84.55038828462396,82.86755163298649,84.3461602935983,13177500,False
2019-02-08,82.80218505859375,83.60275517599402,81.74019716770779,83.39036258385104,12892600,False
2019-02-11,82.4100570678711,83.33317135628268,82.32019627461789,83.1289434138967,10978500,False
2019-02-12,83.81515502929688,84.07656657344796,83.2351483604786,83.2841610773373,12852300,False
2019-02-13,84.21541595458984,84.83627053119925,84.06020698484328,84.06020698484328,10754100,False
2019-02-14,83.66812896728516,84.22362939931398,82.79403334082524,83.70897706197394,11518500,False
2019-02-15,86.22504425048828,86.34757603625552,84.68108142439608,84.87713851416616,14716900,False
2019-02-19,85.92278289794922,86.0779981335041,84.80361149442557,85.7022194554881,12764900,False
2019-02-20,86.33939361572266,86.42925439513155,85.67769094620792,85.94727328443462,10030300,False
2019-02-21,86.15967559814453,86.58446692800308,85.74304889762874,86.14333387437604,8400100,False
2019-02-22,85.77572631835938,86.66615705709195,85.59600475172378,86.3475620007985,10647300,False
2019-02-25,86.6743392944336,87.63012458875447,86.33940870291653,86.3884214156892,11230700,False
2019-02-26,86.01263427734375,86.15967863373345,84.90980472069184,85.36727328166349,15465400,False
2019-02-27,85.90645599365234,86.08617137129117,85.37546202699045,85.9227914888766,9968800,False
2019-02-28,85.25291442871094,85.94728819983942,85.1058700580273,85.78390833576529,15156900,False
2019-03-01,85.31010437011719,86.51913664512591,85.12221190312358,85.85743381140303,13813300,False
2019-03-04,85.11404418945312,86.52729814233726,84.36248058124141,85.71038632551185,12466300,False
2019-03-05,85.04869842529297,85.40814165578155,84.35432455665718,85.06503392097737,10856600,False
2019-03-06,84.73008728027344,85.42446101776625,84.59121377928327,84.8444544260938,9070800,False
2019-03-07,84.11738586425781,84.52584165170586,83.455689483005,84.3461201080222,12705700,False
2019-03-08,84.15009307861328,84.32981468637612,83.31683948490249,83.31683948490249,10582400,False
2019-03-11,85.24474334716797,85.40812944336547,84.68107845477793,84.94248997615162,9763200,False
2019-03-12,84.99149322509766,85.60417699439691,84.75458808639695,85.44079091639215,10219100,False
2019-03-13,85.27742004394531,85.75940123409713,84.91797686705529,85.11404018129107,13022200,False
2019-03-14,86.05347442626953,86.4864428572707,85.33459438284056,85.36727159834301,10926500,False
2019-03-15,87.04195404052734,87.24618198878524,85.9636307230274,86.11067509507478,24811700,False
2019-03-18,87.56477355957031,88.0549193691221,87.00110245068758,87.04195053170945,12935500,False
2019-03-19,87.24620056152344,88.55325846210842,87.04197256979003,88.38987232919548,12889300,False
2019-03-20,85.38362121582031,87.12364739208383,85.2937666489999,86.94392579335778,14920700,False
2019-03-21,84.03570556640625,84.5421868119539,83.55372444116092,84.5421868119539,19751000,False
2019-03-22,81.4951171875,83.58640925415828,81.2990538818443,83.17795338285521,31115200,False
2019-03-25,80.81708526611328,82.15682013016601,80.13087610773319,81.35624381747964,21032300,False
2019-03-26,81.6258316040039,82.0179520393563,80.7272298039773,81.54414166446382,15987100,False
2019-03-27,81.34806823730469,82.0587774244682,80.93961238903448,81.59313800674184,12753200,False
2019-03-28,82.27117919921875,82.34470449549987,81.4787738275834,81.69117262151104,12454100,False
2019-03-29,82.69600677490234,83.31685542453235,82.17317734659396,82.94924750744764,14523400,False
2019-04-01,85.48162078857422,85.51429799721575,83.42300650448055,83.44751285282663,17499300,False
2019-04-02,85.89009857177734,86.13517458316116,85.22840206659964,85.44896549081157,10295400,False
2019-04-03,86.0616455078125,86.88672806186447,85.60417695469454,86.43742413823676,11499200,False
2019-04-04,86.89305877685547,87.03300121877672,85.97934761250947,86.06166891254554,11952100,False
2019-04-05,86.687255859375,87.34578848537211,86.42384406502268,87.0906100759087,9933700,False
2019-04-08,86.96713256835938,86.96713256835938,86.3579939844571,86.52262399732828,8056300,False
2019-04-09,86.32508087158203,86.59671980930862,85.81471769967831,86.49794429749294,9092200,False
2019-04-10,86.71194458007812,87.02475038493978,85.99579714312056,86.53908118908036,10882300,False
2019-04-11,87.44457244873047,87.85615378020665,86.89304869157553,87.01652434706493,11183800,False
2019-04-12,91.5439224243164,92.07074604593234,89.62595184049714,90.0869272195858,25834100,False
2019-04-15,90.49850463867188,91.37105504655916,89.82351151025796,91.30520052665716,15163800,False
2019-04-16,91.453369140625,91.69208706270508,90.4326492132947,90.465576472916,11583200,False
2019-04-17,94.08748626708984,94.38382530102022,91.37928060047912,91.9472585153189,17791900,False
2019-04-18,93.39603424072266,94.62254484028308,93.28902535627532,94.27681803185386,12501900,False
2019-04-22,93.51128387451172,93.78292907977018,92.73751518712376,92.87745134247514,7975900,False
2019-04-23,93.62653350830078,94.145130082759,92.8939191312802,93.01739480520996,9193100,False
2019-04-24,93.47012329101562,93.9640196348577,92.86097839605208,93.2314053641082,9245700,False
2019-04-25,93.51951599121094,93.96402460826596,92.60580488063668,93.02561962122748,9311800,False
2019-04-26,94.22742462158205,94.31797301076432,93.51127089265816,93.79937654904168,7889300,False
2019-04-29,95.58565521240234,96.44174517606804,94.21096872715316,94.33444438849368,14242200,False
2019-04-30,95.52803802490234,96.0795555507664,94.87773870983428,95.8408376036984,11389100,False
2019-05-01,94.79541778564452,96.310034110998,94.7542571393159,95.25638687940726,10412900,False
2019-05-02,95.0011978149414,95.30576395481782,94.31797135591064,94.80363427097424,8613300,False
2019-05-03,95.58565521240234,96.046624315825,95.21522822838084,95.48687342728334,8185400,False
2019-05-06,94.73778533935548,95.0505911622882,93.61005654052028,93.98871060175708,9387000,False
2019-05-07,93.19024658203124,93.8652397308329,92.43293842098215,93.8652397308329,15017700,False
2019-05-08,92.69635009765624,93.56890053066846,92.57287443934268,92.73751074383838,9575800,False
2019-05-09,92.62224578857422,92.80334255133356,91.02531473927188,91.48628374976349,12205900,False
2019-05-10,92.61405181884766,92.88569077993724,90.99242003791072,91.98844630919656,13189000,False
2019-05-13,90.0951690673828,90.9183318958842,89.7082878133837,90.61376566868844,13783700,False
2019-05-14,90.81131744384766,91.96374658942555,90.13632421690302,90.17748486790828,10503600,False
2019-05-15,90.46556091308594,91.28872342133926,89.40368052381137,89.89757677271706,10142000,False
2019-05-16,91.62622833251952,92.33414868126178,91.03355024703929,91.05825040079458,9672700,False
2019-05-17,91.18173217773438,91.98843441058844,90.40796348770274,90.54789964353223,9570100,False
2019-05-20,91.65914916992188,92.03780319129132,90.8524533835967,91.02531676638066,8518200,False
2019-05-21,91.97195434570312,92.12835095942592,91.55213968732748,91.7332364529104,7967900,False
2019-05-22,91.22289276123048,92.02136160781174,91.16527162179848,91.70032864808591,7918900,False
2019-05-23,89.42839050292969,90.37502881398495,88.48998557690484,90.25155315945904,14558000,False
2019-05-24,90.30917358398438,90.5149642464983,89.88113176925775,90.15277067079934,8537300,False
2019-05-28,89.32959747314453,90.40794468794977,89.2637492418919,89.8893482602991,11665500,False
2019-05-29,89.08264923095703,89.23081873628477,88.12777768990455,88.44881057140938,9966400,False
2019-05-30,88.1277847290039,89.87289167778209,87.69974294621869,89.43661651064558,10367800,False
2019-05-31,87.22232818603516,87.7409184811343,86.30038360340299,86.8930618150784,10952800,False
2019-06-03,87.63388061523438,87.96314687736322,86.6790153633155,87.09059662091865,11680700,False
2019-06-04,90.3338623046875,90.46557133569348,88.18540740820269,88.77808548726502,12858600,False
2019-06-05,90.65489959716795,90.8606902578827,89.42838901777331,90.43264844689838,8340500,False
2019-06-06,90.85247039794922,91.26405175219884,89.66711408803567,90.67137359724208,8726700,False
2019-06-07,89.8564224243164,90.56433640367116,89.69178615451057,90.30092465221334,10618900,False
2019-06-10,90.82775115966795,91.54390482649244,90.72897567474855,91.16525081376062,11380600,False
2019-06-11,91.1076431274414,91.84025738974854,90.85246471344736,91.22288539700212,9847700,False
2019-06-12,89.94697570800781,91.2887347827993,89.63417617682502,91.12409849251968,9670500,False
2019-06-13,90.16925048828124,90.67961366604942,89.76590248985435,90.10339595949176,8406900,False
2019-06-14,90.39972686767578,90.79484772437716,89.42016125144985,90.19393619403054,9077400,False
2019-06-17,89.90583038330078,90.85246873681334,89.77412133783717,90.30094495922567,8128600,False
2019-06-18,91.13236236572266,91.70858015412836,89.70829408971312,89.7329879714584,11057300,False
2019-06-19,90.47381591796876,91.85672323329776,90.30094622331958,91.22289071377196,13126500,False
2019-06-20,90.70430755615234,91.44514902431357,89.74943572928056,91.2722855963937,13638000,False
2019-06-21,90.08692932128906,91.92257865436676,89.79881734754971,90.7043013560452,27089500,False
2019-06-24,89.4448471069336,90.35855177401794,89.34606533849359,89.95520387662712,13039600,False
2019-06-25,88.70401000976562,89.70826945991269,88.62992210463652,89.4613181497926,18660100,False
2019-06-26,89.29670715332031,89.97992753376901,89.03329529718448,89.14853759172928,10324600,False
2019-06-27,89.59303283691406,90.1774839299888,89.2637727532309,89.59303283691406,10906600,False
2019-06-28,92.02960205078124,92.54819234543714,91.28875428682022,91.40399657452151,21634700,False
2019-07-01,93.57713317871094,94.26858681144674,93.08323682958068,93.20671248692145,12724500,False
2019-07-02,93.67593383789062,94.00519395017363,93.19849788275252,93.43721586032156,10174900,False
2019-07-03,93.52668762207033,94.39712998769352,93.06245506690816,93.95775980547884,6849400,False
2019-07-05,94.08210754394533,94.72871896714793,93.60958332509,94.09869089180356,7929400,False
2019-07-08,93.56819152832033,94.07387640962504,93.2614626631149,93.6427976625959,6917200,False
2019-07-09,93.96604919433594,94.08210733030393,92.97126336469763,93.07902982675532,8947300,False
2019-07-10,93.69248962402344,94.36397613017397,93.46037333041868,93.98264131572404,9242300,False
2019-07-11,94.58782196044922,94.8033612777147,93.77541475064992,93.98266239137162,11595200,False
2019-07-12,95.58258819580078,95.62403391775172,94.44686915948051,94.6126646966729,10783400,False
2019-07-15,94.42200469970705,95.80641710395822,94.11527598496916,95.78154840473252,12946600,False
2019-07-16,95.4333724975586,95.74838655739418,93.60958991117246,94.07382881345514,16945000,False
2019-07-17,94.4966278076172,95.28417259813256,94.28109482573343,94.86138566110624,13120900,False
2019-07-18,95.06034088134766,95.39193835244107,94.13187555192096,94.44688967087708,9397200,False
2019-07-19,94.1235809326172,95.433387423896,94.00752277006798,95.24271682845344,10402800,False
2019-07-22,94.72872924804688,94.87794777149554,93.48524366087292,93.601308134395,9061100,False
2019-07-23,96.4613265991211,96.53593270170322,95.18468058247942,95.23441798420085,12752200,False
2019-07-24,96.8509292602539,96.8923749765832,95.76494776745302,95.81469148161904,10011000,False
2019-07-25,95.92247772216795,97.19083201292298,95.59917197451256,96.90068663998798,10138400,False
2019-07-26,96.3452606201172,96.58566858340308,95.7732552479992,95.97221116342064,12800400,False
2019-07-29,96.03854370117188,97.14110253290907,95.98880629738368,96.54422838866952,8500400,False
2019-07-30,95.822998046875,96.2292078998208,95.1349408162812,95.49140694404684,7121100,False
2019-07-31,96.1628875732422,96.31210610005051,95.21783901168764,96.24578534931462,13648000,False
2019-08-01,93.6261749267578,96.82607827853666,93.34431491056606,95.60746141598167,15664500,False
2019-08-02,93.61788940429688,94.03238461881608,92.3495350598193,93.17852548885772,11025500,False
2019-08-05,90.83248138427734,92.0013609292899,89.75479129276343,91.84385072330224,15855300,False
2019-08-06,91.54541778564452,91.6034468655127,89.81282441581723,91.23040368417382,10203500,False
2019-08-07,89.55584716796875,89.76309480330134,87.8232599724423,89.53097846368019,17320900,False
2019-08-08,91.07289123535156,91.25527014608728,90.12784262944398,90.40141099554754,10903300,False
2019-08-09,90.97341918945312,91.56200170807176,89.77138544821305,90.65011338802454,9980800,False
2019-08-12,89.26567077636719,89.95373420490294,88.87604434515553,89.89570514012846,9393700,False
2019-08-13,90.64180755615234,91.4625126082506,88.72684175064612,89.48951140287342,12124700,False
2019-08-14,86.87821197509766,88.6273825376517,86.5880602234914,88.12169779730976,19491800,False
2019-08-15,87.20978546142578,88.18799436298522,86.49685322852511,86.8947713938606,13365600,False
2019-08-16,89.29885864257812,89.51439794583568,87.76522746584756,88.17972272035288,11830600,False
2019-08-19,90.10295867919922,90.98168638254536,89.87912775401482,90.8822052686085,8265400,False
2019-08-20,88.95894622802734,89.89570930597483,88.90091716056375,89.40660174475823,8374000,False
2019-08-21,89.20765686035156,89.88742873087077,89.07501536137475,89.70504983212504,8189300,False
2019-08-22,90.12785339355467,90.58379440015251,89.47295010164906,89.83770796668408,9343400,False
2019-08-23,87.8895492553711,90.17756426553775,87.13517136750201,89.53095284030883,14762300,False
2019-08-26,88.59422302246094,88.69369784140451,87.88129063811724,88.38697538340047,8209500,False
2019-08-27,87.65743255615234,89.16619464925179,86.9113400211704,88.99210744520501,14331800,False
2019-08-28,88.53618621826172,88.87606902784927,87.0771611955534,87.11032157387581,10585500,False
2019-08-29,90.54232025146484,91.09774222640108,89.54752811122256,89.64700922265499,10002200,False
2019-08-30,91.07289123535156,91.65318201978774,90.74958546620924,91.05630788454184,10170300,False
2019-09-03,89.99520874023438,90.35167491647736,88.96726226734363,90.3433895650663,9868800,False
2019-09-04,91.0811767578125,91.37132213042996,89.99519504216606,90.7329959859768,6929200,False
2019-09-05,93.15365600585938,94.27279181072645,92.18373240525924,92.22518445624117,13224700,False
2019-09-06,93.35263061523438,93.65935940966722,92.81378546812644,93.39408267451049,7836600,False
2019-09-09,95.66548919677734,96.21261954775431,94.17330401285004,94.2644934587953,13985100,False
2019-09-10,96.88411712646484,97.21570824998774,95.939068510095,96.41159281827991,14333100,False
2019-09-11,97.1493911743164,97.15767652489215,95.6489141850499,96.9006915137521,9919200,False
2019-09-12,97.74626159667967,98.21049419913696,96.09656613851432,96.6188341409736,12283500,False
2019-09-13,99.66950988769533,99.8104367254854,98.44260141976665,98.649849001703,16257200,False
2019-09-16,98.78250122070312,99.37108365837652,98.13588338207666,98.56696194116095,11993900,False
2019-09-17,98.29339599609376,98.32655637258236,97.19083719545394,98.16904616543522,10735400,False
2019-09-18,99.27989959716795,99.54517629227968,97.61362699600303,98.08615130681753,10665600,False
2019-09-19,98.96488189697266,99.7607120042088,98.72447389717806,99.2301585993847,9382600,False
2019-09-20,98.56695556640624,99.7606973900388,98.54208686743186,99.26330443646737,21862800,False
2019-09-23,98.55038452148438,98.74934678750938,97.5555984901407,97.63849627197013,9135100,False
2019-09-24,97.26544952392578,98.86540132086294,97.02504153815131,98.4426144269358,11696500,False
2019-09-25,97.82088470458984,98.11932180796936,97.09137529893768,97.21571882143252,9389400,False
2019-09-26,97.01673126220705,97.86230488794266,96.95041052201329,97.72137173385744,9899200,False
2019-09-27,97.5887451171875,98.35141472206764,97.22398733889942,97.78770103048352,10207800,False
2019-09-30,97.5638656616211,98.45917033508782,97.1742392277164,98.11928761754343,9755000,False
2019-10-01,95.78983306884766,98.6498471149929,95.67377493115848,98.15245419279732,11250300,False
2019-10-02,93.8831558227539,95.25099114603752,93.61787916745664,95.1763787267413,12548700,False
2019-10-03,93.74944305419922,94.35109838863524,92.35393445196516,93.81628868830214,12735200,False
2019-10-04,95.78005981445312,96.04746156961303,93.81632120194668,93.8748151366579,9453100,False
2019-10-07,95.57113647460938,96.51539737457313,95.32044458063544,95.42072261329696,6771600,False
2019-10-08,93.4402847290039,94.47646567847804,93.30658704618162,94.47646567847804,10806300,False
2019-10-09,94.11713409423828,94.56002395887514,93.64918269052806,94.15056010526897,7273700,False
2019-10-10,95.43743896484376,96.43184213689636,94.42632597388344,94.54331383231784,10994100,False
2019-10-11,97.0501937866211,98.59611002014924,96.82457619863212,96.95827385716208,15076500,False
2019-10-14,97.30923461914062,97.66020451045128,96.64909169048076,96.8078572570156,8779000,False
2019-10-15,100.2423324584961,101.6044092160034,98.49586605853936,99.31478118256084,23379000,False
2019-10-16,100.00833129882812,100.79382658076452,99.75763941618816,100.2423069891004,11087700,False
2019-10-17,100.56819915771484,101.58767009491396,100.17545153023394,100.9024528646364,10818500,False
2019-10-18,100.74372100830078,101.1281106928449,100.15878156994272,100.27576945761436,10417400,False
2019-10-21,103.2422332763672,103.42606677788214,101.93864432005483,101.9887865253406,12714600,False
2019-10-22,104.2784194946289,104.53746312969731,102.88291690356456,103.15867035767988,12549100,False
2019-10-23,104.5541763305664,104.57924424609917,103.76032287832304,103.78539079385575,8828300,False
2019-10-24,104.47896575927734,105.00541748464072,103.67676058887974,104.69623165189334,8020500,False
2019-10-25,105.31459045410156,105.8326840506194,104.24498362613146,104.45389140894936,9055700,False
2019-10-28,105.71571350097656,106.30065283843892,105.62379355146668,105.76584933694171,9522200,False
2019-10-29,105.64884185791016,106.47611487457227,105.23938439769388,105.33965605101083,9797300,False
2019-10-30,105.06391143798828,105.5067949448964,104.3870458445506,105.33131316151922,8513700,False
2019-10-31,104.38703155517578,105.0638970559584,103.50126466261077,104.86334100924402,11589100,False
2019-11-01,106.79367065429688,106.95243624815828,105.30624175262976,105.45665562469227,11682600,False
2019-11-04,107.64599609375,108.1473670645276,107.42872386410043,107.86325557268184,9159900,False
2019-11-05,107.87998962402344,108.88274448231078,107.66271735840265,108.12231705407764,13747600,False
2019-11-06,108.04712677001952,108.49836204971552,107.44547122994396,107.5373911805311,11231100,False
2019-11-07,108.63206481933594,109.71002354453354,108.5652127878221,108.99138014416138,13528900,False
2019-11-08,108.9496078491211,108.96631129381568,108.00534044430952,108.5317922187756,9293400,False
2019-11-11,108.56521606445312,108.71563632757945,108.08891285778336,108.29782068104872,8679000,False
2019-11-12,107.93011474609376,109.15012899823894,107.80476243204473,108.32286237882066,9099000,False
2019-11-13,107.36190032958984,107.646024647519,106.47613323728164,107.0694370400713,8023300,False
2019-11-14,107.4621810913086,107.66272442569844,106.61818539001588,106.72682152995746,8483400,False
2019-11-15,108.23931121826172,108.23931121826172,107.29504385671176,107.98861930139564,10163600,False
2019-11-18,109.15013122558594,109.17519913876356,107.7880611902986,108.26436429139254,8749300,False
2019-11-19,109.11671447753906,109.676585804512,108.78245437513192,109.4593263009867,8824500,False
2019-11-20,108.32288360595705,109.15015038748793,107.74629600021063,108.8827550164108,11782800,False
2019-11-21,108.57356262207033,109.23371845258806,108.1223273556008,108.63206293014802,7705500,False
2019-11-22,109.29218292236328,109.65151091575426,108.7156081899852,108.75737954324975,8167900,False
2019-11-25,109.87714385986328,110.3618114541094,109.3590438794102,109.67658779477958,10068500,False
2019-11-26,110.02754974365234,110.15290206402432,108.9328749996207,110.15290206402432,10490700,False
2019-11-27,110.35344696044922,110.66262640384625,110.01083513085185,110.54563855358364,6607900,False
2019-11-29,110.1027603149414,110.64592823547342,109.84371668777813,110.19468025529484,5712000,False
2019-12-02,109.86042022705078,110.9216752796653,109.76014857665896,110.56234728123046,8615600,False
2019-12-03,108.44821166992188,108.59863191012964,107.4538085425739,108.43985994852352,10361300,False
2019-12-04,110.58741760253906,110.69605372664206,108.62369215218922,108.94958777377946,10318200,False
2019-12-05,111.18909454345705,111.39800236057631,110.4537349469663,110.8715505812049,9587400,False
2019-12-06,112.84363555908205,113.46200725883018,112.51773988978572,112.55117227935084,10170600,False
2019-12-09,112.31719207763672,113.19460738329252,112.31719207763672,112.50103196075392,8498200,False
2019-12-10,112.39239501953124,112.61801901096166,111.03867657238888,111.34785603236088,7532900,False
2019-12-11,112.12501525878906,112.82695532613464,111.98295945071476,112.21693522292222,9011900,False
2019-12-12,115.33380126953124,115.70983269246908,112.15004900422336,112.38402467852772,13717400,False
2019-12-13,114.32270050048828,116.0106790661728,113.82968116099032,115.2753195423657,10592100,False
2019-12-16,114.76557159423828,116.01901823747124,114.74886815284592,115.6346350739489,11372000,False
2019-12-17,115.46752166748048,115.87698557613663,114.6736745186926,115.0914901497095,11546800,False
2019-12-18,115.35053253173828,116.16946034004076,115.08313716120436,115.44245247957952,10381500,False
2019-12-19,114.77395629882812,115.50095139983318,114.5650484881282,115.11655541782814,9350400,False
2019-12-20,114.6820297241211,116.05246437308044,114.3979054274421,115.33382103577736,29992600,False
2019-12-23,114.64859008789062,115.24189380879754,114.38119475292817,114.98285019499288,9738400,False
2019-12-24,114.96611785888672,115.00790196024728,114.5315861560286,114.75721010280152,3324300,False
2019-12-26,116.1861572265625,116.23630580950795,115.13326649767286,115.2251864403258,6770900,False
2019-12-27,116.26972198486328,116.79617370899032,115.87697430983516,116.4034260339622,7868200,False
2019-12-30,115.84354400634766,117.05520655678004,115.70983996955984,116.90478632771408,6963000,False
2019-12-31,116.4869613647461,116.55381337773898,115.55941040438606,115.74325025243708,7201600,False
2020-01-02,117.89920043945312,117.9075649117361,116.36999384590143,116.81287735242124,10803700,False
2020-01-03,116.34337615966795,117.09186203875412,115.28372588680053,115.636942644423,10386800,False
2020-01-06,116.25083923339844,116.2844862497294,114.79592017521502,114.84637786713468,10259000,False
2020-01-07,114.27448272705078,115.93965037082172,114.22402504581136,115.45187139788396,10531300,False
2020-01-08,115.16595458984376,115.70419133098385,114.0390234181717,114.12311528963276,9695300,False
2020-01-09,115.58646392822266,116.2508449588477,115.25005791122857,116.0994718756334,9469000,False
2020-01-10,114.4343032836914,115.42667215607004,114.2156361654825,115.39303797081033,10190900,False
2020-01-13,115.38461303710938,115.38461303710938,114.17357711750338,114.53521195888024,12355200,False
2020-01-14,116.730224609375,118.37856926177686,115.79671871806345,116.00696767707434,24906000,False
2020-01-15,114.98096466064452,116.56204111663106,114.50159082055434,115.93129416866786,16293400,False
2020-01-16,115.42668914794922,115.9733313587876,115.08187774353524,115.59488576416264,10783800,False
2020-01-17,116.2256088256836,116.30129536254609,115.48554129984484,115.67054855687206,14697700,False
2020-01-21,115.08189392089844,116.11632827955356,114.95574964915076,115.3762476650844,8474200,False
2020-01-22,114.9473114013672,115.55282946516932,114.695022901932,115.41827987633012,7549100,False
2020-01-23,114.82955169677734,114.9977611093789,113.29894613619976,114.13153653130212,9345700,False
2020-01-24,111.9785614013672,114.73702600174448,111.28054633110732,114.68656831787747,15166400,False
2020-01-27,111.03667449951172,111.80198375768954,109.08557091553622,109.55652651054488,12860500,False
2020-01-28,113.05506896972656,113.50921392707716,111.4151295850241,111.7178886123983,13062800,False
2020-01-29,112.8868637084961,113.98856616370294,112.43273161853529,113.37464281701853,9326000,False
2020-01-30,114.28292846679688,114.48477209568864,111.59174424446633,111.59174424446633,9048900,False
2020-01-31,111.31420135498048,113.39146194700628,110.5657156281121,113.10552646316378,12785200,False
2020-02-03,112.1636199951172,112.89529516026283,111.56652008747162,111.56652008747162,10021100,False
2020-02-04,113.77831268310548,114.88002792703944,113.6017107567078,113.99697979731972,9157100,False
2020-02-05,115.71260833740234,115.83034723538212,114.3838334415863,114.85480186608288,10150700,False
2020-02-06,115.72943878173828,116.30130979688845,115.30894085910028,116.2592702706872,8992300,False
2020-02-07,115.35940551757812,115.77990346558968,114.6277431944633,114.98936527011531,6379800,False
2020-02-10,115.83876037597656,115.93127042269904,115.00616995547432,115.1743665406306,5960700,False
2020-02-11,116.05743408203124,116.7470568789682,115.872413957613,116.27608839608054,6578600,False
2020-02-12,116.05743408203124,117.14231314559372,115.88923746871802,116.56203675454996,7958000,False
2020-02-13,115.95648193359376,116.34333273836204,114.71179915784582,115.84714839492771,7447500,False
2020-02-14,115.60328674316406,116.2172100756985,115.16596533998602,115.92285641666808,6627600,False
2020-02-18,114.07267761230467,115.81354519718566,113.57649313613626,115.50236800371832,8996400,False
2020-02-19,115.62852478027344,116.38541591711255,114.66137184700304,115.14074564422528,7071200,False
2020-02-20,115.62852478027344,116.36018706805648,114.8211631127438,115.3593999469041,7422800,False
2020-02-21,114.2156219482422,115.14912767207178,113.46713630175364,114.83796337498715,9772800,False
2020-02-24,111.14598083496094,112.02061060679824,110.0022263132818,110.54046298039114,13618400,False
2020-02-25,106.18413543701172,111.20487515926854,105.62066335376448,110.1704538800812,20797200,False
2020-02-26,106.5037078857422,108.44640613576568,106.25140657854668,106.74759743835416,24825600,False
2020-02-27,102.07166290283205,105.64589506498176,102.01279345328348,103.3667972091892,23005500,False
2020-02-28,97.64802551269533,99.649593261384,94.7465924901324,98.83382628654412,45931400,False
2020-03-02,102.19780731201172,102.24827142334443,96.2603789870612,98.08533834242292,27355400,False
2020-03-03,98.36285400390624,103.40041633264856,97.75733608744744,101.73524847867462,32547700,False
2020-03-04,100.79336547851562,101.07930744409786,96.46223496018766,99.51505443036164,25795900,False
2020-03-05,95.84829711914062,97.9171461200698,94.67931341231018,97.2779874837236,25025600,False
2020-03-06,90.89483642578124,92.77866540405694,88.32138466493645,89.36422417787799,38159400,False
2020-03-09,78.58264923095703,83.45201565972098,78.21260902750697,81.2149637625565,40352000,True
2020-03-10,84.68827056884766,85.17604965015222,79.54138061779042,83.25858034161809,31102700,False
2020-03-11,80.70196533203125,84.14164187980985,79.51616445629044,82.1652963930927,38127000,False
2020-03-12,74.04967498779297,81.5429434431867,72.5947495832655,75.34480273758402,49725200,False
2020-03-13,87.38787841796875,87.45515320694433,77.37161515840447,80.7271866714309,38543300,True
2020-03-16,74.31040954589844,79.03680953302857,71.10621673249541,71.65285901765209,38589700,False
2020-03-17,78.85176849365234,81.94663331350031,73.58713295643669,76.43810822281725,35239800,False
2020-03-18,70.5511474609375,76.35402061238307,67.58243287961596,73.73011102299046,41525600,False
2020-03-19,71.73693084716797,74.10012654857067,64.68097792231531,68.5916025255694,32175100,False
2020-03-20,70.2231674194336,75.235502910794,69.36535430526219,72.57795883354753,30150800,False
2020-03-23,66.46390533447266,70.43340703201778,65.67336713069169,69.53354167046926,32536600,False
2020-03-24,74.36927032470703,75.77373198748495,69.71856385977945,71.40055571928539,34363200,False
2020-03-25,77.1445541381836,80.02075847963637,71.09779176713643,75.05046979781439,38111700,False
2020-03-26,82.51852416992188,82.89696977744819,78.66676121420448,79.12089979300997,29826300,False
2020-03-27,76.63994598388672,79.76003967426142,76.15217328964872,78.37240171846678,30041500,False
2020-03-30,78.63311767578125,79.12930218343509,75.10093741621921,76.23628061277203,21656900,False
2020-03-31,75.71485137939453,79.1965735025553,75.1345622201048,77.41366650045273,23379300,False
2020-04-01,70.9464111328125,72.79659945490423,70.01290521662108,71.56874627151038,28029600,False
2020-04-02,73.59555053710938,73.93195016908417,69.76901675393847,70.23156704993998,24018000,False
2020-04-03,71.42022705078125,74.33481826654896,70.33256084000313,73.07720765441104,21199400,False
2020-04-06,76.01727294921875,77.31736613061885,74.52173791512259,75.61789656372473,26820800,False
2020-04-07,77.01996612548828,80.29994315831685,76.79903324971741,80.25745382272008,22563800,False
2020-04-08,80.12999725341797,80.60584668480567,76.94349163331326,78.26057673317916,22903300,False
2020-04-09,87.31876373291016,88.70382934304715,82.33081733076023,82.35630834153528,42055900,False
2020-04-13,83.43546295166016,87.61615665509738,82.6791994904557,87.61615665509738,26911900,False
2020-04-14,81.1496810913086,86.6729578148008,79.56917369487228,85.84021477937071,46151300,False
2020-04-15,77.14744567871094,78.20111532153739,76.58661743598729,77.45335081420312,30118600,False
2020-04-16,74.20735931396484,76.96049890645396,73.96943455057195,76.67159211746647,32449600,False
2020-04-17,80.87776947021484,81.3196287735177,77.29188709158774,78.17561218115637,30191900,False
2020-04-20,77.92919921875,80.47840432168444,76.86703042586065,78.57499966005659,23679400,False
2020-04-21,75.66888427734375,77.64876137526849,75.05707420230911,75.30349806491816,23035000,False
2020-04-22,75.91529083251953,78.06512495158013,75.77933665909804,77.0624378011231,16662400,False
2020-04-23,75.95779418945312,77.56379246260819,75.84733099795812,76.2552000765259,16638800,False
2020-04-24,77.07946014404297,77.41085627141602,75.19304742948034,77.01997895407764,15809200,False
2020-04-27,80.40193176269531,81.26015948476388,77.78474628540593,78.12464159776209,22870200,False
2020-04-28,80.97126007080078,83.57994662047616,80.75032712516733,83.1125897129755,20238900,False
2020-04-29,83.15506744384766,84.50614297918523,82.65372042376042,84.19174517894275,20462600,False
2020-04-30,81.37063598632812,82.28834497849809,80.34245728071004,81.23467525684256,19127600,False
2020-05-01,79.23780059814453,79.65416899517281,78.03967095716999,79.45023437990899,18547700,False
2020-05-04,78.29458618164062,78.74494471622604,77.15594433819552,78.19261564282428,15725900,False
2020-05-05,78.17562103271484,80.05353462956681,78.09064882818505,79.57768509782909,18064100,False
2020-05-06,76.70557403564453,78.82141881029622,76.41666725334966,78.3115791172701,20978000,False
2020-05-07,77.50431823730469,78.94887143446024,76.96898759255473,77.61478143870819,16771900,False
2020-05-08,78.77043914794922,79.9430777048431,78.26909856368496,78.85541784213191,20487800,False
2020-05-11,76.45066833496094,77.4193658347673,75.90683838710348,77.4193658347673,31907600,False
2020-05-12,73.95242309570312,77.14742795287209,73.84195989886425,76.60359816649812,27962900,False
2020-05-13,71.40321350097656,73.80796451711889,70.8678829161341,73.40008896464704,35451600,False
2020-05-14,74.3687973022461,74.87014427589257,70.01815866349595,70.29007357841785,35152500,False
2020-05-15,72.99224090576172,74.16487292184414,72.48240118063737,73.79948659696164,26099000,False
2020-05-18,76.8585205078125,77.45333883839399,74.67470203446585,75.36299172438211,30504400,False
2020-05-19,75.34597778320312,77.49580563651186,75.27799744814348,76.51861587261631,19597300,False
2020-05-20,77.60629272460938,78.50700967599815,76.79054796964093,77.0794547340626,20552400,False
2020-05-21,76.62062072753906,77.97170305432785,76.19575313142367,76.70559295016913,14621400,False
2020-05-22,76.02578735351562,76.78205094375814,75.38848613816768,76.48464500652173,13557900,False
2020-05-26,81.42160034179688,82.84915527665154,78.69395200756729,78.93187674954923,41233900,False
2020-05-27,86.13762664794922,87.16580506916546,83.95380827762195,86.73243846750816,39402000,False
2020-05-28,84.85452270507812,87.48020028178112,84.46364545173216,87.47170760100751,24713900,False
2020-05-29,82.68769836425781,84.27670490961923,82.23733991912954,83.83484562844505,26526400,False
2020-06-01,83.78385162353516,84.55711341849408,82.74717410996755,83.06157832598856,15176800,False
2020-06-02,84.06427764892578,85.33038089091349,83.214542711196,85.21141851826837,21195000,False
2020-06-03,88.60186004638672,89.15418905837475,85.87421164523576,86.31607744801146,25941100,False
2020-06-04,90.44579315185548,90.59024654223458,87.34425918491169,88.21948517516128,26784700,False
2020-06-05,94.5160140991211,98.37380477152688,93.07146090502586,97.66003058003908,42231000,False
2020-06-08,96.40242767333984,97.0312362053063,95.11933256405744,96.3684439802808,24881800,False
2020-06-09,93.92971801757812,94.85592615771102,92.6296243617402,94.02318939650438,17031100,False
2020-06-10,90.12288665771484,93.90421107227657,89.94444309629861,93.8617217316218,24913300,False
2020-06-11,82.60273742675781,86.31608165913919,82.0334165405627,84.99898983421524,36259200,False
2020-06-12,84.86302185058594,85.93368309444872,82.7046945524295,85.57679601316113,24856800,False
2020-06-15,86.03565979003906,86.18861233342876,81.46408830000041,81.9314386115513,22153600,False
2020-06-16,86.72394561767578,89.79998842426295,84.38717454033288,89.5365726682743,22193600,False
2020-06-17,84.53162384033203,87.13181034864253,84.3021918055033,87.12331118510309,15639800,False
2020-06-18,84.07276916503906,85.41534531745974,83.38447951967997,83.84333712226521,16591900,False
2020-06-19,83.1125717163086,85.48333295716662,82.19486291578536,85.42385177117934,40371200,False
2020-06-22,82.21186828613281,83.23154778021703,82.03342469881628,82.63673582249525,16216900,False
2020-06-23,83.21455383300781,84.94801411561299,83.14657347299256,84.09827906431421,15381400,False
2020-06-24,80.43592071533203,82.28833684934212,80.13850826970445,82.21186380878446,22919800,False
2020-06-25,83.24002075195312,83.45245445328507,80.0960045654252,80.1724775860829,25743600,False
2020-06-26,78.67694091796875,81.03920907456312,78.17560050481396,80.81827621442886,41896300,False
2020-06-29,79.02534484863281,80.29144802076307,78.328562497458,79.36524010156357,18499700,False
2020-06-30,79.92606353759766,80.43590966982472,78.65996033728295,78.88089322905049,19137000,False
2020-07-01,79.24626922607422,81.32811689191331,79.05082736966256,80.63133461555849,18755700,False
2020-07-02,79.50370788574219,81.4771393229448,78.87735378093448,81.28837489283458,27845600,False
2020-07-06,81.5114517211914,81.68305215899171,80.20727137395266,81.02238327270975,18625300,False
2020-07-07,79.2119369506836,80.73920245700988,78.93737243882869,80.49895932740363,25757200,False
2020-07-08,80.05280303955078,80.08711787934686,78.76578052474215,79.18620604666184,18762200,False
2020-07-09,78.31964111328125,80.7564081427799,77.89063343273423,80.24159368921332,25600800,False
2020-07-10,82.60112762451172,83.09019606930114,78.82586565230977,78.93740528142418,28954200,False
2020-07-13,83.7851791381836,85.17515946563465,82.56679921906556,84.71183705390828,32079200,False
2020-07-14,84.26567077636719,85.75861536965522,82.91858719387714,84.40295634850862,42731700,False
2020-07-15,85.5698471069336,86.90834854163525,84.64318924623142,86.56514119921198,22508400,False
2020-07-16,85.81009674072266,86.84829428373791,84.55739541081658,84.75473522891994,16886900,False
2020-07-17,84.2227783203125,85.8701659947784,84.20561434983492,85.80152320514148,16137700,False
2020-07-20,83.48487854003906,84.42011193185591,83.45055714775181,83.59641815537047,14458100,False
2020-07-21,85.29530334472656,85.84443260807564,83.77661261160709,83.83667342021911,17798100,False
2020-07-22,84.67752075195312,85.91305816770324,83.68221999462538,85.50121454449867,14271200,False
2020-07-23,84.92633819580078,85.243799595956,84.05974110456133,84.51448806402155,12870200,False
2020-07-24,84.32573699951172,85.62992383416474,84.03401495915897,85.45831685795419,12744200,False
2020-07-27,83.14167022705078,83.76801762736532,82.51531628060009,83.66505999779919,11959100,False
2020-07-28,83.50203704833984,83.99110543905097,82.79846486264778,82.79846486264778,11754300,False
2020-07-29,85.5269546508789,85.55269405927227,83.22747367311642,83.28753447474641,12743500,False
2020-07-30,83.24464416503906,83.86241624800799,82.41237479640657,83.69081580102215,14834800,False
2020-07-31,82.91859436035156,83.16741957176106,81.7259536703751,82.78131532248177,14535000,False
2020-08-03,82.45526123046875,83.7165446496857,82.24075742573488,83.24463366081656,12962800,False
2020-08-04,81.98336029052734,82.3265611558557,81.53718869178144,82.29224630623239,13366200,False
2020-08-05,83.40764617919922,84.48874702637053,82.1292055270081,82.25790909983681,15260900,False
2020-08-06,83.43339538574219,84.17128897409835,82.8327873701669,83.72512395483334,10482100,False
2020-08-07,85.2695541381836,85.36393634042584,82.84995136807781,83.16741937072327,14743700,False
2020-08-10,86.35066223144531,87.5518850018929,85.82727235679413,85.89591515422255,14989900,False
2020-08-11,89.07914733886719,91.08690652580658,88.81316469315506,89.11346873607798,31518600,False
2020-08-12,88.32408142089844,91.31855245419572,87.26871990866593,91.08689124455915,19240800,False
2020-08-13,87.83501434326172,88.68444751929921,87.2086603957521,87.51754637724505,13598600,False
2020-08-14,87.86933898925781,88.64154742545092,87.01989923562712,87.08854202208673,12134400,False
2020-08-17,85.55268096923828,87.51753624498046,85.39823799637232,87.08852871436781,14988000,False
2020-08-18,84.36005401611328,85.72430158509563,84.1884535949463,85.72430158509563,13246500,False
2020-08-19,84.5573959350586,86.30774108633982,84.37720699235342,84.87485735209813,13533000,False
2020-08-20,83.5449447631836,84.11123140734226,83.05587634708156,83.45056256480103,13672600,False
2020-08-21,83.50203704833984,84.57455602324461,83.17599363657787,83.45913367088913,12228300,False
2020-08-24,85.85298156738281,85.98168513075058,83.5878224181967,84.47157684924811,17898300,False
2020-08-25,86.23052215576172,87.50038745188773,85.62991417213621,86.89119093774978,13648900,False
2020-08-26,85.0207290649414,86.03318733470255,84.98641421510409,85.75004727365462,12052400,False
2020-08-27,87.8178482055664,88.07525536583262,84.94349879789513,84.94349879789513,22163900,False
2020-08-28,88.17821502685547,88.59006518355349,87.35452125959557,88.4956829923547,13756700,False
2020-08-31,85.96453857421875,87.67198686201249,85.81867102602926,87.62050804861383,14219400,False
2020-09-01,85.921630859375,86.54798475734633,84.97781556663116,85.41540509682659,11595600,False
2020-09-02,87.21724700927734,87.46607220458269,85.42399182453767,85.75861723122568,14475700,False
2020-09-03,86.94268798828125,90.08302044027526,86.3506553632907,88.65013652514722,23281200,False
2020-09-04,88.82173919677734,90.27178711949968,86.97701157563336,89.27649279542482,26325500,False
2020-09-08,85.73287200927734,88.86462860841927,85.35534979556427,88.35840281329071,22108600,False
2020-09-09,86.5479965209961,87.2515687307953,85.42399214541042,86.48793571818896,13434000,False
2020-09-10,85.65565490722656,87.87791102723325,85.4926299322279,87.00273844521845,15922800,False
2020-09-11,86.71958923339844,86.96841440751318,85.44972395621566,85.7757738962937,13784300,False
2020-09-14,87.92081451416016,88.7702476898505,86.97699914715575,87.09712074589434,19017400,False
2020-09-15,85.18375396728516,88.24686818370681,85.06363235457347,88.14391054203219,23683000,False
2020-09-16,85.54411315917969,86.77107516186784,84.7375833193692,85.31245193456539,19270600,False
2020-09-17,84.56597900390625,85.23522983616077,83.83666736737598,84.68610061245774,18290100,False
2020-09-18,84.38578033447266,85.36391698489282,83.60499002930429,83.99109419010446,20121600,False
2020-09-21,81.77742004394531,82.41235595412725,80.49897933162494,81.68303785584087,28378800,False
2020-09-22,80.88510131835938,82.0777486353442,80.37029343569976,81.4771339837935,19257000,False
2020-09-23,79.57232666015625,81.81174682334387,79.50369042021616,81.32267842828773,19952700,False
2020-09-24,79.50370788574219,80.91085257875199,78.40544270565896,79.21197925389792,18366500,False
2020-09-25,80.19867706298828,80.41318085034146,78.82585413315516,78.98029712189489,13293100,False
2020-09-28,82.5067367553711,83.16740551486109,80.95372494293447,81.56291489019132,20894100,False
2020-09-29,81.81173706054688,82.39518758029944,80.93656455398582,82.39518758029944,12848200,False
2020-09-30,82.60112762451172,83.39908209191942,81.73453691018432,81.81175514277037,16400600,False
2020-10-01,83.20172119140625,83.88812930987558,82.39518494241602,83.33042475928656,15778700,False
2020-10-02,83.99110412597656,84.59171212407911,81.58865904129398,81.72594461008097,15149600,False
2020-10-05,85.76637268066406,85.94822707863446,84.45874541120351,85.14286811226219,13871900,False
2020-10-06,84.88306427001953,87.34244243302857,84.44142074845577,86.65831979700901,19220400,False
2020-10-07,86.36389923095703,86.90080080542934,85.44595901078009,85.6970931630156,16358500,False
2020-10-08,88.13912200927734,88.26035823872753,86.51108792317537,87.03933432587081,15659000,False
2020-10-09,87.63687133789062,88.42491359340647,86.69295956216847,88.32965559313796,13689100,False
2020-10-12,88.71068572998047,89.19563073433442,87.33377886850383,87.55027311785902,16058000,False
2020-10-13,87.27316284179688,89.38614888052042,86.82285769933596,89.1956328794053,21697300,False
2020-10-14,86.78822326660156,88.26904326781145,86.68430363942025,87.48966258115342,15204100,False
2020-10-15,88.0871810913086,88.13913759686758,85.76636247772473,85.81831898328372,17171200,False
2020-10-16,87.90531158447266,88.61541233470176,87.2211890825516,87.81871522115281,13275000,False
2020-10-19,86.42450714111328,88.21707926472993,86.21666790440398,87.983261775152,11725700,False
2020-10-20,86.9181137084961,88.13047622076049,86.70161945889457,86.86615059591321,11257100,False
2020-10-21,86.0521469116211,87.45502558694771,86.01750703475265,86.90946239175192,10730500,False
2020-10-22,89.09171295166016,89.40346520570483,86.00017527145063,86.00883689152974,14837200,False
2020-10-23,89.8970718383789,90.45129659958526,89.13501444344024,89.62862107785466,15087600,False
2020-10-26,87.67151641845703,88.93584214352782,86.81420097200176,88.89254725430362,12410700,False
2020-10-27,86.01748657226562,87.3943866641138,85.87027208575596,87.03933957271522,10391700,False
2020-10-28,83.60140991210938,85.12553109132853,83.19439971593614,84.43274693526182,16389500,False
2020-10-29,84.14698791503906,84.84843381448493,82.47565195315828,83.23771598150633,14208800,False
2020-10-30,84.90039825439453,85.22946718390789,83.33298177000981,84.78782360645391,15194500,False
2020-11-02,86.81419372558594,87.35975685381352,84.74450923663859,86.06945298153424,15011600,False
2020-11-03,89.55066680908203,90.7024109672202,88.92716243683586,89.21292976838296,17482600,False
2020-11-04,86.81419372558594,88.3902715917902,85.67110435676615,87.46367647166265,18886500,False
2020-11-05,90.36469268798828,91.01417539529083,87.46367125007941,87.5156277524621,17837400,False
2020-11-06,89.1609878540039,91.01417803742142,88.6673812463998,90.95355991392196,12552800,False
2020-11-09,101.23272705078124,102.96468129764874,95.56057424953777,97.99397445906575,47792400,True
2020-11-10,100.90363311767578,101.70899195990305,99.3189002919666,101.62239558472504,20539300,False
2020-11-11,99.3968276977539,101.28465760731208,98.6867269027942,101.22403948848184,14443400,False
2020-11-12,98.1758270263672,98.68675034833636,97.04139252320265,97.4484028207068,22063000,False
2020-11-13,98.79066467285156,99.46612572311406,98.3490145219566,99.32756622209575,11847900,False
2020-11-16,101.5791015625,102.71352928278154,100.21951797934123,102.00342842928868,19858600,False
2020-11-17,100.5486068725586,100.83438091616829,99.2236628973081,99.92510227082158,14553200,False
2020-11-18,99.80384826660156,102.71353148648195,99.76054677427616,101.61373700746567,12571200,False
2020-11-19,100.0722885131836,100.29744435725245,98.3403347120866,98.87724276890326,10202500,False
2020-11-20,99.2149887084961,100.15024549263386,98.7993168243636,99.09375245205756,12718900,False
2020-11-23,102.0727081298828,102.33249725751205,100.08095845032558,100.4966303041643,13209200,False
2020-11-24,106.79228973388672,106.94816586744244,103.66611204921102,103.97786431632244,20121600,False
2020-11-25,105.6751708984375,105.97826152317668,104.32424890995422,105.10362952134076,11715600,False
2020-11-27,104.9737319946289,105.95228361680714,104.8524957443371,105.6491929910776,5983600,False
2020-11-30,102.08135986328124,104.5407378218193,101.9861018708134,103.91723336453136,14411800,False
2020-12-01,103.6920928955078,105.28549414578096,103.59683488890492,104.211677818054,12668900,False
2020-12-02,105.68383026123048,105.91764113621304,103.28507035335178,103.65744071490175,10811300,False
2020-12-03,104.99105072021484,105.55393709743544,104.22899333077912,105.51929722425014,12904400,False
2020-12-04,105.94361877441406,106.76630085566175,105.380739032415,106.06486162789808,13583700,False
2020-12-07,105.54527282714844,105.79640694627558,104.0990928440977,104.9131133263112,9724300,False
2020-12-08,105.6491928100586,105.93496680249112,104.5753831920795,104.81785569224768,9592100,False
2020-12-09,104.8265151977539,106.7749633865086,104.2982687158078,106.66238215164402,13073900,False
2020-12-10,104.15105438232422,104.5927045170896,103.53621148449184,103.90858187127826,13668400,False
2020-12-11,103.53621673583984,103.93456539660248,102.50570851162723,102.99931517897232,9981600,False
2020-12-14,102.44508361816406,105.14692767922207,102.28054587095028,105.07764793230255,12112400,False
2020-12-15,104.19435119628906,104.69661943625484,102.72219295570534,103.30239595348644,12590200,False
2020-12-16,104.49744415283205,104.85249789803676,103.7960048893245,104.1770368877139,11169400,False
2020-12-17,103.63145446777344,105.17289229907496,103.55351971775184,105.0083611800696,11618000,False
2020-12-18,103.12053680419922,103.81331440015563,102.4190909819356,103.172493307004,28954800,False
2020-12-21,106.991455078125,108.24711901595818,104.8611459618367,106.6623796079134,28323600,False
2020-12-22,105.3634033203125,106.96545919525484,105.31144682274136,106.85288458155765,11788200,False
2020-12-23,108.3077392578125,109.56340322021784,105.95228084483036,106.3246512058074,14973200,False
2020-12-24,107.83145141601562,108.72341326159264,107.00877592186684,108.32505803388092,4164900,False
2020-12-28,108.5415496826172,109.6759840000812,108.06526631572828,108.95722153307727,8072600,False
2020-12-29,108.25578308105467,109.35557092807544,108.15186346597494,109.28629118468896,8389200,False
2020-12-30,108.55887603759766,108.98320291293793,108.1605274148668,108.67145066786505,7398000,False
2020-12-31,110.03968811035156,110.26484396183136,108.09124001998477,108.32505088380172,8580200,False
2021-01-04,109.0005340576172,110.72382654344568,108.05661563411311,110.41207427576366,16819900,False
2021-01-05,109.59362030029295,110.16056036839248,107.95385477074608,109.01795623452595,13731200,False
2021-01-06,114.73970794677734,115.80380966103662,111.53867880427846,113.28311275307712,24909100,False
2021-01-07,118.50767517089844,120.5312174116668,117.6790747896404,118.35068308786916,21940400,False
2021-01-08,118.63849639892578,118.92632848108629,116.98128259032814,118.5948830575821,12035100,False
2021-01-11,120.40908813476562,120.53991484901564,116.97256447861902,117.38250592849984,15937900,False
2021-01-12,122.30181121826172,123.55780112847076,121.08943465667043,121.62148556838603,18033500,False
2021-01-13,122.41515350341795,122.7989162120558,120.45267339365904,120.88004943318664,14816800,False
2021-01-14,123.13037872314452,124.50847765609346,122.10989052086224,122.53727992889714,18565600,False
2021-01-15,120.9236831665039,123.54904109841344,119.50197085492847,119.86829894015384,27881000,False
2021-01-19,120.4003677368164,122.72045926590968,120.20849297588036,121.98780298585628,19843800,False
2021-01-20,118.59487915039062,120.51374632598557,118.13260702700848,120.20847956448338,16028800,False
2021-01-21,117.6005401611328,118.76058563783104,117.15571609624652,118.35064425475268,13411700,False
2021-01-22,116.69344329833984,117.22549408844472,115.3066269681873,115.73401639267232,12933200,False
2021-01-25,115.23685455322266,116.15268147895432,113.44009669814476,115.25430255141536,14212800,False
2021-01-26,114.76587677001952,116.15269331690963,114.55654069714151,115.78636517106646,11307800,False
2021-01-27,111.5212173461914,113.2569269822298,111.07638660311244,113.03014295715568,17603900,False
2021-01-28,113.48370361328124,115.28046136661985,112.50682871257423,113.3005329149375,13761800,False
2021-01-29,112.22772216796876,114.88797630626983,111.80906336701553,114.42570416358906,14808100,False
2021-02-01,113.05631256103516,113.44881929341398,112.06198967744794,112.86442452131465,11080700,False
2021-02-02,116.5364227294922,117.21674805736728,114.4518334178915,115.07982807576376,12253600,False
2021-02-03,117.87095642089844,118.41172464473472,116.44924386077123,116.57135324386088,10600800,False
2021-02-04,120.5835189819336,120.94112971880614,118.15876646422583,118.15876646422583,12419500,False
2021-02-05,120.34803771972656,121.66508887103576,119.82471750630064,121.5778621810026,10051300,False
2021-02-08,122.23200225830078,122.37155961575382,120.5224579018064,120.53990589871856,10136400,False
2021-02-09,121.74354553222656,122.0924255616752,120.8364361613881,121.61270553949332,8614800,False
2021-02-10,121.8133544921875,122.86872549451505,121.27257301046568,122.10990392185612,10323200,False
2021-02-11,121.4731674194336,122.58959953865732,120.55734066145082,121.81333012280768,9201000,False
2021-02-12,123.2001724243164,123.51416985630344,121.23769180162816,121.28130514391704,8324600,False
2021-02-16,126.1656723022461,126.75006703524645,124.20319200734058,125.20624547675617,12130600,False
2021-02-17,126.55819702148438,126.8024157615632,124.83120453374012,125.55514340930344,10810100,False
2021-02-18,126.9855499267578,127.15998995076376,125.07540038792897,125.59873376886756,10587800,False
2021-02-19,129.10507202148438,129.82028031501665,127.2210872875697,127.2210872875697,11969800,False
2021-02-22,130.3174285888672,130.99775408735456,128.03222005727807,128.101998737754,11488400,False
2021-02-23,131.3640594482422,132.84681955225727,130.47439806226507,132.149046177156,16234400,False
2021-02-24,133.67543029785156,134.11153702853494,130.9279632181149,130.9279632181149,15061400,False
2021-02-25,131.86123657226562,135.1058720053697,131.346633777872,134.55638652530632,18127700,False
2021-02-26,128.3636474609375,131.59083445407373,127.7879834094324,131.09367972517066,19829200,False
2021-03-01,131.26812744140625,132.035679555068,129.5062525027379,130.4133619659602,14845500,False
2021-03-02,130.8407440185547,132.38456565981377,130.69246931872738,130.90180535261874,14221700,False
2021-03-03,133.3701629638672,135.17563790002848,131.54724003206013,131.90483743481056,14324100,False
2021-03-04,131.3204803466797,134.65234275952952,129.62838379639877,133.10852092740717,20093900,False
2021-03-05,131.6257781982422,133.87609123597707,129.06146768294138,133.64058980057126,18465100,False
2021-03-08,133.3701629638672,135.5943099419996,131.48617870176056,132.98638691318757,17133300,False
2021-03-09,132.42819213867188,134.53894744807985,130.67504759847006,132.14036005435398,16238800,False
2021-03-10,135.30650329589844,136.20488226088966,132.14908093754636,132.49797437132972,14342200,False
2021-03-11,134.59999084472656,136.1961298039182,133.76266004661483,134.41682015769786,11771500,False
2021-03-12,136.1961212158203,137.48700666938183,135.2541424271099,136.81539860452136,12849500,False
2021-03-15,135.5157928466797,136.8677262899118,134.28598205704515,136.37057156834047,12101100,False
2021-03-16,133.8934783935547,134.844201143807,132.7421635905019,134.39936377830782,12805600,False
2021-03-17,135.27162170410156,136.83289170509016,133.49231158354775,135.48967513259186,13952400,False
2021-03-18,137.5044403076172,141.02818997659742,137.03345091685122,137.46084028376376,21898500,False
2021-03-19,135.3152313232422,136.0130049369704,131.86998990980723,135.63794612966004,54418800,False
2021-03-22,131.67803955078125,134.29467938292143,131.3640422385677,133.27419144545698,19944800,False
2021-03-23,130.36105346679688,132.68113158060393,129.92494665691171,131.11987505714148,17076300,False
2021-03-24,131.372802734375,133.60566732850776,130.70992521703022,130.83203458361805,13079800,False
2021-03-25,133.0562286376953,133.42255686631975,130.24769890931393,130.83208060561438,15608300,False
2021-03-26,135.27162170410156,135.58561917348462,133.05620472656713,134.58257872599924,16754400,False
2021-03-29,133.1695556640625,134.0853825343547,131.7391260040835,132.68111821561928,17570300,False
2021-03-30,134.73956298828125,135.951939447985,134.21624277562398,134.7221282974397,13184300,False
2021-03-31,132.77703857421875,134.74824932275993,132.68109457044977,133.69286528130098,16736700,False
2021-04-01,134.0679473876953,134.1377127581581,132.18396297106602,132.48922972083804,16561500,False
2021-04-05,134.77862548828125,135.93673496912683,133.88373731196688,135.4629580406679,13508000,False
2021-04-06,133.83103942871094,135.35763411870155,133.23444751439894,134.05037705379144,13071600,False
2021-04-07,135.92794799804688,136.19115590578832,133.9275893189083,134.32240787417564,16903500,False
2021-04-08,136.09458923339844,136.43675535257205,133.62923676098015,135.11196107316744,12335500,False
2021-04-09,137.11236572265625,137.77914743229562,135.96303845267494,136.70000982448306,12122400,False
2021-04-12,136.82281494140625,137.96337332841895,136.48943083736765,136.49819952339524,12273400,False
2021-04-13,135.19093322753906,136.16479280287132,133.73452820725734,135.76998776147846,16113600,False
2021-04-14,132.66421508789062,134.9628698086295,132.4185445573248,132.89232146739647,19939600,False
2021-04-15,133.50645446777344,133.5327739177996,131.0060130041242,132.6992934299165,17694100,False
2021-04-16,134.4978485107422,135.55943523079884,133.96266411381282,134.9979313870785,13773400,False
2021-04-19,133.92758178710938,135.00673280942917,133.55032740416715,134.60314558861444,11900200,False
2021-04-20,130.96212768554688,133.1379534230256,130.41816121069638,133.12918473646477,13716700,False
2021-04-21,132.0763397216797,132.1377606832108,128.78627531324767,129.66362582216289,12236700,False
2021-04-22,129.2951202392578,131.86576379462335,129.1986111626952,131.80434284258155,15256100,False
2021-04-23,131.769287109375,132.5939988050386,128.69856004774692,129.12845326849802,14041900,False
2021-04-26,132.0939178466797,133.7608921913555,131.93600114826583,132.28693606961383,10799100,False
2021-04-27,132.69927978515625,132.980038406312,131.69910062507782,132.04126682754392,12821200,False
2021-04-28,133.5590362548828,134.13809068245956,132.83083387850058,133.73450364245966,8943700,False
2021-04-29,136.15603637695312,136.23499471487992,134.4101039324976,134.7083999117592,12976900,False
2021-04-30,134.9453125,135.54191795276398,134.24342924446398,135.19975170644523,11705100,False
2021-05-03,134.55050659179688,136.41048582924128,134.3487196751878,135.85776398050254,11801100,False
2021-05-04,136.41043090820312,136.55081017945983,133.48008390406576,134.1205459216314,12977700,False
2021-05-05,138.2002716064453,138.86705324950864,135.66472888324276,136.86669493301082,10506700,False
2021-05-06,140.9814910888672,141.09555096782216,137.88444407980623,138.6828364578715,13542400,False
2021-05-07,141.46401977539062,141.6921261187515,137.76159906216986,137.9370665099327,14257800,False
2021-05-10,141.44647216796875,143.64861746920158,141.35873174847708,141.69212927777525,14014300,False
2021-05-11,139.09515380859375,142.4729588660598,138.65647852254918,141.3236317585922,15451700,False
2021-05-12,138.13882446289062,141.06040304223086,137.7703388836007,140.03390463121488,14381700,False
2021-05-13,141.69212341308594,142.52560381452486,138.34063765938876,138.77931296407323,15395000,False
2021-05-14,143.89427185058594,144.28030826933596,142.12203321877266,142.47296811546823,10584000,False
2021-05-17,144.47328186035156,144.63121188620602,143.03442780857466,143.33272371737257,9886800,False
2021-05-18,142.4378662109375,145.20151507034456,142.34135711557974,144.48208119816726,11098100,False
2021-05-19,141.34994506835938,141.41135264433993,139.1828881783929,141.253435974127,13278900,False
2021-05-20,141.10430908203125,142.00797919614772,139.9549818526584,141.10430908203125,10426000,False
2021-05-21,142.7098388671875,143.201153016663,141.20079490105186,141.55172975430392,10249000,False
2021-05-24,143.48191833496094,144.08729242089208,142.23608202777748,143.32400164505287,9440300,False
2021-05-25,141.99920654296875,145.37699847705872,141.74476736028964,143.75390782425444,12609100,False
2021-05-26,141.98165893554688,143.657401909352,141.5254328438321,143.5082539036067,13058300,False
2021-05-27,144.1925811767578,144.54351607330236,142.63089812871073,143.8416328929051,15707500,False
2021-05-28,144.09603881835938,144.7101814392377,143.23622576182467,144.4820617605507,10291300,False
2021-06-01,145.6840362548828,146.43855813260075,145.18394010215255,145.52610622185574,9445400,False
2021-06-02,145.69284057617188,146.90358870541354,145.2278458225111,146.74565863375648,10498600,False
2021-06-03,145.7893829345703,146.7369234187291,144.4645880268735,145.12260113637456,13354400,False
2021-06-04,146.02627563476562,146.22806257908067,144.78920774009472,145.8244886904506,8510800,False
2021-06-07,145.34188842773438,146.6052753017406,144.88566241494183,146.51753489598215,7267200,False
2021-06-08,144.76283264160156,145.42961420282356,143.148510932976,144.31538870559413,10370700,False
2021-06-09,142.9555206298828,144.0785284189971,142.37646597344016,144.00833875876384,12377400,False
2021-06-10,140.7270050048828,144.97339130231123,140.6480466783574,144.20131863235963,12119400,False
2021-06-11,140.6305389404297,141.42893129678694,139.55140131922167,140.7533675039224,13683800,False
2021-06-14,138.24417114257812,140.66565451644453,137.44577870647086,140.50772441200175,19917900,False
2021-06-15,136.1472625732422,137.67385746909093,135.22605513352613,137.48083926200746,24485500,False
2021-06-16,137.10357666015625,138.28799189155134,134.33114565939294,135.75244929198993,25321200,False
2021-06-17,133.14671325683594,138.14762204940885,132.6992693004434,137.831775319218,29722400,False
2021-06-18,129.7776641845703,131.33934676088225,129.46181751816428,130.98841197034406,43595700,False
2021-06-21,131.97982788085938,132.6553915070968,130.74277386341154,130.7954127508809,18664800,False
2021-06-22,131.7868194580078,132.4536009930906,130.4269235575271,132.12898560443665,14251200,False
2021-06-23,132.585205078125,133.39236594261897,131.68153512182707,131.77804421363103,12733300,False
2021-06-24,133.8047332763672,134.33991767021917,132.67295690893988,133.2870996427108,13733200,False
2021-06-25,135.15585327148438,135.5506583367514,133.06775470378264,133.87491559355055,15484900,False
2021-06-28,135.4015350341797,135.53313228415558,133.46258409824284,134.8487998096624,14125800,False
2021-06-29,135.2348175048828,137.1386666519262,134.76982276970807,135.98933953716195,14528700,False
2021-06-30,136.4630889892578,136.9368657495864,134.8575493773277,134.89263750642692,12531000,False
2021-07-01,137.81423950195312,137.86687839814098,136.3578342333174,137.0948055545638,10479400,False
2021-07-02,137.681884765625,137.93779019006493,136.8788916212101,137.61129063007104,11424000,False
2021-07-06,135.36996459960938,137.46126339014685,134.43461600070995,137.46126339014685,15083400,False
2021-07-07,135.52880859375,136.13767122178757,133.72870529144512,134.13460473383392,12271800,False
2021-07-08,133.19046020507812,134.59348352919824,132.39628615154194,133.7816710372962,17834600,False
2021-07-09,137.4524688720703,137.78777419745526,134.63758988861548,135.05232203464234,13694500,False
2021-07-12,139.42019653320312,140.44379108099128,135.8376290803964,136.1994188978054,19940400,False
2021-07-13,137.3465576171875,138.88194967688793,135.4493891484468,137.6995282734453,22671700,False
2021-07-14,136.87887573242188,138.784876777768,134.96405547032572,137.61127465626654,14622800,False
2021-07-15,137.17889404296875,138.1230618149447,135.62585028427628,135.80232885745897,11539300,False
2021-07-16,134.04640197753906,137.90251486014648,133.26106057099196,137.62015172409113,14002700,False
2021-07-19,129.6873016357422,132.20216588110134,128.57547414502844,131.08150570696154,22172900,False
2021-07-20,132.10507202148438,133.34925484973104,129.12253399160963,129.29019336693918,15385200,False
2021-07-21,134.88461303710938,135.58170801471283,133.56100372958747,134.16986616535957,12356700,False
2021-07-22,133.1815643310547,135.39641256065912,132.33446189988717,134.90226723173632,9913300,False
2021-07-23,132.92572021484375,134.867011903641,132.58158220394083,133.66693847456455,9666100,False
2021-07-26,133.8169403076172,134.09049763269448,132.5109824579729,132.528634358016,8208000,False
2021-07-27,133.6404571533203,134.55816742197234,132.18449186398647,132.71392766717415,11218700,False
2021-07-28,133.86105346679688,134.80523481497434,133.13748719177391,134.38167003186203,9217300,False
2021-07-29,135.0081787109375,135.77586796753158,134.0463589698904,135.13171506791187,9063500,False
2021-07-30,133.931640625,135.59938816137955,133.4198433037231,134.6375684289838,9805200,False
2021-08-02,133.3933563232422,136.2876478573174,133.3051237735218,134.15222626598455,10203200,False
2021-08-03,134.91111755371094,135.29055931734123,131.93741221506667,134.08165336128764,10394800,False
2021-08-04,133.4551544189453,135.3346709744882,133.1639586789139,133.46397363611462,10155000,False
2021-08-05,135.14051818847656,135.6170251260888,134.13457555451362,134.37282902331975,9151500,False
2021-08-06,138.97898864746094,139.2613651190781,136.8700381837061,136.94063230161038,13328800,False
2021-08-09,138.82896423339844,139.90550083711355,137.56711640977025,138.99662355987942,9516900,False
2021-08-10,140.5320281982422,141.1673618372012,137.92893220041265,138.3083739263378,8667000,False
2021-08-11,142.20863342285156,142.5086483985373,140.37322630452286,141.18503866108958,9156500,False
2021-08-12,142.76455688476562,143.276354324898,141.67038132571912,142.84398371119326,8844200,False
2021-08-13,141.16737365722656,143.0910266319355,140.80559726222518,142.76452710451028,8980900,False
2021-08-16,140.24082946777344,140.32907548523525,138.34366127241137,140.24966214819074,8755800,False
2021-08-17,138.546630859375,140.17908816578048,137.0112522647953,139.04078977792128,9347200,False
2021-08-18,137.28477478027344,139.42901564212022,137.07299241951196,137.92892761396854,8065500,False
2021-08-19,136.1376495361328,137.26712857814314,135.01698971035066,135.14935874048683,9517700,False
2021-08-20,136.52590942382812,136.6847361014185,135.14935769356958,136.19942338803534,6974100,False
2021-08-23,138.27310180664062,138.6172398178698,136.9847958013028,137.0642091582506,7934600,False
2021-08-24,139.1290283203125,139.9055503326464,138.42310044223206,138.53781759345077,7670900,False
2021-08-25,141.9968719482422,142.7557421814825,139.243767597164,139.87026875847542,11335000,False
2021-08-26,142.729248046875,144.564655139812,142.19979877343872,143.17927050417782,11027500,False
2021-08-27,143.87635803222656,143.97342326928566,142.29684312594244,142.72922708456065,8780200,False
2021-08-30,141.57327270507812,144.2646146848037,141.07912731820102,144.01754199136514,7937600,False
2021-08-31,141.14088439941406,142.39389972441805,140.61144870030827,141.5732683318009,12340800,False
2021-09-01,140.93795776367188,141.8556545374964,140.2761529332506,141.37916098395274,8729900,False
2021-09-02,141.59095764160156,142.60571976469916,140.6820665289585,141.2026966143261,8813300,False
2021-09-03,140.7349853515625,141.97034878330086,140.43495697718183,141.52914563418693,7959700,False
2021-09-07,140.48794555664062,142.40276605636393,140.2673439304358,141.1762215532433,9285600,False
2021-09-08,139.86141967773438,140.81442024143067,139.4555067940577,140.20555764814247,7852700,False
2021-09-09,140.47024536132812,141.91739099310948,139.49077393915323,139.6584332717386,7904300,False
2021-09-10,138.85545349121094,141.8203391462153,138.73191714993789,141.6791509092029,8311600,False
2021-09-13,141.0614776611328,141.22913701958183,139.481976241257,139.887875616442,10052800,False
2021-09-14,138.59954833984375,142.36741312060616,137.88478800748442,141.58207214094102,11685600,False
2021-09-15,139.56141662597656,140.02909099835918,138.07014747219037,138.2907490993314,11691500,False
2021-09-16,139.49961853027344,141.93506870652368,138.73192930399588,140.66440139099356,10880900,False
2021-09-17,139.13784790039062,140.31145013956012,138.53781795435447,138.87313672681844,25581600,False
2021-09-20,134.97286987304688,136.3847118356804,132.7933252946273,135.79350124661838,15819900,False
2021-09-21,134.9905548095703,136.37593960281373,134.6375975634279,135.475881121358,8999900,False
2021-09-22,137.5760040283203,138.75842553591713,136.86125690006335,136.94948947355948,11236200,False
2021-09-23,142.2262420654297,142.6939297953238,139.1290007758004,139.42019647277522,12336100,False
2021-09-24,143.86753845214844,144.352864681638,141.90860856444667,142.45569624253298,10102400,False
2021-09-27,147.34422302246094,147.71483211012122,145.2529240762158,145.59706204793278,13220900,False
2021-09-28,146.55003356933594,149.3913828093689,146.1794245551296,147.9795274047677,13387900,False
2021-09-29,146.4353485107422,147.2736319500807,145.63235540524306,146.66478280628706,7777100,False
2021-09-30,144.44110107421875,147.35304479243578,143.64692726136718,147.29126988350671,13161200,False
2021-10-01,147.4766082763672,148.50902230499477,144.36171428976408,144.7146715174392,11285000,False
2021-10-04,147.31773376464844,150.39733669652807,146.24119696734735,147.33538566125475,14120000,False
2021-10-05,149.72348022460938,151.03730748793987,147.9569052119613,148.43628358822832,12292900,False
2021-10-06,150.04307556152344,150.11409508867152,147.36214598043946,149.1287211610751,8692600,False
2021-10-07,150.99290466308594,152.25347055621103,150.50465397141386,151.9782784060651,10195400,False
2021-10-08,151.10833740234375,152.10258366508177,150.29163318001045,150.930795361939,8190100,False
2021-10-11,147.93028259277344,152.05819254045156,147.77049882242736,151.62321657967215,12154700,False
2021-10-12,146.79397583007812,147.97464984992072,146.2702221541923,147.14018749412315,13032600,False
2021-10-13,142.9235076904297,146.83837223897822,142.56842364856442,145.64882579858283,22753500,False
2021-10-14,145.11619567871094,145.59556052113143,142.089054582482,143.5893098167956,15176800,False
2021-10-15,147.9036407470703,148.4007638334521,145.71096220524572,146.78511380271135,14267400,False
2021-10-18,147.8503875732422,149.6790962604667,147.28224493696283,147.7882404112545,12672900,False
2021-10-19,149.64356994628906,149.71457591236566,147.87699515082716,148.60492144060018,8053900,False
2021-10-20,151.65867614746094,151.68530676822732,148.65817999457113,149.4038644672004,8185600,False
2021-10-21,150.4691619873047,152.09369792803645,149.74122207639823,151.58768893451537,8415200,False
2021-10-22,152.49317932128906,152.76837150680382,150.64671236084186,150.9396628134963,8817900,False
2021-10-25,151.7474822998047,153.54068785849694,151.33912346235658,153.31875694687224,10159200,False
2021-10-26,152.1558380126953,153.12346714829795,151.3923950825952,151.8007539480115,8015100,False
2021-10-27,148.98667907714844,151.53444191342504,148.551689561808,151.1971160983183,9847000,False
2021-10-28,151.2325897216797,151.36574284052512,149.10205854663167,149.40388131307253,7212900,False
2021-10-29,150.8153839111328,152.9015400943602,150.37152204624095,151.96054156249457,8140100,False
2021-11-01,150.73548889160156,152.98142879759922,150.03417957412736,152.72398133578608,7435500,False
2021-11-02,151.33023071289062,152.4132544993455,149.95425653709114,150.73545757534345,7173800,False
2021-11-03,151.38351440429688,151.91615401764597,150.15845142094682,151.02843035912286,8402700,False
2021-11-04,149.39500427246094,151.09055966282864,147.79711256915726,150.91301764530465,9574200,False
2021-11-05,149.1819610595703,150.9929113329834,148.61381846932426,149.9365180294975,7975600,False
2021-11-08,150.0785369873047,151.72970328582724,149.79447250297517,150.06966462846458,6413700,False
2021-11-09,148.9422607421875,149.55479217792714,147.89475342266925,148.56054610576243,7990300,False
2021-11-10,148.8002166748047,149.98089061827108,148.32972427834792,148.64930529722292,6999200,False
2021-11-11,148.79136657714844,149.74122387123737,148.16107680416025,148.71147469687327,5815300,False
2021-11-12,148.12557983398438,148.90678103886592,147.1135753392919,148.82687560975654,8113400,False
2021-11-15,147.85923767089844,148.9511338841438,147.3621146322042,148.4362661266297,6492500,False
2021-11-16,146.79397583007812,148.31198915432927,146.58091728851684,148.30310324910553,9706100,False
2021-11-17,146.00389099121094,146.9715063941235,145.04514794724378,146.6608112839994,9909600,False
2021-11-18,144.74334716796875,146.34125248380784,144.30835769306057,145.93289363536465,8122500,False
2021-11-19,142.85252380371094,143.90891737829318,141.54756862870832,143.18986320953485,12193600,False
2021-11-22,145.8974151611328,147.3443957759963,144.6901102247224,145.728745468124,14549900,False
2021-11-23,149.38613891601562,149.63470046131974,146.80285977133175,146.91826818364734,12354400,False
2021-11-24,148.21435546875,150.41590646025415,147.75273535025133,149.54594102375142,9629800,False
2021-11-26,143.74908447265625,144.38824658577076,140.98827691858202,143.93551239964296,13619300,False
2021-11-29,143.127685546875,146.2791073290915,141.8760054491083,144.97415243207675,12104400,False
2021-11-30,140.99713134765625,142.59503642723206,140.5177530509904,141.29008174104402,18922600,False
2021-12-01,140.1626739501953,144.93863109222534,140.08278207982204,142.92349479520567,12253400,False
2021-12-02,143.1099395751953,144.9208899117364,140.97052226797672,141.88487656937767,12969900,False
2021-12-03,140.51779174804688,143.66034152756737,139.54130371342652,143.3673910535043,12681800,False
2021-12-06,142.17784118652344,144.35276169757395,141.55643726130754,142.9323982580036,11186500,False
2021-12-07,144.31723022460938,145.04515652317295,143.06553671440145,143.7046987815039,9851600,False
2021-12-08,142.6660919189453,144.93866258504497,142.18671350137106,144.3971505477642,11705700,False
2021-12-09,142.4441680908203,142.8613858183416,140.8373766211828,141.72510042855387,11189600,False
2021-12-10,141.87603759765625,143.54494928804343,141.26350595059637,143.2076234232329,10405400,False
2021-12-13,140.1892852783203,141.84932379144144,139.62114281344142,141.59188995158678,12069000,False
2021-12-14,141.2635040283203,142.82589316599007,139.63896771775208,139.77212088026124,12563600,False
2021-12-15,140.2070770263672,141.90263246789226,139.68332331791328,141.90263246789226,14014200,False
2021-12-16,142.39974975585938,143.6514433164565,140.8817363989839,142.38199149061748,19542800,False
2021-12-17,139.15957641601562,141.48542195634934,137.75697120262674,141.43216069625447,28082000,False
2021-12-20,136.65618896484375,137.3308541025031,134.7919637708849,137.1621844316911,15148000,False
2021-12-21,138.56475830078125,139.53237366789037,137.67703479798337,137.9611128207598,11291300,False
2021-12-22,139.1063232421875,139.42590436692416,137.8102540192378,138.26298830195188,7273000,False
2021-12-23,139.60342407226562,141.25459069474886,139.5590487237726,139.91413278524888,8055200,False
2021-12-27,140.40237426757812,140.4378772531484,138.78671073958142,139.9052511960677,6188100,False
2021-12-28,140.82850646972656,142.1689645634819,140.33138329709124,140.43790582105865,6342300,False
2021-12-29,140.75747680664062,141.7073477289456,140.3935068151636,141.01492428181783,6398900,False
2021-12-30,140.68646240234375,142.24886494143172,140.58881224365075,141.2457327244573,6948200,False
2021-12-31,140.571044921875,141.40549377176825,140.2248332413656,140.65980915922302,5805900,False
2022-01-03,143.544921875,144.37938433363047,141.60080477363516,141.91151349183633,13120900,False
2022-01-04,148.98667907714844,149.65247189183447,145.79086814841963,145.86188767412355,20195800,False
2022-01-05,146.2628631591797,150.35300961220935,146.21820819782113,149.87077145916754,17539400,False
2022-01-06,147.8167724609375,149.4688970905359,146.3432404311652,149.0581041320163,14047500,False
2022-01-07,149.28135681152344,149.6117789932496,147.40595747210386,147.95071528960912,13913300,False
2022-01-10,149.42425537109375,151.20140571744204,147.82569762411396,150.9870836967746,12922500,False
2022-01-11,149.57611083984375,150.4959460928392,148.5223106617765,150.2637456734288,11854100,False
2022-01-12,150.42446899414062,151.45146506821953,149.29922381974978,150.442333705723,12568000,False
2022-01-13,150.23692321777344,151.6479356400798,149.9332912555357,150.33515869106003,13623400,False
2022-01-14,141.00286865234375,143.80702929088048,140.11874923339806,143.56590333538898,40158400,True
2022-01-18,135.0908660888672,139.11849249712148,134.43893369240988,139.11849249712148,32324800,False
2022-01-19,133.0011749267578,135.9482259220611,132.6618271194621,135.35882662442782,22380000,False
2022-01-20,131.8670196533203,134.5014995118015,131.59910344486124,133.05477106362076,14860800,False
2022-01-21,129.5629425048828,131.73303484956145,128.83957838998995,131.72410930711447,20705400,False
2022-01-24,129.44686889648438,129.92018165221654,124.6422961045713,127.06244040247944,28471400,False
2022-01-25,130.85787963867188,131.14366057271243,125.73179655529506,128.28590573944658,18915900,False
2022-01-26,132.09915161132812,134.46572790599552,130.34879187913316,132.8135899951292,20709100,False
2022-01-27,129.76832580566406,134.29606906724538,128.71453957917038,133.43874014209345,17536800,False
2022-01-28,130.9292755126953,131.06322675828747,126.96415512180928,128.7681091142028,14117000,False
2022-01-31,132.70648193359375,132.87614902364783,129.19680827581053,130.0630629473018,13985700,False
2022-02-01,134.98373413085938,135.2695150459539,132.43856428637088,132.7868512599023,14584900,False
2022-02-02,133.90316772460938,134.79621271290017,132.2331779570768,134.4032707377666,12441100,False
2022-02-03,132.7957763671875,135.43025614568413,132.42962468096954,133.95673748407293,12474900,False
2022-02-04,136.24290466308594,137.0823689070362,132.85827106175142,133.15297746399662,16654400,False
2022-02-07,136.69837951660156,137.18954327472105,134.7158188915654,136.87698575835253,12572300,False
2022-02-08,139.27032470703125,141.52972681281014,138.24332870505225,138.42193492799018,20411400,False
2022-02-09,139.85079956054688,140.59201463865574,139.1542258141269,139.841860392785,9131100,False
2022-02-10,139.27032470703125,142.0209041459754,138.61840586125626,139.9043924692594,16455600,False
2022-02-11,137.4574432373047,141.27074805076114,136.6090534689701,138.96669101162917,16830000,False
2022-02-14,136.18040466308594,137.24311651458467,134.2424991078371,136.394726691121,17026500,False
2022-02-15,138.17189025878906,139.26140598689534,137.39494565622124,137.98434485810958,9500000,False
2022-02-16,138.42196655273438,139.4043214434998,137.29673482704487,137.29673482704487,9076500,False
2022-02-17,135.23377990722656,137.28778586067935,134.5550707027151,136.63586691247866,11367500,False
2022-02-18,135.8678436279297,137.65393333705288,134.96587323046438,135.85891808502598,11733300,False
2022-02-22,135.62669372558594,136.8501742262607,134.32285609941718,134.492536772073,11333500,False
2022-02-23,132.7868194580078,136.90375609595887,132.14382617982338,136.74300096302238,11799000,False
2022-02-24,129.0896453857422,129.4825873292277,124.8298173191874,127.65184252532512,25655100,False
2022-02-25,132.14385986328125,134.07284018953146,129.4111445478189,129.71477655469602,18367700,False
2022-02-28,126.6337432861328,129.5450641507888,125.81214378371666,128.1965715370592,31315300,False
2022-03-01,121.85597229003906,125.454942099948,119.2929378210445,125.06200016878851,36840400,False
2022-03-02,124.38329315185548,125.06200237332357,121.99886489314264,122.6061288870693,19405600,False
2022-03-03,123.49916076660156,125.90145348554331,122.40071946591192,124.88338294731776,16640800,False
2022-03-04,120.02520751953124,120.9361169691792,118.23911804080738,120.50745930978422,21016000,False
2022-03-07,115.39031982421876,118.49811178399231,115.15811946469606,118.0337246917286,27560100,False
2022-03-08,114.57765197753906,117.69436964681232,113.65781009895336,115.7743287538605,19207800,False
2022-03-09,119.16790771484376,120.7753911803248,118.27486285921908,118.6856558618079,17536200,False
2022-03-10,117.75688934326172,119.17682732256186,116.38160632987554,117.75688934326172,15604200,False
2022-03-11,115.10455322265624,119.73945829730503,114.68482104188722,118.3195202185928,20061800,False
2022-03-14,116.24763488769533,118.70350798009756,115.40817063218913,115.6135807384728,15786900,False
2022-03-15,118.3105697631836,119.26613422771946,117.10496747479614,117.7033058478682,15096600,False
2022-03-16,123.59739685058594,123.677781240229,120.05200784760984,120.44494974619396,20354900,False
2022-03-17,125.16021728515624,125.195946706446,121.38264177726782,122.22210602941672,17050500,False
2022-03-18,125.11558532714844,125.78536894533065,123.65099236046132,125.19595609090248,23656500,False
2022-03-21,124.71371459960938,125.7049949818154,123.89211492836944,125.33885692986004,12676100,False
2022-03-22,127.3660659790039,128.53595267927403,126.56233097742758,127.05350842362844,13548600,False
2022-03-23,124.82982635498048,126.44623559031707,124.31185863078235,125.90147760683156,12093200,False
2022-03-24,125.64249420166016,125.66035891587627,124.2314815678408,125.29420722175936,10017600,False
2022-03-25,126.74093627929688,127.86616799831828,125.7407303068334,125.999707343709,8383500,False
2022-03-28,125.80323028564452,125.89254022606217,123.15088585128902,125.02628558578937,10818100,False
2022-03-29,126.08007049560548,128.24125111182605,125.24061974905736,128.0179898902712,11316500,False
2022-03-30,125.5084991455078,126.9195114404856,124.94589023725602,126.72304051164178,8771000,False
2022-03-31,121.73988342285156,125.33885316482775,121.68628928406396,124.8744660161518,17353900,False
2022-04-01,120.8379135131836,122.71331341335646,119.48942050516762,122.7043742424548,15721300,False
2022-04-04,121.37372589111328,122.2935609741684,118.6767266940052,119.77516801737328,17416400,False
2022-04-05,119.96125030517578,121.81455681141192,119.66435939964433,120.61801521489215,12110300,False
2022-04-06,118.29688262939452,119.25951644558292,117.82006157251608,118.37784913464786,12914700,False
2022-04-07,117.93699645996094,118.68371951851184,115.81378804281272,117.81104399995166,12994200,False
2022-04-08,120.09619903564452,120.46505098606252,118.29687033546264,118.45880332914052,13126900,False
2022-04-11,119.65535736083984,121.36471411773648,119.26850828352292,119.65535736083984,10466400,False
2022-04-12,118.3418426513672,121.07682996506873,117.58612789144514,118.88164675290496,12989900,False
2022-04-13,114.52729034423828,116.281633323876,113.36672234851824,114.20341058432128,30838000,False
2022-04-14,113.4656753540039,115.42694399903974,112.47603903374691,113.80754535125068,18835200,False
2022-04-18,115.57089233398438,116.2726294523978,112.94386712693904,113.06082102537644,11834400,False
2022-04-19,117.96399688720705,118.14394075729756,115.36396720676184,115.56189448162948,15015400,False
2022-04-20,118.37783813476562,120.11418376020698,118.1619137463642,119.22352482960204,13430200,False
2022-04-21,117.46017456054688,119.48441933462188,116.92038419079994,118.95362066631144,12174200,False
2022-04-22,114.0864486694336,117.42420987654418,113.97849332647044,117.20828546282758,14318800,False
2022-04-25,114.05045318603516,114.36534121775318,110.75768504496216,113.36671318273147,17149000,False
2022-04-26,110.6767120361328,113.7265806825748,110.5417678665557,112.1341708426179,17209500,False
2022-04-27,109.23724365234376,111.16252481086944,109.0573135280288,110.0559415049335,17215200,False
2022-04-28,110.96461486816406,111.24351552742804,108.98535573632448,110.4877937868324,13015600,False
2022-04-29,107.3839340209961,111.2075073894236,106.97008925655122,110.70369756555928,14874800,False
2022-05-02,108.36458587646484,108.5985005674857,106.35833789270694,107.85177738792764,18545000,False
2022-05-03,110.68572235107422,111.71133933209506,108.66147722581276,109.3362256008999,15720900,False
2022-05-04,114.34734344482422,114.61724550938509,110.42480612620244,110.47879065745136,17128500,False
2022-05-05,111.48640441894533,113.44767297323388,109.9030001075869,112.68295964978664,15055400,False
2022-05-06,111.30648040771484,111.81928883996808,109.02133201335472,111.3784552068824,14417900,False
2022-05-09,109.63311767578124,110.95562560295744,108.40957339376078,109.8580338031542,14312300,False
2022-05-10,106.96110534667967,111.36046393484136,105.76454998716216,110.75769040385856,16382400,False
2022-05-11,106.28634643554688,110.55975212521275,106.10641630996078,107.32996038285036,14630300,False
2022-05-12,106.19639587402344,106.44830082979968,103.79429336357748,105.26074399264364,16318800,False
2022-05-13,107.14102172851562,108.18463564562911,106.124403506964,107.42892090335586,10443200,False
2022-05-16,106.39431762695312,107.47391219955917,105.46766436041888,106.64622256963489,10269000,False
2022-05-17,109.92100524902344,110.63174100418398,108.68846245378626,108.89538830205638,11160200,False
2022-05-18,108.04067993164062,109.7320531684452,107.53687013202756,109.12927974906616,12664900,False
2022-05-19,106.43930053710938,107.64485448806896,105.82752842704669,106.33134519432458,12765800,False
2022-05-20,105.56661987304688,107.66283962146208,103.47939869073286,107.47391091670588,13150100,False
2022-05-23,112.0981903076172,113.87053039147747,108.364581427024,108.37357999351175,24376700,False
2022-05-24,113.6815948486328,114.6982131560294,110.7576855302295,111.88226603730767,19324900,False
2022-05-25,114.47329711914062,115.03109152196792,112.61099207292516,113.6096201128851,12780400,False
2022-05-26,116.45256805419922,117.127316388511,115.34598462970914,115.48992050790858,15990900,False
2022-05-27,118.09896087646484,118.09896087646484,116.1826711291145,117.1003327482698,11177800,False
2022-05-31,118.96263122558594,119.79032090596654,116.69548660324408,117.11831628240093,17015000,False
2022-06-01,116.87538146972656,119.53837985866656,115.75979290108135,119.53837985866656,10768000,False
2022-06-02,118.75569915771484,118.76469085958637,115.75981509981052,116.86639845272646,8374800,False
2022-06-03,117.10030364990234,118.54876366099852,116.94736237267942,118.0449538706672,8596000,False
2022-06-06,116.71344757080078,119.10655793987664,116.47054809011271,117.93699158652628,11323500,False
2022-06-07,117.01934814453124,117.24426423116766,115.71482385980929,115.9037594128108,6722200,False
2022-06-08,115.15703582763672,116.46154637856398,114.1674064237718,116.05670017004012,8422100,False
2022-06-09,112.73695373535156,115.24702532084513,112.70096633250232,114.59026723066329,13560100,False
2022-06-10,107.55490112304688,111.01860831365818,107.34797525369116,110.28987535105408,12945200,False
2022-06-13,104.35206604003906,106.11540734246348,103.51537791993977,105.13477649558172,16805600,False
2022-06-14,102.61570739746094,105.54861492408676,101.85999268354784,103.95621214040192,13357900,False
2022-06-15,103.83026123046876,105.21573822655722,101.81500823564306,104.01918991175354,14083500,False
2022-06-16,102.04894256591795,102.79566573403068,100.64546816909524,102.43579856810568,16724900,False
2022-06-17,101.68907165527344,103.12853340206972,100.9063679768972,102.14790244652868,30919900,False
2022-06-21,104.20812225341795,105.28771671693652,103.49738660044214,104.24410965072114,11680500,False
2022-06-22,103.62335205078124,104.54100677343308,102.91261630869728,103.35344996911569,9842700,False
2022-06-23,102.4897689819336,103.62334807194982,100.29459246666248,103.47040676802952,11851500,False
2022-06-24,105.5486297607422,105.99846197193934,101.5091384260824,101.86900556781907,14841100,False
2022-06-27,104.70294189453124,106.61023292073985,104.03719215092518,106.2143783826469,11280500,False
2022-06-28,104.19913482666016,107.32097152150932,104.001207552282,105.86351266245696,11590900,False
2022-06-29,103.7313003540039,105.09878712022906,103.2184919586827,104.36106264162848,9338400,False
2022-06-30,101.31120300292967,102.63371069565692,99.79976662036916,101.8150128424851,15172600,False
2022-07-01,102.60671997070312,102.93959138117172,100.00669059626648,101.34718853115356,10573600,False
2022-07-05,102.2164535522461,102.29813625751622,99.20314697860752,100.53734630362622,12514200,False
2022-07-06,101.55387878417967,102.55226212775857,100.5554954406008,101.40866278810402,10656200,False
2022-07-07,104.12245178222656,104.28582410524804,102.92439038827249,103.01515125114886,10347400,False
2022-07-08,103.79570770263672,104.96654153657856,103.11499084043402,104.52180845883026,8807800,False
2022-07-11,102.43427276611328,103.67771804588264,101.85339493787605,103.06053448780432,7939500,False
2022-07-12,102.53411865234376,104.5399636191522,101.88970748492108,102.18014641847228,11250900,False
2022-07-13,101.57202911376952,102.08937362009564,100.18336098400094,101.42680620165926,12979900,False
2022-07-14,98.02323150634766,98.23198773138412,96.26244161341393,98.01415334231731,26204800,False
2022-07-15,102.5159683227539,103.36005760475044,97.7237221764294,99.0760848153406,18863900,False
2022-07-18,101.463134765625,105.13900226695831,101.0093234500571,104.16784632862746,13977900,False
2022-07-19,103.97723388671876,104.32213487677056,102.2618278744,102.6793334034956,11862300,False
2022-07-20,103.9590835571289,104.140605290037,102.99700590841762,103.55972743519882,11667500,False
2022-07-21,104.66702270507812,104.8576225923545,102.89716166279044,103.86831742630903,11595900,False
2022-07-22,104.15874481201172,105.5111002004212,103.16943283084112,104.59439967054205,7645500,False
2022-07-25,104.57626342773438,105.70171336591828,104.16782915628804,105.13898493452132,9394000,False
2022-07-26,102.94253540039062,104.90300319303206,102.5885632030431,103.99538075375946,10675100,False
2022-07-27,104.59441375732422,105.04822500210126,102.83363083632408,103.4780419729543,9337400,False
2022-07-28,104.20413208007812,105.26605561755088,103.04237644296892,104.60348817706308,10384800,False
2022-07-29,104.70333099365234,105.73802007821718,104.18598645136994,104.91208028855732,12944500,False
2022-08-01,103.65955352783205,104.47641507318562,102.62486454525394,103.92276485492428,14740400,False
2022-08-02,102.04400634765624,103.83202392770303,101.89878341189517,103.3963620450305,14942900,False
2022-08-03,103.11499786376952,103.55973097180934,101.39051364380984,102.96977493279545,14394500,False
2022-08-04,101.98047637939452,102.85179324862284,100.76425848875998,102.42520951663784,18033900,False
2022-08-05,105.06639099121094,105.4566689745922,101.69911207627526,102.1347670335409,14174600,False
2022-08-08,103.78662872314452,105.91954015635945,103.6323345641644,105.51111281209212,10332500,False
2022-08-09,104.7214813232422,105.2751316009744,103.80478758600896,104.14968164237897,10233800,False
2022-08-10,107.45343017578124,108.3429032970684,106.64564668253766,107.063152213065,12847300,False
2022-08-11,109.041748046875,110.0038255173402,108.28841983811768,108.8239206228206,11684900,False
2022-08-12,110.8479461669922,110.95686337236488,108.40644607023346,109.52281799570704,9906700,False
2022-08-15,111.14745330810548,111.38343710291792,109.45927486177466,109.94939185502652,8456200,False
2022-08-16,112.2093734741211,112.76302378413506,110.61196277026788,110.99316257973668,9555000,False
2022-08-17,111.26543426513672,111.7827857159737,110.44857958922744,111.00222984487874,8149300,False
2022-08-18,110.40321350097656,111.15654192764482,109.4139081819101,110.9477856809423,9531800,False
2022-08-19,107.67125701904295,109.81324671950163,107.19929635562796,109.47743081896355,13464500,False
2022-08-22,105.89230346679688,106.3370434273426,104.830386923504,105.96491492051162,8967600,False
2022-08-23,104.84854888916016,106.4550446032187,104.721482292237,105.91047248431808,7607000,False
2022-08-24,105.10269165039062,105.65634194716718,103.87739569629184,104.6398022216113,9771300,False
2022-08-25,107.5986557006836,107.7710992758528,104.9937764983214,105.4294383676452,10758900,False
2022-08-26,104.07707977294922,108.90563163020596,104.01354646921996,108.4245927698828,11276200,False
2022-08-29,103.82292938232422,104.24951303305448,102.97884024406916,103.4689571880182,8117300,False
2022-08-30,103.84109497070312,104.90301164833748,102.8880885628096,104.37658892922276,10745400,False
2022-08-31,103.22390747070312,104.40381253734785,102.86992833363875,103.90462432920928,10738300,False
2022-09-01,103.93185424804688,104.0407645161226,101.57203713673448,102.82455369187618,9979800,False
2022-09-02,103.20575714111328,106.6002634672433,102.73379647194965,105.16622513135546,10666600,False
2022-09-06,103.23297882080078,104.14967946346589,101.71725094280312,103.7684796841988,9751900,False
2022-09-07,105.19345092773438,105.38405082502956,102.34351678313176,102.67933268210456,10647900,False
2022-09-08,107.64402770996094,107.8164782017892,104.04076525711028,104.63072127029264,11435000,False
2022-09-09,108.16136932373048,108.96008153820604,107.70755808354568,108.13414175725696,9299700,False
2022-09-12,109.44113159179688,110.32152659616844,108.72410892766553,109.47743732569587,8614600,False
2022-09-13,105.63818359375,107.93446744065152,105.08453330758675,107.16298969054854,12904600,False
2022-09-14,105.39311981201172,106.95422458601256,104.26766300510997,105.91953556244228,9345700,False
2022-09-15,106.98146057128906,108.35196548374964,105.06637664966534,105.39312128531932,10821400,False
2022-09-16,106.2644271850586,106.5548660622202,104.71239378604422,106.5457878997626,14844100,False
2022-09-19,107.24468231201172,107.76202688119582,104.83948120367457,105.28421430798112,8201300,False
2022-09-20,105.12991333007812,106.81809169379224,104.04984036495728,106.56395850778968,9619000,False
2022-09-21,102.09846496582033,105.82879442883322,102.03493166041228,105.77433928837232,12606300,False
2022-09-22,100.93670654296876,103.1059239606182,100.80963993542022,102.90624588458174,11684500,False
2022-09-23,99.05792236328124,100.1470666293607,97.26083363178914,99.88386218933628,18138600,False
2022-09-26,96.92501068115234,99.4845059353746,96.2624431883022,98.0232331100431,15753600,False
2022-09-27,96.07184600830078,98.17753005774316,94.98270171275183,97.79633024676208,12793600,False
2022-09-28,98.01414489746094,98.6857904856329,95.88123355837668,96.16259429758328,12762600,False
2022-09-29,96.35321807861328,97.3697509539966,94.75580037136837,97.07023383552364,12713900,False
2022-09-30,94.84656524658205,97.67835035733044,94.7558043681104,96.26245433965065,15973400,False
2022-10-03,97.77816009521484,98.34995969035784,94.81023109399344,95.86307635761948,12248100,False
2022-10-04,102.35259246826172,102.5522705382755,99.71141443432558,100.39213135049404,16013600,False
2022-10-05,101.08887481689452,101.60168868963162,99.66031789337548,100.5027998233193,10943500,False
2022-10-06,99.0284423828125,100.90571823117006,98.84529658683022,100.23722280136262,11521400,False
2022-10-07,97.05042266845705,98.6346537616268,96.4002391480227,98.46066039813904,11681100,False
2022-10-10,96.1438446044922,98.26836784175404,95.71344432592626,97.73724227236144,8931700,False
2022-10-11,93.369140625,95.73175886685507,93.26840835205988,95.57608425833438,12739700,False
2022-10-12,94.880126953125,95.90576156520449,92.7464442175861,93.22263446077322,13181000,False
2022-10-13,100.1548080444336,100.64015068566272,93.18600369948167,93.387468264497,22398700,False
2022-10-14,101.82146453857422,105.53021942862703,101.39106421861624,102.52658356155584,33387100,False
2022-10-17,106.09799194335938,107.15109786416711,104.68774678655254,105.68591035922664,22276300,False
2022-10-18,108.82688903808594,110.01735767004864,107.10529480386944,109.57780496566174,21539700,False
2022-10-19,106.69320678710938,108.81773002672348,105.92397912132704,108.04850236094116,17072000,False
2022-10-20,106.34523010253906,108.70784867549702,105.90567738316729,107.2884512437602,12207400,False
2022-10-21,111.93125915527344,112.07777438811137,106.5283745796984,106.64741864303946,20593300,False
2022-10-24,112.06861114501952,112.72794713650374,111.10708531290815,111.78473308790528,12624200,False
2022-10-25,112.3616714477539,112.88364471611654,110.70417873334304,111.58329123866088,11289100,False
2022-10-26,113.6528549194336,114.65101135359498,112.52648804820234,112.6363797143062,11667000,False
2022-10-27,114.10157012939452,115.56675745152576,113.74443093795516,114.6510145018732,10727600,False
2022-10-28,115.4568862915039,115.6400321082591,113.59792900383482,114.73344843816022,11859500,False
2022-10-31,115.27371978759766,116.69312415172828,115.00815349427032,115.10888577748293,13295200,False
2022-11-01,117.35246276855467,117.47151383290596,115.68581773328512,116.18031980392584,13386900,False
2022-11-02,116.27189636230467,119.37626474784432,115.96969947854578,116.8946019167632,16546100,False
2022-11-03,116.48250579833984,117.37993001810509,115.3012034867295,115.66749509431108,12474400,False
2022-11-04,119.66929626464844,119.80666610740136,117.63635952858074,118.57957376167082,14953200,False
2022-11-07,120.30117797851562,121.1436600335958,119.4861671011889,119.9623574708019,12011200,False
2022-11-08,120.37439727783205,120.93300098657986,119.17477635571636,120.1820991003853,9884100,False
2022-11-09,118.80850219726562,120.35609613435624,118.33231192339888,120.25537781826624,9494000,False
2022-11-10,123.6985855102539,123.85426016788507,121.3634376995233,121.45501760313292,16351600,False
2022-11-11,123.90000915527344,124.69670095537148,122.50807612477732,123.79927688386005,10704700,False
2022-11-14,122.6271743774414,124.29381972334215,122.6271743774414,123.44218526061351,11085600,False
2022-11-15,121.7388687133789,124.27548057036492,120.5117765269862,123.3322524866228,14038300,False
2022-11-16,121.90371704101562,122.30664624085016,120.90556041523608,121.79383234038106,7893400,False
2022-11-17,121.37257385253906,121.69308949913398,120.21874267643068,120.87807876938678,8820200,False
2022-11-18,122.56301879882812,123.32308703557402,121.13446219892091,123.23152113511634,9468500,False
2022-11-21,121.83963012695312,123.2223972670264,121.56490438456504,122.47149514250616,7800500,False
2022-11-22,123.66190338134766,123.87253428909428,122.42565896705366,122.70953700352575,9185700,False
2022-11-23,124.98059844970705,124.99891722184935,123.4970992881457,123.570360403586,7316200,False
2022-11-25,125.21869659423828,125.58498818668618,124.59598411932258,124.98059448333144,3220500,False
2022-11-28,123.03006744384766,125.19122130367973,122.8835452224388,124.60514639117244,9906900,False
2022-11-29,125.0538558959961,125.12711700928688,123.0850141288976,123.31394986800804,7925300,False
2022-11-30,126.5373764038086,126.5373764038086,121.96782722153316,124.62347665487192,14761200,False
2022-12-01,124.7608413696289,126.97693793082382,124.0190777426307,126.53737119487,8858500,False
2022-12-02,123.77182006835938,123.94581346398752,122.10516119774076,123.15827397065328,8931900,False
2022-12-05,120.30117797851562,123.23156735478138,119.59606578533474,122.92937042636152,10154500,False
2022-12-06,120.50260162353516,123.72602045750442,118.92752275995514,122.1509415939244,13966700,False
2022-12-07,120.42020416259766,121.8670797753192,119.34878653237514,120.24621075738447,11739400,False
2022-12-08,121.68392181396484,121.77548772068307,120.35608342183583,121.18026042106706,8907300,False
2022-12-09,121.02458953857422,122.4897698494312,120.87806731555004,121.06121310776614,7957800,False
2022-12-12,122.90187072753906,123.30478589879807,120.51178100571892,121.24436420664723,8841600,False
2022-12-13,122.78282928466795,125.53921082280596,121.8670862386664,125.35606500823162,10025400,False
2022-12-14,122.1692886352539,124.2755005307564,121.57404724460616,122.508109106167,9966100,False
2022-12-15,119.13819122314452,120.95135877534946,118.17665810633842,120.09971036681888,12087800,False
2022-12-16,118.39640808105467,118.95501187828005,117.6088685304276,118.2682046180749,21133700,False
2022-12-19,119.10153198242188,120.26452950136444,118.21326015727044,118.72607400001164,9017200,False
2022-12-20,119.678466796875,120.92387795954342,119.22974765196405,119.93487374450108,8549900,False
2022-12-21,121.02458953857422,121.77549147859868,120.66745035315796,121.04289433660604,8051700,False
2022-12-22,119.6509780883789,120.23705302180252,117.59055643559029,120.05390722506924,8648200,False
2022-12-23,120.21875762939452,120.36527988452708,118.7169394471141,119.57774022960372,5091900,False
2022-12-27,120.63996887207033,121.0795215304467,119.5502326377995,120.4842942633355,5411000,False
2022-12-28,121.29933166503906,122.16928477590164,119.97149305184182,120.74072784048434,8827700,False
2022-12-29,121.99527740478516,122.041067347094,121.16194796340132,121.729704123271,6585200,False
2022-12-30,122.8011245727539,123.01174152057808,121.2809880535612,121.61980844438187,9292500,False
2023-01-03,123.73516845703124,125.21868136420498,122.60880867277815,123.84506709990178,11054800,False
2023-01-04,124.88903045654295,126.0794851365286,124.14728088810833,124.53189125792152,11687600,False
2023-01-05,124.8613510131836,125.19345415723286,123.33920573781508,125.1473259834928,8381300,False
2023-01-06,127.25065612792967,127.65656158230011,124.06800883538918,125.58092020764188,10029100,False
2023-01-09,126.72479248046876,128.11778717358982,126.27277302224822,127.85948631850928,8482300,False
2023-01-10,127.8595199584961,127.97021633227186,126.66947763502836,127.11227720647598,9048700,False
2023-01-11,128.80967712402344,128.92037347696242,127.39824231868354,128.13623677339942,8703700,False
2023-01-12,128.68055725097656,129.94438783502113,128.43147632136026,129.15103093905597,11001700,False
2023-01-13,131.927734375,132.37054791484914,124.35395902005588,125.09196751012998,20200000,False
2023-01-17,129.88902282714844,130.5716691791465,128.44067969679156,130.23034600314747,14292900,False
2023-01-18,125.98683166503906,129.82445142479642,125.8392271152633,128.15471542494893,13392600,False
2023-01-19,124.307861328125,125.3687391152298,123.23774945896278,124.83369725699328,13303400,False
2023-01-20,124.61228942871094,124.9905208050586,123.20085436706673,124.68609170285276,13092500,False
2023-01-23,126.63257598876952,127.26910825273292,124.3724360086998,124.64917692664584,10487100,False
2023-01-24,127.72110748291016,129.41851719919742,124.53846074578614,125.84841916224752,6945000,False
2023-01-25,128.3391876220703,128.3391876220703,126.61410379069925,127.35211231112284,8967000,False
2023-01-26,129.13255310058594,129.2063553652818,127.63809595043652,128.6159513240574,7487600,False
2023-01-27,129.44618225097656,130.31332696166277,128.9203465317357,129.7137030734461,7489900,False
2023-01-30,128.34841918945312,129.23401813554992,128.14546649840148,128.44066145498658,6729300,False
2023-01-31,129.11410522460938,129.21558157284034,127.53661182508124,129.04030296441033,9188700,False
2023-02-01,128.77276611328125,129.96280818647722,127.41667951434164,127.49971585355507,8841800,False
2023-02-02,128.1731719970703,129.57538709442915,127.30601284576082,129.15102752468488,11822100,False
2023-02-03,130.15650939941406,131.30042314819477,127.4258965590649,127.47201064804544,11501200,False
2023-02-06,130.92222595214844,131.21743502591008,129.17868782973096,129.36318646266028,8406200,False
2023-02-07,132.51815795898438,133.1546901998994,130.23956397477656,130.42407668185118,10447900,False
2023-02-08,131.58641052246094,132.87791481564662,131.25430740759305,131.59563052586188,6958000,False
2023-02-09,129.53846740722656,132.23218690992869,129.03108560033974,132.02923418717396,6443100,False
2023-02-10,130.11041259765625,130.33181939876073,127.8502727155443,128.9480585636298,6582900,False
2023-02-13,131.52183532714844,131.66942575539255,129.83364575635736,130.35024744606255,7134600,False
2023-02-14,132.10301208496094,132.66574197126275,130.6270091910982,131.45725993912467,9249400,False
2023-02-15,132.6565399169922,132.73956218775996,130.35027188671188,130.63624687025177,6728300,False
2023-02-16,130.82997131347656,132.27830022529912,130.70080679865134,131.83550073283425,8165300,False
2023-02-17,131.21742248535156,131.76169832719637,129.21558365288175,130.05505446393278,7948800,False
2023-02-21,128.80967712402344,130.3871564587718,127.99786633222568,129.7875324452297,9996300,False
2023-02-22,127.82260131835938,128.625178115217,126.78939771078694,128.15470448884244,11107500,False
2023-02-23,128.8466033935547,129.30785708111364,127.25066957597744,127.9794442087286,8068000,False
2023-02-24,130.00894165039062,130.40562709266814,128.16392712676847,128.3299857535932,9126900,False
2023-02-27,131.1436004638672,132.20447789923145,130.73769512556922,131.0974722979079,10014700,False
2023-02-28,132.2414093017578,132.6196265458736,130.90376263556865,131.8631779812996,11019800,False
2023-03-01,131.50340270996094,132.34288763092906,130.81152231767038,131.0882772898551,7139200,False
2023-03-02,130.13807678222656,131.39267286158722,128.72662804026476,131.21740834556397,11106800,False
2023-03-03,132.52737426757812,132.6011765252421,130.1473042441955,130.54397554325527,9513100,False
2023-03-06,131.7524871826172,132.87793303450798,131.60488264991764,132.3244371513992,9261300,False
2023-03-07,127.8779296875,131.28198313844652,127.13070118877344,131.00522819320005,11747600,False
2023-03-08,127.12147521972656,127.85024960087924,126.28199041986596,127.30597381578568,10002500,False
2023-03-09,120.23957824707033,126.70636236099288,119.2063747461258,126.16207244585634,25888100,True
2023-03-10,123.29305267333984,124.77828947933573,117.91484231032793,118.96650674628522,37599700,False
2023-03-13,121.07906341552734,123.50526172401648,119.38165363815746,121.04216932312453,42901100,False
2023-03-14,124.1878890991211,125.02737385598395,121.11593906870476,124.79674710363744,29648100,False
2023-03-15,118.32077026367188,120.83922509421076,116.90934238977314,120.82999101320628,34280600,False
2023-03-16,120.61780548095705,121.72481120547572,116.2543437231682,118.0901309142938,24558500,False
2023-03-17,116.06063079833984,118.52372338026191,115.72852763693784,118.43148110430432,38396000,False
2023-03-20,117.28755950927734,119.43700287665555,116.2451289544415,117.14918202793817,22875500,False
2023-03-21,120.43331909179688,121.52187084305194,120.10121593311274,120.47021318660936,17807800,False
2023-03-22,117.32447052001952,120.53479879711034,117.23222120408217,120.44254244300132,17250200,False
2023-03-23,117.01081848144533,119.49236528429716,116.2543628032985,117.98868097137064,16677600,False
2023-03-24,115.23038482666016,115.9407123176095,113.56986894913054,115.89458413950018,22311100,False
2023-03-27,118.532958984375,119.35398985556544,116.5034388565988,116.96469247134272,18853900,False
2023-03-28,118.89273834228516,119.31708379259778,117.84107360696268,118.73591379966147,10820500,False
2023-03-29,119.13257598876952,120.12888542669916,117.86873862557152,120.01818907015443,14595300,False
2023-03-30,118.7728042602539,120.036634643875,117.7580477285773,119.87981010605174,12134700,False
2023-03-31,120.2119140625,120.23958815310226,118.86506139871328,119.61228999766035,13105200,False
2023-04-03,120.07353973388672,121.25434781594711,119.38165933847588,119.84291293541644,11775400,False
2023-04-04,118.4683609008789,120.47019963237194,117.5366337910067,120.38717737112756,11579900,False
2023-04-05,118.64502716064452,119.14708434890063,117.57581658451342,117.89193428485298,9614700,False
2023-04-06,118.5148696899414,119.08201601577716,117.94772336410566,118.0778873969131,8760200,False
2023-04-10,118.90535736083984,119.22146797348508,117.35268138916052,117.65020018070032,9477300,False
2023-04-11,119.49110412597656,119.8815962149106,118.5799488250562,119.28655862413277,10516300,False
2023-04-12,119.47249603271484,121.26690103116188,119.06340506045576,120.10471721761408,11821000,False
2023-04-13,119.92808532714844,119.97456133339055,117.9198281563234,119.43532049173513,12450200,False
2023-04-14,128.9838409423828,129.3464418274923,125.42290702614449,125.65534385472282,43931300,False
2023-04-17,130.00653076171875,130.22036860936103,127.98898138025828,130.11809586712968,16050500,False
2023-04-18,131.4662322998047,131.81954073230335,129.26273624552854,130.41562773954573,13760100,False
2023-04-19,131.2989044189453,131.55923250733605,130.53650488378904,131.30819678395326,9158100,False
2023-04-20,130.9176788330078,131.49411745979074,130.01582306650377,130.0809121691736,10586200,False
2023-04-21,130.66661071777344,131.1965732102885,129.03026143588656,129.92282461761334,11842500,False
2023-04-24,130.8433074951172,131.18732357463173,130.20177971600685,130.59228598862495,7567500,False
2023-04-25,127.99829864501952,130.1274277329189,127.96111499825328,129.79271816475563,10629300,False
2023-04-26,125.7297134399414,128.12846298620772,124.58612832390384,127.95180874332046,14416100,False
2023-04-27,127.4218521118164,128.22143524314188,126.12950411678274,126.44561474881895,9041100,False
2023-04-28,128.52822875976562,128.60261022124138,126.13877219035167,126.96624644240126,9887300,False
2023-05-01,131.28028869628906,133.29783821644935,130.93628680641368,132.26581836000824,20415800,False
2023-05-02,129.16046142578125,132.40528381144946,128.70488025365032,131.46623018999736,14113400,False
2023-05-03,126.4270248413086,128.92804716935956,126.22247931498954,128.7142092779594,12930900,False
2023-05-04,124.69768524169922,126.18528638056492,122.5499715602386,125.47868364235244,17089200,False
2023-05-05,127.13361358642578,128.1935246297932,126.36192185155446,126.85468664094724,11261400,False
2023-05-08,127.4404525756836,128.27721936166637,126.89189095834956,127.8309446882633,7484900,False
2023-05-09,126.82677459716795,127.32883166736636,125.71108118476263,126.38048588275667,7343600,False
2023-05-10,126.89186096191406,128.36086285920314,125.39496779080662,128.2585901262649,8133400,False
2023-05-11,126.49207305908205,127.19867562083736,125.42285557415391,125.51583594216936,7057300,False
2023-05-12,124.67908477783205,127.36605317835334,123.77722900657062,127.20799788265374,9988600,False
2023-05-15,125.7297134399414,126.13880448940311,124.54894467705132,124.83716404731295,7639500,False
2023-05-16,124.8836441040039,126.38982994850537,124.54893456224627,125.94355528843374,6477200,False
2023-05-17,128.72348022460938,128.85364424817092,125.94354553851306,126.35262233626756,12711500,False
2023-05-18,129.69970703125,129.91354486981814,128.08194213737082,128.55612218887362,10999600,False
2023-05-19,129.40220642089844,130.62018715038363,128.42598322593338,129.96935277131868,13492200,False
2023-05-22,128.3329620361328,131.68934887505054,127.98896022676163,131.0943114331809,11402500,False
2023-05-23,126.99414825439452,129.26273336379373,126.87329078292989,127.87740512913554,9514900,False
2023-05-24,125.83195495605467,126.77100850099497,125.59022584449684,125.88773750589009,8578000,False
2023-05-25,126.13875579833984,126.69660959350702,125.12533511770374,125.34847947313288,8472500,False
2023-05-26,127.31954193115234,127.93317828601222,126.10157576993184,126.54785030673372,8579900,False
2023-05-30,127.80303192138672,128.04476103992013,126.46419393944916,127.18939548186306,7399900,False
2023-05-31,126.17601013183594,127.2266149155367,124.9580292730815,127.12434214684184,14219900,False
2023-06-01,127.9145965576172,128.5189264451528,125.9342308676582,126.92906698751236,12248100,False
2023-06-02,130.60154724121094,131.54058649622343,129.55092871196666,129.75547416344452,12922500,False
2023-06-05,129.3185272216797,130.26687328356348,128.42597790551957,130.26687328356348,8511900,False
2023-06-06,129.55096435546875,130.25758126837246,128.50035972398217,128.9373278322047,9329500,False
2023-06-07,130.80613708496094,131.34539216852002,129.07680670900132,129.74622583432867,9281400,False
2023-06-08,130.8433074951172,130.99207043832266,129.6811236016028,130.7875249381189,7368100,False
2023-06-09,131.1036376953125,131.83814587263618,130.3598513407576,130.49001537148624,7249100,False
2023-06-12,131.09432983398438,131.39185569008666,129.94143842180847,131.15941893506186,7596600,False
2023-06-13,132.04269409179688,132.83297065646826,130.29476491165087,130.61087553751943,7701600,False
2023-06-14,131.5499267578125,133.5209861370307,130.81541857922923,132.95383981928003,9068700,False
2023-06-15,133.03750610351562,133.32572542805949,130.1924823122168,130.71313840646567,9343100,False
2023-06-16,133.19557189941406,133.85569861958822,132.48896917108857,133.0003329420945,13813500,False
2023-06-20,132.51687622070312,132.95385856912745,131.1315476919943,132.59125770413888,8428600,False
2023-06-21,132.3216094970703,133.90217667494477,131.7358643045841,132.8608503119899,9926500,False
2023-06-22,129.77410888671875,132.58194925175235,129.18836364249506,132.312314633662,10075200,False
2023-06-23,129.0953826904297,129.4021867304495,127.95178361219068,128.80714918996347,9919500,False
2023-06-26,129.41148376464844,130.1738689072679,128.0168633016688,129.11395792287587,8429700,False
2023-06-27,129.42079162597656,130.0158291939676,128.80715514394416,129.2348450460071,8154000,False
2023-06-28,128.85365295410156,129.43010582894863,128.26792190190724,129.3836156345039,7558600,False
2023-06-29,133.35360717773438,133.47447882912567,130.02512535776643,130.2296708354378,15423200,False
2023-06-30,135.22239685058594,135.74305286566013,133.5674484368948,134.44141282797466,14212800,False
2023-07-03,136.31021118164062,137.11908654933129,135.7430649319183,135.91971913562398,8021600,False
2023-07-05,135.40216064453125,136.14169879641477,135.14004477164264,135.68300316098157,8934900,False
2023-07-06,134.06350708007812,134.2320040302401,132.40654898226205,133.8856396654107,9709500,False
2023-07-07,135.121337890625,136.52553639400776,133.86692398915542,134.71880784275996,8981500,False
2023-07-10,135.87957763671875,136.6659395090326,135.2710974449543,135.2710974449543,9100100,False
2023-07-11,138.0045928955078,138.3790543072135,136.40381499872336,136.99356851026602,11260900,False
2023-07-12,138.68797302246094,140.29812147148584,137.61142675811843,138.03268337093755,11323200,False
2023-07-13,139.36196899414062,139.83003500329323,138.3135057045959,139.20282826513767,11234900,False
2023-07-14,140.20452880859375,143.1252568102743,138.93138839786866,141.870843043834,27028400,False
2023-07-17,143.58395385742188,143.93031818225228,140.7474745833013,140.7474745833013,17262400,False
2023-07-18,143.84608459472656,144.5388133160355,143.05973693495963,143.58396870813758,13491700,False
2023-07-19,144.39837646484375,145.2970695661583,142.49802944405877,142.9941783144563,12510000,False
2023-07-20,146.1770477294922,146.58894821231368,144.5481867273733,144.6605180284174,9935900,False
2023-07-21,145.05369567871094,146.1676953908266,144.8103064253035,145.84941384000646,10636400,False
2023-07-24,147.90890502929688,148.64844326937535,144.84774837498787,145.07242527179113,14381400,False
2023-07-25,146.8042755126953,147.64678887686114,145.99920115581102,147.25361502130073,9944700,False
2023-07-26,147.6842041015625,148.14291400130324,146.29873250733112,146.70127676307158,8728600,False
2023-07-27,146.0553436279297,148.6390632476469,145.6153603699145,147.69357490821167,10778400,False
2023-07-28,146.88851928710938,147.53445284492707,146.4485359733566,147.234883659289,9103800,False
2023-07-31,147.8714599609375,149.20076607298495,147.11318082189925,147.14126364731788,8892700,False
2023-08-01,147.14125061035156,147.9088858617673,146.17703559842258,147.3752836576012,6853900,False
2023-08-02,145.47496032714844,145.74644670568168,144.10821510612257,145.62474493018428,8299400,False
2023-08-03,146.3643035888672,146.89789161861475,144.4920388255136,145.10051915990488,6084000,False
2023-08-04,146.0553436279297,147.72165773027706,145.7557744802414,146.41106413550557,6209400,False
2023-08-07,146.74807739257812,147.6280439392386,146.5983070977639,146.5983070977639,7251800,False
2023-08-08,145.92430114746094,146.01790580284208,142.84441801525406,144.46393710846394,8623400,False
2023-08-09,143.9677734375,145.58729252584976,143.66821854323672,145.40006893140463,6277800,False
2023-08-10,143.75245666503906,145.51238975141104,143.31247339344608,144.520091916497,5995100,False
2023-08-11,144.5856475830078,144.65118370801733,142.8818940279704,143.25634127753443,5180700,False
2023-08-14,144.8852081298828,145.02562226899528,143.15335756484984,143.7992911732594,5044300,False
2023-08-15,141.1968231201172,143.48098800077395,140.63513807973655,143.0878141862051,10300300,False
2023-08-16,140.59768676757812,141.31851250663752,140.12025023977912,140.98150436876168,6978200,False
2023-08-17,139.13734436035156,141.599362526,138.9220236528226,141.24364197541,9953900,False
2023-08-18,139.45562744140625,139.95177640901298,138.0233461901272,138.21992597052116,8517500,False
2023-08-21,139.9330596923828,140.5134714627281,138.56631446042414,140.09220047778916,8327000,False
2023-08-22,137.03102111816406,140.0828066162515,136.5348722488115,139.72707184794504,9673300,False
2023-08-23,137.957763671875,138.16371384775138,136.16976246747953,137.0029193483466,7858000,False
2023-08-24,137.82675170898438,139.86752750903037,137.60208910349877,138.0795114244007,6534000,False
2023-08-25,137.6582489013672,139.1279690919885,136.53489306897146,137.8735553172173,6695500,False
2023-08-28,138.13563537597656,139.11857683098495,137.73310547316552,138.14500583787307,5094100,False
2023-08-29,139.259033203125,139.3432959645767,137.7799424826576,138.27610573389072,6337000,False
2023-08-30,138.69737243652344,139.6241343213218,137.78932291407224,139.12798531844592,6277300,False
2023-08-31,136.9842071533203,138.87519792928472,136.63784285929776,138.7909351871848,10933900,False
2023-09-01,137.44296264648438,138.62248430088263,136.39448466943944,136.75957572562794,7903500,False
2023-09-05,135.92637634277344,138.74414307002488,135.74850896054588,137.7612015206172,7854700,False
2023-09-06,135.70172119140625,136.2446652620402,134.90600315934276,135.45831769328464,8629200,False
2023-09-07,134.54092407226562,135.9919318730385,134.2319987249338,134.92474171145767,8373700,False
2023-09-08,134.64389038085938,134.9153624223818,133.53924700348213,134.2132633018919,7107900,False
2023-09-11,135.23370361328125,135.78601834526972,134.51287760799664,135.5051757459415,6854200,False
2023-09-12,136.9936065673828,137.91102656774115,134.84986974127222,135.27112644775508,8363200,False
2023-09-13,137.05911254882812,138.26671674641662,136.5067980043591,137.92970859849189,8325900,False
2023-09-14,139.7177276611328,140.32620786354758,138.09822299168405,138.39777786104037,10034900,False
2023-09-15,139.30584716796875,140.16708718154675,138.83778101161687,139.40882229373597,19863400,False
2023-09-18,139.59605407714844,139.61478072408826,138.31355730457247,138.6973750034845,6512400,False
2023-09-19,139.41818237304688,140.15773491994022,137.80804789167848,139.95178466264682,7943400,False
2023-09-20,138.8284149169922,140.65386993955852,138.67863032943688,140.09218487834835,7332000,False
2023-09-21,137.7425079345703,139.3433004745327,137.2650855973688,138.15440843768323,8052400,False
2023-09-22,136.42251586914062,138.08882972925824,135.91701086120517,137.88287954122202,7071700,False
2023-09-25,137.09658813476562,137.1621242596877,134.52222401576978,136.06685105771544,7044700,False
2023-09-26,135.67364501953125,136.52552882591283,135.0183552777935,135.36473393604743,7468400,False
2023-09-27,136.4693603515625,136.75955906802622,135.28046837627247,135.91704574382544,6717800,False
2023-09-28,138.1637725830078,139.3620208697306,136.68468172940547,136.9374414680217,8868100,False
2023-09-29,135.75791931152344,139.2590452079911,135.6081347051916,139.1092748859055,11917800,False
2023-10-02,134.5877227783203,136.31955867978297,133.520532702074,135.58002056869492,9170600,False
2023-10-03,133.59542846679688,134.41921506435102,133.25842031372002,134.0541240888714,9431100,False
2023-10-04,134.19454956054688,134.30688084770995,132.86522933598312,134.04476498816743,8128700,False
2023-10-05,134.76039123535156,134.94901072046437,132.8083061933225,133.9493763741643,8576200,False
2023-10-06,136.83505249023438,137.57062223122574,134.04364892699462,134.76979345220388,10270600,False
2023-10-09,136.5238800048828,137.11798531189535,135.32621539355333,135.47710521963256,6964900,False
2023-10-10,137.35372924804688,138.40994351775856,137.00480915687686,137.13683414188532,11288800,False
2023-10-11,137.82528686523438,138.84377176702316,136.75966147632005,138.1647818324973,8698200,False
2023-10-12,137.504638671875,138.5891431366781,136.86337847882652,137.96673338014548,10484400,False
2023-10-13,139.5698699951172,144.38880324418298,139.41898019566213,140.04138982618178,29427000,False
2023-10-16,139.4284210205078,141.00329554327354,138.3627815883004,140.9372758593186,12663500,False
2023-10-17,139.12664794921875,140.80525749010098,138.42879338011554,139.1643775960049,11482700,False
2023-10-18,137.59893798828125,139.07950296279404,137.0896884480104,138.24019813274663,9620300,False
2023-10-19,137.0142364501953,138.64570554852048,136.6276010958682,137.1934163017745,11143600,False
2023-10-20,134.8075408935547,136.87280042471613,134.02481610747344,136.33527520394097,13332900,False
2023-10-23,132.96861267089844,135.49595244442185,132.71398789413,134.7981121972243,10133400,False
2023-10-24,133.12892150878906,133.6570214733008,132.36506160371712,133.14778633313443,8881400,False
2023-10-25,132.40281677246094,133.13838685755746,131.5635117066637,132.56314624325685,8242600,False
2023-10-26,132.74227905273438,133.6004487370822,131.48803437322115,131.7992392386323,9109400,False
2023-10-27,127.96107482910156,131.17684405250557,127.4895549214932,131.03537944643568,17434700,False
2023-10-30,129.59254455566406,130.17722470352462,128.29114485659662,128.6683694597706,9855500,False
2023-10-31,131.13909912109375,131.3088537506683,129.63966944313077,129.86600415268222,9672500,False
2023-11-01,131.02593994140625,132.52536963058716,130.5827101254128,131.3182799499032,9432000,False
2023-11-02,133.3646697998047,133.42124987825363,131.29941059855653,132.1104252988265,10186200,False
2023-11-03,134.85470581054688,135.58085056324327,133.77021568051663,134.0908457932642,9538700,False
2023-11-06,135.8731689453125,135.9769038934277,134.6566396092663,135.01499931905428,7625100,False
2023-11-07,135.80714416503906,136.0429040937685,134.68493899158793,135.33562430758016,6297900,False
2023-11-08,136.47671508789062,136.58987525429612,135.4393655970245,135.90146025925483,7618200,False
2023-11-09,136.07119750976562,137.3537321294573,135.5148075176755,137.15570184261244,7992500,False
2023-11-10,138.0893096923828,138.136464559863,135.87317481726728,136.68418961313236,7983300,False
2023-11-13,137.47633361816406,137.91956345188186,136.89165357778936,137.40088871139884,6676300,False
2023-11-14,139.9848175048828,140.7486773711874,138.17418298003085,138.32505839820212,9927700,False
2023-11-15,141.2107696533203,141.6068445999882,140.00367999024377,140.00367999024377,8365300,False
2023-11-16,142.82339477539062,142.89883969668293,141.54085989271647,141.54085989271647,8126200,False
2023-11-17,144.11534118652344,144.15305644499725,142.90823707069305,143.53064675784515,7812400,False
2023-11-20,144.55856323242188,144.99236786773022,143.26660332342516,143.41749314350156,7019000,False
2023-11-21,144.25680541992188,144.87921516759508,143.87959523992686,144.47370055393674,7083500,False
2023-11-22,144.5962677001953,145.1149423728502,144.19075317806775,144.67171259709446,5174500,False
2023-11-24,144.79432678222656,145.6430712490366,144.54914161073685,144.84148165087916,3496900,False
2023-11-27,144.46424865722656,144.78487868997536,144.01159364689627,144.69056896757002,6259100,False
2023-11-28,144.79432678222656,145.10553164775902,144.02104161697716,144.492561524212,6582700,False
2023-11-29,145.52992248535156,146.76530243681577,145.22814281403222,145.3884578683031,9126100,False
2023-11-30,147.1896514892578,147.2368063564752,145.5864867313831,146.08629666666795,9869800,False
2023-12-01,147.9063720703125,148.86827678185622,146.94448174841548,146.94448174841548,8916000,False
2023-12-04,148.99085998535156,149.04744006979425,147.0010454744615,147.1330704680428,9607500,False
2023-12-05,148.9719696044922,149.4717794508536,148.02892998650574,148.30240514427905,9135600,False
2023-12-06,147.40652465820312,150.15077347960937,147.11418467049566,149.7924138097006,9366000,False
2023-12-07,147.85919189453125,148.34957657978003,147.25564704716516,147.76489655598155,8130900,False
2023-12-08,149.4906768798828,149.73586205376884,148.038387493204,148.30243749266455,7369400,False
2023-12-11,150.03762817382812,150.2262332436277,149.1417289104025,149.49066339865834,8093900,False
2023-12-12,151.3767547607422,151.4993401514318,149.83017004353027,150.16022534418147,10223000,False
2023-12-13,151.88600158691406,152.800751426603,150.66948646661925,151.3767663804212,12379100,False
2023-12-14,154.64907836914062,155.4506534429621,152.49894910461222,152.61210925864745,13643000,False
2023-12-15,155.81845092773438,155.8656057922749,153.14022154170772,153.79092125929148,20309300,False
2023-12-18,156.76148986816406,157.61023425667324,156.19567466546889,156.46914985499157,8469600,False
2023-12-19,158.85504150390625,158.87390632782794,156.12023201068527,156.5445970162341,10345700,False
2023-12-20,157.06329345703125,159.760388064777,156.9689837140342,158.42127317416848,10734700,False
2023-12-21,157.9591827392578,158.51557282494355,156.2428432197769,157.33677295375506,7601700,False
2023-12-22,157.8648681640625,158.64759298134297,157.7045531132431,157.95917790673107,6576300,False
2023-12-26,158.7984619140625,159.15682162146308,157.65737749239696,157.92144185918576,4683600,False
2023-12-27,159.7509307861328,159.8169504768574,158.03460589267718,158.27979105184372,6428600,False
2023-12-28,160.59967041015625,160.93916529174086,159.373715871676,159.70378553614376,6320100,False
2023-12-29,160.41104125976562,160.9674311686695,159.96781149785446,160.31673154417683,6435100,False
2024-01-02,162.2782745361328,162.36314465626333,159.28884039116926,159.4585806314303,9977400,False
2024-01-03,161.5709991455078,162.24054929758722,160.6656746705868,162.07080905271448,9852300,False
2024-01-04,162.64321899414062,164.4839997839759,161.81770540051127,161.91259668017605,11972500,False
2024-01-05,163.459228515625,164.51245797473024,162.70014174249383,162.70014174249383,10066000,False
2024-01-08,163.22201538085938,163.54462255510825,160.8214137681895,163.22201538085938,11229900,False
2024-01-09,161.93157958984375,163.00377577413855,161.40022316605578,162.8424721796584,9923600,False
2024-01-10,162.27316284179688,162.33009181707794,160.309026324343,161.3053268268902,9670200,False
2024-01-11,161.58998107910156,161.64691005258496,160.0148785803073,161.61844556584327,11919500,False
2024-01-12,160.40390014648438,167.29258049499637,160.261563245395,164.9109602585302,19436500,False
2024-01-16,159.39813232421875,159.49300912270533,155.8968555922771,156.43769533094127,17206400,False
2024-01-17,158.54417419433594,160.42291746804034,157.9748698967347,158.78138793793093,11107500,False
2024-01-18,158.85728454589844,158.9616591633274,156.788787827513,158.57262518214884,9382300,False
2024-01-19,161.59947204589844,161.84618358047717,158.53467484219206,158.98063779337124,13115700,False
2024-01-22,161.4097442626953,163.1840986954432,161.0302080078806,161.74184934444324,12837500,False
2024-01-23,160.3470001220703,161.0681246579549,159.82512701395376,160.99221452601276,8360800,False
2024-01-24,161.77975463867188,162.26366540807356,160.22363323770475,160.69806067066273,9967100,False
2024-01-25,164.094970703125,164.142416344373,162.1687963911467,163.49718747582935,8873500,False
2024-01-26,163.46871948242188,164.20882513921873,162.9942920368661,163.78184333389387,7443000,False
2024-01-29,163.89572143554688,164.00009606553505,162.5388657240791,163.43079174790918,6971200,False
2024-01-30,167.25465393066406,167.71958355620103,163.99059082342822,163.99059082342822,10822100,False
2024-01-31,165.4423370361328,169.18082757038678,165.42335588463555,167.18822653609234,11521800,False
2024-02-01,164.84454345703125,165.89777288401743,162.6621744802231,164.7591499982318,9354800,False
2024-02-02,165.79339599609375,166.82765873693674,164.398578274706,164.4365405747899,8607600,False
2024-02-05,165.5751953125,166.13501628029312,164.07600269490123,164.96792869965805,7820200,False
2024-02-06,166.14450073242188,166.8751085895703,164.87302414792433,165.6795566137463,6764800,False
2024-02-07,166.4575958251953,166.87509426680478,165.0627925456374,166.70430734707855,7225500,False
2024-02-08,165.85983276367188,166.34374353104843,164.69274533742478,166.04960084038564,6060300,False
2024-02-09,166.05908203125,166.14448997128747,164.78762000748162,166.04959869496852,6296700,False
2024-02-12,166.79917907714844,167.76701502799656,164.8160760181081,165.84084094046935,8539300,False
2024-02-13,165.34744262695312,167.21668785869485,163.79132123629455,166.35324093999716,8397600,False
2024-02-14,167.02691650390625,167.09334329239704,165.49925963075256,166.11602396443158,7056700,False
2024-02-15,170.6705322265625,170.9931539074644,167.1407907162721,167.1407907162721,8723400,False
2024-02-16,169.87347412109375,170.7748832877289,169.04797507605818,170.42381164390923,8152600,False
2024-02-20,170.5376739501953,171.23034839812226,169.28519310769673,170.02529871425853,9668000,False
2024-02-21,171.64785766601562,171.73326561657646,169.3895926908121,170.7464483434242,7024000,False
2024-02-22,173.70687866210938,174.0389691999663,171.970472406029,172.52081000181218,9296500,False
2024-02-23,174.57984924316406,175.72795576800954,173.82076229278545,174.40904780209868,7105800,False
2024-02-26,173.98202514648438,175.02577126846347,173.14702824890108,174.3520779572995,7145400,False
2024-02-27,174.06741333007812,174.15280678882112,172.91930710908773,173.9345742347972,5717100,False
2024-02-28,174.94985961914062,175.72791305734785,173.60248748692752,174.04843594056865,6131600,False
2024-02-29,176.54397583007812,176.8950475804979,174.44701418786846,176.1644395852124,9643000,False
2024-03-01,175.81332397460938,176.90451583340356,175.6330536993716,176.20235797152844,6311800,False
2024-03-04,177.1322021484375,177.99566346704023,174.8454731481117,175.26297156494704,7063600,False
2024-03-05,178.9066162109375,179.61825747313026,176.82862140879405,176.82862140879405,6617800,False
2024-03-06,179.8364715576172,180.3488613215342,178.03365300369188,179.57079333868876,7572900,False
2024-03-07,178.26136779785156,180.75686085108097,177.08479697238374,180.19703992745505,7618300,False
2024-03-08,178.59347534179688,180.71891558839317,178.3088159683026,178.80222458380084,6172200,False
2024-03-11,178.6598663330078,178.80220324195415,176.69574439925185,177.70152818428755,5762600,False
2024-03-12,180.13059997558594,180.43424047505957,178.2993170776544,179.28611974419184,5708400,False
2024-03-13,181.59185791015625,181.92394844272968,180.1306132360268,180.62402184480607,7795500,False
2024-03-14,178.35626220703125,181.8290747228508,177.5307630516754,181.25975597395745,10310900,False
2024-03-15,180.56710815429688,181.17437477098684,176.94247512959424,176.94247512959424,17214200,False
2024-03-18,182.806396484375,182.84434431154483,180.17806424275935,180.88022211160907,9013800,False
2024-03-19,183.87860107421875,184.0114401929125,182.54072654965236,182.8538504319401,8478700,False
2024-03-20,186.2886962890625,186.5069288762153,183.70780963606143,184.2581472510197,9367000,False
2024-03-21,188.8789978027344,189.2300693780553,186.28862875145603,186.46891344528217,11203800,False
2024-03-22,186.56385803222656,190.22643876540545,186.48794789784623,188.8316208127196,8108800,False
2024-03-25,184.8559417724609,186.86750977989115,184.41946209318417,186.5449025482049,8620000,False
2024-03-26,185.7193756103516,186.6018182440371,184.13478957869043,184.6376815447347,5961500,False
2024-03-27,189.3155212402344,189.3914313646428,186.3361176294889,186.4499755769137,8725800,False
2024-03-28,190.0556182861328,190.45413556252703,188.38562458119483,189.2870482189171,8628300,False
2024-04-01,188.7651824951172,190.66289215811688,188.4141108405425,189.7614829638672,7309000,False
2024-04-02,188.68927001953125,189.5622147162264,187.94916441845547,188.2433070960144,7014700,False
2024-04-03,188.15789794921875,189.35344971011276,187.5885793135315,188.86004119107545,9353400,False
2024-04-04,186.7263336181641,190.5725228336972,186.63090338860292,190.06669747224808,9243800,False
2024-04-05,188.44422912597656,189.08366842916283,186.21096089165496,187.21307291356743,6532300,False
2024-04-08,189.42727661132807,189.90447149415996,188.6065008303441,188.6065008303441,8001000,False
2024-04-09,188.15789794921875,189.8090023909844,186.0200746320744,189.0359491691364,7351500,False
2024-04-10,186.55455017089844,188.0815794697576,185.32337934002092,186.63090309212447,7681400,False
2024-04-11,186.516357421875,187.60437557468177,184.4262563759214,187.0603664982784,10137700,False
2024-04-12,174.45286560058594,180.3128170621153,174.21426820465587,179.7306533963621,31532300,True
2024-04-15,174.54832458496094,178.90989232756837,173.88979338856458,176.0848925222756,14766600,False
2024-04-16,172.55364990234375,174.8060100362722,171.45609307815093,174.55785940954902,16451800,False
2024-04-17,171.86647033691406,174.09973836837415,171.02660288050362,173.09762643748962,9017100,False
2024-04-18,172.98312377929688,174.99688652001322,171.7615061943233,172.83997115716338,9557700,False
2024-04-19,177.32559204101562,177.40194495717884,173.1358222453055,174.08065863681227,13402300,False
2024-04-22,180.7709503173828,181.45811204263345,177.49738618697634,177.5069394038577,11529700,False
2024-04-23,183.3764495849609,183.46234116906865,181.8303428196935,182.4125211611438,9144400,False
2024-04-24,184.27354431152344,184.4166969253009,181.49626710160496,181.83984793750037,6964900,False
2024-04-25,184.55032348632807,185.0943325814848,182.46020780549335,183.4814117295957,9802300,False
2024-04-26,184.66488647460935,185.98193448753852,184.2544912905366,184.74123940566557,6413700,False
2024-04-29,184.4644317626953,185.3997295490782,183.65319472901305,184.6553067815528,5387800,False
2024-04-30,182.99465942382807,186.09642549292656,182.89921464272427,184.01584868006023,8153700,False
2024-05-01,183.1091766357422,185.59059525008655,182.08797284386992,183.50047983988924,7445300,False
2024-05-02,182.9183349609375,184.6744085288716,180.8759415679893,184.264027944522,6501700,False
2024-05-03,181.8207855224609,183.7486568896736,179.86429819068653,183.2428314886118,8922800,False
2024-05-06,183.2428131103516,183.4336881281088,181.1622506599864,182.98512382682264,7911100,False
2024-05-07,183.0042266845703,184.1303995509317,182.90878188854623,182.95650428655827,7688800,False
2024-05-08,186.7263336181641,187.6807232907595,182.2884274657276,182.2884274657276,9227600,False
2024-05-09,188.49197387695312,188.57786545857687,186.2014443233279,186.26824403253585,7977300,False
2024-05-10,189.70404052734372,190.24803507157247,189.22684568795717,189.48452041598773,7529800,False
2024-05-13,189.66586303710935,190.73478941529615,189.00733180699527,189.73267730698475,7049200,False
2024-05-14,192.31906127929688,192.385875547787,189.121864553999,189.9235483988948,8596200,False
2024-05-15,192.89170837402344,193.44525616341704,190.65843990714103,192.79626357615743,8370000,False
2024-05-16,193.2353057861328,195.1536240595323,192.77720275542288,192.9967083338916,8497900,False
2024-05-17,195.44944763183597,195.6975982580205,193.55976022547813,194.51414986383685,9260500,False
2024-05-20,186.65953063964844,196.4897470075204,186.48773292892272,195.0677011776776,17373300,False
2024-05-21,190.4198455810547,190.7825037806312,187.6330292793257,188.0147793513531,14420800,False
2024-05-22,189.26502990722656,191.77507962196464,188.6733129194728,189.92356116796256,9425300,False
2024-05-23,187.93841552734372,189.25547795628643,187.12719303061385,188.78782176676148,8069400,False
2024-05-24,191.55555725097656,191.6032650842563,188.5492210499904,188.73055741751145,7356200,False
2024-05-28,190.40072631835935,191.2692243545398,189.59904254472963,190.74430715889065,6910200,False
2024-05-29,189.0741271972656,189.91399471851383,187.90977070201868,188.9691437571096,6120000,False
2024-05-30,190.23851013183597,190.7347968781683,189.35092009391784,189.5036259486096,6829100,False
2024-05-31,193.3879852294922,194.0274245665969,189.3031985702233,190.20986585230213,14417900,False
2024-06-03,192.61492919921875,193.18755426057612,190.10487971991847,193.0825708149027,6444300,False
2024-06-04,190.0762481689453,192.7676194373073,189.2363806080914,191.0306378288864,6848300,False
2024-06-05,188.26290893554688,190.70615882571187,187.9384199292547,190.6488832103386,8351600,False
2024-06-06,187.9288787841797,188.98825193066077,186.42094131495605,188.26290644052492,7640300,False
2024-06-07,190.8302154541016,191.755974617706,188.024307437637,188.42514935958465,6964500,False
2024-06-10,190.5057373046875,191.67963261173605,189.38910305220256,190.15261775965763,6070800,False
2024-06-11,185.4951934814453,188.91191055404263,184.7698625098068,188.88328002640117,9235300,False
2024-06-12,182.79425048828125,187.747535155726,182.5842835979704,187.06037343522323,12751300,False
2024-06-13,184.82708740234372,185.7051240581642,182.1738855659129,183.5482088751376,8587800,False
2024-06-14,184.9416046142578,185.97234706899937,182.6892447085993,182.71787522988416,6874000,False
2024-06-17,186.08688354492188,186.65952314056108,183.85361533502265,184.6552991186537,8725400,False
2024-06-18,188.0147705078125,188.930991025547,185.27567673463204,185.72424105772285,9023000,False
2024-06-20,189.6085968017578,190.35301959036525,187.16536154039684,187.43258948693125,8731100,False
2024-06-21,187.34669494628903,188.17700929825324,185.36156268713376,187.7379982056773,20972100,False
2024-06-24,189.80902099609372,190.14304864072443,188.1102085595612,188.78781706567207,9785900,False
2024-06-25,189.0359649658203,190.94474426582192,188.7210146337804,189.05504227358247,6862500,False
2024-06-26,188.42514038085935,188.9118884193973,187.3275981156472,188.44423225132735,7758600,False
2024-06-27,190.08578491210935,190.74431610090176,187.9193163282288,188.43469489460125,7913500,False
2024-06-28,193.0348663330078,193.3593699170051,190.2098808173549,190.8874893872689,15307600,False
2024-07-01,196.07937622070312,197.64457486806845,193.41663515800704,193.58841832722447,10205800,False
2024-07-02,199.30519104003903,199.33382156432344,195.43037141669657,195.92664354617935,7802900,False
2024-07-03,199.1715545654297,200.78447521105937,198.17898129296745,199.99233014876904,5560900,False
2024-07-05,196.532470703125,199.0084419463454,196.27336816071957,198.64377422771068,8093100,False
2024-07-08,196.89715576171875,198.5573947892196,195.74554496023563,196.7723929216868,8707000,False
2024-07-09,199.2579498291016,201.30205403205483,197.1658441534367,197.338593809806,9058900,False
2024-07-10,199.4210968017578,199.58424030901236,197.2906104118053,197.8280277635907,8328500,False
2024-07-11,199.0852203369141,199.70901989248077,197.0986942703721,197.89522885627903,10658100,False
2024-07-12,196.67645263671875,199.08523964687447,193.9509700633627,195.77435278581973,15443400,False
2024-07-15,201.58035278320312,203.07744801592625,198.38462350864884,198.835673308703,10719700,False
2024-07-16,205.0064239501953,205.121595275812,199.68981390311083,201.5323940342005,11557000,False
2024-07-17,208.1253662109375,208.7875463835636,204.6705341466408,205.17916232258048,11572500,False
2024-07-18,201.51318359375,207.9046426279673,200.8030312411865,206.93537311360464,12415100,False
2024-07-19,201.32125854492188,203.787638142558,200.49593484279177,202.68399960778325,8095900,False
2024-07-22,201.8010711669922,203.61486184394727,201.254062369065,201.9738208066428,7663200,False
2024-07-23,201.8490753173828,202.95269915898984,200.9085949784075,202.5112554797567,5557300,False
2024-07-24,200.1792449951172,203.4805398970385,199.6802229423339,201.10054238495405,7119000,False
2024-07-25,200.25601196289065,201.71472666285024,199.66101627259545,200.2368143021804,6403800,False
2024-07-26,203.6820831298828,204.5649852156185,200.20803848586092,200.8030488593653,8027800,False
2024-07-29,202.34814453125,204.99685096334997,202.0602381564828,204.0755534928002,6533600,False
2024-07-30,206.51312255859372,207.08892060425245,204.37304460068856,204.63214713164876,8850700,False
2024-07-31,204.219482421875,207.6647229458713,204.09471959527943,206.1196407718596,9071600,False
2024-08-01,199.57467651367188,205.20798262459832,198.0583832642799,204.60338069812147,10918600,False
2024-08-02,191.11029052734372,196.4173090899953,188.951014866982,195.65916985684163,18041700,False
2024-08-05,187.04124450683597,188.26003972022244,183.2025323392783,186.2255269573448,13927000,False
2024-08-06,192.2618865966797,194.4307682439227,186.1775316040648,187.52107494379788,10605800,False
2024-08-07,192.3194580078125,197.45374096940827,192.12752534383736,195.3040570597253,9204400,False
2024-08-08,195.8319091796875,196.6476414155857,193.6534358098913,194.30602452731495,7761200,False
2024-08-09,197.5017547607422,198.14473732678184,194.7186795008032,195.265703043516,5540200,False
2024-08-12,197.87600708007807,198.78769824177664,195.44802293711757,198.08713740933769,6936000,False
2024-08-13,199.5554656982422,199.69941155528463,197.11787513313567,199.35392685485715,6387800,False
2024-08-14,201.7626800537109,202.26170200127424,198.76847515072023,199.363485385926,6999800,False
2024-08-15,203.01991271972656,205.2655560448501,202.58806048697608,204.4114430890453,7001000,False
2024-08-16,205.34230041503903,205.45745708775615,203.0582621159896,203.15423577226989,7931200,False
2024-08-19,206.7626190185547,206.83939501460688,205.1983538600032,205.37108886847773,6090800,False
2024-08-20,205.87013244628903,207.290451812223,205.0639917823852,206.33077379457384,5640000,False
2024-08-21,205.94688415527344,206.33074945964972,204.2578416715632,205.78372602521463,5202300,False
2024-08-22,207.8950653076172,208.05820882254335,205.6973943235858,205.92772233240677,5247100,False
2024-08-23,209.50732421875,210.35184563489813,207.77030919614816,208.82596096633333,7214000,False
2024-08-26,210.3326568603516,210.82208744164996,209.25782202603688,210.17910484301336,5105200,False
2024-08-27,211.30191040039065,211.5322384088343,210.3518384830516,210.6589278507846,5185200,False
2024-08-28,212.3671417236328,213.25005838467985,210.3518266760892,210.40940501408693,6506400,False
2024-08-29,213.25006103515625,213.98900257334432,210.1119097835547,213.19246805291823,6416100,False
2024-08-30,215.73565673828125,216.38823086859884,212.98137041754472,213.52839400636404,8574100,False
2024-09-03,211.4170837402344,215.0638633692745,210.39982731942075,213.33643989830543,8956100,False
2024-09-04,210.48617553710935,213.11569850429112,208.4516628819831,212.12721670145396,7389500,False
2024-09-05,208.85472106933597,211.89689847369652,207.31923046160043,211.2730990077624,8067900,False
2024-09-06,203.8932037353516,209.91998068208017,202.57843485706223,208.82594829731795,7777000,False
2024-09-09,208.0677947998047,209.35375986693387,205.543836853024,206.51312105129105,8935100,False
2024-09-10,197.2714080810547,209.82399812562028,192.52100489184315,209.78561744862617,28406900,False
2024-09-11,198.87405395507807,199.3251037550692,193.69179897429584,196.9738957479277,13658700,False
2024-09-12,198.2694854736328,200.36157653556083,196.6284296106188,199.27713568329065,9054400,False
2024-09-13,196.0814208984375,199.46908315177689,194.8338365384953,198.51899663631963,10226700,False
2024-09-16,199.4786834716797,199.8145766523365,197.30021016072055,197.5305381683303,8634900,False
2024-09-17,200.81265258789065,201.4652267000243,199.2867678461136,199.3539377018796,7573300,False
2024-09-18,199.1619873046875,202.81835838288768,198.36545275492745,200.58230673818105,8259900,False
2024-09-19,201.99301147460935,203.3653585622174,198.9796232875222,201.32123983612308,11635200,False
2024-09-20,202.57843017578125,202.89512568030523,201.05254563504943,201.46520015567117,20885000,False
2024-09-23,202.914306640625,203.25979128589657,201.5227765517757,202.4920460026794,7223500,False
2024-09-24,203.05825805664065,204.36342068093103,201.88744976234236,202.6359974070873,7323200,False
2024-09-25,201.7147521972656,203.68209532865092,200.19845896675733,203.14466326540543,8976500,False
2024-09-26,201.32125854492188,203.1638386289397,200.582302352154,202.61682975945425,7807500,False
2024-09-27,202.01222229003903,203.87399998332447,200.8894007689753,202.1561681349737,7032500,False
2024-09-30,202.35772705078125,202.4537007192819,196.9835237723132,197.99118871746668,8663800,False
2024-10-01,198.69174194335935,200.6590849232253,197.87602436679808,200.47674374625123,8540100,False
2024-10-02,198.93165588378903,200.5247249559692,197.39617979497947,198.73013169432917,5810900,False
2024-10-03,196.9547119140625,198.16391556637384,196.10059907948147,197.85681157736644,7251300,False
2024-10-04,203.94537353515625,204.37987213930612,199.78381659479555,202.09150201972523,10211700,False
2024-10-07,203.6653289794922,205.9826791484361,202.46804538880093,203.7618907615038,6718900,False
2024-10-08,203.4915313720703,204.05155728333924,201.20316157021597,203.32738813254892,6021800,False
2024-10-09,206.069580078125,206.8613454534999,202.1687285781039,202.47769976692015,7024000,False
2024-10-10,205.50958251953125,207.4117350068248,204.1867713494914,207.4117350068248,7927100,False
2024-10-11,214.63412475585935,216.8935442355541,207.74969842677683,208.24212826127743,18320700,False
2024-10-14,213.8520050048828,215.99554718168812,211.34156042358927,215.5127676776016,9048900,False
2024-10-15,214.73065185546875,217.68525985149523,214.18029092153253,215.95691583331495,9235800,False
2024-10-16,215.9376373291016,215.9762532106081,213.42717776656056,214.6727572607701,6382500,False
2024-10-17,216.69076538085935,218.0715225164577,215.6189942205672,216.5459374132235,6470200,False
2024-10-18,217.6080017089844,218.13906204363371,215.4161936428324,217.25074963533817,7000500,False
2024-10-21,215.31967163085935,217.9266781613519,215.2231098309936,217.4632139351729,5870000,False
2024-10-22,216.4010772705078,217.5211292408237,213.4850997132088,215.3389712158381,9586800,False
2024-10-23,215.71554565429688,217.05767211185088,214.86584899630188,215.95693541093075,6180500,False
2024-10-24,217.23146057128903,217.3087070595921,214.02581233964895,214.18995560232,6002200,False
2024-10-25,214.6534118652344,217.84940969268465,213.2726696126605,217.25076784703845,6369700,False
2024-10-28,217.7335662841797,217.86874396216533,215.2713877542694,215.65762021512973,6843000,False
2024-10-29,215.2230987548828,218.9405068594728,215.13620197943288,217.4535524575936,6580000,False
2024-10-30,216.68109130859372,218.5156474524891,213.94855766414204,214.87548602178535,7110900,False
2024-10-31,214.27682495117188,217.91698605526625,214.18027790309608,216.96107745978253,7829900,False
2024-11-01,215.2617034912109,218.3611393091232,215.0299640512721,215.86034529447855,6923500,False
2024-11-04,212.2105407714844,216.0534611932713,211.6215492339804,214.98169019005127,8229600,False
2024-11-05,213.8616485595703,214.3154624265246,212.4229604778152,212.45192606649232,5600700,False
2024-11-06,238.5509796142578,239.4586073381028,226.68426720904813,226.90634163086352,23987800,True
2024-11-07,228.2388153076172,236.14674498009416,227.11876345837723,236.0791487857779,16451100,False
2024-11-08,228.81814575195312,231.0968653627636,227.6594780097169,231.0968653627636,9502100,False
2024-11-11,231.0485992431641,233.76183232238975,230.7685936247478,231.734152593889,9017100,False
2024-11-12,231.30929565429688,233.1438664671285,230.5368455611709,232.265204302032,6861000,False
2024-11-13,232.8542022705078,235.68328295062503,232.03347126141185,232.29417630585863,11472600,False
2024-11-14,233.53973388671875,235.87638473135124,232.74798322472824,234.0707942453307,10172200,False
2024-11-15,236.8612823486328,237.93305345699477,233.14388893789496,233.14388893789496,11518800,False
2024-11-18,236.5909118652344,239.3910269686542,234.3218424056193,239.2268837126996,9051400,False
2024-11-19,234.7177276611328,236.70677679200912,233.2307733224933,233.90666165823853,6792700,False
2024-11-20,232.48727416992188,236.1853665791003,230.4209786829753,235.9825927244949,9015300,False
2024-11-21,236.3302154541016,237.03508413180523,233.771489998293,234.8529113632746,8783500,False
2024-11-22,239.9897003173828,240.5690268965465,234.65981033615955,235.21983634263424,7997300,False
2024-11-25,241.6697540283203,245.55130530795057,240.4821205914916,240.99386567944467,10295400,False
2024-11-26,241.36077880859372,242.35530337685785,239.78691296046716,241.8628736022572,6212100,False
2024-11-27,241.18698120117188,242.53877266956596,240.2021216084016,240.76214760817405,5472300,False
2024-11-29,241.11936950683597,243.0987681970116,240.85866447871769,241.25454716340477,5494800,False
2024-12-02,237.76890563964844,241.63114167034325,236.59092247162565,240.9552533116239,8899700,False
2024-12-03,236.38815307617188,240.4627983571973,236.20469451535047,239.68069795223076,6657700,False
2024-12-04,235.0170440673828,236.89989581875423,233.8873418565162,236.2722736572103,7346300,False
2024-12-05,237.02540588378903,238.66685314495624,236.1950246010913,236.93850911465168,6572500,False
2024-12-06,238.84068298339844,239.20760013056864,236.40747009501496,237.2378514526948,5519700,False
2024-12-09,235.41293334960935,239.3331004642951,235.36465245379452,238.6185962459748,7076500,False
2024-12-10,234.49566650390625,239.4200234478752,233.87770931432985,235.4901911256736,9108300,False
2024-12-11,235.1425628662109,235.85708177176627,233.8390524294808,235.59637673776825,7884400,False
2024-12-12,233.21145629882807,235.692949917877,232.73832710066324,234.63082916006215,6113800,False
2024-12-13,231.67623901367188,234.36049197314816,230.9037888330232,233.73288448883088,10392700,False
2024-12-16,231.32861328125,232.38106899290696,229.33956421642745,232.32313781366128,9032000,False
2024-12-17,230.1506500244141,230.78792251755053,228.4802370347638,230.43065565931624,8083600,False
2024-12-18,222.4358062744141,230.8361807627836,221.62474030815744,230.7685845656322,11322400,False
2024-12-19,224.9366607666016,228.2195559059435,224.2704226114776,224.2704226114776,11790800,False
2024-12-20,229.4167938232422,230.97134419610452,223.61377557468475,223.9324117703563,32348400,False
2024-12-23,230.1795959472656,230.40167037895355,226.79048935961865,227.93950685968343,8611500,False
2024-12-24,233.96458435058597,234.1383926210489,230.836182814854,231.1837698892596,3729100,False
2024-12-26,234.76600646972656,234.8818688310357,232.4969370056862,233.11489415476905,4451800,False
2024-12-27,232.8638610839844,235.0074032318014,231.77277470486047,234.3604804730654,5730200,False
2024-12-30,231.0775604248047,232.5451993283752,228.94366879713556,230.54650008911693,5723800,False
2024-12-31,231.45416259765625,233.1245756017034,230.7975747930278,231.78244913333967,4871000,False
2025-01-02,231.734130859375,234.90116280245903,231.20307052950372,232.62244325967816,9220900,False
2025-01-03,234.90118408203125,236.4460843210158,231.9851918792467,235.4901756406523,9491100,False
2025-01-06,233.7559356689453,238.4533732605044,233.49388418568068,236.52198200348707,9917800,False
2025-01-07,236.00759887695312,238.03603585964575,233.8044559653357,235.0079379789045,8753400,False
2025-01-08,235.96878051757807,237.05578696137664,233.41624059042408,235.5999684129956,8675300,False
2025-01-10,232.80479431152344,236.6287467717316,231.70808773150117,235.9299526770056,10256800,False
2025-01-13,237.0169982910156,237.33726537542867,231.96044811515128,232.6107120293977,10005300,False
2025-01-14,240.18093872070312,240.4235751387901,235.05645875545392,235.5126164062056,12407400,False
2025-01-15,244.91722106933597,246.19833373301464,236.50257655181812,243.0246450469622,18448500,False
2025-01-16,246.7806701660156,249.46908602016472,244.8978090555052,246.51861866884337,15292300,False
2025-01-17,251.5266265869141,252.9436150124132,244.7133916419881,246.65448303751725,17678100,False
2025-01-21,255.2826385498047,256.4667055083283,251.85661335633375,252.40983152306225,13712100,False
2025-01-22,255.0982208251953,255.62232378121152,252.58451108944297,255.15645119600785,9021900,False
2025-01-23,258.1166381835937,258.99980869731013,256.03965618936724,256.8937411358266,10749700,False
2025-01-24,257.0393371582031,259.2327800677332,255.26325143834285,255.9232154508489,7666300,False
2025-01-27,258.0195617675781,258.1360225042347,254.5353065086594,256.389052216982,7522300,False
2025-01-28,259.2716064453125,259.4559828890109,257.02961850864546,258.0195941318063,7375400,False
2025-01-29,258.7280578613281,262.7073011271936,257.78662735417487,259.3395063870375,7684900,False
2025-01-30,260.3294677734375,261.75617104949805,258.766873890751,260.71768010583645,8753500,False
2025-01-31,259.4268493652344,262.8431891272981,259.09686738707205,261.3000250446993,7193800,False
2025-02-03,258.9512939453125,260.2712514893426,253.9918196717216,254.11796573208335,8381400,False
2025-02-04,260.0480651855469,261.8920964318822,258.97074385814113,261.8920964318822,5626000,False
2025-02-05,262.46466064453125,262.6684965624178,260.4265087965908,260.9894418764152,5704400,False
2025-02-06,268.7440795898437,268.8217398268807,263.2022723240967,264.4251692984596,7264400,False
2025-02-07,267.676513671875,270.3455145608461,266.6186223283094,269.10321715000055,6857900,False
2025-02-10,263.0567321777344,268.0453220031556,261.6494289723988,268.01620681498275,8627400,False
2025-02-11,266.8903503417969,268.0841322055861,261.7173548361182,262.29968817500816,7196400,False
2025-02-12,267.3368225097656,268.3073682010428,265.2016101414744,266.0071500330046,6683900,False
2025-02-13,268.1812438964844,268.81209279292267,265.7451642667245,267.3853891686898,8398700,False
2025-02-14,268.4432678222656,271.0055230328968,268.30740680766394,269.20029238564155,5688600,False
2025-02-18,271.70428466796875,271.72368491952835,267.89001749911944,268.6082414686908,7919800,False
2025-02-19,271.02490234375,271.9954480996811,269.0546956439582,270.1805322750829,7007200,False
2025-02-20,258.94158935546875,270.5299077608093,257.9128132494212,270.47167738640707,13846700,False
2025-02-21,256.4570007324219,261.27092900098586,255.0982425996441,260.4168439978953,12835600,False
2025-02-24,253.64244079589844,259.1357336859581,250.9928400471611,257.67020002120825,10372800,False
2025-02-25,249.8184814453125,255.2535438153115,245.88778282719832,254.50623421668564,9608400,False
2025-02-26,251.16754150390625,253.22509374318383,249.36231101747035,249.5855472014318,5943600,False
2025-02-27,251.4198455810547,255.87467629942992,250.2648938568394,252.51656693419216,8204400,False
2025-02-28,256.8549194335937,257.0102103033765,250.29405049282587,253.0503967893836,10467100,False
2025-03-03,252.94366455078125,258.4757879589732,250.2261479123034,256.2241143906859,9058300,False
2025-03-04,242.87908935546875,249.65350978324315,238.70573940367385,247.7609336031201,13465600,False
2025-03-05,244.12136840820312,245.59660207726964,240.5303521377995,243.84961678618464,7861400,False
2025-03-06,239.2783203125,242.01526618004075,236.6675649290042,240.8020841059929,9983200,False
2025-03-07,235.14382934570312,239.45305495919504,232.36806783489956,238.00693642207267,20498700,False
2025-03-10,225.3801422119141,230.5143228718976,221.96381691976237,229.25262520540508,18887200,False
2025-03-11,222.39085388183597,226.44774284176464,220.0130197421013,224.9239788967364,18143000,False
2025-03-12,221.18736267089844,227.4182791975453,220.5662140052621,227.10769746005096,16054000,False
2025-03-13,218.55718994140625,222.7402395654928,217.62545954737027,222.5461333861297,16467900,False
2025-03-14,225.5936584472656,226.2730375162608,220.87680546916636,221.40089366257604,11962100,False
2025-03-17,227.03976440429688,228.7285193720178,223.67198421387437,224.37076354224345,9586000,False
2025-03-18,228.04913330078125,229.2137852248078,226.6418449421928,227.4182844946614,10344900,False
2025-03-19,232.0671844482422,235.19234280757905,227.97148038251137,228.79645015668717,10120600,False
2025-03-20,231.97015380859372,234.63915484467967,229.24292239212625,229.59231948376984,8328500,False
2025-03-21,234.5129547119141,235.16321853294548,229.5340506915364,230.8054631482808,19326900,False
2025-03-24,240.75357055664065,241.3650191033552,237.21108457850144,238.2495608050386,9422700,False
2025-03-25,243.7331695556641,244.40284852183763,240.32654434675555,241.96676910521467,9287700,False
2025-03-26,243.63612365722656,247.1689099605413,242.42294134414655,245.15988775094516,12779300,False
2025-03-27,240.8118133544922,243.25759285817855,239.8994979549784,242.1802864537628,8022500,False
2025-03-28,235.6970367431641,242.16086005777964,234.00828183952703,239.6665652294854,11978400,False
2025-03-31,238.07489013671875,238.6183934207807,230.3687540364097,232.3583759086288,13603000,False
2025-04-01,236.4831695556641,238.45337614807625,233.78505368597595,235.47379373127083,8054700,False
2025-04-02,238.5795745849609,239.9674479641913,234.34799432373396,234.48387014274496,7758800,False
2025-04-03,221.95411682128903,228.2141341410838,220.60505877931985,227.36976405138716,17188500,True
2025-04-04,205.34341430664065,212.58921879116235,204.02510127525403,210.25532760935624,27170700,False
2025-04-07,209.40577697753903,216.83712407913987,197.41406528016333,200.9393169780438,22914400,False
2025-04-08,211.77870178222656,222.49116855668552,208.243690560588,218.27259368729497,19485700,False
2025-04-09,228.83859252929688,231.9048767833682,206.04652973562588,207.5113154920403,24022400,False
2025-04-10,221.77833557128903,224.9422782580252,214.9329086419956,224.60048894505405,18896400,False
2025-04-11,230.6549224853516,232.97905393688652,219.7178587202785,220.9971025358475,20284500,False
2025-04-14,229.20965576171875,234.1508635519738,228.1452484504964,231.53378705459363,13017800,False
2025-04-15,227.6569976806641,233.04739831448416,227.35427768752865,230.55727455130136,10912900,False
2025-04-16,224.2196502685547,228.09645129161805,222.57908239025485,226.5535417622376,9322300,False
2025-04-17,226.5144805908203,228.83859723978307,225.13757837531108,225.3817093397388,9557900,False
2025-04-21,223.61419677734372,226.36798622449223,221.0263996923449,225.2156952595232,8716200,False
2025-04-22,230.0592498779297,230.44986835764868,225.9383180454656,226.53399818903708,10701400,False
2025-04-23,235.22506713867188,240.99631170351697,234.36572139205157,234.58055782870665,14126800,False
2025-04-24,238.89678955078125,239.7073061190241,232.0025336842332,234.1118287364866,9055200,False
2025-04-25,237.83238220214844,239.85377878556815,236.07463632488924,238.9065494767277,8588600,False
2025-04-28,237.5101318359375,241.04514340247584,235.18600030625285,238.8186702179568,7394300,False
2025-04-29,238.8772735595703,239.49248838967188,236.0160656619705,236.504327615874,7216800,False
2025-04-30,238.8772735595703,239.46319386448343,232.8325881861533,235.5473383583833,12991700,False
2025-05-01,241.09396362304688,242.6173383874093,236.48477003311547,237.1390391998316,8689600,False
2025-05-02,246.58203125,247.66597331622904,243.60364543700763,245.3613764412092,7165000,False
2025-05-05,246.630859375,249.1698273267301,244.7071062124704,245.2832517036356,5450700,False
2025-05-06,243.3985595703125,246.71873456309945,243.1544286178849,244.13095242759528,6369900,False
2025-05-07,243.5352783203125,246.5234388677099,242.9884273574648,243.98448584012093,8724100,False
2025-05-08,247.51950073242188,249.8729267802216,245.64457673393773,245.66411138304096,8320100,False
2025-05-09,247.138671875,249.51161781388717,246.4160388204813,248.52533403320697,5087600,False
2025-05-12,253.9450225830078,257.41170023099767,252.62673918846932,256.7281215958606,9603900,False
2025-05-13,256.8355407714844,257.4800500721763,254.2770531179493,254.90201286940857,8589000,False
2025-05-14,259.4038391113281,260.3803630716006,256.13247788418613,256.8258015516586,8643100,False
2025-05-15,261.2103576660156,263.19269990894253,258.5444666020599,260.7025759874391,9214600,False
2025-05-16,261.2787170410156,262.1575825394603,258.495618128322,261.2201279945288,8932900,False
2025-05-19,258.6616516113281,262.0208961622138,255.78089422806747,259.3159059261038,12145000,False
2025-05-20,259.4428405761719,260.3998446453458,256.14218530617444,256.3570217379832,8436300,False
2025-05-21,254.91177368164065,259.413533964149,254.6090536965372,258.1440649815309,7464000,False
2025-05-22,254.5504913330078,256.1422002145729,252.79273047922567,253.34935623964725,6514100,False
2025-05-23,254.58953857421875,255.83948797883488,249.9901193323848,250.78110131024332,6671800,False
2025-05-27,259.0620422363281,259.0717872108682,255.8394953803926,255.8883394576745,7506600,False
2025-05-28,257.3042907714844,260.4584739162862,256.72814520654777,259.98973168327075,5535400,False
2025-05-29,258.16363525390625,259.1792285194473,256.3668347386543,258.5835334055972,5081200,False
2025-05-30,257.80230712890625,259.10107079095377,256.5621325162056,257.265230909512,10977700,False
2025-06-02,258.4468078613281,258.8081169206428,255.75159247660167,256.84529442949264,6011200,False
2025-06-03,260.0189514160156,260.3216713749027,256.708551613589,257.53860270778875,6998400,False
2025-06-04,258.01715087890625,260.8490642816774,257.9780815778546,259.6772534604333,5915700,False
2025-06-05,255.80044555664065,258.5249257598472,254.1989320684177,258.5249257598472,8173800,False
2025-06-06,259.49169921875,260.39008449229345,258.056207934954,258.12454195712064,7738100,False
2025-06-09,260.4779357910156,261.61070691825,257.1675357719009,259.75531775168025,8285000,False
2025-06-10,262.2943115234375,262.58725675736963,259.6088709415357,259.63816546492893,7538100,False
2025-06-11,261.8549194335937,263.2904109867396,259.55033696794425,262.37247599078785,7434100,False
2025-06-12,261.9427795410156,261.9916236200851,258.9155790822762,260.5951716975012,6618000,False
2025-06-13,258.72998046875,260.75136199008546,256.5425469956405,258.8569035237761,7098300,False
2025-06-16,264.0129699707031,265.3508326588525,260.5853915714537,260.731864186611,8566000,False
2025-06-17,263.1926574707031,264.2375449842596,261.5130355109874,261.87437431373314,6739300,False
2025-06-18,267.5284729003906,271.2002122129288,263.3880211997966,263.66144669321045,9586400,False
2025-06-20,268.5440673828125,270.7900603895567,267.3820015798645,269.1006931474805,13969700,False
2025-06-23,271.7372741699219,272.0106996489925,265.7218838292262,268.60264103465835,8094600,False
2025-06-24,274.6571350097656,276.0730768529508,272.9482181016434,273.6317669842048,9267900,False
2025-06-25,277.3913269042969,277.60616331581525,274.31528313116405,274.89142855270444,6826900,False
2025-06-26,281.9712219238281,282.6157311500764,277.79170162727115,278.01631280950784,8942100,False
2025-06-27,280.3697509765625,281.9224501380631,278.34836923641,279.10028187976,17868600,False
2025-06-30,283.1040344238281,285.77970025058426,282.13728534359143,283.5825215764878,12689200,False
2025-07-01,283.5922546386719,284.29535290301186,279.86192690839204,284.06099674861144,9338300,False
2025-07-02,285.1449890136719,285.945745792629,282.8989958836799,285.1840583153917,8158700,False
2025-07-03,290.4435729980469,290.83605832396694,285.74348111805267,286.66583810355576,6541600,False
2025-07-07,286.4892272949219,290.4828336535378,284.63469143869315,289.70765491378785,8825700,False
2025-07-08,277.47174072265625,284.26185381377417,275.04810559551106,283.83990288185674,15440900,False
2025-07-09,277.8446350097656,281.8088060970764,277.1774068900867,281.7891623646238,11273800,False
2025-07-10,282.7802124023437,282.89795501811136,277.687634657396,277.687634657396,8410900,False
2025-07-11,281.4751281738281,281.9853860406829,278.3253938002881,280.16028588065166,7384700,False
2025-07-14,283.2806396484375,283.8693527089549,279.9052116928096,281.6812326297011,9079900,False
2025-07-15,281.1709899902344,286.46964738040805,280.121098345475,282.5937831680985,12526100,False
2025-07-16,280.4546813964844,285.2725159686822,277.6974322542774,282.98623724838524,9979800,False
2025-07-17,284.4581298828125,284.8506152852065,278.1194022972347,278.1194022972347,8509500,False
2025-07-18,285.8023681640625,287.009289803847,282.819455566978,284.08521856694546,12217000,False
2025-07-21,285.5080261230469,288.6577608735927,285.1253326770995,285.5374617769879,7898100,False
2025-07-22,285.9593811035156,288.11809552877634,283.75161723688194,286.0280742772089,6717500,False
2025-07-23,291.1893615722656,291.4150249489527,287.0583682777473,287.3429329100002,7083500,False
2025-07-24,290.9832458496094,293.966188322126,290.6398398939318,291.8369396401929,7001200,False
2025-07-25,293.014404296875,293.2891470363467,290.4043332995373,291.1304626389869,5918500,False
2025-07-28,292.6807861328125,293.8091927274499,291.2482011503524,292.0724293571669,5840400,False
2025-07-29,291.464111328125,295.6343323000827,290.6398830117393,294.36853919701497,7635700,False
2025-07-30,294.0054626464844,294.9670472888904,291.79769880383014,291.83695632333047,8061700,False
2025-07-31,290.6790771484375,295.3301198950704,289.9529777509294,293.5246633224064,14749700,False
2025-08-01,283.93804931640625,286.32242707449086,278.9043429750852,284.9487133421405,12007100,False
2025-08-04,288.7362670898437,288.79513839592664,284.81135364584816,284.81135364584816,6649500,False
2025-08-05,285.9004821777344,290.2375243969,281.8480045472989,289.1581672885365,7182300,False
2025-08-06,285.8808898925781,287.784475314663,284.71322574362773,286.8130388717205,6330200,False
2025-08-07,281.5536804199219,287.95127882891904,281.03363056399576,287.44105083933385,8057100,False
2025-08-08,283.33953857421875,285.7631740586469,279.36554536006525,283.55541003235584,6634100,False
2025-08-11,284.1244812011719,285.8514526951056,283.3591242790355,283.9674810703858,5510100,False
2025-08-12,287.3527526855469,289.2170807199043,284.88985973561466,286.0280883116272,8570900,False
2025-08-13,285.0762939453125,289.0208214451698,281.7695589346143,288.43210834423235,8420400,False
2025-08-14,288.6381530761719,288.67741059714604,284.20301143696577,285.1253385944976,6322400,False
2025-08-15,285.0370483398437,289.9530125511936,284.37964203474183,289.3053981683732,7340500,False
2025-08-18,286.0574951171875,286.4205448097455,282.9960675051489,284.5562169634104,5386900,False
2025-08-19,285.203857421875,286.9897003409671,284.0950645111781,285.3706494849781,6031500,False
2025-08-20,286.7541809082031,287.82371628155875,281.87747451352897,285.35103146886894,7374200,False
2025-08-21,285.9986572265625,287.27424223237057,284.0362003285711,286.45983579537915,6624000,False
2025-08-22,290.6790771484375,291.5818204071259,284.6837862966605,287.6961645212777,8552800,False
2025-08-25,289.3642578125,291.7682794421784,288.61854456863614,290.67910031440016,5856300,False
2025-08-26,292.9653625488281,293.13215460321874,287.99052751038425,288.63814183000835,6714700,False
2025-08-27,293.6620178222656,295.41842494390727,291.4640759123092,291.6701254801894,6056500,False
2025-08-28,295.4184265136719,295.5852185641284,293.0929201153854,294.38811877937053,6410500,False
2025-08-29,295.7618408203125,297.26311888832026,294.1035626344117,296.37019756170366,6796400,False
2025-09-02,294.0741577148437,294.8198709218748,288.9717581566039,294.6236432125356,7221900,False
2025-09-03,293.8877258300781,294.9278255320024,290.8164761661132,294.9278255320024,6316900,False
2025-09-04,298.1168212890625,298.7153562428407,292.680807539106,294.36852159403367,6605800,False
2025-09-05,288.85400390625,299.4218223620716,288.78531073562726,297.9499798501053,9837700,False
2025-09-08,287.41162109375,290.8949700189617,285.9692141135519,289.3544641521949,8188500,False
2025-09-09,292.2588806152344,293.3872872696363,286.8228669749493,287.1074315912692,7848200,False
2025-09-10,294.8984069824219,295.8796354332035,289.8548783719408,291.1304933247864,7787300,False
2025-09-11,299.8241577148437,299.9909797241969,295.1437088676121,295.5852436958139,7942500,False
2025-09-12,301.1488037109375,301.7767742987404,297.9990690164523,299.27465392414524,6846700,False
2025-09-15,303.1014404296875,304.13174819496044,301.40393449781925,301.40393449781925,7122000,False
2025-09-16,303.3860168457031,305.06390905534744,301.3646887009418,304.18080946841434,10525600,False
2025-09-17,305.8979187011719,307.03614710830897,302.9738476236277,304.56346260331446,8657800,False
2025-09-18,307.3501892089844,307.556238792954,303.7981171700278,305.9372178866198,8050700,False
2025-09-19,308.8710632324219,309.8719053836384,303.31730709863126,307.7132209495945,23568600,False
2025-09-22,306.57501220703125,307.811369607681,303.7490695453833,303.9845547856156,7520200,False
2025-09-23,306.8693542480469,310.37234675445063,304.74989735202223,305.9666409066948,8584400,False
2025-09-24,307.53662109375,310.63727651453155,305.81947137817144,308.154769837798,7310500,False
2025-09-25,307.5660705566406,309.7247551863121,305.947019653492,308.2234768510796,7083200,False
2025-09-26,310.12701416015625,311.8441636854759,307.8113297451866,308.988785738579,7258100,False
2025-09-29,309.76397705078125,312.0404339863167,307.7720847183659,311.10825508542985,6462400,False
2025-09-30,309.50885009765625,311.45169300349573,304.28870810842403,310.31346452838187,11823300,False
2025-10-01,304.8774719238281,308.68464295873514,301.6394301376976,308.07628613361976,9235200,False
2025-10-02,301.7767944335937,304.73030161726365,300.39328868596704,304.1808160870063,7600000,False
2025-10-03,304.2102355957031,305.80964265751953,302.4243927447969,302.718779227698,6029900,False
2025-10-06,304.8511047363281,307.38512889871987,300.8578215934895,305.8371035459471,7214500,False
2025-10-07,303.3819885253906,305.66951307877287,300.43386159315816,305.01875022701944,8454200,False
2025-10-08,299.7732238769531,304.4567183318842,299.2999336047902,303.8946917756213,6489900,False
2025-10-09,301.25225830078125,303.72712529673134,299.1422361925597,300.7789679717848,7060300,False
2025-10-10,296.6772155761719,306.1230715472904,296.5983188157025,301.3804193716138,8597400,False
2025-10-13,303.6580505371094,305.1271791148808,301.17334440263704,301.321238204041,10788700,False
2025-10-14,297.8505249023437,302.70165257420854,290.0907186231138,301.5578902761218,16178800,False
2025-10-15,301.40997314453125,307.7499381556482,301.1634734465224,302.1001843350741,11354800,False
2025-10-16,294.360107421875,304.3581201926382,292.9106878973514,301.0747572360179,10549400,False
2025-10-17,293.3938293457031,295.3559575215809,290.08088749555986,294.97143359875633,10153500,False
2025-10-20,298.1266174316406,299.43801283887467,293.9854400437148,294.3206760639065,6894900,False
2025-10-21,292.9303894042969,299.7929328501146,292.8416531202475,297.436411288458,7372700,False
2025-10-22,289.9920959472656,293.8868032880077,286.4721030595595,293.6008552074487,8054100,False
2025-10-23,290.4161071777344,292.2204718178062,288.4145307332595,290.25834375227123,5438800,False
2025-10-24,296.2334899902344,298.36325106738366,291.31336547241364,291.93451945757295,7228300,False
2025-10-27,299.8915710449219,300.26625545589764,296.7955500258321,297.9294427867379,5642200,False
2025-10-28,301.0845947265625,303.6580673748709,298.915415308335,300.59159530101573,6336000,False
2025-10-29,301.2325134277344,303.93414060421026,298.7675163425421,299.2605157595805,7520300,False
2025-10-30,305.10748291015625,308.2330823767899,300.82825156305904,301.50859316866377,7514600,False
2025-10-31,306.7639465332031,308.4894444595929,302.9481359332913,304.22008283002725,7721300,False
2025-11-03,305.01873779296875,307.94715546133403,301.9226870872276,306.64562981088375,7770000,False
2025-11-04,304.920166015625,307.84858401169095,300.82827651560933,302.415720333495,7085200,False
2025-11-05,307.3161315917969,308.7162632770978,301.35085025066564,305.27510663609064,6865200,False
2025-11-06,309.0317687988281,310.4318702971036,305.9160088624015,306.6357687557767,7206100,False
2025-11-07,309.8106689453125,310.02758988101914,303.3326798145578,307.5231746391179,7302300,False
2025-11-10,312.4531555175781,315.0857553058101,309.81065602274725,310.5896034535161,5794100,False
2025-11-11,311.2009582519531,314.58292715130625,310.86572224729366,313.05464094031504,5030200,False
2025-11-12,315.92388916015625,317.7381233989844,311.782682032414,311.83200002815875,10578300,False
2025-11-13,305.1469421386719,316.14082355780937,304.7722577523736,314.7604311532612,8973300,False
2025-11-14,299.3591003417969,303.3327046462357,297.0124483237873,303.20451997960254,10327000,False
2025-11-17,296.1644592285156,301.31137424610444,293.5022804823602,299.7436397411884,8344000,False
2025-11-18,295.2179260253906,298.70837045931603,292.8613742767781,295.3066623130797,8077300,False
2025-11-19,299.0238647460937,300.1873662746028,295.0798692888629,295.5432899586994,5546600,False
2025-11-20,294.2023620605469,305.58079800315744,293.9854410949061,302.05090502503106,7501600,False
2025-11-21,293.84735107421875,297.456110287291,288.71030575970536,297.0715864028587,11766800,False
2025-11-24,293.8276672363281,295.6221924256846,290.386540762355,294.0642973394352,10940200,False
2025-11-25,298.7576599121094,300.236658228506,291.4218258555585,295.848951187077,8877200,False
2025-11-26,303.33270263671875,304.2102259719905,298.95486530692773,300.7296512123902,7910900,False
2025-11-28,308.6965026855469,309.3275563846455,303.9242719247256,304.7722465716023,4322400,False
2025-12-01,304.59478759765625,309.6430970545817,304.2201032083801,308.5683618849884,7727300,False
2025-12-02,303.5693054199219,306.13290823405146,302.79035796814105,304.41724991681934,7249000,False
2025-12-03,307.75982666015625,307.98658713845214,302.50443592551073,302.89885953876745,8535300,False
2025-12-04,311.6742248535156,314.03074632461573,308.6176225735461,308.87399188892334,9627800,False
2025-12-05,310.6290588378906,314.0208969911127,310.2740836361238,311.2206641139725,6518900,False
2025-12-08,310.79669189453125,312.0390600856641,308.96274846028484,310.64879808375287,7417200,False
2025-12-09,296.30255126953125,314.336450228146,295.8193913272319,310.5403783790639,18049200,False
2025-12-10,305.7680969238281,306.8329925602339,294.2812160390869,296.2926621709551,18874100,False
2025-12-11,312.9363098144531,313.5476242674454,304.9102649889192,304.9102649889192,9721900,False
2025-12-12,314.06036376953125,315.7858618718594,312.1672627021157,315.2041261224818,8982900,False
2025-12-15,315.5393371582031,318.3593094805321,313.9321843288561,315.1153648797306,10864100,False
2025-12-16,311.1319274902344,315.0463441586525,309.9980348220149,314.6223718715413,8331300,False
2025-12-17,310.5699157714844,314.8984348971578,310.254388930852,313.97159360923496,8718700,False
2025-12-18,308.6176452636719,313.2518519730792,307.84856735129125,311.5756418636432,11444900,False
2025-12-19,312.7686767578125,314.099781180705,308.8049723403709,309.39657764946713,24494400,False
2025-12-22,318.5663452148437,318.7043994886834,313.0644852104395,313.0644852104395,8354600,False
2025-12-23,321.3666076660156,323.1907116116738,318.56637445826755,319.07908304324746,6668300,False
2025-12-24,324.561279296875,325.3697755465356,320.94265000334224,321.67227957875514,4289300,False
2025-12-26,323.3188781738281,326.2275566521161,321.96806459862194,324.502058709128,4158300,False
2025-12-29,319.2171325683594,323.1808371734579,319.0002116144308,322.4216288798564,8635300,False
2025-12-30,318.89178466796875,320.39049219725354,317.9747828016657,320.2623075229155,7904300,False
2025-12-31,317.70855712890625,320.3313177342217,317.5310845539587,319.79886991908165,5048500,False
2026-01-02,320.92291259765625,321.1694123071354,316.2492576445291,317.9846252281575,8054000,False
2026-01-05,329.3630676269531,332.5281155423397,320.63697169770103,320.942628937084,10752600,False
2026-01-06,331.41326904296875,332.6612412306879,327.49110960074296,329.44229029813283,7660800,False
2026-01-07,323.8660583496094,328.9767653957764,321.49890717343806,327.9764350864437,9815200,False
2026-01-08,326.63934326171875,328.2339475379842,322.53888044956136,323.27183137637843,11737100,False
2026-01-09,326.0450744628906,328.7291759216584,325.0348299492433,326.1936353875406,6738100,False
2026-01-12,321.3899841308594,322.9053661093397,318.16114900395775,318.8049332018166,12805100,False
2026-01-13,307.9298095703125,323.73732718365267,307.6029755260753,321.20178657189985,19371200,False
2026-01-14,304.9287414550781,308.78159262538577,303.1954601804828,305.2556057077196,25951500,False
2026-01-15,306.30548095703125,309.95031666446005,304.8098971346673,305.5230197927318,14751400,False
2026-01-16,309.4848022460937,314.17950872864606,307.0383983149945,307.38506061636195,14652500,False
2026-01-20,299.8477478027344,308.1774060521912,298.9761500928895,303.2845981841295,12900600,False
2026-01-21,299.15447998046875,302.4823658305288,298.2729680555718,300.53118494697816,10270100,False
2026-01-22,300.729248046875,305.2555953909441,300.0062112868251,301.9474777854751,10535800,False
2026-01-23,294.875732421875,299.4813025896872,293.67730062328087,299.11484222180513,11107900,False
2026-01-26,298.1640319824219,298.8969527426069,294.60833256531976,294.96487880777863,11752700,False
2026-01-27,297.44097900390625,299.08512378237486,295.3016109870806,298.45122352878457,11527400,False
2026-01-28,297.89654541015625,299.03558292254246,295.2025300603667,297.4013222225187,9556700,False
2026-01-29,303.4926147460937,303.898671192008,299.3327275624257,299.51100066931883,11580000,False
2026-01-30,302.9676818847656,304.9881708986045,299.6694782493637,302.333781642444,11953200,False
2026-02-02,305.1961669921875,306.3450582127215,298.49082554616626,301.5513012828864,9839400,False
2026-02-03,311.8420715332031,313.22869052113475,306.14700443281885,306.77099053389486,12688000,False
2026-02-04,314.23895263671875,316.25947197584406,311.40629013300924,311.40629013300924,9848800,False
2026-02-05,307.1968688964844,312.9909865673853,302.6210112179966,311.99062599899656,9388000,False
2026-02-06,319.3199462890625,321.1522783634816,311.7034102684662,311.7034102684662,17797400,False
2026-02-09,319.0228271484375,323.2817350541263,317.0518180384032,318.27007812796035,11477500,False
2026-02-10,315.2392883300781,323.01429884581904,312.1094739861534,319.4684837021083,9902200,False
2026-02-11,307.8505554199219,322.1724018130651,305.78052608370194,320.1518827061323,8703500,False
2026-02-12,299.7487487792969,310.6238322045743,297.1537535117247,309.2966374972976,13443400,False
2026-02-13,299.6595764160156,301.3829738793206,293.6871852314235,295.66807823097014,9114500,False
2026-02-17,304.1958312988281,305.29521237973853,299.6100592744303,299.8675850307636,8896800,False
2026-02-18,305.8300476074219,309.2966101142475,304.2849535938903,305.51309749540866,7209600,False
2026-02-19,305.10699462890625,306.2262038721237,302.2049939958365,304.2354272061944,6737700,False
2026-02-20,307.82086181640625,308.0288471084009,302.75966472033866,305.4536802835111,7792700,False
2026-02-23,294.8262023925781,308.02884001734253,292.2807478108573,305.8498457788993,12955400,False
2026-02-24,294.459716796875,296.886322684036,288.5962907533433,293.98432184665864,13554100,False
2026-02-25,300.40240478515625,300.75898123488724,294.1725181992404,295.7869507950724,8095500,False
2026-02-26,303.20538330078125,306.05787397622345,300.73918125790124,301.67017313360896,7007800,False
2026-02-27,297.4310607910156,300.0557680991628,291.636973162459,297.13393894248406,18620800,False
2026-03-02,294.7172546386719,297.11414843979566,290.4088063693875,291.9935267958635,8508900,False
2026-03-03,297.3914489746094,299.5011046657454,286.73423592223537,289.4975898716125,10278200,False
2026-03-04,296.52978515625,298.12438947518206,292.99388398032096,297.12402886142485,8055700,False
2026-03-05,290.7455444335937,298.3620800816865,289.63624924146006,295.1332451958745,12732500,False
2026-03-06,286.7144470214844,287.21955415339994,280.99955170429564,283.6044306839189,13496500,False
2026-03-09,287.1502685546875,288.31898819476027,277.7707387954701,282.7724816341387,12241100,False
2026-03-10,285.9716186523437,289.9532025593205,284.43640849634494,286.5262662545288,8344900,False
2026-03-11,284.77313232421875,287.70487537204474,282.13854132603683,286.05081661783123,10205000,False
2026-03-12,280.1874084472656,281.167940752382,276.4336079693154,280.1279538528093,13760500,False
2026-03-13,280.7321472167969,284.4463214441296,280.2468381234208,281.9504072447318,9091200,False
2026-03-16,283.4261474609375,286.506421278288,281.89093739443587,283.6044205599556,8149000,False
2026-03-17,284.1492004394531,288.97266988082987,283.2181783456238,286.23902796907333,8961200,False
2026-03-18,284.9910583496094,286.6451172582804,282.3960934275981,284.08974843243266,10057000,False
2026-03-19,285.2188415527344,286.7441374214082,281.9008401776293,284.1392586396808,9846700,False
2026-03-20,283.8223571777344,287.9327042603992,282.54467268192724,285.3278250323549,22436500,False
2026-03-23,287.14031982421875,292.9245231806114,285.2188513876401,291.4982779446762,11470800,False
2026-03-24,289.6065368652344,292.6571288676103,282.64369950840546,283.4360748065673,11092300,False
2026-03-25,292.59771728515625,294.7965097163498,289.6461758443202,291.3398308899875,12188200,False
2026-03-26,288.8736267089844,292.1718002190451,287.95251872814185,289.78482055260446,8669200,False
2026-03-27,280.13787841796875,287.3384134369941,279.05829538327214,286.3777093696089,9873300,False
2026-03-30,281.0589904785156,284.505755156032,279.6327451103039,282.01972478590784,11734400,False
2026-03-31,291.3497314453125,292.2510413422024,282.22772810140145,285.7140887250632,12956900,False
2026-04-01,292.5580749511719,295.8661624411999,290.1116710297465,292.567989087923,11267200,False
2026-04-02,291.7855224609375,292.7957669317203,285.9616926535428,289.1212191631598,6669300,False
2026-04-06,294.125,295.4987855589938,291.88509063240025,292.7412191857173,7142600,False
2026-04-07,296.0662536621094,296.8427544058445,291.38734983011653,291.8253790066561,7849100,False
2026-04-08,306.5888366699219,309.8640903908154,303.96066179364243,306.5888366699219,10590200,False
2026-04-09,308.938232421875,309.8640846884941,304.73715687535,305.5734164156603,6586600,False
2026-04-10,308.4803161621094,308.9581744354404,305.344449093958,308.6097380099313,6069700,False
2026-04-13,312.2732238769531,312.3329523629397,304.0900871089203,306.0910825316173,8318200,False
2026-04-14,309.7247009277344,312.91036189245165,307.4847916064935,308.4305432499699,11455500,False
2026-04-15,304.5579833984375,312.8307129741003,302.8954898881459,312.54203541599225,9885800,False
2026-04-16,308.5599670410156,308.5599670410156,303.8312695552229,303.98059076810495,8208600,False
2026-04-17,308.8984375,313.4877482505245,308.69932229637936,311.068653468178,11082400,False
2026-04-20,315.5683898925781,315.70777661938337,308.9780833700189,309.45594165814435,10772000,False
2026-04-21,311.5962829589844,318.8038038717339,311.3474041387296,316.0661368489313,7084300,False
2026-04-22,311.6161804199219,313.73663281642627,310.5410372905177,313.43799038623484,5545900,False
2026-04-23,310.29217529296875,313.57736372602733,307.5047445243564,312.11395497732667,6969700,False
2026-04-24,306.8974609375,309.7545850384977,306.5092257615542,309.7545850384977,5215300,False
2026-04-27,310.232421875,311.1781431330245,305.50372444273444,305.50372444273444,7925300,False
2026-04-28,310.0532531738281,314.035314384572,309.7745101043047,313.78643555890045,7398600,False
2026-04-29,307.86309814453125,310.65052875636707,305.91189671624613,309.1771855961317,8031800,False
2026-04-30,311.82525634765625,312.6913497643884,305.1951210592971,305.6928786901284,8865400,False
2026-05-01,311.06866455078125,314.6624601726697,310.43152018106696,312.5420381202088,6135400,False
2026-05-04,306.270263671875,309.2568094519629,305.13539207341324,309.22694520939064,7338200,False
2026-05-05,308.0124206542969,309.5753869306937,305.42407485773,306.32999740556414,6316800,False
2026-05-06,313.4877624511719,314.84167905955115,309.95369528217543,310.0532528884956,8629500,False
2026-05-07,304.8964538574219,314.8814709002291,304.76706239082745,313.23887676443206,8359600,False
2026-05-08,300.74517822265625,307.60426284206056,299.1523476664256,306.86759124184925,9464300,False
2026-05-11,298.6545715332031,301.83026757429667,297.5395993270601,300.7451596100784,9512000,False
2026-05-12,303.5126953125,304.6873960201211,294.2245209852311,298.67447538308426,9498200,False
2026-05-13,298.9034729003906,301.6411400127173,298.7242874353193,300.91440289675086,7709500,False
2026-05-14,298.56500244140625,302.38777761395096,297.4699295162906,300.8945046380796,7364300,False
2026-05-15,296.4743957519531,299.4410421498196,295.1205095874812,298.86362628854243,8699300,False
2026-05-18,299.3813171386719,299.908939014877,295.8870488301784,296.6635495230975,7546300,False
2026-05-19,294.3738708496094,300.436555061437,293.935841710235,299.7396822358739,8066900,False
2026-05-20,300.625732421875,301.57145376365,292.35300240137923,295.3694126574367,9327000,False
2026-05-21,301.6411437988281,302.6167597554335,298.8636475324957,299.8790926087445,7874400,False
2026-05-22,305.0059814453125,306.07119010408854,302.4773640852478,303.31359328873907,5973900,False
2026-05-26,305.3643493652344,308.54004556072954,304.0701916446211,307.1065011172144,7725400,False
2026-05-27,297.93780517578125,304.52811132231307,294.42363753054383,303.63215366632585,11779200,False
2026-05-28,295.3992614746094,299.7197941661088,294.4236455581874,296.2354906683788,9757700,False
2026-05-29,297.9676818847656,298.53513289689414,293.87612858626386,295.070728717322,13969000,False
2026-06-01,295.2499084472656,298.20659004481905,293.9457858606032,296.3549462063085,7930000,False
2026-06-02,299.6102600097656,300.7152977310929,293.9457758280521,295.17027051801705,8296200,False
2026-06-03,299.50079345703125,300.60580089187994,295.23002417973413,298.5749714904202,7003900,False
2026-06-04,309.4957580566406,311.5066879726736,303.0746723882986,304.36883009196185,10345200,False
2026-06-05,310.9691162109375,313.58732636819616,308.211549706599,312.8805189963161,9118800,False
2026-06-08,309.7147521972656,314.8814790647009,309.3862455138746,311.84516953437026,6827000,False
2026-06-09,311.2976379394531,315.0009559692908,307.6241841525692,312.1040028799189,11594600,False
2026-06-10,307.75360107421875,313.3384270822022,307.64407859799763,311.1582462393224,7446200,False
2026-06-11,312.0840759277344,313.30857066124145,307.4947650619962,308.1717081621576,9116600,False
2026-06-12,319.2816772460937,319.8590627688812,314.1348496322589,314.5529794375797,7426200,False
2026-06-15,317.96759033203125,324.4583697274161,317.41010417767774,322.4673390673774,7988900,False
2026-06-16,329.6549377441406,330.26218746993305,322.56684357389287,322.8455866314347,11094900,False
2026-06-17,331.9645080566406,336.25517637046335,330.01330666560995,330.69024974688585,12246400,False
2026-06-18,323.761474609375,336.57375116590936,322.70623086248213,335.4388795655989,20111000,False
2026-06-22,329.993408203125,331.2776010100568,325.28461010223134,328.22139226156105,10182500,False
2026-06-23,332.6414794921875,333.86594380335947,325.7425357353925,327.9924099173137,7582200,False
2026-06-24,331.95458984375,333.02973300317086,328.291070440402,331.57628916780243,7907400,False
2026-06-25,333.6170654296875,341.90972446819404,333.2586945227413,333.4577793441399,10043100,False
2026-06-26,327.57427978515625,334.8913229247855,326.03124330500606,334.49312290223526,17640900,False
2026-06-29,327.91278076171875,330.8993264933345,325.73259994718205,326.80774304304947,7981800,False
2026-06-30,325.86199951171875,328.95806779511634,325.2149206632551,327.4150312810325,8080100,False
2026-07-01,332.5718078613281,334.13477419390347,323.5524415571975,326.89735842569155,15210200,False
2026-07-02,332.9700012207031,338.4751995750331,330.2820977776739,336.5040683580973,8413900,False
2026-07-06,337.7200012207031,339.7200012207031,334.1099853515625,335.0,8673500,False
2026-07-07,339.2200012207031,341.3999938964844,337.0899963378906,340.9800109863281,7115800,False
2026-07-08,330.6199951171875,336.5299987792969,330.1300048828125,336.5299987792969,18505200,False
2026-07-09,335.4700012207031,337.0,330.8099975585937,331.4599914550781,15570600,False
2026-07-10,336.4700012207031,338.5899963378906,335.7699890136719,337.4700012207031,6299000,False
2026-07-13,334.5299987792969,338.3500061035156,332.5,338.3399963378906,7120300,False
2026-07-14,342.8900146484375,344.7300109863281,325.75,327.0,14537900,False
2026-07-15,346.9100036621094,351.239990234375,344.04998779296875,345.8500061035156,10750000,False
2026-07-16,343.1499938964844,349.3399963378906,341.1099853515625,349.2799987792969,12432400,False
2026-07-17,341.1000061035156,346.1300048828125,335.04998779296875,339.0299987792969,9250900,False
2026-07-20,338.8699951171875,344.260009765625,337.3699951171875,341.79998779296875,7723300,False
2026-07-21,345.2300109863281,345.739990234375,337.29998779296875,340.1199951171875,6015300,False
2026-07-22,348.2099914550781,349.07000732421875,344.25,345.07000732421875,8040200,False
2026-07-23,349.8999938964844,349.9200134277344,345.4200134277344,346.5799865722656,10913000,False
2026-07-24,353.2099914550781,353.3699951171875,347.5,350.6400146484375,7520800,False
2026-07-27,356.20001220703125,359.04998779296875,352.5799865722656,357.8900146484375,7884900,False
2026-07-28,357.3099975585937,359.29998779296875,354.1499938964844,357.29998779296875,6533800,False
2026-07-29,344.7099914550781,357.3699951171875,343.7799987792969,356.5,8265300,False
2026-07-30,350.8500061035156,352.2799987792969,345.3699951171875,347.5400085449219,7606500,False
2026-07-31,351.7900085449219,354.4700012207031,349.70001220703125,353.29998779296875,6603400,False
2026-08-03,352.6400146484375,355.6199951171875,350.8399963378906,353.75,6436600,False
2026-08-04,357.5199890136719,363.0,353.8699951171875,355.0,8477200,False
2026-08-05,359.239990234375,362.1700134277344,358.20001220703125,358.9700012207031,5269500,False
2026-08-06,356.29998779296875,362.80999755859375,354.95001220703125,362.80999755859375,5820100,False
2026-08-07,357.5199890136719,358.8500061035156,353.3299865722656,355.760009765625,4566200,False
2026-08-10,359.7900085449219,359.989990234375,356.5,357.9599914550781,5327500,False
2026-08-11,362.0400085449219,363.1199951171875,358.6000061035156,360.04998779296875,4576500,False
2026-08-12,365.1799926757813,366.0899963378906,361.2999877929688,362.9700012207031,4366800,False
2026-08-13,363.1099853515625,366.5,361.5199890136719,366.5,5102700,False
2026-08-14,362.8399963378906,365.8999938964844,361.4500122070313,363.0,5058600,False
2026-08-17,360.9599914550781,365.75,360.9599914550781,361.9400024414063,5282600,False
