Date,Close,High,Low,Open,Volume,is_outlier
2017-01-03,2.50634241104126,2.613465726721889,2.441724308492496,2.5650635400069537,1501996000,False
2017-01-04,2.5648176670074463,2.592089907073034,2.4945486288434027,2.5404937962176275,1199220000,False
2017-01-05,2.499709367752075,2.599953266354983,2.482756295187001,2.568258574935432,984296000,False
2017-01-06,2.5331227779388428,2.561377727291018,2.486440463578686,2.5269802448316225,822856000,False
2017-01-09,2.635823965072632,2.653514183031405,2.542951140887124,2.542951140887124,916248000,False
2017-01-10,2.6159231662750244,2.6827522640356976,2.595284575472892,2.648846359188557,880920000,False
2017-01-11,2.583737373352051,2.609289762914666,2.5589221350343823,2.604375968013907,525664000,False
2017-01-12,2.541476964950561,2.57243473075697,2.496760296258524,2.5608870466474247,625616000,False
2017-01-13,2.541231393814087,2.579805527622623,2.5321404893184205,2.545408036234708,457820000,False
2017-01-17,2.484229803085327,2.5355801260957644,2.4709622566343707,2.5306663328205405,580612000,False
2017-01-18,2.52943754196167,2.5363169923629165,2.435090425394463,2.462854022076797,654424000,False
2017-01-19,2.583737373352051,2.61567786030532,2.530175813933345,2.532387033354377,644872000,False
2017-01-20,2.555481195449829,2.6240303708504813,2.5336143381763945,2.606340155250578,492024000,False
2017-01-23,2.5820162296295166,2.60191766317778,2.5478645401902225,2.5503215535791326,369904000,False
2017-01-24,2.637052297592163,2.6431948316079734,2.5773482259780294,2.59209007330226,428052000,False
2017-01-25,2.648354768753052,2.685454835570461,2.6124832089007715,2.6793123007448165,522760000,False
2017-01-26,2.694053649902344,2.701424456011093,2.62157339261082,2.651056851359519,458800000,False
2017-01-27,2.7461414337158203,2.7490898033619677,2.6743983190582767,2.700933411559871,471996000,False
2017-01-30,2.703144788742065,2.7274686640139563,2.651303107577325,2.725257445228101,496004000,False
2017-01-31,2.6825063228607178,2.703881827425373,2.658428009391218,2.6768553785730607,362756000,False
2017-02-01,2.7997021675109863,2.803878808168517,2.699212544761256,2.716902521744235,590004000,False
2017-02-02,2.8350830078125,2.843682555453136,2.7532665165065717,2.7837326886239078,483240000,False
2017-02-03,2.8102681636810303,2.847614025878351,2.798474918497992,2.836557697428552,372744000,False
2017-02-06,2.8822567462921143,2.882748102162136,2.8009313748037066,2.8009313748037066,506768000,False
2017-02-07,2.926973581314087,2.9709530974774574,2.896752967567473,2.9164086093953348,746224000,False
2017-02-08,2.9141972064971924,2.9313958334310657,2.859406926772009,2.90903761841703,449580000,False
2017-02-09,2.859407424926758,2.925254043242033,2.84024337118388,2.920340015082699,842568000,False
2017-02-10,2.7915947437286377,2.9655471153610704,2.766533723446944,2.9466286283567795,1651092000,False
2017-02-13,2.6628506183624268,2.8004401074958505,2.6584279467649297,2.7859440544600496,1180724000,False
2017-02-14,2.6726789474487305,2.706339292307082,2.611500558940596,2.653268863237418,850632000,False
2017-02-15,2.678084135055542,2.697739780374888,2.647617955104688,2.675627355125955,373020000,False
2017-02-16,2.635087013244629,2.688894348769158,2.596021291508716,2.6876658419011523,647176000,False
2017-02-17,2.6345956325531006,2.6390183044923634,2.574645992234992,2.6215738804814395,563740000,False
2017-02-21,2.728942632675171,2.732873713849054,2.6589191509198424,2.65916494600546,551952000,False
2017-02-22,2.724761724472046,2.750346363632304,2.705819115895969,2.740998112046092,433772000,False
2017-02-23,2.4721126556396484,2.61725614007072,2.45218633632586,2.595361682052486,1592888000,False
2017-02-24,2.4959750175476074,2.5092593073768668,2.3542756132229297,2.387978431078259,1029904000,False
2017-02-27,2.568547487258911,2.5835538146041768,2.498435846323238,2.5141802551504258,715400000,False
2017-02-28,2.496467351913452,2.587981700532944,2.479247017182927,2.578141241133255,625360000,False
2017-03-01,2.528693675994873,2.567562590338931,2.487364647355889,2.5532941151158925,504804000,False
2017-03-02,2.435457944869995,2.5299243875099204,2.4327519592113185,2.5159020139332373,754332000,False
2017-03-03,2.421436548233032,2.4298006131101144,2.367069070789049,2.424880616348809,864692000,False
2017-03-06,2.4027390480041504,2.4133173533771104,2.341237589029916,2.385272609256085,883568000,False
2017-03-07,2.4290616512298584,2.448496229648575,2.3899468582881696,2.4027391736851964,603400000,False
2017-03-08,2.4246325492858887,2.4920381630308874,2.422418540804069,2.4772777154698327,638712000,False
2017-03-09,2.4241416454315186,2.446528079971666,2.396096899968721,2.408643344596032,478060000,False
2017-03-10,2.4384093284606934,2.4622719202300942,2.420205046313504,2.4504637942828538,499740000,False
2017-03-13,2.5055689811706543,2.5154092030202206,2.4480035777764635,2.4487416589327644,774136000,False
2017-03-14,2.503847360610962,2.527709720704154,2.471620470384328,2.518361707825377,522016000,False
2017-03-15,2.522789478302002,2.5336136526725763,2.467930056024989,2.515409370077038,615036000,False
2017-03-16,2.5537869930267334,2.5542792037470923,2.519346319171299,2.533368694073652,523100000,False
2017-03-17,2.609383344650269,2.6106134016797573,2.553785846120576,2.571252280564291,1119688000,False
2017-03-20,2.692533493041992,2.69646976990313,2.610859619228816,2.62685012812746,748568000,False
2017-03-21,2.605448007583618,2.7050805514055054,2.5975759212882488,2.6753137705452845,913484000,False
2017-03-22,2.6585848331451416,2.6632589566821667,2.5904411185404053,2.5943771608322623,616764000,False
2017-03-23,2.6344761848449707,2.670639116630689,2.624882066911097,2.6507125648941625,533940000,False
2017-03-24,2.643825054168701,2.688598162483514,2.617994550107934,2.6807260758962754,439500000,False
2017-03-27,2.663013696670532,2.666949740211738,2.5481289448391373,2.5973300756279527,506644000,False
2017-03-28,2.6492366790771484,2.6787573492165864,2.63890447971976,2.664243002135655,432444000,False
2017-03-29,2.6406259536743164,2.6689165605732867,2.638411944939425,2.6566162253013137,349992000,False
2017-03-30,2.69130277633667,2.706063224425291,2.642101673723537,2.647759747736941,525532000,False
2017-03-31,2.679741621017456,2.7033583476353718,2.6667034349224865,2.6817097597721022,440808000,False
2017-04-03,2.6662111282348637,2.6974538314549887,2.6425944045457865,2.680233499272896,445232000,False
2017-04-04,2.479247570037842,2.568793799823688,2.4684233907377187,2.543701138899816,1271280000,False
2017-04-05,2.460796356201172,2.5183617705095864,2.4477579366085203,2.460550250899279,747048000,False
2017-04-06,2.478754758834839,2.490808991773376,2.4209432394930213,2.4659624446034902,635120000,False
2017-04-07,2.46817684173584,2.502617747296196,2.4531705158773165,2.485151306481331,429068000,False
2017-04-10,2.405198574066162,2.475556053242162,2.4010164270806094,2.4689140268028047,756332000,False
2017-04-11,2.413808584213257,2.4329970503813616,2.3702655534405617,2.37518554664272,618148000,False
2017-04-12,2.393883228302002,2.42807803093782,2.3887171272945324,2.41380978548045,414092000,False
2017-04-13,2.349109411239624,2.391422393381388,2.349109411239624,2.369774043659178,506892000,False
2017-04-17,2.441115617752075,2.441361488415217,2.3567355276309656,2.3619016268698814,497292000,False
2017-04-18,2.442592144012451,2.4487424312390345,2.401017234642411,2.4268477371656543,370116000,False
2017-04-19,2.452185869216919,2.4841664161537507,2.44554360763795,2.4600579533162663,380828000,False
2017-04-20,2.4910547733306885,2.4957288965619684,2.445543598142899,2.466700205318042,404016000,False
2017-04-21,2.50138783454895,2.5040938203918097,2.46891506599668,2.4807231961732854,341896000,False
2017-04-24,2.532630443572998,2.54566863077395,2.5119660406388946,2.532876314307273,371820000,False
2017-04-25,2.576664686203003,2.591179031833609,2.52574154116613,2.547144019013375,388440000,False
2017-04-26,2.558952808380127,2.5926553939114743,2.556984669727375,2.590195513857343,327004000,False
2017-04-27,2.598805904388428,2.60716996651171,2.548374722488999,2.566333138782757,319700000,False
2017-04-28,2.565840005874634,2.5988047326707635,2.560181697290351,2.5919166018127093,348248000,False
2017-05-01,2.623405933380127,2.628572267643253,2.5695306930406367,2.5766649312045447,307732000,False
2017-05-02,2.545667886734009,2.597821324123009,2.523035351493277,2.596591266982714,629972000,False
2017-05-03,2.56461238861084,2.574206512972699,2.524021411292233,2.538781638711953,336904000,False
2017-05-04,2.554769992828369,2.581830543228637,2.546897674883795,2.570760264744576,209788000,False
2017-05-05,2.555016279220581,2.5621505171979413,2.527709619131105,2.5432081522963643,228428000,False
2017-05-08,2.528202533721924,2.568301283826427,2.516886144999382,2.566825355528438,365240000,False
2017-05-09,2.532384395599365,2.581339652919264,2.52549626113195,2.5338605584763743,847672000,False
2017-05-10,2.98380446434021,2.9968428832950087,2.8049584129302483,2.8116004404431463,2129096000,True
2017-05-11,3.111974000930786,3.208654451120682,2.9498562779856843,2.9533003449728,1939792000,False
2017-05-12,3.146169185638428,3.188236310634216,3.094262069138831,3.115172578955791,962620000,False
2017-05-15,3.30410385131836,3.3065639656332397,3.182822983985861,3.187251236674528,1087540000,False
2017-05-16,3.365605354309082,3.381103887048324,3.2807335205995947,3.3550270502767536,1120700000,False
2017-05-17,3.141987562179565,3.317635720134019,3.137805412907181,3.2989392184053754,1271368000,False
2017-05-18,3.273598909378052,3.282455179274553,3.1255033736479074,3.1857747607755424,1156032000,False
2017-05-19,3.349202871322632,3.4038734765702734,3.3299941914250475,3.3745680800301447,1018372000,False
2017-05-22,3.4206199645996094,3.43490323472796,3.381956237164519,3.3927920481578564,836608000,False
2017-05-23,3.374567985534668,3.4425371044559427,3.34206102582695,3.440320763540692,681248000,False
2017-05-24,3.412492513656616,3.4740587333872472,3.400425352340776,3.47134966377439,815996000,False
2017-05-25,3.404858350753784,3.448447246648032,3.360038102252431,3.4477083881124697,608228000,False
2017-05-26,3.4930214881896973,3.5777365834344166,3.3765382909423374,3.39673195908136,779140000,False
2017-05-30,3.5676393508911133,3.602608777057892,3.5228191042837658,3.5388262177867182,989652000,False
2017-05-31,3.5548343658447266,3.620094421949052,3.498193309851865,3.612460175304096,887316000,False
2017-06-01,3.5550801753997803,3.5715800200361327,3.509767428628041,3.5705947969452563,503340000,False
2017-06-02,3.537349939346313,3.5782297777456886,3.531439539013338,3.5521257053221857,487456000,False
2017-06-05,3.644967555999756,3.6577733450922008,3.5095220169497874,3.5210964530691244,817376000,False
2017-06-06,3.6284680366516113,3.6863402187444714,3.6151697529974345,3.640288602757229,758728000,False
2017-06-07,3.6723029613494873,3.69101915066816,3.6373335235014927,3.65284814813623,612612000,False
2017-06-08,3.9387614727020255,3.9402389552156487,3.738055419401065,3.779181618403672,1161744000,False
2017-06-09,3.684123277664185,4.149564069233269,3.515431701147838,4.056968592955185,3692928000,False
2017-06-12,3.693235158920288,3.7358390752595,3.499671093252213,3.592512937863152,1697532000,False
2017-06-13,3.728450298309326,3.8114415350197626,3.586847807061352,3.802329573048199,1672504000,False
2017-06-14,3.736331224441528,3.793957264524359,3.65703403370436,3.73140604833155,1184640000,False
2017-06-15,3.7523386478424072,3.782629033417787,3.6077809332842055,3.61910923781247,963824000,False
2017-06-16,3.733868837356568,3.809718575684253,3.6998843912445447,3.761943118603943,924960000,False
2017-06-19,3.874239206314087,3.8794107462848753,3.774255630499197,3.777949453417478,778176000,False
2017-06-20,3.86857533454895,3.9830885539008505,3.8643890171355855,3.9163507866385032,1095444000,False
2017-06-21,3.9271862506866455,3.9308803087361546,3.834344419055546,3.896157008554207,682652000,False
2017-06-22,3.9000983238220215,3.9486126471680154,3.876210591546436,3.935314128287521,469132000,False
2017-06-23,3.7882931232452393,3.9234925033955306,3.77327076113386,3.907731517545169,1088588000,False
2017-06-26,3.746919870376587,3.856507657568609,3.6528467016757977,3.8210455046911695,1063960000,False
2017-06-27,3.609751701354981,3.7380557201093936,3.6040876656456367,3.729436484278531,999492000,False
2017-06-28,3.737070560455322,3.74174960752862,3.589311500575937,3.677228171735523,994948000,False
2017-06-29,3.612214088439941,3.7117049559422974,3.548185149552703,3.708749990938157,1064424000,False
2017-06-30,3.5600056648254395,3.642996914242298,3.533901597186889,3.629452268866717,731060000,False
2017-07-03,3.4312095642089844,3.586849010159393,3.4127397393291323,3.5720732441981373,709072000,False
2017-07-05,3.5228190422058105,3.551631939945988,3.4755360913215254,3.494498403651204,820188000,False
2017-07-06,3.533409357070923,3.580199828556754,3.441798860597108,3.4937608734277066,746284000,False
2017-07-07,3.6141836643218994,3.6324073556324783,3.5671470711354814,3.590049808801891,654972000,False
2017-07-10,3.7850921154022217,3.792479997873198,3.6614671507048624,3.687571221301758,958492000,False
2017-07-11,3.838778257369995,3.84641250492471,3.74692139188816,3.788786453741613,757956000,False
2017-07-12,4.002051830291748,4.014118761027232,3.8555243445048655,3.8983743960142174,1145208000,False
2017-07-13,3.9557535648345943,4.095385643293909,3.9094558249090015,4.014118233911097,1369132000,False
2017-07-14,4.062139987945557,4.063617235487492,3.965111363227694,3.9720067508002272,941948000,False
2017-07-17,4.044902324676514,4.124938635336989,3.9833360763879018,4.0961254883451055,930792000,False
2017-07-18,4.087014198303223,4.101543837391423,3.972254333680005,3.984075136618409,776640000,False
2017-07-19,4.065834045410156,4.122474866505804,4.053767116463618,4.096124432602658,687044000,False
2017-07-20,4.124937534332275,4.125183663982333,4.036528609515007,4.086274042184916,699596000,False
2017-07-21,4.139712333679199,4.1692643247564645,4.090213042195383,4.104496543692141,648332000,False
2017-07-24,4.091692924499512,4.156460739838933,4.081103709854206,4.146856513798631,652524000,False
2017-07-25,4.071990489959717,4.086273994619044,4.028401587040156,4.068788925693942,496556000,False
2017-07-26,4.119027137756348,4.184779922276561,4.084303598836772,4.129370219623227,640404000,False
2017-07-27,3.983088731765747,4.155474362278738,3.880149941538451,4.143899693184015,782856000,False
2017-07-28,4.048346996307373,4.072727441642767,3.922505992549969,3.9473784620928334,513348000,False
2017-07-31,4.002051830291748,4.097848887109207,3.955507954597738,4.061894224591559,559672000,False
2017-08-01,4.050812244415283,4.052536091647077,3.964866012512093,3.992693697907296,431384000,False
2017-08-02,4.048346996307373,4.0857793525287045,3.971512777896281,4.081839401166152,478444000,False
2017-08-03,4.099817752838135,4.103511575598426,4.030863419797252,4.047855756035336,442420000,False
2017-08-04,4.117796421051025,4.188228024354341,4.099819090857304,4.122475233426843,589096000,False
2017-08-07,4.244375228881836,4.244867488072287,4.137249671124847,4.146854361894251,717412000,False
2017-08-08,4.193892002105713,4.298800541001937,4.154735779834138,4.282300929431514,755336000,False
2017-08-09,4.238465309143066,4.240928014512272,4.129123633258059,4.147839818293603,530784000,False
2017-08-10,4.0569682121276855,4.252009968811545,4.046871260992244,4.239696441922096,1328088000,False
2017-08-11,3.840747833251953,3.9156123486089913,3.765637188238789,3.869807102919632,1497196000,False
2017-08-14,4.147100925445557,4.150794748612333,3.9205372001939103,3.932111633505728,1279020000,False
2017-08-15,4.112131595611572,4.178376636947612,4.07790078698944,4.152272803609251,764532000,False
2017-08-16,4.067065238952637,4.150549224520308,4.034804874516045,4.127154224862567,596632000,False
2017-08-17,3.976439952850342,4.075684696715847,3.974223846391113,4.058692824913687,525444000,False
2017-08-18,3.9771783351898193,4.047610398657255,3.931373092342776,4.030618059177319,601204000,False
2017-08-21,3.9193060398101807,4.012886733949462,3.875471009761116,4.001558664559352,623672000,False
2017-08-22,4.006562232971191,4.012477838695218,3.936561525405966,3.955787126477348,450456000,False
2017-08-23,4.086666584014893,4.097758279365605,3.964657935157053,3.973285227208972,579520000,False
2017-08-24,4.071630477905273,4.123145526709849,4.045257322883334,4.118708473034191,469700000,False
2017-08-25,4.037616729736328,4.105892263816767,4.031207965031281,4.095786424167436,357200000,False
2017-08-28,4.066209316253662,4.069413699317024,4.001138150090804,4.0565966371902,389496000,False
2017-08-29,4.059554100036621,4.081244801621028,3.9994126831809527,4.007546813806758,324096000,False
2017-08-30,4.083709239959717,4.094800935913344,4.048955133937936,4.079272185477017,384400000,False
2017-08-31,4.176387310028076,4.1803307326422825,4.096527360570208,4.103921513035186,612684000,False
2017-09-01,4.20152759552002,4.237021214070935,4.180330056951551,4.188957350310685,445432000,False
2017-09-05,4.089377880096436,4.155188544389192,4.031454998962617,4.150258797446492,695364000,False
2017-09-06,4.086913585662842,4.135963775477058,4.052159946083931,4.122160858183123,397672000,False
2017-09-07,4.105893135070801,4.138181901363906,4.065716584370572,4.103674607557556,352868000,False
2017-09-08,4.034659862518311,4.109097366445899,4.010504754981762,4.094308592257942,498856000,False
2017-09-11,4.165542125701904,4.176141132190383,4.074836820140846,4.080259731644266,567444000,False
2017-09-12,4.180576324462891,4.190189001927365,4.115505169124068,4.190189001927365,411488000,False
2017-09-13,4.199310302734375,4.22814834416494,4.123147427953092,4.155436199304922,580960000,False
2017-09-14,4.175400733947754,4.253288958659627,4.135963693850091,4.160365144976967,513712000,False
2017-09-15,4.439382553100586,4.439382553100586,4.255507103065301,4.260683197054313,1364792000,False
2017-09-18,4.622765064239502,4.712731317671001,4.556461694674351,4.563363153660662,1684460000,False
2017-09-19,4.617835998535156,4.679456439529213,4.550546300202024,4.572483350202517,874280000,False
2017-09-20,4.580617427825928,4.6688578584568745,4.540440870318855,4.6215334946293725,724920000,False
2017-09-21,4.455404281616211,4.503221802536979,4.377762396709948,4.477094514457188,1075600000,False
2017-09-22,4.412022113800049,4.493607868316694,4.402163090762314,4.444064996457335,491232000,False
2017-09-25,4.214837074279785,4.382444701931201,4.194132702184933,4.381212030186589,874580000,False
2017-09-26,4.238500595092773,4.404136573957127,4.198817200425565,4.349171240810446,1125620000,False
2017-09-27,4.331423759460449,4.3447339845095545,4.257972115591346,4.3287125392054975,713720000,False
2017-09-28,4.330191135406494,4.342515033591728,4.282866313291657,4.338571141706631,435244000,False
2017-09-29,4.406354904174805,4.43001685000342,4.368889568954484,4.413995873071756,619092000,False
2017-10-02,4.412022113800049,4.485473739443541,4.362726058358353,4.456388892786132,503480000,False
2017-10-03,4.421143054962158,4.450967417075299,4.377022612716945,4.418185018321986,390332000,False
2017-10-04,4.458114147186279,4.480297536132508,4.390824471365852,4.427303936997239,427848000,False
2017-10-05,4.455650329589844,4.485967854391558,4.425825967601629,4.482517125076886,437364000,False
2017-10-06,4.468714714050293,4.482024941530211,4.412024014315431,4.428045462545445,318800000,False
2017-10-09,4.569524765014648,4.602553509236207,4.486706793186109,4.5054394576548615,563492000,False
2017-10-10,4.65678071975708,4.755866512045658,4.61561830288504,4.7184011718591865,974876000,False
2017-10-11,4.706320762634277,4.707799780462528,4.627446706982264,4.67329202851993,529508000,False
2017-10-12,4.708541393280029,4.759316483515241,4.681428248237344,4.709773595269849,528292000,False
2017-10-13,4.796287536621094,4.806393377062807,4.723822229322731,4.770653416044017,628728000,False
2017-10-16,4.878612518310547,4.881570554708424,4.763012625127096,4.826112073513968,576640000,False
2017-10-17,4.874176502227783,4.902521847004452,4.839669207739079,4.857908710522161,478596000,False
2017-10-18,4.869986057281494,4.88378897449223,4.764985159892221,4.883049935464462,567316000,False
2017-10-19,4.8754096031188965,4.8803388812461606,4.743541893149545,4.7925916189341695,570772000,False
2017-10-20,4.8532257080078125,4.919529075749701,4.844352068036117,4.892416403389031,451620000,False
2017-10-23,4.8463239669799805,4.901289287801833,4.8261122844662685,4.8749156560253,428696000,False
2017-10-24,4.897098541259766,4.898823905679364,4.82956251245939,4.855442978753363,407244000,False
2017-10-25,4.7733659744262695,4.910410254480444,4.71199234574672,4.857662980390743,828160000,False
2017-10-26,4.82340145111084,4.834985841433453,4.777062949567125,4.8009717095300655,322744000,False
2017-10-27,4.975480079650879,4.975726425968318,4.849527532708483,4.875408469962976,572192000,False
2017-10-30,5.024284362792969,5.07974238241726,4.959705886243587,4.975480985837473,504056000,False
2017-10-31,5.097489833831787,5.124109818232593,5.050411815748812,5.056081073680913,411908000,False
2017-11-01,5.107100963592529,5.175376503929651,5.04301566130196,5.160094569907296,502576000,False
2017-11-02,5.07604455947876,5.122136709285966,5.019600222458373,5.077523577688236,342308000,False
2017-11-03,5.143828392028809,5.143828392028809,5.061257217327006,5.107102563630701,353640000,False
2017-11-06,5.166996479034424,5.175623302199305,5.0947775107893865,5.107101409560188,389944000,False
2017-11-07,5.22615385055542,5.247598212856072,5.177597277664189,5.189674834280662,427700000,False
2017-11-08,5.155411720275879,5.2254126261958485,5.1080873694275,5.221715080728075,522988000,False
2017-11-09,5.060763359069824,5.085657975283052,4.938755152001494,5.059531157134242,978564000,False
2017-11-10,5.327455997467041,5.389815936826523,5.216292688625344,5.252032651006033,1253256000,False
2017-11-13,5.240941047668457,5.352843397467768,5.225659112995033,5.327456091914961,582376000,False
2017-11-14,5.279145240783691,5.29442717495504,5.206433115372637,5.25006039061927,529292000,False
2017-11-15,5.175622940063477,5.225412634722664,5.121890293860892,5.224179962855872,501948000,False
2017-11-16,5.215801239013672,5.279640217542132,5.20692806714848,5.249569501635953,441768000,False
2017-11-17,5.209639072418213,5.3079853487159525,5.194603950150629,5.272738538992444,515664000,False
2017-11-20,5.276680946350098,5.288758498093586,5.188440068497015,5.225165886505949,396100000,False
2017-11-21,5.325238227844238,5.336823088519991,5.284568982552567,5.316365057631018,399176000,False
2017-11-22,5.301313400268555,5.352370756388935,5.2687552089477245,5.352370756388935,356640000,False
2017-11-24,5.351382255554199,5.352369266310126,5.293172143613135,5.31759101553229,180752000,False
2017-11-27,5.281827449798584,5.36124984326041,5.278620840230842,5.3600167852092,422896000,False
2017-11-28,5.197225570678711,5.296380190043431,5.136302338755271,5.287007348943417,512752000,False
2017-11-29,4.844758987426758,5.18267338366867,4.716745813201042,5.179960279305813,1396788000,False
2017-11-30,4.950572490692139,4.999163259213799,4.85043180242646,4.913328114727049,823768000,False
2017-12-01,4.875836372375488,4.936266563816445,4.747330183144864,4.916040837349313,811548000,False
2017-12-04,4.6040239334106445,4.940458627359775,4.550746995472226,4.934291927410137,1240844000,False
2017-12-05,4.6306633949279785,4.753003352627879,4.454059947393627,4.498950597021288,981488000,False
2017-12-06,4.668154239654541,4.689859539097982,4.559133296120606,4.580345560606925,467032000,False
2017-12-07,4.735490798950195,4.775202229266021,4.68936662021728,4.73475077596875,542600000,False
2017-12-08,4.723158836364746,4.8043077985927285,4.714772535626296,4.785315127936834,466876000,False
2017-12-11,4.801344871520996,4.804304962011944,4.721429485060918,4.737215066169193,372748000,False
2017-12-12,4.70712423324585,4.781120391490879,4.683692375217468,4.757935050891912,455016000,False
2017-12-13,4.592185974121094,4.749303734710956,4.584786214093073,4.748070676599605,554280000,False
2017-12-14,4.599338054656982,4.67012762320997,4.5532138787023335,4.5857720652052345,438164000,False
2017-12-15,4.724885940551758,4.745111671652065,4.578374060216455,4.643243933912937,670036000,False
2017-12-18,4.88126277923584,4.884222400517202,4.735737481037844,4.765335575664388,477704000,False
2017-12-19,4.837111949920654,4.8770698973589575,4.808746911657305,4.871890206992257,373100000,False
2017-12-20,4.85413122177124,4.885455882477419,4.798634201462994,4.876330029894539,288820000,False
2017-12-21,4.8316850662231445,4.88249542230185,4.823298767625337,4.857583514434146,300904000,False
2017-12-22,4.81639289855957,4.825765738247542,4.717238294132747,4.794934115410073,466276000,False
2017-12-26,4.86991548538208,4.8775617603413,4.731296466325032,4.761141543365453,355080000,False
2017-12-27,4.863255500793457,4.932318489325759,4.842043710499492,4.856596236873765,329488000,False
2017-12-28,4.868927955627441,4.9177652161902765,4.8627617275143,4.886933605171521,240248000,False
2017-12-29,4.772735595703125,4.895075553971699,4.772735595703125,4.895075553971699,279964000,False
2018-01-02,4.917026996612549,4.9207271111997,4.7974006219009935,4.82897179668988,355616000,False
2018-01-03,5.240635395050049,5.270973980214777,5.025554077176567,5.034186893169818,914704000,False
2018-01-04,5.268260955810547,5.378268447512615,5.246062149382652,5.321784891005477,583268000,False
2018-01-05,5.3129072189331055,5.350151601977687,5.206352820649523,5.283062126710775,580124000,False
2018-01-08,5.475696563720703,5.549692272506155,5.391341004070175,5.436232122974697,881216000,False
2018-01-09,5.474216938018799,5.520587635932108,5.392821463925591,5.481123192156812,497000000,False
2018-01-10,5.517134189605713,5.520587316474899,5.327704776355258,5.381968265792931,582664000,False
2018-01-11,5.527000904083252,5.581017879622063,5.50554164801738,5.549692747751451,406032000,False
2018-01-12,5.499869346618652,5.549446658347346,5.459418358837358,5.515161902226375,359916000,False
2018-01-16,5.429080009460449,5.611603203448441,5.344724902735985,5.52626155606833,702348000,False
2018-01-17,5.54278564453125,5.552651518824776,5.349903121083364,5.443631043911312,538408000,False
2018-01-18,5.535880088806152,5.590143580389749,5.492469013267313,5.523547156319014,408632000,False
2018-01-19,5.675731182098389,5.699903066790805,5.599022378775064,5.625907366990663,609380000,False
2018-01-22,5.76403284072876,5.765759403905469,5.6261538336060335,5.683623923825004,550944000,False
2018-01-23,5.892787933349609,5.9154797795703535,5.798812997620069,5.817311693254807,475228000,False
2018-01-24,5.8160786628723145,5.93175890472965,5.760581634796051,5.895994101030131,579972000,False
2018-01-25,5.829643249511719,5.913505300502726,5.814844202411313,5.870340746651141,409884000,False
2018-01-26,6.001807689666748,6.002054207184239,5.860475527353865,5.873301495062536,516356000,False
2018-01-29,6.088629245758057,6.119707859090769,5.934718106888472,5.987255034677999,455116000,False
2018-01-30,5.986761093139648,6.078022904578278,5.880453716835236,5.947050135686135,570832000,False
2018-01-31,6.062728404998779,6.148316993409829,6.029430206265513,6.061988382299851,478576000,False
2018-02-01,5.932004451751709,6.089862691392032,5.871821247817131,5.883167169125468,519224000,False
2018-02-02,5.75984001159668,5.869600979057125,5.701876883222296,5.845675610720848,718464000,False
2018-02-05,5.270974636077881,5.75268771025319,5.056386326444,5.599023095999776,1165204000,False
2018-02-06,5.563997268676758,5.56695688948805,5.031719980393875,5.041586324004498,1114800000,False
2018-02-07,5.6434197425842285,5.795604767983694,5.59162284473863,5.662658926393454,802932000,False
2018-02-08,5.365195274353027,5.801770646973157,5.364948286435471,5.768719429525478,1144000000,False
2018-02-09,5.724322319030762,5.892292935670024,5.365195739853088,5.876507348422898,1674604000,False
2018-02-12,5.6244282722473145,5.808184965470186,5.550432559935962,5.805224873523904,1093172000,False
2018-02-13,5.737888336181641,5.784012510720715,5.555858224254798,5.588169892271492,625524000,False
2018-02-14,5.954696178436279,5.983554719563268,5.68658442063882,5.6976838233451055,744988000,False
2018-02-15,6.079996109008789,6.126120285881018,5.957163119469056,6.037818564393972,698900000,False
2018-02-16,6.0143866539001465,6.166324702627978,6.005260331504343,6.052864553917178,637656000,False
2018-02-20,6.143632411956787,6.212448425008004,6.033131422201149,6.036831536660444,686240000,False
2018-02-21,5.956916332244873,6.214915722242447,5.953216687815489,6.208009468399191,892292000,False
2018-02-22,5.976413726806641,6.062302201323417,5.911010217415333,5.990728629474634,534364000,False
2018-02-23,6.06970739364624,6.06970739364624,5.985546543870526,6.036141816174472,415300000,False
2018-02-26,6.08574914932251,6.120301875973909,6.023553770604395,6.115859449796671,469312000,False
2018-02-27,6.072916030883789,6.1432557886186405,6.049962943337151,6.059094467614304,455436000,False
2018-02-28,5.972711086273193,6.123262569792871,5.96111097478095,6.083773609779952,523116000,False
2018-03-01,5.731090068817139,6.024295926911508,5.630146179920851,5.970492044218459,1040120000,False
2018-03-02,5.837955474853516,5.844372679038136,5.475397090045217,5.623727620192027,913428000,False
2018-03-05,5.815990447998047,5.855479417365354,5.664697975165996,5.78785445140607,620776000,False
2018-03-06,5.97666072845459,5.995911870452835,5.858193828026805,5.901138067663236,636808000,False
2018-03-07,5.968763828277588,6.02084006910537,5.872756188373908,5.873990012800662,581208000,False
2018-03-08,5.952474117279053,5.996158841962189,5.908295580419141,5.996158841962189,411912000,False
2018-03-09,6.054898262023926,6.067731728206355,5.983818032172269,5.999860100273098,505524000,False
2018-03-12,6.164234638214111,6.244199739427747,6.087971481180662,6.096116323271911,605060000,False
2018-03-13,6.113637924194336,6.281219587830296,6.072421323424346,6.206930755721556,619772000,False
2018-03-14,6.139060974121094,6.183732860950021,6.076865577479246,6.156584013188283,505496000,False
2018-03-15,6.153866291046143,6.23481851275129,6.1119092148313205,6.152632467074606,401952000,False
2018-03-16,6.182003974914551,6.201007976209314,6.132642529094232,6.170157190258023,399456000,False
2018-03-19,5.948032379150391,6.154115429457024,5.849309945747642,6.1252394177871,713772000,False
2018-03-20,6.1597900390625,6.198538516155314,5.950991799202896,5.950991799202896,554696000,False
2018-03-21,6.134616374969482,6.219517691114243,6.1042589350562935,6.153373231955915,438688000,False
2018-03-22,5.969009876251221,6.117834224409769,5.93174235690678,6.0714347105756685,551196000,False
2018-03-23,5.749846935272217,5.985053134889505,5.7387406322745536,5.982585015251615,735620000,False
2018-03-26,6.033919334411621,6.035153158563368,5.822159615755501,5.87398870354922,611424000,False
2018-03-27,5.565975189208984,6.170156946070293,5.4260361690128125,6.114625439406536,1409000000,False
2018-03-28,5.463056564331055,5.661488535439723,5.355695974165066,5.531668673764212,945904000,False
2018-03-29,5.715786933898926,5.812287906499416,5.447014712459238,5.531175558931661,916628000,False
2018-04-02,5.455653190612793,5.791309911841081,5.368037066415771,5.645447485330812,922092000,False
2018-04-03,5.561779499053955,5.685182639429229,5.4630570809028605,5.622247244965913,667432000,False
2018-04-04,5.583745002746582,5.594110820550993,5.281653908568248,5.306581299585368,789168000,False
2018-04-05,5.463796615600586,5.6550713558400645,5.392469722054452,5.641990749507087,701240000,False
2018-04-06,5.28782320022583,5.469225926853435,5.258700058045322,5.361371538375999,662988000,False
2018-04-09,5.3164544105529785,5.478359371517432,5.296462784619328,5.35076046997515,499524000,False
2018-04-10,5.6249613761901855,5.651863073109065,5.489217655227911,5.546230121596091,761676000,False
2018-04-11,5.583745002746582,5.651369959907921,5.551166583719694,5.610153359377357,460244000,False
2018-04-12,5.790073394775391,5.807843565970049,5.632364243443315,5.676542765424728,593920000,False
2018-04-13,5.713565826416016,5.861896373252153,5.665438672598812,5.853504861026074,503036000,False
2018-04-16,5.71331787109375,5.746636771032403,5.619284562649923,5.720228415903643,350792000,False
2018-04-17,5.862637042999268,5.883862494969339,5.709864064453389,5.765395578606497,447224000,False
2018-04-18,5.833761215209961,5.904841467141911,5.7449112533543225,5.812289090097394,391364000,False
2018-04-19,5.6528496742248535,5.7530530365769,5.597565320235047,5.719734139343891,471996000,False
2018-04-20,5.644707202911377,5.7283742447176005,5.613609743341578,5.644213390693867,386200000,False
2018-04-23,5.525498867034912,5.713565029221949,5.499584321786903,5.662476421553817,427508000,False
2018-04-24,5.459355354309082,5.646927720878305,5.394198508665177,5.551167230375891,414596000,False
2018-04-25,5.347303867340088,5.468732675556246,5.190335184210594,5.429737057742677,588492000,False
2018-04-26,5.558570861816406,5.5667157025196055,5.442818750768528,5.5087160762706295,375824000,False
2018-04-27,5.58596658706665,5.683948996221032,5.543762828458782,5.6642045119618345,400848000,False
2018-04-30,5.550673484802246,5.651864027486285,5.531422812333573,5.602255909765012,327844000,False
2018-05-01,5.605958461761475,5.60867325197152,5.484035807069009,5.5425292503028505,253788000,False
2018-05-02,5.58547306060791,5.6469274892657895,5.559311372689677,5.602502754213488,268248000,False
2018-05-03,5.750339031219482,5.776500717117908,5.572144880373844,5.617310565547473,443144000,False
2018-05-04,5.900149822235107,5.903358423765307,5.704432660821404,5.721709021760126,400660000,False
2018-05-07,6.137578010559082,6.194590478154697,5.994677070919185,6.004549547163417,687616000,False
2018-05-08,6.180030345916748,6.182745136293116,6.088958473091492,6.137826112103173,506616000,False
2018-05-09,6.312811374664307,6.3150328234467255,6.172872340759179,6.2000211846200886,596760000,False
2018-05-10,6.420170783996582,6.42930230598553,6.347856266346499,6.365626439743799,994080000,False
2018-05-11,6.281960487365723,6.411780841193314,6.183485203739903,6.238769573494749,1214456000,False
2018-05-14,6.302446365356445,6.3796971507779325,6.278753262359859,6.319969874904198,523140000,False
2018-05-15,6.06057596206665,6.241732088008999,5.9603725617833705,6.239016826815854,963528000,False
2018-05-16,6.071682453155518,6.13363070610723,5.985300143929614,6.022074328345058,553828000,False
2018-05-17,6.113637924194336,6.20717742641007,6.057365938004435,6.073408476923989,519784000,False
2018-05-18,6.0699543952941895,6.228650767080164,6.0650181560818455,6.165468693995751,483716000,False
2018-05-21,6.0279974937438965,6.170898469455609,5.935445123946759,6.167196525302346,640624000,False
2018-05-22,5.989989280700684,6.066499105298722,5.929521527380091,6.041325038578141,518264000,False
2018-05-23,6.113219738006592,6.1144547961253295,5.933186700885988,5.933927641549898,442956000,False
2018-05-24,6.116923809051514,6.159154128524659,6.056419151854673,6.109515344681005,437372000,False
2018-05-25,6.156192779541016,6.172492066997731,6.093959393453647,6.129521261069739,292112000,False
2018-05-29,6.139152050018311,6.207066134741577,6.092477014262807,6.13816428586472,352684000,False
2018-05-30,6.2478132247924805,6.256456748701472,6.14804199393629,6.172737978406287,390996000,False
2018-05-31,6.228056907653809,6.302391688798334,6.205336920873894,6.215955973450218,493868000,False
2018-06-01,6.362154960632324,6.368329309955514,6.264112435698902,6.272755959507304,421968000,False
2018-06-04,6.540706157684326,6.56268520054488,6.364130518907523,6.39623496639572,642024000,False
2018-06-05,6.546138286590576,6.583676137630654,6.499215972790479,6.543915464738218,391712000,False
2018-06-06,6.5481157302856445,6.551326316888527,6.43994778921863,6.456247074462109,371356000,False
2018-06-07,6.492549896240234,6.55626515110124,6.402409480601927,6.54441104065344,369448000,False
2018-06-08,6.477237224578857,6.519713896588702,6.401173755259388,6.41994268162536,360456000,False
2018-06-11,6.436242580413818,6.506131708027877,6.423400706985754,6.464642795892608,265372000,False
2018-06-12,6.484647750854492,6.496748686247066,6.412535785065475,6.462668702728651,319160000,False
2018-06-13,6.480201721191406,6.560957201601177,6.471064079513934,6.486128776463721,338208000,False
2018-06-14,6.591579437255859,6.648133043170649,6.510329849227607,6.525147721117693,430016000,False
2018-06-15,6.550832271575928,6.605657183548417,6.5036631202595725,6.534532986152668,432260000,False
2018-06-18,6.546632289886475,6.564166157059547,6.479706464728393,6.50687161768719,356268000,False
2018-06-19,6.425129413604736,6.510824177560597,6.297945737501037,6.4436510475121525,594932000,False
2018-06-20,6.4779791831970215,6.530828090550254,6.427846273595946,6.4661250729939725,369780000,False
2018-06-21,6.349560260772705,6.528111436405862,6.341904501110473,6.509836625133135,359516000,False
2018-06-22,6.197433948516846,6.383641374257668,6.182122898633195,6.370305381508679,434160000,False
2018-06-25,5.905280590057373,6.094944913252802,5.816869364654443,6.091240680979333,665816000,False
2018-06-26,5.9761576652526855,6.066544892297276,5.9247901740667634,6.018387987069641,478884000,False
2018-06-27,5.821316242218018,6.085809055214943,5.815882832784347,6.019624146145529,453892000,False
2018-06-28,5.948252201080322,5.960106311235396,5.803780999000029,5.811436758848651,338012000,False
2018-06-29,5.850456714630127,6.025797314777544,5.849221656298531,6.0132027344304015,392300000,False
2018-07-02,5.982333183288574,5.986037416403463,5.760563893225749,5.781061529063429,357572000,False
2018-07-03,5.848973751068115,6.022832908507527,5.8405770516988,6.016905854307813,222732000,False
2018-07-05,5.994433879852295,5.999372700130542,5.86527419108202,5.904046638727551,306216000,False
2018-07-06,6.108034133911133,6.116430834087007,5.948745537945985,5.969984111615345,296352000,False
2018-07-09,6.155450344085693,6.191753614859191,6.076917689609045,6.182122327117943,303880000,False
2018-07-10,6.25423526763916,6.276214315335852,6.12754521237883,6.167799545485956,360016000,False
2018-07-11,6.112973213195801,6.196198329275567,6.102353691210243,6.161624236849754,367508000,False
2018-07-12,6.204349040985107,6.25225913402457,6.1482895406026,6.158168123967627,345508000,False
2018-07-13,6.157180309295654,6.222871574256367,6.115197269200693,6.222871574256367,246988000,False
2018-07-16,6.129520416259766,6.182369799319583,6.11717265847861,6.129520416259766,197036000,False
2018-07-17,6.265100955963135,6.280165654154368,6.054938948356211,6.080375876369563,362136000,False
2018-07-18,6.215955257415772,6.271521101669961,6.165081880761804,6.257691464173221,277640000,False
2018-07-19,6.224104404449463,6.257691203872095,6.182121847244534,6.197186071303986,235752000,False
2018-07-20,6.195953369140625,6.260409576988923,6.185087020666488,6.221637122961804,222352000,False
2018-07-23,6.159400939941406,6.171255048155514,6.008014943564396,6.169526343667483,301584000,False
2018-07-24,6.142114639282227,6.293747477234228,6.124580298038588,6.207311771322909,354620000,False
2018-07-25,6.220152854919434,6.232747903702916,6.093709662756568,6.151498322203546,319112000,False
2018-07-26,6.2935004234313965,6.330297340985421,6.183356965047485,6.200150366200036,325124000,False
2018-07-27,6.223858833312988,6.336966067788398,6.1700216851546745,6.330051247936575,295420000,False
2018-07-30,6.029007434844971,6.243861877359639,5.994186046553237,6.237934822521967,340340000,False
2018-07-31,6.0470356941223145,6.121617293888882,5.979863030994698,6.018635476894755,283988000,False
2018-08-01,6.086796760559082,6.133472267190155,6.023081498023042,6.078400529764167,283556000,False
2018-08-02,6.189284324645996,6.193235380850384,5.956895992061863,6.015671956914451,269668000,False
2018-08-03,6.225834369659424,6.249542592631869,6.196940502828129,6.213733434902965,214288000,False
2018-08-06,6.273497104644775,6.276954514280771,6.166811052427346,6.2132392592640695,207508000,False
2018-08-07,6.345609188079834,6.364131294951758,6.295476747349991,6.322148260940575,258132000,False
2018-08-08,6.381911277770996,6.426858069963295,6.312022150661158,6.346843538121106,262100000,False
2018-08-09,6.333508014678955,6.402409382930159,6.325852254758074,6.399692914126632,204280000,False
2018-08-10,6.292264938354492,6.32461667776272,6.240650626054386,6.251763793810978,256396000,False
2018-08-13,6.32511043548584,6.4456265784123525,6.299179867276343,6.300908571823642,375208000,False
2018-08-14,6.456246852874756,6.470323786169073,6.347337974711382,6.43031627974937,466220000,False
2018-08-15,6.3982110023498535,6.510824098989789,6.319677881261507,6.476990475627023,591136000,False
2018-08-16,6.3577094078063965,6.470322975911704,6.2976983912102,6.467853330537111,801260000,False
2018-08-17,6.046049118041992,6.2473207947639136,6.019130306023821,6.246579853850766,1143188000,False
2018-08-20,6.120628833770752,6.252998616949036,5.895402178551231,6.005546096413886,854388000,False
2018-08-21,6.255964279174805,6.260409453587615,6.11717328195806,6.136929979043626,673988000,False
2018-08-22,6.490574836730957,6.4955141286386855,6.219908140495318,6.223365550623367,749856000,False
2018-08-23,6.589851379394531,6.65504851479225,6.438218533634873,6.452048171926908,720684000,False
2018-08-24,6.722715854644775,6.737286434919036,6.593803454673904,6.598248628632078,531512000,False
2018-08-27,6.813596248626709,6.8876837319511655,6.720986658952772,6.752350168671855,505776000,False
2018-08-28,6.776057720184326,6.830388975557091,6.656282511970752,6.807668521065264,475384000,False
2018-08-29,6.881320476531982,6.906276927029086,6.747642542911635,6.768398346735638,420108000,False
2018-08-30,6.864516735076904,6.961130649716896,6.827699696789703,6.850185147149825,346608000,False
2018-08-31,6.935434818267822,6.948283718005384,6.834620229159438,6.844504215708833,306592000,False
2018-09-04,7.0100579261779785,7.047615853483395,6.893923428996472,6.92233918624667,391720000,False
2018-09-05,6.879589557647705,7.027846022671807,6.798789918528447,6.992511674357577,393156000,False
2018-09-06,6.738747596740723,6.865753901185525,6.705884237101798,6.863282904561591,322796000,False
2018-09-07,6.717496395111084,6.842773021466372,6.602103281781058,6.646827226850209,295420000,False
2018-09-10,6.788413047790527,6.818064533811941,6.696247189809734,6.73998283713233,220140000,False
2018-09-11,6.740724563598633,6.829678084094086,6.721450978773439,6.742206784512565,243112000,False
2018-09-12,6.627060413360596,6.720462001123825,6.471885331108481,6.700941459984335,419092000,False
2018-09-13,6.704648494720459,6.79508470247253,6.675491396456412,6.692787900291968,305536000,False
2018-09-14,6.830418586730957,6.896392726322241,6.758020233854188,6.794837277185484,386936000,False
2018-09-17,6.7686448097229,6.853892528183023,6.749371699380639,6.804967935051517,205528000,False
2018-09-18,6.696742534637451,6.87514446273962,6.690071361242355,6.772600680603861,299520000,False
2018-09-19,6.720460891723633,6.738251779621259,6.628295052989575,6.678207945349268,224860000,False
2018-09-20,6.579618453979492,6.6408975601703295,6.5257518654368365,6.598644607174881,430584000,False
2018-09-21,6.509689807891846,6.636943509979191,6.476579498285706,6.591478220353052,435128000,False
2018-09-24,6.565286636352539,6.568745936813636,6.391826754239927,6.478803653530786,293912000,False
2018-09-25,6.63224983215332,6.657206284213501,6.54576683950899,6.63126152780852,280388000,False
2018-09-26,6.595432281494141,6.6774676626724,6.579618470596682,6.637191318108832,268548000,False
2018-09-27,6.607293128967285,6.651770121853596,6.575912464211404,6.630519929717678,214428000,False
2018-09-28,6.94383430480957,6.966072798971072,6.711071933386092,6.738993765849072,709396000,False
2018-10-01,7.1499128341674805,7.216627862016789,6.982877128018548,7.021423829437532,622060000,False
2018-10-02,7.078748226165772,7.23392283204852,7.056509731173536,7.122483870144587,383964000,False
2018-10-03,7.084926605224609,7.156336664507678,6.981147102560318,7.148923674569364,320552000,False
2018-10-04,6.901087760925293,7.073064954441898,6.824241331969578,7.04884985073549,391220000,False
2018-10-05,6.6680779457092285,6.938398717234675,6.610752057467847,6.876378265974651,426636000,False
2018-10-08,6.567017078399658,6.700200633504792,6.426420533715067,6.585054928878049,408612000,False
2018-10-09,6.561333656311035,6.64089756978881,6.493629865346399,6.546507678404485,273500000,False
2018-10-10,6.070851802825928,6.501289641383525,6.068627764810191,6.455576917650011,684940000,False
2018-10-11,5.809920787811279,6.1170586080207165,5.788423638256717,5.98387459278552,725436000,False
2018-10-12,6.091855049133301,6.165983528734327,5.921607494025776,6.066404681163061,608236000,False
2018-10-15,5.816099643707275,6.07851358673675,5.815111339166399,6.07851358673675,449760000,False
2018-10-16,6.074312210083008,6.085431459598973,5.879355141777879,5.9285267036712055,408712000,False
2018-10-17,6.005866050720215,6.174384415634932,5.956941455350333,6.136331638373234,329668000,False
2018-10-18,5.918642520904541,6.113352624481227,5.858351711491363,6.075053355089918,524020000,False
2018-10-19,5.662653923034668,5.993265577881803,5.626331258448691,5.973745503639919,613608000,False
2018-10-22,5.713306427001953,5.814614911975951,5.610762679608706,5.71478911894051,368844000,False
2018-10-23,5.462259769439697,5.539600117668825,5.354773548313665,5.446692445200162,626436000,False
2018-10-24,4.927302837371826,5.470415590958733,4.913465629802037,5.42396197374743,884288000,False
2018-10-25,5.13560152053833,5.182796468254659,4.7857163446825615,4.829946379467032,951720000,False
2018-10-26,4.899627208709717,5.061473482559013,4.771879557371458,4.900121125260857,664784000,False
2018-10-29,4.586559295654297,5.043930288047178,4.349101831615991,5.040470986827069,758016000,False
2018-10-30,5.0160064697265625,5.025890452909865,4.586557486109234,4.609537322845577,807192000,False
2018-10-31,5.209482192993164,5.252970878575338,5.040963830921203,5.18032509711425,745772000,False
2018-11-01,5.389368057250977,5.398757656723048,5.119541140694787,5.245806110034858,566528000,False
2018-11-02,5.310544013977051,5.485486598792226,5.194162582349934,5.379977456977233,452960000,False
2018-11-05,5.23270845413208,5.320674120491203,5.072344443286182,5.297446852435231,379332000,False
2018-11-06,5.215166091918945,5.308814644584688,5.178101615555267,5.224802648403968,299012000,False
2018-11-07,5.282623291015625,5.3720712108376105,5.218131827199866,5.281634986514557,483812000,False
2018-11-08,5.089889526367188,5.224308345403176,5.036516849202942,5.223566999308539,511352000,False
2018-11-09,5.081981658935547,5.172170903514571,4.967577310306825,5.001182011826007,413240000,False
2018-11-12,4.683419704437256,5.012796045461431,4.661675123678761,4.990804506440388,617116000,False
2018-11-13,4.924830913543701,5.045906928294173,4.774844754820169,4.781022482432553,644712000,False
2018-11-14,4.872445106506348,5.111879087537708,4.764712422163777,5.09754750028647,526580000,False
2018-11-15,5.0009355545043945,5.072839999127025,4.830687520491654,4.8665162636691335,840708000,False
2018-11-16,4.062966823577881,4.216906185200407,3.9932859463314143,4.0355393745942125,1963520000,True
2018-11-19,3.5754504203796387,3.9984751069736695,3.5737207698359827,3.997734232135896,1697820000,False
2018-11-20,3.6836769580841056,3.811671549744272,3.294009844501757,3.312541845400072,1692032000,False
2018-11-21,3.575698137283325,3.837370755333964,3.5485178750239594,3.820568398538324,1025496000,False
2018-11-23,3.5828633308410645,3.6962793968253616,3.5282556215501684,3.5411045220476995,411968000,False
2018-11-26,3.7817728519439697,3.792150752247875,3.6214088423568778,3.703691170161521,814832000,False
2018-11-27,3.798575878143311,3.8796227224228974,3.720000030276152,3.755828535667613,738060000,False
2018-11-28,3.95523452758789,3.960423480116482,3.7837511932333774,3.9159464748459794,804524000,False
2018-11-29,3.8921618461608887,3.994561012134455,3.861986278433045,3.9574599197400886,549172000,False
2018-11-30,4.042298316955566,4.052933809984979,3.8515979921217385,3.901808284921015,729564000,False
2018-12-03,4.205789089202881,4.320555563133975,4.139006861567999,4.2691085556314725,890804000,False
2018-12-04,3.885977745056152,4.166215184297463,3.870889727888633,4.161268247019662,812112000,False
2018-12-06,3.915163516998291,3.9201102177645306,3.730152285035661,3.74573471089126,692308000,False
2018-12-07,3.65100359916687,3.929509907561771,3.6017828445214954,3.9193688271571343,681676000,False
2018-12-10,3.7561230659484863,3.780857277896999,3.602524123973006,3.606234326530161,629472000,False
2018-12-11,3.665349721908569,3.8558023450063774,3.5864478097089307,3.847640086361001,671912000,False
2018-12-12,3.682910442352295,3.778878709960328,3.5819952376689588,3.671037982077922,654136000,False
2018-12-13,3.682663202285767,3.7937194925094015,3.6467988500627473,3.729658163536152,471384000,False
2018-12-14,3.622312307357788,3.724711463757968,3.5988148252338936,3.641110057173933,471820000,False
2018-12-17,3.5513250827789307,3.664359962254673,3.4934471880581057,3.5923838146649856,662868000,False
2018-12-18,3.634431600570679,3.718280203883711,3.567896805524452,3.5951042522127103,564372000,False
2018-12-19,3.4259226322174072,3.654218623692021,3.3744756216447698,3.6007927912193085,745364000,False
2018-12-20,3.3415796756744385,3.507298298895326,3.2819704029459897,3.4175134638632625,749588000,False
2018-12-21,3.2048003673553467,3.4009420238946317,3.177345474829577,3.368045546761011,863740000,False
2018-12-24,3.1432127952575684,3.214941751630458,3.0793986573482632,3.1286196570603906,463840000,False
2018-12-26,3.29211163520813,3.29310092834762,3.078408748802953,3.1892176004464607,695100000,False
2018-12-27,3.244374990463257,3.274303352560834,3.0962175916360213,3.239922934896258,637044000,False
2018-12-28,3.305714607238769,3.3982203386389527,3.223102748867108,3.264903324527781,628728000,False
2018-12-31,3.302006244659424,3.3814025856863776,3.271335789492074,3.3490009849576454,465140000,False
2019-01-02,3.3692827224731445,3.425181808088781,3.2166732510461173,3.231266389779236,508752000,False
2019-01-03,3.165719985961914,3.3430636293693605,3.1582998159622626,3.309177863997585,705552000,False
2019-01-04,3.36854100227356,3.4066313933589445,3.208016469924211,3.2386866886515766,585620000,False
2019-01-07,3.546873092651367,3.5837269755322927,3.374476139704022,3.425675952826324,709160000,False
2019-01-08,3.4585723876953125,3.630474703823944,3.386101352210225,3.6282484402620594,786016000,False
2019-01-09,3.5265913009643555,3.573833471465944,3.4593144099664945,3.509771901302659,617260000,False
2019-01-10,3.592136144638061,3.600793048789636,3.4469468884540846,3.507298248069689,523156000,False
2019-01-11,3.6811790466308594,3.7039344381425385,3.5421732290331582,3.569875321717146,874764000,False
2019-01-14,3.721001148223877,3.746230010591205,3.6054927992140615,3.6289902806288743,730168000,False
2019-01-15,3.7069029808044434,3.792977619724947,3.688599641824776,3.75365026760115,617012000,False
2019-01-16,3.681426525115967,3.767006513928538,3.675985177010973,3.7341102764254,470104000,False
2019-01-17,3.752661466598511,3.7924834705310415,3.621323227531037,3.648530916275884,493436000,False
2019-01-18,3.881525754928589,3.907496705882418,3.7509296199826254,3.8023766394178167,651336000,False
2019-01-22,3.6796953678131104,3.86297525890782,3.6495198025286726,3.851350238318472,661552000,False
2019-01-23,3.6925570964813232,3.823400673370535,3.6613922382278936,3.7348525645319417,591020000,False
2019-01-24,3.904033899307251,3.921594914507288,3.772201031450973,3.7769005278220016,708972000,False
2019-01-25,3.961169481277466,3.979225378987472,3.74227268118326,3.844671836656973,1154572000,False
2019-01-28,3.413555860519409,3.503340696624526,3.240169859925918,3.377444067456263,2511528000,False
2019-01-29,3.255010843276977,3.4157827988388343,3.240417705613786,3.3675510942287774,1153932000,False
2019-01-30,3.398221492767334,3.41256718894163,3.251548030489446,3.3309445957984027,974228000,False
2019-01-31,3.555530548095703,3.591147702099988,3.3732399276667784,3.3950060317480086,842852000,False
2019-02-01,3.5797693729400635,3.6307217454259466,3.526591208758648,3.5740805833765674,625048000,False
2019-02-04,3.6898367404937744,3.726937832818774,3.57358628952152,3.595599598010807,528592000,False
2019-02-05,3.7088816165924072,3.7454880591567816,3.668070324166557,3.7017086512924178,542424000,False
2019-02-06,3.7843210697174072,3.848629849588189,3.736584249388209,3.742025598227512,702464000,False
2019-02-07,3.6463043689727774,3.740294065936095,3.603514488462521,3.738068038238784,637120000,False
2019-02-08,3.6648547649383545,3.6754902556945326,3.5649288473641456,3.579274541147824,461604000,False
2019-02-11,3.622312307357788,3.674995825326401,3.5740806086947448,3.620828131706295,495180000,False
2019-02-12,3.739057302474976,3.754639968001304,3.646304340703268,3.6606502717666825,591060000,False
2019-02-13,3.781352996826172,3.854318683296899,3.754887396688317,3.768491240706484,605372000,False
2019-02-14,3.822163820266724,3.850360798091592,3.7373256814451943,3.780363235989196,827264000,False
2019-02-15,3.891666889190674,4.053180443209422,3.868911494579695,4.030425284481418,1516748000,False
2019-02-19,3.8743526935577393,3.954738777372475,3.861985821478209,3.8810310120576954,551892000,False
2019-02-20,3.921594619750977,3.988624062425429,3.8924085864337625,3.903538723441245,540988000,False
2019-02-21,3.852834224700928,3.958696145716068,3.8382410884779214,3.934209605693475,448548000,False
2019-02-22,3.937425374984741,3.956223363287436,3.890925286769027,3.90452913133803,401740000,False
2019-02-25,3.9250576496124263,4.0880553642867286,3.916400509384179,4.020778715727318,656020000,False
2019-02-26,3.885730266571045,3.976257189293156,3.852339147915005,3.9203581195346735,488464000,False
2019-02-27,3.8439297676086426,3.897850016459146,3.7870411676496665,3.8713846565324657,500256000,False
2019-02-28,3.8194174766540527,3.8600233649660742,3.7971340252599255,3.8377396774458985,324944000,False
2019-03-01,3.8736414909362793,3.9157326149717138,3.81099960705312,3.8691846114523374,357188000,False
2019-03-04,3.881812334060669,3.93479784486016,3.825360256341027,3.912018998445061,409992000,False
2019-03-05,3.875374794006348,3.9135044323983146,3.811990055268509,3.866213574596318,362924000,False
2019-03-06,3.764699459075928,3.874879670769434,3.761975980751839,3.8664615395285744,403524000,False
2019-03-07,3.695620059967041,3.750834131965574,3.649567208007592,3.7411777555158,450104000,False
2019-03-08,3.7297885417938232,3.7404352313278832,3.5851922406276207,3.606485619695741,422416000,False
2019-03-11,3.98976469039917,4.012543303389181,3.7062669675473696,3.753310371225273,859728000,False
2019-03-12,4.023932933807373,4.070233010803532,3.9414831322687927,4.017495191948236,579576000,False
2019-03-13,4.174966335296631,4.204182689776566,4.0538917335363385,4.061319788358291,768900000,False
2019-03-14,4.099201679229736,4.196011956175132,4.091526164801752,4.184127258205856,519384000,False
2019-03-15,4.2044291496276855,4.247015421169146,4.138815868977897,4.142282198896993,661484000,False
2019-03-18,4.1831374168396,4.289603845788803,4.156149147107032,4.2358752387379175,486992000,False
2019-03-19,4.35051155090332,4.394831471395088,4.260634409266724,4.277470670939343,854972000,False
2019-03-20,4.318076133728027,4.432712966037835,4.2834123584561485,4.3794797665419605,719148000,False
2019-03-21,4.5542826652526855,4.58052807605089,4.336150834187309,4.341102869772194,824312000,False
2019-03-22,4.394830226898193,4.575575244016056,4.380964907475675,4.527046626037242,747644000,False
2019-03-25,4.302726268768311,4.418353444907615,4.236618042843589,4.354226317013071,525212000,False
2019-03-26,4.379232883453369,4.500059539757855,4.32302826643485,4.4441028551164905,703508000,False
2019-03-27,4.3700714111328125,4.451035259026395,4.300744799971149,4.404735188965764,474372000,False
2019-03-28,4.388640403747559,4.454253210706671,4.335654671358555,4.39606798355303,480264000,False
2019-03-29,4.445836544036865,4.47010133445733,4.404983422748778,4.455245224668751,456896000,False
2019-04-01,4.513182163238525,4.543388825178386,4.465891308838393,4.537446476833416,483824000,False
2019-04-02,4.531008720397949,4.575328636598835,4.494364790024457,4.537199001081195,440920000,False
2019-04-03,4.670157432556152,4.72908551863376,4.575575731628518,4.580527766879157,783504000,False
2019-04-04,4.661244869232178,4.7035836910063535,4.598602983135387,4.654807127958316,457376000,False
2019-04-05,4.727848529815674,4.7451806577978,4.667930587471102,4.704327064503946,481744000,False
2019-04-08,4.74864673614502,4.773653905545803,4.673377295551012,4.697394152141691,424192000,False
2019-04-09,4.686004638671875,4.726362835470245,4.643913276469628,4.715220990409292,439972000,False
2019-04-10,4.756321430206299,4.782071450392167,4.680805007254649,4.685261650699868,444772000,False
2019-04-11,4.742456436157227,4.79024268901286,4.6931849502183125,4.758797778090692,374600000,False
2019-04-12,4.7045745849609375,4.785043527312434,4.695908756984894,4.781081803558154,471708000,False
2019-04-15,4.573100566864014,4.701850673879405,4.533485221974996,4.696898637705237,440092000,False
2019-04-16,4.660007476806641,4.678824839316687,4.579539001923982,4.612221690019909,394964000,False
2019-04-17,4.637228965759277,4.715716816519887,4.614945271356843,4.694918827678214,351004000,False
2019-04-18,4.612717151641846,4.677835075304446,4.584986497216023,4.643914610123186,380988000,False
2019-04-22,4.666444778442383,4.682043268252985,4.557750270062491,4.589194709830857,279936000,False
2019-04-23,4.7209153175354,4.7521127664669525,4.669910669150507,4.679566808753351,346856000,False
2019-04-24,4.733294486999512,4.773900135261135,4.670652613447029,4.731313389637736,318204000,False
2019-04-25,4.627820014953613,4.7154690819013725,4.548341855862243,4.69318538879586,499296000,False
2019-04-26,4.409439086914063,4.478766167098218,4.290840528627895,4.474309051800788,868988000,False
2019-04-29,4.44014310836792,4.46787376383229,4.3453134283745305,4.417364018341969,391920000,False
2019-04-30,4.481491088867188,4.506993182607988,4.388889978719763,4.407954802043703,362920000,False
2019-05-01,4.468367099761963,4.575823812477557,4.468119167414932,4.533732455985197,354280000,False
2019-05-02,4.535714149475098,4.577310123321939,4.434942613606475,4.478024292877047,394684000,False
2019-05-03,4.531256198883057,4.554034804968513,4.469852096431354,4.544131206921117,336824000,False
2019-05-06,4.453015804290772,4.465147959739121,4.308171846898487,4.345311165735565,422176000,False
2019-05-07,4.286137104034424,4.404735681096283,4.23810339107594,4.404735681096283,555220000,False
2019-05-08,4.306191921234131,4.386165459503043,4.246768906991969,4.258653604290829,419168000,False
2019-05-09,4.213839054107666,4.24701713403726,4.095240936579254,4.237360992832785,660248000,False
2019-05-10,4.17991828918457,4.248502530035827,4.0605768553508845,4.183137160102314,569500000,False
2019-05-13,3.923161506652832,4.0712241514432606,3.907315319147165,4.048197604882031,656912000,False
2019-05-14,4.01204776763916,4.047206466862857,3.9241510195799183,3.96277581335092,524880000,False
2019-05-15,3.95114016532898,3.987536647687368,3.8974117885785575,3.9565871229976137,502320000,False
2019-05-16,3.9662423133850098,4.008829068263898,3.903353202214998,3.945692024712248,781088000,False
2019-05-17,3.875622510910034,4.053396648854302,3.8362548609050102,3.924399077199855,1022068000,False
2019-05-20,3.757271051406861,3.8320450886560913,3.7325113457262473,3.77707872150093,572064000,False
2019-05-21,3.8392252922058105,3.855071475846897,3.779307124302193,3.8179321526537056,361848000,False
2019-05-22,3.7684128284454346,3.82659782879798,3.75751844479888,3.800600350808348,325868000,False
2019-05-23,3.6475870609283447,3.706267235500549,3.5879163372787097,3.706267235500549,591844000,False
2019-05-24,3.593857765197754,3.701561945118981,3.587172564176269,3.666403246980488,357584000,False
2019-05-28,3.548795223236084,3.644119785836113,3.5468143617202834,3.611437105644795,428356000,False
2019-05-29,3.474764585494995,3.536168232548229,3.440101038310798,3.501257225214244,559800000,False
2019-05-30,3.448241233825684,3.5136812064222056,3.410067837679183,3.477986654424504,394300000,False
2019-05-31,3.3577651977539062,3.4665839936190226,3.356030054188708,3.3994088797142488,389720000,False
2019-06-03,3.316122770309448,3.4075899222093624,3.2868730632897747,3.3689207939736256,478644000,False
2019-06-04,3.544665575027466,3.549871005206409,3.3580128434275585,3.380073986051971,641836000,False
2019-06-05,3.502030611038208,3.623739105727565,3.465840340709544,3.6182856963644894,511616000,False
2019-06-06,3.5640008449554443,3.5885408363110862,3.5037662992283582,3.5062451435420043,408140000,False
2019-06-07,3.606635808944702,3.640842960601512,3.5508629964225635,3.569949813087888,348856000,False
2019-06-10,3.679264783859253,3.747679331886668,3.662656809374648,3.662656809374648,402780000,False
2019-06-11,3.736772060394287,3.7766806010339296,3.697359477711665,3.739002925618497,383872000,False
2019-06-12,3.623987436294556,3.699590533604756,3.608866864111637,3.693393422778572,358892000,False
2019-06-13,3.6750504970550537,3.693393377526362,3.628449122516424,3.646048538814184,308080000,False
2019-06-14,3.5853185653686523,3.6063882708533113,3.54070054629191,3.582096256631189,394428000,False
2019-06-17,3.5949859619140625,3.6319199412390986,3.56077856970314,3.583583419045214,276040000,False
2019-06-18,3.7895700931549072,3.844846944658722,3.645304725523084,3.656211308445145,581920000,False
2019-06-19,3.795520067214966,3.836172078730228,3.769492671567909,3.824769771742642,331644000,False
2019-06-20,3.819811105728149,3.8998759223738366,3.805434236160283,3.8859947743227137,350168000,False
2019-06-21,3.761807680130005,3.854018743770108,3.7553628271980513,3.80493876445652,434428000,False
2019-06-24,3.784116744995117,3.813614422471233,3.7360282095377855,3.7831253019121576,282948000,False
2019-06-25,3.7548677921295166,3.863934590363492,3.7521412049121374,3.789075185635976,311868000,False
2019-06-26,3.9477169513702393,4.008695433176677,3.8691395262178014,3.8820292327860177,584072000,False
2019-06-27,4.0461249351501465,4.06521151620896,3.9972926952527104,4.033235228451945,445440000,False
2019-06-28,4.070912837982178,4.099171095213199,4.024311700565911,4.089999418724976,397668000,False
2019-07-01,4.119000911712647,4.311850529253957,4.081570982217112,4.277643144213777,709756000,False
2019-07-02,4.021336078643799,4.123462266558807,4.0081986322481065,4.102392331026938,400228000,False
2019-07-03,4.034226417541504,4.050338668097319,3.97448783382488,4.044637279281551,246636000,False
2019-07-05,3.971761465072632,3.980437183665463,3.9085521178492,3.975975453073607,396552000,False
2019-07-08,3.896902322769165,3.9311097162544906,3.866909154209639,3.9122708755753615,329788000,False
2019-07-09,3.8993804454803462,3.927390722295944,3.842120469781752,3.854762196636293,342860000,False
2019-07-10,3.9675469398498535,4.024806674809341,3.9288778253043866,3.9427589731733534,452076000,False
2019-07-11,4.121728420257568,4.162380430510887,4.003242204498823,4.0404239269596784,682560000,False
2019-07-12,4.154695510864258,4.225589129805736,4.149490079981708,4.149490079981708,506392000,False
2019-07-15,4.146266460418701,4.191876140857132,4.118008684548276,4.1757643672305695,289840000,False
2019-07-16,4.141558170318604,4.16857676853829,4.086033099999635,4.131395050866482,341444000,False
2019-07-17,4.206750392913818,4.213690967589586,4.114043605126142,4.143293304914357,348204000,False
2019-07-18,4.218400955200195,4.281114350306893,4.160645249121269,4.217161769338876,442192000,False
2019-07-19,4.1752705574035645,4.263019677068063,4.169321424477896,4.256575058860179,344896000,False
2019-07-22,4.246657371520996,4.259547073722081,4.189149433024533,4.196585963337443,315940000,False
2019-07-23,4.354238033294678,4.356220919527254,4.27020696470607,4.285823730358957,428176000,False
2019-07-24,4.428601741790772,4.434303131051249,4.321518313945671,4.397369154134487,366236000,False
2019-07-25,4.297719955444336,4.399846123889658,4.274419395927788,4.387204164980644,392700000,False
2019-07-26,4.339613914489746,4.386215058342815,4.324741319657999,4.324741319657999,274160000,False
2019-07-29,4.333414077758789,4.349526320276378,4.245417282023624,4.3324226351530974,248160000,False
2019-07-30,4.349032402038574,4.36117840703827,4.272685612106463,4.287062718608438,197772000,False
2019-07-31,4.182210445404053,4.318544049392739,4.140071036577182,4.317552133408954,359416000,False
2019-08-01,4.088014602661133,4.282847036285082,4.035959843325962,4.192619133484169,421212000,False
2019-08-02,3.995558023452759,4.064716511124463,3.948213415498583,3.995558023452759,428348000,False
2019-08-05,3.737763404846192,3.8136142340433454,3.690914293755133,3.812374812053093,589156000,False
2019-08-06,3.776432752609253,3.8577370013835552,3.728840171528824,3.8123752856044586,361272000,False
2019-08-07,3.814605236053467,3.826503496667829,3.698350161718005,3.715701594784329,372560000,False
2019-08-08,3.922929525375366,3.924168947611292,3.814854412196198,3.8721143956805033,309300000,False
2019-08-09,3.8217947483062735,3.885499581591262,3.7714753433773143,3.882029294106203,341816000,False
2019-08-12,3.7541234493255615,3.821794283448789,3.732310047504424,3.769739741108865,279200000,False
2019-08-13,3.8681480884552,3.914005764872741,3.713719815365377,3.752636680092983,351956000,False
2019-08-14,3.7199161052703857,3.7913052062117054,3.6762895375376137,3.780150644414901,419880000,False
2019-08-15,3.6876916885375977,3.7585850650011694,3.653484540473427,3.738754786275013,477200000,False
2019-08-16,3.955153465270996,4.004233210635845,3.888721810046788,3.9499480341505486,1007960000,False
2019-08-19,4.233271598815918,4.249136101836233,4.052072545305327,4.068184790825497,815112000,False
2019-08-20,4.161140441894531,4.228315555656023,4.140070503796948,4.2278195977279545,463188000,False
2019-08-21,4.24442720413208,4.299456311294305,4.205510346462788,4.227075769043297,427244000,False
2019-08-22,4.250625133514404,4.2964825715091655,4.211460055121014,4.254095421008157,303488000,False
2019-08-23,4.026542663574219,4.228563996129451,4.006712380628328,4.1742785788354055,568056000,False
2019-08-26,4.10115385055542,4.129164364303277,4.062980690288697,4.105120095805328,318208000,False
2019-08-27,4.010678768157959,4.142054220023411,3.981429064319112,4.13932763285051,290968000,False
2019-08-28,4.000258922576904,4.05286123481841,3.94517531115068,3.984379175706024,255612000,False
2019-08-29,4.143674850463867,4.17593079228666,4.088094791722862,4.091568515815462,357976000,False
2019-08-30,4.156326770782471,4.239448592536736,4.138213722370114,4.189823581943815,290616000,False
2019-09-03,4.073453903198242,4.1166274499411415,4.050626717378443,4.083627083659792,296140000,False
2019-09-04,4.18734073638916,4.194784627204486,4.133994035360161,4.133994035360161,227728000,False
2019-09-05,4.459782123565674,4.465985130466954,4.287583963874514,4.289320824737236,695676000,False
2019-09-06,4.432736873626709,4.493279023714771,4.39477391760945,4.436458583586314,376976000,False
2019-09-09,4.478639602661133,4.564987152602954,4.462263416626171,4.4637522898818425,417524000,False
2019-09-10,4.545137882232666,4.571686777215572,4.436211123418617,4.445887854419998,352812000,False
2019-09-11,4.573671817779541,4.621807955255365,4.530746263849502,4.5597769283241165,361512000,False
2019-09-12,4.572182655334473,4.6746579318485,4.564242786613247,4.620070801973529,327840000,False
2019-09-13,4.514370918273926,4.54265715133636,4.470700919514769,4.505686610745012,324592000,False
2019-09-16,4.471445083618164,4.505934323774935,4.429015973241978,4.4394371416410685,231832000,False
2019-09-17,4.492782115936279,4.497000273869562,4.431743529663977,4.478142793671026,223048000,False
2019-09-18,4.465737342834473,4.501467463048874,4.37939026220508,4.485835712927259,258152000,False
2019-09-19,4.390308380126953,4.4900543855638855,4.379638751098391,4.471692874494908,245476000,False
2019-09-20,4.284855365753174,4.412887601997053,4.274682658844729,4.389315980085497,350244000,False
2019-09-23,4.33820104598999,4.3836078907970535,4.281380611353213,4.2851027942122215,249712000,False
2019-09-24,4.280886650085449,4.39899372110331,4.245404978528507,4.369467071663677,317268000,False
2019-09-25,4.4223151206970215,4.441917038852592,4.235725626464752,4.280388033094018,308432000,False
2019-09-26,4.400233268737793,4.421324066519282,4.349367839482623,4.412639759567855,234564000,False
2019-09-27,4.261780261993408,4.409165963125771,4.201237628924472,4.358548522555069,362056000,False
2019-09-30,4.31909704208374,4.329270223253226,4.256321566821999,4.287585547154962,186184000,False
2019-10-01,4.317359924316406,4.491047010934916,4.312645789053364,4.34217243287037,366008000,False
2019-10-02,4.293540000915527,4.307434891111473,4.221335790853704,4.295524850012319,293372000,False
2019-10-03,4.498739242553711,4.504942251858928,4.267735711769522,4.298006794716774,450588000,False
2019-10-04,4.515115261077881,4.544393918211177,4.435963597026066,4.500971908211548,265524000,False
2019-10-07,4.573671817779541,4.673169354026785,4.57119051991119,4.579874825820831,480984000,False
2019-10-08,4.397504806518555,4.482115054814931,4.379391752446852,4.482115054814931,444436000,False
2019-10-09,4.483850002288818,4.533227019421583,4.445391073078044,4.474173273041271,292412000,False
2019-10-10,4.541415214538574,4.592280635404591,4.476406917044007,4.4816175003554894,309124000,False
2019-10-11,4.614860534667969,4.697981884026245,4.60642421652328,4.625281701814051,446404000,False
2019-10-14,4.628258228302002,4.6491005592301535,4.575159503382003,4.606175012003877,200040000,False
2019-10-15,4.872413158416748,4.944865829725938,4.704433116791738,4.718328480278698,664124000,False
2019-10-16,4.81881856918335,4.943129094185844,4.807404976671537,4.838420492650064,428944000,False
2019-10-17,4.820804595947266,4.908144123758238,4.766464964828939,4.86323371063679,263436000,False
2019-10-18,4.726515293121338,4.853803060480866,4.652326250189994,4.82129867901973,307440000,False
2019-10-21,4.863480567932129,4.876879481697929,4.768945154666601,4.787802639758155,261868000,False
2019-10-22,4.853555679321289,5.0252574148366165,4.845863798218304,4.920300838221016,328720000,False
2019-10-23,4.840653419494629,4.854796296784841,4.739914997500526,4.771674947710298,279916000,False
2019-10-24,4.884571552276611,4.918067891470254,4.847849005161255,4.881841793248821,232020000,False
2019-10-25,5.075130462646484,5.095972796196652,4.957271420404589,4.964963301585127,423092000,False
2019-10-28,5.13095760345459,5.183311416189336,5.089520457974259,5.118799104367879,330792000,False
2019-10-29,5.034933567047119,5.123513946836008,5.015580109240692,5.117062478727796,211236000,False
2019-10-30,5.036919116973877,5.067438654333333,4.968933070897511,5.061731622001463,205960000,False
2019-10-31,4.987790107727051,5.036918664499523,4.908142489595868,5.016076332521951,209732000,False
2019-11-01,5.026745796203613,5.059001717512267,4.9274957882342845,4.952556278001397,283640000,False
2019-11-04,5.22301197052002,5.235418459130673,5.0845590597428405,5.107634229366271,376716000,False
2019-11-05,5.200929641723633,5.248817319143139,5.153041491044939,5.222764400863678,300868000,False
2019-11-06,5.151801586151123,5.202418554291357,5.064461594469839,5.176862082382492,269012000,False
2019-11-07,5.169417381286621,5.252787188243311,5.124754967800568,5.238147862634401,280340000,False
2019-11-08,5.15552282333374,5.187034786552671,5.1150785661477896,5.152545549764464,189100000,False
2019-11-11,5.165448188781738,5.188523361182357,5.068679459008743,5.1547785599665294,243436000,False
2019-11-12,5.200929641723633,5.256757661793327,5.168673242012615,5.20365892745874,283504000,False
2019-11-13,5.175125598907471,5.197208349649521,5.108876400162783,5.169666553241721,300188000,False
2019-11-14,5.2053961753845215,5.207629485656896,5.124259667709916,5.184057390287869,518080000,False
2019-11-15,5.066445827484131,5.254771727110094,4.9783614179687765,5.203161872194428,1053628000,False
2019-11-18,5.267179012298584,5.293727907130065,5.05602542646545,5.0590027001184295,574588000,False
2019-11-19,5.160733699798584,5.259735268796164,5.102672839200709,5.236163646943108,414564000,False
2019-11-20,5.239885330200195,5.3235031346345885,5.125252009839649,5.137906487994394,472588000,False
2019-11-21,5.215072154998779,5.290998067686238,5.193485385180956,5.23541851257245,288388000,False
2019-11-22,5.23268985748291,5.284051259940156,5.209117762671569,5.23765198031653,224100000,False
2019-11-25,5.4887542724609375,5.493716868933194,5.347571573662198,5.360474040534517,506476000,False
2019-11-26,5.384292602539063,5.475850257245019,5.377841134297487,5.471135649951697,385244000,False
2019-11-27,5.419056415557861,5.46399996004786,5.392736101303444,5.42973391735485,215784000,False
2019-11-29,5.381809234619141,5.416572084830323,5.3579715809838655,5.388265463148825,141556000,False
2019-12-02,5.195827484130859,5.388265925001773,5.18068101535842,5.374857125280522,372036000,False
2019-12-03,5.156347274780273,5.160319901852192,4.975331311183511,5.012577294828823,465232000,False
2019-12-04,5.200050354003906,5.262127167276182,5.171495076731679,5.239779476609483,273424000,False
2019-12-05,5.183165073394775,5.237544320755254,5.152623012378893,5.221901034014239,184884000,False
2019-12-06,5.268335819244385,5.30111284931108,5.242263666063759,5.252196185527957,232236000,False
2019-12-09,5.268335819244385,5.322963729080282,5.236801064523608,5.245491782250483,211880000,False
2019-12-10,5.313276290893555,5.364924220810174,5.245736435213519,5.298377521688799,256388000,False
2019-12-11,5.396707534790039,5.402170606689801,5.321222420910559,5.323705549299849,233796000,False
2019-12-12,5.563818454742432,5.5819448661305096,5.35896533106347,5.367904214572435,404348000,False
2019-12-13,5.561833381652832,5.685738819031911,5.507950476997015,5.566799639646705,454704000,False
2019-12-16,5.590635299682617,5.66289277086458,5.581199601512894,5.60925852527263,320976000,False
2019-12-17,5.668604373931885,5.691200227383304,5.599823183300094,5.609258882070009,321196000,False
2019-12-18,5.698898315429688,5.75923696959187,5.694925214773759,5.703367757662373,343548000,False
2019-12-19,5.846640586853027,5.860049386391864,5.728446414003654,5.733412671137176,445360000,False
2019-12-20,5.943729400634766,5.969056556472386,5.893819601347594,5.912939172025918,603044000,False
2019-12-23,5.93007230758667,6.004316104397407,5.919395280275833,5.97228454885652,355060000,False
2019-12-24,5.925106525421143,5.942239783537777,5.880411151831388,5.914677668064655,138864000,False
2019-12-26,5.939259052276611,5.967317503415552,5.909710155763721,5.928581552767337,182852000,False
2019-12-27,5.881652355194092,5.967814978639957,5.855331570059291,5.954406178482756,254644000,False
2019-12-30,5.768671989440918,5.86501528811626,5.7373854238906725,5.859800860524553,258056000,False
2019-12-31,5.842668533325195,5.852104233361392,5.714293662838255,5.733413233709171,231004000,False
2020-01-02,5.957137584686279,5.957137584686279,5.877928004293768,5.928334143962491,237536000,False
2020-01-03,5.861787796020508,5.905490008291012,5.812871155604805,5.837701968795054,205384000,False
2020-01-06,5.886369228363037,5.89158365585585,5.7425997425707305,5.768671880034795,262636000,False
2020-01-07,5.957634925842285,6.003323456491516,5.869734150345123,5.914677694950015,314856000,False
2020-01-08,5.968807697296143,6.010026777884842,5.913435305232208,5.95341258476723,277108000,False
2020-01-09,6.034361839294434,6.106619328463074,5.980727580351589,6.05497138322673,255112000,False
2020-01-10,6.066641807556152,6.171675845067106,6.052488493024343,6.141382428610203,316296000,False
2020-01-13,6.256845474243164,6.281924462411108,6.126980616867479,6.149576949548927,319840000,False
2020-01-14,6.140140056610107,6.239462833086717,6.126979427600585,6.214135205399541,359088000,False
2020-01-15,6.097678184509277,6.175150079684374,6.071854219450912,6.152802399398932,263104000,False
2020-01-16,6.181110858917236,6.187070273217819,6.127724774613784,6.151065616620908,284192000,False
2020-01-17,6.189801692962647,6.207679936211552,6.142375022038857,6.200230549789076,253792000,False
2020-01-21,6.156529426574707,6.190050958426522,6.122511079468189,6.153301311440246,217916000,False
2020-01-22,6.210411548614502,6.296822351590504,6.182849433154044,6.201720834154756,239240000,False
2020-01-23,6.278696537017822,6.287139081474139,6.161744136844011,6.25038990641841,244516000,False
2020-01-24,6.219598770141602,6.443571968511958,6.165467698754059,6.393910339538206,373512000,False
2020-01-27,5.964338302612305,6.015241253223924,5.766437269511233,5.91566983614164,470536000,False
2020-01-28,6.157272338867188,6.189552058514575,5.977000924217719,6.030138826194003,310976000,False
2020-01-29,6.096935272216797,6.1788766302299125,6.057205684032846,6.142871972143197,258848000,False
2020-01-30,6.103638648986816,6.117047448911372,5.944474034228208,5.9993496142246245,290504000,False
2020-01-31,5.870726585388184,6.069868955650473,5.8290111609015804,6.05795012762334,370420000,False
2020-02-03,5.967567443847656,5.986935186573986,5.846393308772589,5.85260089433316,255564000,False
2020-02-04,6.136414051055908,6.155534090662755,6.059190801247502,6.109100588318635,271544000,False
2020-02-05,6.226551055908203,6.267273324579064,6.143367902231967,6.257092639009255,208220000,False
2020-02-06,6.313211441040039,6.313211441040039,6.179870762717581,6.260818976687497,218284000,False
2020-02-07,6.247161388397217,6.295333049251141,6.221833756661078,6.273233532588743,189752000,False
2020-02-10,6.529735088348389,6.530479600799783,6.264790955072942,6.269757213066146,529608000,False
2020-02-11,6.651900768280029,6.766370485265698,6.575918833727905,6.637747456396143,638556000,False
2020-02-12,6.76736307144165,6.773819299902876,6.665805347420632,6.704541297363062,374644000,False
2020-02-13,6.723661422729492,6.790704473225048,6.682194170230948,6.709508110864326,528016000,False
2020-02-14,7.195693016052246,7.324316034279077,7.10158467696828,7.132871241875488,1041924000,False
2020-02-18,7.364047527313232,7.382422588449085,7.0732798741144425,7.092647618588116,620164000,False
2020-02-19,7.814227104187012,7.831857176120988,7.486213518147479,7.486213518147479,694332000,False
2020-02-20,7.665243148803711,7.854453011250892,7.358583618194485,7.766304072638066,810052000,False
2020-02-21,7.301969051361084,7.578335155313168,7.217296402519011,7.553256172115003,768180000,False
2020-02-24,6.785738945007324,6.999035117860609,6.654632773657176,6.709012016382708,856916000,False
2020-02-25,6.506889343261719,6.922555491031663,6.405331612652643,6.860726869565134,1055496000,False
2020-02-26,6.645942211151123,6.839622002158671,6.505648980883391,6.50713847933115,747732000,False
2020-02-27,6.275991439819336,6.633767803366144,6.183814297198913,6.333136140736128,906416000,False
2020-02-28,6.710043430328369,6.769424425321909,6.007410894172658,6.024057286664083,1133252000,False
2020-03-02,6.868061065673828,6.896882208415457,6.484694089276187,6.879738703863825,890744000,False
2020-03-03,6.606189250946045,6.983344943140282,6.520968837432035,6.923715627771662,652792000,False
2020-03-04,7.068814277648926,7.078255622261228,6.638737170110804,6.7132741760855605,597408000,False
2020-03-05,6.790045738220215,7.03626513615308,6.745571956956892,6.8697998032135255,540328000,False
2020-03-06,6.609915256500244,6.668302495799002,6.410156667714396,6.610909007237286,515412000,False
2020-03-09,6.09809684753418,6.444940981492417,5.917718051294053,5.96045217762715,614160000,False
2020-03-10,6.4866814613342285,6.4866814613342285,6.111762085086141,6.373882454356786,580648000,False
2020-03-11,6.123688697814941,6.375374493338396,6.026791107169284,6.347050458285673,499964000,False
2020-03-12,5.37434720993042,5.86653786940646,5.361675817051324,5.601684006599658,816540000,False
2020-03-13,5.983806610107422,5.988278725229075,5.456335393232123,5.726903333954018,634836000,False
2020-03-16,4.879670143127441,5.617583927857783,4.820040827756893,5.277447705392959,726972000,True
2020-03-17,5.398196697235107,5.48739257970352,4.745503860622238,4.991723260570334,833632000,False
2020-03-18,5.039178848266602,5.216079295688167,4.4890981795830935,4.971599051150128,874268000,False
2020-03-19,5.291361331939697,5.384780539879821,4.804885019488233,5.017811170475434,765512000,False
2020-03-20,5.111976146697998,5.7224315012787486,5.096571825269619,5.441179660332024,804636000,False
2020-03-23,5.28440523147583,5.378570364517698,4.932343471997346,5.1109831257917016,643876000,False
2020-03-24,6.191020011901856,6.277482978063412,5.6660332856047,5.689636410549801,1101644000,False
2020-03-25,6.102570056915283,6.505068097115809,6.053872469466768,6.305806578905943,793432000,False
2020-03-26,6.391274929046631,6.51500567196271,6.211392763360578,6.309284089634278,696108000,False
2020-03-27,6.279221534729004,6.53736691560444,6.178596798409605,6.211392945580001,638828000,False
2020-03-30,6.598735332489014,6.607928356954407,6.300588285202859,6.344564958091358,602252000,False
2020-03-31,6.549292087554932,6.842469875227869,6.403945263646195,6.638735812991768,949960000,False
2020-04-01,6.039212703704834,6.497862107975411,5.994739393513251,6.351770314533199,656912000,False
2020-04-02,6.3472981452941895,6.360466172613561,6.020330439771605,6.06828211430881,675764000,False
2020-04-03,6.060083866119385,6.3512737262282615,5.922936292466646,6.309781665017789,663212000,False
2020-04-06,6.668551921844482,6.70532354856808,6.2841906824190685,6.341584180506852,727884000,False
2020-04-07,6.435748100280762,6.913280185472903,6.392765179884151,6.889676590192596,784520000,False
2020-04-08,6.632524490356445,6.65737015384119,6.474755072203678,6.544571154388917,542444000,False
2020-04-09,6.533142566680908,6.7808528319552455,6.470283210937693,6.757995142898604,525564000,False
2020-04-13,6.704576015472412,6.713271925503795,6.385310536058636,6.473512180029263,398408000,False
2020-04-14,7.054900169372559,7.088938386369082,6.804953590184453,6.832532189824277,530948000,False
2020-04-15,6.977628707885742,7.060364488674328,6.841972034206441,6.887190767469019,366148000,False
2020-04-16,7.321990013122559,7.428826050227927,7.119498939335271,7.132666967595268,745620000,False
2020-04-17,7.2628583908081055,7.425348280462446,7.129189174090118,7.403980976550263,539120000,False
2020-04-20,7.131921291351318,7.292175341512701,7.087696299119069,7.136642200158554,449388000,False
2020-04-21,6.696130275726318,7.075273479581441,6.6365009587876695,7.014153773290799,735160000,False
2020-04-22,7.109560489654541,7.152295094093899,6.842470870529456,6.887937934428964,483356000,False
2020-04-23,7.056390285491943,7.28323037195008,7.031296300850552,7.151549150862087,424160000,False
2020-04-24,7.195028305053711,7.1970158065298095,6.971666595888947,7.046203587942154,352328000,False
2020-04-27,7.381124019622803,7.540632672360857,7.304599502616229,7.32919685496868,479388000,False
2020-04-28,7.239004611968994,7.5580218036189075,7.233538746237249,7.528206913510298,442904000,False
2020-04-29,7.415409088134766,7.46808167070093,7.298386285060615,7.373419918837021,379160000,False
2020-04-30,7.261862754821777,7.4154083722328785,7.247949297437159,7.361493250975886,375916000,False
2020-05-01,7.0258307456970215,7.177885523416327,6.97763027586748,7.064838190964827,342096000,False
2020-05-04,7.237267017364502,7.250932158583061,6.978624506793331,6.978624506793331,317556000,False
2020-05-05,7.298137664794922,7.460379202042256,7.237265811479823,7.341120583101405,368896000,False
2020-05-06,7.398761749267578,7.50336195004351,7.339629553455483,7.377394924097072,323464000,False
2020-05-07,7.574668884277344,7.637776560709775,7.486467223583362,7.53764894288539,373732000,False
2020-05-08,7.7642412185668945,7.770452516763413,7.612434759096941,7.646224657266343,339216000,False
2020-05-11,8.015677452087402,8.062387051955826,7.730698470823319,7.759270817320762,469060000,False
2020-05-12,7.754302024841309,8.122016340245983,7.744612362664973,8.073319236258097,493060000,False
2020-05-13,7.731943130493164,8.028598882068218,7.547837139628314,7.868593603118008,625852000,False
2020-05-14,7.980895519256592,7.986361386192228,7.640013841815122,7.79331117418389,602312000,False
2020-05-15,8.438304901123047,8.44799409378094,7.8253641851697955,7.841016832802107,987660000,False
2020-05-18,8.696198463439941,8.86142174364779,8.626879484814598,8.706385238881781,774460000,False
2020-05-19,8.751108169555664,9.031365836913162,8.70862188133378,8.735952164581962,717320000,False
2020-05-20,8.914593696594238,8.98714273922534,8.833845378131588,8.935463891231931,587536000,False
2020-05-21,8.721041679382324,8.996578319036958,8.683524635851711,8.995585042419636,761068000,False
2020-05-22,8.970491409301758,9.036829593097082,8.659425198761268,8.770732848167963,1038764000,False
2020-05-26,8.663900375366211,9.125034961912307,8.618433305062045,9.100188817327473,770780000,False
2020-05-27,8.472588539123535,8.579423621709141,7.947352618383713,8.571721934524938,1175892000,False
2020-05-28,8.434576034545898,8.706386109655163,8.327490722077602,8.360286872605021,734896000,False
2020-05-29,8.82067584991455,8.82067584991455,8.432587896373802,8.501658565221103,745256000,False
2020-06-01,8.751853942871094,8.786140959756835,8.63582533566827,8.778687590097684,389876000,False
2020-06-02,8.770735740661621,8.78266169957155,8.604519169266093,8.741915542097436,391320000,False
2020-06-03,8.715328216552734,8.811480823540192,8.646257567101596,8.767752949429001,365440000,False
2020-06-04,8.716324806213379,8.892062399305495,8.627833505931573,8.678044382274448,424280000,False
2020-06-05,8.86894416809082,8.945503105070232,8.658157710663906,8.744162772614692,481748000,False
2020-06-08,8.75460433959961,8.838868493971896,8.63603657853043,8.826440228140672,387736000,False
2020-06-09,8.99422550201416,9.0576108996986,8.70116321490873,8.749634122486231,468488000,False
2020-06-10,9.313138008117676,9.44562557035412,9.10110841167236,9.11527760101484,632180000,False
2020-06-11,8.745903015136719,9.208240685971829,8.735711592301131,9.097627526364212,583652000,False
2020-06-12,8.88137435913086,9.134666537472798,8.653436526345065,9.110058437847792,570908000,False
2020-06-15,9.121244430541992,9.129695879836865,8.693705210339283,8.764796757454038,400004000,False
2020-06-16,9.016595840454102,9.21371191907778,8.788161137420968,9.172200921487876,535716000,False
2020-06-17,9.18313694000244,9.245776080449938,9.0183351251666,9.061587043912771,408304000,False
2020-06-18,9.165240287780762,9.229370971612544,9.062332316008169,9.174188600931451,254408000,False
2020-06-19,9.208242416381836,9.390940867747382,9.174437570476622,9.189600491316718,524160000,False
2020-06-22,9.472223281860352,9.476697912993025,9.220174203686891,9.246771661468518,398468000,False
2020-06-23,9.39591121673584,9.587309525836863,9.353654927459203,9.496332960119092,375108000,False
2020-06-24,9.18264102935791,9.501803887247242,9.092161313313138,9.422012461612931,449372000,False
2020-06-25,9.435684204101562,9.45059869366534,9.129695847070474,9.30220288867256,376072000,False
2020-06-26,9.10260009765625,9.445625718185534,9.072772071415052,9.445625718185534,592084000,False
2020-06-29,9.14734172821045,9.151816358411867,8.849058649941636,9.117265272317514,342248000,False
2020-06-30,9.443389892578123,9.471726378322368,9.213463641985124,9.260691434297517,367892000,False
2020-07-01,9.475454330444336,9.520943092607505,9.359124357158036,9.466257584270018,326648000,False
2020-07-02,9.55723476409912,9.681767761145824,9.523428968107917,9.58383127402163,364056000,False
2020-07-06,9.782933235168455,9.85203541147055,9.656908714808086,9.685991442309067,315892000,False
2020-07-07,9.81524658203125,10.012361669196572,9.79436687152817,9.889320247098922,357800000,False
2020-07-08,10.157527923583984,10.16647718547054,9.90846194337441,9.936549995462096,365480000,False
2020-07-09,10.448850631713867,10.509501363844844,10.17492718456172,10.320837695475568,494548000,False
2020-07-10,10.419270515441896,10.594262798531828,10.31934563491378,10.528143708751548,497676000,False
2020-07-13,9.994715690612791,10.73048006085884,9.967621368178744,10.534359608582058,457076000,False
2020-07-14,10.31760597229004,10.343208748675954,9.729491205941963,10.017334456489614,542676000,False
2020-07-15,10.16871166229248,10.373283510935622,9.998193084193694,10.354641590213266,403984000,False
2020-07-16,10.076742172241213,10.14832961882827,9.8388613835981,9.957677561652746,344964000,False
2020-07-17,10.143111228942873,10.18984215421272,10.03001277488039,10.166974030828737,266284000,False
2020-07-20,10.450591087341309,10.470973936765288,10.098617130568732,10.21544491768399,284852000,False
2020-07-21,10.26938533782959,10.499560985576702,10.22787433658931,10.452829106890468,277036000,False
2020-07-22,10.37900161743164,10.54181405224988,10.23259426307041,10.308159471542751,367292000,False
2020-07-23,10.071772575378418,10.486634124309322,9.973836090293624,10.390189182924372,411660000,False
2020-07-24,10.136150360107422,10.305425850353402,9.721040433377166,9.818479092225903,473292000,False
2020-07-27,10.361851692199709,10.381985159654809,10.15926726913902,10.17368489136173,292132000,False
2020-07-28,10.157029151916504,10.32257624250495,10.15081549413575,10.314871041356408,271636000,False
2020-07-29,10.405599594116213,10.456058901678835,10.287778082878749,10.331277485949975,284508000,False
2020-07-30,10.55324935913086,10.562197671691823,10.23632339743743,10.315616995996075,308880000,False
2020-07-31,10.553993225097656,10.704875200108374,10.373283229524652,10.502787682089595,386080000,False
2020-08-03,10.947230339050291,11.035223811270464,10.65391876498306,10.671070091242164,412720000,False
2020-08-04,11.163487434387209,11.163487434387209,10.843579291958523,10.986755156389975,310336000,False
2020-08-05,11.222149848937988,11.30666338727199,11.102339920529545,11.179645121303212,249924000,False
2020-08-06,11.270620346069336,11.292991603889252,11.114767787246263,11.284788588104904,244316000,False
2020-08-07,11.13539981842041,11.438902888927284,10.974327320204562,11.24775298021625,342516000,False
2020-08-10,11.10109519958496,11.342952810941906,10.794360663161395,11.269376954121984,427796000,False
2020-08-11,10.7878999710083,11.073008586632106,10.733959759991317,11.010368494518175,354512000,False
2020-08-12,11.37477207183838,11.40136858122028,10.895530452075002,10.927844703678472,464412000,False
2020-08-13,11.377506256103516,11.654661258068517,11.290755870974404,11.479916428422287,374460000,False
2020-08-14,11.497812271118164,11.637756604352084,11.375019266250126,11.464006479493865,366436000,False
2020-08-17,12.26638889312744,12.338722598462818,11.749614046414314,11.7834188931569,621300000,False
2020-08-18,12.19057559967041,12.42447962014776,12.017074833283203,12.37874242255525,503448000,False
2020-08-19,12.069022178649902,12.244511302879308,12.028753354306131,12.226117814732458,622624000,False
2020-08-20,12.07150936126709,12.30417023970523,11.810760432923727,11.906460065788975,921388000,False
2020-08-21,12.610905647277832,12.735438636151011,12.125449442125898,12.131912481796965,999868000,False
2020-08-24,12.647443771362305,12.83859364848732,12.43591104716389,12.810007786432903,490564000,False
2020-08-25,12.677024841308594,12.688209996319047,12.50178316041745,12.558457077831813,289076000,False
2020-08-26,12.699893951416016,12.794847352960309,12.605188982462463,12.72599359668416,321244000,False
2020-08-27,12.555973052978516,12.776454137419815,12.494576065951165,12.70834567743216,317604000,False
2020-08-28,13.072498321533203,13.07274675410688,12.570140159294503,12.602454409975303,537160000,False
2020-08-31,13.297948837280272,13.497300775546966,12.963126258132377,13.10729583061837,500840000,False
2020-09-01,13.746005058288574,13.917817210067447,13.363590918309756,13.406854826972564,511316000,False
2020-09-02,14.26865577697754,14.64684250423329,13.824577727830716,14.62396658977693,874012000,False
2020-09-03,12.944875717163086,13.809159857079546,12.80886752623162,13.753712472441023,945128000,False
2020-09-04,12.55400848388672,13.1035102928297,11.64123800223023,12.714382677983595,1463684000,False
2020-09-08,11.848359107971191,12.481902772745954,11.640742031689909,11.670827490333822,795728000,False
2020-09-09,12.646005630493164,12.739743935097293,12.165377241772092,12.332714361952345,736200000,False
2020-09-10,12.244943618774414,12.994354914581717,12.100978478450475,12.918767098090331,698684000,False
2020-09-11,12.098492622375488,12.583844529119055,11.831200737246611,12.417750894908565,636928000,False
2020-09-14,12.80240535736084,13.242752993061371,12.562713786469418,13.010023410133604,1201744000,False
2020-09-15,12.920510292053224,13.226590173176504,12.758146125908665,13.207941722010666,727556000,False
2020-09-16,12.446593284606934,13.02170550684878,12.44584776402079,12.886940804659796,556384000,False
2020-09-17,12.39587116241455,12.521436376153517,11.969447587657047,12.066418385960583,792512000,False
2020-09-18,12.123109817504885,12.563954399639542,11.923698214828766,12.525414964806158,698460000,False
2020-09-21,12.449328422546388,12.454549912007502,11.83990329972909,11.860292243862816,721044000,False
2020-09-22,12.56917667388916,12.579371147984176,12.08954412011194,12.506767294795011,646452000,False
2020-09-23,12.057964324951172,12.657941494631,12.013706388530837,12.507262859802452,647012000,False
2020-09-24,12.280998229980469,12.50129674587653,11.948810907879452,12.006745263131892,731240000,False
2020-09-25,12.803895950317385,12.81359341042278,12.179304208660158,12.37995930307491,588016000,False
2020-09-28,12.96427059173584,12.980930038377432,12.680817182936028,12.969492081929529,573808000,False
2020-09-29,13.15398406982422,13.369806586512889,12.863071696016648,12.867298209631182,621460000,False
2020-09-30,13.457082748413086,13.548583556057018,13.078896040511102,13.086106534449147,689184000,False
2020-10-01,13.54062557220459,13.688070771976736,13.387709427168112,13.683347244338666,525004000,False
2020-10-02,12.991372108459473,13.446140634224474,12.98018265968585,13.1532392416214,552496000,False
2020-10-05,13.568473815917969,13.570214312585838,13.151001225511452,13.164179678210838,479820000,False
2020-10-06,13.66196346282959,14.065263568306756,13.590851607157786,13.754956254284847,784420000,False
2020-10-07,13.888230323791504,14.04263847515764,13.788275536042311,13.923786729329017,418084000,False
2020-10-08,13.76365852355957,14.00807546805278,13.683347172141852,13.998626515827448,378900000,False
2020-10-09,13.688072204589844,13.749239048406054,13.586626375698904,13.692299667418414,346892000,False
2020-10-12,14.148808479309082,14.26915221248606,13.837010100395466,13.91359195869012,434744000,False
2020-10-13,14.170937538146973,14.27064381415561,13.94268301085505,14.218925925974036,344604000,False
2020-10-14,14.01876735687256,14.264923856549403,13.884251150985698,14.212957463317636,276100000,False
2020-10-15,13.89419651031494,13.92975196281535,13.693043477475364,13.735810371723645,267224000,False
2020-10-16,13.736557006835938,14.04487533293222,13.717660049634889,13.960585020449876,242392000,False
2020-10-19,13.424508094787598,13.907621541917688,13.33400132974897,13.827558704209942,298068000,False
2020-10-20,13.57145881652832,13.724871990223454,13.43371011402251,13.509794959370556,229212000,False
2020-10-21,13.451364517211914,13.716667466639535,13.40437110040084,13.5510708039246,219596000,False
2020-10-22,13.288501739501951,13.53789073143853,13.15995254128124,13.449125399181334,290480000,False
2020-10-23,13.516510009765623,13.519493989910108,13.219132581024857,13.377020794257708,233484000,False
2020-10-26,13.069944381713867,13.618452225556153,12.96775208441768,13.354144270624808,336896000,False
2020-10-27,13.324056625366213,13.369061027837253,13.119919622663886,13.233798365065631,250520000,False
2020-10-28,12.55848503112793,13.18805070871034,12.540583049206012,13.126386851090986,376520000,False
2020-10-29,12.953330993652344,13.121165154152695,12.68081757068752,12.768837386000987,320080000,False
2020-10-30,12.465987205505373,12.866302324786236,12.233256753800276,12.780272480919278,416820000,False
2020-11-02,12.51248836517334,12.767098898060164,12.327746221555834,12.58907023573896,299652000,False
2020-11-03,12.948854446411133,13.033890278158362,12.534365826303068,12.63954209787184,272900000,False
2020-11-04,13.719401359558104,13.752471747994806,13.264632773822743,13.316599172080933,410228000,False
2020-11-05,14.083166122436523,14.261194749998864,13.915083461408289,14.085653088319836,319028000,False
2020-11-06,14.482985496520996,14.509589961526345,13.819604883139403,14.03318896935885,383348000,False
2020-11-09,13.556787490844728,14.611781731679114,13.536896506652354,14.47353602436871,582976000,False
2020-11-10,12.700709342956545,13.53266964084014,12.55972815670973,13.53266964084014,644068000,False
2020-11-11,13.34519100189209,13.362098953188866,12.877989573512084,12.9829173257956,404744000,False
2020-11-12,13.383731842041016,13.691303689939454,13.24374563812644,13.405861285173073,365812000,False
2020-11-13,13.224849700927734,13.594582444204104,12.988389691984729,13.553307534360249,346312000,False
2020-11-16,13.441912651062012,13.575433861635306,13.084611974472583,13.101021962780749,413776000,False
2020-11-17,13.349419593811035,13.52247524343966,13.231562827098395,13.478962824136428,312028000,False
2020-11-18,13.355883598327637,13.531923214939193,13.113456602294557,13.392185521013086,510924000,False
2020-11-19,13.36732006072998,13.414313464918354,13.028916331604549,13.14105457354579,565936000,False
2020-11-20,13.01673412322998,13.42127675687941,12.994106718659982,13.380996827726404,341088000,False
2020-11-23,13.068700790405272,13.309884305156883,12.94487607234443,13.099781223360337,361356000,False
2020-11-24,12.887441635131836,13.0905827610749,12.815086285194448,13.07118878802459,346500000,False
2020-11-25,13.162934303283691,13.197495724792075,12.949350257598423,12.961782239367745,259916000,False
2020-11-27,13.18929386138916,13.334751028195774,13.099036529844811,13.302427107961009,167276000,False
2020-11-30,13.328783988952637,13.339724933395338,12.901863309749812,13.193025221888576,286952000,False
2020-12-01,13.317343711853027,13.455340904435158,13.156470608275669,13.4190389829856,296948000,False
2020-12-02,13.4710054397583,13.59930517405845,13.162438631674531,13.278057876066956,283360000,False
2020-12-03,13.327250480651855,13.589895549142984,13.260594892112657,13.51776739769357,199520000,False
2020-12-04,13.488664627075195,13.490405637857798,13.320034212669324,13.37947715956388,202244000,False
2020-12-07,13.536914825439451,13.660776120123057,13.430713167655274,13.53144321280318,223244000,False
2020-12-08,13.28148365020752,13.528956715154852,13.213334699311597,13.515277208917489,271920000,False
2020-12-09,12.864384651184082,13.345154105047774,12.80220542358008,13.232236984460078,401300000,False
2020-12-10,12.905673027038574,13.001678158655883,12.783552731095789,12.802953380691694,207764000,False
2020-12-11,12.946462631225586,12.953178094559908,12.75718865390282,12.900698238186449,209264000,False
2020-12-14,13.24044418334961,13.320033514605957,13.010381243037374,13.020827307185533,270156000,False
2020-12-15,13.291929244995115,13.39489745979019,13.11907107095995,13.3707718895099,193016000,False
2020-12-16,13.174538612365724,13.368288971008557,13.14469189192017,13.353614191139163,223116000,False
2020-12-17,13.27277946472168,13.310833124873806,13.110864499454864,13.2981479389699,231384000,False
2020-12-18,13.203885078430176,13.336201912214122,13.003419287690592,13.310335327964504,342064000,False
2020-12-21,13.263824462890623,13.301380961244586,12.900946562414616,13.007646335173469,302332000,False
2020-12-22,13.210103034973145,13.26880025003233,12.98700409143935,13.25089297888134,185580000,False
2020-12-23,12.94248104095459,13.206867037891026,12.938253278699111,13.187964500320144,179144000,False
2020-12-24,12.9270601272583,13.065098078701942,12.87234305599769,12.970336813485524,97884000,False
2020-12-28,12.833791732788086,12.995458098210715,12.697744316384448,12.995458098210715,212564000,False
2020-12-29,12.876818656921388,13.005405806855793,12.77633720497418,12.858662810562713,170372000,False
2020-12-30,13.078283309936523,13.14593416033394,12.830561632243954,12.923580958552987,225396000,False
2020-12-31,12.987998008728027,13.083505026218695,12.848716190436818,13.06907977867066,192424000,False
2021-01-04,13.046196937561035,13.582431124501683,12.895971895425571,13.036994722740106,560640000,False
2021-01-05,13.33595371246338,13.374504535235,13.019834498908478,13.03251873669234,322760000,False
2021-01-06,12.549760818481444,13.177024852462187,12.521407478818292,13.154640287388144,580424000,False
2021-01-07,13.275513648986816,13.30909096314701,12.82036219713966,12.900945853564693,461480000,False
2021-01-08,13.208611488342283,13.352121093819685,12.97506646287518,13.293921984293585,292528000,False
2021-01-11,13.551589965820312,13.889347964433249,13.293919414175052,13.349880341033488,518344000,False
2021-01-12,13.415542602539062,13.683908768453083,13.276510305945385,13.681918228400308,291476000,False
2021-01-13,13.462299346923828,13.555071023692324,13.316303027862848,13.420763670245863,210028000,False
2021-01-14,13.132503509521484,13.529953094168745,13.112855226974895,13.505330358708363,283120000,False
2021-01-15,12.793499946594238,13.256859277308203,12.782556721687804,13.160108417536335,277780000,False
2021-01-19,12.958402633666992,13.026799227702664,12.778082270234988,12.94944804899376,226188000,False
2021-01-20,13.297151565551758,13.36156896001884,12.98973747053328,13.044454541839135,258572000,False
2021-01-21,13.796329498291016,13.92740343699707,13.18498319061641,13.349633500056225,337780000,False
2021-01-22,13.642125129699709,13.770712324132925,13.557312743438612,13.669484147612303,246820000,False
2021-01-25,13.583176612854004,13.75752722329833,13.168565561333796,13.71101709190849,251112000,False
2021-01-26,13.36629581451416,13.574719948658196,13.31879041384867,13.510799710027586,163980000,False
2021-01-27,12.851454734802246,13.164837695178807,12.728090572901428,13.162101413854424,371272000,False
2021-01-28,12.984016418457031,13.271285077100378,12.893981023989753,12.929547927045675,228316000,False
2021-01-29,12.923083305358888,13.266312945852968,12.845234971987278,13.00789568264157,271552000,False
2021-02-01,13.169063568115234,13.202639933895902,12.836528607721643,12.986256485316742,217204000,False
2021-02-02,13.48717212677002,13.502343114382931,13.217313559304229,13.329983047797578,220440000,False
2021-02-03,13.46105670928955,13.860247226982564,13.44712862336559,13.566014514279493,245408000,False
2021-02-04,13.594121932983398,13.603324148408923,13.26929767552563,13.461555570894452,201340000,False
2021-02-05,13.521247863769531,13.666748000470225,13.476230156579192,13.654560923062116,169152000,False
2021-02-08,14.364645957946776,14.399466174887932,13.65679743774099,13.65679743774099,434624000,False
2021-02-09,14.19004726409912,14.508404628817877,14.149505903817214,14.267148904678317,287560000,False
2021-02-10,14.688474655151367,14.82850221001609,14.267894829975646,14.389019846164402,485352000,False
2021-02-11,15.172476768493652,15.193867006521918,14.848399244695509,14.90336584704324,450828000,False
2021-02-12,14.884464263916016,15.212770519830906,14.699169476852274,14.972758655967848,374756000,False
2021-02-16,15.251569747924805,15.29360353659292,14.873271342590192,14.98693515502818,321960000,False
2021-02-17,14.829498291015623,15.145368904266707,14.70414455668863,15.093137628175583,274756000,False
2021-02-18,14.75289535522461,14.796917793200864,14.500198268904697,14.653408193835052,233868000,False
2021-02-19,14.849892616271973,15.099106694714642,14.770551858754157,14.947389223018012,271724000,False
2021-02-22,14.282072067260742,15.055581855788054,14.251479612238253,14.698921307165705,325884000,False
2021-02-23,14.06942081451416,14.165674533529184,13.32078225361046,14.003012864242908,391780000,False
2021-02-24,14.42458724975586,14.43229798344174,13.68540047372523,14.050268938182564,448320000,False
2021-02-25,13.239200592041016,14.300973298154094,13.148419454042376,13.973412803941994,824436000,False
2021-02-26,13.644115447998049,13.78339633869806,13.292429301420697,13.681919583488115,500932000,False
2021-03-01,13.770709991455078,13.853532772184092,13.483690829892344,13.80378919793109,353184000,False
2021-03-02,13.337446212768556,13.849056772712135,13.327248726912291,13.828661800999605,264116000,False
2021-03-03,12.739033699035645,13.3824639374641,12.73306397619464,13.35734404205113,377592000,False
2021-03-04,12.306761741638184,12.908408604705867,12.021732172384384,12.73505231080037,573344000,False
2021-03-05,12.39754581451416,12.485591641546508,11.619310040664692,12.485591641546508,542840000,False
2021-03-08,11.5337495803833,12.407242680598651,11.507136309244094,12.38610197088301,543112000,False
2021-03-09,12.460291862487791,12.55632917757728,12.001499113514424,12.072159199010558,521824000,False
2021-03-10,12.408541679382324,12.917840255866876,12.397843341761316,12.779008634694897,384376000,False
2021-03-11,12.931276321411133,12.983774296200266,12.673516798492331,12.88798468790623,299916000,False
2021-03-12,12.79443359375,12.82702688570475,12.529707651427094,12.587678172940858,243964000,False
2021-03-15,13.12807846069336,13.143504301301956,12.70610916079674,12.803142092591518,221988000,False
2021-03-16,13.227598190307615,13.447788202434918,13.053933410810396,13.292535152594793,272128000,False
2021-03-17,13.277361869812012,13.388825038522612,12.927295957365558,12.977305373429337,243864000,False
2021-03-18,12.661572456359863,13.120862523869793,12.656098955024245,13.073590340581577,293896000,False
2021-03-19,12.784234046936035,12.859621644128715,12.552101370096228,12.6889427194056,299208000,False
2021-03-22,13.123102188110352,13.33035494660836,12.84494067623432,12.850912459188027,297804000,False
2021-03-23,13.008155822753906,13.280594218123271,12.958892409753084,13.190776400457926,222048000,False
2021-03-24,12.582454681396484,13.096233063845542,12.576235180945393,13.08827100230362,245840000,False
2021-03-25,12.475217819213867,12.653858762465513,12.213229135480182,12.439639589489444,295144000,False
2021-03-26,12.777762413024902,12.7946811973975,12.314243149074343,12.494376096658993,363968000,False
2021-03-29,12.886242866516112,12.999945925065388,12.639181685648806,12.758855578432918,273520000,False
2021-03-30,12.81010627746582,12.913110974068267,12.64415489901106,12.780498881120977,200204000,False
2021-03-31,13.284326553344728,13.405990711832604,12.92032779315816,12.953169750877729,314776000,False
2021-04-01,13.745606422424316,13.803576941304833,13.446544640826511,13.507253333989029,308276000,False
2021-04-05,13.920516967773438,13.946889814232556,13.667235327991516,13.8010917366544,255672000,False
2021-04-06,13.795119285583496,13.986946213948366,13.707541356464931,13.932707577763324,191744000,False
2021-04-07,14.075767517089844,14.175288050539208,13.645836193052718,13.814275196569817,251284000,False
2021-04-08,14.24843692779541,14.40219704194107,14.180761787034063,14.184494625705309,244416000,False
2021-04-09,14.33103847503662,14.339000535339244,14.107116562396577,14.145929352242256,195172000,False
2021-04-12,15.136163711547852,15.278976816323755,14.071536912958104,14.221316464351997,869324000,False
2021-04-13,15.604413032531738,15.624815043568274,15.053314813963016,15.158558477798532,676212000,False
2021-04-14,15.20384120941162,15.645216922969263,15.1545777941743,15.550174265451684,385500000,False
2021-04-15,16.05997085571289,16.13660177459163,15.556642200301264,15.587493880373994,598480000,False
2021-04-16,15.836296081542969,16.088333399352724,15.78927161572007,15.97612235213782,335208000,False
2021-04-19,15.28818416595459,15.731799760759175,15.16005088533594,15.462097636720497,404420000,False
2021-04-20,15.09859561920166,15.422785011070824,14.89134287748934,15.24986717123968,334132000,False
2021-04-21,15.286938667297363,15.28892894500283,15.02992519507416,15.046345697974632,216776000,False
2021-04-22,14.779132843017578,15.36456589093594,14.712701982849865,15.30136958810184,277788000,False
2021-04-23,15.192144393920898,15.261560191711682,14.82889261935136,14.862729237894923,227500000,False
2021-04-26,15.40387725830078,15.404872871832849,15.05256804757207,15.11228113181427,197796000,False
2021-04-27,15.30808925628662,15.595456172950886,15.280969463843478,15.503896739298003,164572000,False
2021-04-28,15.203590393066406,15.457867612223833,15.14263398051159,15.290920597634818,209416000,False
2021-04-29,15.251362800598145,15.362577303047306,14.999325442438934,15.326252116986469,173196000,False
2021-04-30,14.9376220703125,15.291419872387053,14.92518212012407,15.101832829586288,201912000,False
2021-05-03,14.765702247619627,15.173738755345674,14.716688437172964,15.052571893162508,203912000,False
2021-05-04,14.28252124786377,14.567400504280046,13.94315469910986,14.567151838206913,405324000,False
2021-05-05,14.389260292053224,14.742560743124349,14.318600201839,14.638560411281018,292024000,False
2021-05-06,14.453451156616213,14.501470291554716,14.1499124041879,14.42583403228446,193380000,False
2021-05-07,14.741314888000488,14.899055557162525,14.601487668316276,14.737334332362575,229328000,False
2021-05-10,14.197431564331056,14.735094144163076,14.181757059075164,14.71643374768496,268904000,False
2021-05-11,14.237737655639648,14.28600545214214,13.684151890616675,13.758792529289508,285584000,False
2021-05-12,13.692612648010254,14.191959832815757,13.64359884835176,13.942410098916849,303408000,False
2021-05-13,13.599808692932127,14.013319554436476,13.39454620795062,13.966543750646617,285404000,False
2021-05-14,14.174792289733888,14.25938527455248,13.68266022181972,13.823483068810868,258616000,False
2021-05-17,14.097662925720217,14.101394815593933,13.787157729474968,14.089203532423053,216980000,False
2021-05-18,13.948627471923828,14.335267129390546,13.936933523346982,14.19867448290616,186256000,False
2021-05-19,13.998394012451172,14.01207824429046,13.478396049880688,13.501534341461351,344000000,False
2021-05-20,14.542522430419922,14.613431183534685,14.202160225647615,14.23400657092492,321592000,False
2021-05-21,14.919957160949709,15.149104894905111,14.79829298748573,15.09113341773736,672992000,False
2021-05-24,15.537236213684082,15.669598713415176,15.10332335245462,15.139648534960056,554816000,False
2021-05-25,15.572813987731934,15.742745944567211,15.408355532354786,15.690497590957026,435408000,False
2021-05-26,15.6248140335083,15.718115073854618,15.511609264757215,15.658900271738665,370440000,False
2021-05-27,15.413826942443848,15.674572292029511,15.385961157632616,15.624562889185894,581476000,False
2021-05-28,16.166706085205078,16.199548993346383,15.426767817068963,15.426767817068963,644536000,False
2021-06-01,16.18661117553711,16.30976923688421,15.827091228848875,16.192085626438377,472804000,False
2021-06-02,16.697904586791992,16.83773279900915,16.157754218440484,16.174424342650617,594168000,False
2021-06-03,16.88848876953125,17.17635499940693,16.50359147442979,16.62077778840975,580008000,False
2021-06-04,17.494070053100586,17.576422190681168,17.013631964827372,17.030548852392332,617120000,False
2021-06-07,17.534622192382812,17.727196038292035,17.110414943863784,17.48710229431981,575756000,False
2021-06-08,17.373403549194336,17.537115086364118,17.168388755751412,17.44331669923782,323848000,False
2021-06-09,17.279083251953125,17.494845805819946,17.177051714798523,17.435866151003694,381656000,False
2021-06-10,17.34552764892578,17.412223413314685,17.097664634985957,17.270870846616056,287772000,False
2021-06-11,17.74395751953125,17.857437934785423,17.36419712973924,17.399783527756757,416308000,False
2021-06-14,17.936573028564453,17.957228441796374,17.58219760269026,17.82433813175605,321376000,False
2021-06-15,17.707365036010742,17.934077024365276,17.647141786464086,17.83328913764329,243032000,False
2021-06-16,17.729015350341797,17.87285700331222,17.504295044609577,17.709605460976476,307124000,False
2021-06-17,18.57215690612793,18.74909585404001,17.675267140573446,17.69343341937015,809656000,False
2021-06-18,18.55373954772949,19.28663146755044,18.49923881961197,18.698327387768984,968856000,False
2021-06-21,18.34320640563965,18.451959152943,17.741463607959098,18.3511693418325,672384000,False
2021-06-22,18.800609588623047,18.877259967462265,18.30214384565627,18.387254606653663,580144000,False
2021-06-23,18.970333099365234,19.065398486357704,18.82151504268745,18.921059344157957,332356000,False
2021-06-24,19.11790657043457,19.331428697030866,19.001190887629537,19.14005621589849,320924000,False
2021-06-25,18.94420051574707,19.25726689899987,18.8083236791025,19.192562829747995,278364000,False
2021-06-28,19.89385414123535,19.98717657149712,19.23089123211505,19.2729482217132,495436000,False
2021-06-29,19.93540954589844,20.007079760054115,19.567344985249843,19.791816597228845,367632000,False
2021-06-30,19.91126823425293,20.070538315202946,19.773151003264346,19.908032936134784,326568000,False
2021-07-01,20.119813919067383,20.36270053019244,19.927693393087345,20.03321082827077,480136000,False
2021-07-02,20.39356803894043,20.41173622195547,20.19522745262181,20.34703212445631,342764000,False
2021-07-06,20.604093551635746,20.746938423500755,20.257432486443616,20.64291523163872,446708000,False
2021-07-07,20.278833389282227,20.779788164387533,20.239265541456227,20.758386591417537,418428000,False
2021-07-08,19.811981201171875,20.041180526798016,19.61090277990758,19.76594273726221,503300000,False
2021-07-09,19.958803176879883,19.988667035276386,19.66415365556928,19.87145390678074,296624000,False
2021-07-12,20.418947219848636,20.439103283844226,20.09567744553801,20.14768905227268,321984000,False
2021-07-13,20.15764045715332,20.3679272570643,20.022261067377123,20.3074533787736,290708000,False
2021-07-14,19.750999450683597,20.32462116907485,19.662655315198982,20.26489536916212,380100000,False
2021-07-15,18.879749298095703,19.75648307783893,18.772490778787795,19.72139413258421,550564000,False
2021-07-16,18.078168869018555,19.069626505196037,17.99057088100206,18.943704278756737,688224000,False
2021-07-19,18.69409942626953,18.955152344065727,17.784017850781378,17.833542224992588,749060000,False
2021-07-20,18.5271110534668,18.75208011096828,18.08115440605644,18.644572891370625,434687000,False
2021-07-21,19.32147979736328,19.437946791557696,18.656526966109908,18.79588788316299,371017000,False
2021-07-22,19.5046329498291,19.7962958674944,19.18808253655946,19.552414359226333,323826000,False
2021-07-23,19.46879768371582,19.610150227595412,19.16220189145238,19.5663502862294,195672000,False
2021-07-26,19.206003189086918,19.353326995509125,18.82773525659861,19.222925851749505,203943000,False
2021-07-27,19.120399475097656,19.532510931072277,18.65552833545474,19.177138728974995,248863000,False
2021-07-28,19.41404914855957,19.55639659141025,18.90836665974405,19.23088833780953,202191000,False
2021-07-29,19.57233047485352,19.76245938835662,19.23985217538708,19.429981088890184,190781000,False
2021-07-30,19.41007232666016,19.540473498582248,19.17514858058389,19.329440463856944,183497000,False
2021-08-02,19.659921646118164,19.869959730520304,19.27269590837672,19.610150452043428,217444000,False
2021-08-03,19.72462654113769,20.129769849720965,19.13233905420484,19.649967848258107,301811000,False
2021-08-04,20.181535720825195,20.225335671014715,19.737568762887463,19.898830576115028,231309000,False
2021-08-05,20.542877197265625,20.63844002549978,20.24922256743101,20.4065028973456,211435000,False
2021-08-06,20.27311134338379,20.476181384713264,20.11782271162,20.430391658316715,178497000,False
2021-08-09,20.202438354492188,20.41446624796084,20.0511311729326,20.35274874502735,146443000,False
2021-08-10,19.845075607299805,20.33682202830791,19.74453452212516,20.229314798148827,179238000,False
2021-08-11,19.609153747558597,19.957557803565333,19.341381532525443,19.951584652682246,185925000,False
2021-08-12,19.814218521118164,19.937651633578177,19.53051849296908,19.77937830002264,151652000,False
2021-08-13,20.095924377441406,20.121806766278755,19.76046150539568,19.81421606765823,183063000,False
2021-08-16,19.8590087890625,20.19447162539359,19.36427396613772,20.04316447225157,210876000,False
2021-08-17,19.36925506591797,19.679832352567303,19.179126204409837,19.595219037943533,204585000,False
2021-08-18,18.953163146972656,19.54445389093999,18.913344667898965,19.41106426442262,285913000,False
2021-08-19,19.707706451416016,20.4015281044792,18.676430196540903,19.405092071189426,766555000,False
2021-08-20,20.721059799194336,20.769836101289304,19.8420876719208,19.899821801702963,675741000,False
2021-08-23,21.857852935791016,21.89667462197285,20.85445085447109,20.87535498538819,575807000,False
2021-08-24,21.693603515625,21.85884677029652,21.43678080574361,21.65378693903574,297299000,False
2021-08-25,22.111690521240234,22.36751836786245,21.6229306437208,21.63786162430471,347701000,False
2021-08-26,21.96735191345215,22.23811072383032,21.6906199517518,22.098749850642957,237940000,False
2021-08-27,22.53276252746582,22.61837074338963,22.06590165626173,22.08282432095886,304722000,False
2021-08-30,22.584522247314453,22.93790267557969,22.448147955070617,22.725874798350432,262580000,False
2021-08-31,22.286836624145508,22.59547666794216,22.022999320495497,22.59547666794216,259850000,False
2021-09-01,22.34259414672852,22.597472079831466,22.258962859018567,22.386401825570044,201767000,False
2021-09-02,22.297786712646484,22.493923309725275,22.197229795135584,22.419251447689817,187834000,False
2021-09-03,22.742826461791992,22.88519901109536,22.10264657431913,22.227098408861508,280532000,False
2021-09-07,22.562620162963867,22.798580352130667,22.42323281873073,22.73286979951559,198107000,False
2021-09-08,22.24103546142578,22.51084692946092,21.88062155992669,22.41427219080018,254434000,False
2021-09-09,22.079748153686523,22.43916513590544,22.033950346554978,22.21415637158111,196856000,False
2021-09-10,22.37942886352539,22.526778660735864,22.172340814379883,22.24999788331724,248376000,False
2021-09-13,22.054859161376957,22.86329864093561,21.76214779147206,22.584525817265025,297500000,False
2021-09-14,22.144458770751957,22.311721281201365,21.98914276862721,22.177313092882805,199755000,False
2021-09-15,22.24302673339844,22.268913686849235,21.86967123574188,22.21116747444568,166538000,False
2021-09-16,22.144458770751957,22.17930512709558,21.83083966467531,22.085717498774983,156033000,False
2021-09-17,21.803958892822266,22.2231121594894,21.734266176153632,22.20220434448881,294503000,False
2021-09-20,21.020410537719727,21.33900688499632,20.57138816986968,21.053264860277917,349440000,False
2021-09-21,21.152830123901367,21.331044106280054,20.8581286447772,21.32307976600177,204688000,False
2021-09-22,21.844783782958984,21.86369956738052,21.10304993935593,21.272304527219312,268726000,False
2021-09-23,22.383405685424805,22.43617275293961,21.794000940465747,22.04290456710052,248555000,False
2021-09-24,21.984167098999023,22.051869687132683,21.765132553304515,21.973215656561944,217655000,False
2021-09-27,21.565013885498047,21.70340426569089,21.231483878149263,21.61479386006272,245215000,False
2021-09-28,20.60822868347168,21.32507250371504,20.560438842257536,21.120971560225616,343069000,False
2021-09-29,20.42702865600586,20.92483604642628,20.377246777573124,20.848174042522803,218394000,False
2021-09-30,20.62515640258789,20.97362197253502,20.59727930891089,20.67692841927155,221009000,False
2021-10-01,20.65104103088379,20.767526631043445,20.11440324016766,20.659005371326064,240978000,False
2021-10-04,19.645469665527344,20.451917043098803,19.469245817551958,20.414083578048384,345635000,False
2021-10-05,20.36131858825684,20.557455206159453,19.76693642818016,19.862516117895748,279282000,False
2021-10-06,20.609224319458008,20.62913516952452,19.991942391773726,20.031767889875287,297202000,False
2021-10-07,20.982580184936523,21.22849675315436,20.88003123462108,20.99950393304236,256919000,False
2021-10-08,20.73965072631836,21.113006266424183,20.683896542065902,21.00846717095083,151258000,False
2021-10-11,20.60424423217773,20.970630442278978,20.42105112712711,20.48477154135317,163388000,False
2021-10-12,20.580347061157227,20.96465394291127,20.43797453566868,20.736658129015517,162134000,False
2021-10-13,20.847169876098636,20.897946804868877,20.622161180445957,20.82626206407274,180652000,False
2021-10-14,21.650638580322266,21.6595979888479,21.029374431188767,21.194646843821843,243589000,False
2021-10-15,21.76613044738769,21.83482811221297,21.567008625168985,21.714358431793613,226994000,False
2021-10-18,22.12455177307129,22.19324943599352,21.54908541210571,21.653626407282957,189494000,False
2021-10-19,22.192251205444336,22.280859708119863,21.940360443621927,22.178310762287506,161473000,False
2021-10-20,22.00607109069824,22.334623846905146,21.88560143025834,22.20718491434849,146276000,False
2021-10-21,22.592491149902344,22.61140883432753,21.98616246311229,22.000101009958392,187590000,False
2021-10-22,22.62633514404297,23.02856273687431,22.46205973767761,22.722909872863955,249384000,False
2021-10-25,23.06440544128418,23.25257575791235,22.67014219779132,22.872251056391946,230235000,False
2021-10-26,24.608606338500977,25.148231194964065,23.819084651019782,23.88380013492317,485898000,False
2021-10-27,24.343774795532227,24.97997251638669,24.175515291453934,24.36667464722999,245990000,False
2021-10-28,24.831626892089844,24.840588199418896,24.41546066539416,24.768903437739628,234204000,False
2021-10-29,25.454883575439453,25.59626107756601,24.890370533831582,24.89136560174538,292503000,False
2021-11-01,25.7137451171875,25.78045075190704,25.116375810653224,25.53652617025405,265740000,False
2021-11-02,26.28522491455078,26.56101063434502,25.68686059809661,25.708765384211045,294112000,False
2021-11-03,26.481359481811523,26.666544637188032,26.11995237716791,26.55304424185898,239910000,False
2021-11-04,29.670312881469727,31.227453379184272,26.999078204026905,27.109591491333024,1153631000,True
2021-11-05,29.621524810791016,31.26229639946253,29.281023678591374,30.054616607068407,851260000,False
2021-11-08,30.668916702270508,30.96361818860233,29.775849037020173,30.01678837668219,503101000,False
2021-11-09,30.52256202697754,32.16831504259849,29.83260209058048,32.140437950177784,646746000,False
2021-11-10,29.329816818237305,30.714717786724723,28.65180336425327,29.22726975200217,636206000,False
2021-11-11,30.25673484802246,30.45585857869692,29.646423974708057,30.33439382459966,332172000,False
2021-11-12,30.25673484802246,30.54546406760196,29.500067330038014,29.878402038522555,413054000,False
2021-11-15,29.893333435058597,30.50961846828987,29.11874525657836,30.4180228502872,384909000,False
2021-11-16,30.0705509185791,30.25673114722093,29.575730654228828,29.62849963276353,264484000,False
2021-11-17,29.132678985595703,30.37520712128107,28.673700206648128,30.28460468714921,428508000,False
2021-11-18,31.536094665527344,32.61633569675382,31.183646972782004,32.22506137050019,781711000,False
2021-11-19,32.84034729003906,32.94289622909161,31.7650836274217,32.10160069976278,533867000,False
2021-11-22,31.81586456298828,34.49506385982345,31.76011037964673,33.37001812058742,754335000,False
2021-11-23,31.60678482055664,32.21809257052514,30.744581358909567,31.39670967652622,532163000,False
2021-11-24,32.53070831298828,32.710914296372,30.79236508849685,31.323028564645966,435162000,False
2021-11-26,31.36485290527344,32.56655878387352,31.212523964338438,32.45704054958605,283069000,False
2021-11-29,33.22964096069336,33.26548239676256,31.89551689877383,32.22407162500823,454964000,False
2021-11-30,32.53270721435547,33.20674036434526,31.72426963928221,33.02354533082021,622066000,False
2021-12-01,31.30098533630371,33.14708332793763,31.246219509198653,33.07738205679199,484368000,False
2021-12-02,31.989038467407227,32.33953899053349,30.892732466486468,31.080927792073595,472890000,False
2021-12-03,30.56214714050293,31.99202585361824,30.00154575602389,31.86357420954996,544325000,False
2021-12-06,29.9089412689209,30.11207010956424,27.918463234495466,29.75260913184593,658938000,False
2021-12-07,32.28874588012695,32.31065524359192,30.52031876934756,30.82501579680724,593053000,False
2021-12-08,31.6903133392334,32.15233582192908,31.28703933130742,31.862576105811534,475551000,False
2021-12-09,30.36000633239746,32.06769651903593,30.29827039453706,31.59870204936308,488507000,False
2021-12-10,30.069255828857425,31.171536668842634,29.73369267838577,31.01719680171708,488825000,False
2021-12-13,28.040939331054688,30.16484694472882,27.99613110546957,30.120038719143704,598344000,False
2021-12-14,28.216184616088867,28.55573036179902,27.133819165283064,27.58090425365269,667035000,False
2021-12-15,30.32914352416992,30.369969093174348,27.7193173668591,28.278921661014024,698297000,False
2021-12-16,28.26597213745117,31.02715026159255,27.973226872595863,31.019184946678816,707366000,False
2021-12-17,27.682472229003903,28.798693182569515,27.64164666608465,27.86568776813946,713758000,False
2021-12-20,27.60082244873047,28.02400974051841,27.02927023764738,27.188587940382853,461847000,False
2021-12-21,28.951040267944336,28.99584848760592,27.28417563606335,28.253028750149053,524385000,False
2021-12-22,29.27465438842773,29.428994238441074,28.327708710251997,28.767825605381404,395184000,False
2021-12-23,29.513633728027344,29.93084800774143,29.30552513261703,29.62814321498684,343022000,False
2021-12-27,30.813066482543945,30.954461266705604,29.51363001268846,29.53354519901358,403686000,False
2021-12-28,30.19272804260254,31.19643003636184,29.884048305079407,31.178507125619166,420591000,False
2021-12-29,29.873090744018555,30.417759500865014,29.24079782687617,30.14393233812567,343139000,False
2021-12-30,29.459863662719727,30.32715053513794,29.41406024985419,29.699835409860693,308864000,False
2021-12-31,29.285608291625977,29.901970626455444,29.20594944000827,29.54748750226571,266530000,False
2022-01-03,29.992584228515625,30.580069009930835,29.658016270092958,29.687889053615017,391547000,False
2022-01-04,29.16512680053711,30.33810404913154,28.22813864702251,30.14791836801997,527154000,False
2022-01-05,27.486312866210938,29.290587837147367,27.41561641931234,28.82557789334784,498064000,False
2022-01-06,28.0578670501709,28.316758809179447,26.94961318289453,27.52216062176416,454186000,False
2022-01-07,27.130834579467773,28.30082621095549,26.941644095796043,28.02102409273095,409939000,False
2022-01-10,27.283184051513672,27.351890124020876,25.53466996334042,26.467675485447423,594681000,False
2022-01-11,27.698406219482425,27.94535000609593,26.724577023199927,27.20651282406831,404089000,False
2022-01-12,27.87962913513184,28.473086907923104,27.49029538667551,27.947338113635016,383413000,False
2022-01-13,26.461694717407227,28.358571281380332,26.385021452180307,28.25800207542653,540171000,False
2022-01-14,26.827131271362305,27.081045133437076,26.09825182970304,26.18786826346866,395832000,False
2022-01-18,25.79256629943848,26.524433344257982,25.660133902473454,26.14804463261415,424270000,False
2022-01-19,24.96012687683105,26.42983381864652,24.94519143672525,25.967813271965568,488315000,False
2022-01-20,24.04704093933105,25.469949535319014,23.975347395495497,25.19612232250101,435181000,False
2022-01-21,23.27434539794922,24.717166987692867,23.16381858614929,23.406777774518208,718958000,False
2022-01-24,23.27235984802246,23.28032516492924,20.798950422051416,22.23480230183536,913982000,False
2022-01-25,22.22882461547852,22.84518699093113,21.90620653004625,22.449878275649777,664616000,False
2022-01-26,22.67491340637207,23.954434796117223,22.204925605698342,23.140918549293502,755959000,False
2022-01-27,21.850440979003903,23.892697037716037,21.582586870222386,23.46751752648449,573353000,False
2022-01-28,22.74262237548828,22.76054528347654,21.205204558448763,21.918151515078176,543774000,False
2022-01-31,24.381607055664062,24.404509712140047,22.953720720505,23.083165646073763,564680000,False
2022-02-01,24.532958984375,25.03779741322022,23.78814690915183,24.996971847725337,518925000,False
2022-02-02,25.13438606262207,25.706933518845947,24.448322405650178,25.6840327601272,543419000,False
2022-02-03,23.84590148925781,24.97008788977148,23.678618459668996,24.35372741378853,410178000,False
2022-02-04,24.215320587158203,24.529973363145128,23.531249213857308,23.86979983731816,354829000,False
2022-02-07,24.62257575988769,25.074638756833306,24.098817325743227,24.268092626990843,376868000,False
2022-02-08,25.000957489013672,25.122437111146983,23.877766205134343,24.25515013515638,410359000,False
2022-02-09,26.591148376464844,26.61106356618626,25.244913078299707,25.512765352949764,524282000,False
2022-02-10,25.713903427124023,26.81020934447509,25.49085938324337,25.88417582758448,513200000,False
2022-02-11,23.846899032592773,26.04050812916526,23.6716506697888,25.805514193425385,605472000,False
2022-02-14,24.163537979125977,24.76894557701756,23.653719855080432,23.831957540433464,440424000,False
2022-02-15,26.382041931152344,26.431828001236315,24.67833617578049,24.842631726431065,699869000,False
2022-02-16,26.397972106933597,26.468670452357063,25.44306109304088,26.14704758316332,732676000,False
2022-02-17,24.402517318725582,25.675068597680315,24.06197633665846,25.5207287378447,810595000,False
2022-02-18,23.54120445251465,24.87947428103264,23.00151540777712,24.562829258106373,761255000,False
2022-02-22,23.2902774810791,23.961403708378384,22.90194083125501,22.93679145884349,633422000,False
2022-02-23,22.29155731201172,24.052021400692805,22.20592541181683,23.70052569680997,566511000,False
2022-02-24,23.646751403808597,23.69852975134668,20.800936466850946,20.925403538862675,735801000,False
2022-02-25,24.05400657653809,24.1137502356423,23.281315967911333,23.619866534863007,528866000,False
2022-02-28,24.28104019165039,24.559847157502983,23.60593119558958,23.889716009396203,477319000,False
2022-03-01,23.37690734863281,24.27307180434672,23.033378906753704,24.187438016478104,412056000,False
2022-03-02,24.120847702026367,24.309075054496567,23.31914479926627,23.65874842148552,389642000,False
2022-03-03,23.616928100585938,24.226422409350747,23.372930165463423,24.16268331262876,365095000,False
2022-03-04,22.84210777282715,23.583061545150027,22.389965840443992,23.288273750720784,431415000,False
2022-03-07,21.26458740234375,22.93870729703225,21.24267810528745,22.723590064178477,450821000,False
2022-03-08,21.425928115844727,22.28141088445925,20.56546475197857,21.22176739996016,557467000,False
2022-03-09,22.91978645324707,23.124942518382856,22.15592615939423,22.295352427006858,492742000,False
2022-03-10,22.565242767333984,22.694709732633942,21.792418612832492,22.43876187931811,428066000,False
2022-03-11,22.0095272064209,23.050249252253455,21.955747421099613,22.927751696595116,367209000,False
2022-03-14,21.242677688598636,22.17086141206027,21.072378211360963,21.77947065227046,385354000,False
2022-03-15,22.87895393371582,22.94368837205773,21.2347136363386,21.429910411009644,491996000,False
2022-03-16,24.395721435546875,24.49630780642733,23.07714206419368,23.40379845485764,671422000,False
2022-03-17,24.66461753845215,24.740304734658185,23.808137465094195,24.021262124146144,471941000,False
2022-03-18,26.34471321105957,26.46023948716693,24.523201689184106,24.69748456321564,730719000,False
2022-03-21,26.624557495117188,27.040847486368627,25.860697187971265,26.398487485905324,591727000,False
2022-03-22,26.415414810180664,27.126492498169284,25.965265566055866,26.617582876634945,547007000,False
2022-03-23,25.529056549072266,26.503051408048822,25.47029807672257,26.019041005288308,502120000,False
2022-03-24,28.03476333618164,28.20406749144338,25.800945365640167,26.058885884967737,877379000,False
2022-03-25,27.578638076782227,28.241912070470075,27.159361974596653,27.77184415178732,579016000,False
2022-03-28,28.103479385375977,28.134352617050094,27.094625830029123,27.642375427784486,425494000,False
2022-03-29,28.5386905670166,28.82750240116972,27.865457327415218,28.57753047133925,488984000,False
2022-03-30,27.57664680480957,28.37934706350977,27.390412047597884,28.1881336104468,463487000,False
2022-03-31,27.17429542541504,28.13235706761943,27.15836208139868,27.668265181187795,523440000,False
2022-04-01,26.602649688720703,27.383440643848896,26.15947167732759,27.26293568960486,517235000,False
2022-04-04,27.247995376586918,27.44518476682431,26.50405367248858,26.618582662321668,397120000,False
2022-04-05,25.82485008239746,27.20716873041096,25.714304404931934,27.14243427886192,436615000,False
2022-04-06,24.30708312988281,25.19642705051053,23.904737678545857,24.83192614257521,703833000,False
2022-04-07,24.10890007019043,24.620795851372534,23.38188892172956,24.340946042246006,557992000,False
2022-04-08,23.024354934692383,23.82506437095828,22.96758907146771,23.819088417079787,524781000,False
2022-04-11,21.82727813720703,22.228628253478472,21.571330249174363,22.123063188914134,575207000,False
2022-04-12,21.41596794128418,22.63197015423266,21.194876629839,22.44474005075557,662258000,False
2022-04-13,22.112104415893555,22.407889437860018,21.36716738576446,21.639050491837654,516943000,False
2022-04-14,21.170976638793945,22.68375938939888,21.076366219253643,22.412871600546225,569097000,False
2022-04-18,21.693828582763672,21.997578418558497,20.99271005360588,21.113215008567124,525701000,False
2022-04-19,22.107128143310547,22.281410987109854,21.22674619346301,21.631084290617952,512781000,False
2022-04-20,21.39406013488769,22.577196581632325,21.11321496007185,22.424823034682213,468974000,False
2022-04-21,20.10037422180176,22.300330524281197,19.918122835592182,21.62012606718181,656209000,False
2022-04-22,19.43511199951172,20.402137743310213,19.420174011970897,20.21988631724153,624713000,False
2022-04-25,19.82052993774414,19.8633531842539,19.01782960873828,19.123394685988696,641566000,False
2022-04-26,18.711084365844727,19.70699048993832,18.59356741280904,19.6372773651782,653143000,False
2022-04-27,18.339609146118164,19.08852933312482,18.21512090124755,18.52185859933268,499460000,False
2022-04-28,19.70101547241211,19.95497260986267,18.41430488131408,18.88935141084662,570327000,False
2022-04-29,18.47107315063477,20.045600227897243,18.44119528083608,19.3225724947239,500435000,False
2022-05-02,19.453035354614254,19.493865971063627,18.3157103580548,18.46509589745595,572049000,False
2022-05-03,19.52175521850586,19.743843804731757,19.054675285256877,19.320582473628384,475751000,False
2022-05-04,20.25075340270996,20.31648318728987,18.67423393178185,19.841436712225097,648855000,False
2022-05-05,18.766860961914062,19.843435208726397,18.424269280704653,19.78567397204199,626331000,False
2022-05-06,18.598546981811523,19.43212034048371,17.916351786613728,18.65929807883805,633297000,False
2022-05-09,16.880611419677734,18.180267458938104,16.75811385880719,17.960173412210224,644455000,False
2022-05-10,17.52297019958496,18.12350232079174,16.955303927577983,17.61658525253339,761474000,False
2022-05-11,16.56191635131836,17.68031991094535,16.500171803806783,17.27598192823926,670167000,False
2022-05-12,16.108779907226562,16.719271193750508,15.5032701645604,16.15260039731434,708728000,False
2022-05-13,17.63351821899414,17.854609562915,16.52507542137206,16.719276866807252,670437000,False
2022-05-16,17.193326950073242,17.71518203809066,17.035974706114335,17.437324838562272,521446000,False
2022-05-17,18.102588653564453,18.295794716695035,17.561812268275418,18.00000966759252,585830000,False
2022-05-18,16.8686580657959,18.04382762467623,16.794961603480765,17.632518279068112,545161000,False
2022-05-19,17.053897857666016,17.61459275966754,16.665493158414193,16.867663129735934,621310000,False
2022-05-20,16.625656127929688,17.338724476895592,15.690500201719123,17.261044685045487,739105000,False
2022-05-23,16.82882308959961,16.845753691955995,16.112766693765444,16.207377095601466,639889000,False
2022-05-24,16.087865829467773,16.52905300438988,15.71539736561761,16.442409283517915,588550000,False
2022-05-25,16.90550994873047,17.040952887419728,15.934500919066734,15.954419501105296,781132000,False
2022-05-26,17.777921676635742,18.017934299435986,15.95640873833212,15.970351364556697,996575000,False
2022-05-27,18.73399543762207,18.80370857918977,18.02590557198039,18.111553959995263,738379000,False
2022-05-31,18.59556007385254,19.12139838703036,18.27487779966752,18.902297823512807,664100000,False
2022-06-01,18.245006561279297,18.975005819632933,18.047817122189745,18.64735401344506,544514000,False
2022-06-02,19.511791229248047,19.5386811192524,18.123499032376543,18.217114068339008,648656000,False
2022-06-03,18.64336395263672,19.25285997901017,18.446174564570704,19.00388342136499,598779000,False
2022-06-06,18.709095001220703,19.25783996366541,18.488003681659272,19.06065056239769,422406000,False
2022-06-07,18.84852409362793,18.92222057056187,18.11354434422296,18.396382141540013,388914000,False
2022-06-08,18.575586318969727,19.10552003243697,18.46302425711577,18.72599902469666,363252000,False
2022-06-09,17.97791862487793,18.859482332873327,17.970945836791113,18.409237816459715,395574000,False
2022-06-10,16.9080867767334,17.628278767149297,16.803493073192044,17.531655320031188,465248000,False
2022-06-13,15.5862398147583,16.248657445936082,15.545398661343508,15.937868732069086,604153000,False
2022-06-14,15.774506568908691,16.0036129839423,15.35215229559049,15.669913807719103,469680000,False
2022-06-15,16.46282386779785,16.80249932387109,15.864156848634645,16.032500272176392,563936000,False
2022-06-16,15.54041862487793,15.88009502147224,15.341195447240926,15.79841271116568,545749000,False
2022-06-17,15.81833553314209,15.932888741748643,15.268478991865372,15.58723607667354,630334000,False
2022-06-21,16.501672744750977,16.94195585735891,16.343289760595702,16.41102650097026,483089000,False
2022-06-22,16.29647445678711,16.597301831379568,16.11717309578013,16.162994005831898,437135000,False
2022-06-23,16.161998748779297,16.520599577790094,15.791442532196244,16.4548558708115,463680000,False
2022-06-24,17.059497833251953,17.07344340934076,16.24666644132576,16.435929188204064,472153000,False
2022-06-27,16.80349349975586,17.2627037776178,16.561437091028537,17.24477402510874,427968000,False
2022-06-28,15.919939994812012,17.135201879170452,15.883083017438071,16.83437454206532,461149000,False
2022-06-29,15.481645584106444,15.758565905380278,15.111090429737091,15.752589638361185,482352000,False
2022-06-30,15.10013484954834,15.506550493203868,14.80428823063541,15.30135010720161,686070000,False
2022-07-01,14.466602325439451,15.004505295287302,14.3361114733893,14.841142600357395,577610000,False
2022-07-05,14.905892372131348,14.912865159719471,14.000422705433715,14.11995661407491,651397000,False
2022-07-06,15.071247100830078,15.259513302763182,14.731570721690757,14.951713200390376,529066000,False
2022-07-07,15.796419143676758,15.883081194089858,15.329240527095354,15.395980736594536,492903000,False
2022-07-08,15.776498794555664,15.974726402731946,15.329241976596508,15.37008313178978,467972000,False
2022-07-11,15.093159675598145,15.466703413636305,14.979602060044336,15.465706894213897,437321000,False
2022-07-12,15.023433685302734,15.371078433295626,14.819229812840817,15.208711284952944,458483000,False
2022-07-13,15.10511589050293,15.315296992454249,14.408830785871842,14.533345395566592,521918000,False
2022-07-14,15.31230640411377,15.412914028547368,14.670807164690196,15.04933164322953,456235000,False
2022-07-15,15.700793266296388,15.720715108541247,15.385023849466007,15.598193546303452,385935000,False
2022-07-18,16.038480758666992,16.831389474301076,15.939866141619524,16.238700502303253,670517000,False
2022-07-19,16.926021575927734,17.043563418815324,16.1092058948289,16.42198582931977,702366000,False
2022-07-20,17.73784637451172,17.863358410865057,16.735754521982237,16.881187445109386,760538000,False
2022-07-21,17.979904174804688,18.073538999996117,17.476866119251895,17.815545920988264,557049000,False
2022-07-22,17.251747131347656,17.897229633267205,17.07045276387724,17.823517582725398,536671000,False
2022-07-25,16.9578914642334,17.05750351772412,16.58434768859962,16.95290981659082,480748000,False
2022-07-26,16.46879768371582,16.85329839532214,16.414010963419933,16.823414211540268,397865000,False
2022-07-27,17.720918655395508,17.86635161594308,16.84732342255859,16.965860804114296,569776000,False
2022-07-28,17.914161682128906,18.069556021471275,17.372275483342808,17.90519775674753,474646000,False
2022-07-29,18.092464447021484,18.17314926190656,17.623292897636773,17.743823285267034,435460000,False
2022-08-01,18.36939239501953,18.772820437934747,17.920143444250357,18.11139733351117,476469000,False
2022-08-02,18.45405960083008,18.864460391381805,18.02174487823808,18.051629067336524,489527000,False
2022-08-03,18.81963348388672,18.8943430004141,18.06656870107235,18.11338707008379,418146000,False
2022-08-04,19.14038848876953,19.19915940752721,18.68715532546292,18.77581043848367,409652000,False
2022-08-05,18.915264129638672,19.154331957599457,18.5935184165994,18.736958353398983,386068000,False
2022-08-08,17.723907470703125,18.16817666184887,17.175048359813875,17.434038984708703,981859000,False
2022-08-09,17.019651412963867,17.379249624350564,16.65905763199982,17.18500716001782,668263000,False
2022-08-10,18.0267276763916,18.047646040112355,17.249755809744542,17.62927686575505,597422000,False
2022-08-11,17.87232780456543,18.63435848013521,17.806584108237903,18.06059496674186,509327000,False
2022-08-12,18.6363468170166,18.645312642416616,17.883282081436935,18.08947896616097,478094000,False
2022-08-15,18.958091735839844,19.089579103680688,18.540720134854304,18.628377746767622,457666000,False
2022-08-16,18.80569267272949,19.06767193176584,18.42916018596427,18.84653383477583,451240000,False
2022-08-17,18.2637996673584,18.615429517874343,18.074538853147352,18.451071242381392,446799000,False
2022-08-18,18.700101852416992,18.79174365785905,18.11239277422747,18.229934589865376,415447000,False
2022-08-19,17.77968978881836,18.44808369413365,17.70099608999701,18.334526059114623,441588000,False
2022-08-22,16.96785545349121,17.4898208696324,16.90011871477872,17.422084130919913,409593000,False
2022-08-23,17.114282608032227,17.397180176245477,16.904101521089547,16.923028743581053,369986000,False
2022-08-24,17.15512466430664,17.338410181530257,16.829394785860185,16.945939135983163,522661000,False
2022-08-25,17.84343719482422,17.877305555233242,16.767631316738164,16.77858828041363,770691000,False
2022-08-26,16.19685935974121,17.85439727044476,16.173947959014292,17.787658007376972,769127000,False
2022-08-29,15.739641189575195,16.274555614443177,15.70577377317986,15.957791581811284,496132000,False
2022-08-30,15.407936096191406,15.9767179755962,15.123046421676523,15.898025221954772,530181000,False
2022-08-31,15.03538703918457,15.479655236596056,14.900911041431533,15.324260876966456,573710000,False
2022-09-01,13.882880210876465,14.32415979672276,13.218470483091595,14.153823343963364,1178865000,False
2022-09-02,13.59400749206543,14.11597195898287,13.538224239518152,14.04524851105726,743157000,False
2022-09-06,13.412714004516602,13.725494835509304,13.299156360470214,13.677680890653752,535751000,False
2022-09-07,13.664804458618164,13.788360189278626,13.298124529340985,13.514346107743526,512657000,False
2022-09-08,13.939814567565918,13.957750598170398,13.321042892410093,13.410719244419385,624873000,False
2022-09-09,14.335391998291016,14.422079811274344,14.075328559341036,14.106216544794997,486612000,False
2022-09-12,14.452966690063477,14.494815842064591,14.14706782384788,14.31745487874942,484159000,False
2022-09-13,13.083892822265623,13.872055517919376,13.052008031024998,13.752486125387431,714956000,False
2022-09-14,13.080907821655272,13.242326402784114,12.866678912295647,13.206455290226598,588507000,False
2022-09-15,12.88262176513672,13.185531175680374,12.74412043844494,12.968313711994472,523625000,False
2022-09-16,13.150654792785645,13.164604509794684,12.57173868615092,12.696290273876311,670751000,False
2022-09-19,13.33399486541748,13.41470462187878,12.963329595471532,12.96532227645463,569685000,False
2022-09-20,13.128732681274414,13.434631523585498,13.010160093203796,13.167593283848127,524818000,False
2022-09-21,13.213431358337402,13.980669759694642,13.06297298523187,13.16560415413887,807679000,False
2022-09-22,12.515939712524414,13.101830672720803,12.383417402056564,13.023113598616863,759162000,False
2022-09-23,12.471102714538574,12.565762199000392,12.213031967666868,12.375447364597502,663309000,False
2022-09-26,12.184134483337402,12.613589074579467,12.1701847660108,12.446191516406993,547343000,False
2022-09-27,12.368473052978516,12.690314364148412,12.21402932430884,12.462135725855696,553854000,False
2022-09-28,12.690314292907717,12.777002105621296,12.309684609382174,12.365483486484552,542414000,False
2022-09-29,12.176165580749512,12.455160919270222,11.903148286154517,12.403347404233896,532763000,False
2022-09-30,12.095455169677734,12.587683536419725,12.031684619918396,12.043641657389104,565638000,False
2022-10-03,12.467117309570312,12.632522202880898,12.061576751367282,12.3027092319889,547478000,False
2022-10-04,13.119768142700195,13.17257847359488,12.832801128271296,12.832801128271296,584182000,False
2022-10-05,13.161620140075684,13.27321886987233,12.5757298969674,12.86468965503888,507131000,False
2022-10-06,13.08289909362793,13.607012205791838,13.05599552454441,13.172576390235374,644157000,False
2022-10-07,12.032679557800291,12.624548544092065,11.978873372705872,12.460140492344353,672478000,False
2022-10-10,11.628135681152344,12.080506544532378,11.36707548368734,11.993818750562577,698699000,False
2022-10-11,11.544439315795898,11.803505925509851,11.242525784323794,11.51952842526829,667482000,False
2022-10-12,11.458747863769531,11.692904543242312,11.304304136894013,11.537464950855002,492590000,False
2022-10-13,11.917097091674805,12.034673832144149,10.774211301684586,10.931644516028966,850103000,False
2022-10-14,11.186726570129396,12.067555297007958,11.163809311742796,12.013749105457425,713432000,False
2022-10-17,11.845355033874512,11.905140220648136,11.47568654235639,11.476682407821524,580774000,False
2022-10-18,11.924073219299316,12.4471896133386,11.57632513891476,12.29972073933894,659362000,False
2022-10-19,12.007770538330078,12.305698708951445,11.791548948755544,11.83638760168255,523131000,False
2022-10-20,12.15025806427002,12.72319524071747,12.061576624677793,12.069548299667495,652398000,False
2022-10-21,12.42128086090088,12.453166608425771,11.844358361540095,12.054600941010673,609494000,False
2022-10-24,12.55380630493164,12.664408199415522,12.020725546952368,12.463133124887891,517457000,False
2022-10-25,13.213431358337402,13.252291971392951,12.6185727259184,12.648465797577565,505482000,False
2022-10-26,12.849740028381348,13.33997477831116,12.66241468616676,12.82283740595862,532953000,False
2022-10-27,13.128732681274414,13.788358507447876,13.074926497155785,13.58110449439647,583113000,False
2022-10-28,13.78437614440918,13.800319496329138,13.014149183187982,13.056995159747698,521040000,False
2022-10-31,13.44858455657959,13.788361907995784,13.249302168056532,13.728576716312174,486341000,False
2022-11-01,13.494421005249023,13.875050727465135,13.47050692684478,13.7614593301717,432817000,False
2022-11-02,13.171582221984863,14.15902759825308,13.16361149639749,13.800319289979248,672628000,False
2022-11-03,13.372855186462402,13.731564388380816,12.909524051073214,12.99621185480263,500065000,False
2022-11-04,14.105220794677734,14.177958888937177,13.64786669971802,13.935830529915377,612576000,False
2022-11-07,14.249700546264648,14.360302439141222,13.903946098084312,14.176962450071352,410061000,False
2022-11-08,14.549620628356934,14.837583500238216,14.165004638425565,14.747906191962752,595292000,False
2022-11-09,13.72658348083496,14.160023489846736,13.709644264687311,14.111198522670565,454414000,False
2022-11-10,15.693500518798828,15.71641777595713,14.494815934563771,14.746908614064782,700819000,False
2022-11-11,16.268430709838867,16.330208574296904,15.426462616385566,15.750296571579392,655487000,False
2022-11-14,16.236549377441406,16.480671390641938,15.864887196216744,16.159825913451986,527852000,False
2022-11-15,16.606218338012695,16.93702626168871,16.323236669194443,16.662017219102463,545876000,False
2022-11-16,15.85292625427246,16.303304470107243,15.816059280039113,16.104023066019995,649547000,False
2022-11-17,15.620763778686523,16.20765162732223,15.47927296101109,15.658627572163232,710894000,False
2022-11-18,15.35372543334961,15.944598642065296,15.065761621009438,15.90872657967121,492072000,False
2022-11-21,15.262055397033691,15.421481294578124,15.025905097362354,15.092665143329404,404739000,False
2022-11-22,15.980463981628418,16.000392687999526,15.06774975529696,15.273011059755468,472866000,False
2022-11-23,16.459741592407227,16.467714217291594,15.990432410924427,16.040252289045704,427241000,False
2022-11-25,16.211639404296875,16.42786007515215,16.113991359394493,16.259467561128588,167934000,False
2022-11-28,15.770225524902344,16.29832500895063,15.668592130839407,15.968511085101465,303741000,False
2022-11-29,15.582900047302246,15.874849224323372,15.46432743853725,15.770225383983297,298384000,False
2022-11-30,16.866609573364258,16.873586217572935,15.545027852999588,15.644694063052636,565298000,False
2022-12-01,17.077898025512695,17.207463965478787,16.579564270117494,16.942351563411925,470977000,False
2022-12-02,16.81976318359375,16.876574351409886,16.390199657775565,16.60348724039677,371389000,False
2022-12-05,16.554651260375977,16.93836855658918,16.41711062983356,16.623421575647185,352255000,False
2022-12-06,15.933725357055664,16.51777206016381,15.76628498003462,16.474916083420236,352694000,False
2022-12-07,16.0662841796875,16.132064232758374,15.614792692114394,15.719443294997909,372388000,False
2022-12-08,17.11178970336914,17.12175660926792,15.905820703517822,16.218775465562125,515456000,False
2022-12-09,16.94434928894043,17.5244106979877,16.918436852955416,17.102819869864998,465338000,False
2022-12-12,17.47657012939453,17.479560391399467,16.74103030994318,16.98023035941477,457328000,False
2022-12-13,18.011777877807617,18.727385645434477,17.65198080321333,18.46924795413836,656589000,False
2022-12-14,17.615102767944336,18.191177653739228,17.36194948910425,17.92705944978632,496888000,False
2022-12-15,16.895509719848633,17.262283446585172,16.64435056625301,17.088863487866476,478542000,False
2022-12-16,16.51578140258789,16.984216489206464,16.355318584988897,16.807806241482627,478232000,False
2022-12-19,16.19983673095703,16.55365331311345,16.091200695343332,16.516777854754576,354039000,False
2022-12-20,16.031402587890625,16.25565325018952,15.799180110626692,16.01047265280894,403260000,False
2022-12-21,16.44601821899414,16.571599741253397,16.04834751732544,16.060308567537444,325025000,False
2022-12-22,15.287885665893556,16.084223899243984,14.832408745526728,16.040369896727526,565045000,False
2022-12-23,15.155328750610352,15.28788497136332,14.833405142358366,15.145361845900648,349326000,False
2022-12-27,14.07394790649414,15.049685885821608,14.009163959787871,15.02377249723842,464902000,False
2022-12-28,13.989229202270508,14.214475953122395,13.837735273982746,13.880592209011148,351066000,False
2022-12-29,14.55433750152588,14.634070838145426,14.17959100951328,14.354008039804668,354923000,False
2022-12-30,14.565301895141602,14.580251302126824,14.185570989377842,14.28623425846336,310490000,False
2023-01-03,14.267298698425291,14.946030156445817,14.049028593833636,14.801512873667992,401277000,False
2023-01-04,14.699851036071776,14.803504564817873,14.193544438500394,14.518458311262467,431324000,False
2023-01-05,14.2174654006958,14.515468836750369,14.100854699285645,14.442712138646767,389168000,False
2023-01-06,14.809484481811523,14.95998131637067,13.987233879252056,14.425767217118333,405044000,False
2023-01-09,15.575922966003418,16.002496236779955,15.090545335630782,15.233069416455065,504231000,False
2023-01-10,15.855985641479492,15.908808523742264,15.42044161561298,15.455324830408456,384101000,False
2023-01-11,15.947677612304688,15.974588063145106,15.511137480198716,15.78721482935472,353285000,False
2023-01-12,16.45598030090332,16.58155988533878,15.44037584745414,16.046350570153667,551409000,False
2023-01-13,16.842687606811523,16.865611678653806,16.11113426118995,16.22375667699758,447287000,False
2023-01-17,17.64301109313965,17.668925426357585,16.842687440869174,16.842687440869174,511102000,False
2023-01-18,17.319095611572266,17.81344118394388,17.224410962438323,17.60812825910423,439624000,False
2023-01-19,16.709129333496094,17.13969078574918,16.675244145492883,16.97922612350295,452932000,False
2023-01-20,17.779556274414062,17.796499823469546,16.768935260471654,16.954314377855656,564967000,False
2023-01-23,19.12904167175293,19.18086843158552,17.758623747963394,18.003802360832424,655163000,False
2023-01-24,19.2007999420166,19.430034925653693,18.757283181815232,18.764259824321872,496204000,False
2023-01-25,19.25861358642578,19.30545785930098,18.518089313986763,18.84997990374146,449537000,False
2023-01-26,19.736011505126957,20.09879882435529,19.21375752485205,19.635348246628528,489535000,False
2023-01-27,20.297142028808597,20.55926617927685,19.34034173496809,19.39715101578,542142000,False
2023-01-30,19.098148345947266,20.07288815679004,19.086187298640237,19.8835226503624,488611000,False
2023-01-31,19.471899032592773,19.621398819093155,18.886855153366422,19.10612138016746,498017000,False
2023-02-01,20.873214721679688,21.121383652696668,19.54565246966647,19.625385818373413,660477000,False
2023-02-02,21.636659622192383,21.875859651889076,20.631022997012757,20.9300225588854,564276000,False
2023-02-03,21.029685974121094,21.67253700894129,20.7197215405838,20.93001883755329,429366000,False
2023-02-06,21.018726348876957,21.49812252080445,20.716734629117404,20.73666843985264,452197000,False
2023-02-07,22.0991153717041,22.184829243176587,21.07952350178786,21.31075078020512,664150000,False
2023-02-08,22.131006240844727,22.80176393868283,21.934662201742093,22.312398971746344,559651000,False
2023-02-09,22.2625675201416,22.94329215898565,22.046291560362647,22.530672149758068,523876000,False
2023-02-10,21.19413948059082,22.00443010232316,20.74165374341449,21.6177244226343,550737000,False
2023-02-13,21.715394973754883,21.974528792175903,20.892147277807663,21.46622806000305,474919000,False
2023-02-14,22.89445686340332,22.972196070287414,21.29480358843764,21.506097057062863,675474000,False
2023-02-15,22.688142776489254,22.778839139042542,22.032336407803555,22.47385907538401,420575000,False
2023-02-16,21.928686141967773,22.47485853992091,21.85393529520588,22.05924824222853,412026000,False
2023-02-17,21.31673240661621,21.667558774123847,20.905108479188826,21.558922723947692,465888000,False
2023-02-21,20.586170196533203,21.422373121018037,20.54929284097226,20.9300198380873,410015000,False
2023-02-22,20.684839248657227,21.03367329167558,20.352948752679065,20.637996890010594,513184000,False
2023-02-23,23.585145950317383,23.808400461151948,22.94827529850247,23.361893340475756,1117995000,False
2023-02-24,23.208402633666992,23.39577778263142,22.87053349540677,23.147606985640454,589716000,False
2023-02-27,23.422687530517575,23.800424307289973,23.37584516662916,23.59112499865335,452994000,False
2023-02-28,23.13863945007324,23.74561130134119,23.128672543867644,23.294119765093207,455963000,False
2023-03-01,22.62236785888672,23.178509107575795,22.43300042635941,23.11472128246458,460026000,False
2023-03-02,23.236309051513672,23.30208910200021,22.35724820401247,22.41306325075221,389415000,False
2023-03-03,23.81038856506348,23.820355469270236,23.052920954283437,23.2422883322266,412393000,False
2023-03-06,23.475513458251957,24.167199231552654,23.408735379499408,23.81139038959998,437429000,False
2023-03-07,23.214336395263672,24.04868872239175,23.167484181656345,23.52534976258205,515154000,False
2023-03-08,24.104515075683597,24.12345598243845,23.34990950267541,23.412709959422333,513573000,False
2023-03-09,23.361873626708984,24.37665338080257,23.309039864365545,24.09853461535305,501257000,False
2023-03-10,22.89236259460449,23.55226936391661,22.654118224508185,23.334958480231546,474866000,False
2023-03-13,22.893360137939453,23.22431078083292,22.226477404613806,22.68003820301484,421890000,False
2023-03-14,23.98689079284668,24.14239751688331,23.385797384475328,23.42168472160124,474910000,False
2023-03-15,24.151369094848636,24.20918430620047,23.286114490388712,23.68584522635948,524486000,False
2023-03-16,25.46021270751953,25.507063024700976,23.818421001130595,23.95100163776788,583253000,False
2023-03-17,25.643632888793945,26.31550083175522,25.586812067911023,25.89981997420156,848547000,False
2023-03-20,25.818077087402344,25.94168541899632,25.050512165831677,25.533978703666488,432747000,False
2023-03-21,26.11613273620605,26.30852307379936,25.30072115664496,26.097193730071265,547408000,False
2023-03-22,26.384286880493164,27.501741647831413,26.154016594583037,26.341421710559437,797295000,False
2023-03-23,27.10499382019043,27.41202016729464,26.60557904977676,27.029233998126443,564889000,False
2023-03-24,26.694299697875977,27.081072974576987,26.27164098570789,26.94550345009309,454920000,False
2023-03-27,26.44708251953125,26.91459893449874,26.28160721288135,26.752114397420492,361026000,False
2023-03-28,26.32646942138672,26.42914428840268,25.76824114038316,26.363353050608648,356104000,False
2023-03-29,26.898651123046875,26.99235367202621,26.51287603862916,26.74015553257011,393694000,False
2023-03-30,27.29638671875,27.412020935167096,27.01627538766958,27.14287449155548,364516000,False
2023-03-31,27.68914031982422,27.745959234891043,27.01926500881584,27.054154149877142,433933000,False
2023-04-03,27.876544952392575,27.911434092903463,27.249534811234103,27.42198793508251,398716000,False
2023-04-04,27.36616897583008,27.911439770704074,27.220630845431717,27.87754691265165,368592000,False
2023-04-05,26.795976638793945,26.91260524763218,26.31151378285065,26.744141067760594,515015000,False
2023-04-06,26.95148277282715,26.994346033960124,26.34341159102696,26.49991459021249,397654000,False
2023-04-10,27.49176597595215,27.53363294419949,26.58464452796212,26.738156744869016,395279000,False
2023-04-11,27.083066940307617,27.70210304890554,27.04020177514745,27.636311817588748,314378000,False
2023-04-12,26.41119766235352,27.381119656216438,26.364345440236946,27.2834300542219,446259000,False
2023-04-13,26.37929916381836,26.80195787551208,26.24572411981737,26.64944192297439,353615000,False
2023-04-14,26.673362731933597,26.79796735162646,26.137064342301827,26.420166433717664,395660000,False
2023-04-17,26.916593551635746,26.920580610646343,26.349393053761112,26.48097550768948,321471000,False
2023-04-18,27.57948875427246,28.0210883307405,27.270469820475103,27.445913723508724,604812000,False
2023-04-19,27.84265518188477,27.91143718116391,27.14586668260837,27.27445837205017,358660000,False
2023-04-20,27.01826858520508,27.94134018732161,26.914597451904964,27.58347456890567,427713000,False
2023-04-21,27.03322410583496,27.097022758549475,26.637480426106038,26.866752496922075,345103000,False
2023-04-24,26.95646476745605,27.27943934781981,26.58663796797448,26.927557165010345,339282000,False
2023-04-25,26.15800094604492,27.160819562060052,26.14205270882257,26.99235347251706,378527000,False
2023-04-26,26.87073516845703,27.24355272101591,26.62052965119637,26.91659109618502,406337000,False
2023-04-27,27.139881134033203,27.4080312626638,26.54078232749637,27.27644882295416,377161000,False
2023-04-28,27.661230087280277,27.670200494580325,26.985373211032865,27.138887339013703,292216000,False
2023-05-01,28.81855583190918,28.96608841417271,27.69213092438785,27.751940608520385,570329000,False
2023-05-02,28.120773315429688,28.74479468571271,27.994176100521557,28.589287963225,402730000,False
2023-05-03,27.714059829711918,28.27727321647942,27.38510372531901,27.75193973878234,383387000,False
2023-05-04,27.474822998046875,27.77088258227608,27.15384096655844,27.56354029371081,321850000,False
2023-05-05,28.58928680419922,28.664048441913906,27.643289040070503,27.73798787503542,361494000,False
2023-05-08,29.058794021606445,29.127576016939173,28.260328904734493,28.43178384704761,344979000,False
2023-05-09,28.48062896728516,28.881357865661336,28.36001330305793,28.80759252115136,314869000,False
2023-05-10,28.793642044067383,29.02092155893613,28.37098329457941,28.913261440397022,369350000,False
2023-05-11,28.487606048583984,28.858431044188475,28.15665734572962,28.80460099601504,322149000,False
2023-05-12,28.2503604888916,28.688969297483915,27.957289789783168,28.438761858901238,274222000,False
2023-05-15,28.861417770385746,28.877367906038916,28.06295272471988,28.4178256558346,293926000,False
2023-05-16,29.1205997467041,29.775523171518977,28.740806219257955,28.749776627024,449405000,False
2023-05-17,30.08254623413086,30.103479719693794,29.336912970483333,29.49042519794485,432535000,False
2023-05-18,31.57780265808105,31.72732783100953,30.224098180923058,30.31381366494329,748725000,False
2023-05-19,31.16510963439941,31.48011008821705,30.8182108095922,31.43624863978416,473908000,False
2023-05-22,31.07738876342773,31.42030053090031,30.582957356502835,30.803257086267717,372000000,False
2023-05-23,30.590930938720703,31.18903346729931,30.53411202557799,30.9019443296342,356253000,False
2023-05-24,30.441408157348636,30.510190153140588,29.71172312962193,30.114444604983657,721419000,False
2023-05-25,37.8598747253418,39.35513045921453,36.51912753379368,38.40115657089839,1543911000,True
2023-05-26,38.82281494140625,39.04610546738504,37.43123050929599,37.77015525878446,714397000,False
2023-05-30,39.984134674072266,41.80535579835146,39.82264830428926,40.466605006926684,923401000,False
2023-05-31,37.71432876586914,40.1675430373075,37.70236568816468,39.36309641035941,1002580000,False
2023-06-01,39.64421081542969,39.92332397878751,38.21873349805514,38.367260487804366,635873000,False
2023-06-02,39.20260620117188,40.37189627228211,38.934456059073696,39.970171105133474,482731000,False
2023-06-05,39.04710388183594,39.43985486436869,38.58457081030142,38.78593155134608,396094000,False
2023-06-06,38.531734466552734,39.03613447609746,38.02733445700801,38.70718026277856,388729000,False
2023-06-07,37.36033630371094,39.37814554420829,37.24170092496068,38.795932772814304,511998000,False
2023-06-08,38.39216232299805,38.745079216522015,37.39024024122493,37.60856808894223,417772000,False
2023-06-09,38.65137481689453,39.589493696488056,38.44899682390139,38.91755616586712,427717000,False
2023-06-12,39.36118316650391,39.409036620730106,38.49982859648077,39.08004840132725,388701000,False
2023-06-13,40.8964729309082,40.97523356570902,39.61839813533891,40.06303253313572,613208000,False
2023-06-14,42.86544036865234,42.86842954641151,40.42791802705582,40.69908893155934,740465000,False
2023-06-15,42.5224838256836,43.1565392794632,42.01803164323478,42.47164119138032,568622000,False
2023-06-16,42.561370849609375,43.587221609742976,42.53046366608263,43.3170509163846,655709000,False
2023-06-20,43.673954010009766,43.85540013452972,42.54342497305457,42.86643489919533,451153000,False
2023-06-21,42.91329193115234,43.48155138164349,41.9512482252179,43.36789797033513,551603000,False
2023-06-22,42.893348693847656,43.29311883862693,42.10476872123709,42.12370778383283,417737000,False
2023-06-23,42.07984924316406,42.678011851996246,41.886442597723466,42.33407006327904,358140000,False
2023-06-26,40.50766754150391,42.63314366936261,39.97729395118432,42.33106943872404,594322000,False
2023-06-27,41.74786376953125,41.81166711553178,40.32423568672819,40.6741595987626,462175000,False
2023-06-28,40.991188049316406,41.716961105450416,40.39402188289312,40.53558567810239,582639000,False
2023-06-29,40.69709396362305,41.4727133655292,40.475773103828736,41.430842057083,380514000,False
2023-06-30,42.17256927490234,42.41981157958306,41.37402135436548,41.55247453077657,501148000,False
2023-07-03,42.2832145690918,42.76673107922371,42.07286168873616,42.38689642071777,198209000,False
2023-07-05,42.1875228881836,43.04488832876735,41.95623049336352,42.00607674642851,323618000,False
2023-07-06,41.97417449951172,42.04994216880029,41.21949078738844,41.71596810959315,303582000,False
2023-07-07,42.37294769287109,43.08177451798843,42.050937955304576,42.19250176000006,355881000,False
2023-07-10,42.05093765258789,42.68000743169608,41.521560371587725,42.52647931127871,353908000,False
2023-07-11,42.27524185180664,42.6271623304336,41.938278668558176,42.35100950902143,298244000,False
2023-07-12,43.76766586303711,43.80056583036438,42.64610822063504,42.90132541025079,481277000,False
2023-07-13,45.83631896972656,46.01377191487625,44.35586222212897,44.381783639889846,478204000,False
2023-07-14,45.32987976074219,47.94086586016815,44.92213078706615,46.44046966052176,772075000,False
2023-07-17,46.31884002685547,46.3537327838852,45.1235111481618,46.147369222609534,510488000,False
2023-07-18,47.34867477416992,47.74944513877749,45.59406179064249,46.55810196861849,569164000,False
2023-07-19,46.93294525146485,47.67167893614477,46.59897125560786,47.31876207580257,427502000,False
2023-07-20,45.38071441650391,46.94292091280352,44.9241156620399,46.36469382160293,537865000,False
2023-07-21,44.17341995239258,45.72565880367255,43.965059822678604,45.64789454996022,963769000,False
2023-07-24,44.47549057006836,44.97097143505105,43.90524224115585,44.59412592293156,382516000,False
2023-07-25,45.53923416137695,46.04168985274926,44.78554682129327,44.80349329728166,348081000,False
2023-07-26,45.31292343139648,45.91208619662845,44.493440026375104,45.88018262099463,364237000,False
2023-07-27,45.75955581665039,47.249980321992574,45.61001326833112,46.37666127130996,455976000,False
2023-07-28,46.60695266723633,46.88310551860452,46.23908226392985,46.525202843607126,331194000,False
2023-07-31,46.58601379394531,46.985787745643954,46.36369657868276,46.610938817532,251055000,False
2023-08-01,46.36470031738281,46.7564993884591,45.88616945228999,46.3178432431884,237858000,False
2023-08-02,44.133548736572266,45.699741010536016,43.254247470375134,45.69076967402106,530142000,False
2023-08-03,44.378787994384766,44.97994351428875,43.665975669938696,43.665975669938696,324176000,False
2023-08-04,44.54328536987305,45.50233976816819,44.25716479958756,44.84735241415571,362666000,False
2023-08-07,45.27803039550781,45.40065512864805,44.42664342016852,44.97296695444659,322154000,False
2023-08-08,44.52733612060547,45.10356664242382,43.92119480836412,44.715756986658505,353843000,False
2023-08-09,42.423789978027344,44.17641010034291,42.00507315736143,44.13852436844698,586449000,False
2023-08-10,42.2583122253418,43.44068441892728,41.70700275770941,42.031009164134886,492705000,False
2023-08-11,40.72998428344727,41.88942754104393,40.51464563346433,41.623242454978985,533085000,False
2023-08-14,43.61912155151367,43.665978621737146,40.187655955736346,40.36211972462702,690286000,False
2023-08-15,43.80554962158203,45.12948908567366,43.576253839259216,44.42365526404346,676512000,False
2023-08-16,43.35293960571289,44.53830062758481,43.27318256792619,44.38377612065419,527451000,False
2023-08-17,43.21138000488281,43.9271816143304,42.86942718654306,43.83546405438668,452395000,False
2023-08-18,43.16651153564453,43.44465716941068,41.53252668330837,42.504541812711565,583768000,False
2023-08-21,46.82329177856445,46.92099149712555,44.08669185716359,44.35785896625514,692573000,False
2023-08-22,45.52825927734375,48.03955236680591,45.194285260085415,47.98770953500303,755293000,False
2023-08-23,46.97183990478516,47.055582524189234,45.06967688525946,45.725664540283454,779046000,False
2023-08-24,47.01869583129883,50.11220236963025,47.01471026045013,50.06235611284215,1156044000,False
2023-08-25,45.87718963623047,47.65872029172802,44.8862279220612,46.86814754737519,925341000,False
2023-08-28,46.69169616699219,46.83625296106333,44.75065488017665,46.33977561628421,685192000,False
2023-08-29,48.634727478027344,48.93081957760332,46.249048206065815,46.5232082617889,701397000,False
2023-08-30,49.11325454711914,49.77422400503659,48.27682114567205,48.89392651921933,735206000,False
2023-08-31,49.2039794921875,49.59178914058814,48.8081949008338,49.22890451656252,528570000,False
2023-09-01,48.36056900024414,49.64761910935292,47.99469138418687,49.60973717837548,463830000,False
2023-09-05,48.399452209472656,48.70152648362675,47.71355763922135,48.07544589025944,382653000,False
2023-09-06,46.920860290527344,48.404428217365016,46.44129363976494,48.29675192445169,468670000,False
2023-09-07,46.10330581665039,46.20599974475195,45.01754791417301,45.38943829933542,433330000,False
2023-09-08,45.4362907409668,46.46721201058955,45.13618839061398,45.80519166448395,473069000,False
2023-09-11,45.04347229003906,46.02553600450633,44.18004990188668,46.01058127939669,473966000,False
2023-09-12,44.73638534545898,45.53699557699163,44.39839411760551,44.60477844461375,349256000,False
2023-09-13,45.34956359863281,45.79323825381597,44.37048536912352,44.46719666176669,398355000,False
2023-09-14,45.44526672363281,45.85005594133211,44.99660600705011,45.81316737022936,370097000,False
2023-09-15,43.7692756652832,45.46321387121769,43.67754676368698,45.20598272428771,506831000,False
2023-09-18,43.835079193115234,44.110258303658966,41.874933874444345,42.62070760166484,500271000,False
2023-09-19,43.39041519165039,43.83508632894706,42.87395603803026,43.7024829281991,373064000,False
2023-09-20,42.11321640014648,43.77226269413757,42.09726520219276,43.47016358744601,367108000,False
2023-09-21,40.89485549926758,41.97463066173917,40.85796692750404,41.45917191816058,450736000,False
2023-09-22,41.48609924316406,41.98959657847822,41.10822617218465,41.44821038693328,479236000,False
2023-09-25,42.09627914428711,42.409343350786685,41.05438877711909,41.46715750384496,419091000,False
2023-09-26,41.78619003295898,42.69248346317693,41.53095187337757,41.87592216872325,402282000,False
2023-09-27,42.34153747558594,42.74433758001916,41.50503894981491,42.20395172792175,444935000,False
2023-09-28,42.960697174072266,43.31663260486512,41.98959836899157,42.33356849695518,424663000,False
2023-09-29,43.369476318359375,44.01255619893268,43.17804668587701,43.696498771068015,397830000,False
2023-10-02,44.64865112304688,45.04047860898654,43.73039221652358,43.89888769595612,433298000,False
2023-10-03,43.38742446899414,44.99562445768996,43.11723147497765,44.674580823479765,470850000,False
2023-10-04,43.90985107421875,44.01154851599341,43.163080966784406,43.61174167656964,361821000,False
2023-10-05,44.554931640625,44.7663021604217,43.75731457253386,43.918830935362585,393483000,False
2023-10-06,45.62574005126953,45.65266008201276,43.89490910599022,44.06141166404006,434436000,False
2023-10-09,45.13818740844727,45.46919952767431,44.235883483851424,44.708471059532506,409675000,False
2023-10-10,45.66162872314453,46.1212545539652,44.95374378600032,45.17508286360557,368582000,False
2023-10-11,46.666622161865234,46.71946573957931,45.91287284021887,46.05843799423147,378137000,False
2023-10-12,46.805213928222656,47.46723822927066,46.19204731268838,46.63771490362162,481325000,False
2023-10-13,45.32563400268555,46.97570866593482,45.14517319115468,46.82017113247599,474115000,False
2023-10-16,45.957740783691406,46.0873509348349,44.778261024252274,44.92881235422657,375099000,False
2023-10-17,43.807167053222656,44.620739164515385,42.35350830716708,43.86898271179327,812333000,False
2023-10-18,42.07034683227539,43.090303133703976,41.700453218071786,42.46417104768787,627294000,False
2023-10-19,41.97563934326172,43.16807721201632,41.757289685675055,42.68352429308483,501233000,False
2023-10-20,41.26376724243164,42.34354268783243,40.955685402910255,41.7652678682802,477266000,False
2023-10-23,42.8470344543457,43.119224175669935,40.82308027803106,41.10623502417962,478530000,False
2023-10-24,43.53298568725586,43.56688484318148,42.56388363101051,42.94873204239224,401463000,False
2023-10-25,41.65459442138672,43.52002535417708,41.43126239759443,43.26877302407248,398379000,False
2023-10-26,40.20592498779297,42.13017849880944,39.76125385517592,41.72837859858881,541001000,False
2023-10-27,40.3794059753418,41.08330504631517,39.895849517473295,41.00753113322634,416784000,False
2023-10-30,41.03843307495117,41.64163109365404,40.3604576251133,40.96465592174652,388028000,False
2023-10-31,40.65856170654297,40.75726972821826,39.1131781481424,40.32954637763823,517969000,False
2023-11-01,42.19896697998047,42.25479998188949,40.747301323669774,40.762256048704266,437593000,False
2023-11-02,43.37645721435547,43.7533300399268,42.76627999009409,43.198985826861175,409172000,False
2023-11-03,44.8709831237793,45.17407490732735,43.59279923092805,43.88891569315968,424610000,False
2023-11-06,45.6147689819336,45.79822301119511,44.765304753189504,45.15015696243412,400733000,False
2023-11-07,45.81815719604492,46.08037071910402,45.02352961733188,45.58285989512135,343165000,False
2023-11-08,46.43531036376953,46.72743711996402,45.83111214888231,45.962719040672205,346719000,False
2023-11-09,46.81019592285156,48.08638320008785,46.61079070994887,47.32565472798377,540496000,False
2023-11-10,48.19107437133789,48.32766746778713,47.14220871523475,47.35856162194285,421245000,False
2023-11-13,48.4752197265625,48.96974494304787,47.9557712363459,48.176113818422,384136000,False
2023-11-14,49.50813293457031,49.68560428700353,48.89396993275051,49.53206353654858,416954000,False
2023-11-15,48.7424201965332,49.81122656013526,48.0564692193451,49.78630328795808,475497000,False
2023-11-16,49.33266067504883,49.37752865421783,48.18608736486964,48.53404715788599,339756000,False
2023-11-17,49.15120697021485,49.56895804695832,48.861073108178935,49.37653194691317,325205000,False
2023-11-20,50.25889587402344,50.39748190834169,49.0345518906684,49.16516232495467,414120000,False
2023-11-21,49.79528427124024,50.36657612795036,49.07543401602206,49.97674154704206,565747000,False
2023-11-22,48.5709342956543,50.18511275994757,47.54798851961098,49.70355312493224,899420000,False
2023-11-24,47.633731842041016,48.7753226752898,47.60282211639322,48.32566546670589,294645000,False
2023-11-27,48.09835433959961,48.38549499049383,47.51011098197541,47.65766910789753,395662000,False
2023-11-28,47.67860412597656,48.17911204503058,47.33164078012809,48.09236930689928,401491000,False
2023-11-29,47.99665069580078,48.61680018078916,47.71748568176772,48.2349412356402,382005000,False
2023-11-30,46.630741119384766,47.96675137390016,46.28377772772522,47.881005099099504,526247000,False
2023-12-01,46.62575149536133,47.05945760454386,46.04947343587655,46.38646825144851,369317000,False
2023-12-04,45.37448501586914,45.93979802137365,44.87597384591377,45.93979802137365,437543000,False
2023-12-05,46.431419372558594,46.46531769952222,45.14016013303565,45.33459625037478,371718000,False
2023-12-06,45.37148666381836,47.25004424942053,45.2807500654452,47.07854047729528,380590000,False
2023-12-07,46.46134185791016,46.49424743379082,45.4722080825041,45.56793131942615,350823000,False
2023-12-08,47.36870574951172,47.60302719608969,46.41546736033398,46.46033928594401,359224000,False
2023-12-11,46.49224472045898,47.39363144924944,45.69755100849952,47.35374994188855,509728000,False
2023-12-12,47.5192756652832,47.528248529944456,45.91293129624922,45.91293129624922,372387000,False
2023-12-13,47.94902801513672,48.45356620387965,47.47041566072205,47.49135487990882,447792000,False
2023-12-14,48.210262298583984,48.52933716331639,47.28494671232897,48.25014760759364,391232000,False
2023-12-15,48.74870300292969,49.2612174369844,47.98092791403106,48.05471535600333,479948000,False
2023-12-18,49.93227767944336,50.28724783914224,49.00795855556237,49.25723605827901,412587000,False
2023-12-19,49.46063995361328,49.55636317420033,48.75368939419547,49.28115986593068,464444000,False
2023-12-20,47.97195816040039,49.85450228369324,47.95899524383034,49.51149468672903,397894000,False
2023-12-21,48.848411560058594,48.95310763429924,48.27905890346602,48.66992805096984,300425000,False
2023-12-22,48.68887710571289,49.24027646361489,48.32692345139222,49.05282008065704,252507000,False
2023-12-26,49.1365852355957,49.45665670800159,48.8185068878219,48.8264831900232,244200000,False
2023-12-27,49.27418518066406,49.536425600159234,48.94314392704513,49.36791528650649,233648000,False
2023-12-28,49.37887954711914,49.73983287122963,49.26919684127221,49.49953204501984,246587000,False
2023-12-29,49.37887954711914,49.85250906748791,48.61010784761711,49.66903891502132,389293000,False
2024-01-02,48.02878952026367,49.15253129584884,47.45744748805672,49.10167999879026,411254000,False
2024-01-03,47.43152618408203,48.04474670855863,47.183245244517686,47.34776930861543,320896000,False
2024-01-04,47.859283447265625,48.35983153595327,47.3706979086473,47.62894825426151,306535000,False
2024-01-05,48.95510482788086,49.40380504311915,48.1663905327005,48.321941715696894,415039000,False
2024-01-08,52.10198974609375,52.12392933182719,49.3360082047019,49.368913779629096,642510000,False
2024-01-09,52.98642349243164,54.16800018278708,51.54061326714163,52.24956080282397,773100000,False
2024-01-10,54.19293212890625,54.44220965259703,53.334420276456434,53.46105596670663,533796000,False
2024-01-11,54.66355514526367,55.18604277919064,53.40520527561887,54.840045537318446,596759000,False
2024-01-12,54.551883697509766,54.81113441098262,54.17298466039183,54.4621436511034,352994000,False
2024-01-16,56.21905517578125,56.670745116790805,54.74133972907017,54.8589987377964,449580000,False
2024-01-17,55.89100646972656,56.3077977062965,54.58180135481828,56.18415552246115,474394000,False
2024-01-18,56.94195938110352,57.43353464294008,55.94484937824919,57.094517089822695,491650000,False
2024-01-19,59.319068908691406,59.3280417723161,57.05961512425851,57.8214070619552,543501000,False
2024-01-22,59.48159790039063,60.15664330232137,58.89928603895681,59.87545679775879,452955000,False
2024-01-23,59.6999626159668,59.73685443495751,58.41568304614902,59.39783691409728,294654000,False
2024-01-24,61.18465805053711,62.667360005652704,59.76477374613349,60.12971710051197,560271000,False
2024-01-25,61.438926696777344,62.53774309008504,60.67414123650308,62.16980621821151,482777000,False
2024-01-26,60.854610443115234,61.60443977026832,60.39793774576205,60.78381649467955,390309000,False
2024-01-29,62.28447341918945,62.30840232360706,60.73097744998884,61.055035142050976,348733000,False
2024-01-30,62.59257507324219,63.30949885561756,62.08006064595033,62.718214176475605,410735000,False
2024-01-31,61.34917831420898,62.08903440284293,60.52456880100295,61.262427961717485,453795000,False
2024-02-01,62.8448486328125,63.0083761236307,61.47182934048774,61.92052577068121,369146000,False
2024-02-02,65.96879577636719,66.40751896695984,63.50592925992764,63.78910887200679,476578000,False
2024-02-05,69.13162994384766,69.29615400361993,67.01077810938553,68.02782694293316,680078000,False
2024-02-06,68.02583312988281,69.55240673067756,66.10839412447636,69.42876454653677,683111000,False
2024-02-07,69.89640808105469,70.01706057362387,67.40462981569888,68.12155362100862,495575000,False
2024-02-08,69.43972778320312,70.58939534958982,69.2542683281726,69.87147502102263,414422000,False
2024-02-09,71.9245376586914,71.9763817179636,70.00908414671076,70.32915559936207,436637000,False
2024-02-12,72.0391845703125,74.39535381795112,71.04406796843402,72.39016457689355,613710000,False
2024-02-13,71.91954803466797,73.23772604754565,69.4188005504822,70.19654512895808,602580000,False
2024-02-14,73.68643188476562,74.02145939035373,71.7301040369102,72.99045103936953,504917000,False
2024-02-15,72.44801330566406,73.76120847442633,72.19076331535655,73.65551962549853,420122000,False
2024-02-16,72.40313720703125,74.18696820662582,72.29146138961607,73.88583908151942,495327000,False
2024-02-20,69.25128173828125,71.74804279084927,67.53824458047887,71.73906612377016,704833000,False
2024-02-21,67.27702331542969,68.68893180309685,66.05656133581022,67.80947678404895,673755000,False
2024-02-22,78.31102752685547,78.34791554573746,74.00550573707999,74.80817959484354,865100000,True
2024-02-23,78.58921813964844,82.15587637734276,77.3458203592003,80.55651569183838,829388000,False
2024-02-26,78.86341857910156,80.41292820605618,78.27810947244775,79.46965549121944,503973000,False
2024-02-27,78.47354888916016,79.25030450092336,76.93900277777333,79.1515839793688,391705000,False
2024-02-28,77.43854522705078,78.70487140466068,76.90209811291284,77.39567023328642,393110000,False
2024-02-29,78.88336944580078,79.75883042270817,78.1235705564048,78.8654237167532,507289000,False
2024-03-01,82.04122161865234,82.06216464323185,79.20543871655194,79.7688083599449,479135000,False
2024-03-04,84.99065399169922,87.44155024884783,83.47704345209779,83.88685110747949,615616000,False
2024-03-05,85.71957397460938,85.85219903908474,83.17981882492465,85.02754699331318,520639000,False
2024-03-06,88.44779968261719,89.4688902523757,86.78254975478006,87.77173362164056,582520000,False
2024-03-07,92.40552520751952,92.50324615104638,89.34724386412462,89.90166281939615,608119000,False
2024-03-08,87.27912902832031,97.12306133342042,86.26003174516178,94.86749190765931,1142269000,False
2024-03-11,85.53012084960938,88.54452056286361,83.92669117198699,86.18325727083518,678364000,False
2024-03-12,91.65166473388672,91.69852817689656,85.90505025020566,87.79865287127926,668075000,False
2024-03-13,90.62957000732422,91.2438157981286,88.18354193376186,90.79609497778392,635713000,False
2024-03-14,87.6939468383789,90.3882676423802,86.35376650266996,89.32230691373881,602318000,False
2024-03-15,87.58726501464844,89.29140572149215,86.01176295929899,86.68284605628648,642086000,False
2024-03-18,88.20349884033203,92.142264812086,86.83739140527486,90.131001426864,668976000,False
2024-03-19,89.1438217163086,90.28655945618765,84.76829741224358,86.45348714580204,672171000,False
2024-03-20,90.11505889892578,90.15295286698972,87.97216679685033,89.54168915568671,479063000,False
2024-03-21,91.17501068115234,92.38456668043467,90.14794060720403,92.03755661197002,480372000,False
2024-03-22,94.02091217041016,94.50852022791372,90.57573384993216,90.88186017417289,586719000,False
2024-03-25,94.73187255859376,96.49085678359808,93.24411810029538,93.673892362069,552136000,False
2024-03-26,92.29782104492188,96.10097979295516,92.23899068459922,95.57846759747076,513648000,False
2024-03-27,89.993408203125,92.97490513698298,88.8696134975825,92.84727069991447,586067000,False
2024-03-28,90.09909057617188,91.04040671298512,88.93939536436407,89.74410000319172,435212000,False
2024-04-01,90.10607147216795,91.96277679415356,88.9503702442798,90.04225806770008,452441000,False
2024-04-02,89.19766235351562,89.83783523468522,87.37087059473389,88.19651163521841,433064000,False
2024-04-03,88.71104431152344,90.11703889051456,88.14865256608842,88.23241336254476,370067000,False
2024-04-04,85.6607437133789,90.3763015666953,85.63581327474101,90.1489453998678,434965000,False
2024-04-05,87.75777435302734,88.22942906906539,85.68169327218381,86.61901544259366,399678000,False
2024-04-08,86.88525390625,88.57742734725042,86.48539311445134,88.44779211337963,283220000,False
2024-04-09,85.11132049560547,87.38584107130184,82.78595764157446,87.19338901159341,501700000,False
2024-04-10,86.7915267944336,87.15150043777531,83.47099303047223,83.68737890315158,431929000,False
2024-04-11,90.35834503173828,90.48099639616544,86.6788421374309,87.17143320524475,431637000,False
2024-04-12,87.93525695800781,89.91860764142923,87.28112393379013,89.44395551817271,426805000,False
2024-04-15,85.75647735595703,90.35536381330796,85.6846834695675,88.84467194132365,443077000,False
2024-04-16,87.16645812988281,87.86745463811035,85.81930143123056,86.18724795044986,370453000,False
2024-04-17,83.79607391357422,88.52259493497695,83.7113088922385,88.08882656112145,495400000,False
2024-04-18,84.43024444580078,85.94493013538192,82.167698910902,84.7283978612392,447260000,False
2024-04-19,75.98332977294922,84.08423052801899,75.39102459607415,82.91357269808702,875198000,False
2024-04-22,79.29190826416016,79.8453305652036,76.18277728835372,77.88192715774476,596341000,False
2024-04-23,82.18864440917969,82.53366130187051,80.03578647084935,80.53934787289336,438559000,False
2024-04-24,79.45046997070312,83.84294477091471,78.95787118982408,83.71131629050129,512208000,False
2024-04-25,82.39706420898438,83.08609383460076,78.00059569231401,78.64375847887948,424641000,False
2024-04-26,87.48554992675781,88.07985603184983,83.1499127117647,83.57968703669025,551011000,False
2024-04-29,87.50748443603516,87.74180926182623,85.0235621625501,87.34594249418755,388971000,False
2024-04-30,86.15634155273438,88.56646933597486,86.05463417701857,86.99195638809022,363709000,False
2024-05-01,82.80487823486328,85.7554641296908,81.0239535153908,84.83509209424766,559863000,False
2024-05-02,85.572998046875,85.99180203592717,82.96343457532701,84.20888384405981,377898000,False
2024-05-03,88.53654479980469,89.0271426544853,86.79251724081982,87.53938813243457,398341000,False
2024-05-06,91.87801361083984,91.9577879691123,88.80178624215971,89.13583280876144,376203000,False
2024-05-07,90.2965316772461,91.52004037192768,88.75791956813879,90.83898366205491,437342000,False
2024-05-08,90.15494537353516,90.93471969755814,89.16576142158716,89.22858583150523,325721000,False
2024-05-09,88.49466705322266,90.81305333122494,87.9801353538175,90.271597974963,378013000,False
2024-05-10,89.62244415283203,91.14111635473476,88.97329419694542,90.04823199188911,335325000,False
2024-05-13,90.14197540283205,90.73927132421964,88.27728953555432,90.22074555223656,289680000,False
2024-05-14,91.09625244140624,91.3904118490216,88.68113417048747,89.34424430460986,296507000,False
2024-05-15,94.36095428466795,94.59229693630976,91.33857349932174,92.20909256462352,417735000,False
2024-05-16,94.0907211303711,95.54656916838988,93.83544466437304,94.64015703115626,323952000,False
2024-05-17,92.21604919433594,94.47062203748344,91.5449662156453,94.10068232469492,359691000,False
2024-05-20,94.510498046875,94.92930197847484,93.1743119009991,93.4834280017941,318764000,False
2024-05-21,95.1147918701172,95.1287520032466,92.915062881723,93.3328702666462,328946000,False
2024-05-22,94.6800308227539,95.74698824605449,92.98387077371804,95.18758628884532,548648000,False
2024-05-23,103.50389099121094,106.01771960058372,101.23136351439216,101.73792243712086,835065000,False
2024-05-24,106.16627502441406,106.1722546778935,102.707136778978,104.15201429523188,429494000,False
2024-05-28,113.57714080810548,114.61219142145016,109.57056763172464,109.93054124400538,652728000,False
2024-05-29,114.49850463867188,115.1636079145998,110.5856661199997,112.72855774303346,557442000,False
2024-05-30,110.1858139038086,115.48969056494155,109.35119576529628,114.32401567603496,484553000,False
2024-05-31,109.32128143310548,112.39651226649592,106.6359377048998,112.20006619281486,613263000,False
2024-06-03,114.67301177978516,114.67301177978516,111.68453173387806,113.29793498606988,438392000,False
2024-06-04,116.10592651367188,116.2684650577176,113.72072948659992,115.3869834998919,403324000,False
2024-06-05,122.09187316894533,122.10084264977677,117.13400975669744,118.03444216742469,528402000,False
2024-06-06,120.65397644042967,125.22992577254256,117.98358919974154,123.69530003662086,664696000,False
2024-06-07,120.54428100585938,121.34599585382936,117.68643254910567,119.42945596831338,412386000,False
2024-06-10,121.44371032714844,122.74998311505551,116.6773027177119,120.02774969821236,313434100,False
2024-06-11,120.57613372802734,122.53072064853248,118.41211998717576,121.43375200225071,222551200,False
2024-06-12,124.85427856445312,126.5296398360472,122.23154359875068,122.72018841720352,299595000,False
2024-06-13,129.2520751953125,129.44155293413115,126.80884405349278,129.03268152053838,260704500,False
2024-06-14,131.5158233642578,132.47316384016574,127.9656566008486,129.60112719578945,309320400,False
2024-06-17,130.61830139160156,133.36070741193845,129.22217350427294,132.62276062148734,288504400,False
2024-06-18,135.2056121826172,135.95354113797538,130.3291160023479,130.7778703322321,294335100,False
2024-06-20,130.4188690185547,140.3713064535189,129.16235380151105,139.41396587386305,517768400,False
2024-06-21,126.2205047607422,130.2692991464158,123.95677620908012,126.76898910126684,649445800,False
2024-06-24,117.78384399414062,124.11630717061917,117.7140376010138,122.89967494041524,476060900,False
2024-06-25,125.74181365966795,126.15068514494097,118.9905115651875,120.8653174275534,414192600,False
2024-06-26,126.05097198486328,127.76621614131052,122.2614619181134,125.78171327779911,362975900,False
2024-06-27,123.64761352539062,126.06093675176166,122.58056851355607,123.75731038151326,252571700,False
2024-06-28,123.19886779785156,127.35735127952528,122.4110483253652,124.23599694106169,315516700,False
2024-07-01,123.9567642211914,124.49526638375627,118.50186772113264,123.12905433583956,284885500,False
2024-07-02,122.33126831054688,123.0692304193492,120.69579746715524,120.79551981451768,218374000,False
2024-07-03,127.92577362060548,127.92577362060548,121.02488394458864,121.32405858482768,215749000,False
2024-07-05,125.48253631591795,128.49420118342798,125.3329490025218,127.02825159880692,214176700,False
2024-07-08,127.84598541259766,130.40889591730686,126.6891925935073,127.1379469199517,237677300,False
2024-07-09,131.01722717285156,133.45049207075732,128.29475452643044,129.99007251430768,285366600,False
2024-07-10,134.5374755859375,134.7269533720769,132.0543457649315,133.6599006676726,248978600,False
2024-07-11,127.04821014404295,135.77404103999976,126.69917812553707,135.3751516521801,374782700,False
2024-07-12,128.88314819335938,131.55574087758131,126.86872155351702,127.90584321182462,252680500,False
2024-07-15,128.08534240722656,131.02719355977734,126.82881950170466,130.19948360408995,208326200,False
2024-07-16,126.01107788085938,128.68367018979245,124.23599428065054,128.0853361228611,214769500,False
2024-07-17,117.6641845703125,121.51352631521466,116.39769484983655,121.01490699704938,390086200,False
2024-07-18,120.75562286376952,122.0620106514847,116.23813305693452,121.51352635797906,320979500,False
2024-07-19,117.60436248779295,121.26422676213603,117.04591123957188,120.0176783628371,217223800,False
2024-07-22,123.19886779785156,123.72740308245356,119.52902914046476,120.01767396475168,258068900,False
2024-07-23,122.25146484375,124.3456717937852,121.7628201059606,122.4409425946244,173911000,False
2024-07-24,113.93451690673828,119.61877422549412,113.12675602679064,118.8409292880146,327776900,False
2024-07-25,111.96995544433594,116.30794209044976,106.00647252262672,112.72785895570485,460067000,False
2024-07-26,112.74779510498048,115.87912373985304,111.2718862190074,115.86915683172242,293399100,False
2024-07-29,111.2818603515625,115.95891218291776,110.99266783046404,113.3760676606231,248152100,False
2024-07-30,103.44356536865234,111.68075088933978,102.2568489765504,111.21204752075072,486833300,False
2024-07-31,116.69686126708984,118.01321595584749,110.57381668062192,112.58824297616628,473174200,False
2024-08-01,108.90841674804688,119.82818299593283,106.51504280273448,117.2054408456908,523462300,False
2024-08-02,106.97378540039062,108.41978599115993,101.09008352011348,103.47348325737674,482027500,False
2024-08-05,100.172607421875,103.12444016973572,90.4395648347588,91.80577675325812,552842400,False
2024-08-06,103.96212768554688,107.41257244920943,100.27234777984629,103.55325619325184,409012100,False
2024-08-07,98.63687133789062,108.49956025923652,98.41747763354093,107.51228858966286,411440400,False
2024-08-08,104.68013763427734,105.208672877848,97.2507054584759,101.71833775867768,391910000,False
2024-08-09,104.46074676513672,106.30563671378638,103.14439207443418,105.348288539487,290844200,False
2024-08-12,108.71895599365234,110.76329830179426,105.96658275414626,106.02641463942724,325559900,False
2024-08-13,115.81930541992188,115.90906086189524,111.27189924867696,112.12952516459808,312646700,False
2024-08-14,117.75393676757812,118.2724974965541,113.75500781546704,118.20269109826258,339246400,False
2024-08-15,122.52073669433594,122.89968462856436,117.14562117487446,118.4320598996148,318086700,False
2024-08-16,124.23597717285156,124.6548155270241,120.84536466885127,121.6032680775869,302589900,False
2024-08-19,129.6410369873047,129.6410369873047,123.07920421225629,123.93683014253082,318333600,False
2024-08-20,126.89861297607422,129.52135538667704,125.54236785937302,128.0454312895895,300087400,False
2024-08-21,128.14515686035156,128.9928157355832,126.31024153473705,126.9684150377678,257883600,False
2024-08-22,123.39830780029295,130.38895283197962,122.7600756761678,129.66097288180268,376189100,False
2024-08-23,129.01275634765625,129.2421321879317,124.87422213092064,125.51245424374224,323230300,False
2024-08-26,126.1107940673828,130.89753484404284,124.02656901853358,129.2122143703238,331964700,False
2024-08-27,127.94570922851562,128.8432178383991,123.53790904760211,124.70468393543808,303134600,False
2024-08-28,125.26314544677734,127.97563574905244,122.30134548595971,127.76620894054898,448101100,False
2024-08-29,117.26528930664062,124.0864056350864,116.38772203285156,121.02488328117458,453023300,False
2024-08-30,119.04037475585938,121.41379989153825,116.89631023816276,119.19992897597832,333751600,False
2024-09-03,107.70177459716795,115.88910303086084,106.9937360660562,115.6896583434562,477155100,False
2024-09-04,105.91671752929688,112.9572200584078,103.83249237473711,105.11893116355375,372470300,False
2024-09-05,106.91395568847656,109.34722045042044,104.47072401794104,104.70008464878364,306850700,False
2024-09-06,102.54605102539062,107.85136027800364,100.67123751563678,107.74166341909986,413638100,False
2024-09-09,106.17599487304688,106.25577578698044,103.4036727846321,104.59038154400557,273912000,False
2024-09-10,107.8014907836914,109.09790400275718,104.66018768236026,107.5122906776436,268283700,False
2024-09-11,116.58717346191406,116.86639906475774,107.12337325723898,109.0879346022382,441422400,False
2024-09-12,118.82117462158205,120.46676065848584,115.07123444451854,116.52732649632485,366052700,False
2024-09-13,118.7812728881836,119.63897203588232,117.28528706438031,118.76132975848292,238358300,False
2024-09-16,116.4674835205078,117.86373849865818,114.05396151496328,116.47745888999548,248772300,False
2024-09-17,115.28067779541016,118.4820945393012,114.52271703198278,117.85377554798691,231925900,False
2024-09-18,113.06661224365234,117.38501890816246,112.917012138231,115.57986510061662,310318900,False
2024-09-19,117.55457305908205,119.3397837869768,116.93622949013678,117.03596036023048,293506400,False
2024-09-20,115.68958282470705,118.30257441739376,115.0812145821692,116.74674381909426,382462400,False
2024-09-23,115.94889068603516,116.67693294698849,114.55263556044,116.2381155598996,206228500,False
2024-09-24,120.54654693603516,121.47405850127808,115.07123304654732,116.20818172536411,354966800,False
2024-09-25,123.17948150634766,124.60565503965536,121.28456450552947,121.69346336275538,284692900,False
2024-09-26,123.70806121826172,127.32834434574868,121.47405774507013,126.46067739619816,302582900,False
2024-09-27,121.07512664794922,123.6980858451405,118.94085404604166,123.63824884420144,271009200,False
2024-09-30,121.11502838134766,121.1748653861715,117.83383152489164,117.9933994074146,226553700,False
2024-10-01,116.68690490722656,122.1123497582988,115.480143812289,121.4441369131862,302094500,False
2024-10-02,118.53194427490234,119.06052472572212,114.8318735101862,116.12839762685849,221845900,False
2024-10-03,122.52124786376952,124.0272091849403,120.01796257527629,120.59641230247804,277118000,False
2024-10-04,124.58570098876952,124.70538259718006,121.50397375972976,124.6056517279934,243678100,False
2024-10-07,127.3782196044922,130.29040379219748,124.61562792620684,124.65552179837816,346250200,False
2024-10-08,132.53436279296875,133.12278019873037,129.07364789501582,129.91139625758697,285722500,False
2024-10-09,132.29502868652344,134.16003500176663,131.02843810434518,133.75112849037495,246191600,False
2024-10-10,134.44924926757812,134.6387432670493,130.64944717024784,131.55701568457982,242311300,False
2024-10-11,134.4392852783203,135.41665858843493,133.3023364675461,133.65139075503694,170209500,False
2024-10-14,137.7005157470703,139.22642006970025,135.9352482142016,136.1047914480544,232347700,False
2024-10-15,131.2478485107422,138.19919822128062,128.3955011745818,137.5010592255131,377831000,False
2024-10-16,135.35679626464844,136.25438165655956,131.22787606953918,133.6214472599385,264879700,False
2024-10-17,136.5635528564453,140.51296215395072,136.50371585796043,138.96710708195366,306435900,False
2024-10-18,137.63070678710938,138.52829226592988,136.9126323168706,138.2989120156457,176090200,False
2024-10-21,143.32542419433594,143.32542419433594,137.63069803621275,137.76035501280404,264554500,False
2024-10-22,143.20574951171875,144.0335302578968,141.400595506541,142.5275764963188,226311600,False
2024-10-23,139.18653869628906,142.04885378245024,137.09216737152124,141.64993025905358,285930000,False
2024-10-24,140.03427124023438,140.97175826689335,138.08949241788707,140.4431777464081,172354900,False
2024-10-25,141.16122436523438,143.74430494634163,140.4232143860229,140.55285615055817,205122100,False
2024-10-28,140.14395141601562,142.75693502866474,139.67520798990546,142.617310298629,173586700,False
2024-10-29,140.87200927734375,141.8793009979601,138.52829188537018,139.91457158033694,157593600,False
2024-10-30,138.9671173095703,139.9544735111022,136.4438889013892,139.16657905851807,179418100,False
2024-10-31,132.40472412109375,137.24175143875112,131.756469630996,137.2317836775648,270039600,False
2024-11-01,135.03765869140625,136.94255111570317,134.2098931927627,134.3395349599235,207127800,False
2024-11-04,135.6859130859375,138.58812914709054,135.2072018980832,136.8428124063768,187528200,False
2024-11-05,139.5355987548828,139.99435925396384,136.9625011145287,137.08217511986183,160537400,False
2024-11-06,145.2203369140625,146.09798683530676,141.58011068537002,142.57743460752744,242043900,False
2024-11-07,148.4816131591797,148.5314671885647,145.77885821996583,145.9982707339075,207323300,False
2024-11-08,147.2349090576172,149.3691812590464,145.8685651814179,148.3718575159869,175665800,False
2024-11-11,144.8712921142578,148.45169716990912,143.18582718199275,148.28213868247923,182325600,False
2024-11-12,147.8931427001953,149.2495037052901,145.61924560605905,146.3871892091523,198634700,False
2024-11-13,145.87857055664062,148.93037924410717,145.5095503668412,148.67108050956173,191903300,False
2024-11-14,146.36724853515625,148.60125952595652,145.16049515099348,147.24489842760545,194463300,False
2024-11-15,141.6000518798828,144.85133773586546,139.70514243904907,144.4823175216733,250132900,False
2024-11-18,139.77491760253906,141.17117998458156,136.78294634981583,139.1266632516301,221205300,False
2024-11-19,146.61659240722656,146.7362816326987,140.61271302151263,140.9418317601378,227834900,False
2024-11-20,145.49960327148438,147.16513258851916,142.34805565960622,147.0155400700263,309871700,False
2024-11-21,146.2775115966797,152.48086819347145,140.3234860038813,148.95034787282623,400946600,False
2024-11-22,141.5701446533203,146.7662096056562,140.72242834878378,145.53949007763015,236406200,False
2024-11-25,135.65602111816406,141.66988390343687,135.45655935237875,141.610046895497,344941900,False
2024-11-26,136.55360412597656,138.9272401830298,135.30694909062626,137.33151565059862,190287700,False
2024-11-27,134.97779846191406,136.8527720620769,131.44727893138864,134.64867978414378,226370900,False
2024-11-29,137.88003540039062,138.97709782710584,135.68592576491588,136.41396798376013,141863200,False
2024-12-02,138.25901794433594,140.07413953973298,137.45118801543163,138.45847968192444,171682800,False
2024-12-03,139.8846435546875,140.1638930268938,137.58082780000817,137.8899957715255,164414000,False
2024-12-04,144.7515869140625,145.39984134699782,139.91456002292938,141.61999054867616,231224300,False
2024-12-05,144.68177795410156,146.1579148411047,143.57467148409813,144.73165063129176,172621200,False
2024-12-06,142.06861877441406,145.3201135010368,140.94156015213164,144.2229906612707,188505600,False
2024-12-09,138.4480743408203,139.58510137793925,136.77246195727844,138.60766082087318,189308600,False
2024-12-10,134.7178192138672,141.4502189353748,133.44114274667672,138.64753308216282,210020900,False
2024-12-11,138.94677734375,139.80453569143606,134.85747632446007,137.00186458417264,184905200,False
2024-12-12,136.98190307617188,138.07904108019704,135.44592508954074,136.72258646567687,159211400,False
2024-12-13,133.89996337890625,139.2360201486468,132.19441524956173,138.57773734651352,231514900,False
2024-12-16,131.6558074951172,134.0495433619733,130.07992554881972,133.83011579862796,237951100,False
2024-12-17,130.05003356933594,131.24690176576593,126.5292385551769,128.75342001528475,259410300,False
2024-12-18,128.5738983154297,136.3435808551527,127.94553603601128,133.51098920213212,277444500,False
2024-12-19,130.3392333984375,133.68050407401532,129.2121903191743,131.416419032185,209719200,False
2024-12-20,134.34878540039062,134.92727495716574,127.88568536239204,129.4715360054975,306528600,False
2024-12-23,139.30581665039062,139.42549888718457,134.76767747092137,135.9246564899382,176053500,False
2024-12-24,139.85440063476562,141.53001300601622,138.28848684636677,139.63497303105362,105157000,False
2024-12-26,139.56515502929688,140.48276971800976,137.37089410442982,139.33575896662117,116205600,False
2024-12-27,136.6527557373047,138.65752461945982,134.35876491420703,138.1887488761999,170582600,False
2024-12-30,137.13148498535156,139.90423460809706,133.67053217944263,134.47841757915623,167734700,False
2024-12-31,133.93984985351562,137.71000800391965,133.48105776544256,137.67010377599792,155659200,False
2025-01-02,137.94935607910156,138.51787711680194,134.27895893528864,135.64538180842524,198247200,False
2025-01-03,144.0933380126953,144.52220960853393,139.3656906953459,139.64495945984694,229322500,False
2025-01-06,149.04039001464844,151.76328315584956,147.43460231153736,148.20258376458906,265377400,False
2025-01-07,139.7745819091797,152.7307157375852,139.6449160163553,152.63097040172005,351782200,False
2025-01-08,139.7447052001953,143.57468988273558,137.20135052761552,142.2082666228464,227349900,False
2025-01-10,135.55564880371094,139.55518814906236,133.87005266470834,137.09162690267476,207602500,False
2025-01-13,132.8826141357422,133.1419459563911,129.17231238202828,129.6510717959939,204808900,False
2025-01-14,131.4164276123047,136.02439121624306,129.7108949951014,135.69524987174736,195590500,False
2025-01-15,135.88479614257812,136.09424010113997,130.94768976753863,133.30153730793728,185217300,False
2025-01-16,133.22174072265625,138.38822723428095,133.14194748607855,138.2785134363621,209235600,False
2025-01-17,137.3509521484375,138.13888566634566,135.10681862678206,136.33360735729912,201188800,False
2025-01-21,140.46279907226562,141.46019165371834,136.7325453387914,138.79715528751996,197749000,False
2025-01-22,146.68655395507812,147.40466270866227,143.2954095914058,144.2828338584672,237651400,False
2025-01-23,146.83615112304688,146.8461195709751,143.34527675360425,144.67181084027297,155915500,False
2025-01-24,142.24813842773438,148.58158800111045,141.51007758845265,147.9831463085536,234657600,False
2025-01-27,118.1112289428711,128.06520275177593,116.39571246675482,124.47459855123267,818830900,True
2025-01-28,128.6536865234375,128.66365497133788,115.94689837533356,121.49239920882492,579666400,False
2025-01-29,123.37747192382812,126.55915701971556,119.7369947161038,126.17017448185184,467120600,False
2025-01-30,124.32500457763672,124.67409050916186,117.7920791911556,122.77904281152207,392925500,False
2025-01-31,119.7569351196289,127.51664871512423,118.8792323275003,123.45726093608867,388161100,False
2025-02-03,116.3558349609375,118.26085104341853,112.71535011762803,114.45081126895413,371235700,False
2025-02-04,118.34063720703124,120.88398385074508,116.39571701060105,116.6550412253588,256550000,False
2025-02-05,124.50452423095705,124.67407915232371,120.44513651813745,121.44252915135604,262230800,False
2025-02-06,128.344482421875,128.43425932928383,124.8835362233014,127.0877731272008,251483600,False
2025-02-07,129.50143432617188,130.03005111642076,124.6740584360869,128.88305586640928,228186300,False
2025-02-10,133.22174072265625,134.64800487659767,129.621152724233,129.7508034170435,216989100,False
2025-02-11,132.45376586914062,134.12937845518158,130.67840791626125,132.23433823730105,178902400,False
2025-02-12,130.798095703125,131.89523390864048,128.74346889916592,129.68102059860516,160278600,False
2025-02-13,134.93722534179688,136.144076969536,130.8279730901596,131.21695555845534,197430000,False
2025-02-14,138.48797607421875,138.8869270481558,135.1467045962306,136.12414513567924,195479600,False
2025-02-18,139.0365447998047,143.06602007700403,137.57037622357197,140.90167961185236,219176600,False
2025-02-19,138.86697387695312,140.99142508356047,136.86222013681927,139.1462426003846,167536000,False
2025-02-20,139.7447052001953,140.29327428157626,136.4333538136822,139.6649119502666,143903600,False
2025-02-21,134.07949829101562,141.09118323158302,133.68054728393315,139.67487215272783,228217600,False
2025-02-24,129.94032287597656,138.22865397806314,129.74084737496105,136.20394796569565,251381100,False
2025-02-25,126.29984283447266,129.86053469386732,124.11555785804758,129.6411070684952,271428700,False
2025-02-26,130.93771362304688,133.38132271635274,128.1549946612343,129.6510837247691,322553800,False
2025-02-27,119.83673095703124,134.6579790491402,119.69709659183457,134.64801060127058,443175800,False
2025-02-28,124.5942840576172,124.76383897645572,116.0965022974822,117.71227346912306,389091100,False
2025-03-03,113.76260375976562,123.37746834229016,111.98724605192426,123.18796891235904,411381400,False
2025-03-04,115.68757629394533,118.9989197292815,109.82291000037466,110.3615029675652,398163300,False
2025-03-05,116.99415588378906,117.971596377653,114.2114295961939,117.27342459632162,284337900,False
2025-03-06,110.2817153930664,115.0492514915792,109.93262945458795,113.23399700198848,321181900,False
2025-03-07,112.39617919921876,113.18412029909872,107.27955007853645,110.95993136050063,341755500,False
2025-03-10,106.70105743408205,111.55835424093472,105.18501650973492,109.61344182887888,366487400,False
2025-03-11,108.47642517089844,111.9473472812216,104.49682307629251,106.71103594468934,354865700,False
2025-03-12,115.4488525390625,116.4662909787898,112.59604629385464,113.83293253862912,323857500,False
2025-03-13,115.28924560546876,117.46376184203,113.5037476653848,116.73559490158163,299033100,False
2025-03-14,121.36392211914062,121.57339292473428,117.85278046649132,118.31162236591584,277593500,False
2025-03-17,119.22930908203124,122.58085727393843,117.73308248243704,122.4312330919386,255501500,False
2025-03-18,115.13961791992188,118.72058305537904,114.25185746421572,117.70315237486469,299686900,False
2025-03-19,117.22435760498048,120.14698705841565,115.3889900516623,116.97498651717952,273426200,False
2025-03-20,118.23181915283205,119.89761619602572,116.17700382075364,116.25680439544836,248829700,False
2025-03-21,117.4039077758789,117.6931791575635,115.1296446207881,116.64582513098318,266498500,False
2025-03-24,121.10458374023438,121.91254366285412,119.03978374206928,119.57842622721644,228452500,False
2025-03-25,120.38639831542967,120.9848874515059,118.6208466122723,120.24675110401866,167447200,False
2025-03-26,113.4738311767578,118.54104631031402,112.42646947850852,118.43133002412056,293463300,False
2025-03-27,111.1496810913086,114.1620804707786,110.38162149260252,111.0698805170997,236902100,False
2025-03-28,109.39411163330078,112.58606625933989,108.79562251910656,111.209532925471,229872500,False
2025-03-31,108.10736083984376,110.68087252083328,103.38926370156524,104.86553641067388,299212700,False
2025-04-01,109.87291717529295,109.92278683325368,106.2021739784294,108.2470125996811,222614000,False
2025-04-02,110.14221954345705,111.69830029652356,106.5213541109438,107.0200962834212,220601200,False
2025-04-03,101.54391479492188,105.36427425680412,101.344413349133,103.24961220285616,338769400,False
2025-04-04,94.07275390625,99.87811296890388,91.87829121020437,98.66118836013088,532273800,False
2025-04-07,97.39437103271484,101.49403230771996,86.40209687721266,87.23998007579976,611041300,False
2025-04-08,96.05775451660156,105.58372634261488,94.2223791915971,103.54885717389794,476243400,False
2025-04-09,114.04238891601562,114.81044852614636,97.28464859296416,98.64122793388744,612918300,False
2025-04-10,107.29939270019533,110.58111717003516,98.9005761841806,109.09486759895934,437812400,False
2025-04-11,110.65094757080078,111.26939065397995,107.20962934859612,108.22706011361764,313417300,False
2025-04-14,110.4314956665039,114.00249160148302,108.7956218792334,113.82294410726054,264705000,False
2025-04-15,111.9177474975586,113.33418114021704,110.22202704858428,110.69084593782598,228966900,False
2025-04-16,104.2271499633789,106.52136728458446,100.19731179816196,104.28700420641552,397016900,False
2025-04-17,101.23469543457033,104.20720246563867,99.7983229910804,104.18724851478048,292517500,False
2025-04-21,96.66622924804688,99.18986388590638,94.80093044127103,98.52154346848428,288501100,False
2025-04-22,98.64122772216795,99.55891150664588,97.03527729423074,98.53150383378456,241004800,False
2025-04-23,102.45162200927734,104.53636836662164,101.76335533667915,104.25706634151078,247526000,False
2025-04-24,106.1622543334961,106.2719782152916,102.85060676252527,103.21967869312851,220815000,False
2025-04-25,110.73075103759766,111.63845793071248,105.46403435389148,106.58121206849437,251064700,False
2025-04-28,108.45647430419922,110.09234799288484,105.75328507903306,109.4140583456102,207708500,False
2025-04-29,108.7457504272461,109.9227823722281,107.16973079396024,107.39914795371472,170444300,False
2025-04-30,108.64599609375,108.64599609375,103.81817538074748,104.20719367744805,235044600,False
2025-05-01,111.32923126220705,114.6508560442669,111.02001354244472,112.7955345052894,236121500,False
2025-05-02,114.21196746826172,115.10970497913569,113.08481279973248,113.8927727544179,190194800,False
2025-05-05,113.53368377685548,114.3815440670542,112.3766057315755,112.62597685282236,133163200,False
2025-05-06,113.25438690185548,114.4513652140045,110.541227943435,111.19957134225872,158525600,False
2025-05-07,116.7655258178711,117.38396890879066,111.99755142427854,112.7656187028628,206758800,False
2025-05-08,117.07474517822266,118.38144728921776,115.55856464909375,117.95252869863282,198428100,False
2025-05-09,116.35655975341795,117.9325869721132,114.92017974547274,117.05479580716788,132972200,False
2025-05-12,122.69058227539062,122.69058227539062,119.9774234659773,121.66317455201768,225023300,False
2025-05-13,129.60313415527344,130.88989748886456,124.1568781333485,124.66559728217727,330430100,False
2025-05-14,134.99952697753906,135.09928149974084,131.34873063875938,132.86491109788813,281180800,False
2025-05-15,134.49081420898438,135.9571173935552,132.32627503661865,133.9521641466833,226632600,False
2025-05-16,135.05938720703125,136.0070096021913,133.1242801768634,135.87733175434735,226542500,False
2025-05-19,135.2289581298828,135.52819125301625,132.05695004104146,132.05695004104146,193154600,False
2025-05-20,134.04196166992188,134.24145551049554,132.286379343903,133.95217650431997,161514200,False
2025-05-21,131.46844482421875,137.0543482410567,130.26148202288624,132.72526966841644,270608700,False
2025-05-22,132.495849609375,133.9122755767364,131.21907084385478,131.89735290411087,187344000,False
2025-05-23,130.959716796875,132.3462194682512,128.8350854296202,129.67296865108418,198821300,False
2025-05-27,135.1591339111328,135.31873506532702,132.9746406768617,133.81252390577552,192953600,False
2025-05-28,134.4708709716797,136.904735369061,134.45091702175245,135.68780317037033,304021100,False
2025-05-29,138.83985900878906,143.12904506361895,137.56308016740775,141.8921589021039,369241900,False
2025-05-30,134.79006958007812,139.26876471984465,132.58562239610197,138.37103486307464,333170900,False
2025-06-02,137.034423828125,137.77255260816483,135.05939358324852,135.14917875467413,197663100,False
2025-06-03,140.86474609375,141.6427826965636,137.60296789247522,138.43088175862894,225578800,False
2025-06-04,141.56297302246094,142.03179187100486,139.1889554677409,141.83229805086768,167120800,False
2025-06-05,139.63784790039062,143.63775490128222,138.48076233301106,141.8123566062966,231397900,False
2025-06-06,141.36349487304688,142.9095987862069,141.15401644541944,142.1515008770834,153986200,False
2025-06-09,142.2711944580078,144.6352274429253,141.58292783698045,142.8297832459712,185114500,False
2025-06-10,143.5978546142578,143.92701105784593,141.17395971410352,142.3310452201821,155881900,False
2025-06-11,142.48057556152344,144.63529488552354,141.52291745481477,144.2562196651552,167694000,False
2025-06-12,144.64527893066406,144.64527893066406,141.50299102868564,141.62269259555393,162365000,False
2025-06-13,141.62269592285156,143.22875794239724,140.50544068193668,142.13144281545507,180820600,False
2025-06-16,144.33604431152344,145.82238955213242,142.84968384945327,142.9993260342438,183133700,False
2025-06-17,143.76744079589844,144.86475600350525,143.4282761758971,144.1365460319819,139108000,False
2025-06-18,145.1240997314453,145.2936820241915,142.7698725249477,143.6576946584193,161494100,False
2025-06-20,143.4980926513672,145.84233449814036,142.30101614416546,145.09416929186932,242956200,False
2025-06-23,143.81732177734375,144.4258301714446,141.6825573691225,142.15140884759998,154308900,False
2025-06-24,147.53817749023438,147.59804349475166,145.1440548392029,145.20390562225958,187566100,False
2025-06-25,153.93251037597656,154.07216728635598,148.8948611020321,148.90484638085596,269146500,False
2025-06-26,154.64076232910156,156.33660039378947,153.6232534017049,155.59840525486092,198145700,False
2025-06-27,157.36407470703125,158.32173282582838,154.88016085316636,155.65825141530053,263234500,False
2025-06-30,157.60353088378906,158.27189010551226,155.5784978805412,158.01251637488383,194580300,False
2025-07-01,152.92498779296875,156.81544119896878,151.1194180014287,155.9076636637482,213143600,False
2025-07-02,156.86529541015625,157.21444524051134,152.59576744278257,152.60573749853646,171224100,False
2025-07-03,158.95021057128906,160.5861981093371,157.38405910191088,157.98258221790178,143716100,False
2025-07-07,157.85292053222656,158.92029519483475,156.95511296944946,157.8130098557672,140139000,False
2025-07-08,159.6085662841797,159.82802928053715,158.00250447708677,158.94020723943976,138133000,False
2025-07-09,162.48155212402344,164.01777813022636,160.7657585360006,160.8256093227867,183656400,False
2025-07-10,163.6985626220703,164.0975779997467,161.214648514871,163.91802564623063,167704100,False
2025-07-11,164.51654052734375,167.47927598463818,163.07009082840767,163.31947923241253,193633300,False
2025-07-14,163.6686248779297,165.08514914967665,161.62363697338392,164.96543236823985,136975800,False
2025-07-15,170.28240966796875,171.97824787505814,168.78607915204378,170.77121644956358,230627400,False
2025-07-16,170.9507598876953,171.32983513615645,168.48680121561864,170.64152069930245,158831500,False
2025-07-17,172.5767822265625,173.7339481189201,170.4120926228971,171.59918390717252,160841100,False
2025-07-18,171.98822021484375,173.82371518980958,170.8410244393951,173.21520688358655,146456400,False
2025-07-21,170.9607391357422,172.95584631586675,170.58166390065136,172.32738268326037,123126100,False
2025-07-22,166.62139892578125,170.97073381366536,164.17739532245605,170.9208530826869,193114300,False
2025-07-23,170.36219787597656,170.84101932871772,167.5590747729789,169.11525591048226,154082200,False
2025-07-24,173.3149871826172,173.40476336343244,170.88095369299285,172.01816431437092,128984600,False
2025-07-25,173.0755615234375,174.29257821699642,172.53688923976992,173.18529303585547,122316800,False
2025-07-28,176.31761169433594,176.56700011257405,173.54441370124516,173.594294429185,140023500,False
2025-07-29,175.08062744140625,178.94117023690123,174.59183591750704,177.52464594674228,154077500,False
2025-07-30,178.83143615722656,179.4499145115228,175.60932710539225,176.07817850992635,174312200,False
2025-07-31,177.4348602294922,182.8515843840116,175.4996037416905,182.4525537970388,221685400,False
2025-08-01,173.29502868652344,176.1081221843386,170.47194991004753,173.6641186818972,204529000,False
2025-08-04,179.55966186523438,179.75916955634796,174.09307197712414,174.7315057215643,148174600,False
2025-08-05,177.8239288330078,179.81903636484594,175.4697013365803,179.18060256351626,156407600,False
2025-08-06,178.9810791015625,179.4599006050506,175.81883576850015,175.898641889325,137192300,False
2025-08-07,180.32778930664065,183.43018196887525,178.3626072705472,181.1258353228625,151878400,False
2025-08-08,182.25303649902344,182.85157473717487,179.9586602147226,181.10585596760288,123396700,False
2025-08-11,181.6146240234375,183.39026839012567,179.80905426349312,181.6046539661726,138323200,False
2025-08-12,182.71194458007807,184.02870758664503,179.02099882862018,182.51243687865423,145485700,False
2025-08-13,181.1457672119141,183.51994981646104,178.9112567337155,182.1732462738988,179871700,False
2025-08-14,181.57472229003903,182.57227595462552,179.02098734413144,179.3102712094187,129554000,False
2025-08-15,180.00856018066406,181.45500998578265,177.6044521364236,181.43506987144983,156602200,False
2025-08-18,181.56472778320312,182.49246055927404,180.14820347806383,180.1581887559372,132008000,False
2025-08-19,175.2103271484375,182.0535459787435,175.06070018553257,181.98370991508045,185229200,False
2025-08-20,174.9709014892578,175.56943975883806,168.38705663117767,174.74146841521826,215142700,False
2025-08-21,174.55194091796875,176.4672421817212,173.38480492387563,174.42226928848822,140040900,False
2025-08-22,177.55459594726562,178.15311905934888,170.78119751777692,172.18775194658505,172789400,False
2025-08-25,179.3701171875,181.4649859155824,176.13805314258047,177.91369740024777,163012800,False
2025-08-26,181.3253326416016,181.94381103857447,178.37256711704984,179.61950918930867,168688200,False
2025-08-27,181.15576171875,182.0435839210746,178.66187741767394,181.53482178191956,235518900,False
2025-08-28,179.729248046875,184.01873199506824,175.97845161993425,180.37766708382995,281787800,False
2025-08-29,173.75390625,177.71419588670034,172.72642709704877,177.67430043382657,243257900,False
2025-09-02,170.36219787597656,171.95828968039308,166.81090959368234,169.58410730722488,231164900,False
2025-09-03,170.20260620117188,171.9882358353705,168.46687251736884,170.64153226145447,164424900,False
2025-09-04,171.2400665283203,171.43957421789176,168.99557077235426,170.15273668191406,141670100,False
2025-09-05,166.61141967773438,168.61649709218636,163.66863936987482,167.61894341349085,224441400,False
2025-09-08,167.8982696533203,170.54179623040895,166.94062657490792,167.140134281122,163769100,False
2025-09-09,170.34225463867188,170.5617176578999,166.3320999523285,168.6763418810487,157548400,False
2025-09-10,176.89617919921875,178.85137570339947,175.04072892074373,176.20786478957257,226852000,False
2025-09-11,176.74656677246094,179.8491345673521,176.05821341780958,179.2505624618324,151159300,False
2025-09-12,177.39498901367188,178.1731234709029,176.02825318201792,177.34510547722002,124911000,False
2025-09-15,177.32516479492188,178.4225418052247,174.0929031464731,175.2501343169162,147061600,False
2025-09-16,174.46202087402344,177.0757538913052,173.96321593348455,176.5769489507663,140737800,False
2025-09-17,169.8829803466797,172.78602876073558,168.00748411706098,172.22736966160153,211843800,False
2025-09-18,175.81878662109375,176.67673180432445,172.54662713675344,173.56417834624654,191763300,False
2025-09-19,176.2477264404297,177.65435995090164,174.76128231706025,175.34988368438945,237182100,False
2025-09-22,183.1711578369141,184.10891359634735,174.2924356467209,174.88102184557565,269637000,False
2025-09-23,178.0035400390625,181.98400930831284,175.78885990523673,181.53508786527135,192559600,False
2025-09-24,176.54701232910156,179.35029350783142,174.9807575937583,179.34032288959435,143564100,False
2025-09-25,177.26531982421875,179.82916955782613,172.71622074990066,174.06298508983102,191586700,False
2025-09-26,177.7641143798828,179.3403398828169,174.51189629291883,177.74415791919978,148573700,False
2025-09-29,181.41537475585935,183.56023005067576,179.88903275637574,179.99875523700084,193063500,False
2025-09-30,186.1340484619141,186.9022123120565,181.04623211551163,181.64480411708308,236981000,False
2025-10-01,186.79248046875,187.6903232769056,183.46045188172369,184.79726069745416,173844900,False
2025-10-02,188.43853759765625,190.59337868299,187.6105195355423,189.146847340247,136805800,False
2025-10-03,187.17156982421875,189.90502650703215,184.93693332773543,188.7378247179256,137596900,False
2025-10-06,185.09654235839844,186.7825055997528,182.8918329061041,185.0566446584491,157678100,False
2025-10-07,184.5977325439453,188.6081286768816,183.56022492696124,185.7848907820332,140088000,False
2025-10-08,188.6580047607422,189.14683908131636,186.094140065894,186.12408236678675,130168900,False
2025-10-09,192.1097412109375,194.8332119113436,190.60334055524348,191.77054228398893,182997200,False
2025-10-10,182.7222442626953,195.15245586263572,181.61489659616785,193.0474982342752,268774400,False
2025-10-13,187.86990356445312,189.65561858658472,185.51554359294207,187.5207340107304,153482800,False
2025-10-14,179.59970092773438,184.35830419700528,179.27048784899807,184.3283771191491,205641400,False
2025-10-15,179.4001922607422,184.4281395182556,176.86625456034105,184.35831474003743,214450500,False
2025-10-16,181.37545776367188,182.84194556906476,179.34034021746592,181.79445210488132,179723300,False
2025-10-17,182.78208923339844,183.65999082680747,179.3203816221287,179.74934657743225,173135200,False
2025-10-20,182.20347595214844,184.7573549226016,181.2956472677441,182.69231029505525,128544700,False
2025-10-21,180.7270050048828,182.35309871753384,179.37025499304198,182.35309871753384,124240200,False
2025-10-22,179.84910583496094,183.00155667206863,176.33751483638122,180.7070509305708,162249600,False
2025-10-23,181.72462463378903,182.59254038327157,179.3602787988416,179.988777912505,111363700,False
2025-10-24,185.81480407714844,187.0219186862977,183.0614063875393,183.40059008116805,131296700,False
2025-10-27,191.0323181152344,191.54109366524804,187.97961914819695,189.53590332097465,153452700,False
2025-10-28,200.54953002929688,202.6644582837766,191.4513320204045,192.58860677151608,297986200,False
2025-10-29,206.545166015625,211.6828666070652,204.2905729140704,207.482921843539,308829600,False
2025-10-30,202.4050750732422,205.66726375798945,200.9286166610889,204.65966800141675,178864400,False
2025-10-31,202.00604248046875,207.4729406961805,201.5870481318289,205.9565693232556,179802200,False
2025-11-03,206.38552856445312,210.83485992622803,205.068676268978,207.58265732795536,180267300,False
2025-11-04,198.2151031494141,203.48248192945988,197.4569099225941,202.51479915904247,188919300,False
2025-11-05,194.74343872070312,202.43500266122365,194.18476438007545,198.29492759193727,171350300,False
2025-11-06,187.63047790527344,197.1476699621838,185.9345440647224,195.95054108781363,223029800,False
2025-11-07,187.7003173828125,187.86992448023628,178.48241062826605,184.4580848487537,264942300,False
2025-11-10,198.5742645263672,199.46213677715232,193.3268264223904,194.6436788693004,198897100,False
2025-11-11,192.6983337402344,194.9529266552934,190.84277869998112,194.6935535589016,176483300,False
2025-11-12,193.33680725097656,195.4218083488666,190.673190567689,195.2522164876445,154935300,False
2025-11-13,186.4133758544922,190.9824307616844,183.4105757073767,190.59336353184332,207423100,False
2025-11-14,189.7154693603516,190.55345800755305,180.14839424900484,182.4229435613052,186591900,False
2025-11-17,186.1540069580078,188.5482645458532,183.8794576828592,185.52550787171305,173628900,False
2025-11-18,180.9265289306641,184.35830936263392,179.22060933347112,182.94170515591497,213598900,False
2025-11-19,186.0742034912109,187.41099710874653,182.39302051116812,184.3483273978252,247246400,False
2025-11-20,180.208251953125,195.53154064523628,179.42014682895694,195.4816571057099,343504800,False
2025-11-21,178.4524688720703,184.1188859589464,172.51667761994415,180.80682891210236,346926200,False
2025-11-24,182.1136932373047,183.0614196131816,176.0581937395723,179.0610093294625,256618300,False
2025-11-25,177.39498901367188,177.73417270583553,169.1447513765687,174.49194072660026,320600300,False
2025-11-26,179.82916259765625,182.4728380763597,177.81400147563977,181.19589856886267,183852000,False
2025-11-28,176.5769500732422,178.86147001761242,176.07814512953246,178.5821404669205,121332800,False
2025-12-01,179.489990234375,179.8690869073362,173.26489832447646,174.34231895632354,188131000,False
2025-12-02,181.0262908935547,185.21624923794852,179.56977380817938,181.32556167204697,182632200,False
2025-12-03,179.1607666015625,182.01393165685585,178.68191808959097,180.6472109015755,165138000,False
2025-12-04,182.951904296875,184.08924235816875,179.53989011299373,181.1960032737075,167364900,False
2025-12-05,181.98416137695312,184.22890867632069,180.4876631773748,183.46070200471704,143971100,False
2025-12-08,185.1168365478516,187.5611139779305,181.9741810893209,182.213626289633,204378100,False
2025-12-09,184.5381774902344,185.2864265695677,182.89203560496765,185.12679644575,144719700,False
2025-12-10,183.35096740722656,185.0469957406681,181.61502392815052,184.53819180758595,162785400,False
2025-12-11,180.50759887695312,180.89670300875093,176.20766331092784,179.85912243695617,182136600,False
2025-12-12,174.6114044189453,182.3931976659576,174.21232912082112,180.68718311570447,204274900,False
2025-12-15,175.87843322753906,178.0034654802094,174.6213802569945,177.52459033283526,164775600,False
2025-12-16,177.30511474609375,178.07332144734244,174.4916907151964,175.8485164107673,148588100,False
2025-12-17,170.5409393310547,175.71882560019336,169.91240520818417,175.68889685369163,222775500,False
2025-12-18,173.73345947265625,175.7387615308714,171.41888356310693,174.1225483861358,176096000,False
2025-12-19,180.5674743652344,181.0263919449467,175.92832091222974,176.2575523358494,324925900,False
2025-12-22,183.26116943359372,183.73007341419412,181.9243013805983,183.4906282252173,129064400,False
2025-12-23,188.76828002929688,188.88799500778453,182.47299846788636,182.5428423541149,174873600,False
2025-12-24,188.169677734375,188.4689804086018,186.154389299292,187.50124372172945,65528500,False
2025-12-26,190.085205078125,192.240166195598,187.5611125998212,189.47662851874145,139740300,False
2025-12-29,187.7805938720703,188.31932652162573,185.47598909796272,187.2717899684254,120006100,False
2025-12-30,187.1021728515625,188.5487999407664,186.49359631469855,187.8005508490403,97687300,False
2025-12-31,186.0646209716797,190.11514057964584,186.0546497967401,189.12746144975495,120100500,False
2026-01-02,188.4091339111328,192.4795957147097,187.8204997023152,189.39681300359115,148240500,False
2026-01-05,187.6808319091797,193.1779786425506,185.7154296257417,191.31233377676455,183529700,False
2026-01-06,186.80288696289065,191.7213703933745,186.3838692947835,190.0752284670132,176862600,False
2026-01-07,188.66851806640625,190.9232365533545,186.12446806753155,188.12978540958392,153543200,False
2026-01-08,184.60801696777344,189.1074981045344,183.28113525242412,188.6685228499072,172457000,False
2026-01-09,184.42843627929688,185.9049768874807,183.2412119543349,184.64792389684447,131327500,False
2026-01-12,184.5082550048828,186.6831584288149,182.59273912358012,182.79226917353867,137968500,False
2026-01-13,185.376220703125,187.6708543554723,182.97184323887345,184.5681140987238,160128900,False
2026-01-14,182.71243286132807,184.0293584396101,180.3778995796448,183.88968589856492,159586100,False
2026-01-15,186.6133270263672,189.25713440169068,185.895006678512,186.06460797964908,206188600,False
2026-01-16,185.79522705078125,189.99540517049,185.6455833269296,188.63857958929228,187967200,False
2026-01-20,177.65428161621094,181.95421697054311,177.19534884297914,181.47532662721457,223345300,False
2026-01-21,182.8920440673828,184.94723253133864,177.9835164834521,178.6320081827799,200381000,False
2026-01-22,184.40847778320312,185.7353746560278,183.5005985718231,184.31869154642928,139636600,False
2026-01-23,187.23187255859372,189.15737478680413,186.38386606278428,187.06227125943187,142748100,False
2026-01-26,186.03468322753903,188.6784906596197,185.55580805974404,186.7230748442759,124799600,False
2026-01-27,188.07989501953125,189.55643562401056,185.2664711415707,186.80288446054917,143711600,False
2026-01-28,191.0728912353516,191.9009553855833,189.3968053634026,190.8234748728661,148552700,False
2026-01-29,192.06057739257807,193.0283141326731,185.62563804704837,190.8933105997472,171764400,False
2026-01-30,190.68380737304688,194.0359639826301,189.0276790286862,190.76362243793776,179489500,False
2026-02-02,185.17669677734372,189.8557504766133,184.4484052141589,186.7629812920276,165794100,False
2026-02-03,179.91897583007812,185.8351396091497,175.81857039871747,185.8052108647954,204019600,False
2026-02-04,173.78334045410156,179.16075641282603,171.50866453387607,179.04104143486663,207014100,False
2026-02-05,171.47872924804688,176.40719862825284,170.6307075914073,174.5215964583249,206312900,False
2026-02-06,184.9771423339844,186.5634266395524,174.1923819783884,176.277498975506,231346200,False
2026-02-09,189.59634399414065,193.20790343822367,183.52056478242864,183.82983865020864,196387400,False
2026-02-10,188.09983825683597,192.0306425866914,187.6808205923615,190.93321971968695,136764800,False
2026-02-11,189.6063232421875,192.80882083578368,188.329312674443,192.00071425091676,144192700,False
2026-02-12,186.5035858154297,193.1580126884611,186.07458174632157,192.5793648877844,189932500,False
2026-02-13,182.3832244873047,187.0622780376601,181.16607138035292,187.042320465516,161888000,False
2026-02-17,184.5381774902344,186.71308084037668,178.76168607280786,181.3256935584433,162276900,False
2026-02-18,187.5411376953125,189.92555739322245,186.3239846890322,188.3093443160685,164749100,False
2026-02-19,187.4613342285156,187.9900957055448,185.22657333636724,186.62329889396,126554500,False
2026-02-20,189.3768768310547,189.8856807673048,185.5059297314624,186.13446388219373,178422300,False
2026-02-23,191.1028289794922,193.49722008283115,189.1374267327081,190.9531700210539,171584800,False
2026-02-24,192.39979553222656,193.31764595479845,186.96250644177093,191.04296985904048,175123600,False
2026-02-25,195.10345458984372,197.16862939564908,193.3375824661624,193.9960453222018,250637100,False
2026-02-26,184.45835876464844,193.8364076167612,183.88969739169636,193.81646526905493,360807900,False
2026-02-27,176.77635192871094,182.16373952566903,175.96824531148394,180.82687141264745,311636500,False
2026-03-02,182.0540008544922,183.0317240302905,174.23230678711255,174.60143816018197,209095300,False
2026-03-03,179.62965393066406,180.4776603660684,176.50695643346228,178.0732983803544,178099400,False
2026-03-04,182.61268615722656,184.2688145383873,179.63964723402094,180.01876499488523,177731200,False
2026-03-05,182.9119873046875,183.6303076754259,177.4647422536165,180.74705501791132,198779700,False
2026-03-06,177.40487670898438,182.3333312190456,176.40721126414203,179.42014994688597,189021900,False
2026-03-09,182.2235870361328,182.4829897940845,175.1501427003192,176.4171820751478,177213600,False
2026-03-10,184.33865356445312,186.00475307627937,181.5850871183009,181.97417604353973,179118500,False
2026-03-11,185.60574340820312,187.1921136401388,184.02934488988055,185.4860219488843,145280400,False
2026-03-12,182.72235107421875,184.51824924312825,181.33552155955925,183.63027948516628,155762700,False
2026-03-13,179.83892822265625,185.6656060713691,179.5296376335348,184.49827615888316,160988400,False
2026-03-16,182.8021697998047,188.4492658789173,180.9962999229416,182.55273992235968,217307400,False
2026-03-17,181.5150909423828,184.97717862722425,181.26566108165355,184.6379576703901,182497800,False
2026-03-18,179.98858642578125,182.9618014097589,179.91875397930713,182.0638447517288,156683100,False
2026-03-19,178.1527862548828,179.56954607641802,175.38909905828712,177.60403750119184,170968500,False
2026-03-20,172.30613708496094,177.85345450506617,171.32837633709812,177.59405294207926,241323500,False
2026-03-23,175.23944091796875,177.96321071223454,174.36144294367455,176.85574153065542,182836300,False
2026-03-24,174.80044555664062,175.81812366395545,173.58322660302642,174.4312942297872,147667800,False
2026-03-25,178.2725067138672,180.8067226806179,176.44669348987364,176.69612335614488,162602100,False
2026-03-26,170.8494873046875,176.10745794358192,170.74970926821888,175.66847416549638,186152200,False
2026-03-27,167.13795471191406,170.58008352629554,166.62910808502988,169.61229451028825,196212700,False
2026-03-30,164.79331970214844,169.0635577295173,163.89537828689438,168.3950875250076,185627000,False
2026-03-31,174.0022735595703,174.22177306603788,166.57925331681818,166.58922503111532,226181300,False
2026-04-01,175.3491973876953,176.96549806235143,174.3514779146501,175.5986272559566,168132000,False
2026-04-02,176.98544311523438,177.0852211444685,170.9791680862979,171.7873183615289,143143200,False
2026-04-06,177.23487854003906,177.3845303646084,175.35916114415525,176.75597747742694,107564300,False
2026-04-07,177.69383239746094,177.8235255680002,173.26395579650787,175.32922705160684,132534900,False
2026-04-08,181.66476440429688,184.837505037226,179.8888249511496,184.079243714486,147732700,False
2026-04-09,183.49058532714844,183.6601958045732,180.20807985372045,181.42529878487736,116428500,False
2026-04-10,188.1998291015625,189.56669990817065,183.87970195572368,183.88967366981893,160459500,False
2026-04-13,188.87826538085935,189.2274732756209,185.3164148846483,185.605746824658,133648200,False
2026-04-14,196.0618438720703,196.0618438720703,190.33494396561244,190.4047764107204,161307000,False
2026-04-15,198.41647338867188,199.94298301571828,195.2936216855987,196.09178511161636,185338400,False
2026-04-16,197.8976593017578,199.39423847906176,195.36344336942167,196.97974400923292,134012900,False
2026-04-17,201.2200469970703,201.2400056483541,198.8155547450397,199.44410763257105,160324400,False
2026-04-20,201.59918212890625,201.70893187328167,197.3888049886708,199.52392392325544,119381400,False
2026-04-21,199.42417907714844,202.28762917830335,198.54618104306965,201.66904795828867,107945300,False
2026-04-22,202.03819274902344,202.03819274902344,198.54617460274403,200.53164182940824,107501000,False
2026-04-23,199.1847076416016,203.3651545152774,196.7702284327844,201.99828375930824,113561800,False
2026-04-24,207.79502868652344,210.46890943516505,199.3543156614425,199.5039827094276,214134400,False
2026-04-27,216.1160125732422,216.33551207209095,206.90706623150768,209.17187844164343,187172400,False
2026-04-28,212.6838531494141,214.2402930542568,207.72518626919629,209.0122528840405,180275400,False
2026-04-29,208.77279663085935,212.23488436877423,207.10660696252424,212.2149257168926,123711800,False
2026-04-30,199.1148834228516,209.82040915320692,198.24685712515333,209.4512425942353,225239200,False
2026-05-01,197.99742126464844,202.5370477944956,196.67045257290908,200.8209691272831,128647000,False
2026-05-04,198.02734375,201.2699318245734,194.2958829090753,199.04502180842945,125368100,False
2026-05-05,196.05186462402344,199.7833407086998,195.58293528206715,198.8454820247872,113406600,False
2026-05-06,207.3560333251953,207.7950323152332,198.15705885791613,199.43413852494055,188362800,False
2026-05-07,211.0176696777344,213.7115092245668,206.02907228582572,207.86487247229027,168307900,False
2026-05-08,214.709228515625,217.30330524675068,212.40449895841252,212.5441790763045,136421400,False
2026-05-11,218.93955993652344,221.79303819063415,213.402213909002,213.55186573785767,160685800,False
2026-05-12,220.2765045166016,223.23973257586303,214.42986778297356,218.0515943496244,159176600,False
2026-05-13,225.3149871826172,227.32039781394545,221.0647077692387,224.41703053540263,150405400,False
2026-05-14,235.202392578125,236.0005559723521,228.7770767762568,229.32582552778115,180782900,False
2026-05-15,224.80616760253903,230.9720668751014,223.7286287034134,229.23602944473367,180977600,False
2026-05-18,221.81300354003903,229.4754818886306,217.8719993892805,229.34577348371204,146280900,False
2026-05-19,220.1068878173828,223.96805720569677,217.4130483552105,219.1191400841904,140948200,False
2026-05-20,222.9603729248047,225.61431038954527,219.9971448577806,222.6710257508039,184201600,False
2026-05-21,219.0093994140625,226.8814055684356,217.43300079554024,221.78305837384477,203381800,False
2026-05-22,214.83892822265625,220.50596731800164,214.3101381389001,220.39621757095847,169275700,False
2026-05-26,214.37001037597656,217.6824311685512,211.5165320236786,216.04617181279932,187202600,False
2026-05-27,212.1151580810547,213.66161102691768,208.30386252985457,213.63168066177133,167601200,False
2026-05-28,213.76138305664065,215.02849096688144,210.7382944698381,210.79815519844968,143996000,False
2026-05-29,210.6584930419922,217.3631692496548,210.64852132770383,214.0906505321041,289410600,False
2026-06-01,223.8483428955078,224.3571743491113,215.20808855445492,215.23801892090276,212850700,False
2026-06-02,222.3118438720703,231.75026086454596,220.84519513709748,226.6618858382332,193362900,False
2026-06-03,214.26025390625,222.31185725112732,214.02079575535723,221.2143597561905,160907000,False
2026-06-04,218.4156036376953,221.35231998810903,210.73419644349,213.67091279390368,169022200,False
2026-06-05,204.87075805664065,214.6298267834636,204.101614447126,214.2902104723603,219655500,False
2026-06-08,208.40679931640625,210.2347557268212,205.76975069388217,209.9450713288228,138372800,False
2026-06-09,207.95730590820312,211.16370951624515,199.11719156565087,210.3845825512031,180962500,False
2026-06-10,200.19598388671875,206.98838641050185,199.696542748819,204.20149632565037,161746600,False
2026-06-11,204.64100646972656,205.43013200106668,199.31696212361035,201.26479475008583,158643200,False
2026-06-12,204.96066284179688,206.8385664547524,203.21261880599852,204.6310298517525,112001800,False
2026-06-15,212.2125396728516,212.47225882321928,208.1071328472061,208.68648640498935,149936700,False
2026-06-16,207.1781768798828,211.2536184019877,207.05830064217733,210.9439520928381,125694100,False
2026-06-17,204.42124938964844,208.9761653200819,202.8530121596522,208.29691745433288,128363500,False
2026-06-18,210.4545135498047,211.1537281092123,206.26919428756835,207.09826842291383,241272000,False
2026-06-22,208.41677856445312,213.7508214450341,207.48782537372824,211.2036686200953,122041400,False
2026-06-23,199.81640625,203.5422481594977,199.77645766483005,201.94403040148532,153496200,False
2026-06-24,198.77757263183597,201.44458647582783,196.36027935647692,199.89631590195677,151810700,False
2026-06-25,195.52122497558597,200.5755669254449,191.9152592982058,199.8563704571445,149550000,False
2026-06-26,192.31480407714844,195.33143282930595,191.0062707295152,192.90414096411192,179304100,False
2026-06-29,194.7520751953125,195.96071419295149,189.58785574691487,193.6333319429392,148835700,False
2026-06-30,199.8663482666016,200.4057532237791,194.8919188665145,197.0195429632178,166476700,False
2026-07-01,197.35916137695312,199.62662840490705,193.23377271109229,195.9806989625188,146147600,False
2026-07-02,194.61224365234372,199.8363939026278,192.1350197738411,196.9196593659626,142068700,False
2026-07-06,195.33143615722656,197.3292007505161,193.77318221313823,194.20269428466304,108999000,False
2026-07-07,196.7098846435547,198.18824142626733,190.92636281467173,192.15498377986225,124154600,False
2026-07-08,203.891845703125,204.9306918075912,194.84197470333905,194.9618356993413,147419100,False
2026-07-09,202.5533447265625,204.36131918975943,198.7376223952696,204.23147485952867,132037400,False
2026-07-10,210.7242126464844,210.7641612313501,201.69430829342892,201.7742207048944,148421000,False
2026-07-13,203.3025054931641,210.33464515051216,202.7730991138312,208.3069001369788,121411000,False
2026-07-14,211.5632781982422,212.31243993744155,203.5722196467825,207.96729575339148,124379600,False
2026-07-15,212.26248168945312,213.57101502024952,205.80969553973085,211.7230919717581,124797200,False
2026-07-16,207.16818237304688,210.8440771529852,205.61992700554663,209.93509060438328,122986100,False
2026-07-17,202.58331298828125,206.4190172896336,197.74872640584337,202.4135048295048,144281900,False
2026-07-20,203.05279541015625,207.50781723343968,202.05391309694545,205.639896943356,88701500,False
2026-07-21,207.0583038330078,208.4167843613107,203.78197113093623,207.308024406286,108685600,False
2026-07-22,211.82298278808597,214.15038042761168,204.7209288682105,205.57996827489495,137645600,False
2026-07-23,208.5266571044922,210.63429930291463,205.72979894313585,209.22588688656515,110505300,False
2026-07-24,206.6088104248047,211.6731509810223,204.5810805834776,207.21812923496967,114836800,False
2026-07-27,196.2903594970703,208.51668459839084,195.22156333884288,207.96729627325772,154353700,False
2026-07-28,196.789794921875,198.4779084345641,192.52457850774027,194.78204700134697,134111500,False
2026-07-29,189.7976226806641,196.84974460884013,189.7976226806641,195.63110696844683,147680800,False
2026-07-30,194.82199096679688,197.02952748682716,191.3059363552755,193.23377181769484,129010200,False
2026-07-31,200.52561950683597,201.77422236802423,194.73209918257555,198.2182038580375,139961200,False
2026-08-03,206.40904235839844,208.50670133078404,196.62999113475112,197.46904862701152,128406900,False
2026-08-04,211.7031097412109,212.8218530009649,208.8163406042335,211.06382570110384,134922000,False
2026-08-05,218.9749755859375,221.9716224388697,216.15812022814887,216.6176127852948,158187400,False
2026-08-06,218.7452392578125,223.3800524967045,216.75745800384053,221.2823935806188,113940600,False
2026-08-07,223.70968627929688,224.50877992471257,220.41337164588717,221.29237770419127,105669400,False
2026-08-10,217.3068389892578,223.88946943306016,216.5277120448001,223.15029107269072,115846600,False
2026-08-11,217.25689697265625,221.9516406634887,215.95834695389817,221.92167541427943,101273100,False
2026-08-12,223.8395233154297,224.848404158734,219.95387191061064,220.7929293559802,108783600,False
2026-08-13,225.04818725585935,226.9760227961096,223.45996804263757,224.80845001468583,98867200,False
2026-08-14,224.9083404541016,227.23573802273876,224.24907448357243,226.51654155338588,75680900,False
2026-08-17,224.7584991455078,227.6652502746616,224.6086728983284,225.72741618855903,93678700,False
