Date,Close,High,Low,Open,Volume,is_outlier
2017-01-03,64.61886596679688,64.76468238888228,64.081656814599,64.37328380362918,8792700,False
2017-01-04,64.84909057617188,64.92583389103291,64.64955327342149,64.81071599117155,8096700,False
2017-01-05,65.27888488769531,65.56284171106134,64.7570219330839,64.78005020671523,6852400,False
2017-01-06,65.25584411621094,65.42468294450308,64.94119472678135,65.186776880168,4799900,False
2017-01-09,64.77236938476562,64.9719067556694,64.273528885077,64.5114349989466,11000600,False
2017-01-10,64.07400512695312,64.79540556761776,63.88214380593745,64.72633244737783,10918200,False
2017-01-11,64.27351379394531,64.27351379394531,63.91281373493595,63.99723314683773,9572300,False
2017-01-12,64.34259796142578,64.37329646975458,63.98190366263144,64.24283220071354,6545400,False
2017-01-13,64.47306823730469,64.4807384730486,64.03562473908822,64.3502742037006,6762800,False
2017-01-17,65.39399719238281,65.67795399124597,64.3732937897266,64.38864597082274,13145100,False
2017-01-18,65.69568634033203,65.98189362041175,65.43268393942573,65.59512989673183,10520400,False
2017-01-19,65.51775360107422,65.74981412920683,65.19287358292408,65.46360693138253,14074500,False
2017-01-20,67.64494323730469,68.05491756186136,66.84821126027252,67.21176994529733,22944400,False
2017-01-23,67.26593017578125,67.56760533664695,67.18084170460942,67.36648659555492,9408900,False
2017-01-24,67.96212005615234,68.0317346916844,67.46706297610463,67.46706297610463,8704700,False
2017-01-25,67.42064666748047,67.99305525412197,67.34328921123418,67.94663960006513,8082900,False
2017-01-26,66.98747253417969,67.47479857953076,66.97973560764588,67.3897100922963,6542300,False
2017-01-27,67.0802993774414,67.18085581834053,66.53882663790642,66.87144366739854,9332300,False
2017-01-30,67.1034927368164,67.18858121125758,66.91011091336738,67.12669761138311,7350000,False
2017-01-31,67.76097869873047,67.80739434183448,66.93330486549345,67.01065640194156,9712400,False
2017-02-01,67.55213165283203,67.75324447530478,67.10348446138816,67.32007113269371,8291000,False
2017-02-02,67.88475036621094,68.34112859250715,67.49024983223765,67.76872010309593,8997200,False
2017-02-03,67.61400604248047,68.20188238414148,67.59853219575375,68.16320957041144,7161900,False
2017-02-06,67.6063003540039,67.9079755875752,67.39744463750311,67.68365191874469,7483000,False
2017-02-07,68.07810974121094,68.28695942477283,67.66814139461516,67.79190264002975,6646100,False
2017-02-08,68.32567596435547,68.33340698916403,67.92343841557559,68.12455718996553,6815800,False
2017-02-09,68.58866119384766,68.67374966514936,68.09360421620762,68.32566475640219,9914100,False
2017-02-10,68.04719543457031,68.63507781694085,68.04719543457031,68.503573694807,11057600,False
2017-02-13,68.31018829345703,68.34886701585827,67.79192646192931,68.10133853650589,6905100,False
2017-02-14,67.96212005615234,68.24059040137242,67.47479990279015,68.07041342356617,20123400,False
2017-02-15,70.48381042480469,70.50701529979594,69.47048563834181,69.47048563834181,25847700,False
2017-02-16,70.2285385131836,70.48380391761076,70.03515670404988,70.3290949293771,12408500,False
2017-02-17,70.4605941772461,70.66944983904042,69.96553721072226,70.0893044031255,12152400,False
2017-02-21,70.90925598144531,71.00981832134195,70.06611394057956,70.06611394057956,9018700,False
2017-02-22,70.73133850097656,71.00980880228316,70.5843664248578,70.73906952489703,6749900,False
2017-02-23,70.49152374267578,71.00979139399662,70.3213527349686,70.86281935390855,7611600,False
2017-02-24,70.4296646118164,70.65398234050888,70.1357204542075,70.3677810100519,6643400,False
2017-02-27,70.305908203125,70.32138205671454,69.66387901471681,70.02743785397317,11840300,False
2017-02-28,70.44512939453125,71.00206998228371,70.12024935219058,70.31363117285214,10535600,False
2017-03-01,70.90150451660156,71.07941246405292,70.1666501508915,70.42965246224855,8792200,False
2017-03-02,70.32137298583984,70.84736590911571,70.29816220844953,70.70039972824843,7031200,False
2017-03-03,70.00423431396484,70.32138340161002,69.5323820967415,70.32138340161002,8334900,False
2017-03-06,69.90365600585938,70.01194934300199,69.30029982550789,69.5323603488388,9533800,False
2017-03-07,69.84176635742188,69.99646942520008,69.66385251808758,69.72573610581635,5363000,False
2017-03-08,69.72573852539062,69.88817852265774,69.43180032579451,69.6329131405763,5503700,False
2017-03-09,69.88044738769531,69.99647765293962,69.69480250423109,69.72574430173253,5587400,False
2017-03-10,70.44512939453125,70.51474991877272,70.12024935219058,70.23627962489648,6797800,False
2017-03-13,70.63077545166016,70.7700106008884,70.27495360397575,70.43739362781788,7397500,False
2017-03-14,70.39097595214844,70.84735417228377,70.2517408185989,70.59209467872982,6686400,False
2017-03-15,70.70037841796875,70.99431659265065,70.1821166751572,70.39096639635738,7855300,False
2017-03-16,70.73133850097656,70.94792520164948,70.4683361490559,70.73133850097656,6601200,False
2017-03-17,70.39097595214844,71.1645031604138,70.32909235911659,70.73906083525016,37010100,False
2017-03-20,70.5611572265625,70.70812929367594,70.34457053916036,70.36003848759853,7772900,False
2017-03-21,70.53794860839844,70.97112196020633,70.41418142128515,70.62303707415275,8211000,False
2017-03-22,70.38323974609375,71.00980080423462,70.19759486664742,70.63076821920363,7798000,False
2017-03-23,70.21305084228516,70.74678641892362,70.08155265433007,70.32135006350245,6831400,False
2017-03-24,70.05836486816406,70.32909823336112,69.77989457780573,70.21306796212103,9252000,False
2017-03-27,69.99649047851562,70.17440437136229,69.75669888087256,69.96554867534466,10072000,False
2017-03-28,70.20532989501953,70.43738451267365,69.71800398501199,69.74894578100803,11855800,False
2017-03-29,70.08155822753906,70.29041386176472,69.9191182351101,70.05061643352253,4252800,False
2017-03-30,69.77215576171875,70.05836296948172,69.6948042168366,70.00421629790976,3691900,False
2017-03-31,69.50140380859375,69.880430408188,69.4936668857122,69.64063891274677,6942400,False
2017-04-03,69.36992645263672,69.66386469340507,69.192012582208,69.50916159858905,6967400,False
2017-04-04,69.5478286743164,69.58650149077062,69.1687961228762,69.42406149795787,5680800,False
2017-04-05,69.59423065185547,70.00419905011199,69.43179067716193,69.61743551944838,6320100,False
2017-04-06,69.15335083007812,69.47049399568604,69.08373029518398,69.4395521914604,7231500,False
2017-04-07,69.02184295654297,69.31578120335011,68.98316423127194,69.19975092908193,4739100,False
2017-04-10,69.22296142578125,69.36993351189406,68.65055283485852,68.94449110553876,5956000,False
2017-04-11,69.46273803710938,69.47820598289711,69.06823755177058,69.35444471196439,5186000,False
2017-04-12,69.85724639892578,69.94233487139945,69.27710094199338,69.38539428849718,6286300,False
2017-04-13,69.64066314697266,70.03516372961211,69.45501824401381,69.6561369981205,5040100,False
2017-04-17,69.91912078857422,70.07382386276291,69.71800207089373,69.79535950953208,6931700,False
2017-04-18,70.23627471923828,70.49153421950885,69.88044700071438,69.92686264748173,7087800,False
2017-04-19,69.8387451171875,70.5012766774005,69.7608012771743,70.22847026398736,6919000,False
2017-04-20,69.62831115722656,69.91670402208857,69.61271881782397,69.91670402208857,6983500,False
2017-04-21,69.07489776611328,69.58933194657912,69.06710159689472,69.50359192537903,9061200,False
2017-04-24,69.79977416992188,69.88551417549904,69.37887030983407,69.46461031541124,8338500,False
2017-04-25,70.15052032470703,70.34538288116455,69.73741265649441,69.82315265707439,9088400,False
2017-04-26,68.38897705078125,70.15053663583345,68.28765063868731,70.03361788542679,11951300,False
2017-04-27,68.35001373291016,68.77870792409446,67.99146722971167,68.26427370532626,8517500,False
2017-04-28,68.06941223144531,68.27206507574462,67.92911090638066,68.21750377970476,8295400,False
2017-05-01,67.88232421875,68.27984553944835,67.87453399734717,68.1083655208438,4546600,False
2017-05-02,67.2042236328125,68.03823543703342,67.04832996344595,68.03823543703342,13197500,False
2017-05-03,67.3678970336914,67.5237847320445,66.95478928099462,67.26657062443533,6122000,False
2017-05-04,67.38346862792969,67.99923501065545,67.26655585320528,67.69524990290559,5986200,False
2017-05-05,67.42243957519531,67.50817956946887,67.13404087202672,67.45361829554322,4506200,False
2017-05-08,67.4614486694336,67.51600997102518,67.21981495089723,67.28996859393548,4634600,False
2017-05-09,67.34451293945312,67.67188066657766,67.2042116354377,67.65629427579123,9577600,False
2017-05-10,67.41463470458984,67.64847210364229,67.33669088714973,67.4068444855583,6178500,False
2017-05-11,67.16522979736328,67.52377621574207,66.93918850054612,67.50818982656637,6064700,False
2017-05-12,67.18081665039062,67.28214303859747,66.97036175992521,67.21978559351636,5892400,False
2017-05-15,67.28997802734375,67.5861671422587,67.22762054628691,67.53940200483441,5820700,False
2017-05-16,67.21980285644531,67.81218684338128,67.18083390331184,67.7186506517383,6554500,False
2017-05-17,67.23539733886719,67.52379019884248,66.9781772636987,67.21980499972881,7805800,False
2017-05-18,66.93140411376953,67.20421054862823,66.65859173217656,67.1730318208252,6985600,False
2017-05-19,67.21980285644531,67.32892543999473,66.77551635292704,67.03273641989415,7320700,False
2017-05-22,67.1964111328125,67.34450859603672,67.05610983784587,67.22758985910886,4260000,False
2017-05-23,67.09507751464844,67.45362390838498,67.01713368065934,67.25096518262664,4394200,False
2017-05-24,67.42243957519531,67.53935828981679,67.19639831272255,67.3834646880772,4878800,False
2017-05-25,67.70307159423828,67.79660779601423,67.4614438397364,67.48482640349653,4368000,False
2017-05-26,68.00703430175781,68.10836069341775,67.67187045644141,67.75761045966655,4337000,False
2017-05-30,68.12397003173828,68.28765391145849,67.89013251971802,68.00705127572814,4594500,False
2017-05-31,68.66178131103516,68.86444007548535,68.16293354218429,68.3344135777395,10146600,False
2017-06-01,68.69294738769531,68.70074355516674,68.1005694880013,68.60720738570977,6251300,False
2017-06-02,69.0514907836914,69.12164439441943,68.59941418445803,68.90339928856889,6136400,False
2017-06-05,69.16841125488281,69.18400358954297,68.59161975385616,68.82545719989216,4115300,False
2017-06-06,69.21520233154297,69.34770748081287,68.94238991668315,69.18402359993799,6503000,False
2017-06-07,69.19182586669922,69.28536207779558,68.90343295594016,69.12167816842897,4781600,False
2017-06-08,68.47469329833984,69.21517449601289,68.09276439656138,69.19178599666382,7712100,False
2017-06-09,68.71636199951172,68.75533095820869,68.24089669756486,68.47472828995363,9696900,False
2017-06-12,68.77869415283203,69.10606780475608,68.6617754161973,68.71634264712961,7867700,False
2017-06-13,68.63841247558594,68.90342875081721,68.41237110595021,68.87225001568791,6419300,False
2017-06-14,68.93460845947266,69.17623622671758,68.63841344492906,68.97357741888287,6183900,False
2017-06-15,69.6672592163086,69.85433155261882,68.77089621177196,68.77089621177196,7047500,False
2017-06-16,69.88554382324219,69.97127791845693,69.22300605421499,69.93230895640227,13855000,False
2017-06-19,70.04139709472656,70.04139709472656,69.52695709619788,69.83873837287588,5246200,False
2017-06-20,69.8621597290039,70.31424253393462,69.84657333254336,69.97128234443731,5674200,False
2017-06-21,69.68285369873047,70.11154776917093,69.59711369529568,69.85433370560004,4164500,False
2017-06-22,69.39445495605469,69.6906498576045,69.29312856415967,69.58152135137377,4536700,False
2017-06-23,69.69844818115234,69.99464311713581,69.29313661971995,69.39446302339451,8782100,False
2017-06-26,69.65168762207031,69.90111151006066,69.58153399437029,69.86213661170126,4373300,False
2017-06-27,69.06713104248047,69.65171910167307,69.06713104248047,69.65171910167307,5180400,False
2017-06-28,68.8800048828125,69.53474008771424,68.79426489930411,69.43341371935529,4875000,False
2017-06-29,67.80439758300781,68.76312431815002,67.75763245578858,68.6072306495269,8123500,False
2017-06-30,67.92908477783203,68.1785085990369,67.81216606079441,67.85114094871794,6070300,False
2017-07-03,68.38897705078125,68.59163582170382,67.95248672578005,68.12396676681186,3607400,False
2017-07-05,68.33441925048828,68.59163932517409,68.19411793218103,68.4825167383501,4974300,False
2017-07-06,68.1005630493164,68.55263962544929,68.09276688258208,68.31880814401494,6038900,False
2017-07-07,68.31884765625,68.45135283370384,68.03044878761257,68.35002639448672,5142200,False
2017-07-10,67.88232421875,68.4903004520026,67.72643653641892,68.30322809712462,5356400,False
2017-07-11,67.63288879394531,68.16291514866545,67.27434242850713,67.9914411061164,5838600,False
2017-07-12,67.78099822998047,68.17851955308379,67.67967183052563,67.99924336525793,4374200,False
2017-07-13,67.57833862304688,67.85115098540062,67.42245094175948,67.63289990617085,5448900,False
2017-07-14,67.89013671875,68.03823421530505,67.6017438423874,67.78101412552058,4577700,False
2017-07-17,68.24089050292969,68.52149314571275,67.60953158330022,67.86675166364056,5227800,False
2017-07-18,69.0904769897461,69.18401317046047,68.17072535962411,68.28764409883355,7492300,False
2017-07-19,69.40469360351562,69.45183159739084,68.81551962387051,69.02762561283984,6008500,False
2017-07-20,69.60111999511719,70.15887092430303,69.37330522234146,69.38116255751045,7285000,False
2017-07-21,69.60896301269531,69.66395236078645,68.98050818303416,69.25546091687931,5714800,False
2017-07-24,69.2711410522461,69.60107700486581,69.10617307593623,69.56180234006078,6202000,False
2017-07-25,70.0252914428711,70.0724234437142,69.55395345427686,69.65607478723284,6766700,False
2017-07-26,70.15100860595703,70.24527263967285,69.81321516723266,69.91533653488803,6987000,False
2017-07-27,71.23506164550781,71.29005097677367,69.91531170173947,70.9286916579712,11089200,False
2017-07-28,70.8658676147461,71.4864651190523,70.66947622705639,71.14081435883378,6137500,False
2017-07-31,71.34505462646484,71.54144599088403,70.86585921781094,70.86585921781094,7835700,False
2017-08-01,71.56499481201172,72.05990476728276,71.2664821673912,71.51000548291354,8662100,False
2017-08-02,71.51789855957031,71.72214730975932,71.11725839395852,71.46290920298755,7167700,False
2017-08-03,71.37648010253906,72.07563290134804,71.34505676408384,71.37648010253906,6413200,False
2017-08-04,71.22721099853516,71.54929567859462,71.11723232568269,71.24292566230731,5824400,False
2017-08-07,71.83210754394531,71.92637156332877,71.10938276613543,71.22721878375357,5011300,False
2017-08-08,71.94209289550781,72.22489696664259,71.66714615784606,71.80069085994043,5623400,False
2017-08-09,72.20917510986328,72.2248897752446,71.8949477295133,71.8949477295133,5572800,False
2017-08-10,72.0677719116211,72.27202060452183,72.02849723558663,72.16204192220343,6338200,False
2017-08-11,71.75355529785156,72.33487812687859,71.71428061592677,72.22489942806583,7094200,False
2017-08-14,71.99707794189453,72.23274399150176,71.68285054902921,71.91066525902184,5398400,False
2017-08-15,72.42913055419922,72.554823900356,72.17774985527427,72.20132185272013,5293400,False
2017-08-16,72.61764526367188,73.01827917978744,72.42125397379252,72.49980929106695,7965500,False
2017-08-17,72.3270263671875,72.79836454033695,72.3270263671875,72.58626446010621,5711400,False
2017-08-18,72.64124298095703,72.88476636886708,72.15419021174777,72.25631756285004,6815000,False
2017-08-21,72.94759368896484,73.02614901969665,72.55481104191824,72.57051971070959,4334300,False
2017-08-22,72.89262390136719,73.02616859875471,72.73550720439144,72.98689391955264,4731500,False
2017-08-23,72.61764526367188,72.79047055770755,72.49195196132355,72.66477725535923,3631900,False
2017-08-24,72.484130859375,72.71980292237447,72.30345413867967,72.61768155821578,5173700,False
2017-08-25,72.67264556884766,72.94759221755687,72.59409023970036,72.78262422833134,4933000,False
2017-08-28,72.64124298095703,72.82977702342322,72.25631756285004,72.68051766005169,5386500,False
2017-08-29,72.52339172363281,72.81405305614898,72.46054505821508,72.6490850544683,3676300,False
2017-08-30,72.16989135742188,72.3348593628475,72.00492335199627,72.3348593628475,4709600,False
2017-08-31,72.484130859375,72.5784008832527,72.14633743221685,72.18561810717993,5864400,False
2017-09-01,72.68836212158203,72.7904894545996,72.47626211053984,72.6019494521309,4960700,False
2017-09-05,72.83763122558594,72.85333989787071,72.30344646706999,72.41342515323014,6532100,False
2017-09-06,72.83763122558594,72.98689058254136,72.55482717734873,72.892620568666,6747200,False
2017-09-07,73.03401947021484,73.34038951047481,72.53125807115292,72.85333678302604,7735400,False
2017-09-08,72.93187713623047,73.17540644659007,72.67264515087412,72.86903646930652,6070100,False
2017-09-11,73.83531188964844,73.99242861169124,72.97904822972818,73.12830162393118,10177300,False
2017-09-12,73.45821380615234,73.82743046074363,73.22254181582967,73.62318180202315,5804000,False
2017-09-13,73.4896469116211,73.66246626833606,73.41108557547336,73.45036624354724,5369300,False
2017-09-14,73.4896469116211,73.56820225438035,73.19898555068454,73.2382662187584,5492300,False
2017-09-15,73.26966857910156,73.70173186601265,72.91616661227413,73.70173186601265,12428800,False
2017-09-18,73.1754150390625,73.45036171847542,72.94760036372375,73.19112370929119,6177700,False
2017-09-19,73.97669982910156,74.19665720460664,73.32467904214793,73.32467904214793,6587200,False
2017-09-20,74.15738677978516,74.36948683450423,73.70961467014328,73.97670407189243,5941500,False
2017-09-21,72.77476501464844,74.23591687385887,72.62550569775887,73.96097023226277,9376700,False
2017-09-22,72.46056365966797,73.05759514762556,72.33487628995498,72.70409305233153,6837700,False
2017-09-25,72.83763122558594,73.12828661327107,72.53126117222712,72.60981652042881,6436200,False
2017-09-26,72.78263854980469,72.939749239014,72.4291305090008,72.91618323497147,4885200,False
2017-09-27,71.38433837890625,72.68051664532763,70.9679836339138,72.68051664532763,9631200,False
2017-09-28,71.40003204345703,71.58071470563594,71.19578338042605,71.37646604260496,4999800,False
2017-09-29,71.47074890136719,71.82425096454058,71.25078553592473,71.46289156853987,6634500,False
2017-10-02,72.09134674072266,72.58625686512676,71.67499796478165,71.69071263183004,7302400,False
2017-10-03,72.36628723144531,72.539106586016,71.92636652935259,72.24059388987928,5909900,False
2017-10-04,72.60195922851562,72.90047794259476,72.28773184214285,72.36629318377771,6140700,False
2017-10-05,72.29558563232422,72.7826383570047,72.2248876203839,72.65694501125931,6912800,False
2017-10-06,72.53125762939453,72.54696630091202,72.1777495896709,72.27201959894158,5241900,False
2017-10-09,72.36628723144531,72.75906993375656,72.21702788668274,72.58624458579747,5149000,False
2017-10-10,71.97350311279297,73.08900452699216,70.59090634971624,72.5626771546657,17125600,False
2017-10-11,71.84780883789062,72.0599148464996,71.5414388195783,71.55714749006613,7115400,False
2017-10-12,72.38983917236328,72.51552649612519,71.7928079026793,71.80852256401656,5984900,False
2017-10-13,73.08902740478516,73.45824421220374,72.73551927297602,72.82193197230335,6956700,False
2017-10-16,73.16757202148438,73.34825472809702,72.82977860829581,73.03402732155593,4159100,False
2017-10-17,72.90048217773438,73.12829090286553,72.58625477310662,73.08901622315533,5316100,False
2017-10-18,72.87690734863281,73.01830937555637,72.27988189574582,72.88476468162551,7399700,False
2017-10-19,72.4891128540039,72.80569497989721,72.13296173631257,72.57617308958211,8585000,False
2017-10-20,69.84564208984375,71.19902434511897,69.32328084835166,71.00907754743994,19997800,True
2017-10-23,69.09378051757812,70.32844403594629,68.7534558249124,70.14640737034784,13358200,False
2017-10-24,68.84052276611328,69.188757667289,68.68222868530454,69.14918867581314,11519000,False
2017-10-25,68.74554443359375,68.94340750045575,68.28650066928155,68.77720324888786,9024300,False
2017-10-26,69.25204467773438,69.46573404445978,68.93546269440492,69.00669650884612,6233800,False
2017-10-27,68.88799285888672,69.27580270476419,68.42103297081755,69.27580270476419,7433800,False
2017-10-30,68.278564453125,68.9196447079933,68.19151028444642,68.78509931113568,5387100,False
2017-10-31,68.3339614868164,68.4605967028007,67.8432651206259,68.45268049222682,7119000,False
2017-11-01,68.7692642211914,68.96712722241207,68.15193262351086,68.32605303071298,4884100,False
2017-11-02,68.46852111816406,68.8879897543542,68.24691550193533,68.68221052287029,5021200,False
2017-11-03,68.52391815185547,68.98296177808074,68.42894173454341,68.68220614240911,5106500,False
2017-11-06,68.10443878173828,68.57139250690146,68.08860636220462,68.50016473389644,5186700,False
2017-11-07,68.84052276611328,68.85634915504328,67.60585308901213,68.0965556820666,6875100,False
2017-11-08,69.31538391113281,69.33121029800314,68.69805217207356,68.84842398139506,6910000,False
2017-11-09,69.4736557006836,69.78232149809419,69.09376212154729,69.13333109862839,5280000,False
2017-11-10,69.7743911743164,69.9564217005768,69.47363563620264,69.63983978386128,7227300,False
2017-11-13,70.43924713134766,70.76374543786541,70.14640763802441,70.17806645121891,6873500,False
2017-11-14,70.33633422851562,70.47879581549431,70.01975225319643,70.23344161451499,5035500,False
2017-11-15,69.82982635498047,70.39175666093715,69.64778970231528,70.22555243283453,6688100,False
2017-11-16,70.63707733154297,71.15152223965646,70.25717778820271,71.10403102280243,7205100,False
2017-11-17,69.98809051513672,70.51044561994128,69.71108356271773,70.39964283897369,5941800,False
2017-11-20,69.86146545410156,70.09098725893062,69.41825426590728,69.98810067261397,4926200,False
2017-11-21,70.2176284790039,70.60543830182034,69.66360840810893,69.79024363744495,6196400,False
2017-11-22,69.90896606445312,70.36800973573115,69.69527061410284,70.04351147345864,6006900,False
2017-11-24,70.00391387939453,70.4075560145534,69.98017128996726,70.11471665558742,2196700,False
2017-11-27,70.4075698852539,70.51837268327559,69.76649569122856,69.90895729415637,6199700,False
2017-11-28,70.75579833984375,70.85076869967118,70.36798861451847,70.81911593859441,4841300,False
2017-11-29,70.73997497558594,71.0802995645584,70.46296799346867,70.7558073964494,5158900,False
2017-11-30,71.22278594970703,71.52354166779661,70.60545416375685,70.71625699516834,9789900,False
2017-12-01,71.5156021118164,71.65014750057149,70.53420333751532,71.37314051245822,7953200,False
2017-12-04,72.34662628173828,72.74235226020538,71.09613074059044,72.6236332590054,9003700,False
2017-12-05,72.3387222290039,72.68695704253732,72.07754159012866,72.43369261528564,8683000,False
2017-12-06,72.22000885009766,72.63947752441395,72.07754722124488,72.33081166828306,6737400,False
2017-12-07,71.30982208251953,72.07753146808666,71.14361789156676,72.06170508536232,7273600,False
2017-12-08,71.52350616455078,71.52350616455078,70.89825847577767,71.24649318522587,5883400,False
2017-12-11,71.41273498535156,71.49187899804876,71.03283527078347,71.41273498535156,4856000,False
2017-12-12,71.11197662353516,71.63433795673971,71.0882340244442,71.58684672025691,6558900,False
2017-12-13,71.92716979980469,72.3466445148691,71.20695147739747,71.246520462237,7141000,False
2017-12-14,72.02213287353516,72.36245747919483,71.94298888023515,71.97464768521507,5853500,False
2017-12-15,72.7265396118164,73.02728926342861,72.40204736116912,72.4732751582743,15924000,False
2017-12-18,72.71862030029297,73.71585168537219,72.6632188921386,72.79777034477117,7405700,False
2017-12-19,72.56034088134766,72.91649197047649,72.48119686579696,72.8136053540907,5644400,False
2017-12-20,72.44160461425781,72.78984544584044,72.29914300481946,72.6553000475653,6938500,False
2017-12-21,72.55241394042969,72.87691220599777,72.44161112738216,72.54450376685517,4860400,False
2017-12-22,72.9164810180664,73.1539190673555,72.59198879155844,72.71861798975898,4919400,False
2017-12-26,73.19346618652344,73.42298189816283,72.9322856395292,73.09057358651461,3431900,False
2017-12-27,72.89275360107422,73.40719878946938,72.7582081629975,73.20141950645097,4276700,False
2017-12-28,72.8689956665039,73.24097912504836,72.74236646857624,73.05103230900666,3005400,False
2017-12-29,72.71862030029297,73.17766398974379,72.71862030029297,73.00354355317275,4346700,False
2018-01-02,71.74516296386719,72.7582210936896,71.66601892965659,72.75030487877771,7558900,False
2018-01-03,71.6580810546875,72.09337613042078,71.64224862964939,71.80845890104494,5863600,False
2018-01-04,72.16463470458984,72.63158875217067,71.71350704917151,71.88762755447385,6322500,False
2018-01-05,72.21207427978516,72.25956550286313,71.68180292209136,72.23581687217455,5949700,False
2018-01-08,72.59199523925781,72.6315642254536,71.96674728967508,71.96674728967508,4860700,False
2018-01-09,72.06170654296875,72.53657653219615,72.03004773858032,72.39411493159797,6630100,False
2018-01-10,71.60266876220703,71.95090960051228,71.23860153956973,71.95090960051228,6564700,False
2018-01-11,71.34939575195312,71.64222911407929,71.16735914340774,71.54725874292454,5469700,False
2018-01-12,70.92201232910156,71.49976889238782,70.71623312381496,71.2702531321559,8111000,False
2018-01-16,71.4048080444336,71.84010306801818,70.94576438613694,71.3414904284685,9465300,False
2018-01-17,72.18041229248047,72.59988687994908,71.57099697427711,71.67388354952473,8345500,False
2018-01-18,71.91725158691406,72.29207079207127,71.51053222766556,71.96509877588484,7699800,False
2018-01-19,72.62702178955078,72.7785460181477,71.9651072043814,71.99700736220879,9364000,False
2018-01-22,73.28096008300781,73.30488368038289,72.38777391356288,72.47549782682681,8658000,False
2018-01-23,71.01611328125,71.94119365005355,70.65724101884304,71.63017467323449,18756300,True
2018-01-24,70.42595672607422,71.1038244049106,69.93948998646194,71.02407097140086,15141900,False
2018-01-25,70.44987487792969,71.01609500729343,70.18670925441666,70.72102314537607,11264400,False
2018-01-26,69.96342468261719,70.31431426101695,69.56468182381455,70.31431426101695,11503100,False
2018-01-29,69.26962280273438,69.97140817440568,69.13405166576395,69.93153753170901,11685800,False
2018-01-30,69.34138488769531,69.7321572935736,69.08618968606743,69.23771392852363,9662900,False
2018-01-31,68.85490417480469,69.70821961261284,68.64756229834566,69.22972338242785,11798100,False
2018-02-01,68.46412658691406,68.982493360827,68.23285506980424,68.70337466236043,8606300,False
2018-02-02,67.18815612792969,68.27273693911522,67.15625597650285,68.23286022874872,12846300,False
2018-02-05,64.6441879272461,67.28386969207473,63.8786023968274,66.98082123663843,17462200,True
2018-02-06,65.6968765258789,65.75270028724138,63.89456303941415,64.22152904615615,19955500,False
2018-02-07,65.26622009277344,66.50232523509074,65.25027305751087,65.63306883146906,11851800,False
2018-02-08,63.97430038452149,65.56927169868325,63.91847663189913,65.41774747685142,14596100,False
2018-02-09,63.73503875732422,64.62024813598134,62.67438159776837,64.5803775121698,18838800,False
2018-02-12,64.85950469970703,65.1306468806836,64.26139050531873,64.28531409960111,10769000,False
2018-02-13,64.99507904052734,65.25825075945886,64.52456543789148,64.71596028605416,9278700,False
2018-02-14,64.34114074707031,64.80368387181363,64.01416871892444,64.64418309552327,9412000,False
2018-02-15,65.72079467773438,65.72079467773438,64.19759418103392,64.57241340626733,8910700,False
2018-02-16,65.87232208251953,66.39068903963563,65.49750280453814,65.56130312511657,10371700,False
2018-02-20,64.86748504638672,65.5692763685729,64.65216658074614,65.54535277064986,7087700,False
2018-02-21,63.99024963378906,65.24230191533749,63.95037900015564,64.84355907300574,9134500,False
2018-02-22,64.46871948242188,64.81961501992333,63.9344057025581,64.17365376618747,10277700,False
2018-02-23,64.63619232177734,64.6920160548651,64.18162589968252,64.60429217653711,10321800,False
2018-02-26,65.09876251220703,65.14661579670761,64.63622538048183,64.95521482737267,9422200,False
2018-02-27,64.22950744628906,65.39383599113307,64.20558384563938,65.30611206586168,8919600,False
2018-02-28,62.61856842041016,64.42886419125531,62.60262138506164,64.34114028600735,16862000,False
2018-03-01,62.76212310791016,63.224666281163486,62.124138188836405,62.522881044882425,13504200,False
2018-03-02,63.40011596679688,63.52771660494589,62.53882991229096,62.58668319376349,9317700,False
2018-03-05,64.03010559082031,64.10985291656304,63.12097269182512,63.22464360685757,8177000,False
2018-03-06,63.81481170654297,64.13380724674715,63.29645079858676,64.1258367693841,9085300,False
2018-03-07,63.12897109985352,63.51176082964191,62.92162311369052,63.42403691566268,9089500,False
2018-03-08,63.7749137878418,63.79086082008063,63.01729894337495,63.13692298032564,7951700,False
2018-03-09,64.03010559082031,64.39694815670163,63.719086761392006,63.94238170720402,7662200,False
2018-03-12,63.68722534179688,64.29331633779523,63.60747796756056,63.98229731923935,7182000,False
2018-03-13,63.5755729675293,63.95039229071164,63.288477574637895,63.79886803214835,9620200,False
2018-03-14,63.00135803222656,63.67124296930512,62.889710542713466,63.55162500506385,8898100,False
2018-03-15,62.73819732666016,63.11301657179246,62.634526378056016,63.07313985384237,6996900,False
2018-03-16,62.97745132446289,63.31239388280469,62.8737742818808,62.94555116400175,17715400,False
2018-03-19,62.73020935058594,63.45591795702861,62.41918442287482,62.97742789677733,8368200,False
2018-03-20,62.45110702514648,63.081121496653104,62.17198823000644,62.7940261404138,8465500,False
2018-03-21,61.43828582763672,62.39526602782173,61.31068522263512,62.243747914797005,9822800,False
2018-03-22,60.93589782714844,61.82110153915912,60.903997662448205,61.27084042999943,10481600,False
2018-03-23,60.53714370727539,61.549947890914815,60.45739026809657,61.23892894798355,11728300,False
2018-03-26,60.93589782714844,61.302740594699664,60.62487274240475,61.06349240161507,12937000,False
2018-03-27,62.036415100097656,62.55478203672886,60.84816307686603,61.03158138586382,11288200,False
2018-03-28,62.87376022338867,63.11300833118495,62.16399854374709,62.16399854374709,12857800,False
2018-03-29,63.22467803955078,64.1896352005228,63.144930670376965,63.34430213547864,10036400,False
2018-04-02,61.72539138793945,63.29643911384888,61.45424309930393,63.20871520437852,12017200,False
2018-04-03,62.57072448730469,62.841872777004326,61.549943810551895,61.852986172608894,11933100,False
2018-04-04,63.04125595092773,63.41606917219455,61.87692130974232,62.06034572383791,9030800,False
2018-04-05,62.84187698364258,63.256566879707975,62.61060539540745,63.07314248754454,7864700,False
2018-04-06,62.546783447265625,63.28844515155458,62.12411713658082,62.49893626774087,8300800,False
2018-04-09,62.331485748291016,62.88174674849812,61.86096601754415,62.841876113768,9031200,False
2018-04-10,62.49895858764648,62.873771768330414,62.15603948181516,62.77010081422634,6779000,False
2018-04-11,62.41919708251953,62.75414566852663,62.23577879631637,62.35540285672373,7143500,False
2018-04-12,62.036415100097656,62.76212394391477,62.036415100097656,62.71427674753852,8282300,False
2018-04-13,62.49895858764648,62.554782345138406,61.98059164845961,62.25173387503946,6198500,False
2018-04-16,62.69034957885742,62.88972099818102,62.23578298617294,62.65047286125956,5962200,False
2018-04-17,62.546783447265625,62.9535027262192,62.28361179121736,62.94552616818805,6492400,False
2018-04-18,62.36336898803711,62.7461647378088,62.21982134241423,62.66641739786987,7349400,False
2018-04-19,60.32463455200195,60.94438409477729,59.720985749384326,60.678777147873575,16955600,False
2018-04-20,59.39906311035156,60.30050833932329,59.350767015488735,59.592229067897634,14085000,False
2018-04-23,58.755165100097656,59.54393577181386,58.56199915339287,59.23003266504583,13653400,False
2018-04-24,58.35274505615234,59.02078485261681,58.07104337711192,58.803467742617016,16551700,False
2018-04-25,58.19176864624024,58.55395560610631,57.910060854527245,58.28030432809825,14208800,False
2018-04-26,58.553955078125,58.76322179159656,58.24810845123226,58.40907906735784,11204300,False
2018-04-27,58.602237701416016,58.81955476068965,58.11931977283574,58.37687641078753,8144800,False
2018-04-30,58.22396087646485,58.69078428853513,58.07909099751451,58.68274005568395,13076500,False
2018-05-01,57.91811752319336,58.21591995278048,57.67666157058196,57.99055860742206,8103800,False
2018-05-02,57.09713745117188,57.95834294236919,56.928116501381815,57.90200262577251,10830900,False
2018-05-03,57.4351921081543,57.72494412662045,56.93617337843253,56.99251370754343,9386500,False
2018-05-04,58.2963981628418,58.449324545962895,57.41909172893043,57.45128708014727,8107400,False
2018-05-07,57.9342041015625,58.9322353043244,57.8617630350514,58.48955695518606,6633600,False
2018-05-08,57.49958038330078,58.04688904612162,57.233973354144695,57.99054871938867,8084100,False
2018-05-09,58.24812316894531,58.39299921631871,57.74105393281995,57.76519891727603,7528400,False
2018-05-10,58.87590026855469,59.0288205060148,58.5056629526818,58.70687928569762,7618500,False
2018-05-11,59.052978515625,59.64052683784271,58.79542182493316,59.26223910512496,7586200,False
2018-05-14,58.98051834106445,59.38295092378529,58.82759199462769,59.38295092378529,8646900,False
2018-05-15,58.714935302734375,59.08517883355589,58.43323360809749,59.00468737168558,11502800,False
2018-05-16,59.181758880615234,59.503706306828285,58.72298579396846,58.739086542629146,8325000,False
2018-05-17,59.52783584594727,59.56003119427981,59.07711325056126,59.17369315492408,8053600,False
2018-05-18,59.11735534667969,59.61637405612137,58.84370408515801,59.54393912476625,7042700,False
2018-05-21,59.60832214355469,59.76124851553364,59.09320884288707,59.358815865597386,6428400,False
2018-05-22,59.58418655395508,60.31661703973094,59.42321592487522,59.93027893304906,7744200,False
2018-05-23,59.70491027832031,59.80149632831164,59.33467296430626,59.57612887833188,6592500,False
2018-05-24,59.374908447265625,59.84173177904295,59.230032452598,59.624420857358864,6508900,False
2018-05-25,59.80952835083008,60.05904072721348,59.358805824151226,59.4795368268356,7546500,False
2018-05-29,59.60028076171875,60.12343831914376,59.374913308844725,59.60832499384498,8905600,False
2018-05-30,60.27637100219727,60.381001296497566,59.600286994775296,59.825648330582624,8128600,False
2018-05-31,58.89198684692383,60.11538542367861,58.5941906446536,60.099284680476025,15526000,False
2018-06-01,59.11735534667969,59.3507670265491,58.64248775499146,59.020775438206186,7209300,False
2018-06-04,59.70491027832031,60.059052987653374,59.11735588698457,59.18979695963685,8743800,False
2018-06-05,59.535911560058594,59.865903274819495,59.238109066696985,59.78541794004641,6910100,False
2018-06-06,59.84174728393555,59.89808762197983,59.33468424153705,59.61638593175844,7002900,False
2018-06-07,60.97660446166992,61.4836674533595,59.640524949325766,59.70491565511877,13476100,False
2018-06-08,62.11951446533203,62.14365944585945,60.960506274928456,61.04904196395295,13625300,False
2018-06-11,62.40119552612305,62.52997690057664,61.878031938514695,61.95047299680332,9049400,False
2018-06-12,62.16780090332031,62.69096463409831,62.06317061341896,62.63462430251518,8786000,False
2018-06-13,61.54804229736328,62.29656717255346,61.33072525647646,62.29656717255346,8022400,False
2018-06-14,61.16170883178711,61.62048178018941,60.92829717163372,61.62048178018941,8895200,False
2018-06-15,62.28047943115234,62.38511585810176,61.10537674082517,61.29854884874623,14943500,False
2018-06-18,61.04098129272461,62.05511328824544,60.678794364641774,61.86194733597692,7384900,False
2018-06-19,61.43536376953125,61.71706536864824,60.82366448242415,60.839759084958985,8514000,False
2018-06-20,61.04904174804688,61.45147446377644,60.79953542929805,61.45147446377644,6603500,False
2018-06-21,61.52392959594727,62.01489811251059,60.79149893854917,60.79149893854917,8691200,False
2018-06-22,62.32070159912109,62.481672154242005,61.78948771408258,61.80558845397452,11446400,False
2018-06-25,62.610469818115234,62.73120083621755,62.11950151429786,62.19998681282119,11300500,False
2018-06-26,62.77948760986328,63.02899386484821,62.264374356622845,62.61046664932824,9558500,False
2018-06-27,62.52997970581055,63.35093951256355,62.42534329921431,62.86802161796565,7873300,False
2018-06-28,62.81975173950195,63.037062712272615,62.50585470070202,62.66682533678132,5714400,False
2018-06-29,62.82780075073242,63.21413890359324,62.20805699999767,62.72317044338767,7679900,False
2018-07-02,62.884124755859375,63.029000757967154,62.312671119944,62.37706181879968,6092800,False
2018-07-03,62.698997497558594,63.391182029781206,62.6024114672599,63.2141107112172,5897200,False
2018-07-05,63.75338363647461,63.785578987350775,62.87608335248161,62.89217795760204,7956100,False
2018-07-06,63.83387756347656,64.08339003130216,63.50388591854561,63.890217899959225,7244000,False
2018-07-09,62.66682815551758,63.44754867095466,62.60243744193512,63.14974622611313,9095900,False
2018-07-10,64.24435424804688,64.34094030406831,62.77144913205657,62.83583983607085,12773500,False
2018-07-11,63.713138580322266,64.26044107629717,63.60850216380431,64.09142010419289,7851600,False
2018-07-12,63.495826721191406,64.00288967907379,63.23827005582707,63.85801367101664,8556800,False
2018-07-13,63.83387756347656,63.962658984371856,63.50388591854561,63.64876194673475,6021300,False
2018-07-16,64.01095581054688,64.09144113691852,63.44755238530865,63.75339908177557,6931200,False
2018-07-17,64.41338348388672,64.79167124258748,64.02705149163135,64.11558718582243,8983400,False
2018-07-18,64.16386413574219,64.5582464221984,63.84996715296184,64.16386413574219,9105100,False
2018-07-19,63.94216537475586,64.31576293956526,63.25993915474557,63.6903883881919,8010600,False
2018-07-20,63.90153884887695,64.21016123267933,63.60915713943654,63.60915713943654,8234700,False
2018-07-23,63.76347351074219,64.11270688639681,63.54418412332151,63.74722663948429,5881600,False
2018-07-24,64.1532974243164,64.16954429196612,62.97565357065581,62.97565357065581,8297100,False
2018-07-25,64.54313659667969,64.64871644260478,63.93400923158662,63.93400923158662,6208400,False
2018-07-26,65.04667663574219,65.59895235038158,64.54313532287594,64.61622763098987,9771100,False
2018-07-27,65.44464111328125,65.64768355441477,64.53500874631223,64.70556365330076,7492900,False
2018-07-30,65.13603210449219,65.37968558521929,64.84365040616582,65.03045223423867,7090700,False
2018-07-31,65.68830108642578,65.76952303574944,64.51065717760991,65.29033955947187,9878200,False
2018-08-01,65.50151062011719,65.63957803063049,65.06293808404678,65.31470879690812,7556700,False
2018-08-02,66.59794616699219,66.77662457495633,65.45278338669436,65.62334455528989,9261700,False
2018-08-03,66.865966796875,67.49133505660899,66.53297407675505,66.71165249278368,7102800,False
2018-08-06,67.020263671875,67.35325633618473,66.71976474652396,66.76036952749199,5669200,False
2018-08-07,67.11773681640625,67.15022436409028,66.37866524478449,66.93094116268074,6418000,False
2018-08-08,66.8822021484375,67.24768238750126,66.6791596366351,66.6791596366351,4891300,False
2018-08-09,66.11064910888672,66.95530677854893,66.02943333603514,66.95530677854893,5167400,False
2018-08-10,66.1349868774414,66.40300439782138,65.78575361656067,66.02940703442678,5566000,False
2018-08-13,66.20808410644531,66.66290344051268,65.90758522461903,66.35427492875905,5068100,False
2018-08-14,66.03754425048828,66.37053694256035,65.9725753562498,66.10251934109245,6226900,False
2018-08-15,66.84160614013672,66.89845780305133,65.63146814952111,66.02943598628994,8753500,False
2018-08-16,67.97051239013672,68.2222831188096,66.84971377322512,66.97154051806756,12368000,False
2018-08-17,67.97051239013672,68.38471464768908,67.897413864685,68.00299993518574,8409300,False
2018-08-20,67.92989349365234,68.18166419298561,67.66187592550504,68.13293597927334,6795800,False
2018-08-21,68.14105224609375,68.22226799252628,67.4831904483524,67.87303470613854,8534500,False
2018-08-22,67.72684478759766,68.10044218326311,67.45882724406667,68.0679546449838,5132600,False
2018-08-23,67.60501861572266,67.89740026624024,67.28014942666263,67.41822301455912,4323200,False
2018-08-24,67.7024917602539,67.85680604323794,67.43447417287071,67.58878845585474,5356000,False
2018-08-27,67.76747131347656,68.0760937034182,67.42635518143335,67.8161995338974,3941500,False
2018-08-28,67.79994201660156,68.10856432987637,67.66999186594002,67.99486104622964,5405200,False
2018-08-29,67.80806732177734,68.02735667801943,67.645635810488,67.82431419072526,4520400,False
2018-08-30,67.74312591552734,68.0111373982389,67.56444746280799,67.72687903998877,4549700,False
2018-08-31,67.36951446533203,67.8405746604462,66.91470114390692,67.69438377907858,6674900,False
2018-09-04,67.16644287109375,67.37760876316041,66.65477810577185,66.98777071235251,5800700,False
2018-09-05,67.64563751220703,67.79182835459106,66.6872767002151,66.6872767002151,7651900,False
2018-09-06,67.12584686279297,67.66187580174218,66.99589669797807,67.33701278243474,7541100,False
2018-09-07,66.52484893798828,66.76037278966088,65.98881375355018,66.67915702739114,11110900,False
2018-09-10,66.90652465820312,67.49128772002649,66.8740371329505,67.06896228446621,6783000,False
2018-09-11,66.60604858398438,66.93903498762917,66.29742008712473,66.7035049965809,5210300,False
2018-09-12,67.49944305419922,67.5562947011719,66.3542804841377,66.51671818717735,5925200,False
2018-09-13,67.77556610107422,67.80805363604811,67.12583399068758,67.62937529187357,5328400,False
2018-09-14,67.90553283691406,67.9542610531021,67.3857445430243,67.79182953489851,5004100,False
2018-09-17,68.4253158569336,68.44155652895611,67.68623825443152,67.81618841607069,7098800,False
2018-09-18,68.22228240966797,68.45781246155093,67.88117248474737,68.45781246155093,6022800,False
2018-09-19,68.22228240966797,68.45781246155093,68.03548057666922,68.15730732024531,6157600,False
2018-09-20,69.32682800292969,69.55423459939814,68.4090781825063,68.45780639707382,10053000,False
2018-09-21,69.70043182373047,70.07402929448645,69.4567783358452,69.6923083884368,17402500,False
2018-09-24,68.44155883789062,69.61108554663912,68.4090774927498,69.54611046362754,6389400,False
2018-09-25,67.507568359375,68.55526833664912,67.4750808178667,68.4496822776559,5657200,False
2018-09-26,67.62126922607422,68.21414979728817,67.43446741820662,67.61314579189786,6581000,False
2018-09-27,67.2964096069336,67.9217778075861,67.25579862663064,67.44260046111238,6277600,False
2018-09-28,67.5969009399414,67.64562914925683,67.23954421465668,67.43446324828273,5125800,False
2018-10-01,67.95423126220703,67.99484222213684,67.54814644835898,67.66184970052743,4899900,False
2018-10-02,68.5146484375,68.57962351205441,67.71060202807261,67.79994120649388,7390900,False
2018-10-03,67.4344711303711,68.64460264194392,67.28828028897293,68.57963375405092,7958700,False
2018-10-04,66.532958984375,67.00401902952834,65.86697989157247,67.00401902952834,7029900,False
2018-10-05,66.7197494506836,66.96339666972989,66.58168207358764,66.58168207358764,5454600,False
2018-10-08,66.92280578613281,67.1989405976292,66.39489407409938,66.58169589086138,7192300,False
2018-10-09,66.76036071777344,67.18269251939302,66.64665743188301,66.91467497563802,6268100,False
2018-10-10,66.14311218261719,67.1502010253333,66.14311218261719,66.44361105061219,9295800,False
2018-10-11,64.05585479736328,66.57358074151452,63.89341706770997,66.3055631348609,12560300,False
2018-10-12,64.21015930175781,64.47005345829315,63.74722264179282,64.4619362195391,9878700,False
2018-10-15,65.07915496826172,65.41214751510512,64.09643038784259,64.16952888198311,9691500,False
2018-10-16,65.79387664794922,65.85884552213501,64.89236768225624,64.90049111516588,9462600,False
2018-10-17,66.48424530029297,66.74413948607462,65.28223081832401,65.59085942394145,10375300,False
2018-10-18,65.74436950683594,66.64564951761504,65.54772807293033,66.12946340944336,9869500,False
2018-10-19,71.52894592285156,71.90584453095697,69.52973863096294,69.52973863096294,30276400,True
2018-10-22,70.95539855957031,71.47977976708219,69.83289796745133,71.06191759464176,14124100,False
2018-10-23,71.41422271728516,71.52893069310623,70.47197327208423,70.47197327208423,16269500,False
2018-10-24,73.2987289428711,74.31471673894025,71.46339473842943,71.51255352257434,26703500,False
2018-10-25,72.92182159423828,73.1922073768219,71.5371243299006,72.1926038783852,14647000,False
2018-10-26,71.98777770996094,73.06111953096621,71.60268388837724,72.66783674590164,14335900,False
2018-10-29,72.29914093017578,73.26597015078916,71.64366741266467,72.34011075988451,12878900,False
2018-10-30,73.07752990722656,73.2741713534336,72.27456743760956,72.79894879490762,13844000,False
2018-10-31,72.65963745117188,73.18401863588994,71.50435605129447,72.73337562506184,13362400,False
2018-11-01,73.4052505493164,73.6018982117683,72.24997522522087,72.76616127414214,9732400,False
2018-11-02,73.58552551269531,73.70023355120757,72.90547249897816,73.64287953195144,11336000,False
2018-11-05,74.72439575195312,74.92104340605351,73.59369987090463,73.65105387390453,12270100,False
2018-11-06,74.9783935546875,74.99477773279486,74.0934979100775,74.44581712499905,8857800,False
2018-11-07,74.79814147949219,75.06852732022145,74.24918083397588,75.0439416746953,9019800,False
2018-11-08,74.85547637939453,74.99476374624011,74.29012544781236,74.51954140523237,6614400,False
2018-11-09,75.71580505371094,75.928830620365,74.69981100041302,74.84729360485194,10713500,False
2018-11-12,75.95343017578125,76.56794014888989,75.17505337695778,75.55195207699684,12522100,False
2018-11-13,76.58433532714844,76.66626874508229,75.04395956506812,75.35531530478346,13438700,False
2018-11-14,76.6007080078125,76.93664309735158,76.19103472854133,76.54335399875926,11623000,False
2018-11-15,76.87928009033203,76.93663409267255,75.9698050167057,76.46960685900909,12506000,False
2018-11-16,76.87110900878906,77.68226051115359,76.74820575058368,76.87110900878906,13013500,False
2018-11-19,76.43683624267578,77.17424934779575,76.12548682101078,76.7891554900599,9458300,False
2018-11-20,75.46182250976562,76.84652029898767,75.26518107112773,76.39587715719391,12074000,False
2018-11-21,74.89644622802734,75.6830179043062,74.75715261000191,75.10128279740567,8911800,False
2018-11-23,75.00299835205078,75.37170186996512,74.2573898477147,74.76538705674982,4399600,False
2018-11-26,75.33070373535156,75.70760229779208,74.68341938318751,74.68341938318751,8171400,False
2018-11-27,75.9698257446289,76.08453378060734,75.25699187723215,75.32254111239672,9023400,False
2018-11-28,76.20741271972656,76.37947471879771,75.55193307945032,75.89605707759263,8093700,False
2018-11-29,76.05174255371094,76.44503162768694,75.92065036313078,76.08451716413542,6126900,False
2018-11-30,77.43643951416016,77.5511475241431,75.99438792293755,76.3467071682045,16291800,False
2018-12-03,76.46141815185547,77.56753472034775,75.59291282788816,77.56753472034775,13934700,False
2018-12-04,76.4532241821289,77.72321382846461,76.33851616581552,76.60070681040584,11123600,False
2018-12-06,76.64986419677734,76.7154071630388,74.62607743080554,75.95341470158216,14199200,False
2018-12-07,75.7485580444336,76.83829005335136,75.49456270818801,76.68261226604432,7996800,False
2018-12-10,76.22380065917969,76.52696110171314,74.86368877749659,76.40405788170675,9307600,False
2018-12-11,76.94482421875,77.44461977688123,76.52695580012407,76.7891464007857,8743800,False
2018-12-12,77.04315185546875,77.46921554417233,76.28115934597756,77.19063447830955,9644000,False
2018-12-13,79.05875396728516,79.30456045483263,77.67406242404914,77.73141643766107,18541300,False
2018-12-14,79.18165588378906,79.3946877526847,78.67365873522823,79.02597802754394,12657300,False
2018-12-17,76.0107650756836,79.06692999057778,75.70761089923262,78.65725677819137,12427600,False
2018-12-18,75.78135681152344,76.45322069836602,75.26517076163438,76.30573807680946,12250600,False
2018-12-19,75.18323516845703,76.48599307828293,74.79814132056104,75.8305196413498,10825600,False
2018-12-20,74.5441665649414,75.56834995434635,73.8477168592506,74.97841932187,14439200,False
2018-12-21,74.53593444824219,76.33849382078394,74.03613270155161,74.24096927802755,24030000,False
2018-12-24,71.57809448242188,74.28193981873947,71.18480550125855,74.10987159183807,7396300,False
2018-12-26,73.81490325927734,73.81490325927734,71.07009447541937,71.62725019506854,8630900,False
2018-12-27,75.39625549316406,75.42084113692262,72.26635239077706,73.42163385386007,11360100,False
2018-12-28,74.7080078125,76.42863406700519,74.4294267754392,75.83870363663377,9611800,False
2018-12-31,75.3143310546875,75.52736290143532,74.68343698112241,75.07671981237606,7239500,False
2019-01-02,74.78992462158203,74.880053209077,73.68380843546232,74.58508805929631,9843900,False
2019-01-03,74.26556396484375,75.78954890783668,74.05253213111422,74.51137040769454,9820200,False
2019-01-04,75.78135681152344,75.78135681152344,74.04434621443264,74.4294338224413,10565700,False
2019-01-07,75.47819519042969,75.78954458263726,74.88826476214825,75.30613319070046,9012500,False
2019-01-08,75.75679016113281,76.27297629786068,75.2324088076293,75.95343160591693,9551300,False
2019-01-09,74.51956176757812,76.16644998494695,74.40485375752435,75.94522918016258,15015600,False
2019-01-10,74.69982147216797,75.00298193798999,74.24098941675555,74.47040544446176,11102300,False
2019-01-11,75.19142150878906,75.3634897655144,74.65065609846647,75.10948811342108,7166600,False
2019-01-14,74.68343353271484,75.30613861308476,74.43762708619268,74.97020355291231,7952000,False
2019-01-15,75.38806915283203,75.879675776117,74.67523548584253,74.68343070071388,7834500,False
2019-01-16,74.86367797851562,75.50276712902023,74.55232236592971,75.16683212620207,7964500,False
2019-01-17,74.85295104980469,75.61271029924967,74.61346048845715,74.91075868181551,8044500,False
2019-01-18,75.49710083007812,75.84394664876557,75.18328884658375,75.45581326150666,9100300,False
2019-01-22,74.68778228759766,75.76961344430205,73.56465726819327,75.47231527442683,13518500,False
2019-01-23,78.3214340209961,79.6179885317975,77.32218405136985,77.77639144690922,22869000,False
2019-01-24,77.87548828125,78.09019876391221,76.95881981119524,77.86722824712915,12146400,False
2019-01-25,77.29739379882812,78.3627112175665,76.85144653280562,77.97457158044178,10618000,False
2019-01-28,77.23133087158203,77.60295676632873,76.77712984541525,77.06616800762309,9765600,False
2019-01-29,77.24783325195312,77.72681426855158,76.88446747376699,77.45428993491198,9769800,False
2019-01-30,78.05715942382812,78.17278099168706,77.27262635278797,77.30566018638201,7750200,False
2019-01-31,79.66751861572266,79.94829672534671,77.693792913877,77.98283105630146,16044400,False
2019-02-01,80.49335479736328,80.60897006771575,79.27112812434628,79.56842633398394,12720800,False
2019-02-04,80.95579528808594,81.11270438675227,79.87396426184905,80.27861760516117,11887500,False
2019-02-05,80.46858978271484,80.94756468337548,80.27864678893397,80.92279087996067,9772300,False
2019-02-06,80.864990234375,81.19532234312489,80.20433231743615,80.31168757504147,8693900,False
2019-02-07,80.2208251953125,80.60070481624462,79.56016114987276,80.53463715158878,8732500,False
2019-02-08,80.6915512084961,80.69981124222241,79.85746421780978,80.11347485884795,7483200,False
2019-02-11,81.15399932861328,81.2531008158243,80.46030781981212,80.5098554131383,8494100,False
2019-02-12,81.9715805053711,82.03764186946768,80.91452307311448,81.2448487952752,11238800,False
2019-02-13,81.95506286621094,82.3349424983942,81.76512620039904,81.99635673298368,11587200,False
2019-02-14,81.31090545654297,81.60820360670323,80.79889057558734,81.50910212313033,7930100,False
2019-02-15,81.32743835449219,81.92202844808256,81.13749538947678,81.71557171681162,12069100,False
2019-02-19,82.5744400024414,82.58270003660186,81.31918573413145,81.39350713989559,10098200,False
2019-02-20,81.98809814453125,82.76437748951233,81.70732000731827,82.40101161729828,8947400,False
2019-02-21,82.40099334716797,82.46706100029633,81.41825748369774,81.8394308966933,7444800,False
2019-02-22,82.78913879394531,82.91301407719013,82.08718725630288,82.32667779042723,7925400,False
2019-02-25,82.22760009765625,82.95432564212615,82.02940336744818,82.8800042310083,7436100,False
2019-02-26,82.44227600097656,82.73131406843291,82.27710689060342,82.45052973107722,7115300,False
2019-02-27,81.68256378173828,82.27715401798389,81.608236064357,82.03766339618342,6013600,False
2019-02-28,81.38526916503906,81.92205177876694,80.99712939162139,81.6825674467819,10575400,False
2019-03-01,81.29441833496094,81.57519651293067,80.7906633210171,81.4348074239458,7733200,False
2019-03-04,81.6495132446289,81.65776697776944,80.83194002342103,81.40176263810052,6895300,False
2019-03-05,81.83116149902344,82.31840250938075,81.68251874733464,81.68251874733464,6274600,False
2019-03-06,81.69906616210938,81.83945524134982,81.26137885591265,81.64125852356565,4622300,False
2019-03-07,81.38526916503906,82.25238390298802,81.13751849673294,81.73211506021865,8408600,False
2019-03-08,81.26963806152344,81.90552207902083,80.72458921747426,81.60822385509582,5144500,False
2019-03-11,82.23584747314453,82.31842890630539,81.35221290714841,81.58344344022262,7544400,False
2019-03-12,82.62399291992188,83.01212631298735,82.35972853498372,82.40101610417284,7597500,False
2019-03-13,83.55717468261719,83.89576047053383,82.54966475176298,82.57443855324958,9883300,False
2019-03-14,83.67279052734375,84.05267018736922,83.17729559255227,83.35897853877313,8590200,False
2019-03-15,84.59772491455078,84.96934456637142,84.01138846583626,84.03616226921626,30802700,False
2019-03-18,83.82968139648438,84.47382530134166,83.57367080054883,84.28388236245779,8442800,False
2019-03-19,84.15177917480469,84.349975906227,83.64802416116257,84.16003920961076,7334100,False
2019-03-20,84.00312805175781,84.49036298419121,83.44982544356927,84.01138808636729,7513800,False
2019-03-21,84.63899993896484,84.98585203654517,83.63975011389452,83.63975011389452,8221000,False
2019-03-22,83.95355987548828,85.18404010728221,81.76511748163922,84.63073763466011,11035900,False
2019-03-25,84.2013168334961,84.5151288128822,83.6232404765849,83.95357252363118,6955500,False
2019-03-26,85.0766830444336,85.45656895657922,84.56467440734531,84.59770823886053,6909400,False
2019-03-27,84.97759246826172,85.07668766763328,84.26738080348801,84.86197720195526,6037100,False
2019-03-28,85.5143814086914,85.62173664175026,85.151015542093,85.31617840842347,6793700,False
2019-03-29,85.92729187011719,86.00987330039447,85.15101256428036,85.77038274219888,7535400,False
2019-04-01,85.58871459960938,86.07595583336077,85.17580107633817,86.07595583336077,6626500,False
2019-04-02,85.67953491210938,85.90250538734561,85.27488152342792,85.56391965820039,6088800,False
2019-04-03,85.63001251220703,85.7951754090838,84.8537330356528,85.53917102875661,5226500,False
2019-04-04,85.41529083251953,85.61348755757584,84.88676203199587,85.45658470466306,4786100,False
2019-04-05,85.59696960449219,85.63000344048004,85.20056987319802,85.56393576850435,4281800,False
2019-04-08,86.68706512451172,86.82745420873613,85.47309837143645,85.82820424954309,8468600,False
2019-04-09,86.43106079101562,86.51364223467459,86.00162720309258,86.34021931282268,5820300,False
2019-04-10,86.42278289794922,86.71182104130845,86.08419085818628,86.43104293077633,5394300,False
2019-04-11,86.50537109375,86.75312169347856,86.19155912791203,86.36498202749824,5078400,False
2019-04-12,86.76138305664062,86.76138305664062,86.02639752684944,86.50537870148369,6707900,False
2019-04-15,87.31468963623047,87.35597720502156,86.53841025646345,86.69531939932526,5639200,False
2019-04-16,87.88450622558594,87.95057389651582,87.24862221942556,87.52114663659138,8136100,False
2019-04-17,88.03089904785156,88.57979575628721,87.61507051541481,88.38019349228887,6778100,False
2019-04-18,88.19720458984375,88.74609476854017,88.01423908193236,88.17224955646132,7248900,False
2019-04-22,88.16394805908203,89.15361543652398,87.93939714715596,88.26374282434831,9057200,False
2019-04-23,85.79373168945312,86.58380323258962,84.93711972426621,86.50063880884454,15979800,False
2019-04-24,86.2344970703125,87.03288685031313,85.48600466873754,85.92678176493224,10094800,False
2019-04-25,85.8935317993164,86.13471308469683,85.31968645323751,85.74383328925406,6085300,False
2019-04-26,88.0392074584961,88.05583780609902,86.4174789030464,86.45073959825227,7747400,False
2019-04-29,87.1410140991211,87.94772235483981,87.09111671259465,87.79802385022151,4787600,False
2019-04-30,88.5548095703125,88.67124100250093,87.04119460682564,87.20752341136993,8251300,False
2019-05-01,87.26573944091797,88.47995748455678,87.16593835081062,88.28036164937926,6733800,False
2019-05-02,87.7896957397461,87.95603091806531,87.36555531136823,87.49029876380979,6270300,False
2019-05-03,88.22216033935547,88.49660862318898,87.80633191356104,88.14730792329259,4793400,False
2019-05-06,87.88949584960938,88.00592730059273,87.35723597510307,87.42377004567591,4890400,False
2019-05-07,87.07445526123047,87.80631722905842,86.57546250273506,87.34890349916596,6021700,False
2019-05-08,87.38217163085938,87.96432879893814,86.62536731235696,87.31563757021115,5392600,False
2019-05-09,86.69192504882812,87.35725319563468,86.30936358517815,87.04953781735475,6901700,False
2019-05-10,88.16394805908203,88.28037951525168,86.42578187191214,86.47568559958376,5815800,False
2019-05-13,88.24710845947266,88.64630019243445,87.19921905663111,87.44040030343803,7575500,False
2019-05-14,87.82295989990234,88.57145231523589,87.7980112102309,87.96434003806588,7004000,False
2019-05-15,88.7377700805664,88.98726963625305,87.73978454789436,87.83126729531031,5535600,False
2019-05-16,89.91041564941406,90.38445976367132,88.64629378136958,88.77104356828733,9284200,False
2019-05-17,89.36152648925781,89.81894029730569,89.20351600150893,89.21182800162744,6370200,False
2019-05-20,89.26172637939453,89.92704801619243,89.10370955607502,89.3532091355229,6565300,False
2019-05-21,88.46334075927734,89.43637774371481,88.39680668896413,89.3781620184503,5226400,False
2019-05-22,88.75442504882812,89.02887334760342,88.10573368447822,88.23047714297738,4889700,False
2019-05-23,88.78768920898438,89.01223377204516,88.0641454479425,88.72115513658179,6175600,False
2019-05-24,88.7294921875,89.35323497143304,88.60474236170546,89.1120536669075,4372100,False
2019-05-28,86.87487030029297,89.19519358000248,86.84160326622454,88.73777979285907,7615500,False
2019-05-29,86.65030670166016,87.16592975376672,86.24279038269239,86.45902288407972,7137300,False
2019-05-30,87.5984115600586,87.63167859319474,86.8000217999046,86.8000217999046,4729200,False
2019-05-31,85.58580780029297,87.24080312271838,85.16997938344973,87.23248477777084,10282300,False
2019-06-03,86.32596588134766,86.45902765066577,85.16164526088878,85.78538777059494,8532900,False
2019-06-04,87.05785369873047,87.40714811064467,86.36757687634814,86.50064503995695,6906400,False
2019-06-05,88.76273345947266,88.77936380373163,87.23248164109403,87.52356025341017,6481700,False
2019-06-06,89.30329895019531,89.55279851158822,88.43006317539499,88.86252189076696,6681600,False
2019-06-07,90.4593276977539,90.9666389675032,89.60272201622158,89.60272201622158,8063400,False
2019-06-10,90.41771697998048,90.66721018169106,89.36982776669224,90.08505303266264,4767000,False
2019-06-11,90.96663665771484,91.1496022054428,90.54249617347904,90.60071190729802,8074400,False
2019-06-12,91.21612548828124,92.0311520103114,91.13296107053246,91.14959141606688,7687800,False
2019-06-13,92.23906707763672,92.2723277690122,91.3658248206274,91.4656259298691,8611400,False
2019-06-14,92.48023986816406,92.93765367707324,92.02283240429314,92.28896234446624,6438100,False
2019-06-17,92.30560302734376,92.48856857139826,91.681860315361,92.44698953095612,6020000,False
2019-06-18,91.14958190917967,92.779628438188,91.00820177924884,92.68814568469448,7731200,False
2019-06-19,91.83155059814452,92.0893685439742,90.86683192273831,91.06642779609162,7028000,False
2019-06-20,92.9293212890625,93.16218415839552,91.89806871985736,92.13093158919038,7044200,False
2019-06-21,92.48023986816406,93.53644762872224,92.3305413802518,92.82954056998484,13799400,False
2019-06-24,93.42000579833984,93.5613859253736,92.64656475422191,92.99585907220096,5518100,False
2019-06-25,92.91270446777344,93.66950890324289,92.57172211302913,93.2370501322658,6805600,False
2019-06-26,91.25770568847656,92.67983808986511,91.1994899648538,92.63825271083256,7170300,False
2019-06-27,91.2992935180664,91.70680362268446,90.89178341344837,91.41572497652872,5613300,False
2019-06-28,91.19119262695312,93.11231829409502,90.667244648613,93.02915386191007,12152000,False
2019-07-01,91.88973999023438,92.0643871224949,91.15788443432788,91.41569596123104,6775900,False
2019-07-02,92.71310424804688,92.72973459247996,91.72343061077328,91.98956053696811,6578200,False
2019-07-03,94.87542724609376,95.03343775341166,93.0125110926362,93.11231221176256,6223300,False
2019-07-05,94.10197448730467,94.35146773698072,93.33685170290369,93.95227599948376,8694800,False
2019-07-08,94.85047912597656,95.00017763305156,94.226736404004,94.25999709887482,5317800,False
2019-07-09,93.9023666381836,94.73402338774136,93.41168585652504,94.72570504363529,7537700,False
2019-07-10,94.60095977783205,95.22470236977378,94.30988117060012,94.35977854754336,5600700,False
2019-07-11,95.12491607666016,95.14155276825583,94.34316288770876,94.5261284250289,4625300,False
2019-07-12,95.63223266601562,95.8151982135932,94.86710978072678,94.86710978072678,7058600,False
2019-07-15,96.0397491455078,96.37240685559946,95.46590380903324,95.69876674411304,6240700,False
2019-07-16,96.38069152832033,96.90463294919488,96.01476056102176,96.23931141642292,7644300,False
2019-07-17,96.42228698730467,96.71336558490846,96.24763982874242,96.24763982874242,7861700,False
2019-07-18,96.62820434570312,96.90442356327549,96.0841253528122,96.20131081144982,5828700,False
2019-07-19,96.26827239990234,97.05508811102676,96.26827239990234,96.67842149083846,6547000,False
2019-07-22,96.5110092163086,96.6365604907478,95.90833755448878,96.29337636373413,4018800,False
2019-07-23,95.29727935791016,97.1387765351928,95.2889071454964,96.85417878826762,8194600,False
2019-07-24,94.25100708007812,95.32242071813184,93.98315367056468,95.2973104588226,9635900,False
2019-07-25,94.39332580566406,94.56911043591626,93.22983667590869,93.31354607550708,7809400,False
2019-07-26,96.03392791748048,96.15947923467364,94.485393553377,94.76161922346216,5559600,False
2019-07-29,97.0969696044922,97.27274783485436,95.94185278234212,96.03392800578852,7768700,False
2019-07-30,100.78831481933594,101.91832118987936,99.44067555814308,100.2944563043386,18788800,False
2019-07-31,98.80451202392578,101.01430403862038,97.99257965751744,100.16052337272272,12641800,False
2019-08-01,97.7079849243164,99.75036451355068,97.7079849243164,99.23976801971008,11308600,False
2019-08-02,97.46525573730467,98.0009625637898,96.83747370131783,97.52384847188496,12266100,False
2019-08-05,94.65279388427734,97.34807250927852,94.4435332007975,97.1722879153617,12974800,False
2019-08-06,95.6572494506836,96.25992128398144,94.7365036547584,95.12991478961284,9490600,False
2019-08-07,96.6951675415039,97.2978392926215,94.3179693966832,95.21360480844716,9507600,False
2019-08-08,98.30230712890624,98.34415543665511,96.54451216408268,96.69518012146386,7416600,False
2019-08-09,97.74983215332033,98.8045075996022,96.97138229303836,98.4529512462176,6939500,False
2019-08-12,97.1220474243164,98.49479671478444,96.75374665356178,97.74982934566928,4996200,False
2019-08-13,98.14324188232422,98.82961653812436,97.38153007401549,97.52383216516996,6722000,False
2019-08-14,96.92117309570312,98.72081614258208,96.81235984584676,97.48199016101714,10148300,False
2019-08-15,98.26043701171876,98.84636431727093,97.46524904187956,97.76658490934317,7758000,False
2019-08-16,99.7587661743164,100.06010210835494,98.43623695116176,98.82127589218209,8302400,False
2019-08-19,100.64600372314452,100.82178190855034,99.70014785325752,100.42000502365948,5867100,False
2019-08-20,99.52437591552734,100.66275447106098,99.43230070984971,100.48697627462064,6744300,False
2019-08-21,99.77548217773438,100.15215520512872,99.3402228059134,99.83407490828968,4037400,False
2019-08-22,99.95964813232422,100.26935626264934,99.35697630365354,99.67505664996844,4558400,False
2019-08-23,98.20183563232422,100.53718520642364,97.45686824396358,99.725252878718,7336800,False
2019-08-26,99.8759307861328,100.11030171114771,98.11814246239211,98.56177405418876,5661500,False
2019-08-27,100.90550231933594,101.32402367879212,100.26097584954113,100.4367540541772,6996300,False
2019-08-28,101.61698150634766,101.64209176468955,100.13541240288698,100.83015935228087,4600300,False
2019-08-29,101.4328384399414,102.11921322419988,100.7129811800936,101.94343501695272,5011500,False
2019-08-30,100.6376495361328,102.11921234800624,100.03497775295408,102.08572987270416,6007100,False
2019-09-03,101.58349609375,101.73416402557052,100.13540950535683,100.26933939414332,4959300,False
2019-09-04,103.13202667236328,103.19061940385676,101.66720199889748,101.9936481295224,5586900,False
2019-09-05,102.7553482055664,103.31616519765694,102.26986197981876,103.15712506498456,7491900,False
2019-09-06,102.847412109375,103.27429917737852,102.57118655751812,102.95622533307892,5306900,False
2019-09-09,102.26148986816406,102.77208634986964,101.93504377476252,102.71349362505724,7662400,False
2019-09-10,100.34467315673828,101.43283118409992,100.09356418697476,101.30727350615378,9582200,False
2019-09-11,101.5081787109375,101.56677145216467,99.90943026537887,100.32795167018152,7565500,False
2019-09-12,102.7637176513672,103.1320184405742,101.80112376596784,102.6632766260404,6194300,False
2019-09-13,102.21965789794922,102.6046967776628,101.70068911948528,101.96854253085688,6777400,False
2019-09-16,100.2358627319336,102.085726321653,99.6248187546522,101.96016864017012,9626700,False
2019-09-17,101.4161148071289,102.11085551941514,99.97640008284004,100.13543388182768,6377100,False
2019-09-18,101.62535095214844,102.08572057684016,101.08963778222636,101.50815910619804,5684200,False
2019-09-19,102.03550720214844,102.31173282797138,101.48305595050256,101.60861363370655,4525800,False
2019-09-20,102.32009887695312,102.62143476283876,101.90994973799232,102.22802366814756,15362000,False
2019-09-23,103.14041137695312,103.60078106982778,102.09410791206136,102.28662417336888,6060400,False
2019-09-24,103.46686553955078,104.4043558155182,103.2576048304078,103.54219632949984,7633200,False
2019-09-25,102.97298431396484,103.65099320514496,102.91439158372742,103.42498811270872,5812600,False
2019-09-26,104.05276489257812,104.6303263375223,103.39987267801251,103.4919478760798,6984800,False
2019-09-27,104.27039337158205,104.52987452641857,103.55890845965315,104.13646988029248,5589800,False
2019-09-30,104.1113739013672,104.9316785980334,103.90211321596684,104.27041406583282,5206900,False
2019-10-01,103.66775512695312,104.3290197411636,103.1236760002098,104.09464876622928,5415700,False
2019-10-02,101.34912872314452,103.50032814460322,100.62089929615904,103.1236551087988,6755100,False
2019-10-03,101.90157318115234,102.57120987372949,101.14823349853523,101.8429804495115,5171000,False
2019-10-04,103.79327392578124,103.84349443411996,102.11081664902984,102.27822898703836,4377900,False
2019-10-07,102.82231903076172,103.7012163931008,102.68839552368011,103.3998805195062,4749700,False
2019-10-08,101.22356414794922,102.8976493855661,101.18170946255744,102.6716506883843,5545300,False
2019-10-09,102.10247802734376,102.44566223598056,101.64210195781088,101.9601759055876,3775600,False
2019-10-10,102.06898498535156,102.2782456523636,101.11475685466698,101.5583884469519,3943400,False
2019-10-11,101.35750579833984,102.16943830577398,101.13150706068382,102.15270026029668,6292200,False
2019-10-14,100.48697662353516,101.8011333800722,100.09356554084268,101.8011333800722,7360200,False
2019-10-15,98.10137939453124,100.91384273262776,97.6828581404827,100.60414109175346,11113900,False
2019-10-16,98.37761688232422,98.57850532050784,97.5238362304476,98.49480233677536,7973100,False
2019-10-17,98.2479019165039,99.09871725691944,98.18051562941072,98.82072713179512,5956900,False
2019-10-18,98.95550537109376,99.19137342609235,97.86039634211735,98.1805084969776,9016700,False
2019-10-21,100.31172943115234,100.34542577775696,98.85439296837735,98.9133599682052,6731600,False
2019-10-22,102.92317962646484,104.64165548292692,102.43459203035898,104.4563287101334,14410500,False
2019-10-23,103.6139144897461,104.22886168814075,102.63673952833476,102.76309924602376,8249300,False
2019-10-24,105.1218032836914,105.94734152660683,103.90033445724303,104.25414298827252,6725600,False
2019-10-25,103.8245086669922,105.14705996048065,103.75711596271866,105.14705996048065,6093300,False
2019-10-28,104.01828002929688,104.55740890782953,103.2769730011221,104.01828002929688,5459500,False
2019-10-29,104.11936950683594,104.9280628776806,103.69817464117162,103.78241232891976,5659800,False
2019-10-30,105.24816131591795,105.44190732969253,104.03511820492942,104.4478873197264,4734500,False
2019-10-31,104.88591766357422,105.67775941737143,103.917168460403,105.12178569351047,6399500,False
2019-11-01,104.34677124023438,105.4166028883456,103.82448752883197,105.15546424610474,6010200,False
2019-11-04,100.30331420898438,104.38890186422654,99.94108647882103,104.38890186422654,10351400,False
2019-11-05,100.16011810302734,100.74136251828942,99.60413791886462,100.101151092003,9239600,False
2019-11-06,101.35631561279295,101.38158627228536,99.95795222985932,100.32859928061866,6756300,False
2019-11-07,100.76663970947266,101.37315478339572,100.08429980756064,101.37315478339572,8909700,False
2019-11-08,100.8340301513672,101.58375636338468,100.37914543387636,100.96038987374683,4249900,False
2019-11-11,100.52236938476562,101.0867689690478,100.32019121944248,100.64872913136168,3850400,False
2019-11-12,100.47178649902344,100.74977655894804,99.865271495899,100.65711320563985,4759600,False
2019-11-13,101.63431549072266,101.97127264583074,100.97725257306962,101.00252323499116,7262800,False
2019-11-14,101.5079574584961,102.07235700729753,101.17942599415358,101.60904653480274,5188300,False
2019-11-15,101.54164123535156,101.92071397741528,101.06147942950705,101.92071397741528,7108600,False
2019-11-18,102.67887878417967,103.24327833393144,101.22996748929444,101.29736020694568,7493700,False
2019-11-19,102.28292846679688,103.42857866644384,102.03863474792432,102.71254889839491,5989000,False
2019-11-20,103.0158233642578,103.09163534216412,101.8701730117974,102.28294210988427,6480000,False
2019-11-21,101.3731689453125,103.22643005978875,101.32262762215544,102.5862121164662,7094200,False
2019-11-22,101.33102416992188,101.600588527423,100.57287240603716,101.28048286130333,4414900,False
2019-11-25,101.51634979248048,101.86172610924096,101.10357435340906,101.45738279074472,5134300,False
2019-11-26,102.99054718017578,103.06635915401527,101.43212781322764,101.7016922095272,8235200,False
2019-11-27,102.5693588256836,103.14218400701952,101.89544457931572,103.12533261605292,3751400,False
2019-11-29,102.8220672607422,103.30222905110833,102.5272322012055,102.76310024883486,2927300,False
2019-12-02,103.37804412841795,103.4285854435924,101.89543675638798,102.72098132346208,6146200,False
2019-12-03,103.57177734375,103.58020303754697,102.60303464550095,103.03264862532713,6396200,False
2019-12-04,104.90277099609376,104.94489304490988,103.35277728887884,103.40331860592036,6857300,False
2019-12-05,104.97858428955078,104.98700355736642,104.1698911216318,104.68374281603155,7029200,False
2019-12-06,104.61637115478516,105.6777774708236,104.36365169272484,105.07126233034002,7150900,False
2019-12-09,105.18920135498048,105.41664374008492,104.6079504208245,104.71745876521948,7452800,False
2019-12-10,104.68374633789062,105.18918520840111,104.55739304718522,105.11336680705568,4740100,False
2019-12-11,105.01228332519533,105.52613503272669,104.51527015372554,104.68374549125168,4823300,False
2019-12-12,104.93645477294922,105.93890028694337,104.35520398894636,105.11335578831498,5897800,False
2019-12-13,105.69461822509766,105.92206057652288,104.2794035192234,104.6332055889614,5471600,False
2019-12-16,105.77043914794922,106.43592772223512,105.59353809811466,105.69462716670132,8281900,False
2019-12-17,105.5598373413086,106.12424325040148,104.71744775230592,105.79570539792174,8832200,False
2019-12-18,104.46472930908205,106.03157437744716,104.19516491167094,105.55983186178612,8607600,False
2019-12-19,105.23130798339844,105.46717604464608,104.37207341357887,104.5910965105614,6629100,False
2019-12-20,105.60195922851562,106.6465205177282,105.32396912211246,106.26744777403115,16250500,False
2019-12-23,105.21446228027344,105.98945916947972,105.03756123558,105.73673971881904,6619500,False
2019-12-24,105.48401641845705,105.5598283901158,104.94488764136582,105.12178866882492,2022100,False
2019-12-26,105.48401641845705,105.93048183446176,105.18918137269183,105.38292736265667,4760400,False
2019-12-27,106.2168960571289,106.39380351962382,105.6272259385534,105.77043062064712,5192000,False
2019-12-30,104.85223388671876,106.1242439743281,104.57424377799016,105.9389172351757,3884300,False
2019-12-31,105.21446228027344,105.29027425931808,104.414188304463,104.81853814013556,4798900,False
2020-01-02,103.95929718017578,105.07125112620832,103.56337306439744,104.8774987023662,8130800,False
2020-01-03,103.2601089477539,104.06037642132374,102.65358746478977,102.90630689166548,7970500,False
2020-01-06,103.40331268310548,103.77396612530556,103.09162624971704,103.2516823137438,6674400,False
2020-01-07,102.76311492919922,103.79083136376202,102.66203228115909,103.51284122780524,7583400,False
2020-01-08,103.20114135742188,103.97613816932558,102.77152090492052,102.93157696950225,5385100,False
2020-01-09,104.32994079589844,104.355211453198,103.20114192370416,103.20114192370416,5944000,False
2020-01-10,104.43102264404295,104.7258576703914,103.86662324690148,104.37205563877328,3927100,False
2020-01-13,105.19762420654295,105.21447559974568,104.2962674779004,104.45632357870907,8409200,False
2020-01-14,105.0375518798828,105.4671659100486,104.86065085094594,105.00385552766788,7829700,False
2020-01-15,106.10741424560548,106.24219969320514,105.3071465379851,105.34926217016708,4843700,False
2020-01-16,106.20005798339844,106.79815383587469,105.79570814234212,106.23375433906337,6233700,False
2020-01-17,106.48646545410156,106.9834722006623,106.03999359669676,106.43591771110124,11315200,False
2020-01-21,106.2168960571289,106.66336792053296,105.16390911187104,106.4864668849603,8553100,False
2020-01-22,106.40222930908205,106.71391577767332,105.9978858963977,106.41908070031543,7396700,False
2020-01-23,105.91580963134766,107.23774910921668,104.78030439527735,105.33111197229734,11096500,False
2020-01-24,106.04295349121094,107.44115579201484,105.72941518020896,106.1107466068504,9508600,False
2020-01-27,106.50901794433594,107.10219151481196,105.71246503674784,105.71246503674784,9338400,False
2020-01-28,106.79710388183594,107.60213235560242,106.5344137145034,106.71236574383566,6200200,False
2020-01-29,105.97513580322266,106.83100591067584,105.94971500702898,106.695426175941,5271000,False
2020-01-30,106.72930145263672,106.82251533581776,105.43278930579764,105.74632750059794,5894400,False
2020-01-31,105.60227966308594,107.57670346242928,105.46669347225946,106.76320571278676,6612900,False
2020-02-03,106.01750946044922,106.7293176233827,105.49212262701788,105.63618458246428,6052300,False
2020-02-04,106.48357391357422,107.91566592562204,106.22935303019712,106.52593975073331,6512200,False
2020-02-05,107.45809173583984,107.66994035543742,106.26326888316504,106.695441877374,6125400,False
2020-02-06,107.73772430419922,108.54274640417478,107.28013054896569,107.5343514569086,9102700,False
2020-02-07,106.83948516845705,107.84788008614454,106.81406437142964,107.78009344910684,5915100,False
2020-02-10,106.9157485961914,107.47503199664104,106.56832025827164,107.16149374501568,5216100,False
2020-02-11,105.21249389648438,107.0004901680914,105.1023284846288,107.0004901680914,6105700,False
2020-02-12,104.61083984375,105.0514885680046,104.1024044785463,104.80574340738308,6031700,False
2020-02-13,105.8904037475586,106.16156969772098,104.67015373927474,104.84811225307132,7159000,False
2020-02-14,106.89032745361328,106.89880320771256,105.74634632424184,106.1700435177206,5889100,False
2020-02-18,105.81414794921876,106.92423261670666,105.78025139519764,106.6276458504053,6767600,False
2020-02-19,106.29715728759766,107.169972498998,105.62771492518716,105.7971912218276,4734000,False
2020-02-20,107.26318359375,107.41571484277596,106.03445784740016,106.32257530227416,6094600,False
2020-02-21,107.36487579345705,108.52581499941896,106.75475721125603,106.8818612085229,8723900,False
2020-02-24,104.48375701904295,107.27167957049892,104.34817077946296,106.14464966325176,7533900,False
2020-02-25,102.89910125732422,105.0430080342122,102.43303175578068,104.2464552370673,8903200,False
2020-02-26,101.82291412353516,103.71260001352204,101.56021746347892,102.89062641178084,6894200,False
2020-02-27,96.17926788330078,101.61953857670424,96.11995053175674,100.9416269112162,13298900,True
2020-02-28,95.9504852294922,95.9504852294922,90.39157273073248,92.75580423915788,22784300,False
2020-03-02,101.3144760131836,101.50937957679048,95.37424571192987,95.91657763008848,12399800,True
2020-03-03,100.13656616210938,103.24650117229702,99.26375121323804,101.45850544569036,12510900,False
2020-03-04,105.50059509277344,105.66160208584525,101.34836154308891,101.58563092333848,9459300,False
2020-03-05,103.06856536865234,104.14475973953506,101.92458436791595,102.7889301658806,9363500,False
2020-03-06,103.0940170288086,103.899039210391,99.61122514850584,100.01797088431974,9817400,False
2020-03-09,98.3485870361328,101.71274366891886,97.55204073656932,97.67914471807538,13116500,False
2020-03-10,102.15340423583984,102.38219789426589,96.97582359353582,100.8060436892214,11419100,False
2020-03-11,94.56072998046876,100.365386300716,93.78960450366266,99.65357170317397,16456000,False
2020-03-12,86.29862976074219,94.55225464436197,85.58682167383408,87.28161022183079,20988000,False
2020-03-13,96.66226959228516,97.13680834151482,89.32383816051595,90.24749486385306,17378700,True
2020-03-16,91.94229125976562,98.25537687543058,85.58683333858366,86.22237913070187,17367400,False
2020-03-17,100.19589233398438,101.43308713877524,93.86585637689105,94.44208471413243,19451400,False
2020-03-18,99.5264892578125,102.9584398384712,94.98445386377917,95.7725310692952,23139200,False
2020-03-19,93.91671752929688,99.9925334779864,93.03542662791548,98.81465584659826,16428100,False
2020-03-20,86.79861450195312,92.95916936060743,86.08679979611239,92.5270028423503,19922900,False
2020-03-23,82.7904281616211,87.91716673562014,79.94318253374577,84.90044481815232,17776800,False
2020-03-24,87.51040649414062,88.12900717762999,81.40917012173149,85.7817278118722,14625500,False
2020-03-25,85.51904296875,88.7221928289725,83.55308818090883,85.17161461981105,13789100,False
2020-03-26,90.99320220947266,91.78127920694192,86.88334093959553,88.02732200944297,15796000,False
2020-03-27,93.35743713378906,96.84870430087422,90.23902556210209,90.23902556210209,16073100,False
2020-03-30,97.45036315917967,98.11980556017294,93.38286715431909,96.51823054372193,14571600,False
2020-03-31,93.21338653564452,96.84870938634744,92.32361980539812,96.17926701632412,21691000,False
2020-04-01,92.64563751220705,95.0607104210302,90.67120687626648,91.476229024172,11095800,False
2020-04-02,96.9419174194336,97.441876995506,91.0948949614452,91.25590196090866,9168800,False
2020-04-03,97.51815032958984,98.21301348772116,95.76404415814208,96.38263845745936,7768700,False
2020-04-06,99.83153533935548,100.839936775949,97.09445496161074,99.14514792257172,16848400,False
2020-04-07,95.56066131591795,101.73816711727396,95.3318676781371,98.8993972394351,14438400,False
2020-04-08,97.53508758544922,99.39935901909682,94.7895317243822,96.93343837773703,12564500,False
2020-04-09,97.16223907470705,100.5518164677458,96.77243198521448,97.67067439064168,12747300,False
2020-04-13,98.2553939819336,98.933312197596,95.89116891292996,96.27249386854804,7926700,False
2020-04-14,102.50082397460938,102.93299692093956,98.5095971993764,100.63655891472813,10474200,False
2020-04-15,102.7211456298828,104.58541064085436,101.3398886817002,102.41608314225388,14192900,False
2020-04-16,102.95841217041016,103.80580650926126,101.60258252126953,103.67869606541244,12020200,False
2020-04-17,105.66160583496094,105.91582026634596,102.1449179140672,103.76343779540164,15899800,False
2020-04-20,102.1957550048828,104.42440623262912,102.14491341386692,102.93299040014156,10832000,False
2020-04-21,101.4161605834961,101.94154743133396,100.35691759881934,101.2636293350984,9465400,False
2020-04-22,101.17889404296876,101.92459879777466,100.653507180313,101.67885364258598,10259400,False
2020-04-23,101.85365295410156,102.08397241834123,100.70204261645937,101.21386871005346,17277000,False
2020-04-24,101.32474517822266,102.16073264610944,101.18826128016774,101.5977194825533,12751100,False
2020-04-27,100.1902313232422,101.67453577103748,99.72106001608935,101.67453577103748,10635700,False
2020-04-28,99.71249389648438,100.58260400276568,99.09830005869075,99.89163268113734,9958000,False
2020-04-29,99.87458801269533,100.70204334899888,98.16849668282303,100.2499236796763,8707900,False
2020-04-30,100.54850769042967,100.8982530733759,98.66327731151222,98.88506452675703,10026400,False
2020-05-01,99.6527862548828,100.97500953184522,99.2262634569235,100.3181607783839,7366400,False
2020-05-04,98.757080078125,99.97693547023836,98.10023787078136,99.88309993944338,5636000,False
2020-05-05,98.96182250976562,100.0281295165696,98.27938342212248,98.78268371360912,5425200,False
2020-05-06,96.47945404052734,99.07271339127696,96.30031524926054,98.56088734362588,7892200,False
2020-05-07,95.68611145019533,97.3666121138158,95.38754682909486,97.29836691235836,8762800,False
2020-05-08,98.91065216064452,99.20922337987786,96.7268571221402,96.83775072673772,9279900,False
2020-05-11,98.3647003173828,98.96183622890726,98.03201300579704,98.7400425184426,6947500,False
2020-05-12,97.71638488769533,98.867995249813,97.3666330362358,98.27085937107722,6734400,False
2020-05-13,97.178955078125,98.39881057015454,97.01688083656664,97.48605202074933,9312600,False
2020-05-14,97.08513641357422,97.63108518241268,94.90134133822036,96.85481692068596,9310000,False
2020-05-15,97.76756286621094,97.92111134416656,95.58376807592845,97.18749156151442,10694800,False
2020-05-18,99.13245391845705,99.79782861645435,97.85288518900892,98.97890541059434,10020800,False
2020-05-19,95.91646575927734,98.64620954308604,95.8311559781025,98.1770317795146,8047600,False
2020-05-20,96.6330108642578,97.05100141336928,95.65200705827544,96.3941591219084,6593800,False
2020-05-21,95.21696472167967,96.56477200046548,95.05488395375956,96.22355892222438,6552700,False
2020-05-22,96.05292510986328,96.90597063749657,95.33636999059736,95.78848307892764,5571900,False
2020-05-26,95.5666961669922,97.37515515622172,95.26813151288437,97.37515515622172,10432400,False
2020-05-27,97.1533660888672,97.22161130110612,95.38756189857077,95.96763318615815,8279700,False
2020-05-28,99.00447845458984,99.79781118863588,98.01494886089546,98.55236529045364,6586700,False
2020-05-29,98.88506317138672,99.5675023842918,97.77610758569428,99.0642020004242,7868000,False
2020-06-01,100.01959991455078,100.23286132161805,98.32204093659736,98.95329287921442,5105600,False
2020-06-02,100.71056365966795,100.77880887113618,99.65278891479696,99.86605031946894,6327900,False
2020-06-03,101.11148834228516,101.67450153113616,100.61672035963812,100.74467849421524,6171000,False
2020-06-04,98.99596405029295,101.36743024570866,98.58649921774294,100.65940069579024,6895800,False
2020-06-05,100.9408950805664,101.36741791297828,98.99595200608378,99.16655853575976,7337800,False
2020-06-08,101.55508422851562,101.61479716191852,99.6698476706065,100.18168025202743,6926700,False
2020-06-09,100.9494171142578,102.1607468597141,100.78734286953204,101.85364991108818,5563200,False
2020-06-10,101.70863342285156,102.27164015489848,100.75321997340563,101.51243006415206,6678200,False
2020-06-11,99.17507934570312,101.99865808710864,98.95328567619592,101.35034163451438,8937500,False
2020-06-12,98.62914276123048,100.70204400077051,98.32204579920808,99.45659159466756,7998500,False
2020-06-15,99.5418930053711,100.04518678471058,97.04246914058918,97.7163759446194,8786000,False
2020-06-16,100.7702865600586,101.4868483349084,99.74663431967,101.11150614292887,8165200,False
2020-06-17,100.59967041015624,101.60626450391848,100.18167987789698,100.99207061508436,6320800,False
2020-06-18,101.75127410888672,102.3313453543106,100.1219604614977,100.19873143852,6274400,False
2020-06-19,101.44418334960938,103.91801694391758,101.36741236792132,102.78346470979166,17506200,False
2020-06-22,100.44613647460938,101.5806888774425,100.09638459520956,101.32477255065128,5695600,False
2020-06-23,100.42906188964844,101.67450769133411,100.36081667930968,101.23092033235368,5340400,False
2020-06-24,99.3115692138672,100.62526024562509,99.19214334809116,99.99400831106298,6547800,False
2020-06-25,100.56554412841795,100.68496999041248,98.97887880966644,99.79780179543798,5489300,False
2020-06-26,98.29645538330078,101.0603215308309,98.1343746234265,100.30963717623167,23201700,False
2020-06-29,100.36935424804688,100.70204153070716,99.25186002156728,99.3883504494391,6866900,False
2020-06-30,101.9986572265625,102.3569347993598,100.48876945079031,100.63378563384336,7818000,False
2020-07-01,102.34841918945312,102.69816451907673,101.42712833233152,102.06691256507344,6501200,False
2020-07-02,103.11614227294922,104.55779131455483,102.81757763634415,103.21851008045137,6150900,False
2020-07-06,103.75592803955078,104.4213090363287,103.1161438762121,103.87535389604966,6023300,False
2020-07-07,104.25926208496094,105.1378982460258,103.1247095723406,103.47446148558484,6866300,False
2020-07-08,104.83078002929688,105.12934470692244,104.07156991695388,104.1995280668568,6494100,False
2020-07-09,104.48104095458984,105.7606095138359,103.90949538521102,104.77107337073892,5341000,False
2020-07-10,105.68382263183594,106.2041809870487,104.4724993986155,104.55780266001295,6752600,False
2020-07-13,105.82030487060548,107.13398931259026,105.21463679262682,105.7776499890956,7681500,False
2020-07-14,106.7074737548828,107.19371600741968,105.35113433955875,105.7691248721262,6272100,False
2020-07-15,106.20419311523438,108.25150416367856,105.99946396285668,107.46670365604538,8145000,False
2020-07-16,106.4259796142578,107.07428963755476,105.70089209638344,106.698953968336,3959300,False
2020-07-17,107.16812896728516,107.54347115798367,106.48569631209593,106.70748350821576,4868600,False
2020-07-20,106.83541870117188,107.34724470960504,106.4515508219022,107.031622033652,4242100,False
2020-07-21,106.69042205810548,108.02970350434046,106.56246390551549,107.04869967877984,5162300,False
2020-07-22,107.6031723022461,107.82496598227726,105.95679402108162,107.05722363464744,5929200,False
2020-07-23,108.2993621826172,109.17495652841602,107.81863768263604,108.26502425052634,6664800,False
2020-07-24,108.12767028808594,109.68142402467193,107.57827648456524,109.01185073596172,6014200,False
2020-07-27,108.43671417236328,108.7114110970524,107.76714082776428,107.9130721363479,6464600,False
2020-07-28,109.7758560180664,110.2737527680422,108.41095757572718,108.4796334411922,7644400,False
2020-07-29,110.1449966430664,110.94334223405976,109.3294919071453,109.50117504651018,6702000,False
2020-07-30,112.814697265625,113.33833929231406,111.29527481136624,112.16229617441502,10400700,False
2020-07-31,112.55716705322266,112.6344355912145,110.96908181595036,112.16229718607532,8487000,False
2020-08-03,112.7031021118164,113.24391640284782,111.9991973650198,111.9991973650198,7769400,False
2020-08-04,114.84918975830078,114.96936927302272,112.19664776284768,112.256744069501,7773700,False
2020-08-05,114.54872131347656,115.58741264623708,114.27401785776956,114.67748037172564,5680000,False
2020-08-06,113.92208099365234,114.48863399293022,113.41559809482273,114.04226049029708,3974100,False
2020-08-07,114.64315032958984,114.72040576544264,113.69887356278262,114.07658426950552,4934900,False
2020-08-10,115.11528778076172,115.40715037956332,114.33411456169114,114.77190845989357,5812700,False
2020-08-11,114.36846160888672,115.66469743750672,113.99075085348971,115.26123486684028,5329900,False
2020-08-12,116.28277587890624,116.72056986974182,114.77193274456948,114.8320290504054,5920400,False
2020-08-13,116.55746459960938,116.63472005005929,115.82779486024654,115.95656704291405,4989500,False
2020-08-14,115.97370147705078,116.4372471272086,115.50156315836594,116.41149531878762,5845200,False
2020-08-17,116.3170928955078,116.48877602176246,115.59601590608855,115.83637490256164,5603800,False
2020-08-18,117.18409729003906,118.05111866137874,116.24841314935318,116.58319981889136,8670700,False
2020-08-19,116.5488739013672,117.02101232891006,116.31709447355831,116.35142585984184,6827700,False
2020-08-20,117.47599029541016,117.58757713595972,116.05099529794704,116.09391935904354,4352200,False
2020-08-21,117.98243713378906,118.54900319308528,116.66904233179083,117.26136020300216,5706600,False
2020-08-24,118.9009780883789,119.13275755092204,117.77643836426176,118.0253900718116,7420500,False
2020-08-25,119.37307739257812,119.45033282186532,118.29146208681506,119.32157377305332,4718300,False
2020-08-26,118.79792022705078,119.59626554758609,118.67774076035056,118.95244416913933,4746200,False
2020-08-27,118.64344787597656,119.91391880736484,118.61768296178646,119.18424910229422,6156100,False
2020-08-28,119.12415313720705,119.24433263002344,117.56180663201133,118.73786284591014,4166300,False
2020-08-31,118.74646759033205,119.08983390014544,118.30867358053216,118.62628807203882,5596800,False
2020-09-01,118.61768341064452,118.65202789730547,117.66484003243548,118.3429930102758,5671800,False
2020-09-02,120.61782836914062,121.41617398026712,118.12839003911002,118.55760444763834,8384800,False
2020-09-03,118.68634033203124,121.63933698127944,117.6819803842198,120.8152528131898,7277900,False
2020-09-04,118.42882537841795,119.4846889776061,116.84930666666988,118.30005321844057,7437700,False
2020-09-08,116.69479370117188,119.01254845481564,115.92220005090276,118.9095412075458,6847500,False
2020-09-09,118.59192657470705,119.80231425588374,116.9780894317213,117.1068485047898,6002900,False
2020-09-10,117.3472137451172,119.081243579926,117.184110178171,118.56618106310472,5242500,False
2020-09-11,118.5833511352539,119.0297377684197,117.7420945985283,118.19706080400324,4398000,False
2020-09-14,119.00397491455078,119.81947956012216,118.7464436847434,118.84087136572002,4767400,False
2020-09-15,119.00397491455078,119.98258310895292,118.79794731098838,119.1413135516766,4046500,False
2020-09-16,118.20565032958984,120.32597064243514,118.11981530351972,119.81092119026006,6049900,False
2020-09-17,118.05113220214844,118.36016709398326,116.90942032671929,117.65624919091016,4648500,False
2020-09-18,117.9223403930664,118.40305834510131,116.96948406007516,117.52747054614424,10192800,False
2020-09-21,117.35578918457033,118.00819025797776,115.6303391755792,117.6047277353786,7092600,False
2020-09-22,118.42882537841795,119.34733724639636,116.95232701436822,117.1669341824152,4722800,False
2020-09-23,117.01239776611328,118.82368259574632,116.8235424304298,118.82368259574632,6373700,False
2020-09-24,117.53606414794922,117.73349909497888,116.49737268443452,117.32145695813074,5708200,False
2020-09-25,118.136962890625,118.45459044190244,116.6518847892111,116.6518847892111,4969900,False
2020-09-28,118.47175598144533,120.12853040480304,118.2743210217009,118.9438944491682,5810800,False
2020-09-29,117.82791900634766,118.82369944504848,117.3128696439242,118.79794763185645,4492100,False
2020-09-30,119.31299591064452,120.0512450310899,118.30004335069344,118.60049860033018,8727800,False
2020-10-01,119.52762603759766,120.17144761179746,118.6434454569166,119.81948867424154,5713400,False
2020-10-02,118.56617736816406,119.42460613705856,117.5618172803875,118.40307380630074,6077900,False
2020-10-05,119.65635681152344,119.87954352230052,118.72067282199052,119.08121124643678,6333900,False
2020-10-06,119.84520721435548,120.84098744963326,119.15846177283352,119.68210369840378,6042900,False
2020-10-07,120.78092193603516,121.37323986651684,119.63921013208612,120.24870030509018,4640900,False
2020-10-08,121.59645080566406,121.8368098544424,120.48908326654848,120.66076643016363,4569800,False
2020-10-09,122.6866455078125,123.3047153067302,121.63936129845666,121.75954080943598,6551700,False
2020-10-12,124.0343780517578,124.75545507698465,123.03859753201588,123.03859753201588,5791500,False
2020-10-13,123.79402160644533,124.33482283727068,123.150200013752,123.45923490218816,4509400,False
2020-10-14,123.64806365966795,124.558009080614,122.82397944637285,123.76824315321444,3860700,False
2020-10-15,123.46778869628906,123.94850662269296,122.6608637061478,122.80679499819318,4997100,False
2020-10-16,123.94852447509766,125.21899533480644,123.545061921916,123.97427628925112,6806100,False
2020-10-19,121.81963348388672,124.8069620239077,121.15006007144382,124.01720910406692,6427600,False
2020-10-20,122.30889129638672,125.06445259621884,121.8110011852596,124.99577674310686,7582100,False
2020-10-21,122.96993255615234,123.9056168574219,122.30035910216267,122.3175313467376,5649700,False
2020-10-22,122.09894561767578,123.22110189440916,121.77956764194622,122.13348079799428,4502900,False
2020-10-23,122.9017333984375,123.33333098652436,122.36654343271688,122.36654343271688,4278100,False
2020-10-26,121.969482421875,122.61687881140584,120.8559532559465,122.14211882482056,5315500,False
2020-10-27,122.88448333740234,123.7304110427633,122.27160887950976,122.52194289224764,6806700,False
2020-10-28,118.82744598388672,121.65872498581656,118.52532241674211,121.23575462607664,8192200,False
2020-10-29,118.74974822998048,120.06179521025344,117.22188931793312,118.55984426706787,5476900,False
2020-10-30,118.34406280517578,119.11230597786826,116.25511890779238,118.4131068278626,6422000,False
2020-11-02,119.55255889892578,120.84735195559284,118.63757391295827,119.5611861109631,6682800,False
2020-11-03,121.900390625,123.14339344748292,120.26032550557976,120.26032550557976,6244200,False
2020-11-04,121.39973449707033,123.43687505987587,121.0803565876085,121.24436573181084,5820600,False
2020-11-05,122.9017333984375,123.89440258251206,122.383811024208,122.95352300159784,5673100,False
2020-11-06,123.63542938232422,124.36052327005416,122.90172145665537,123.15204223804548,4702300,False
2020-11-09,119.1123046875,126.82063113225468,118.77565910246852,126.15596717210586,12664700,False
2020-11-10,121.0717315673828,121.3824823086318,118.3871944661602,119.20724029119992,7854000,False
2020-11-11,122.63410186767578,123.43686677693408,121.40835355788064,122.4441979420066,5554300,False
2020-11-12,122.7031707763672,123.04845669827422,121.77093171549608,122.82401755620684,5631700,False
2020-11-13,124.5417938232422,124.71443021708744,122.47013075447394,122.75498673140928,6466800,False
2020-11-16,122.94485473632812,124.97336820879524,121.93491818981585,124.97336820879524,7976600,False
2020-11-17,122.47013092041016,123.84260803461152,122.35791133716803,122.47875813015472,6396800,False
2020-11-18,120.5883560180664,122.66003221552516,120.55383400853265,122.56508022516688,6097100,False
2020-11-19,120.4416046142578,120.95088653408698,119.50935237705744,120.73508777097516,5284100,False
2020-11-20,120.24308013916016,121.1494376289871,119.66474100235736,120.44161132431648,4726900,False
2020-11-23,119.77696228027344,120.80416668485942,119.0000918618592,120.26036266049488,4770600,False
2020-11-24,119.38849639892578,120.70918367371992,119.18133803193705,119.8373614795851,7101800,False
2020-11-25,119.70789337158205,120.32076770447463,119.1554490195476,119.25904139083126,8411300,False
2020-11-27,119.64746856689452,119.88916213155204,118.7152163155108,119.63020097761574,4252200,False
2020-11-30,119.87188720703124,120.156743141799,118.03329078634567,119.12091176075026,11640400,False
2020-12-01,120.30348205566406,120.450223624034,119.25902348923374,120.12221848292307,7169700,False
2020-12-02,119.43167114257812,120.79552094207774,118.68069564190432,120.30349342693864,6963000,False
2020-12-03,118.55119323730467,119.42302858089673,116.9974396672836,119.19858946053763,8742500,False
2020-12-04,118.6634521484375,119.00009776930403,117.2823344790129,118.43902612496456,6617200,False
2020-12-07,118.84469604492188,118.89649881525943,117.87792173961384,117.92108412923908,6918000,False
2020-12-08,119.1640625,119.79419110976602,117.76567775950028,118.27497277745186,6493500,False
2020-12-09,117.74846649169922,119.1554657840792,117.61035209143056,118.97420215862653,6773400,False
2020-12-10,116.97154998779295,118.18865810181536,116.56584728311884,117.8433853695146,6800500,False
2020-12-11,117.8347625732422,118.08509653712912,115.840783928345,116.06522309201088,6548000,False
2020-12-14,117.26506805419922,119.06050240083218,117.1960108606652,118.2750048134226,6485300,False
2020-12-15,117.95561981201172,118.72386301967566,117.60171978720808,117.73119379978093,5397000,False
2020-12-16,118.49079132080078,119.35398639352483,118.00740418748516,118.00740418748516,5382500,False
2020-12-17,119.33673858642578,120.08771420936444,119.07777738741854,119.12956699295724,7405300,False
2020-12-18,120.01866149902344,120.90776472216498,118.64618421567612,119.34537025921856,19988800,False
2020-12-21,118.70660400390624,119.49210160196532,117.5844476435622,119.0864119878362,6732400,False
2020-12-22,117.86930847167967,119.18136887786702,117.722566866647,118.50806449696162,5023100,False
2020-12-23,117.68799591064452,118.73246759187106,117.50673234771132,118.59435323923935,6004200,False
2020-12-24,118.87924194335938,119.23315513035864,117.56718157406524,117.56718157406524,2588200,False
2020-12-28,119.70789337158205,120.32076770447463,119.07776461956908,119.25040100995878,3714700,False
2020-12-29,119.48346710205078,120.79552737430924,119.2935631216721,120.1740258333085,5139300,False
2020-12-30,118.92240142822266,119.91507059826388,118.73249743844404,119.63885499487596,3261400,False
2020-12-31,120.10494995117188,120.2344239306836,118.59435872408734,119.38849653148311,4076400,False
2021-01-04,118.96554565429688,120.72645772452316,117.6966479033192,120.55382135235368,8330900,False
2021-01-05,119.72517395019533,119.91507795161908,117.6276158953514,119.1123127221298,6856400,False
2021-01-06,120.98542785644533,121.74503058468416,119.63884561365032,119.7855871994614,10578000,False
2021-01-07,119.85465240478516,120.95954114823112,119.15545326612282,120.63152277488184,7355400,False
2021-01-08,119.8028335571289,120.0358999054114,118.25772023411837,119.52661799398496,7448500,False
2021-01-11,118.991455078125,120.36393218684869,118.77565629355917,119.76832543403698,7239900,False
2021-01-12,118.30089569091795,119.33672721694724,117.60170974013104,118.99145443204164,6333500,False
2021-01-13,118.48214721679688,119.18134626763076,118.344046019698,118.344046019698,6078800,False
2021-01-14,117.2219009399414,118.8188040229088,116.77303578570772,118.62890004116812,6172800,False
2021-01-15,116.34142303466795,117.56715837505958,116.23784384771706,116.7471257453066,7757600,False
2021-01-19,115.32286071777344,117.70527424735847,115.28832554080668,117.1355623692042,9184900,False
2021-01-20,113.88134765625,115.49553179609704,113.3030083957134,114.3992700959052,12506600,False
2021-01-21,113.76930236816406,114.62034557786262,113.33510151655564,113.45667722497568,8761600,False
2021-01-22,112.8922119140625,114.1687633703821,112.88353266803404,113.77798528698489,7202800,False
2021-01-25,114.83747100830078,115.4974516761763,112.80540050973534,112.8488232545027,9640000,False
2021-01-26,115.57557678222656,115.90557366192904,114.13402680861462,114.8461225488656,5996700,False
2021-01-27,111.48541259765624,115.58426961228142,110.89489256126544,114.96769858539258,10826700,False
2021-01-28,113.20484161376952,114.3250739316259,110.66911034129129,111.01646570709352,8242000,False
2021-01-29,111.33779907226562,113.14406313067686,111.21622335197334,113.05723090233076,8344100,False
2021-02-01,111.99776458740234,112.59696386061243,111.32909159040985,112.023815577476,6534200,False
2021-02-02,111.8414535522461,113.51747579017064,111.75462132925428,112.54487008780544,6825600,False
2021-02-03,111.98043060302734,112.1975310940184,110.93835089642282,111.98043060302734,7309400,False
2021-02-04,112.04988098144533,112.42330063846704,111.65910282931344,112.35382690574768,6613700,False
2021-02-05,112.51881408691406,112.97906592563452,112.04986975075016,112.12802272319136,5063700,False
2021-02-08,112.17144775390624,112.97906823793636,111.2509440576257,112.83142828595908,7011200,False
2021-02-09,111.73724365234376,112.84011750678462,111.35514478934007,112.4232884065798,5917800,False
2021-02-10,111.3464813232422,112.16278114611993,111.12069499716068,111.806733223246,8594100,False
2021-02-11,111.44200134277344,112.31040311751576,111.3377973700474,111.624358295044,6139200,False
2021-02-12,110.82542419433594,111.26831090387468,109.92228565691804,111.15541444583558,8407300,False
2021-02-16,111.08594512939452,111.3030455568482,110.27833127425176,111.12936786503695,8246000,False
2021-02-17,111.55489349365234,112.44934622693756,110.3825458428468,110.45201957222687,8845200,False
2021-02-18,112.48409271240234,112.76198767005924,110.79939097119994,110.99044044189884,6936400,False
2021-02-19,110.3912353515625,112.40592719229076,110.30438987428704,112.3277742131985,8277900,False
2021-02-22,109.92229461669922,110.49543632395536,109.74861029224316,110.10465818834342,6975500,False
2021-02-23,110.73860931396484,112.83145448445228,110.45204171723095,110.96439566702924,10145300,False
2021-02-24,110.8601531982422,111.36382772433863,110.20885198789011,110.59094419270596,7263000,False
2021-02-25,109.92229461669922,112.01514600508274,109.6704573152726,110.71253676049076,7790800,False
2021-02-26,107.27367401123048,110.22624147604895,105.78870771834676,109.8875653018148,17718800,False
2021-03-01,107.93364715576172,108.97572653660902,107.68180986989148,107.82075732087333,7740200,False
2021-03-02,107.59497833251952,108.4286432188876,107.18682844926671,107.56892734003608,10206500,False
2021-03-03,106.95236206054688,107.85549404472718,106.6310510298619,107.48208102948011,7537000,False
2021-03-04,106.07527160644533,108.35047987653564,105.54554602629923,106.9002505917197,10228100,False
2021-03-05,109.40127563476562,109.70521497846116,106.42265681578768,106.60502042200504,10490900,False
2021-03-08,110.55622863769533,111.93698428953664,108.82811094831924,109.21020985214544,9224700,False
2021-03-09,109.57494354248048,111.95436270956657,109.47073293739356,110.85149529692926,8859700,False
2021-03-10,110.582275390625,111.5201508683906,108.95836836239448,109.54888181594544,9070900,False
2021-03-11,110.20886993408205,111.02516307872276,110.04387148047036,110.3999127549097,6941500,False
2021-03-12,111.2770004272461,111.86752051142072,110.85148542212868,110.85148542212868,6521900,False
2021-03-15,111.64171600341795,112.0585450926714,110.45200996185238,111.49408931036484,7172600,False
2021-03-16,111.9717254638672,112.87485746723478,111.59830581530724,111.59830581530724,6485200,False
2021-03-17,111.52014923095705,112.7532781047025,111.45936799989492,112.1193485482948,6192900,False
2021-03-18,111.76331329345705,112.05856673659098,110.32176969540384,111.33780487563467,6871300,False
2021-03-19,111.1641082763672,112.66645291238086,111.06859017489508,112.1106762972675,20262100,False
2021-03-22,113.04852294921876,113.6650939647558,111.16409291692688,111.16409291692688,8077600,False
2021-03-23,115.15006256103516,115.74924856094118,112.88353375460582,113.24826085267112,9503800,False
2021-03-24,115.11534118652344,115.61901582367148,113.43063956417726,113.70853450222856,8318000,False
2021-03-25,115.91427612304688,116.03585185295545,114.67246782832092,115.57559992896157,7517300,False
2021-03-26,117.62501525878906,117.76396272000066,115.04586098212032,115.68848305215457,10821200,False
2021-03-29,119.46603393554688,119.4920849277305,117.23423509958307,117.23423509958307,11176000,False
2021-03-30,117.62501525878906,118.97104063141308,117.3558128344161,118.63236447643432,8090600,False
2021-03-31,117.60765075683594,118.75394750629258,117.46002403924108,117.82475120931544,9202600,False
2021-04-01,116.60899353027344,117.65107304804222,115.78401446415484,117.27766663156874,9117800,False
2021-04-05,118.49342346191406,119.18814755500964,116.99977129952455,117.199513254918,8279100,False
2021-04-06,118.5368194580078,118.98839200425026,117.7899935453117,118.10261865413231,6180600,False
2021-04-07,118.7452621459961,119.25761600729166,118.31974051076656,119.07524580626205,10244500,False
2021-04-08,119.19684600830078,119.5181637379511,118.61501829618004,118.8842207785742,6190300,False
2021-04-09,118.42391204833984,119.20548137343376,117.72050893128431,118.54548773214258,5855400,False
2021-04-12,118.9015655517578,119.0057695211046,117.85080685882008,118.53683840828496,6440900,False
2021-04-13,117.32972717285156,118.44128003258102,117.0952550576844,118.11997571788346,9161200,False
2021-04-14,117.75530242919922,117.92028765884352,116.86952878483064,117.68582868740938,7584000,False
2021-04-15,119.17943572998048,119.63099500391456,117.9897165736282,118.07656203056126,7945300,False
2021-04-16,119.18815612792967,119.75261204061736,118.8668516777008,119.50078132977109,7708500,False
2021-04-19,118.6323471069336,119.0404969327591,117.57289605914282,118.9189212346892,9149400,False
2021-04-20,119.62234497070312,120.35179928435306,115.95768840591374,117.09529261545916,10040500,False
2021-04-21,118.84078216552734,120.33443420262996,118.62368173281776,119.74391413526531,8465900,False
2021-04-22,117.66094970703124,118.6747306788333,117.16278733107411,118.30766998180415,7338300,False
2021-04-23,117.05789184570312,118.0542030509087,116.45485892284844,117.92310139976796,6708300,False
2021-04-26,114.7156982421875,116.9005927843744,114.63704523919787,116.66463377540556,9910600,False
2021-04-27,114.64576721191406,115.26628306022712,113.86794537519113,114.69821587692051,8296800,False
2021-04-28,114.83804321289062,115.23133486949524,114.38359478369722,115.1089813177067,6262800,False
2021-04-29,115.80815887451172,116.22766827659936,114.75941204037166,114.75941204037166,6786800,False
2021-04-30,116.60344696044922,116.82193640835942,115.58965272161689,116.0178968403144,9188600,False
2021-05-03,117.98430633544922,118.57859125519172,117.13656617864036,117.13656617864036,8070300,False
2021-05-04,117.58226776123048,118.70968070691636,117.29387344404608,117.96681129819196,9624000,False
2021-05-05,116.63842010498048,117.95809165289327,116.55975376375696,117.43371161058256,8295900,False
2021-05-06,118.10665893554688,118.30766549964169,117.04042933124532,117.11908233429922,9771100,False
2021-05-07,118.11539459228516,118.88448174486136,117.77455157430946,118.05422447907829,6299100,False
2021-05-10,120.3177719116211,120.9732402789772,118.58733915575164,118.76212805327232,8852700,False
2021-05-11,119.72347259521484,121.29658581925926,119.26901084788337,121.03440917227618,10973700,False
2021-05-12,118.45620727539062,119.73219123944628,118.41252006380395,119.2864776640919,8853700,False
2021-05-13,120.36148071289062,121.0693844644302,118.325157245248,118.7621361867454,8753600,False
2021-05-14,120.61492919921876,121.5675534785664,120.31778670334944,120.31778670334944,5989500,False
2021-05-17,120.37020111083984,121.54131466915489,120.26533044478136,120.5799557784942,7690700,False
2021-05-18,119.13792419433594,120.45759556628224,118.9893396449142,119.2602777431552,9239100,False
2021-05-19,119.38259887695312,119.58360536639208,118.49989327428982,118.9106543628388,9806800,False
2021-05-20,120.60616302490234,121.22667886172438,119.48749823180412,119.5486683365408,8768200,False
2021-05-21,120.60616302490234,121.4276853994824,120.41389126338206,120.78095189841088,10161000,False
2021-05-24,120.57122039794922,121.3053417277585,120.37020050829356,120.60617284128128,6981300,False
2021-05-25,120.9819793701172,121.02567992994004,119.51373657594652,120.64988445364824,8142400,False
2021-05-26,120.71109008789062,121.35782389116852,120.49260056002488,121.29664042230571,8122900,False
2021-05-27,117.9668197631836,120.85088316181093,117.68716020248552,120.71104671369304,33095700,False
2021-05-28,117.85323333740234,118.97189843180556,117.66969630268532,118.1154100505126,10477100,False
2021-06-01,116.13151550292967,118.85825954271404,115.78192438530505,118.6747225390189,9993900,False
2021-06-02,116.63842010498048,116.78699133867622,115.81689759527826,116.2363936278038,8254100,False
2021-06-03,118.72718048095705,118.77961581881156,116.41118415325282,116.43740182218008,11249800,False
2021-06-04,118.8145523071289,119.4001023937548,118.3338728821265,118.59606287172208,6894400,False
2021-06-07,119.2253189086914,119.59237957652368,118.57858534982266,119.17288357550642,8418000,False
2021-06-08,117.844482421875,119.51374524520776,117.76582940981169,119.45256178990992,6911500,False
2021-06-09,117.80074310302734,119.2427811941295,117.75705588994693,118.46495943669927,6200700,False
2021-06-10,118.67471313476562,119.16414066065596,117.65218420087574,118.0017752907974,6515500,False
2021-06-11,117.8619384765625,118.7446309716508,117.02293319897971,118.63976031277916,10641400,False
2021-06-14,117.9056396484375,118.01051030785958,117.07538247842736,117.9668097545882,6302000,False
2021-06-15,117.67840576171876,118.54362873544169,117.59101798799752,118.1590851915648,5543400,False
2021-06-16,116.04411315917967,118.49119761445456,115.93049438021424,118.14160650053677,8936400,False
2021-06-17,117.10161590576172,117.25018713845364,115.9305022639188,116.07908683214907,7875600,False
2021-06-18,115.38864135742188,116.54227199539574,115.30998835997922,116.53352388309963,13997600,False
2021-06-21,116.29755401611328,116.46359477223166,115.71199063958464,115.96544583280496,8014800,False
2021-06-22,116.34127807617188,117.12784823276324,116.1315367028462,116.2713598398833,6550900,False
2021-06-23,116.17520904541016,116.55101785036312,115.6421075661582,116.19269193612706,5796000,False
2021-06-24,116.25385284423828,116.50729470056876,115.97417998914948,116.19266940636172,6056700,False
2021-06-25,117.91439056396484,118.4562401591913,116.1926925466064,116.46361734421964,24504900,False
2021-06-28,118.26397705078124,118.99809840941391,117.77454947615496,117.89690303592708,6065400,False
2021-06-29,117.45995330810548,118.70972021921276,116.95306938852644,118.430047249957,5792300,False
2021-06-30,117.923095703125,118.23772098091388,117.36376335767086,117.61721853631094,5776600,False
2021-07-01,118.19407653808594,118.9806333494154,117.91440359638844,118.3601173447365,5922300,False
2021-07-02,118.77086639404295,119.4176000033645,118.35137036030012,118.50868970766524,5572000,False
2021-07-06,118.84078979492188,119.12046271994916,118.29894017210536,118.438776634619,6534400,False
2021-07-07,119.73220825195312,120.24784010885976,118.88446819237738,118.88446819237738,5532700,False
2021-07-08,119.71470642089844,120.08176700682964,118.7620958524912,119.72345453150228,7585200,False
2021-07-09,119.75840759277344,120.30025703166352,119.5923535168466,119.94194455446484,5948700,False
2021-07-12,119.85454559326172,120.14295320360178,119.23402982516016,119.64479096695948,6807300,False
2021-07-13,119.70600128173828,120.23038129748171,119.19910415599637,119.19910415599637,5603800,False
2021-07-14,120.58867645263672,120.80716587173112,119.18160406024728,119.74093643970754,5903600,False
2021-07-15,121.61994934082033,121.70733710418742,120.343965308735,120.6148900455832,7357100,False
2021-07-16,122.79979705810548,123.03576938149357,121.57626155819835,121.74231566222934,9346300,False
2021-07-19,122.7386245727539,123.9883777137632,121.31406921897036,122.63375391351858,9544100,False
2021-07-20,122.08313751220705,124.0844945196296,122.03943696573208,122.73860570272812,8136300,False
2021-07-21,121.65491485595705,122.52887259678364,121.47139119828408,122.310383161577,6954700,False
2021-07-22,121.1888198852539,121.65492964709104,120.23021780294046,120.74028954957,6013800,False
2021-07-23,122.93891143798828,123.10600990310682,120.55559778540363,120.90737413977384,7906000,False
2021-07-26,123.3698501586914,123.84476300336742,122.4376307324706,122.78940709049088,5925800,False
2021-07-27,123.87112426757812,124.5482943113417,123.12358286101689,123.2554956177486,7075400,False
2021-07-28,122.0331039428711,123.71286529093008,121.98914195255168,123.71286529093008,8520000,False
2021-07-29,122.6662826538086,123.28189798317533,122.0066919253283,122.91252878555528,5430500,False
2021-07-30,125.08478546142578,127.11632281439478,124.48676295899686,124.88251472318166,14394300,False
2021-08-02,124.7770004272461,125.26068963443863,123.82718802030232,124.68025990192562,7009500,False
2021-08-03,126.5974578857422,126.82612461760344,124.460390140298,124.75940141490672,8455700,False
2021-08-04,125.26066589355467,126.72056321009028,125.19032136066306,125.79713353785236,6628000,False
2021-08-05,125.3222427368164,126.245672472443,124.416405845324,126.0697842893256,5363300,False
2021-08-06,124.36365509033205,125.86751466192848,124.19655660028585,125.78836698329914,6030100,False
2021-08-09,125.0408172607422,125.40139677706668,124.61868291593312,124.83854651085164,4743800,False
2021-08-10,125.11997985839844,125.3310403236368,124.58351214356917,124.80337574113184,5253500,False
2021-08-11,125.42781829833984,125.97308930832112,125.29590546817433,125.5333619818853,4205000,False
2021-08-12,125.71797943115234,125.89386759318222,125.19031494506268,125.89386759318222,4956100,False
2021-08-13,126.32482147216795,126.63263586042092,125.48934252900636,125.71799582752593,4888800,False
2021-08-16,127.20426940917967,127.24824480805913,126.09616182221907,126.3511976646676,6040800,False
2021-08-17,127.4153060913086,128.04851407605574,126.54464175743033,126.99315848854133,7577000,False
2021-08-18,126.02582550048828,127.41536514326856,125.9202818411793,127.25705636401004,7162000,False
2021-08-19,127.5120849609375,127.76712080574414,125.90268196680412,125.90268196680412,5787200,False
2021-08-20,127.60002899169922,128.38274282992458,127.32740028908488,127.74074490898676,5273800,False
2021-08-23,126.9492416381836,127.81989286207748,126.84369799028092,126.896463104528,4522200,False
2021-08-24,125.92024230957033,126.77331393269924,125.74435415848724,126.65019088500053,4560400,False
2021-08-25,125.47175598144533,125.87631090464524,125.10238674865008,125.8235457884472,3861500,False
2021-08-26,125.25189971923828,125.50694902167676,124.41642068522184,125.37502280404692,4749400,False
2021-08-27,125.15516662597656,125.55972159689075,124.56593372658786,125.30467227930708,4741200,False
2021-08-30,125.70040893554688,125.75318747100448,124.92649820115189,125.41020079727936,3845800,False
2021-08-31,125.22549438476562,126.22807172712804,124.92648315024168,125.79713429896772,9642400,False
2021-09-01,126.50072479248048,126.80853921756228,125.084802592042,125.17275340475392,6214200,False
2021-09-02,126.5974578857422,127.28343124250767,126.27206405275088,126.61505073113364,5392500,False
2021-09-03,126.68539428710938,126.96681268432482,126.21928458280908,126.43034502586876,5466400,False
2021-09-07,126.21050262451172,127.08116735641867,126.01702157297684,126.92287199756824,6520600,False
2021-09-08,127.16912078857422,127.46813208550276,125.77077799287169,125.83234624663294,6897800,False
2021-09-09,126.63260650634766,127.4153201545223,126.33358189986566,127.14269151810493,6354700,False
2021-09-10,126.75577545166016,127.04599703341763,126.04341948707818,126.69420719822216,5750000,False
2021-09-13,128.118896484375,129.48205333859443,127.38896122159544,127.38896122159544,9952500,False
2021-09-14,127.89901733398438,128.7169167146818,127.47688307716967,128.5146460069548,5831800,False
2021-09-15,127.62643432617188,128.19808780989703,127.292250737233,127.82871852565243,6237100,False
2021-09-16,126.73817443847656,127.6879868031866,125.60368416417272,127.38017239465132,6142100,False
2021-09-17,126.94044494628906,128.6465886303481,126.84370442545864,126.96682750475108,18737400,False
2021-09-20,125.66524505615234,127.38898167216402,124.85614857742354,126.83492107783708,10238700,False
2021-09-21,125.85872650146484,127.1075502064166,125.656455736002,125.74439312909416,6651300,False
2021-09-22,126.28965759277344,126.94924839478428,125.63885650380207,126.48313863491605,6332500,False
2021-09-23,126.80853271484376,127.2482599170344,126.19291731565868,126.69419934806322,5171200,False
2021-09-24,126.24568939208984,127.03719303190084,125.84113443923336,126.46555300530513,5009400,False
2021-09-27,124.58348846435548,125.91145951024323,124.46036540989836,125.89386666834751,5749700,False
2021-09-28,123.64247131347656,124.32844456339384,122.7366344983446,124.0470261780107,7015300,False
2021-09-29,124.90010833740234,125.48053799939554,123.28190216324629,123.36106325209786,5460000,False
2021-09-30,122.94775390625,125.53335253828983,122.71029741040232,125.4454017118538,6934900,False
2021-10-01,122.75421905517578,123.32585891838588,121.64611159227672,123.06201997405576,5587200,False
2021-10-04,122.05946350097656,123.47538554321352,121.01292409533048,122.58714147947062,5816000,False
2021-10-05,122.5343780517578,123.58093089121444,121.99791035335603,122.06826831275067,6902700,False
2021-10-06,124.170166015625,124.23172084411073,121.90996181850385,122.2353690641874,5332900,False
2021-10-07,125.16397094726562,125.78837612772465,124.66267544068435,124.66267544068435,5334600,False
2021-10-08,124.64507293701172,125.42778684501104,124.03824723159694,125.13756527201222,6131800,False
2021-10-11,125.16397094726562,125.559722788592,124.68026828812862,125.20793293676024,5995600,False
2021-10-12,124.9792709350586,125.79715712248304,124.61869139420251,125.41020844140434,6734800,False
2021-10-13,125.26949310302734,125.55091154690766,124.02945911679856,125.23430741041116,5689800,False
2021-10-14,126.68539428710938,126.9140475735599,125.5948661268064,125.61245897019724,6777800,False
2021-10-15,127.01081848144533,127.40657032630776,126.36001731429958,127.09876930004178,6923700,False
2021-10-18,125.18150329589844,126.3775615034806,124.9704428835876,126.24564874578633,9119000,False
2021-10-19,123.70408630371094,123.84480225928588,122.06830022353564,122.31454643608572,9555300,False
2021-10-20,124.18775939941406,124.84735018704352,122.99170090106962,123.25552648059426,7352700,False
2021-10-21,123.29399871826172,124.91337889803133,123.16125466920587,124.64790430251848,6545500,False
2021-10-22,124.62135314941406,124.78062979871603,123.28514952629814,123.34708594460504,5265000,False
2021-10-25,124.63905334472656,124.7009897621832,123.04621936058156,124.24969242609131,5382100,False
2021-10-26,126.40884399414062,126.70085112995731,124.98414460815025,125.32039975025896,6234900,False
2021-10-27,125.50627899169922,127.14334776482744,125.38239263317816,126.66550423984634,9643500,False
2021-10-28,126.25840759277344,126.43539963128768,125.40006101844396,125.55933764999062,4538500,False
2021-10-29,126.53277587890624,126.96637138997144,125.67441555758042,125.79830191825629,6239500,False
2021-11-01,126.22303009033205,127.24952460641342,126.09029955057932,126.8601636863413,5038900,False
2021-11-02,127.47962188720705,127.9397770250418,125.90448947578128,126.29385047682602,9954300,False
2021-11-03,128.3556671142578,128.40875933415788,127.00176149640976,127.54155490305892,7620100,False
2021-11-04,128.5946044921875,128.6565409188176,125.9575736990754,126.4000268989479,6402500,False
2021-11-05,129.231689453125,129.52371010575723,128.1344144581879,128.7007538595544,6062700,False
2021-11-08,128.2671661376953,129.2848164894369,127.4442097557516,128.7538673056936,5854400,False
2021-11-09,128.6565399169922,129.0459008902641,127.93976789919616,128.3379730754606,4873100,False
2021-11-10,129.9219512939453,130.3555467454453,128.8335068076033,128.96625085604924,7334900,False
2021-11-11,129.55029296875,130.05469610348706,129.38217209310457,129.95735585832378,4096300,False
2021-11-12,129.6918487548828,130.1520037533771,129.1786015455232,129.85113889007565,5687400,False
2021-11-15,130.43521118164062,130.74493385407837,129.61225462746265,130.10780010128184,5510200,False
2021-11-16,130.24937438964844,131.48823794112508,130.09008421725858,130.42635296805938,7603900,False
2021-11-17,130.1697235107422,130.77145331987276,129.56798019901288,130.05468136969128,4900200,False
2021-11-18,130.18740844726562,131.03692442278475,129.64761507281872,130.11661432408917,5509300,False
2021-11-19,129.9219512939453,131.1696589327052,129.89539168217712,130.92188624539125,6274300,False
2021-11-22,130.7891387939453,131.7979313197853,129.93077870148704,130.05466502913066,6625400,False
2021-11-23,132.24038696289062,132.29347917538826,130.674099181224,130.81568741628254,7912800,False
2021-11-24,131.55020141601562,131.74488192309437,130.6829833380826,131.647541669555,5665200,False
2021-11-26,130.49716186523438,132.48820147848662,130.3555735854454,131.47940861454288,6299800,False
2021-11-29,131.8687286376953,132.43506807818773,129.89537804593502,130.78028426561673,7113300,False
2021-11-30,127.93975067138672,131.44397195377084,127.53268784434304,130.79799415469972,11696400,False
2021-12-01,129.55029296875,130.8511064711137,128.17869883590413,128.17869883590413,8313500,False
2021-12-02,130.31129455566406,131.37319289882598,130.02813156605967,130.09006798460504,9468800,False
2021-12-03,132.6297607421875,132.73594517749797,130.66526767335264,130.98383448188258,11200800,False
2021-12-06,134.63848876953125,134.85087114345353,132.90407997492787,132.90407997492787,11935100,False
2021-12-07,134.2845458984375,135.0190198291001,133.8597946081194,134.46152447752004,7913400,False
2021-12-08,134.8862762451172,135.08981443925236,132.98373288369783,134.21375224118387,8329300,False
2021-12-09,135.673828125,136.44369221553112,134.1517883464668,134.7800642011815,8334300,False
2021-12-10,137.5675506591797,137.86841558531333,135.7711782999707,136.1428508588413,7172300,False
2021-12-13,139.52316284179688,140.10720419077944,137.08082652232085,137.42593940988374,8944000,False
2021-12-14,140.03639221191406,140.37266085527563,138.62939473457843,139.72666967170252,8677500,False
2021-12-15,140.57618713378906,141.26641282900047,139.49660058433616,139.49660058433616,9152600,False
2021-12-16,142.56724548339844,142.75308173574552,140.1868455270827,140.46116430225408,10852900,False
2021-12-17,139.33737182617188,143.10706834126907,139.20462776066674,142.1690696898083,24349400,False
2021-12-20,139.6912841796875,140.2222332661672,138.5497611971312,138.57630730119556,9202600,False
2021-12-21,139.60281372070312,139.94792663931392,138.74445352523034,139.50547348711552,6946000,False
2021-12-22,140.98326110839844,141.21333185757564,139.16920071276442,139.61165380913386,6626300,False
2021-12-23,141.6735382080078,142.39915452770242,141.08949666849145,141.1425888988835,5640900,False
2021-12-27,143.32827758789062,143.34597949500068,142.12480445378503,142.17789667251634,4548600,False
2021-12-28,144.0980987548828,144.5759555860336,143.3016887064246,143.31939060825104,5929400,False
2021-12-29,145.2927703857422,145.9918404352072,144.31052383351744,144.42556597558843,5346100,False
2021-12-30,144.0362091064453,145.64673162796285,143.8946208510638,145.47859726252216,5911500,False
2021-12-31,144.75299072265625,144.88572128179075,143.76189987418505,144.11585703361044,5327000,False
2022-01-03,144.1512451171875,144.18664893414208,141.47883754891183,143.08051594980947,9317300,False
2022-01-04,144.65560913085938,145.46972116691657,143.51407263819277,143.61141285460158,9253800,False
2022-01-05,145.3104705810547,146.2927171217085,144.5936851303624,144.62908894408972,9330200,False
2022-01-06,144.0893096923828,146.1865335244146,143.89462920557986,145.42551348580307,7556000,False
2022-01-07,144.0096435546875,144.70871352953375,143.31056007724388,144.3547564414643,6098500,False
2022-01-10,142.04513549804688,144.34588333011146,141.73541295209782,143.80609005173474,8055000,False
2022-01-11,140.3992462158203,141.77969797599752,138.8506600869498,141.77969797599752,11957900,False
2022-01-12,140.70892333984375,141.01864589622016,139.66474055452238,140.0452437212626,7127500,False
2022-01-13,140.07179260253906,141.0982870069166,139.62049531389223,140.9744006824294,6551000,False
2022-01-14,141.41685485839844,142.01859808382105,139.4258159478651,139.87712674258125,10708000,False
2022-01-18,138.69137573242188,140.28420994652365,138.0807881584662,140.28420994652365,10988400,False
2022-01-19,143.35484313964844,145.2927904017672,138.9037648310143,139.47010441195582,14088300,False
2022-01-20,144.12884521484375,146.20181109915475,142.4562345188065,142.4562345188065,10799100,False
2022-01-21,144.68045043945312,147.1092982507077,144.21782439726564,145.01853480340165,10900400,False
2022-01-24,143.5060577392578,146.01496001147876,141.21067097713902,145.4010757689292,14838100,False
2022-01-25,141.9402313232422,143.50608442451403,140.4722576163053,142.74984731760384,9369600,False
2022-01-26,140.7035675048828,141.96693116531927,139.12883605828478,139.98292538940487,10707100,False
2022-01-27,141.57546997070312,143.5505702441433,141.08614088034537,141.21958809794052,9083000,False
2022-01-28,142.79434204101562,143.1946972942537,139.9651522476609,141.11283911701085,9494200,False
2022-01-31,142.7498016357422,142.92773572880756,141.34409922217392,141.77115733613212,8950100,False
2022-02-01,142.11813354492188,143.5060384762978,140.32985993484044,143.05229092723184,6284100,False
2022-02-02,144.6626434326172,144.87615893322914,141.87792779111595,142.47401452282824,7558800,False
2022-02-03,146.03277587890625,146.78010740934624,143.79076771208167,144.11105459305662,10474500,False
2022-02-04,143.71067810058594,146.3441491291678,143.60392034790783,145.13417815530627,8959900,False
2022-02-07,142.63418579101562,144.360161836401,142.0558828819368,144.01318552115544,6430500,False
2022-02-08,142.31387329101562,143.47935727913983,142.0380598191487,143.34589652007483,5048700,False
2022-02-09,141.9936065673828,142.91887218051872,141.70000914649737,142.66976168561658,8077400,False
2022-02-10,139.8316650390625,141.90463086826753,139.36902545076475,141.5398570856577,7033000,False
2022-02-11,139.04872131347656,141.08610549446735,138.4170532079481,140.57897904378774,9341400,False
2022-02-14,139.4490966796875,139.73378854459102,136.4419599490352,138.91528076667734,9472200,False
2022-02-15,139.520263671875,141.74447386757123,138.88858200307652,140.36546083113922,6659200,False
2022-02-16,140.57899475097656,141.26405538220033,139.03095294015066,139.52917391722124,9315700,False
2022-02-17,142.18934631347656,142.6875673317753,139.9918250841552,140.9081987947057,7925500,False
2022-02-18,142.26051330566406,143.292550345734,141.29966621374237,141.9046450179527,8063200,False
2022-02-22,140.5078582763672,143.13243825687815,139.377968802416,142.4473774311663,8179500,False
2022-02-23,138.755126953125,141.10389224356834,138.43484016008722,140.83698432012005,6273000,False
2022-02-24,135.0184783935547,138.7729470563261,133.95085999678892,138.47045766608497,13145100,False
2022-02-25,140.78363037109375,141.40640658571212,135.45441721388832,135.52559357777375,8888800,False
2022-02-28,138.69288635253906,139.8494786690528,136.85124689262923,139.0487546458486,8669200,False
2022-03-01,136.39747619628906,138.2569128298251,135.53448147632204,137.2871603549765,8311900,False
2022-03-02,136.8245391845703,137.97223950584348,135.7658262968325,136.08611318003608,6111300,False
2022-03-03,137.3316650390625,138.66619144968743,136.80675457567114,136.80675457567114,7451200,False
2022-03-04,138.02561950683594,138.21245918000955,135.72134046555576,136.22845344901862,8639100,False
2022-03-07,135.9793701171875,137.4740470748453,134.46690924462854,137.44735762698602,8374500,False
2022-03-08,130.5967559814453,136.07721467686312,130.4099298756387,135.39215394605952,9517200,False
2022-03-09,132.3583221435547,133.87078256740742,131.50421933892414,132.4117010234372,7044100,False
2022-03-10,128.95083618164062,131.92237829120234,128.06115193981947,131.49533365626934,9221000,False
2022-03-11,127.4205551147461,130.03622848389656,127.25151296734496,129.36005989429202,7086100,False
2022-03-14,129.04872131347656,129.92950015643416,127.5362605910236,128.51490525825494,7964600,False
2022-03-15,133.69285583496094,133.93306080771393,130.68571873060586,130.79247649627385,9868400,False
2022-03-16,133.23912048339844,135.04517858874607,131.70886234849718,134.01315508247995,6908900,False
2022-03-17,133.6572265625,133.87075561454265,132.11807700859066,133.44371108595814,6003800,False
2022-03-18,133.5861053466797,134.22667919169027,131.88681848401896,134.22667919169027,15570300,False
2022-03-21,134.0932159423828,134.7159922240934,132.77648700740826,133.84410542969857,6937500,False
2022-03-22,135.12521362304688,136.65547122712542,133.91524280994992,136.50421299692508,7292100,False
2022-03-23,134.18218994140625,136.1305871157644,134.0665266405727,135.4099450193504,5531900,False
2022-03-24,134.4134979248047,134.8405425630463,133.59499004504812,134.24445574546831,4203100,False
2022-03-25,135.97042846679688,136.9401809192902,134.79603888816072,134.90281021608385,5047700,False
2022-03-28,136.90463256835938,136.92241648105312,135.79252712723482,136.69110343648134,4234000,False
2022-03-29,138.3103485107422,139.20892490467946,137.02920074973767,138.23026659404903,5643400,False
2022-03-30,137.35833740234375,137.39391879564758,135.17861391778024,135.67683487705156,5779300,False
2022-03-31,135.94375610351562,137.31386387517696,135.58787425824335,137.1003483435179,7538600,False
2022-04-01,137.98114013671875,138.31033257172552,135.2853976900597,136.58434279124958,5742600,False
2022-04-04,137.08258056640625,137.32279916708802,134.5736639216366,136.84236196572448,5992000,False
2022-04-05,137.56295776367188,140.00958915544877,136.6020972607501,136.6643816669639,7653000,False
2022-04-06,139.5291748046875,139.9384219346684,136.95798800805602,137.38503262318935,8884700,False
2022-04-07,141.33523559570312,141.80676714580736,139.65373296454746,140.4544433315725,6889700,False
2022-04-08,142.43846130371094,142.82101903497392,141.3886267745499,142.0825794397983,6045400,False
2022-04-11,141.89573669433594,143.42599459088663,141.1306077460606,142.30498382044635,6158400,False
2022-04-12,141.4686737060547,142.90997127977167,141.1928737879276,141.73558166974323,7221500,False
2022-04-13,141.86904907226562,142.71424635054314,141.2017859195986,141.53096473075317,5247700,False
2022-04-14,141.07723999023438,142.61638996288391,140.9704686474145,142.33168448270357,7806500,False
2022-04-18,139.73377990722656,141.441971717567,139.26224842926547,140.99712967605643,6034500,False
2022-04-19,141.82460021972656,142.3762002298469,139.0576810608692,139.47583383483368,7897000,False
2022-04-20,145.59683227539062,146.33527188364857,142.34948996574906,142.79433212189204,10196100,False
2022-04-21,145.48321533203125,147.53201666715748,145.32216660803968,146.56577892987886,9365700,False
2022-04-22,144.2664337158203,146.29735105478227,143.96224730252467,146.04684299069578,9394600,False
2022-04-25,145.4295196533203,146.09157085180007,142.96916178473705,144.6690399423645,6986800,False
2022-04-26,142.96023559570312,146.40474277843956,142.9244545715588,145.54584803061795,7769500,False
2022-04-27,142.57550048828125,144.44536916769988,142.3518315940446,143.33598018935223,6754900,False
2022-04-28,146.19894409179688,146.46734950400165,142.49498762803708,143.6312158187599,9306800,False
2022-04-29,143.6401824951172,145.78739865659583,143.32704054788732,145.35795815463362,10637000,False
2022-05-02,141.69874572753906,144.93746748427105,139.73940370505886,144.5796026548537,10351600,False
2022-05-03,139.75729370117188,142.2444909944846,138.6836719659763,141.55558689978983,10344000,False
2022-05-04,140.78614807128906,140.95613861365035,138.8089090572433,139.417295542975,7771000,False
2022-05-05,138.19158935546875,140.7235091099492,137.01061109465223,139.8377890660021,8217100,False
2022-05-06,139.5693817138672,139.78410875418027,137.66371847962577,138.46893464205098,7304800,False
2022-05-09,139.220458984375,140.24933037740766,136.66168643693598,137.74424982886467,8540800,False
2022-05-10,138.48684692382812,140.12410510872334,137.7263807625388,139.16680919941376,7447400,False
2022-05-11,136.5364532470703,139.47993016666072,136.3038424896814,137.8068910481955,7692200,False
2022-05-12,135.9817657470703,137.43113602521467,134.09399945749078,137.35061848791062,9600800,False
2022-05-13,137.44007873535156,137.53849360990043,134.57711918256817,136.50962200007243,5675500,False
2022-05-16,138.78208923339844,139.4799351823268,136.01754461636153,137.3058797995117,5971000,False
2022-05-17,138.38839721679688,140.24038202019747,136.94798279414906,138.79101210565057,6509100,False
2022-05-18,129.76377868652344,138.4600290010679,129.3164407635599,138.37951145133528,9670700,False
2022-05-19,126.77552795410156,128.31437105595415,125.79139299935046,128.30542921468347,9694100,False
2022-05-20,126.8560562133789,127.4465454271884,124.520952187557,127.17813999803252,7786900,False
2022-05-23,129.77272033691406,130.29163391039052,127.11553226586612,127.7954809216274,7134500,False
2022-05-24,132.08096313476562,132.3583103863693,129.5669268842079,129.62954707731217,7207400,False
2022-05-25,129.91586303710938,131.64258056714496,128.38596159946906,131.61574138856074,8217800,False
2022-05-26,131.05209350585938,131.85730983172832,129.7637583058034,131.05209350585938,5702600,False
2022-05-27,133.05615234375,133.05615234375,131.18628367208714,131.49047009058748,6028800,False
2022-05-31,132.30462646484375,133.29771688463845,130.765783406213,131.7767575080467,12416700,False
2022-06-01,130.3005828857422,132.51937504590927,129.4685409450555,132.4120183185095,7036000,False
2022-06-02,131.7052001953125,131.74992305367817,127.607584336722,130.59579754418772,6479800,False
2022-06-03,130.52423095703125,131.70520937619713,129.83532687918446,130.9447296076433,4720700,False
2022-06-06,130.01426696777344,132.08990729639612,129.36114393940667,131.84834105779927,4751100,False
2022-06-07,131.46365356445312,131.678367001955,128.3233330243063,128.53806011347638,4918600,False
2022-06-08,129.8263702392578,131.00733487214703,129.71901354126757,130.89103633321278,4369600,False
2022-06-09,127.48235321044922,131.41892107072874,127.34814365623394,130.09480477615014,4625700,False
2022-06-10,126.99920654296876,128.07281459902464,124.76251740465769,126.0508525325916,6630800,False
2022-06-13,123.59943389892578,125.69298526660262,123.13421239647924,124.8072514705983,8549500,False
2022-06-14,119.74337768554688,123.0894693066446,118.58029668824912,123.02683546254676,9980200,False
2022-06-15,118.55348205566406,120.69175661229848,115.86051288694664,120.28021340064625,12178100,False
2022-06-16,119.27816009521484,120.84384242869238,116.84464131904784,117.22934528247382,9683300,False
2022-06-17,118.41928100585938,120.1191594442069,117.58722547221087,118.59821342279044,17113300,False
2022-06-21,122.00688934326172,122.57053925728398,119.3765412800435,120.441207272457,9017000,False
2022-06-22,123.91256713867188,124.97723325719848,121.38063362319802,121.3895754643484,8374500,False
2022-06-23,127.3123779296875,127.47341303209228,124.27047180700718,124.40468137734808,6418300,False
2022-06-24,129.1464080810547,129.9426686941994,128.04594743631736,129.01219857108802,19440600,False
2022-06-27,128.16233825683594,129.51329411548215,127.67921921883402,128.94070201593388,5618500,False
2022-06-28,126.0776824951172,128.91380247700394,125.77349607093991,128.42172817220774,6077300,False
2022-06-29,127.22289276123048,127.81338205046106,126.28348046503068,126.68609548602272,5174600,False
2022-06-30,128.6454315185547,129.22697899873828,126.35506357927542,126.76662046758489,7410100,False
2022-07-01,130.72105407714844,130.84630811662933,128.29647716445922,129.04801505301094,5937200,False
2022-07-05,129.4595489501953,130.71210290728126,127.52704649183332,129.3521922530637,5760900,False
2022-07-06,130.66734313964844,131.95567788255482,129.70109208246865,130.18421078522704,5485200,False
2022-07-07,130.62265014648438,130.7926407110788,129.37010964684265,129.9874244027369,6623400,False
2022-07-08,129.74586486816406,131.34732825373376,129.34326356132624,130.61370132931083,4294200,False
2022-07-11,130.6584014892578,131.1415338948571,129.44164228669612,129.86214085570626,5482900,False
2022-07-12,129.5043182373047,131.44576302794692,129.16433707477978,130.4974088921342,5204400,False
2022-07-13,130.354248046875,131.48154817707413,129.02118997777885,129.2001223892122,5075600,False
2022-07-14,129.96954345703125,130.2021542256757,128.35912445807915,128.61857440573382,4867000,False
2022-07-15,129.7906036376953,130.35424001640416,128.92276716145534,130.03215623499892,6264600,False
2022-07-18,128.21597290039062,129.80849456068682,128.09071884795165,129.67429866581216,6047500,False
2022-07-19,128.8690643310547,129.73690073440466,128.5111995602915,129.34325494723151,5943600,False
2022-07-20,126.6413116455078,129.0300934393358,125.82715371624512,128.83326374980717,8635300,False
2022-07-21,126.76110076904295,127.29238288150188,125.12221375601742,126.60802018106116,8310200,False
2022-07-22,128.7871856689453,128.92225273102525,126.67104342775188,126.75208366499984,5292700,False
2022-07-25,129.66064453125,130.0478459018907,128.3459323684745,128.58906679904538,5262100,False
2022-07-26,129.91282653808594,130.11093411122633,127.60758976731944,128.49006021293897,5375700,False
2022-07-27,131.14645385742188,131.65973619439887,129.24643257999614,129.56160739115307,5500000,False
2022-07-28,133.3256072998047,133.82087605640004,130.64216986446544,131.59668033701826,7115700,False
2022-07-29,125.0862274169922,128.3189614642813,124.47389119277088,127.3554370530327,18694700,False
2022-08-01,128.67910766601562,129.61561835350048,124.5098777236139,124.57290443395594,12590000,False
2022-08-02,127.8236846923828,129.41754501567476,127.66160418846852,128.86824929636475,7495000,False
2022-08-03,130.46212768554688,130.8133158996193,126.88720506881944,127.56256807590454,6811000,False
2022-08-04,130.2549591064453,131.88484611272517,129.67865009957134,130.4350668350795,6124700,False
2022-08-05,130.31800842285156,130.42606207514868,128.56206787156577,129.44453809267247,4580300,False
2022-08-08,130.81329345703125,131.8938713349222,130.32702448078973,130.59717238533577,4486800,False
2022-08-09,130.50709533691406,131.41659266276096,130.11089405291003,131.0834180924634,3977300,False
2022-08-10,131.74078369140625,131.92087770471937,130.92134012949512,131.3715820329242,4641300,False
2022-08-11,130.80429077148438,132.63227205080634,130.5071294256441,132.20004361153613,5954300,False
2022-08-12,132.0739288330078,132.12795565091736,130.53410956142852,131.38956623900472,5038700,False
2022-08-15,133.77586364746094,133.9649712806128,132.14599025906665,132.25404391212965,6008000,False
2022-08-16,135.00955200195312,135.61288833979532,133.59579934568077,133.59579934568077,7093000,False
2022-08-17,134.38819885253906,134.8474406153083,134.06402415520446,134.26213167803624,4834600,False
2022-08-18,134.86546325683594,135.0635707930634,133.7398585011309,134.05501958855285,3829000,False
2022-08-19,134.82943725585938,135.63988093042843,133.9199535527008,134.36119556686484,6502500,False
2022-08-22,134.46923828125,135.18962801990585,134.0279963030041,134.154063476747,6380700,False
2022-08-23,131.87582397460938,133.6677913327088,131.31752852467343,133.65877770268423,5268200,False
2022-08-24,131.30850219726562,132.60518681278833,130.67815279520653,132.0198780712042,5903200,False
2022-08-25,131.20050048828125,131.2725408485709,130.11092267209784,130.77727195926312,5097600,False
2022-08-26,128.1298370361328,131.94789338939265,127.88671629710969,131.47063806277177,6086600,False
2022-08-29,127.58954620361328,128.49002996397158,126.98622373300825,127.23835808668522,5272100,False
2022-08-30,126.22982025146484,128.23790914196758,125.98669950352404,128.23790914196758,5203700,False
2022-08-31,124.21273040771484,126.8601548254978,124.14069005903396,126.42791273341254,8406900,False
2022-09-01,125.74356079101562,125.8516144531371,123.1501629777584,124.11368726598398,7446500,False
2022-09-02,123.51036834716795,127.10329012021832,122.96107264824018,126.4459407560238,7077800,False
2022-09-06,122.13263702392578,124.21275265610944,121.82646205211856,122.35775800126676,8217200,False
2022-09-07,123.9786148071289,124.05065516683136,122.48382199925749,122.49282189161016,6609400,False
2022-09-08,124.1406707763672,124.7079798464272,122.51979753354532,123.37525421327956,7380500,False
2022-09-09,126.03172302246094,127.04926040801084,123.63643273452124,124.22174172850754,6434300,False
2022-09-12,127.05828094482422,127.6886169126698,125.26631307739063,125.53646098940834,5818700,False
2022-09-13,124.4288101196289,127.35538165185964,124.14066252909775,126.7700728415289,6350200,False
2022-09-14,124.72601318359376,125.76157785582258,123.9696100468602,124.86109400534176,6137800,False
2022-09-15,123.76248931884766,125.06818801377958,123.0420995677602,124.9691342512514,5320700,False
2022-09-16,124.51890563964844,125.22128194320427,123.46534118431468,123.76250250355648,9321500,False
2022-09-19,124.25775909423828,124.6809875610204,123.5733826422714,124.4468529894352,6056000,False
2022-09-20,123.81652069091795,124.23974916995756,122.94305031845684,123.7354804477722,5589800,False
2022-09-21,122.22264099121094,124.44683668817284,122.20464121136352,124.33878304792852,6413900,False
2022-09-22,122.6549072265625,123.4293238617444,121.78143682152152,122.23167873173676,5061600,False
2022-09-23,122.08759307861328,122.9160365110247,120.6198001138592,122.17763321283437,6523600,False
2022-09-26,122.20465087890624,123.20418835110893,121.55630150556986,122.08758359918714,7396400,False
2022-09-27,118.8458480834961,123.31225377747946,118.60272735049271,122.42978350071098,7722200,False
2022-09-28,118.8458480834961,119.78235893011322,118.13447192718417,119.78235893011322,10455100,False
2022-09-29,115.89225769042967,118.74678957376256,115.49604263578304,118.74678957376256,7128500,False
2022-09-30,113.68607330322266,116.19841691702696,113.6500531288477,116.1624036127978,9431900,False
2022-10-03,115.72118377685548,116.25247973303274,114.0733034222296,114.58657898255184,8477700,False
2022-10-04,117.15294647216795,117.84630909684827,115.89226092310048,116.25246268295928,7211600,False
2022-10-05,116.34249877929688,117.1439287742622,115.34296125835886,116.34249877929688,5071100,False
2022-10-06,113.89320373535156,116.21644691567045,113.7761364344995,116.06336630548353,5530800,False
2022-10-07,111.90309143066406,113.98321317154756,111.44384975150383,113.91117283633416,6095400,False
2022-10-10,111.4438705444336,111.88510565718732,110.02110457416316,111.09268243242512,6923300,False
2022-10-11,111.86711883544922,113.19082440835976,111.299809576912,111.38085670105174,5516200,False
2022-10-12,112.04718780517578,113.28985284612344,112.02918115392094,112.41638255213638,6823500,False
2022-10-13,113.74010467529295,114.13631973910624,110.68746519401256,111.21875419959365,6910500,False
2022-10-14,112.63249969482422,114.37943335226856,112.3533450839325,114.13630578293214,5516800,False
2022-10-17,114.66759490966795,115.51405181452968,113.33488283621088,113.46995676977431,6664600,False
2022-10-18,115.59510040283205,117.12593384703698,114.95576460274894,116.45957089202668,7114200,False
2022-10-19,116.66669464111328,119.76436152872436,116.621667696991,118.53970284618728,9993700,False
2022-10-20,115.16397857666016,117.68509523056362,114.88284972559106,116.64218136373334,8168000,False
2022-10-21,116.60590362548828,116.94144270125648,114.70146890624802,114.75587915228566,6394600,False
2022-10-24,117.32235717773438,118.29271959725112,116.39735509150118,117.4311915344382,6946000,False
2022-10-25,118.673583984375,118.96377659536373,116.5061547319896,117.53092722731078,6776000,False
2022-10-26,119.5079116821289,120.22435023342052,118.25642053640298,118.48313914466894,6612800,False
2022-10-27,119.59861755371094,120.72313311574122,119.25400080389797,119.70743806931202,6676700,False
2022-10-28,122.62760925292967,122.89059685133849,120.54179448466064,120.76851318038965,6996400,False
2022-10-31,122.12879180908205,123.03566634290264,121.75696992914186,122.60943420498238,8346300,False
2022-11-01,122.31922912597656,123.5888478092486,121.37607195742665,122.15598453080968,6428300,False
2022-11-02,120.55989074707033,123.82463044136948,120.4419926413036,122.17412614966506,7318100,False
2022-11-03,119.73462677001952,120.28782071143598,118.76427835082984,119.46256168053836,5204000,False
2022-11-04,121.92020416259766,122.42805164425822,120.17900686641605,120.90450919927656,5555400,False
2022-11-07,123.78834533691406,124.41409083508336,122.48244409513534,122.74544539850125,6746800,False
2022-11-08,124.06948852539062,124.71337545917534,123.15355033291372,124.07856612588412,5266200,False
2022-11-09,123.77025604248048,125.1215043364926,123.6432941371096,124.12393662442864,5690700,False
2022-11-10,128.03256225585938,128.4406669371292,125.33007955078844,126.47275051784855,8068700,False
2022-11-11,127.84211730957033,128.44065788462524,126.15532994938468,128.05069459924994,7175200,False
2022-11-14,127.8511734008789,130.19091145927865,127.19822260142745,127.4249412446312,8516200,False
2022-11-15,127.40681457519533,129.86443693491756,126.69037590866982,128.85780559879524,7732400,False
2022-11-16,128.5404052734375,129.60144684940008,127.85117175079652,128.3227503971602,6193700,False
2022-11-17,127.75140380859376,128.4950475257326,126.83546556368984,127.9690586658114,5186300,False
2022-11-18,129.2930908203125,129.465385333849,128.11415132390513,128.7036141532062,5671400,False
2022-11-21,130.93450927734375,131.66907520935354,129.52885141547418,129.7374286193997,6377200,False
2022-11-22,132.0590362548828,132.21320323132,131.3516753804985,131.88672791715769,5372900,False
2022-11-23,132.811767578125,132.9750121835641,132.01372742891104,132.3129838362371,4296000,False
2022-11-25,133.05661010742188,133.4919059351279,132.76640366374795,133.1200841183475,2411100,False
2022-11-28,132.9478302001953,133.6189085899194,132.53066176949974,132.75738043366255,6628200,False
2022-11-29,131.9320831298828,132.45807193959865,131.0705552220641,132.17694309115512,5634200,False
2022-11-30,135.2694091796875,135.2694091796875,131.6147059047718,132.0862707005106,12396800,False
2022-12-01,135.35101318359375,136.35764438791864,134.7343451928104,135.60493692542292,6927400,False
2022-12-02,136.58436584472656,136.72946908244967,134.28997451972947,134.6436550130506,4938300,False
2022-12-05,135.2059326171875,135.73192155282138,134.46230263081438,134.86132967424757,5402500,False
2022-12-06,135.3782196044922,136.1037219471419,134.47134513563154,135.77724658483987,6866700,False
2022-12-07,136.24880981445312,136.4211043203447,135.13334438035784,135.13334438035784,6175500,False
2022-12-08,137.22824096679688,137.2826512167943,135.13334947725977,135.54145402785082,5187100,False
2022-12-09,136.86550903320312,137.79958873730064,136.2306995990312,136.6659955199194,5868200,False
2022-12-12,138.27114868164062,138.3527640611753,136.9743110207641,137.13755561763938,6142400,False
2022-12-13,138.0625762939453,139.86724765918603,136.7475972231557,139.12361777867545,7680600,False
2022-12-14,138.60671997070312,140.05772496452116,137.999115607912,138.5613734700571,7385600,False
2022-12-15,137.0377960205078,137.8449137117552,135.7953824763352,137.59098997773168,7117200,False
2022-12-16,136.43019104003906,137.00152635726457,135.14243101397042,136.35763942532745,19966400,False
2022-12-19,136.3939208984375,137.28266788230266,135.34195698257145,136.23069012862973,5881800,False
2022-12-20,136.44830322265625,136.84731626152978,135.36912067104643,135.41446715026922,5646100,False
2022-12-21,137.69981384277344,138.4162524109611,136.68411888188618,136.71132400849524,5024700,False
2022-12-22,138.01722717285156,138.21674066236463,136.82922383662765,137.05594245309194,5904900,False
2022-12-23,138.40716552734375,138.67923061299302,137.54563762095856,138.126036679368,3401800,False
2022-12-27,139.6133270263672,139.94888000232297,138.44346500565388,138.47973389715375,4215100,False
2022-12-28,137.80862426757812,140.2481045028739,137.7542001860004,139.91256544106443,4197500,False
2022-12-29,138.37998962402344,138.9694664070432,137.9718988282762,138.57950313977682,3809100,False
2022-12-30,137.44589233398438,138.46158731136143,136.43019735660732,138.2348686940679,4532000,False
2023-01-03,137.4549560546875,137.58191791403905,135.23310275932835,136.89268453086942,6447300,False
2023-01-04,138.05349731445312,139.10547502545822,137.14662284037416,137.83585629687022,7313400,False
2023-01-05,136.33950805664062,138.28021891957314,136.14907216214252,138.03537276950414,5373800,False
2023-01-06,139.5861053466797,140.07582526960246,137.61818956825022,137.70888254295596,7882200,False
2023-01-09,137.8811798095703,140.3841620482904,137.84491092164637,139.15081229179503,5727000,False
2023-01-10,137.7451629638672,138.47972907195313,136.88363498324546,137.93561269157397,4716400,False
2023-01-11,136.62966918945312,138.3527246204144,135.4416662110975,138.13508367036573,8691300,False
2023-01-12,135.85885620117188,137.6000534469647,135.59586870499615,137.57284832107774,7801600,False
2023-01-13,136.82919311523438,136.98336007927924,135.5051506037271,135.67745892760163,5535800,False
2023-01-17,136.43019104003906,137.96281103603374,136.39390831378046,136.74758878687112,9611800,False
2023-01-18,132.77549743652344,135.96768567893338,132.43994446542766,135.72283952979038,10461200,False
2023-01-19,129.96749877929688,133.43524838146158,129.80324377177936,130.77968102950652,12683700,False
2023-01-20,130.4694366455078,130.6336916836906,127.8959963168681,129.8762748858851,8603300,False
2023-01-23,128.71731567382812,131.1356077229416,128.38879166671848,130.82533891751552,7473100,False
2023-01-24,129.4199981689453,129.93103243255334,127.58573327857589,128.38879507832527,6822500,False
2023-01-25,129.32870483398438,129.3560806683031,126.60013064158647,128.11499178885632,6902600,False
2023-01-26,128.8085479736328,129.34697192221373,128.43440689533813,129.33783736017713,5398600,False
2023-01-27,128.279296875,129.00021725631117,127.11120060808386,128.73557947509664,6870800,False
2023-01-30,128.68080139160156,129.69374922260286,128.01463275894042,128.6351842757261,6369300,False
2023-01-31,129.9310302734375,130.01315779487277,128.45266526440733,128.88157199808805,9373400,False
2023-02-01,130.670166015625,131.50060338957027,128.99104999606425,129.65721845253353,7207900,False
2023-02-02,129.73936462402344,130.23215752275058,128.86331002016587,129.73936462402344,6444300,False
2023-02-03,130.14088439941406,130.8435632899583,128.82678868060148,130.29601876557447,5993100,False
2023-02-06,129.0366973876953,130.16828310542616,128.68079756170033,129.59336264626577,6108100,False
2023-02-07,127.77737426757812,128.48003939670087,126.64578848583822,127.73174322584109,6278300,False
2023-02-08,126.4541473388672,127.33932263843631,126.30813358701828,126.90129530752743,7123800,False
2023-02-09,125.06706237792967,127.14770990220764,125.021431333391,126.73705835063906,6547400,False
2023-02-10,126.17125701904295,126.20776742411208,123.95373031116198,124.97579885886287,8108900,False
2023-02-13,127.8230209350586,128.16978626044497,126.60930748460476,126.79181774922506,5081600,False
2023-02-14,127.10205841064452,127.97812698107803,126.49976213876135,127.88686490668208,5253500,False
2023-02-15,126.81005859375,127.13858260272237,125.9978761722126,126.94693779555554,5530300,False
2023-02-16,125.14918518066406,126.11650201996628,124.61077507948858,125.37732647010851,7595700,False
2023-02-17,127.76825714111328,127.79563298496376,124.6472856203937,124.6472856203937,8034700,False
2023-02-21,127.6769790649414,128.5712889120837,126.72790361828476,126.72790361828476,6899500,False
2023-02-22,128.21539306640625,129.200965018585,127.64960717566284,127.74085532840064,6126300,False
2023-02-23,127.80472564697266,128.79941811312585,126.93779171844795,127.96898065622236,5835400,False
2023-02-24,127.08383178710938,127.23896620875622,126.00701147521684,126.78268358345112,5260700,False
2023-02-27,126.9743194580078,128.1880328266787,126.417654137409,127.40322620951706,5820900,False
2023-02-28,125.5324478149414,126.4723887156852,125.27693071132006,126.34463016387453,6709900,False
2023-03-01,125.62372589111328,126.23514289012576,124.5742675804122,125.97962575396052,7101800,False
2023-03-02,127.69525909423828,128.1515417562052,125.73324921763718,125.93401470287397,5924600,False
2023-03-03,128.6260528564453,128.89070454311147,127.73174292399588,128.84507350148223,5259400,False
2023-03-06,128.07852172851562,128.79944205529293,127.70436668282566,128.42528700960298,4943100,False
2023-03-07,125.5324478149414,128.3248946792589,125.3316823871478,128.1515050893792,5606800,False
2023-03-08,125.55072021484376,125.6511029424924,124.65641022965352,125.20394098757748,5518800,False
2023-03-09,124.6290283203125,126.44502404394372,124.2001215889353,126.07086899322933,4467200,False
2023-03-10,125.1948013305664,125.9248561548707,124.4282500311338,124.97578070588384,5928000,False
2023-03-13,126.06173706054688,128.96370119743318,125.0579099228672,125.0579099228672,8337100,False
2023-03-14,127.62220764160156,127.85946950423266,125.38641248276,126.19859469190872,9219700,False
2023-03-15,129.4291229248047,129.72113654559556,126.67317214452206,126.67317214452206,8823500,False
2023-03-16,130.3964385986328,130.60632469207602,129.22835627695986,129.5295044586686,7063400,False
2023-03-17,130.43295288085938,130.85273904967855,129.15536701861242,130.0405564819698,16018800,False
2023-03-20,132.4405975341797,132.68698012286106,130.70671522605176,130.9531117393736,8379200,False
2023-03-21,131.48236083984375,132.53180497185087,130.35077527888046,132.23979142605674,7753200,False
2023-03-22,131.4002685546875,133.00637829863078,131.2542547803363,131.4458856751123,5729100,False
2023-03-23,131.21774291992188,132.43145629706262,130.67021215913402,131.6284083963125,5788400,False
2023-03-24,133.89157104492188,133.92806752711255,131.68316486941674,131.68316486941674,6144800,False
2023-03-27,133.1888885498047,134.5303605117516,133.11588166263152,134.04670206828936,5917200,False
2023-03-28,133.5630645751953,133.9828507611276,133.05203020946357,133.73645421884902,4213800,False
2023-03-29,133.9736785888672,134.4117059330178,133.47176500461222,134.2200750619811,4987700,False
2023-03-30,134.5576934814453,134.6398209816079,133.50824940256211,134.074035192085,4117700,False
2023-03-31,135.68931579589844,135.68931579589844,134.66724727312868,134.82238167928915,7685900,False
2023-04-03,136.43760681152344,136.94865497816622,134.22920088021246,135.4520348056705,5721700,False
2023-04-04,137.0946807861328,138.44528745258452,136.95780156132284,136.95780156132284,6714300,False
2023-04-05,138.03457641601562,139.02928284534468,137.93419370937275,138.09846264962326,6094800,False
2023-04-06,138.9106903076172,139.58599363873336,138.18063528674807,138.59128688453652,5399700,False
2023-04-10,137.7608184814453,138.40873183343518,136.43758809217186,138.3904766345429,4891800,False
2023-04-11,137.48707580566406,138.1988755447509,137.35931723517768,138.0346065686171,6311800,False
2023-04-12,137.86122131347656,139.08405524967094,136.82088369429877,137.16766290069137,6137900,False
2023-04-13,138.49998474121094,138.59123288036253,136.72048589444208,137.7060437752403,5489500,False
2023-04-14,137.79734802246094,138.33575815957545,137.3501860524315,138.11675141885914,4478800,False
2023-04-17,137.8429718017578,138.22624750244668,137.19504440380126,137.95247516634336,4296400,False
2023-04-18,137.98899841308594,138.3357637414255,136.97605042247997,137.77909837857644,4158400,False
2023-04-19,138.01634216308594,138.61862450894608,137.5326838041026,137.95245592622825,3837600,False
2023-04-20,138.52232360839844,138.99064062037095,138.08153981991052,138.08153981991052,5370900,False
2023-04-21,143.3157196044922,145.189001414386,141.87401576073376,142.27806050705627,14876900,False
2023-04-24,143.57284545898438,144.3992904834152,142.53518629637122,142.53518629637122,8109800,False
2023-04-25,143.609619140625,145.03295406484318,143.05864626292043,143.71980811143698,8341800,False
2023-04-26,141.947509765625,143.2514637154628,141.72711785411536,142.60867148833427,4843700,False
2023-04-27,143.6830291748047,143.81158759642148,142.34233648210065,142.6086450773321,4805600,False
2023-04-28,143.60040283203125,144.5094896207327,143.0310606081517,143.50856937313563,5754700,False
2023-05-01,143.7748565673828,144.53701531297983,143.0677782723675,143.2789783821661,3844600,False
2023-05-02,143.6462860107422,144.10542521913067,142.94839945824572,143.7932139202625,5262900,False
2023-05-03,143.462646484375,144.69315032638167,142.72802088020543,143.83914403313688,5775000,False
2023-05-04,142.8014678955078,143.80240199316893,142.41579265174605,143.3432627965264,4892600,False
2023-05-05,143.2790069580078,143.53612384169028,142.04851701298188,142.70048696381264,3989200,False
2023-05-08,142.60867309570312,143.00352617831123,142.2138060012752,142.65458982926262,4950700,False
2023-05-09,141.14859008789062,143.23307213069754,141.02920940275615,143.11370545738058,4472100,False
2023-05-10,141.44244384765625,141.70875247360922,139.98238431690007,140.90984060756898,4754900,False
2023-05-11,141.77304077148438,142.23218009829296,140.85476211786718,142.15871612458517,3495300,False
2023-05-12,143.21473693847656,143.29737864982295,141.7730328076093,142.05769693234882,5252900,False
2023-05-15,143.26063537597656,143.94016656542064,142.00259821258402,143.8116081254522,5414900,False
2023-05-16,143.01272583007812,144.09628794045966,142.268908333704,143.13209252974113,5591500,False
2023-05-17,142.40664672851562,143.76569513090715,141.32307069620254,143.49020874900927,4286900,False
2023-05-18,140.0650177001953,141.09348513065785,139.2110254256472,140.78127380524143,6997600,False
2023-05-19,140.65272521972656,140.79047541068658,139.43141305467233,140.00993303070297,4754100,False
2023-05-22,136.97044372558594,140.12932445264644,136.66741009646233,140.03749098497752,7876200,False
2023-05-23,135.49200439453125,136.7133165613279,135.05123460883178,136.63066084190643,6116000,False
2023-05-24,134.3717041015625,136.08888053437764,134.1513122017016,135.5287300492395,5755400,False
2023-05-25,133.50852966308594,134.26152486653183,132.55352605159987,133.60036313095688,6510300,False
2023-05-26,133.51768493652344,134.0778353679051,132.9024400384186,133.4534127292856,4716400,False
2023-05-30,131.4791259765625,132.26884614957842,130.71696705299786,132.10356272378937,5561000,False
2023-05-31,130.85467529296875,132.21372343586071,130.30370263437692,131.46074241505642,19854800,False
2023-06-01,132.19540405273438,132.34231799156683,130.8087942876548,131.5434200290994,6091100,False
2023-06-02,134.54615783691406,134.69307173493158,132.59022032121914,132.70040924768642,6124400,False
2023-06-05,134.0135498046875,135.76746488360493,133.82070517855794,134.1145609875523,4753700,False
2023-06-06,132.6820831298828,134.3533429356864,131.81889898335817,134.13296503398297,4635900,False
2023-06-07,132.96673583984375,133.26057768748257,131.74542369613374,132.24128794419488,6194400,False
2023-06-08,134.4727325439453,134.66556322070343,133.07694502285403,133.46262038819094,4863700,False
2023-06-09,134.58290100097656,134.7849234013532,132.90244958610825,133.77481139946997,5569500,False
2023-06-12,133.52688598632812,134.99612324458042,132.7371658807333,134.98694550342668,5354000,False
2023-06-13,133.20547485351562,133.77480303069598,132.4892187558314,132.70041888416964,5321200,False
2023-06-14,134.45433044433594,134.8859224415216,132.99427105563578,133.43504079316807,5693300,False
2023-06-15,136.31842041015625,136.79592908301342,134.56450537109336,135.14302522452002,5863000,False
2023-06-16,137.31936645507812,137.82442245351749,136.73166875102646,136.75003824510205,11244900,False
2023-06-20,136.05213928222656,137.99888512342554,136.00622255710414,137.5121986631258,5340700,False
2023-06-21,137.22755432128906,137.3744822580865,135.78585021362537,136.14397830218206,4649700,False
2023-06-22,137.69586181640625,138.7518905256752,137.26426978935328,138.06318163295043,6666800,False
2023-06-23,136.32762145996094,138.2284505180177,135.8684822463857,137.9713336793609,13843300,False
2023-06-26,136.46536254882812,136.7959433550165,134.7298168192935,135.99704557831848,4353100,False
2023-06-27,137.76016235351562,137.89789854164556,136.26336372067829,136.30928045399483,5445400,False
2023-06-28,137.73260498046875,138.017269089536,135.86850064191353,137.12653777365665,6733300,False
2023-06-29,137.17245483398438,137.46629668501942,135.07878085251684,136.34599572857218,7343000,False
2023-06-30,139.33958435058594,139.64261793638715,137.548930069777,137.58566905632026,7058300,False
2023-07-03,140.03750610351562,140.06505334442633,138.17340140550962,139.10085787708704,3996100,False
2023-07-05,139.79872131347656,140.00074370070698,139.0640957246221,139.23857087830453,8279800,False
2023-07-06,139.5691375732422,139.7527904489222,138.43964506476834,138.84368979835415,7958300,False
2023-07-07,136.63983154296875,139.50485572632914,136.5939148196576,139.31202510496578,9169500,False
2023-07-10,136.69497680664062,138.0356699617617,136.5847878391974,136.76844078887677,5529200,False
2023-07-11,135.97866821289062,136.86939938877603,134.9502008806586,136.57554357281458,5150300,False
2023-07-12,136.68576049804688,137.19080246421447,135.5746373464787,135.932765401447,6764600,False
2023-07-13,136.777587890625,137.3010133923638,136.08887897474892,136.8235046207138,5561400,False
2023-07-14,137.78770446777344,138.32030772843825,136.57557001002198,137.0714482924909,6128900,False
2023-07-17,136.8143310546875,137.8887153148237,136.79596155972763,137.42038427017155,4625300,False
2023-07-18,137.0714569091797,138.1825662201467,136.25418947770888,136.49293688053828,5351200,False
2023-07-19,138.008056640625,138.49475709079556,136.69492523460272,137.3285395819962,6203600,False
2023-07-20,139.1271209716797,139.30269544749723,136.89088702201408,138.1938210898262,6445400,False
2023-07-21,141.31715393066406,142.0009666240231,139.25649438324967,139.67232051970865,9938400,False
2023-07-24,141.76991271972656,142.2596655653741,140.73496543837317,141.23395384899737,5549500,False
2023-07-25,142.10260009765625,142.17652693011618,140.8735929457004,141.82537800095693,5883800,False
2023-07-26,142.25045776367188,143.0821099770603,141.2801874479841,141.49271828472078,7013800,False
2023-07-27,140.55943298339844,142.860358358721,140.38385849570952,142.45376777672632,7191600,False
2023-07-28,144.53289794921875,145.52163940039415,142.86034385229726,142.91578545328443,9397300,False
2023-07-31,144.4312744140625,145.7064737498545,143.28542943542345,144.5236723977581,7955200,False
2023-08-01,144.38504028320312,145.23517770837844,144.03389135320188,144.04314101984502,5718800,False
2023-08-02,144.69921875,145.75265143992522,144.12630342217622,144.12630342217622,5636000,False
2023-08-03,145.07810974121094,145.72495199646949,144.34810507458425,144.85632921079215,5792700,False
2023-08-04,143.4887237548828,145.75267879139906,143.36859086678828,145.47545664200632,4785900,False
2023-08-07,145.00418090820312,145.21671176770698,143.68277561202703,143.8491004324813,4107400,False
2023-08-08,145.16127014160156,145.66027280310502,144.6437963445635,145.3368446299045,4625500,False
2023-08-09,144.97645568847656,146.08533009136997,144.86557247821813,145.3645610244841,4293200,False
2023-08-10,144.2556915283203,146.3533216277105,143.9692338253404,145.23519751919488,4307800,False
2023-08-11,145.0965576171875,145.50314810154657,143.9599485540655,144.55134904946962,3862300,False
2023-08-14,143.95999145507812,145.5678686405378,143.6920189742203,145.19824850829852,4297600,False
2023-08-15,143.03591918945312,144.1263224900083,142.7309903521158,143.95998356953902,6921100,False
2023-08-16,141.5758819580078,143.9045135845398,141.2616894146593,143.0081701846086,6356800,False
2023-08-17,140.55943298339844,141.89932351035114,140.26372561463742,141.57590943838514,6419500,False
2023-08-18,140.95675659179688,141.2801847241579,139.69079306246124,140.10661916113847,5448200,False
2023-08-21,140.24525451660156,141.1785544618087,139.77397266002583,140.5409477853381,4504700,False
2023-08-22,140.3007049560547,140.59639824340698,139.46903850391124,139.92183515341503,4195600,False
2023-08-23,141.6128692626953,141.82540012661028,140.8921001588935,140.8921001588935,4522500,False
2023-08-24,140.95675659179688,142.93425355226574,140.9013149919868,140.96600625849968,4088900,False
2023-08-25,141.88082885742188,142.37983148405888,140.88285180435287,141.75146041720163,3541500,False
2023-08-28,142.10260009765625,142.64779462443394,141.42803713909908,142.0379229318173,3614700,False
2023-08-29,142.1857452392578,142.34283445163084,140.48547059935007,142.2596720627451,4034600,False
2023-08-30,142.3428497314453,143.1098247448445,142.03792093946495,142.39830543008856,3712200,False
2023-08-31,142.62010192871094,143.37784153566503,142.14883414152771,142.4168066244113,5451400,False
2023-09-01,142.77716064453125,143.48869405735047,141.89930243656278,143.13754513412258,4126300,False
2023-09-05,140.8643798828125,143.09137847859665,140.8274094106256,142.1211080351953,5097000,False
2023-09-06,140.587158203125,140.8736159130464,140.03271391933245,140.7257622240212,3877400,False
2023-09-07,141.92703247070312,142.48147669081328,140.7996728965541,140.9105702006375,4824800,False
2023-09-08,141.31715393066406,141.80692100705696,140.7812090170699,141.76995053708998,3384700,False
2023-09-11,142.99893188476562,143.3223599878731,141.45574639585644,141.68676244090454,4288500,False
2023-09-12,140.48550415039062,143.36858045443734,140.06044243894948,143.22074087225528,4537800,False
2023-09-13,141.46499633789062,141.92702847494047,140.14359119397702,140.43928442963596,4040600,False
2023-09-14,143.01744079589844,143.1560448058359,141.72374226937032,142.16730330137565,4606800,False
2023-09-15,141.81617736816406,143.52570230216767,141.59439681615285,142.33365122275185,10262400,False
2023-09-18,142.3520965576172,142.7494374059735,141.85309398049404,142.72171660725567,3536500,False
2023-09-19,141.93626403808594,142.36132566587798,140.21750409504307,142.0748680253876,4704200,False
2023-09-20,141.81617736816406,143.02669958516873,141.71452971100538,142.09339953315182,5446400,False
2023-09-21,140.587158203125,142.03794608898997,140.5224810267414,141.79768031929808,5096400,False
2023-09-22,140.06967163085938,141.69601976165958,139.8848615864666,140.86436751184073,6327000,False
2023-09-25,139.2195281982422,139.7924435414121,138.62812762139205,139.70003147311286,5527000,False
2023-09-26,137.9812774658203,138.9422980600994,137.49151045227387,138.59114914098726,6366500,False
2023-09-27,136.15162658691406,138.3324188349918,135.49554884920315,138.07368196658445,5403700,False
2023-09-28,135.22756958007812,136.74303450507995,134.61768374316088,136.59519492954755,6237100,False
2023-09-29,134.7840118408203,135.62491369092106,133.82299122649192,135.41236876170782,6683300,False
2023-10-02,134.16490173339844,134.54377149104195,132.9728508569303,133.78603197575492,5153800,False
2023-10-03,134.44210815429688,135.36617237230678,133.9985471775794,134.14640083648524,4670600,False
2023-10-04,134.8856658935547,135.19984436895533,133.9246311333736,134.53451695039982,4727800,False
2023-10-05,132.88046264648438,134.9965639042093,132.77881499916373,134.61769411873203,5205700,False
2023-10-06,133.14840698242188,133.5827182837399,130.70887806230198,132.69562454920575,7406700,False
2023-10-09,132.47384643554688,133.03752617073982,130.84749849307096,132.47384643554688,5062200,False
2023-10-10,133.7860565185547,134.19264715255528,132.80655040942884,133.04680210219956,5988900,False
2023-10-11,132.14122009277344,134.50682289576014,131.73462946724044,134.11871750778,5469100,False
2023-10-12,132.43690490722656,133.00057060546317,130.90295475435576,131.94713784628377,5965600,False
2023-10-13,133.702880859375,134.0170593726833,132.3167842534932,132.3167842534932,7078900,False
2023-10-16,134.9780731201172,135.89288771273286,134.41439335795636,134.78401342162508,6509800,False
2023-10-17,135.1536407470703,135.6711286041533,134.21110530404235,135.0150367407728,6160100,False
2023-10-18,138.6373748779297,139.81094056379462,137.4730588597358,138.66509568073644,10508500,False
2023-10-19,137.85719299316406,139.74488225787513,136.8621966612995,139.12185313894523,8146000,False
2023-10-20,137.6712188720703,139.37293165441548,137.55032775212985,138.60111563690822,7284200,False
2023-10-23,137.76417541503906,139.01954149886117,137.2155398272159,137.4945116446315,5981800,False
2023-10-24,139.3915252685547,139.54962021166986,137.68982660334171,137.73631009227057,6322000,False
2023-10-25,140.04248046875,140.59111624084213,138.6662228243517,139.1497731910079,6172900,False
2023-10-26,139.2985382080078,140.76777679911686,139.24274667237432,140.4609091640341,7582100,False
2023-10-27,136.84361267089844,139.43801842722468,136.02529896924486,138.53601742129254,8131800,False
2023-10-30,138.79635620117188,139.06603415094906,137.19693297404433,137.53169630505,5412800,False
2023-10-31,139.5124053955078,139.7262776706577,138.21984950717902,138.9823716372497,6762100,False
2023-11-01,139.12185668945312,140.11683885761215,138.74990365612425,140.11683885761215,5896900,False
2023-11-02,140.82357788085938,141.0188482688135,138.47094004151015,139.0567653944721,5859200,False
2023-11-03,139.5496063232422,141.61396396906363,139.131141451736,141.14901561325476,6587700,False
2023-11-06,140.3585968017578,140.64686248105036,139.57748705352716,139.8192550644282,6480800,False
2023-11-07,140.0331573486328,140.6468926492132,139.59610471238005,140.340024998923,6003800,False
2023-11-08,139.49378967285156,140.6003689432357,139.02884135346977,140.3772028309543,4832600,False
2023-11-09,139.80996704101562,139.80996704101562,138.66618394505605,139.24272951679808,6581500,False
2023-11-10,140.79566955566406,140.82356532288418,139.41011829763875,140.26562160028516,5387200,False
2023-11-13,141.77206420898438,142.18120685858565,140.83285941403363,140.83285941403363,6297500,False
2023-11-14,141.4558563232422,142.7391180816857,141.04669957770398,141.8557192115073,7982600,False
2023-11-15,140.80496215820312,141.70696312786453,139.8378757953085,141.400095502084,7672600,False
2023-11-16,142.11611938476562,142.17191091848116,140.7026723778801,141.33500953455183,7590500,False
2023-11-17,140.47950744628906,142.12541446138792,140.31211865461057,142.01383139300108,8495600,False
2023-11-20,139.73558044433594,140.44229682503607,139.16834289236033,139.6797889128461,6856500,False
2023-11-21,139.12185668945312,139.493809722782,138.39653834209273,139.34503702290968,7310400,False
2023-11-22,140.43299865722656,140.86074317825558,139.5774954260715,139.5774954260715,4372700,False
2023-11-24,140.7677764892578,141.10253989142043,140.44230694664745,140.58178578542413,2132500,False
2023-11-27,140.63758850097656,141.00954152248855,140.17264012953746,140.8979584538546,6021300,False
2023-11-28,141.6139678955078,142.0603285456107,140.55388618243526,140.55388618243526,6110400,False
2023-11-29,140.53530883789062,141.76276524353668,140.40512385260848,141.61397834918586,5342700,False
2023-11-30,142.75775146484375,142.86004067378408,139.55890440972533,140.3214123580185,9771300,False
2023-12-01,141.9580535888672,142.7298696610881,141.55819057330956,142.58108276278296,5685400,False
2023-12-04,141.40008544921875,141.83713801949156,141.02813245664908,141.13042165797032,6578300,False
2023-12-05,136.4716339111328,141.91153525495366,135.9322921251,141.47448267298049,11895800,False
2023-12-06,136.36935424804688,136.84361067691228,135.4301636280424,136.70411764938189,7610000,False
2023-12-07,136.22987365722656,136.787817381974,135.7835271908876,136.2949732403897,6119600,False
2023-12-08,134.9744873046875,135.9880853935922,134.3886620888044,135.6905116675404,6385300,False
2023-12-11,135.5975341796875,135.64401766017846,134.50954262990547,134.64903563866818,8471200,False
2023-12-12,135.7091064453125,135.97877020492513,134.9093948349191,135.63471301770667,6069200,False
2023-12-13,138.16404724121094,138.22913262898427,135.2534661592033,135.63472719462288,9055500,False
2023-12-14,134.51885986328125,138.13615745430454,134.25848992272668,138.05247015679004,10565200,False
2023-12-15,133.86795043945312,134.13761426999852,132.51029485944397,133.1426178767775,14550000,False
2023-12-18,135.9229736328125,137.1504438590728,134.0445786755482,134.0631805790326,8421800,False
2023-12-19,135.9229736328125,136.0810543396924,135.1976554769659,135.4580253693675,5233600,False
2023-12-20,133.8214569091797,135.8300374778476,133.7563573199721,135.36508906042076,7663800,False
2023-12-21,134.14691162109375,134.6397558059884,133.09613785152007,134.38869387797763,6104700,False
2023-12-22,135.0953826904297,135.4208521899873,134.17477990898414,134.37006444653804,4413800,False
2023-12-26,135.7091064453125,135.9229786814946,134.807105645598,134.91868869245903,3634900,False
2023-12-27,135.8207244873047,136.0531986875607,135.16979956440775,135.4394633935011,4569400,False
2023-12-28,135.5138397216797,135.7742096579476,134.87220873977043,135.7649157991871,5023000,False
2023-12-29,136.26707458496094,136.6576437381341,135.51386042645467,135.76493654232326,5300900,False
2024-01-02,138.3128204345703,138.93584943154775,136.05316439923251,136.09966206538513,7238400,False
2024-01-03,137.47592163085938,138.74058168198178,136.8621864172785,137.94086997040293,7697500,False
2024-01-04,138.22914123535156,138.80568684818172,137.41084177339877,137.6712117188971,7067400,False
2024-01-05,137.08535766601562,138.43370492373717,136.27635214920198,138.29422610673356,5294200,False
2024-01-08,138.26634216308594,138.4802144304732,137.2992416522001,137.54102387447034,8255300,False
2024-01-09,138.83358764648438,138.9265688080479,137.6712167087025,138.1547669917673,9786800,False
2024-01-10,139.42872619628906,139.4845177331265,138.79638900423413,138.88009049858917,8591100,False
2024-01-11,139.95872497558594,140.22840292164054,138.82425004667672,139.53098050743054,6659400,False
2024-01-12,140.04248046875,140.69340546861363,139.38224741875212,140.3679358741314,5684700,False
2024-01-16,139.2892303466797,140.87936005986572,138.44303507326936,139.62399375002946,8120100,False
2024-01-17,139.42872619628906,140.04246147969857,138.56391480801224,138.70340783920471,6541400,False
2024-01-18,138.6248779296875,138.86817283262403,137.48323812280995,138.7090937485454,6526200,False
2024-01-19,138.09152221679688,139.07406884174588,137.84821299036645,138.72783867023853,7848100,False
2024-01-22,138.3628387451172,138.69036368668782,136.8843216501301,137.53000470261173,11084100,False
2024-01-23,144.0897674560547,146.35432767869824,143.06978224230966,143.27565265152342,19101600,False
2024-01-24,142.34922790527344,144.32370179039168,142.32115596727658,144.04296813171615,11592700,False
2024-01-25,145.62442016601562,145.66185893570295,142.293083599193,142.61124174800034,10352500,False
2024-01-26,146.11102294921875,146.1297423338995,145.36240462776524,145.80221735616766,8356600,False
2024-01-29,146.1297607421875,147.22460928526718,145.41856682179792,146.61635057552826,8987400,False
2024-01-30,147.37435913085938,147.77673320422224,145.81162561562874,146.29821552592185,7794700,False
2024-01-31,147.04681396484375,148.31946101536687,146.6350731133938,147.84222372593655,8870000,False
2024-02-01,148.9557647705078,149.06806680692262,146.5601974147054,146.700571390547,7601100,False
2024-02-02,147.93577575683594,149.34879663894594,147.4117471960696,148.75925736873012,7937700,False
2024-02-05,148.04811096191406,148.78736264462262,147.4398521700399,148.0106721827809,6931900,False
2024-02-06,148.7499237060547,148.8528589206138,147.7299241149835,148.14166497322006,6185400,False
2024-02-07,148.89962768554688,149.56403026594668,148.54404501034762,148.8809225775474,7209300,False
2024-02-08,148.45045471191406,148.88091491178074,147.6363399158946,148.60018124045095,6121600,False
2024-02-09,147.30885314941406,148.1697594938637,146.8784071165449,148.0948962101666,5978000,False
2024-02-12,147.01873779296875,147.48662251457088,145.5027958641646,147.2526801537698,5482000,False
2024-02-13,146.2327117919922,148.7592867249727,145.4934458503253,147.61764672999385,6046800,False
2024-02-14,145.63381958007812,146.12977629909193,144.9600643620386,146.12977629909193,5727300,False
2024-02-15,146.92515563964844,147.30882453956437,146.12039334459217,146.260767328778,6249200,False
2024-02-16,147.39305114746094,148.272676776036,146.60700818185714,146.9532383331734,6617600,False
2024-02-20,148.3288116455078,149.52659540943708,147.97322896099394,148.50661012711913,6622100,False
2024-02-21,150.09742736816406,150.09742736816406,148.96515422941383,148.96515422941383,7121000,False
2024-02-22,150.24713134765625,150.7430879832937,148.44110327424215,149.21779358331966,6619500,False
2024-02-23,150.6869659423828,151.35136858985476,149.87285102225945,150.284591899148,5486500,False
2024-02-26,149.92898559570312,150.81796373628347,149.78862588671478,150.68695658165805,4531900,False
2024-02-27,149.06808471679688,149.53596946840094,148.74992651259635,149.17101993329814,3868200,False
2024-02-28,149.76992797851562,149.83542442586705,148.4504894099623,148.85287776461894,3802900,False
2024-02-29,148.73118591308594,149.8260343622517,148.01999205370117,149.65758845076837,8348100,False
2024-03-01,148.64698791503906,148.81541956800493,147.48662861711858,147.8983694737584,4819800,False
2024-03-04,149.3114013671875,149.49855243931154,147.54279731999887,147.60830804853362,3841600,False
2024-03-05,149.0867919921875,149.71375579495347,148.58146850543335,149.21779914084445,4481600,False
2024-03-06,149.3207244873047,149.71374590731898,148.70311327926478,149.4236454099373,5405700,False
2024-03-07,150.30328369140625,150.57466482654152,149.22715454110607,149.6763198766817,4783900,False
2024-03-08,150.0506591796875,150.89284609758505,148.12296183387417,149.58277438558645,5080200,False
2024-03-11,151.17355346679688,152.17481932663384,150.49044578457475,150.97703560491223,5170900,False
2024-03-12,151.5291290283203,152.0812438149892,150.87409331728932,151.4262081039582,4229100,False
2024-03-13,151.8753662109375,152.27774017196245,150.96766881198943,151.95022947132264,5410500,False
2024-03-14,151.1267547607422,152.17481189639807,150.78052465957893,151.8192292417763,5848100,False
2024-03-15,151.01446533203125,151.12675308712014,150.00383270010903,150.37813473621026,10956900,False
2024-03-18,150.85540771484375,152.2684145226669,150.65888983677232,151.10805519973772,6086300,False
2024-03-19,151.43556213378906,151.7537202995762,150.81795090934978,151.4074901943789,6148100,False
2024-03-20,151.5852813720703,151.96893595179202,151.0986773145194,151.6039864783056,4870300,False
2024-03-21,151.46363830566406,152.02510566697254,150.77116379721136,151.67886127339213,5211500,False
2024-03-22,151.2764892578125,151.97831632927847,151.0986907817811,151.78179846663633,6393200,False
2024-03-25,149.90090942382812,151.2764916479319,149.47044919722953,150.81795948032777,7145600,False
2024-03-26,150.23782348632812,150.78992416514913,149.854154494451,150.06002496430156,5842700,False
2024-03-27,152.1654815673828,152.2871361736495,150.97705028402822,150.99576967238687,6599700,False
2024-03-28,151.82861328125,152.66144763041166,151.3139371601477,152.36200879185887,7191500,False
2024-04-01,150.26588439941406,151.6601862467004,149.53598525216643,151.388805066048,5971900,False
2024-04-02,150.2565155029297,150.3875226618111,149.38624244280302,149.38624244280302,6771200,False
2024-04-03,146.12037658691406,150.5465758414634,145.68056385524673,150.31263350669172,9601800,False
2024-04-04,145.46533203125,146.99064053009693,145.42790754260065,146.80348952943802,6801700,False
2024-04-05,146.0736083984375,146.97193902234494,144.75417012344636,145.31562319371156,5121200,False
2024-04-08,146.0174560546875,146.63506730740826,145.63380143894435,145.95195961930048,5476800,False
2024-04-09,146.59762573242188,146.68184154469668,145.6992808987038,146.23267626719098,4608100,False
2024-04-10,147.140380859375,147.4585390182425,145.65249670945718,145.65249670945718,7784900,False
2024-04-11,145.83030700683594,147.4772703698203,145.7648105705583,147.43047904178852,8209800,False
2024-04-12,145.35305786132812,145.95194968659163,144.80095736027576,145.25012265954655,6770500,False
2024-04-15,145.46533203125,146.74734565711094,145.3530442865959,146.37302937708705,5754000,False
2024-04-16,145.93324279785156,146.85965969321748,145.67122849428094,145.83967442012414,6103300,False
2024-04-17,146.8783721923828,147.02808444546767,145.7367323752015,146.2607609577684,6621900,False
2024-04-18,148.1375732421875,148.4578001794136,146.88497618153588,147.2428548970473,7819300,False
2024-04-19,148.9381103515625,148.97577649856112,144.58694464242444,145.9619817569307,12034200,False
2024-04-22,151.19845581054688,151.90481464074688,148.099901398602,149.21123239341455,8926300,False
2024-04-23,152.10260009765625,152.6676929052054,151.08544166661198,152.27211931737676,7707300,False
2024-04-24,153.1385955810547,153.38346146138127,150.1436267572117,151.8200505146867,7217600,False
2024-04-25,153.09149169921875,154.75850239929702,152.64883905924935,153.48705088093286,7094600,False
2024-04-26,151.9048309326172,153.81672225931115,151.1513929296563,153.0444296240949,5659800,False
2024-04-29,152.2532958984375,152.37572165769663,151.07603117270588,151.79180295242406,4621000,False
2024-04-30,153.70367431640625,153.84495470107404,152.19678414296416,152.42280976498176,8106100,False
2024-05-01,153.89202880859375,154.68316157275822,152.78069788057488,153.7790160012444,7543000,False
2024-05-02,154.30641174316406,154.91859791621303,153.17624067794915,154.02386538413415,5647500,False
2024-05-03,154.89039611816406,155.12584910034053,152.7242258079587,154.0239164973543,5581500,False
2024-05-06,154.8715362548828,155.38010830881785,153.76019084679103,155.19174882109775,5472400,False
2024-05-07,156.1147003173828,156.37840644049905,155.01278236631018,155.38008835000105,6433000,False
2024-05-08,155.46487426757812,156.68921806000503,155.3330068249833,156.32191204809556,4579400,False
2024-05-09,156.37840270996094,156.65153614082644,155.4460183579378,155.4460183579378,4671100,False
2024-05-10,157.14132690429688,157.62164581701168,156.05823455787143,156.4255406372203,4879400,False
2024-05-13,156.2183074951172,157.89473122955255,155.73798868499466,157.1412933401619,5725500,False
2024-05-14,156.1147003173828,156.40667401238838,154.41002346048654,155.89808765287432,6009800,False
2024-05-15,156.8210906982422,156.9811969930605,155.51197276210766,155.69091931834836,5102700,False
2024-05-16,158.09251403808594,158.54457963452506,156.896409143874,157.21662167589727,6793600,False
2024-05-17,157.8853302001953,158.22438302436956,157.16955840289754,157.91358340463418,4700800,False
2024-05-20,157.5745391845703,158.11137884003764,157.08479299604176,157.80057920333158,3804600,False
2024-05-21,158.55401611328125,158.73294827676142,157.5556835725372,157.99833625099808,5147100,False
2024-05-22,158.04544067382812,158.62935940892794,157.87592144269902,158.23380016538536,4536700,False
2024-05-23,155.86044311523438,158.32798548256764,155.70033683049752,157.55569289287556,4729800,False
2024-05-24,155.70974731445312,156.63271885872422,155.54021371682344,156.19949347649617,3820100,False
2024-05-28,153.61891174316406,155.17289534816877,152.81836602488497,154.9186165283068,6466200,False
2024-05-29,152.24386596679688,153.27045171188155,152.027253284839,153.18567773119625,4360400,False
2024-05-30,153.11976623535156,153.2327790541866,152.0837674930044,152.24387377665664,4748200,False
2024-05-31,154.9656982421875,155.1823252906506,152.54524952973603,152.98790219968166,10341400,False
2024-06-03,155.06930541992188,156.56679708737832,154.10866774151728,154.39119978169074,5828400,False
2024-06-04,157.29197692871094,157.3955767971898,154.8338476592645,155.20115367097918,6277000,False
2024-06-05,156.38784790039062,157.29197915545382,155.38010240447477,157.29197915545382,5243300,False
2024-06-06,158.66705322265625,158.77065310732837,155.47431143073644,156.18067036143472,6302000,False
2024-06-07,157.3390655517578,159.13792940778848,157.13186582117277,158.60108982284365,4558200,False
2024-06-10,157.61219787597656,157.96066361542344,156.41609296176082,157.07535829486565,4110600,False
2024-06-11,157.73463439941406,157.75347465904832,156.35959723516874,157.25431556054602,3947700,False
2024-06-12,155.5684814453125,157.88534502317185,154.6643500765691,157.7534919331089,5474500,False
2024-06-13,156.72691345214844,157.28257899478865,154.8997961632828,154.8997961632828,4902200,False
2024-06-14,157.08477783203125,157.2166309041866,155.63439403832254,156.3313399173762,3695000,False
2024-06-17,157.75347900390625,158.89307762319362,155.77566844415085,156.19949525760404,6759400,False
2024-06-18,158.75180053710938,158.83656015320344,157.22606996378374,157.3108295798778,5112600,False
2024-06-20,157.91358947753906,158.95900119470423,157.15072418653634,158.57285489131257,8483600,False
2024-06-21,158.46925354003906,159.05318664758528,157.45209503786072,157.73464146139494,14682000,False
2024-06-24,158.64817810058594,159.55232365641018,157.73461960128137,158.94013742844297,7565200,False
2024-06-25,157.14132690429688,159.08145718859666,156.24659407045118,158.81775099680308,7968200,False
2024-06-26,157.70639038085938,158.04544321948677,156.02055350354232,156.38785954781298,5164000,False
2024-06-27,156.92466735839844,158.31855907921485,155.86984280937557,157.7440533435706,5007000,False
2024-06-28,155.32359313964844,157.50860331251303,155.00338059149286,156.34075156106056,9253100,False
2024-07-01,153.25160217285156,156.53853020509763,152.76185606116564,155.95459717431228,7638600,False
2024-07-02,154.36294555664062,154.49479863148525,152.30038982248004,153.1197614753782,5449200,False
2024-07-03,154.29702758789062,154.65492066749468,153.4964818164313,153.71310887561663,2980500,False
2024-07-05,155.59671020507812,155.99226937658295,153.98620594811052,154.4665247197438,6509200,False
2024-07-08,156.83050537109375,156.97177139310114,155.9828661263265,156.2936657456504,5144500,False
2024-07-09,156.02053833007812,157.0565226350311,155.53079219504374,156.93409687945265,4393100,False
2024-07-10,157.09422302246094,157.20723584833726,155.90753086712476,156.24658371566244,5037100,False
2024-07-11,155.9075164794922,156.93410224646414,155.19174469681462,156.6233026330771,5831500,False
2024-07-12,156.91525268554688,157.88531761638592,156.35958721465974,156.54794668620886,4684600,False
2024-07-15,155.00338745117188,156.9246771960391,154.8903746340937,156.78341117469134,5752500,False
2024-07-16,157.2354736328125,157.34850081851158,155.031637518929,155.31418392681573,6378300,False
2024-07-17,159.58058166503906,160.26810020337217,157.5933583419638,157.9889175436448,7982300,False
2024-07-18,158.63880920410156,160.97449884638183,158.48811584113895,158.9778620853124,5926300,False
2024-07-19,159.1381072998047,160.1613688629716,158.35170032689695,159.14757685706647,6597100,False
2024-07-22,159.4128875732422,159.83924901703674,158.89177271645283,159.10968821753164,6383000,False
2024-07-23,157.86846923828125,159.57392917545977,157.58423796320025,159.28021388631706,4863400,False
2024-07-24,159.17601013183594,159.44130232546846,156.8831193398177,157.5842569700409,5907000,False
2024-07-25,158.13375854492188,161.15620967898195,158.10533541792694,159.47918735692753,7338300,False
2024-07-26,160.22769165039062,160.426668002307,158.25693953155894,158.46538544029468,5581600,False
2024-07-29,161.00460815429688,161.58256915869072,159.2802091548953,159.98134667972428,6797800,False
2024-07-30,153.20689392089844,153.85118523483354,149.73912766614475,153.29216330650573,15746300,True
2024-07-31,152.31626892089844,154.3059747266237,150.84769237471113,152.36364562243276,9660900,False
2024-08-01,156.98733520507812,157.574765827646,152.24047015065204,152.42997695810968,12532700,False
2024-08-02,161.146728515625,161.40255109749177,156.47566406560676,158.6453923188646,11899000,False
2024-08-05,159.2328643798828,161.90475448062523,157.91587290353317,161.90475448062523,10338800,False
2024-08-06,159.26129150390625,161.38364366994492,159.03390643931232,159.08126868954182,7454900,False
2024-08-07,161.08990478515625,162.70061140582268,159.18546840340625,159.7160672103919,8385500,False
2024-08-08,161.89523315429688,162.54899396263474,160.12345751114293,160.5213957298404,6386900,False
2024-08-09,161.5825653076172,162.26474924596548,160.7393121695669,161.1846270864703,5377300,False
2024-08-12,158.0485076904297,160.73933671518424,157.4705466115534,160.50246765756836,7208100,False
2024-08-13,158.50328063964844,158.9865027345382,157.71688814834175,158.55065733917434,3770000,False
2024-08-14,159.9339599609375,160.56876717888017,157.11048538300244,157.75476215679365,5476600,False
2024-08-15,159.10020446777344,160.76775740341623,157.99165902985106,160.55932593663314,9491400,False
2024-08-16,159.07179260253906,159.5076380540256,158.0390469236493,159.0054767805346,5640800,False
2024-08-19,159.5739288330078,160.35086620279787,159.33705979938964,159.3465293560925,3885300,False
2024-08-20,161.45941162109375,161.60152725839603,159.28021361931525,159.9055513381222,4513600,False
2024-08-21,161.22254943847656,162.8616791734839,160.69196509354973,161.25097256714486,4082000,False
2024-08-22,161.2130584716797,162.24581844566617,160.25611278065793,161.90472645901727,4097300,False
2024-08-23,160.28453063964844,161.17516048980931,159.41285435960577,161.11831423679274,4771300,False
2024-08-26,161.40257263183594,161.99000323558028,159.8392282644434,159.8392282644434,6472400,False
2024-08-27,160.36032104492188,162.11315751579235,160.19925185172175,161.85733493490412,4456400,False
2024-08-28,160.18032836914062,162.20792691340796,159.7255438289578,160.52142038861268,5644800,False
2024-08-29,161.09934997558594,161.6394182580786,160.06660456142006,160.83405784088896,4413200,False
2024-08-30,162.53005981445312,162.85221270770748,160.7772375314998,161.22255249887493,7301600,False
2024-09-03,165.35354614257812,165.80833065861538,162.0089564007372,162.04684908651566,10101400,False
2024-09-04,166.66104125976562,166.75579465329932,164.51028090846384,164.51028090846384,7517500,False
2024-09-05,166.25364685058594,167.27692286226335,165.49566301334275,166.7463385133949,6061900,False
2024-09-06,166.3673553466797,167.74119305139496,166.13048627837222,166.52842457824792,5785700,False
2024-09-09,166.8126678466797,167.55169817211384,165.48620686701335,166.31997614394345,6450200,False
2024-09-10,168.4517822265625,168.59391232673886,166.67053685453237,166.67053685453237,6396300,False
2024-09-11,164.78506469726562,167.70329322958784,164.51030295094392,167.3243085193496,6828200,False
2024-09-12,164.35870361328125,165.43882594269866,163.38280424798918,164.76611145473674,4838900,False
2024-09-13,164.9366455078125,165.37247642902582,163.7238772248927,164.26393109810718,3918000,False
2024-09-16,167.93067932128906,167.9969951344826,165.16405067690653,165.53356579995292,6892300,False
2024-09-17,166.64215087890625,167.67489666667927,166.14945911165933,167.35275816620108,4757100,False
2024-09-18,164.78506469726562,166.66106359042277,163.50598045720665,165.85571746683155,5102900,False
2024-09-19,162.53005981445312,164.0649810783727,161.4309984179586,163.79968890087338,8692000,False
2024-09-20,165.06932067871094,165.3725055742049,162.49218400897834,162.50165356725162,28647500,False
2024-09-23,164.64295959472656,165.98837419682138,163.52493005040833,164.87034465250315,10265000,False
2024-09-24,164.14077758789062,165.33459236248484,163.55333252902187,163.79968558695813,5422400,False
2024-09-25,163.2122344970703,165.50512501853558,163.02274216074085,164.92717845279918,8916500,False
2024-09-26,164.11233520507812,165.43879591011378,162.3594987058963,162.49214477639987,4957200,False
2024-09-27,164.4344940185547,165.2872167980758,163.51544096687522,163.92284878497065,4599500,False
2024-09-30,164.10287475585938,164.86085860643732,163.63862067110173,164.60503598468264,6296600,False
2024-10-01,163.9512939453125,164.8608775620574,163.15541731649893,164.14080077275096,7130600,False
2024-10-02,162.8900909423828,163.3922521236212,162.09421448049608,162.97536032244108,6212700,False
2024-10-03,161.1846466064453,162.36899185709774,160.85303861066632,162.36899185709774,4794300,False
2024-10-04,160.009765625,161.15620359004893,159.42232062217732,159.98134249907898,6002800,False
2024-10-07,158.3422088623047,160.67300654223934,158.10533982585085,160.27506829587753,6325300,False
2024-10-08,159.32757568359375,159.73498344466628,157.53684653136784,158.08638437402672,7473000,False
2024-10-09,160.3793182373047,160.89094908090829,159.1760192815848,159.53606490392804,8758800,False
2024-10-10,160.07608032226562,160.8719567572074,159.5265424627094,159.9339646936466,6932300,False
2024-10-11,162.1036834716797,162.4068827650582,160.0950387537304,160.55930725021443,7036500,False
2024-10-14,163.44911193847656,163.761780815304,161.77208949550115,162.03738167147486,5909000,False
2024-10-15,164.4534454345703,165.72306003004698,163.74283830850425,163.80915412245415,7172200,False
2024-10-16,163.32594299316406,163.52490488810344,161.91419832822191,162.8522049192378,6117000,False
2024-10-17,163.23118591308594,164.55764670722013,162.7384942792625,163.13643251750275,7045600,False
2024-10-18,163.23788452148438,164.12422576920395,160.5502996171823,162.30390255894534,8372500,False
2024-10-21,161.57955932617188,163.4284725737092,160.54074173198765,162.9519491405229,5522500,False
2024-10-22,161.73202514648438,162.7136621027001,160.65509224386585,160.65509224386585,7511400,False
2024-10-23,161.61767578125,162.17996989505906,160.8075801958818,161.58908554104548,4837800,False
2024-10-24,161.6558074951172,161.97985448722437,160.99820281966566,161.46520102715738,5861200,False
2024-10-25,160.32156372070312,161.44615217384447,160.15000770273244,160.98869369649398,4877900,False
2024-10-28,161.350830078125,161.69392751617465,160.47402874585154,161.33176506980547,5753800,False
2024-10-29,159.3208465576172,160.93149812547313,158.99681410578646,160.93149812547313,5681000,False
2024-10-30,158.3582763671875,159.46381426116116,158.16766989568828,159.24460300371254,5518100,False
2024-10-31,157.42428588867188,159.19695377110617,157.3385151546046,157.9770548565645,6056500,False
2024-11-01,157.3480224609375,158.53933088495324,157.24318673793053,157.5481541324622,5454800,False
2024-11-04,157.3289794921875,158.463107597488,156.85245605583208,157.9389289090288,5130200,False
2024-11-05,157.97703552246094,158.5107539568029,156.61418555126698,156.61418555126698,4397400,False
2024-11-06,153.48817443847656,158.24386817971728,152.30639129142335,157.83406507771815,11473700,False
2024-11-07,155.73739624023438,156.25203516370826,153.89800817514086,154.35548115416375,9056700,False
2024-11-08,159.8354949951172,159.873610470817,156.23296449199248,156.31874976141378,7506200,False
2024-11-11,158.234375,160.60746700659053,157.99611327596912,159.15883165262713,6364400,False
2024-11-12,158.0532989501953,159.2160173650132,157.79598675028302,158.33921593688433,6507500,False
2024-11-13,158.75856018066406,158.96823166975577,157.90080921374104,158.262971702598,5412300,False
2024-11-14,159.23509216308594,160.15000912591736,158.69184840075113,158.88246943182205,7444300,False
2024-11-15,161.57955932617188,162.5612109774894,159.04446571380012,160.05469306538046,9939400,False
2024-11-18,162.73275756835938,163.3998874874041,160.90290927226175,161.16976123987962,6681000,False
2024-11-19,162.7422637939453,163.13301646601113,161.69392105570373,162.67555808100278,5683700,False
2024-11-20,162.86618041992188,163.0377364200006,161.5509710745696,162.02749451362868,7081100,False
2024-11-21,164.63885498046875,165.36316540244798,162.22764744283967,163.6000373306672,6240400,False
2024-11-22,168.00311279296875,169.0705207082366,165.7158059624399,165.97311816479345,10609800,False
2024-11-25,169.06097412109375,170.42383863009186,168.59397594597655,169.14674484437842,19357000,False
2024-11-26,170.89085388183594,171.0338196561029,168.87992414616212,168.87992414616212,6276700,False
2024-11-27,170.93849182128906,171.9582444378306,170.33806762335448,171.5484412529392,5522900,False
2024-11-29,170.84317016601562,171.19580738326013,169.90918834088765,170.3094662659425,3823700,False
2024-12-02,171.2625274658203,171.70093544470765,169.65187585505817,170.7097585108501,5728200,False
2024-12-03,167.18348693847656,171.18628104557624,166.97381545522614,170.376199898783,8127300,False
2024-12-04,166.88803100585938,166.92614648043474,165.31550955308012,165.99216465876214,6823500,False
2024-12-05,167.7648468017578,168.1746645360474,166.25903093530584,166.64978365949452,5022200,False
2024-12-06,165.6586151123047,168.44151024759068,165.59189485060222,167.1358261375306,5741200,False
2024-12-09,162.77085876464844,165.6014089621415,162.42776133033593,165.48704799815076,7164300,False
2024-12-10,164.19090270996094,164.81037731743672,161.95123689707427,162.4182350676426,6219900,False
2024-12-11,162.61837768554688,165.24878157864254,162.39916645436733,164.8866191465545,5237500,False
2024-12-12,162.82806396484375,163.75252059444978,162.03703331567874,163.38081835356996,4072800,False
2024-12-13,163.02821350097656,163.72393372208364,162.1323470161397,162.75183627637549,3884500,False
2024-12-16,163.10443115234375,164.6674273454767,163.06631567841674,163.3998733378841,5943600,False
2024-12-17,162.3324737548828,163.87640501782448,162.03703155442767,162.65650619781164,6069200,False
2024-12-18,161.14114379882812,162.55164889564804,161.0839633214669,161.78920859870732,7517100,False
2024-12-19,161.24598693847656,162.1132629979191,159.49238435448757,161.07443095616256,8585200,False
2024-12-20,160.1690673828125,161.89408002791893,159.63536341994447,160.9410330821282,21999300,False
2024-12-23,160.21673583984375,160.75996508168657,158.54890354728673,160.16908058015915,6983900,False
2024-12-24,161.0077362060547,161.2364581415932,159.55910093083415,159.7497073912298,2460800,False
2024-12-26,162.1704559326172,162.30388191029087,160.1785915007954,160.40731343832692,3629400,False
2024-12-27,161.57003784179688,162.74228144278015,161.3127111100498,161.46520210236966,4367900,False
2024-12-30,159.24459838867188,161.04585639546943,158.8824504660212,160.75041419185658,4354500,False
2024-12-31,159.77830505371094,160.18812277781842,158.76807767858944,159.5019278546526,3957600,False
2025-01-02,158.1867218017578,160.78855033246174,158.1200160801802,160.19765136039643,5401700,False
2025-01-03,157.37661743164062,158.6822868500715,156.53793162236786,158.44402515810444,5256600,False
2025-01-06,153.05931091308594,155.82314061781182,152.90681994586737,155.16553604622845,8731700,False
2025-01-07,153.72645568847656,154.9749447017009,153.19275179357214,153.87894667054653,8447400,False
2025-01-08,154.48890686035156,154.77480929380116,153.03074628039263,153.43102422956358,4974800,False
2025-01-10,151.1151123046875,153.6406952844653,150.07629468644697,152.63045336714933,8501500,False
2025-01-13,151.38197326660156,152.57328194795355,150.97217006054078,151.86803651569227,6772200,False
2025-01-14,152.23973083496094,152.55423808553795,150.87686608246062,151.39151959880223,5982200,False
2025-01-15,152.15391540527344,153.58348560153598,151.85847322482024,153.0497817217057,8059200,False
2025-01-16,152.9640350341797,153.04028053504103,151.6678906042213,152.1253490670471,5774400,False
2025-01-17,153.56443786621094,154.15532223762233,152.1062774034865,152.23970337581616,7262700,False
2025-01-21,154.12673950195312,154.72716367784517,153.40242912294096,153.40242912294096,13914700,False
2025-01-22,157.0049591064453,160.24531290564343,156.71904211420022,159.25415048051508,14356700,False
2025-01-23,158.34872436523438,158.66323156297918,155.651614644194,156.185318540122,7614300,False
2025-01-24,157.36781311035156,159.0841775908773,156.48566526597054,159.0841775908773,6199800,False
2025-01-27,162.67990112304688,162.94838027398046,159.2759512646192,159.860855407228,9170800,False
2025-01-28,159.3526611328125,162.6127734577469,159.27595071409428,161.96075684516657,6716300,False
2025-01-29,159.39102172851562,160.40740925324923,159.05543007977354,159.86086759397554,4850300,False
2025-01-30,160.52249145507812,160.70467689567246,159.1033704604583,160.5896039362865,4136500,False
2025-01-31,159.16090393066406,159.76497474642554,158.41299558275563,159.1704872470669,5464700,False
2025-02-03,161.81690979003906,162.41141184232623,158.43214140522323,158.66227264781978,8668600,False
2025-02-04,161.2128448486328,162.3251093169592,159.43895120518133,162.3251093169592,6410900,False
2025-02-05,162.05662536621094,162.1812816189444,159.75537144984548,161.17447754390366,7536800,False
2025-02-06,161.93199157714844,162.93878106987202,161.11695618387895,162.40182277214845,4957900,False
2025-02-07,161.05943298339844,162.16211419763965,160.96354129910927,162.13334961855625,4535600,False
2025-02-10,160.63754272460938,161.54845525653474,159.55402807669878,160.79096357637007,7062900,False
2025-02-11,162.4593505859375,162.59360479027546,159.6499028617683,160.7909465505117,5438100,False
2025-02-12,162.60316467285156,163.0825937414833,161.0594024866169,161.4237732607015,6037400,False
2025-02-13,163.9839324951172,164.32912203032524,162.18127440780677,162.65112019020563,6328300,False
2025-02-14,156.1884307861328,163.00591401027376,155.62270789012945,162.8045473259078,13179500,False
2025-02-18,158.62391662597656,158.9403416108838,155.5268085097261,156.62950429913303,7075300,False
2025-02-19,159.6403350830078,160.0046913140469,158.4417621220504,159.2663809044298,7910700,False
2025-02-20,160.3306884765625,160.87723005067355,156.10212023937504,156.43771183582493,6162600,False
2025-02-21,163.22645568847656,163.53329738875,159.0937784684099,160.55124728267367,9813700,False
2025-02-24,163.52366638183594,165.86328266486194,162.80452275210325,163.2168393746109,8564100,False
2025-02-25,165.54689025878906,166.7934090549292,163.77301106864363,164.23325898547378,7314900,False
2025-02-26,164.25244140625,165.5468914247677,163.62917468828144,165.19211851044335,5519000,False
2025-02-27,164.89486694335938,165.96878358297624,163.61000030224392,163.8209503037425,5467000,False
2025-02-28,166.6879119873047,167.46458481634903,164.77979346434776,166.43861411348044,10240100,False
2025-03-03,168.3659210205078,169.03711888690304,166.37149405249326,166.43862115464086,7615300,False
2025-03-04,166.05506896972656,172.58490610970335,165.79618776992027,169.47820003288243,12117600,False
2025-03-05,167.42623901367188,168.6343951371472,165.9016579131163,166.2468474671115,6989100,False
2025-03-06,167.4741973876953,168.60564318041455,165.7290682254807,167.69473070422222,6702500,False
2025-03-07,168.7111358642578,171.53018195653624,166.88931072091708,166.9276586200216,9566700,False
2025-03-10,169.00836181640625,172.58491387588143,168.59605976266923,169.48779097527262,11047000,False
2025-03-11,165.99754333496094,168.7494765904781,165.23046840383657,168.59605575184665,11032300,False
2025-03-12,161.44297790527344,164.7606342790838,160.86767166605227,162.71826128385575,10158800,False
2025-03-13,161.6539306640625,162.32512860340765,160.3978285280699,160.80054729167702,6609000,False
2025-03-14,161.05943298339844,161.6539204591441,159.7649684005789,160.8868308778813,6790500,False
2025-03-17,162.77577209472656,164.05105532954434,161.21284308823368,161.44295970557377,9931700,False
2025-03-18,160.8101348876953,163.25521189284325,160.68547862447778,163.0730411025473,6099900,False
2025-03-19,161.634765625,161.80735311209764,160.23482593968598,160.96355304801696,7569200,False
2025-03-20,160.6566925048828,162.2484006101826,159.19922396081225,161.94155896679305,8789200,False
2025-03-21,159.8321075439453,161.2224492847543,157.36783445607583,160.26359089371115,16027300,False
2025-03-24,158.83486938476562,160.0046776653547,158.55680691919048,159.5827776781237,6102100,False
2025-03-25,156.1500701904297,158.56638242018698,155.5268035560038,158.49926995153487,8366700,False
2025-03-26,159.72662353515625,159.95675480320526,156.2843256167278,156.62951520329275,7756000,False
2025-03-27,161.76898193359375,162.07580896572813,159.76495706980666,160.96352988333243,6211700,False
2025-03-28,161.11697387695312,162.72786357804017,160.72383842615605,162.4114385540585,5479100,False
2025-03-31,163.4086151123047,164.09899419702705,161.1840716634333,161.1840716634333,11520100,False
2025-04-01,163.54286193847656,164.01270775147322,162.1045745532798,163.5524598848947,7021100,False
2025-04-02,162.52645874023438,163.8496876880087,161.38541518451763,163.07301491640706,6274500,False
2025-04-03,165.29757690429688,167.60842885097355,163.7058686615308,167.06187261311374,9393300,False
2025-04-04,157.01303100585938,166.45779017373235,156.74455187904812,164.70307790356338,13454200,False
2025-04-07,153.6378631591797,157.92396098218373,152.64065695283966,156.9267547758437,15708000,False
2025-04-08,151.8735809326172,156.56239790923215,150.2627058483652,155.63230409355646,11541100,False
2025-04-09,155.6418914794922,157.90478309732836,150.243514388186,150.88594771493024,10670200,False
2025-04-10,156.8308563232422,158.27874167500485,154.13646692510954,156.1980063535055,10581600,False
2025-04-11,160.0430450439453,161.10737836000544,155.9295346747061,156.6486784117463,8602800,False
2025-04-14,162.17169189453125,163.11136883295822,158.95951107516356,160.1676671388554,9877300,False
2025-04-15,161.53884887695312,163.15932164365276,161.3566634703752,162.18128214208562,8765000,False
2025-04-16,159.54441833496094,162.69905543507167,158.9690975516568,162.32510131522858,5897500,False
2025-04-17,163.6099853515625,164.58801021712011,160.46493151063655,160.6375189700824,7227100,False
2025-04-21,159.9214324951172,163.97373734240534,158.50312359023386,163.91584958664956,8062400,False
2025-04-22,161.97654724121094,162.83525002885185,158.7539863022032,160.02757590484416,7907400,False
2025-04-23,159.90213012695312,160.7511897957603,157.37426666855274,160.5485679303526,9309200,False
2025-04-24,153.920166015625,155.29988807653487,151.07390497698984,154.8560573844486,20077700,False
2025-04-25,155.35775756835938,156.11032779592298,152.22204337943904,154.25784610328827,12892800,False
2025-04-28,156.15855407714844,156.84357869779146,154.7498884683587,155.37702534328136,8127000,False
2025-04-29,156.5541534423828,156.6795867288435,153.6017601012058,155.61826212544543,8266200,False
2025-04-30,156.85324096679688,157.4224901123181,154.3253631275656,156.73745074982267,12475500,False
2025-05-01,154.3543243408203,155.67615851741277,153.4570347112056,155.010419903329,6792800,False
2025-05-02,154.87533569335938,156.11996650518572,154.2771279151578,155.27090689884503,5750200,False
2025-05-05,153.24476623535156,155.25162508251148,152.46325213167523,155.232324257594,7576200,False
2025-05-06,153.65000915527344,154.09383983531853,152.1062669106664,152.48255205848452,7703800,False
2025-05-07,153.6885986328125,154.42188283614811,152.96497220407912,153.428103718465,6430000,False
2025-05-08,153.0710906982422,154.37362403996582,152.45359679097098,152.8105958076703,7230800,False
2025-05-09,152.1159210205078,153.53422994093484,151.87471222073745,152.4632622810658,6453200,False
2025-05-12,155.2419891357422,155.38672325964902,151.18004089134834,151.89400956930433,7378400,False
2025-05-13,153.1482696533203,155.06829678166355,151.8264502916484,154.39291516337187,7780800,False
2025-05-14,152.46324157714844,153.56315296584887,152.02906874096414,152.55971625062563,5988900,False
2025-05-15,156.69886779785156,157.18128533453194,153.1193231979086,153.9780258243111,8727300,False
2025-05-16,157.5382843017578,157.68300368738093,156.15857708476327,156.93043343770822,7100800,False
2025-05-19,158.97592163085938,159.3425490455762,157.66374499164746,157.72163275595966,8119900,False
2025-05-20,159.81529235839844,160.16263359846445,158.81187028832764,158.8215133397515,5576600,False
2025-05-21,159.6126708984375,160.51961828988152,158.8311567868958,159.0241355935812,6424200,False
2025-05-22,159.22674560546875,160.35560097833135,158.25226739185646,158.6574963932264,6245600,False
2025-05-23,160.02755737304688,160.3748986133421,157.7312450220831,159.0337783537442,5349800,False
2025-05-27,161.86073303222656,162.07299793456917,159.45830302640894,159.45830302640894,11423800,False
2025-05-28,161.47482299804688,162.9027750013373,161.18536948762147,161.75461873405396,5385900,False
2025-05-29,162.63262939453125,163.04751621271225,160.58718335035982,160.87663687338087,4842500,False
2025-05-30,163.9158477783203,164.9771723628566,162.6712168766518,162.81593626444473,12587500,False
2025-06-02,161.8800506591797,163.09573772605825,160.38455313643564,163.07645162181834,7574400,False
2025-06-03,160.98275756835938,161.52306291996987,160.06615235878803,160.91521203829973,6223000,False
2025-06-04,160.11439514160156,162.14055490804583,160.0854512639852,160.8283784746436,4939000,False
2025-06-05,157.07516479492188,159.62232899279775,156.79535435799542,159.6126712191145,10351800,False
2025-06-06,158.25225830078125,159.4293583085661,157.5382750219267,157.54791807299478,5697700,False
2025-06-09,156.84359741210938,158.25226318897876,156.37083761750816,157.6444123419591,6544200,False
2025-06-10,157.11373901367188,157.7601767428701,156.22609251736023,156.96901964228974,7680000,False
2025-06-11,156.40943908691406,157.04623386945164,156.0042100586312,156.9111575266907,5960100,False
2025-06-12,157.44178771972656,157.56722099635968,155.99453504060176,156.27434546967328,6509900,False
2025-06-13,154.64376831054688,157.2970648297189,154.2867840354399,157.03655523107082,7104500,False
2025-06-16,155.22268676757812,156.2550527433062,154.38327015907464,155.22268676757812,6332000,False
2025-06-17,152.94566345214844,154.7305995453924,152.74304160433033,154.43150302135894,6809700,False
2025-06-18,152.46324157714844,153.07107765892053,152.11590036375804,152.97460298544334,7211200,False
2025-06-20,153.48597717285156,153.7368290114357,152.29923406255,152.47289732259685,16173400,False
2025-06-23,155.36741638183594,155.52179355243777,153.40880203675414,153.47634756972394,6588200,False
2025-06-24,154.72097778320312,156.05245510923004,154.03593829340485,155.512135014775,7470100,False
2025-06-25,153.37985229492188,154.7016718024103,153.12900044394513,154.19996810045683,5933700,False
2025-06-26,153.05181884765625,153.94910855428188,151.64315291933934,153.93946550187917,7410400,False
2025-06-27,154.23854064941406,154.4990502502803,152.72374246617977,153.10002756866865,19257000,False
2025-06-30,153.717529296875,154.27712067784077,152.56937321640254,153.65962682643726,11238200,False
2025-07-01,155.55072021484375,156.81465187453895,153.77542711606904,154.25784467914147,10664900,False
2025-07-02,155.5314178466797,155.67615194749453,154.2385423238073,155.47353009523997,8848700,False
2025-07-03,155.17442321777344,156.32257928548856,154.1709865190079,156.1006566234798,6999600,False
2025-07-07,154.85604858398438,155.51212944901576,153.68859152186872,155.23233372062688,7225700,False
2025-07-08,152.3378448486328,154.1613829757927,151.903671908303,153.91053109792216,12034800,False
2025-07-09,151.9808349609375,152.63691578768635,150.46603672860107,152.54044110727872,18770900,False
2025-07-10,152.91673278808594,153.9973434772332,151.51771000105205,152.2123925075657,7200500,False
2025-07-11,151.52737426757812,152.49220948771907,150.93882419440345,152.49220948771907,8053800,False
2025-07-14,148.35305786132812,150.32132995104223,147.4847120537712,150.1090650252453,11491700,False
2025-07-15,147.31103515625,148.63286942623503,146.5584648581702,148.16009486576246,9142600,False
2025-07-16,148.32412719726562,148.3530710786151,146.91547589753014,147.36894966829635,8479000,False
2025-07-17,150.1476287841797,150.27306205430645,148.46882518569416,148.62318760791004,8320000,False
2025-07-18,150.6693115234375,151.12588636258516,149.24130337936217,149.38701244594296,7337300,False
2025-07-21,150.601318359375,151.48532630818906,150.4653182767034,150.64018399607963,6328400,False
2025-07-22,153.79734802246094,153.8459078357279,150.47503264188117,150.49446546092665,8187000,False
2025-07-23,153.7584686279297,154.3413345639638,153.1756026918956,153.70018499890557,4804800,False
2025-07-24,154.2733154296875,154.4773229387162,153.53503147980788,154.33159905429704,7027400,False
2025-07-25,153.77789306640625,153.91389313435116,152.53445963865397,152.8453105841442,5799900,False
2025-07-28,152.6219024658203,153.5739030498973,151.76703632825885,153.12705198555187,7885000,False
2025-07-29,152.13616943359375,154.11788683997233,150.4167283452607,154.11788683997233,11466100,False
2025-07-30,148.5127410888672,152.5150419037794,147.70644959814413,152.5150419037794,8162900,False
2025-07-31,146.1715850830078,147.65787700120129,145.62758474993012,147.463593285516,11845400,False
2025-08-01,146.346435546875,149.10531766386632,146.22015928464705,147.4441600304472,8594200,False
2025-08-04,146.4532928466797,147.1333080794207,145.73444162322934,145.95786715298576,7679400,False
2025-08-05,146.21041870117188,147.73557607686698,146.02585882786025,146.40471721690304,6670100,False
2025-08-06,148.4932861328125,149.0955700002066,145.91899396776188,146.5504196466173,7376200,False
2025-08-07,149.10528564453125,149.61042023076342,148.33784512373825,148.74584528472306,6719000,False
2025-08-08,149.12472534179688,149.39672548871127,148.21159046166792,148.40587416333585,5811000,False
2025-08-11,150.552734375,150.95102560055176,148.93044248141928,149.1538679984547,7331700,False
2025-08-12,150.6595916748047,151.0967337089651,149.90187486282096,150.6304498607204,6938000,False
2025-08-13,150.970458984375,152.5247434352289,150.52359312573043,150.7761752808803,5812400,False
2025-08-14,149.34815979003906,150.2807274504224,148.89158495653416,150.2224438245104,6343700,False
2025-08-15,149.950439453125,151.15502203856826,149.8047303924604,150.0572977052441,7121700,False
2025-08-18,151.27159118652344,152.43730815516315,149.76586664153675,150.00872496095732,8274500,False
2025-08-19,153.87503051757812,154.16646347542766,151.22302172922898,151.28130535621966,7868100,False
2025-08-20,154.9533233642578,156.429906159423,153.88475560718643,154.04989749265482,7840400,False
2025-08-21,154.1956024169922,154.51617718236628,152.68987784856074,153.41845281816668,6417500,False
2025-08-22,154.1373291015625,156.0899048144747,153.78761249984277,154.82705330766692,5797300,False
2025-08-25,151.68930053710938,154.16645836232877,151.4367332208943,153.86531641760047,4692500,False
2025-08-26,151.51446533203125,152.2236075484004,150.902457559839,151.4658906984943,6338000,False
2025-08-27,152.47618103027344,152.64132291657685,151.33959099724487,151.68930758673915,4551200,False
2025-08-28,151.20358276367188,152.52473260568664,150.6012988787327,152.515023609215,5857400,False
2025-08-29,152.5538787841797,153.05902825017412,151.20358709120853,151.63102011451954,5318200,False
2025-09-02,153.4767608642578,154.32190313852297,152.49560369051432,152.8647531081918,6432800,False
2025-09-03,153.651611328125,154.10818618886495,152.02931941092217,153.14646183526233,6592500,False
2025-09-04,154.64248657226562,155.18648690901549,153.30190372606242,153.99162796773294,6934900,False
2025-09-05,155.44876098632812,155.97332844682737,153.8847527787027,154.02075284793554,6436200,False
2025-09-08,154.4676055908203,155.69162105048235,153.72932161001006,155.05047150712568,7178400,False
2025-09-09,154.90475463867188,155.30303101109794,153.68073924064984,154.0790304359711,4984900,False
2025-09-10,152.85504150390625,154.39961695221885,151.43674230983228,154.06933317513875,6205500,False
2025-09-11,154.09848022460938,154.79791343683286,152.8938975095807,153.21447230042455,5819500,False
2025-09-12,153.38931274414062,154.58418638032518,153.2727454910088,153.41845455742356,5957000,False
2025-09-15,152.34988403320312,153.9916086583258,151.73787631965206,153.3698919481564,5995000,False
2025-09-16,153.53504943847656,153.86533323182672,152.40818315456733,152.65104150077724,6559600,False
2025-09-17,155.74989318847656,157.05161017292053,153.90416113825933,153.90416113825933,6764200,False
2025-09-18,152.82589721679688,154.47733089837243,152.670464327899,153.6321738293003,7651500,False
2025-09-19,151.5824432373047,153.11730960602793,151.51445061527477,153.10760060942238,17224800,False
2025-09-22,148.6973114013672,151.62132047619116,148.67787858377295,151.62132047619116,8712900,False
2025-09-23,148.14358520507812,148.91101102603324,146.65729337213102,148.82358558242376,8853400,False
2025-09-24,148.06585693359375,149.24129770997772,147.45384923141162,147.7064313677511,6483300,False
2025-09-25,147.8035888671875,149.48417935562964,147.4441632452525,148.85273873913306,7511400,False
2025-09-26,148.14358520507812,148.31843609229708,147.20129367400753,147.8812940513532,5721100,False
2025-09-29,149.14414978027344,149.3287244745027,147.45385054263704,148.06585825026144,8139700,False
2025-09-30,149.26072692871094,149.9698839401892,148.47386829409467,149.0761670451376,7762600,False
2025-10-01,148.8041534423828,149.4938776429776,147.0847270853178,149.3093029348087,7566000,False
2025-10-02,147.70643615722656,148.4350111318697,147.2984359501739,148.35729468916026,6892100,False
2025-10-03,147.920166015625,149.04701747934675,147.65787485067642,147.65787485067642,5212600,False
2025-10-06,146.11329650878906,147.96873780005848,146.10357268845038,147.1721553229241,6737000,False
2025-10-07,148.18243408203125,148.79444182509968,145.7635745697061,146.45328393525963,6844400,False
2025-10-08,146.38528442382812,148.42528543326645,146.3270007982578,148.42528543326645,5254700,False
2025-10-09,146.2784423828125,146.56015154525875,145.30700898791235,146.43387528349186,6134500,False
2025-10-10,145.4138641357422,147.1818651686376,145.18071478972325,146.62815585332586,7374000,False
2025-10-13,143.2767333984375,145.1613019522919,142.77158382398116,144.7435926589388,7511100,False
2025-10-14,144.89898681640625,144.98641225122373,142.8784038819969,143.35441150971715,8585300,False
2025-10-15,143.2086944580078,145.14185204978645,143.0629853930302,144.28698600752924,10003100,False
2025-10-16,145.32643127441406,146.10356607569742,143.6944155813474,143.78184102305738,8809700,False
2025-10-17,147.0749969482422,147.68700467580112,146.1327054533545,146.26872034649733,8612900,False
2025-10-20,147.6190185546875,148.0367277806686,146.9778689854687,147.25957813521214,5601300,False
2025-10-21,147.28871154785156,147.92986108049612,146.56013657609068,147.61901013378392,6013400,False
2025-10-22,147.85215759277344,149.07617313923217,146.48243296835392,146.97787347921465,6394400,False
2025-10-23,147.86187744140625,148.92073624053725,146.27843632991355,147.99787751814878,8205400,False
2025-10-24,149.1697540283203,153.9728344665201,148.23065008567193,152.99460803426382,11968500,False
2025-10-27,148.4360809326172,148.45563471371477,146.8611358143341,148.3089067227305,7775300,False
2025-10-28,148.0741424560547,149.83495316428636,147.34047257150416,147.8295858278712,5819300,False
2025-10-29,145.53074645996094,147.68284156577917,145.23727555313337,147.37959376845916,7405500,False
2025-10-30,146.3231201171875,147.51655762871852,146.08834038610624,146.21551460626088,6760700,False
2025-10-31,147.09591674804688,147.81003285336692,145.29598353714172,145.47207207220424,7930300,False
2025-11-03,144.79708862304688,146.94918390672686,144.5525320015707,146.83180150491484,8946400,False
2025-11-04,143.96559143066406,146.2448609544514,143.06562484674595,145.36446307986137,9295400,False
2025-11-05,142.61563110351562,144.21014503293102,142.478679994192,143.67211748681987,11199900,False
2025-11-06,142.9482421875,143.4862548173669,141.3146057355029,142.70368556426897,10024500,False
2025-11-07,143.7797088623047,144.71881275288823,142.8210511912767,143.75036326508803,8500100,False
2025-11-10,142.3319549560547,143.42756385344666,140.9526520163762,143.1927990477494,10208100,False
2025-11-11,145.3057403564453,145.41334585563237,142.49823541386064,142.78192942378558,7332500,False
2025-11-12,144.78729248046875,145.90247004402823,144.29817925212598,145.29597441737957,7851100,False
2025-11-13,144.73838806152344,145.75573697338697,144.42534844153425,144.9535841420777,7566800,False
2025-11-14,144.45469665527344,146.12747043595405,144.3960054571006,145.85356822678017,9150800,False
2025-11-17,142.64498901367188,144.75794681497158,141.85261304581445,144.53295890947066,9902300,False
2025-11-18,143.78952026367188,144.18080489755508,142.34173427988958,143.14388718386778,10735200,False
2025-11-19,143.78952026367188,144.3275329036233,142.68411952945138,143.7601746624582,6367000,False
2025-11-20,144.96337890625,145.4231465283615,142.94823482289357,143.44712493502374,9021300,False
2025-11-21,147.63394165039062,148.2013148118135,145.07099299581822,145.1492529070371,12018000,False
2025-11-24,143.7797088623047,147.13503310072764,143.34928686772682,146.83178531178868,13846900,False
2025-11-25,145.25685119628906,145.4133560843928,144.01449942311194,144.112328038909,10477700,False
2025-11-26,145.02206420898438,145.7263884130947,144.39599990828077,144.69924770488794,9238500,False
2025-11-28,144.9340362548828,145.4720637945254,143.9753635745919,144.58187413134868,4707200,False
2025-12-01,144.22972106933594,145.64814654365367,144.14168426455913,144.87535415747024,8240700,False
2025-12-02,142.6841278076172,143.00694436624823,139.40706283414838,142.12653149910372,16376800,False
2025-12-03,143.515625,145.0612098274382,142.6841264544524,142.7428176597282,9125300,False
2025-12-04,142.19500732421875,144.210151564052,141.35373192125851,143.47648167518736,10479300,False
2025-12-05,140.3265838623047,142.45912532454915,140.1309415539968,141.9993576904224,12791700,False
2025-12-08,135.3278350830078,139.7983368458492,135.13219279050176,139.7983368458492,17507500,False
2025-12-09,136.58975219726562,137.81253515419436,135.9734648104776,136.15933020817874,10375700,False
2025-12-10,136.775634765625,138.2038370797448,136.50171761645993,136.60932312724032,13650400,False
2025-12-11,137.69515991210938,138.75164634743118,137.30387527379114,137.92993965103162,11798000,False
2025-12-12,139.72987365722656,139.99399899918353,137.77342060150548,137.92994042833573,10268800,False
2025-12-15,141.97000122070312,142.15586662365797,140.0820165200331,140.15049953230076,13877700,False
2025-12-16,142.04827880859375,143.34930693815744,141.50045942189865,142.91889980986795,10251700,False
2025-12-17,144.59165954589844,145.21772392169242,143.26127088151722,143.49605061989703,9833300,False
2025-12-18,142.3515167236328,144.2884009089423,142.18522001885609,143.42755685922654,12239900,False
2025-12-19,141.3146209716797,142.86999768075333,140.80593896107987,142.34174695875072,19345600,False
2025-12-22,139.5831298828125,141.25588869764735,139.31900457068835,140.58092500796434,11731400,False
2025-12-23,140.06246948242188,140.6004970672291,138.98642923935992,139.3875057049937,9541600,False
2025-12-24,141.3439483642578,141.58850498234676,139.72008883777474,139.78855692903292,3259200,False
2025-12-26,141.58851623535156,142.4689141598225,141.16787105700027,141.16787105700027,4711500,False
2025-12-29,141.42222595214844,141.91133924946945,140.81571531341413,141.64721388948118,7662100,False
2025-12-30,140.9135284423828,141.31460488443864,140.44398390804153,141.14829324627766,6006400,False
2025-12-31,140.18963623046875,141.00156601030568,140.11137631989453,140.8646148984387,5293200,False
2026-01-02,138.70272827148438,140.21898232528127,138.164715640037,139.9939944106823,8946100,False
2026-01-05,137.3136444091797,138.2723170940466,136.56042077663597,138.02776047727366,12297300,False
2026-01-06,136.86366271972656,138.34077924808673,136.47236319375153,137.3332072243459,10421800,False
2026-01-07,135.0343780517578,136.75606622638384,134.62352471732706,136.75606622638384,14369100,False
2026-01-08,138.44837951660156,138.69293611363173,134.81916797554177,134.88763606090416,9297100,False
2026-01-09,138.78097534179688,139.2309660559118,137.7636264479789,138.61467864408385,9528500,False
2026-01-12,140.33639526367188,140.7472486464177,138.624498705621,139.1820801084355,12812000,False
2026-01-13,141.09939575195312,141.1972094460348,139.85704391735666,140.86461601836388,15549200,False
2026-01-14,143.16343688964844,143.7014494581827,141.22653790734503,141.52978569733344,13475000,False
2026-01-15,141.4809112548828,143.1634621215703,141.20700901393857,142.50803719514735,10102800,False
2026-01-16,141.38307189941406,141.57871421001954,140.5320196386769,140.6298333307039,11729300,False
2026-01-20,143.79930114746094,143.79930114746094,140.98200394032003,141.31461230756202,12901400,False
2026-01-21,142.87974548339844,144.16121967814271,141.81348229060896,143.85797188262922,14126800,False
2026-01-22,146.6654815673828,147.62415421643684,144.2883985058945,144.85577162679866,18501900,False
2026-01-23,147.92355346679688,149.401311303758,147.57875232435734,148.6033244770038,14562600,False
2026-01-26,147.27334594726562,148.6427342237785,146.31772804575706,147.8939939935073,12655700,False
2026-01-27,146.14039611816406,147.42112259537095,145.73647203113578,145.87441052844025,9546000,False
2026-01-28,145.15521240234375,146.50490801834093,144.61336489464628,145.80542941158075,7465800,False
2026-01-29,147.67726135253906,147.90386171227885,144.9286383741246,145.1059620999764,11035600,False
2026-01-30,149.51954650878906,149.71657788628465,146.9383858562462,148.19940471125457,12651400,False
2026-02-02,150.91848754882812,151.45047376679855,149.0072516350481,150.15990096775937,10554900,False
2026-02-03,153.01690673828125,154.20895631917858,149.94316018786608,150.3273766276017,12424700,False
2026-02-04,154.54391479492188,156.02167267984566,153.45037335877703,153.81489719251235,12178500,False
2026-02-05,156.25811767578125,157.2826898506833,153.80503420142952,156.4847030065954,13077700,False
2026-02-06,156.809814453125,157.6176626521585,155.6670114053594,155.89361177291113,10441700,False
2026-02-09,154.99710083007812,156.9181830781391,153.7065280129841,156.40588946781264,11439900,False
2026-02-10,156.72116088867188,157.77528709376142,154.3961544070585,155.19414130823176,9910100,False
2026-02-11,157.6275177001953,158.75061316250793,155.8443588114169,156.28768319844238,10217300,False
2026-02-12,158.81956481933594,160.72093932530024,157.2826840647245,157.64720788113706,13512900,False
2026-02-13,157.6964874267578,160.15941739819442,157.34182490956968,159.34172284377368,13998900,False
2026-02-17,157.18417358398438,159.765319051939,156.52411024036732,157.57823631576093,13319100,False
2026-02-18,154.53407287597656,156.62263260223827,153.46023905691038,156.62263260223827,14434300,False
2026-02-19,156.2088623046875,157.58811205701292,154.50451903682776,154.50451903682776,10724600,False
2026-02-20,158.39593505859375,158.6717819848204,155.8147895206744,156.77040745529172,11508100,False
2026-02-23,162.72084045410156,162.90802551977148,157.92305812522147,157.94276577227362,14772400,False
2026-02-24,162.8292236328125,164.39564347302232,161.50909678757395,162.4548534700461,9709500,False
2026-02-25,160.9672393798828,162.5533667721119,159.69637421761428,162.10018107467624,7878500,False
2026-02-26,161.3218994140625,162.06077834267654,160.44509702007508,161.7849314119297,7028600,False
2026-02-27,164.72073364257812,164.76999524257965,161.26278579090197,161.6075869258529,14878500,False
2026-03-02,161.08544921875,164.08038016205148,161.0263413109597,162.83905396833535,9095500,False
2026-03-03,157.35166931152344,159.78504529642643,156.26797412420703,159.78504529642643,10161000,False
2026-03-04,155.9527130126953,157.24328578189423,154.97738743101527,157.075808364692,8752700,False
2026-03-05,151.7066192626953,154.7705043310175,151.4898802521365,154.61287322651478,10060300,False
2026-03-06,151.35195922851562,152.14008469864805,149.63775476266505,151.3815131820191,8187900,False
2026-03-09,152.9183807373047,153.91339892648327,150.63277475529094,150.8790677258081,12494900,False
2026-03-10,153.6966552734375,154.8197505838155,151.32240253399604,153.18437673363664,7756800,False
2026-03-11,151.04656982421875,153.07602162573,149.18458041692423,152.92823681446026,8855100,False
2026-03-12,148.26837158203125,150.78056294424613,148.10089416222095,149.9530221525258,8489300,False
2026-03-13,148.4161376953125,150.28797328665797,147.9531057091528,149.12546265144954,7298900,False
2026-03-16,149.86434936523438,150.3766429785721,148.41614542375342,149.60821007483085,6944000,False
2026-03-17,149.2338409423828,151.18449220282605,148.95799400237624,150.74115280475118,6147700,False
2026-03-18,144.53457641601562,147.4014152272885,144.2882834404146,147.09601434274808,10059300,False
2026-03-19,142.69229125976562,145.1946362491204,142.6430296593396,144.0518332623683,10340300,False
2026-03-20,142.14059448242188,143.6577675620949,142.11104052928158,142.84007311597782,60620900,False
2026-03-23,141.8549041748047,143.98286400731013,141.3524568960289,143.98286400731013,10315600,False
2026-03-24,141.03721618652344,143.07651425140372,140.12099848068462,141.20469360962718,8567600,False
2026-03-25,141.7859344482422,141.9632732026604,140.1209915742622,141.60861072635382,8418100,False
2026-03-26,140.3081817626953,142.4263103908934,140.1308580343274,141.55935429879148,6443200,False
2026-03-27,140.59388732910156,141.94356801080363,139.90425497864086,140.60373363631126,11558300,False
2026-03-30,142.57408142089844,143.4114835656516,140.45596780656587,140.91898477889455,11616300,False
2026-03-31,142.29823303222656,142.77111133974066,140.1702580996175,142.67260316829584,10407500,False
2026-04-01,141.95343017578125,142.82038634804553,141.08648903604873,141.7859527393269,8061700,False
2026-04-02,140.997802734375,142.07165156982936,140.4658165030053,141.95342071533435,5941700,False
2026-04-06,140.6529998779297,141.53964859701762,139.8155977290451,140.8894315190035,6823100,False
2026-04-07,139.2047882080078,140.6529920592033,138.6530943661295,140.40669909175548,7207500,False
2026-04-08,142.75140380859375,142.95829652409785,139.766334122587,141.02735296533763,10849700,False
2026-04-09,144.48532104492188,144.76116798688773,140.87958811882837,142.24897652091994,6794800,False
2026-04-10,143.00755310058594,144.71189623663125,142.61347533074348,144.71189623663125,9790300,False
2026-04-13,141.4509735107422,142.93857756606974,140.51506327639626,142.84991570895394,7121400,False
2026-04-14,142.2391357421875,142.57409060866175,140.65300824796367,141.1160402826616,6621600,False
2026-04-15,141.2539520263672,142.25881654232523,140.15054927473156,142.21941628058445,7698200,False
2026-04-16,140.9879608154297,142.15045652101287,140.54463643673324,141.07662268466274,6947100,False
2026-04-17,144.75131225585938,145.40152937248862,141.03722470313383,141.2835176988996,10886000,False
2026-04-20,142.3474884033203,144.48530954973714,141.46082470394612,143.894200416821,8084700,False
2026-04-21,140.2096710205078,142.47555434827277,140.2096710205078,142.47555434827277,11197200,False
2026-04-22,140.7318115234375,141.175135870657,140.1111484178121,140.38699534641668,7236300,False
2026-04-23,143.54940795898438,144.06168653710807,141.27364818248435,141.27364818248435,11288800,False
2026-04-24,147.08203125,151.29061979953673,146.5261830755894,150.88365411979794,13786200,False
2026-04-27,147.30039978027344,148.59077024600995,146.3276654919543,146.3276654919543,9166400,False
2026-04-28,148.064697265625,150.06973396702963,147.33017497116106,148.91832555270014,7965700,False
2026-04-29,145.37478637695312,147.64781156823693,144.80900261897824,147.2011489489405,9002400,False
2026-04-30,146.00010681152344,146.62544356094526,144.86855445040024,146.00010681152344,9491700,False
2026-05-01,146.16883850097656,148.17387509806076,145.37477839724775,146.77431917479143,6814800,False
2026-05-04,142.3572998046875,144.97773760551402,142.20841731714523,144.97773760551402,9642800,False
2026-05-05,143.82632446289062,144.8189147356386,141.12647770935808,142.31759815323613,7664300,False
2026-05-06,146.80410766601562,147.8463305694715,144.85863904890977,145.31522213128636,9399500,False
2026-05-07,144.9777374267578,146.89344458988742,144.93804047870418,146.89344458988742,9545800,False
2026-05-08,145.33506774902344,146.42692312109028,145.12663227072707,145.46410933273836,5741000,False
2026-05-11,142.29774475097656,144.86854997018716,140.91804485205006,144.70973188862237,7489500,False
2026-05-12,142.8436737060547,144.77922176188346,141.80145086192348,143.280415861365,9051200,False
2026-05-13,141.18605041503906,143.59803758588825,140.61034622073603,142.0892960817053,6685900,False
2026-05-14,141.65257263183594,143.2109315738657,141.57316358796368,142.11907615278005,9636200,False
2026-05-15,140.52101135253906,142.33743821269604,140.1537426546991,142.33743821269604,6989400,False
2026-05-18,141.33493041992188,143.35980794213955,140.58056725394388,141.0470859006894,7731200,False
2026-05-19,140.2530059814453,142.64515212961857,139.8063433960926,141.41433476165247,8355800,False
2026-05-20,141.3845672607422,142.15878649680377,139.57804561278098,140.40189739386727,8375600,False
2026-05-21,142.3374481201172,142.65508429757702,139.0519765313656,140.82872171436264,6297300,False
2026-05-22,143.3697509765625,143.5682660152007,142.46649013317318,142.80396721343075,4616700,False
2026-05-26,141.9007110595703,144.53106920558864,141.47388936950904,143.43921385494397,8157200,False
2026-05-27,146.39715576171875,147.43936350970256,142.39701787414097,142.39701787414097,10048900,False
2026-05-28,144.828857421875,145.612997111615,143.93551704523207,145.612997111615,10196700,False
2026-05-29,142.4962615966797,144.56085124616453,142.13892848146642,144.44174525633545,12355800,False
2026-06-01,139.24057006835938,140.76916765583465,137.8310936193964,140.47138752814354,11093800,False
2026-06-02,139.77658081054688,140.0743457999317,137.99983559667405,139.08175544671062,9599500,False
2026-06-03,139.1512451171875,141.3944938803485,138.96265052530114,139.88575229098456,9351000,False
2026-06-04,139.7368621826172,142.07937591254404,138.85345741537546,141.64263375422658,8194000,False
2026-06-05,145.4541778564453,147.13165790934903,140.7493094643581,141.16619557848443,10963200,False
2026-06-08,144.0248565673828,145.4641094530425,143.94544752700992,144.70973114236304,7200700,False
2026-06-09,147.5684051513672,148.37240090955876,143.45908171837834,143.59804376120496,8259300,False
2026-06-10,147.94558715820312,149.31535147231375,147.28055347507657,148.7992154215363,7345900,False
2026-06-11,147.2408447265625,148.51135912703035,146.67507611881535,147.598177848302,6684700,False
2026-06-12,148.50143432617188,149.087058964007,147.20114346579274,148.2731427996088,6832000,False
2026-06-15,149.3451385498047,150.37742576552802,147.65772297578928,147.65772297578928,9158900,False
2026-06-16,151.360107421875,151.88617909397178,149.43447972594635,150.38735797717848,8518900,False
2026-06-17,149.44439697265625,151.80676679379997,148.6602572796902,151.25091863487825,7055800,False
2026-06-18,149.26573181152344,151.16156774393545,149.06720163806705,149.75209135760457,17076100,False
2026-06-22,146.58572387695312,149.77194530936566,146.47655348709506,148.99772611003655,10533000,False
2026-06-23,149.74217224121094,150.24838783829253,148.2632072518497,148.55106691849042,7259600,False
2026-06-24,150.91342163085938,152.21372763836797,149.8017253482469,150.8638042327417,8618500,False
2026-06-25,147.399658203125,151.16156874163084,146.72470407524094,150.44691766622896,11197200,False
2026-06-26,147.9158172607422,149.76203590587528,147.3202569962244,149.22602863866396,16724600,False
2026-06-29,147.3500213623047,147.94558157778496,145.95046545793386,147.62794542400204,10387700,False
2026-06-30,145.55343627929688,146.4368410119005,143.1017371059213,146.4368410119005,9353800,False
2026-07-01,146.33758544921875,146.40707404244185,144.47152592322945,145.44426020826734,9571700,False
2026-07-02,150.28810119628906,150.54616922223693,146.64529660699972,147.4790688253476,9256000,False
2026-07-06,148.2036590576172,150.09951021404746,145.8710808804345,149.56350295674108,8323100,False
2026-07-07,151.6181640625,152.35268631631146,149.49402148604588,151.5288345729856,8061400,False
2026-07-08,147.30039978027344,149.95062930520396,147.25078238006273,149.84144376243256,14272300,False
2026-07-09,145.7618865966797,146.56588228869282,144.5211487643815,145.68247755792555,7748000,False
2026-07-10,145.95046997070312,147.4889879534934,145.62292850235943,146.01003811067335,12473000,False
2026-07-13,147.27061462402344,148.93817416597793,146.01995632685183,146.98277010767168,7816100,False
2026-07-14,144.99758911132812,147.64780332666248,144.5112144243791,147.2706141757336,7668100,False
2026-07-15,146.9530029296875,147.48899504939956,143.5881222814616,144.20352344589517,6180000,False
2026-07-16,150.37742614746094,150.3972821936961,147.08201917579933,148.38232515400534,6485400,False
2026-07-17,148.86868286132812,153.17653609779785,148.20364920502914,151.72734765498078,8917400,False
2026-07-20,148.02499389648438,148.98780768360248,147.33016858111816,148.45180044864716,5788300,False
2026-07-21,147.00262451171875,147.3103250709858,145.7916631750561,146.76439739532225,7027600,False
2026-07-22,148.02499389648438,149.3451407916641,147.71729333176688,148.3922474549245,5371200,False
2026-07-23,145.88099670410156,146.51625388635964,144.51121725190643,145.05714494268898,6499200,False
2026-07-24,147.41000366210938,147.99000549316406,145.39999389648438,146.4499969482422,6620700,False
2026-07-27,148.6300048828125,150.25,147.85000610351562,147.85000610351562,7301800,False
2026-07-28,148.8800048828125,153.67999267578125,148.52000427246094,151.5,12848800,False
2026-07-29,146.10000610351562,146.3800048828125,140.1999969482422,141.3800048828125,14616800,False
2026-07-30,143.9600067138672,144.4499969482422,142.25,143.75999450683594,9571100,False
2026-07-31,144.49000549316406,144.6999969482422,141.4600067138672,143.50999450683594,9152600,False
2026-08-03,144.97000122070312,147.14999389648438,144.25999450683594,145.85000610351562,8843600,False
2026-08-04,148.00999450683594,148.25,143.7899932861328,144.0399932861328,7362300,False
2026-08-05,146.8000030517578,147.85000610351562,144.66000366210938,147.85000610351562,9753300,False
2026-08-06,146.97000122070312,148.5,145.4499969482422,147.82000732421875,8766700,False
2026-08-07,145.7899932861328,146.0,143.8800048828125,144.89999389648438,7565500,False
2026-08-10,146.44000244140625,146.4600067138672,144.14999389648438,144.72999572753906,7386500,False
2026-08-11,145.2100067138672,145.7100067138672,143.92999267578125,145.41000366210938,7936700,False
2026-08-12,144.0800018310547,144.94000244140625,143.7899932861328,144.0500030517578,7195000,False
2026-08-13,144.25999450683594,145.8000030517578,144.0,144.58999633789062,7491300,False
2026-08-14,144.5500030517578,144.91000366210938,143.4199981689453,144.3300018310547,7249600,False
2026-08-17,143.1199951171875,143.97000122070312,142.47999572753906,143.63999938964844,9867500,False
