Date,Close,High,Low,Open,Volume,is_outlier
2017-01-03,59.52923583984375,59.82396545409183,59.04456747534672,59.56198579562317,10360600,False
2017-01-04,58.87428665161133,59.69953670672055,58.78259275625948,59.67988872870837,9434200,False
2017-01-05,57.99664306640625,59.142821743632126,57.924597149796654,59.07077582702253,14443200,False
2017-01-06,57.96388244628906,58.27826502431305,57.51851004230432,58.153821191791245,16518100,False
2017-01-09,57.00763320922852,57.7804850460469,56.686704691337205,57.7804850460469,13762300,False
2017-01-10,56.2806396484375,57.18448147154491,56.26754266416423,57.09278759080684,13283100,False
2017-01-11,56.85700225830078,56.94869613961934,56.23479306407603,56.26099202973016,11183700,False
2017-01-12,56.54919052124024,57.23034887668263,56.37235368713724,57.15830294506272,10407000,False
2017-01-13,56.55572509765625,56.77186282977729,56.43783224349405,56.50332716315259,8415600,False
2017-01-17,57.21723937988281,57.236887357494325,56.49023422660245,56.70637197421389,13237300,False
2017-01-18,56.50987243652344,57.2499794449128,56.35923463624456,57.02073975388932,11831700,False
2017-01-19,55.49471282958984,56.392004020361874,55.403013915296334,56.30686109623528,16382900,False
2017-01-20,56.25443649291992,56.30028342987412,55.70427324946962,55.95970689777746,18739700,False
2017-01-23,55.651885986328125,56.24789628093924,55.50779415773533,56.11690643509613,11433900,False
2017-01-24,55.73047637939453,55.97936407544684,55.560190583818105,55.658435463999695,11858100,False
2017-01-25,55.89421844482422,56.24789702963908,55.83527451249293,55.89421844482422,9578500,False
2017-01-26,56.06451416015625,56.21515699533791,55.75013649960566,56.12346309459875,8779400,False
2017-01-27,56.00556945800781,56.162758286137,55.69773779675372,55.86802860877694,10947900,False
2017-01-30,55.579811096191406,55.96623443783119,55.13443885679489,55.94658647089218,12789200,False
2017-01-31,54.944522857666016,55.71737485684941,54.44675250303728,55.69772688180147,19128100,False
2017-02-01,54.32230758666992,55.1213584621985,54.06032295580037,55.01656261107419,15111800,False
2017-02-02,54.6563606262207,54.70875857815346,54.0669011562802,54.49917176736615,12200100,False
2017-02-03,54.715293884277344,54.833186743853815,54.29612038288152,54.82008476115516,12746300,False
2017-02-06,54.56464767456055,54.78733639412052,54.31576498511539,54.72184147552358,9938200,False
2017-02-07,54.210968017578125,54.76768730670826,54.001381284156366,54.512253631504926,11705200,False
2017-02-08,53.85404968261719,54.27705603395454,53.64915235679536,54.19112955961093,14006300,False
2017-02-09,54.09200286865234,54.23080643997754,53.85406613563704,53.85406613563704,9603000,False
2017-02-10,54.541446685791016,54.7066837462144,54.28367727494133,54.36960377364783,8739800,False
2017-02-13,54.85871124267578,54.9776821434617,54.42909382080241,54.70669090842438,9071600,False
2017-02-14,54.7397575378418,54.924822321059374,54.23743523865326,54.7992455282401,11370500,False
2017-02-15,54.9644889831543,54.977705736631,54.50182192926621,54.620792881107405,11768500,False
2017-02-16,54.39604568481445,55.13630453417301,54.310119180774464,54.93802307493849,10615000,False
2017-02-17,54.03912353515625,54.32333144861534,53.82762032346351,54.257232597820966,15646000,False
2017-02-21,54.12504959106445,54.29689754102348,53.73509255986544,54.27706990115027,16419600,False
2017-02-22,53.49055862426758,53.999486715471335,53.45090333064135,53.966442318328326,12917400,False
2017-02-23,54.05234146118164,54.34316027460359,53.55663032519482,53.814399712497206,13847000,False
2017-02-24,53.58967208862305,54.06555551794619,53.378168902549845,53.93336287500436,11338700,False
2017-02-27,53.89372634887695,54.006086352483536,53.411231858925966,53.62273511856471,13465900,False
2017-02-28,53.74831771850586,54.19115188710439,53.569863889079855,53.887116261978434,16834200,False
2017-03-01,54.87194061279297,55.07683807066791,53.99948882054939,53.99948882054939,17482100,False
2017-03-02,55.05698394775391,55.68488268501189,54.71989897297528,54.72650986653722,14170300,False
2017-03-03,54.50178909301758,55.25526965317548,54.36960146734011,55.05698821465927,12190400,False
2017-03-06,54.746341705322266,54.79260787853727,54.415867598748015,54.488572305605125,9617200,False
2017-03-07,54.541446685791016,55.05037965577058,54.29028816929604,54.93140877056035,12711500,False
2017-03-08,53.55662155151367,54.44890044158935,53.54340480881169,54.429072806219565,16817700,False
2017-03-09,53.97964477539063,54.012694206419,53.080754711878825,53.298868854341656,14721800,False
2017-03-10,53.93998718261719,54.508403082047074,53.642562486637935,54.48857544133312,11355200,False
2017-03-13,53.81439208984375,54.15808791931971,53.569844524682416,53.8672691470914,9571400,False
2017-03-14,53.53020858764648,53.688839831628776,53.16668999945144,53.53681948347142,11335700,False
2017-03-15,54.197750091552734,54.23740536822063,53.56985134535069,53.76813277132453,11970300,False
2017-03-16,54.24401473999024,54.32993618457149,53.97963447014161,54.217576208741946,9923800,False
2017-03-17,54.197750091552734,54.36959802817089,54.07877921891468,54.217577729886685,18834100,False
2017-03-20,54.197750091552734,54.22418862354279,53.82762072896074,54.012685410256736,7700300,False
2017-03-21,54.08539962768555,54.42909051875221,53.93337930265677,54.303513773000006,13387700,False
2017-03-22,54.03912353515625,54.257232597820966,53.821009429857206,54.17131115147634,11168400,False
2017-03-23,54.10523223876953,54.34317404775979,53.84085189070973,53.95321189977854,8928000,False
2017-03-24,53.68883514404297,54.21759078324343,53.63595806733225,54.21759078324343,9128500,False
2017-03-27,53.70204162597656,53.82101250451488,53.398006056964114,53.4178336962814,8481200,False
2017-03-28,54.09200286865234,54.21097375647751,53.51037021852657,53.74831199417689,11028600,False
2017-03-29,54.2109603881836,54.38280830436155,53.90031902017662,53.99285134981849,8495500,False
2017-03-30,55.32136535644531,55.43373038900904,54.15810009135557,54.217583012152666,44704900,False
2017-03-31,54.20436096191406,55.06359055936685,54.105217727652565,55.030546176369256,21750400,False
2017-04-03,54.24401473999024,54.40264088484572,53.76813126278956,54.21096531527132,11438700,False
2017-04-04,54.44230651855469,54.47535090386569,53.75491976688839,54.26384767586335,9270900,False
2017-04-05,54.54804611206055,55.22221600072721,54.50839083953916,54.75954930323103,13809100,False
2017-04-06,54.86531066894531,54.99749828990381,54.50178714735766,54.69346272759165,9554900,False
2017-04-07,54.70008087158203,55.09664882965464,54.64720379913631,55.017333220986046,8909600,False
2017-04-10,54.94461441040039,55.169339389321536,54.80581591281698,54.93800856001586,8885300,False
2017-04-11,54.7529411315918,54.9710552265678,54.47534412487729,54.9115723148293,8576500,False
2017-04-12,54.83887100219727,55.09002949387844,54.66041217069573,54.766166299383215,9516100,False
2017-04-13,53.99287414550781,54.680261057799285,53.91355852548484,54.6736501621384,8667900,False
2017-04-17,53.9201545715332,54.17792396232332,53.82762222830775,54.09860836414386,9577200,False
2017-04-18,53.56986999511719,54.07879804585894,53.55664820320195,53.74832384488384,8821400,False
2017-04-19,53.19971466064453,53.87388459091838,53.0741379423654,53.64915959994904,10764400,False
2017-04-20,53.543434143066406,54.02592367684617,53.3385366991786,53.50377380796494,11649100,False
2017-04-21,53.3319206237793,53.53681298576048,53.18651118909507,53.49054680587327,9816700,False
2017-04-24,53.6095085144043,53.80118409612244,53.41122203879669,53.72186849735248,8729700,False
2017-04-25,54.01931381225586,54.15150147241544,53.72188401294278,53.82102727938047,10733800,False
2017-04-26,53.80118560791016,54.41586764840456,53.794574713834926,53.88049616627415,9445900,False
2017-04-27,53.70865249633789,53.73509102962751,53.49714927265553,53.58307072387084,12385300,False
2017-04-28,53.96640396118164,54.521597847885374,53.90691602038741,54.50177021516495,12072200,False
2017-05-01,54.23739242553711,54.336535636182646,53.85404640974524,53.87387404334771,8664100,False
2017-05-02,54.23080825805664,54.58771589086238,54.13166500777274,54.290291182645866,9102900,False
2017-05-03,54.660430908203125,54.90498363264942,54.13828610738008,54.17794139791445,10289000,False
2017-05-04,53.959808349609375,54.43569184019098,53.80118220029363,54.38942566986412,16164500,False
2017-05-05,54.2109603881836,54.356369775516185,53.939974292127765,53.953191035233566,10213000,False
2017-05-08,54.78600311279297,54.81905254420116,54.19775954070106,54.19775954070106,8097100,False
2017-05-09,54.40265655517578,54.85871252596274,54.303518337731376,54.83227398709901,8647100,False
2017-05-10,54.64952850341797,54.956435254175005,54.47605769985788,54.78963777505128,9520300,False
2017-05-11,55.11653137207031,55.18324931173056,54.77626326247479,55.10318472998676,10047300,False
2017-05-12,55.07651519775391,55.18326290946355,54.87635623919939,54.96976239579049,7480200,False
2017-05-15,55.24332046508789,55.49685077031384,55.14324097162216,55.37675639620586,10881500,False
2017-05-16,55.07651519775391,55.53020442559087,55.009792151399886,55.31003058923166,9574200,False
2017-05-17,54.702880859375,55.40343206487356,54.68286598326132,55.07651054442578,11151100,False
2017-05-18,54.54276657104492,54.80964351115593,54.32259271368427,54.55610812743606,9905800,False
2017-05-19,54.6628532409668,54.7696009478245,54.50272913555347,54.70955631713958,13028500,False
2017-05-22,54.90304565429688,54.92973385537815,54.66285693481933,54.7829512945581,9218700,False
2017-05-23,55.0965576171875,55.303384911563086,54.86971034474588,54.92308677240936,6857200,False
2017-05-24,54.90304565429688,55.069843093364405,54.71623333698187,54.98977849012059,8136000,False
2017-05-25,54.54276657104492,55.1832681731588,54.38931067614846,54.92973787969317,12370900,False
2017-05-26,54.40932083129883,54.57611825249809,53.92894344380444,54.449350583505584,8227100,False
2017-05-30,54.109073638916016,54.26919771201365,54.069043893204736,54.22916796630237,8973600,False
2017-05-31,53.70876693725586,54.00900024428214,53.688752062154514,54.002332012750415,13572300,False
2017-06-01,53.84220504760742,53.97564603753067,53.50194197637305,53.62203632217732,9884100,False
2017-06-02,53.04157638549805,53.828860364389776,52.881452297152286,53.76881064985199,21687300,False
2017-06-05,53.45523452758789,53.635373486424754,52.97485718368575,53.00154537948619,11527100,False
2017-06-06,54.18246841430664,54.25585967970646,53.52195211596106,53.5753285072069,12208600,False
2017-06-07,53.98232269287109,54.30924423042642,53.602019665797,54.075728846458325,13096500,False
2017-06-08,53.7888298034668,54.09573642243859,53.70209189380432,53.982315406998495,11720700,False
2017-06-09,54.79628753662109,54.8029608588078,53.83553784212438,54.1424444894188,13553900,False
2017-06-12,55.330055236816406,55.83712095516907,54.796301313260486,54.796301313260486,18172900,False
2017-06-13,55.35005187988281,55.556879039238616,55.08984832770843,55.276660612320505,12175500,False
2017-06-14,54.75625991821289,55.25665220639819,54.41599173697589,55.249978883951385,13714000,False
2017-06-15,54.883033752441406,54.97643991616447,54.429344489963306,54.56278041235221,11862600,False
2017-06-16,55.70367813110352,55.73703965909439,54.84300262953488,55.11655290634744,39726100,False
2017-06-19,55.21662521362305,55.70367088127202,55.0765159767547,55.70367088127202,10445700,False
2017-06-20,54.916385650634766,55.02313845192913,54.315918959242026,54.75626153894695,13232600,False
2017-06-21,54.33592224121094,55.12987439782383,54.135763326626346,54.73623498012748,11422300,False
2017-06-22,54.09573745727539,54.429332278659295,53.97564311796706,54.342594367337554,8139900,False
2017-06-23,54.44935989379883,54.50273629937022,53.88224958280186,53.94229422137902,10611200,False
2017-06-26,54.2025032043457,54.5427714607483,53.9823344175014,54.42267708144472,7718700,False
2017-06-27,54.115753173828125,54.52941259126927,54.115753173828125,54.342595212576015,9221600,False
2017-06-28,54.39599609375,54.54945202276549,54.16915395288535,54.315936557094425,9189700,False
2017-06-29,53.84220504760742,54.60280087428342,53.64872452016197,54.28922600103369,20525100,False
2017-06-30,53.86222076416016,54.20248380854844,53.84220079956124,54.09573611528531,14000600,False
2017-07-03,54.77628707885742,55.03649071984404,53.85556689461668,53.90226998171031,8422300,False
2017-07-05,53.942291259765625,54.49605998409309,53.72211741656258,54.49605998409309,9830800,False
2017-07-06,53.45523452758789,54.09573595603978,53.43521456304791,53.94895342426381,9822400,False
2017-07-07,53.521968841552734,53.77549914381933,53.24841856862307,53.50862219444403,10777800,False
2017-07-10,53.48193359375,53.64873103371516,53.348492587625536,53.37518078885043,6338300,False
2017-07-11,53.775489807128906,53.87556928205029,53.40186519702616,53.59535082447324,9681100,False
2017-07-12,54.01567077636719,54.38929533297085,53.87556156764081,54.169126627973874,7974000,False
2017-07-13,54.0223503112793,54.10240981675808,53.86222621006833,54.0223503112793,5582300,False
2017-07-14,54.22919845581055,54.3159364072887,53.88893015519667,54.04238608378893,7497200,False
2017-07-17,53.9489631652832,54.32926111616348,53.92894828738221,54.04236932232371,7914700,False
2017-07-18,53.775489807128906,54.095743108826646,53.64872722313178,54.05570826470596,8046100,False
2017-07-19,53.942291259765625,53.955637905552805,53.555319976000376,53.66874610417565,9393200,False
2017-07-20,53.9489631652832,54.36929087196547,53.875571886143696,54.02235444442271,9681000,False
2017-07-21,53.45523452758789,53.93560678123716,53.375169940186574,53.80884421400116,12268600,False
2017-07-24,53.28842544555664,53.5219407448291,53.21503419574933,53.41518798501783,9403000,False
2017-07-25,53.55531692504883,54.07572918576923,53.55531692504882,53.88891178716892,11465300,False
2017-07-26,53.62203598022461,53.97564569332295,53.508609866949854,53.76214520106056,10465100,False
2017-07-27,53.92894744873047,53.96230388129547,53.30846079217989,53.53530285853526,11149700,False
2017-07-28,53.10829544067383,53.32179592634501,52.22093197918766,53.14165695947527,22800800,False
2017-07-31,53.40187454223633,53.635389964415225,53.10830938849461,53.26176528892898,12820200,False
2017-08-01,53.48859786987305,53.73545989525277,53.35516196387259,53.48192963775049,10421200,False
2017-08-02,53.775489807128906,53.80217800645818,53.24174109130406,53.30845904450048,10410100,False
2017-08-03,53.702091217041016,53.922265013828586,53.5753286503096,53.60201175575096,10136700,False
2017-08-04,53.51530456542969,53.74882002676637,53.40855682178518,53.668760491596814,8292200,False
2017-08-07,53.48193359375,53.4886018263658,53.281774629690254,53.4886018263658,7893800,False
2017-08-08,53.34848785400391,53.52195860144666,53.26175502540925,53.38851760716244,9028400,False
2017-08-09,53.51530456542969,53.60871074996436,53.2284126871431,53.54199277390463,8087100,False
2017-08-10,53.198673248291016,53.74433355961751,53.15825548881291,53.73086268632248,12580300,False
2017-08-11,52.686710357666016,53.387314214583526,52.67997234896251,53.36036731936423,10192400,False
2017-08-14,52.70016860961914,53.077414736328535,52.62606595764508,52.9628943249479,8862500,False
2017-08-15,52.572174072265625,52.71364137485911,52.32965722793588,52.62606784647072,10350900,False
2017-08-16,52.18819046020508,52.65974814034957,52.0804029106902,52.57217461106366,9117100,False
2017-08-17,51.37305450439453,52.06018198499625,51.33936961806642,52.04671111422024,13400400,False
2017-08-18,51.62905502319336,51.94567453099476,51.23159999142111,51.31917352225398,14324300,False
2017-08-21,51.453887939453125,51.61556921981693,51.25179404838613,51.51451970448751,10084900,False
2017-08-22,51.69641876220703,52.093878926569865,51.55495145815719,51.56842747164379,9503600,False
2017-08-23,51.60883712768555,51.87830081957228,51.514525606464055,51.66946376007403,7054300,False
2017-08-24,51.42021179199219,51.63578170796905,51.3326331407692,51.5347321855691,8678300,False
2017-08-25,51.68293380737305,51.9591303334801,51.48757278178911,51.575146287219766,6844900,False
2017-08-28,51.51453399658203,51.831153500647,51.37306669170917,51.80420661311027,8229700,False
2017-08-29,51.50104522705078,51.52799210791321,51.25179557335933,51.33936908146822,7060400,False
2017-08-30,51.265262603759766,51.50104136915402,51.23831572491591,51.35957410991747,8218000,False
2017-08-31,51.42021179199219,51.527994180184514,51.23158875796146,51.37978889927688,15641700,False
2017-09-01,51.58189392089844,51.77051697678503,51.41347974391502,51.44716463514882,7361100,False
2017-09-05,51.99283981323242,52.1140982609693,51.60885558533136,51.62906447002179,12784800,False
2017-09-06,53.0706901550293,53.36710083790766,52.26230392484472,52.4711359207303,18574400,False
2017-09-07,53.23907852172852,53.441177550907256,52.95614399255174,53.232340516864745,9836400,False
2017-09-08,53.09761428833008,53.24581956624285,52.96961788657048,53.22561069008968,8436000,False
2017-09-11,53.38729095458984,53.50181135468109,53.1515121486395,53.495078488505726,12955800,False
2017-09-12,53.55570602416992,53.68370243795392,53.38055384840118,53.48834138413351,7644400,False
2017-09-13,53.73759460449219,53.73759460449219,53.47486889333662,53.55570955045869,8369700,False
2017-09-14,53.953163146972656,54.04747981429123,53.73759320651475,53.79148697652742,9072600,False
2017-09-15,53.939701080322266,54.03401262344511,53.58940179723652,53.973385976977696,16043700,False
2017-09-18,53.953163146972656,53.98684803812877,53.69043744265186,53.75106921881432,8594400,False
2017-09-19,54.040748596191406,54.15526901715863,53.88580527284076,53.93296104262688,9277100,False
2017-09-20,54.2630500793457,54.33715272865821,54.06768901657573,54.081159889363086,10606900,False
2017-09-21,53.81842803955078,54.24956787382664,53.73085452744833,54.22262099173536,11984200,False
2017-09-22,53.83864974975586,54.09464262084791,53.67023555123466,53.70392044677629,10205800,False
2017-09-25,54.55271530151367,54.5661861724814,53.87905868210032,53.91273842931571,10496600,False
2017-09-26,54.49208068847656,54.56618332391095,54.2697727821734,54.37082229772864,8755100,False
2017-09-27,54.85585784912109,54.86932871987388,54.42471803074328,54.4920826636913,9724500,False
2017-09-28,55.36783981323242,55.5429868357316,54.943432848918434,54.99058860722086,15581700,False
2017-09-29,55.22639083862305,55.28027948054555,54.956927070634976,55.19944394786485,9944000,False
2017-10-02,54.99058151245117,55.11857789972628,54.73459387749246,54.7682787603306,6777900,False
2017-10-03,55.078163146972656,55.219630411320665,54.76828173845914,54.84238437305931,6082000,False
2017-10-04,55.09838104248047,55.15227481093879,54.86933509632893,55.10511904843592,6357100,False
2017-10-05,55.25331115722656,55.4015164291114,54.96363861843125,55.05121726432242,7375900,False
2017-10-06,55.04448318481445,55.165741585041175,54.80870438981591,55.08490093835928,6070600,False
2017-10-09,55.26006317138672,55.36111271325218,55.07817810770344,55.13206674238425,7489900,False
2017-10-10,55.41501235961914,55.73836476034108,55.300486792252784,55.4689010000103,7218500,False
2017-10-11,55.6440315246582,55.7383430330715,55.33415011992997,55.34762612947001,7023700,False
2017-10-12,55.52952194213867,55.57667770551722,55.35436976119289,55.44868128794999,6647500,False
2017-10-13,55.51604843139648,55.96739716508446,55.48236354218709,55.73161835939615,7180000,False
2017-10-16,55.78550720214844,55.879818724788,55.60362216265572,55.71140455727557,5734000,False
2017-10-17,55.88655090332031,55.89328890840415,55.60361636490303,55.66424299188159,6444100,False
2017-10-18,55.7518310546875,56.17623293398735,55.60362575536579,55.88656034156569,6367100,False
2017-10-19,55.73834991455078,55.94718697147054,55.46215335998157,55.47562423159299,7945500,False
2017-10-20,55.98761367797852,56.00108455174384,55.65752330499942,55.81246148147007,9574100,False
2017-10-23,56.07516098022461,56.42546520940508,55.94043174721107,56.01453436724576,9829900,False
2017-10-24,56.23013687133789,56.45917772836141,56.1223493106724,56.28403065167064,7551200,False
2017-10-25,56.02804183959961,56.40529318977116,55.87983650270301,56.21666494488831,9153300,False
2017-10-26,56.23013687133789,56.351395307289685,55.9876199994343,56.162772215718846,9154500,False
2017-10-27,56.39181900024414,56.74885633818867,55.2466043155623,55.91352321360199,14866200,False
2017-10-30,56.27728271484375,56.55347929602872,56.18970919194957,56.39180312314989,7811100,False
2017-10-31,56.14928817749024,56.3715961349012,56.02802975886544,56.351387255062576,9754200,False
2017-11-01,56.499610900878906,56.546766682341065,56.08867974545377,56.17625329971358,9430000,False
2017-11-02,56.27055358886719,56.39181202256079,55.85288964805097,56.31770936088172,7775500,False
2017-11-03,56.0347785949707,56.34466013810302,56.02130771900583,56.1964548045193,6903500,False
2017-11-06,56.41874694824219,56.49958760009301,55.95392219438705,56.115603498088674,9276700,False
2017-11-07,56.304229736328125,56.46590590959769,55.93371648550947,56.41201213864354,8471800,False
2017-11-08,56.23013687133789,56.25034575406423,55.8192057905898,56.1560342082788,8691600,False
2017-11-09,56.56694412231445,56.68146450797397,55.96739017434184,56.11559544500327,10528800,False
2017-11-10,56.39017868041992,56.48536303495382,56.03663234601549,56.43777085768687,8693700,False
2017-11-13,56.35619354248047,56.49216973751046,56.15902442867545,56.19302107101262,6720400,False
2017-11-14,55.91424560546875,56.26099153743901,55.81226089757659,56.0366262175078,9251700,False
2017-11-15,55.21397399902344,55.81227649892732,55.17318217932702,55.58111593776872,9663600,False
2017-11-16,54.77203750610352,54.969206591300114,54.49328479059012,54.69045387578672,10527200,False
2017-11-17,54.55447006225586,54.84002831701064,54.500082706874416,54.60886260479566,9536400,False
2017-11-20,54.765235900878906,54.82642361643527,54.39809404606677,54.54767093363742,8468600,False
2017-11-21,54.9827995300293,55.24115630135419,54.82642228214985,54.8604189147369,8838400,False
2017-11-22,55.1391716003418,55.34994138553404,55.10518015490669,55.179968596884926,7941600,False
2017-11-24,55.35674285888672,55.54711157388199,55.22076668736394,55.37034358833407,3851300,False
2017-11-27,55.14598846435547,55.34315758064176,55.08479554481036,55.28876502708152,9127500,False
2017-11-28,55.52672576904297,55.75109116131775,55.28196446604492,55.34995775133501,9794600,False
2017-11-29,55.93463516235352,55.96183142718247,55.39752579024231,55.513106025397526,9725000,False
2017-11-30,56.62814712524414,56.70293558338298,56.02984464729239,56.0570357346529,18592700,False
2017-12-01,56.74372863769531,57.19925457471223,56.02984586785367,56.73013309371889,13779300,False
2017-12-04,56.81850814819336,57.23324220079871,56.43097036641635,56.57374689789648,12597700,False
2017-12-05,56.35619354248047,56.954496062635485,56.23381289208975,56.70973994901338,9357200,False
2017-12-06,55.941444396972656,56.5669430257636,55.89385222276373,56.32898215471899,13398900,False
2017-12-07,56.125030517578125,56.17262270247201,55.86666849630348,56.02304578218861,11359600,False
2017-12-08,56.19981002807617,56.36298246641922,55.92785250606556,56.08422457988981,11988600,False
2017-12-11,56.45137023925781,56.600947145744506,56.25420115226706,56.45817060423229,8760700,False
2017-12-12,56.26779174804688,56.68932093168908,56.22699475270643,56.35617572816205,11307000,False
2017-12-13,56.51258087158203,56.634961543707,56.07745074561776,56.16583476936791,10172700,False
2017-12-14,56.36297607421875,56.65532946947126,56.35617571047119,56.45136005430618,9492400,False
2017-12-15,56.45137023925781,56.6213430535093,56.34259033545936,56.53975942245012,26582300,False
2017-12-18,56.39017868041992,56.88649635946692,56.36978277404242,56.55335111859828,9363500,False
2017-12-19,56.05022811889648,56.54654575405747,55.97543967735313,56.45136140794008,10285100,False
2017-12-20,56.34258270263672,56.52615103481022,56.104616645195385,56.15900918330529,10620300,False
2017-12-21,57.00889205932617,57.29444519843455,56.403789136718565,56.668946364056296,13578100,False
2017-12-22,57.09046173095703,57.12445317677888,56.83890013351737,57.02926882902504,10161400,False
2017-12-26,57.09727096557617,57.35562778002358,57.04287841922133,57.0836702354081,4777200,False
2017-12-27,57.04288864135742,57.17886484445286,56.93410352915336,57.10407637660247,7000600,False
2017-12-28,57.12444305419922,57.14484414266671,56.97487138220328,57.09725197722323,7495300,False
2017-12-29,56.86610794067383,57.24684540894128,56.86610794067383,57.11086922374832,8523400,False
2018-01-02,57.8111572265625,57.926737504278776,56.87970945217264,56.98848936438823,11469300,False
2018-01-03,58.94657897949219,59.1301525519448,57.668385086982745,57.89955084726391,13957700,False
2018-01-04,59.02816390991211,59.30012147403086,58.76300671136507,59.007768000356045,10863000,False
2018-01-05,58.98057174682617,59.06895575065451,58.27348415472213,58.98057174682617,11047600,False
2018-01-08,59.24571228027344,59.25251264393478,58.87857044992569,58.94655852506617,10927100,False
2018-01-09,58.9941520690918,59.252514022658026,58.91256845188794,59.109737505393525,8131600,False
2018-01-10,58.52505874633789,59.27973868996517,58.45707063704431,59.1505576512952,10822300,False
2018-01-11,59.10293960571289,59.40209338035347,58.42304843582647,58.71540184636395,14366000,False
2018-01-12,59.50408554077149,59.82363528841423,59.27292498376299,59.28652052769799,9834500,False
2018-01-16,59.1301383972168,59.66725306679714,58.878576786251365,59.6536523380108,10882800,False
2018-01-17,59.83042526245117,59.97320179118668,59.10294189004179,59.28651023065653,10546000,False
2018-01-18,59.44289779663086,59.959616647728645,59.38170488104184,59.67405835357832,9223700,False
2018-01-19,59.25251388549805,59.66724789585014,58.885372047457295,59.53806691936605,13090000,False
2018-01-22,60.00040817260742,60.02760444749601,59.184540674585726,59.26612431209247,10270400,False
2018-01-23,60.034400939941406,60.1431808453189,59.65365830322338,60.00040430173416,10281800,False
2018-01-24,60.19077301025391,60.4559301892909,59.83723183392416,60.1635767371272,10316100,False
2018-01-25,60.08198928833008,60.42193490008154,59.96640383809421,60.204369916046936,11271900,False
2018-01-26,60.51033782958984,60.51033782958984,60.14999619830306,60.26557649755353,10514400,False
2018-01-29,59.83720779418945,60.71426779831969,59.79641080731032,60.23154062820579,9315700,False
2018-01-30,59.000972747802734,60.088797911389456,59.000972747802734,59.51769164569126,12408000,False
2018-01-31,59.35451126098633,59.47009153452915,58.69501588452844,58.8513879752843,14404700,False
2018-02-01,60.557918548583984,60.68029919141437,59.3885046697956,59.49048940334743,17971000,False
2018-02-02,57.471187591552734,58.47742859227176,56.43095515183154,57.879121169676765,29822100,True
2018-02-05,54.200927734375,57.104060899615874,53.11989802026843,56.62133876615232,30452700,True
2018-02-06,53.269474029541016,54.62925641797682,52.28363387278832,53.3782591104518,36262800,False
2018-02-07,52.31083679199219,53.99016908510748,52.29723606157054,53.330673712945554,21994500,False
2018-02-08,51.719337463378906,52.745974907409824,51.69214118551243,52.65079052845698,25650800,False
2018-02-09,52.04902267456055,52.529816481905705,50.75775820837536,52.37184010115744,29491600,False
2018-02-12,52.48858642578125,53.31280188631254,52.09021588186783,52.92130124562543,19340400,False
2018-02-13,52.40618515014648,52.71526277063601,52.01468438543194,52.2688132431048,11926600,False
2018-02-14,52.51607131958008,52.65344321062351,51.63004227310687,52.055887275038735,17188400,False
2018-02-15,52.3443603515625,52.680912314044726,51.82235764634385,52.62596879786526,14432400,False
2018-02-16,52.57102584838867,52.969396515853646,52.09710194260439,52.30315718169384,13722400,False
2018-02-20,52.02840805053711,53.20978000246007,51.82922275722905,52.52293633182592,13387300,False
2018-02-21,51.43774032592773,52.5023504892406,51.424005753330285,52.07650537587481,11715000,False
2018-02-22,52.10396194458008,52.77706581595783,51.64377793697671,51.719331160935646,14020200,False
2018-02-23,53.2509765625,53.31279520338606,52.16576255761255,52.26192022992408,13378800,False
2018-02-26,54.1507568359375,54.21257549617488,53.27159770519703,53.395229785470015,16940400,False
2018-02-27,53.23038482666016,54.85820622331568,53.23038482666016,54.26065033943423,14629500,False
2018-02-28,52.02154922485352,53.74552867253266,51.99407484335317,53.68371524430872,17087800,False
2018-03-01,51.650634765625,52.66716556274045,51.41711046532316,51.8772944031184,15696700,False
2018-03-02,51.89104080200195,52.11083056441104,51.1561182926777,51.43772146941999,15630300,False
2018-03-05,52.38557434082031,52.58475967172258,51.59570816267294,51.67126139991871,14891000,False
2018-03-06,52.3237419128418,52.87321884959651,52.10395218618,52.66029378549884,10754300,False
2018-03-07,51.0050163269043,51.678120240794975,50.52422257678065,51.51327921456485,27255500,False
2018-03-08,50.90884780883789,51.35529194168464,50.613504861148144,51.16984648160067,19299800,False
2018-03-09,51.21106719970703,51.55448906717331,50.970672940521,51.38964803804601,19714100,False
2018-03-12,51.67810821533203,51.911637751667456,51.3003473997843,51.42397945073822,14226700,False
2018-03-13,51.19045639038086,52.07648532760657,50.998141006834416,51.73993340640029,13739700,False
2018-03-14,50.55170822143555,51.3690541106738,50.50362935972758,51.26602648124162,14820700,False
2018-03-15,51.11489868164063,51.5132692212666,50.895108942571255,51.06681983997547,15640600,False
2018-03-16,51.595699310302734,51.595699310302734,51.07369664440269,51.07369664440269,32109700,False
2018-03-19,50.92947006225586,51.520156163902605,50.73028472656545,51.513286258478125,12744800,False
2018-03-20,50.81954956054688,51.30720782116387,50.79207519147267,50.97752587267355,13003200,False
2018-03-21,51.54075622558594,51.952861432317086,50.81270351902084,50.98441445850899,15418500,False
2018-03-22,50.483009338378906,51.30721963965968,50.40745611607135,51.11490425204092,17737000,False
2018-03-23,50.06401824951172,50.97065138662784,49.91291185329243,50.69591296079273,20157300,False
2018-03-26,50.82643508911133,50.92946269476474,49.967880442335805,50.58604083605452,15032700,False
2018-03-27,50.62038040161133,51.43772611066387,50.331907294958114,50.82643561505034,15821900,False
2018-03-28,50.00908660888672,50.833302168100296,49.98848213694163,50.64785144019164,18163900,False
2018-03-29,51.24542236328125,51.43773781146368,50.31818417228568,50.36626303433129,14882900,False
2018-04-02,50.29069137573242,51.10116706791373,49.56263880553941,51.01187404237615,17891100,False
2018-04-03,51.52700424194336,51.60942735989679,50.20826579589316,50.448660006339686,15999200,False
2018-04-04,51.42398452758789,51.5544812541111,50.441797925876266,50.860772959905766,13122200,False
2018-04-05,52.213863372802734,52.4199186088935,51.52701957276995,51.554493953595546,14200000,False
2018-04-06,51.42398452758789,52.282539066139975,50.9775351195006,51.95285181764751,14299600,False
2018-04-09,51.42398452758789,52.05587941031398,51.37590568303702,51.664378750342266,11103100,False
2018-04-10,52.935035705566406,53.415824126426834,52.24132220672429,52.255062013149306,19006100,False
2018-04-11,53.18230438232422,53.60127943082298,52.715250487614185,52.96251462247251,13734000,False
2018-04-12,53.03807830810547,53.669973337326894,52.893841741013766,53.47765791453797,13270400,False
2018-04-13,53.46390914916992,53.70430862759211,53.299068134418704,53.43644001354587,10925000,False
2018-04-16,53.94470977783203,54.31560603869682,53.37462819686197,53.65623665500455,10743600,False
2018-04-17,53.80047225952149,54.095815281982944,53.60128694295892,53.94470881836983,10478100,False
2018-04-18,54.411746978759766,54.782643125329045,54.21943162280542,54.28811492990334,12061400,False
2018-04-19,54.54912567138672,54.82386420081226,54.13015059305814,54.48044234908074,11291500,False
2018-04-20,54.260650634765625,54.53538915437434,53.80046662753684,54.48044040241232,12072200,False
2018-04-23,54.65214920043945,54.67275367157495,54.08893761519719,54.2056997784325,11729800,False
2018-04-24,53.814186096191406,54.89940006204469,53.553187457905146,54.81011229530991,14102000,False
2018-04-25,54.60406494140625,54.686488057978735,53.22350786997111,53.71116618590676,13867500,False
2018-04-26,55.53816604614258,55.56564041507389,54.62466292992652,54.6727417655063,14554400,False
2018-04-27,53.42956161499024,54.02024750082285,52.52979822061289,52.85261029478605,16346800,False
2018-04-30,53.402099609375,53.95844134966277,53.39522970486971,53.51199712065255,15028800,False
2018-05-01,52.852630615234375,53.06555576584317,52.18639650199509,53.06555576584317,16231000,False
2018-05-02,52.74958801269531,53.04493095595105,52.40616622938402,52.50918857221697,13883700,False
2018-05-03,52.57102584838867,52.61910470548255,51.78802432417263,52.467998228843946,12243100,False
2018-05-04,52.81827545166016,53.03806520055873,52.15890620496444,52.28940292949109,9887200,False
2018-05-07,53.39522933959961,54.31560264954679,53.16170499003496,53.39522933959961,15071500,False
2018-05-08,53.6356201171875,53.6837042050772,52.454253396817165,53.43644006262259,17430400,False
2018-05-09,54.8994140625,55.1123339206587,54.22630496867389,54.24691468028392,17142100,False
2018-05-10,56.12887191772461,56.17695077047031,55.2909217068408,55.38707941233219,17710300,False
2018-05-11,56.392520904541016,56.871248484333954,56.13581620850344,56.323141400025904,14751000,False
2018-05-14,56.77410125732422,57.114064445776286,56.62146321135763,56.68390316108096,11852100,False
2018-05-15,56.74635314941406,56.9128649892493,56.4757694246883,56.78797978604389,12595700,False
2018-05-16,56.90594100952149,56.92675962684393,56.31620722500288,56.72555533926608,9570000,False
2018-05-17,56.80880737304688,57.08633070468855,56.503536472226585,57.03082497969676,11224100,False
2018-05-18,56.40639114379883,56.75329390533925,56.37863828767766,56.57984252456903,10030900,False
2018-05-21,57.0863037109375,57.13486987401107,56.55901015948536,56.70471394202084,8822400,False
2018-05-22,56.64227294921875,57.343017891739095,56.44106874618557,57.19731939160786,10753400,False
2018-05-23,56.996131896972656,57.05163761614609,55.89991776322267,56.16356198932138,15140900,False
2018-05-24,55.69175338745117,56.44800397516852,55.469735886099386,56.4410644395065,13360500,False
2018-05-25,54.60943984985352,55.0396012409098,54.17927845879724,55.00490884249741,14562000,False
2018-05-29,54.40822219848633,54.62330548775666,53.79073577054498,54.22089705577012,14644800,False
2018-05-30,56.54513931274414,56.65615071598983,54.9632638696984,54.9840771844782,16627500,False
2018-05-31,56.3647575378418,56.57984084305968,55.98316768747753,56.06642096005073,15803100,False
2018-06-01,56.77410125732422,57.134877762350726,56.57983657820875,56.80185411052864,9906100,False
2018-06-04,56.177433013916016,57.259767916084265,56.06642159148032,56.926744235409096,10954700,False
2018-06-05,55.97622680664063,56.64921897480393,55.788901654531685,55.913781560393794,12059300,False
2018-06-06,56.93366241455078,56.95447572705567,56.10803768974177,56.53125935505595,11603300,False
2018-06-07,57.50260162353516,57.787064437576745,57.28058406102407,57.39853502651139,13502500,False
2018-06-08,58.00214385986328,58.04377579299199,57.23895880117752,57.66218061699092,14350400,False
2018-06-11,57.65524291992188,58.13397046631293,57.53729724114383,58.08540428720924,10831600,False
2018-06-12,57.18344879150391,58.10621138903304,57.114069299254815,57.66217628665973,12351800,False
2018-06-13,56.55208206176758,57.3083274394133,56.52432920937939,57.19732132317587,12049300,False
2018-06-14,56.81572723388672,57.10019000595807,56.545143534914935,56.85041962332021,11477300,False
2018-06-15,55.96235275268555,56.76716435976707,55.8582808716596,56.69778487018835,23797500,False
2018-06-18,56.0733528137207,56.46188214799959,55.71257633093534,55.78195581301154,9192600,False
2018-06-19,55.99009323120117,56.17048411593928,55.30322737262256,55.42811255539277,8759700,False
2018-06-20,55.81665802001953,56.28844603651783,55.691772801143024,56.094181316780286,8917700,False
2018-06-21,55.28937530517578,55.768097616020114,55.03960484155389,55.51832715239822,10990700,False
2018-06-22,56.46189498901367,56.8504297049714,56.14274506422738,56.309262211059135,16012200,False
2018-06-25,55.32404327392578,56.36475141455885,55.01877248546118,56.04560155329589,10557200,False
2018-06-26,55.948463439941406,56.20517332705086,55.48361512218613,55.608500297899546,10382800,False
2018-06-27,56.69085693359375,57.22509022863039,56.23988221907779,56.23988221907779,12725900,False
2018-06-28,56.87122344970703,56.94060292368139,56.21904474905595,56.70471165350564,9390700,False
2018-06-29,57.398536682128906,57.9605174955321,57.09326053987712,57.20426667767644,17323200,False
2018-07-02,56.72552490234375,56.98222948509064,56.42024886522362,56.815717689077175,9998300,False
2018-07-03,57.05854034423828,57.89804403309101,56.94753426052339,57.29443687376735,7197300,False
2018-07-05,57.10713195800781,57.42628186927882,56.9267463298869,57.301396661101805,9035700,False
2018-07-06,57.12099456787109,57.3776991544005,56.65614626327197,56.864284688027055,7637100,False
2018-07-09,57.5164794921875,57.67605179982083,57.28058285947738,57.454034241966895,7158600,False
2018-07-10,58.04377746582031,58.36292739798442,57.93970556997371,58.07152503095066,8806200,False
2018-07-11,57.301387786865234,57.95356658337776,56.91285844084858,57.60666386920137,10405300,False
2018-07-12,57.370792388916016,57.752382330379824,57.10714284731565,57.592809990974814,9762200,False
2018-07-13,57.80093383789063,58.10620994819594,57.28057971895156,57.363838283575504,8720000,False
2018-07-16,57.23200607299805,57.440149810720975,56.89204290847807,57.25281938810732,8306900,False
2018-07-17,57.10713195800781,57.41240808762189,56.91980679240036,57.0724448572074,7373300,False
2018-07-18,57.04469299316406,57.114072489288255,56.5382126141566,56.75329593345272,8711900,False
2018-07-19,56.89900207519531,57.32222393948216,56.697797804196895,57.03082154747106,8659100,False
2018-07-20,56.47576522827149,56.84348127335442,56.37169335111401,56.697782762660175,9196300,False
2018-07-23,56.47576522827149,56.89204744358583,56.3231271808826,56.85735505342816,8425900,False
2018-07-24,57.5927848815918,57.59971912406122,56.5312635191356,56.55901107564301,11121000,False
2018-07-25,57.99518966674805,58.099261533296335,57.245883872893415,57.59278656584437,9523600,False
2018-07-26,58.4461555480957,58.55716693414812,57.84254833970695,58.161698134636296,13210100,False
2018-07-27,56.83655548095703,57.15570543298585,56.06643081440084,56.17744225509791,18220800,False
2018-07-30,56.711647033691406,56.98223069294178,55.99702838011656,56.98223069294178,11282800,False
2018-07-31,56.55208206176758,56.99611711334798,56.50351589341708,56.6422748620427,11716800,False
2018-08-01,55.7750244140625,56.149680023912296,55.65707874799384,56.1219271683698,8936300,False
2018-08-02,55.44199752807617,55.68482838338563,55.12284235445156,55.428118454449546,8364300,False
2018-08-03,55.64320373535156,55.71258852593066,55.24773477830583,55.48363142097884,7811100,False
2018-08-06,55.62932586669922,55.802777243772574,55.32404974918901,55.67789204054712,10041800,False
2018-08-07,56.385555267333984,56.60757275500888,55.719502804309286,56.13579022534986,10698100,False
2018-08-08,56.01091384887695,56.35781655864914,55.74726440172831,56.21211276242738,7275000,False
2018-08-09,55.72644805908203,56.1357959869019,55.5807495640897,56.0109108064349,9828500,False
2018-08-10,55.67037582397461,55.7404709229987,55.27783899110911,55.733465156635575,12954300,False
2018-08-13,55.06755065917969,55.9016968119696,54.97642756141216,55.69140615815103,10308500,False
2018-08-14,54.89230346679688,55.42503580236056,54.731085286925335,55.36895758853011,8005900,False
2018-08-15,53.93199920654297,54.60492185041071,53.63058543761029,54.52080451445957,16307800,False
2018-08-16,54.67500305175781,54.74509813993399,54.11423165052353,54.17030986022944,11519900,False
2018-08-17,54.85725402832031,55.01847219477367,54.53481234750123,54.91332688957101,10178400,False
2018-08-20,55.242794036865234,55.37597848125382,54.794178942824885,54.85726828150349,8152100,False
2018-08-21,55.25681686401367,55.78253818439152,55.14466041533443,55.41102930699071,9192200,False
2018-08-22,56.04890060424805,56.11198994234352,55.38999485125436,55.45308418934983,10098200,False
2018-08-23,55.43205261230469,55.81757833920213,55.30587929217691,55.76851123403651,7203900,False
2018-08-24,55.81058120727539,56.111994999329,55.67038563660267,55.740480747981934,6545200,False
2018-08-27,56.35732269287109,56.40638979877583,55.97880272678596,56.01385295153796,6671900,False
2018-08-28,56.2732048034668,56.65172476579353,56.21712658358578,56.48349545406389,8823400,False
2018-08-29,56.67975616455078,56.8059294681607,56.14702384398528,56.38535357209853,8004800,False
2018-08-30,56.4344367980957,56.62369413363827,56.16106212013744,56.39237545293076,7450900,False
2018-08-31,56.19609069824219,56.3993702058356,55.91570498611636,56.24515779677076,10700000,False
2018-09-04,56.28023147583008,56.560617304830565,55.94376741144652,56.36434882890469,8855000,False
2018-09-05,57.03025817871094,57.07932529570096,55.79656378992875,56.00685449012292,13878400,False
2018-09-06,56.39937210083008,57.2265070380407,56.31525477999223,56.85499822985432,13320600,False
2018-09-07,57.35969161987305,57.42978671347803,55.95075724238765,56.18207586440565,16417800,False
2018-09-10,57.27558517456055,57.99757493682114,57.24054029505999,57.64709405433239,10817900,False
2018-09-11,58.081687927246094,58.31300657587695,57.21950266776449,57.45082131639534,11891900,False
2018-09-12,58.27093505859375,58.7265611617321,58.088688895668426,58.355052374652566,11556300,False
2018-09-13,57.70316696166992,58.3550615569433,57.48587054588325,58.2849664564876,11162700,False
2018-09-14,58.12373733520508,58.28496086390543,57.66811120409142,57.773256518642704,9442600,False
2018-09-17,58.46720504760742,58.607395217471705,58.17279713423294,58.17980824709981,8403300,False
2018-09-18,58.62143325805664,58.97191415715568,58.49525992046442,58.81069593840203,9219900,False
2018-09-19,59.3223991394043,59.42053337007346,58.628448408839645,58.628448408839645,10413600,False
2018-09-20,59.455562591552734,59.82006026981809,59.25929419957041,59.483601697252006,11198200,False
2018-09-21,59.70091247558594,59.88316403261626,59.24528625696705,59.58876137366149,26639400,False
2018-09-24,60.70329284667969,61.04676264278527,60.08644836723703,60.1355154809664,13549500,False
2018-09-25,60.63317489624024,61.23600226523815,60.54205181875442,61.00468366710614,12200700,False
2018-09-26,60.12848663330078,60.63317985306166,60.06540265478703,60.29671592391684,10275500,False
2018-09-27,60.1214714050293,60.54905838984546,59.99529810872432,60.34577889313676,7895400,False
2018-09-28,59.59576034545898,60.23363804837446,59.57473235049048,59.75698388673965,9884900,False
2018-10-01,60.14952087402344,60.30373330140356,59.76399515348641,59.82707913855285,8566900,False
2018-10-02,60.60515594482422,60.7523572795166,60.01635060605473,60.14252394263592,8453100,False
2018-10-03,60.38784790039063,60.90655802984436,60.268685702041374,60.64019452507904,10206700,False
2018-10-04,59.98830032348633,60.33878115452154,59.756981691503945,59.93222210702155,10204600,False
2018-10-05,59.820068359375,60.07241499688108,59.53267684594011,59.79904036423505,9217400,False
2018-10-08,60.373817443847656,60.49999073899528,59.3363973263337,59.43453151723604,13242400,False
2018-10-09,60.64020156860352,60.89955398949836,60.1004580344722,60.54907311982325,10177900,False
2018-10-10,59.24526977539063,60.85748353187084,59.23125289701716,60.79439955732167,16573400,False
2018-10-11,57.1984748840332,58.99994627796952,56.89706113261599,58.83872807832396,20320100,False
2018-10-12,57.04426193237305,57.647089429726336,56.26619400783365,57.56998321393137,15216300,False
2018-10-15,,,,,10558800,False
2018-10-16,56.9180908203125,56.96715792791274,56.08394999110832,56.4344308590854,9781800,False
2018-10-17,57.12836837768555,57.142385256107815,56.31525038347145,56.73583160691317,12247700,False
2018-10-18,57.37370300292969,57.8083010983059,56.9180769162778,56.9180769162778,17448600,False
2018-10-19,57.45782852172852,57.801298240079234,57.13538679765658,57.2405321169636,12098700,False
2018-10-22,56.8830451965332,57.60503491943461,56.52555321846744,57.47886159470043,9474100,False
2018-10-23,55.96479034423828,56.39938860722503,55.17971651163564,56.11900280361792,15465100,False
2018-10-24,54.408653259277344,56.25919186161475,54.35958615042423,56.16806341094912,16085700,False
2018-10-25,54.89230346679688,55.41101892285936,54.4927555521023,55.01847677395899,12315500,False
2018-10-26,54.34554672241211,54.962396293259886,53.94599886307302,54.58387642421568,18160100,False
2018-10-29,54.00911331176758,54.97643875080374,53.42731368598048,54.72409205402655,15707000,False
2018-10-30,55.22178649902344,55.39702700217998,54.26847773401858,54.40867334529327,17758200,False
2018-10-31,55.85262680053711,56.32226984200074,55.30587754654504,55.614297048745605,16629100,False
2018-11-01,56.546573638916016,56.602651853043504,55.58625962456885,55.95776843431596,14159300,False
2018-11-02,57.44380569458008,57.79428652333996,56.23815613589302,57.31062661623218,19350400,False
2018-11-05,57.22650146484375,58.0886865387482,57.08631129167973,57.829328835691214,15815000,False
2018-11-06,57.47184753417969,57.54895374800464,57.02323247987808,57.296607111470834,9063200,False
2018-11-07,58.20084762573242,58.27795383861852,57.2405335436454,57.626059260162656,12699800,False
2018-11-08,57.27558517456055,58.70554781686428,57.1564229580137,58.27094959732924,16865500,False
2018-11-09,57.26142120361328,57.63669611777176,56.42590132973868,56.82949959241637,15070100,False
2018-11-12,56.52503967285156,57.87036923774461,56.454233990936615,57.82080472019142,11906600,False
2018-11-13,55.22926330566406,56.53918706005266,54.97435858131399,56.50378692741446,15530200,False
2018-11-14,54.79733276367188,56.00104511933464,54.34417008374293,55.83819265111422,18552100,False
2018-11-15,55.363800048828125,55.363800048828125,53.74940699872997,54.28753441401178,18976000,False
2018-11-16,55.90901947021485,56.07187740220719,55.30008087566011,55.49126216113492,13704900,False
2018-11-19,56.093109130859375,56.19223815030896,55.53373514846447,55.55497630947132,9430800,False
2018-11-20,54.499961853027344,55.866532482366495,54.075122390472174,55.526657671046245,15533700,False
2018-11-21,54.91771697998047,55.49833214993334,54.70529995807185,54.825670144032735,9685300,False
2018-11-23,53.45201110839844,53.95473835736024,52.892637166056886,53.84853255993072,10875400,False
2018-11-26,54.50703430175781,54.74777464007591,53.8980958667903,53.98306050284332,13741100,False
2018-11-27,54.55660629272461,54.83982898793115,54.09636130982403,54.216731495499474,10344500,False
2018-11-28,55.54790115356445,55.54790115356445,54.40791188345664,54.54952864497359,11482100,False
2018-11-29,55.979827880859375,56.312620547836815,55.36381246950991,55.385053635125054,10255200,False
2018-11-30,56.29136276245117,56.36216842763912,55.45584294813101,55.54788977266274,14040100,False
2018-12-03,57.509239196777344,57.67917387231044,56.74452505368953,56.815330718317824,19415100,False
2018-12-04,56.2418098449707,58.026137825139045,56.18516314029816,57.62253950806959,18540700,False
2018-12-06,55.505409240722656,55.540814775519344,54.46454918236344,55.22926335611219,23218100,False
2018-12-07,54.974369049072266,56.90031382105016,54.75486981769133,56.213487372000834,16224700,False
2018-12-10,54.19548797607422,55.13013687512793,52.963452018713966,55.13013687512793,17946200,False
2018-12-11,54.29461288452149,55.08765038208612,53.58654542666498,55.01683931459967,15742400,False
2018-12-12,53.82728958129883,55.37087696482601,53.82728958129882,55.25758897265157,14559800,False
2018-12-13,54.50703430175781,54.67696897598976,53.77772029550536,53.83436698762464,13749700,False
2018-12-14,53.515743255615234,54.4291509841462,53.16878628908028,54.32293977810747,12669300,False
2018-12-17,52.425323486328125,53.52990716590515,52.02880737614701,53.28916678533143,15464100,False
2018-12-18,50.98085784912109,52.2978637757268,50.71179415523834,52.13500588066219,18681200,False
2018-12-19,50.11701965332031,51.88010631660752,49.77715025906396,51.29949114947018,21679600,False
2018-12-20,48.59467315673828,50.03205479573478,48.18399809058017,49.62845111329433,28723700,False
2018-12-21,48.23356246948242,49.82671442457069,47.91492883718882,48.24772144325862,47287300,False
2018-12-24,46.3855094909668,47.81580365068653,46.33594497558361,47.34848184880609,14262800,False
2018-12-26,48.60175704956055,48.61592142599914,45.77656898826174,46.85991149436213,24887700,False
2018-12-27,48.81418228149414,48.81418228149414,46.78910850466127,47.964497916583184,22077000,False
2018-12-28,48.268951416015625,49.2673290027964,48.02112891642919,48.98410097378676,19710600,False
2018-12-31,48.28312301635742,48.962867146459374,47.907848117646296,48.3751698436612,15807000,False
2019-01-02,49.34522247314453,49.47267483062724,47.62461834819096,47.688341825869344,16727200,False
2019-01-03,48.587589263916016,49.7417372365249,48.4034902184881,49.56472037803193,13866100,False
2019-01-04,50.37901306152344,50.46397771994175,49.11157135288636,49.309829425365486,16043600,False
2019-01-07,50.64097595214844,51.05165632347491,50.08868426759747,50.449800139082846,10844200,False
2019-01-08,51.00917434692383,51.398608161926624,50.93836868984381,51.36320803444929,11439000,False
2019-01-09,51.27825164794922,51.40570402545383,50.733042001034775,51.40570402545383,13473500,False
2019-01-10,51.01625442504883,51.03749558108252,50.35775157737874,51.030413395029576,13151100,False
2019-01-11,50.782596588134766,50.90296675388121,50.32235168143429,50.87464340862456,9790100,False
2019-01-14,50.71888732910156,50.8250985643656,50.357776692182775,50.42150019206451,11012400,False
2019-01-15,50.7472038269043,51.2357722018129,50.4993812461996,50.94546189146805,10298300,False
2019-01-16,50.7259635925293,51.249932115923045,50.492299982672165,50.57018785262454,12595600,False
2019-01-17,51.07291412353516,51.221607671513695,50.201993999356986,50.40733425193509,10141700,False
2019-01-18,51.68183898925781,51.894261374118976,51.07290058158984,51.880097000661216,15759200,False
2019-01-22,50.90296936035156,51.4835844625287,50.75427584173467,51.25700309099923,15035600,False
2019-01-23,50.4852180480957,51.19328559209634,50.223231112049874,50.98794535608096,13187200,False
2019-01-24,50.55602645874024,50.95962476458288,50.01789358357439,50.34360402319065,11272500,False
2019-01-25,50.782596588134766,51.17203043063075,50.65514423554272,51.03041910647325,8996200,False
2019-01-28,50.442718505859375,50.47104184923988,49.826703344240734,50.28694281832925,13678400,False
2019-01-29,50.63389587402344,51.11538187063943,50.612654718634126,50.76842499219741,10513200,False
2019-01-30,51.18619918823242,51.38445721988329,50.63390741374037,50.81800107048692,11524700,False
2019-01-31,51.887184143066406,52.035877665820486,50.995017604415786,51.18619884947543,19876700,False
2019-02-01,53.75648498535156,54.16008325689376,52.62357803033193,53.04841746319848,22968700,False
2019-02-04,52.97761535644531,53.643200600739085,52.68022827363922,53.643200600739085,15483800,False
2019-02-05,53.5228271484375,53.55823268919404,53.11215204714779,53.23252224231672,12786700,False
2019-02-06,53.28916549682617,53.650276058955285,53.1971132576693,53.51574689746917,10866900,False
2019-02-07,52.87847900390625,53.2395949270772,52.32618724030721,53.069654844334345,14418900,False
2019-02-08,52.96439743041992,53.028828379203794,52.06948672774529,52.80689227281295,11959500,False
2019-02-11,53.05030822753906,53.1362216259928,52.54916039181335,52.892803061424765,10434800,False
2019-02-12,53.98102569580078,54.01681885395262,53.56578573410093,53.75192872763924,12599200,False
2019-02-13,54.58955764770508,54.79717760437481,54.05977199467655,54.10988677993462,13214600,False
2019-02-14,54.60386657714844,54.875922914280125,54.20294834824011,54.59671122456166,12772900,False
2019-02-15,55.63479995727539,55.67059856510674,54.94750929129885,55.08353744653714,14330300,False
2019-02-19,56.0070915222168,56.18607365541024,55.44866267848822,55.52741525406143,13551500,False
2019-02-20,56.22187423706055,56.42233337880079,55.84243293846626,56.05721371153191,12633100,False
2019-02-21,55.71355819702149,56.31494100479067,55.56321386060449,55.992769887810354,10266000,False
2019-02-22,56.14310836791992,56.52254957674047,55.57036887875518,56.35072827620111,9519300,False
2019-02-25,56.20038604736328,56.45095992458103,55.985605317119,56.15027127191973,9274400,False
2019-02-26,56.3149528503418,56.65143474332772,56.121649047072935,56.32926902068279,10990600,False
2019-02-27,56.894832611083984,57.0952916954517,56.314932336720176,56.472432001508814,12398200,False
2019-02-28,56.579837799072266,57.09530727789996,56.35074085982684,56.88052650768779,14597900,False
2019-03-01,57.2742805480957,57.2742805480957,56.57982902251388,56.83040290749159,15419400,False
2019-03-04,57.496212005615234,57.6680387661304,56.56550829894416,57.4460972326568,18089900,False
2019-03-05,57.410301208496094,57.56064551983207,57.09529095878244,57.36018643805077,13745500,False
2019-03-06,56.75882339477539,56.83041516848601,55.74220600661874,56.4509738519277,18633600,False
2019-03-07,57.38883972167969,57.46043148991286,56.78745685189708,56.952122834725,16541700,False
2019-03-08,56.56552505493164,56.78746119204715,56.02141774299129,56.47961164922457,16211300,False
2019-03-11,57.11677932739258,57.481904420364295,57.023710581463135,57.25996831586257,11060900,False
2019-03-12,57.2742805480957,57.68952039297364,57.195527975373984,57.353033120817415,11320000,False
2019-03-13,57.7825927734375,57.818391385876176,57.41746768254826,57.69667938084551,10260200,False
2019-03-14,57.58928680419922,57.925774052780696,57.524850402804574,57.84702148557649,9976700,False
2019-03-15,57.38167953491211,57.66805207308416,57.34588091935241,57.40315651940719,25316400,False
2019-03-18,58.04747772216797,58.16918424291058,57.58928396940723,57.58928396940723,9840600,False
2019-03-19,57.89714431762695,58.706141619935416,57.73247834634398,58.40545293717667,13936500,False
2019-03-20,58.21931457519531,58.64887065046072,57.67520730007148,57.811235484377896,13133600,False
2019-03-21,58.5557975769043,58.62738934048285,57.84702983190417,57.85418518479102,10117000,False
2019-03-22,57.61793899536133,58.30522983007254,57.4890716224716,58.154885472051525,12497700,False
2019-03-25,57.21701431274414,57.58930025595937,56.98075655594624,57.27428991356216,11320400,False
2019-03-26,57.96157455444336,58.18351065631238,57.40315116128819,57.51054153584142,9472800,False
2019-03-27,57.5177116394043,58.21216338256376,57.14543110252748,57.96875023577944,7258700,False
2019-03-28,57.8040771484375,57.83987576545434,57.28860765116657,57.29576846699036,7412300,False
2019-03-29,57.847049713134766,58.33388151972829,57.61795271368506,58.22649110640115,10889200,False
2019-04-01,58.51285552978516,58.54864868781449,58.0475007785833,58.154891176876426,10816400,False
2019-04-02,58.262245178222656,58.67032410538145,58.06894693361044,58.52714062508349,7646000,False
2019-04-03,57.91862106323242,58.541475408953616,57.71100112729156,58.541475408953616,8562900,False
2019-04-04,58.7419319152832,58.76340889499626,57.82553890475466,58.07611823367533,9360600,False
2019-04-05,59.05693817138672,59.08557596574087,58.6703361407568,58.81352511252757,10059100,False
2019-04-08,59.42206954956055,59.56525307447798,59.12853622274804,59.18581181755556,9108200,False
2019-04-09,58.656036376953125,59.12139110666157,58.520008181257744,59.07843167206696,8561600,False
2019-04-10,58.39113998413086,58.76342594752607,58.283755054403606,58.64887473968071,10324300,False
2019-04-11,58.670352935791016,58.75626634344713,58.00453904723752,58.37682501831169,9115100,False
2019-04-12,57.93293380737305,59.28603825638549,57.689520735407285,59.28603825638549,16638700,False
2019-04-15,57.73964691162109,58.033174818827945,57.64657269105866,57.91146825881784,8536100,False
2019-04-16,58.133419036865234,58.24080945420289,57.76829926486216,57.85420722904946,7005700,False
2019-04-17,58.29806518554688,58.4913635011354,58.04749127196853,58.38397858253158,8311400,False
2019-04-18,58.083274841308594,58.58442804788453,58.04032088095379,58.39112430208642,9493900,False
2019-04-22,59.35047149658203,59.57956838942891,58.44840009132839,58.61306604342182,10770600,False
2019-04-23,59.69413375854492,59.77288635346154,59.19298584735056,59.55811101813649,10595100,False
2019-04-24,58.5343132019043,59.4793385632603,58.51283622175314,59.429223788874026,11684000,False
2019-04-25,58.863651275634766,59.3075235187494,58.2765900330462,58.45557218581224,11135000,False
2019-04-26,57.62508773803711,57.725317298552405,56.95927396484184,57.46758258234125,18053500,False
2019-04-29,57.25279998779297,57.546327816960165,57.03086391241527,57.36019034952758,10023700,False
2019-04-30,57.47473907470703,57.653721199609386,57.22416519226394,57.53917547996439,13721500,False
2019-05-01,56.32210159301758,57.460430906136665,56.28630844031554,57.23133397285698,13909800,False
2019-05-02,55.33411407470703,56.20038689884217,55.29831546509032,56.04288175589016,15360400,False
2019-05-03,55.462989807128906,55.99277544452191,55.44151282295243,55.692086741847646,12180700,False
2019-05-06,55.21957015991211,55.59901690063711,54.91888146312776,55.069225811519935,13367100,False
2019-05-07,54.926029205322266,54.9761439761917,54.24589392969373,54.76852407913249,13498800,False
2019-05-08,55.011940002441406,55.33411108528369,54.71125136146914,54.797164742647205,11352900,False
2019-05-09,54.96182632446289,55.040578893254015,54.38192601072893,54.6611376774972,13221600,False
2019-05-10,55.43976974487305,55.60632321346724,54.43322261105625,55.1646004540557,11056000,False
2019-05-13,54.82426452636719,55.20081785000983,54.57081836124928,54.78081819083613,12176100,False
2019-05-14,54.89665985107422,55.61355731261175,54.86045642429708,55.128382776347166,10548400,False
2019-05-15,55.30217742919922,55.43252191598905,54.462178397729176,54.72286737130884,8918000,False
2019-05-16,55.29492950439453,55.72216635157562,55.19355108219191,55.32389555712523,8105200,False
2019-05-17,54.96907424926758,55.25148637379044,54.73734581405911,54.780797658015686,9279400,False
2019-05-20,54.96183395385742,55.29493530815835,54.795280514351845,55.07045528182104,7154300,False
2019-05-21,55.215274810791016,55.3673424456654,54.98355191126198,55.22975507495108,8489900,False
2019-05-22,54.71562576293945,55.19355740064421,54.59252416827378,55.04872712041082,7858300,False
2019-05-23,53.43390655517578,54.16528423640997,52.89080546533762,54.14355555206006,14657200,False
2019-05-24,53.65839767456055,53.76701901994712,53.18047148945525,53.68736373497771,7056400,False
2019-05-28,52.57942581176758,53.76700638626865,52.49252765093464,53.759763491688446,14912900,False
2019-05-29,52.25355911254883,52.4490730376135,51.86252573771053,52.05803966277521,13645200,False
2019-05-30,52.11598587036133,52.2318445731382,51.797364769481646,52.15218929791828,9362100,False
2019-05-31,51.24702453613281,51.81185439992602,51.14564609192371,51.55116539347096,13983300,False
2019-06-03,52.05081558227539,52.14495665682513,51.39185568398199,51.47874833776827,11831000,False
2019-06-04,53.28906631469727,53.33976104398735,52.26079643621768,52.46355325454223,10423000,False
2019-06-05,52.84735870361328,53.325284785820415,52.55770368651596,53.325284785820415,10617800,False
2019-06-06,53.81047058105469,54.03495618994015,53.28909249226631,53.375990681968254,11738900,False
2019-06-07,54.0059814453125,54.28115071473474,53.897360106823726,53.95529222397918,9095500,False
2019-06-10,54.244930267333984,54.54906549992069,53.91182346054774,54.447687089058455,7760400,False
2019-06-11,54.19425201416016,54.89666373491291,54.179771747366914,54.67942658474996,9415100,False
2019-06-12,53.60771179199219,54.02771140715769,53.44840121212172,53.93357584846672,7920800,False
2019-06-13,54.07839584350586,54.433220406054296,53.86115315843728,54.09287611097864,8986400,False
2019-06-14,53.83941268920898,54.17251398112363,53.75252006288033,54.07837846103119,8575900,False
2019-06-17,54.375274658203125,54.44769255154925,53.61493650045507,53.70183465764468,9355700,False
2019-06-18,54.84598922729492,55.19357649539595,54.563576989024426,54.61426622346497,10091500,False
2019-06-19,54.54183578491211,54.92562636515292,54.43321445425462,54.599767897890814,9757400,False
2019-06-20,55.47597503662109,55.73666404215457,55.0921844242276,55.2080431351809,16229700,False
2019-06-21,56.25804138183594,56.30873060315636,55.66425099292064,55.85976498238205,23108100,False
2019-06-24,55.72216796875,56.308720885327766,55.62078954360516,56.14216745846993,10011800,False
2019-06-25,55.22977066040039,55.91770218339169,55.17184406270394,55.81632373153382,9740000,False
2019-06-26,55.46873092651367,55.85252153050606,55.374595380630296,55.52666304307762,11365500,False
2019-06-27,54.90391159057617,55.57735731386949,54.86046526156087,55.46149307021372,8147800,False
2019-06-28,55.49046325683594,55.56288117686067,54.99081386187741,55.171847612515975,14781300,False
2019-07-01,55.43976974487305,56.43183661063049,55.24425574016016,55.85252644345468,11437900,False
2019-07-02,54.83148193359375,55.22975271514025,54.607001938091,55.13561719034769,10475400,False
2019-07-03,55.35286712646485,55.39631344753604,54.7663141684527,54.90390155145842,5246100,False
2019-07-05,55.12838363647461,55.28769418596856,54.73735015809231,55.17183548387958,6880800,False
2019-07-08,55.3818244934082,55.54112948724647,54.97630530309356,55.13561582164117,7876100,False
2019-07-09,55.34562683105469,55.591830028302944,54.83873464571388,55.36010709718851,7863000,False
2019-07-10,56.12768173217773,56.21457435972634,55.57009492343085,55.61354676191444,8077400,False
2019-07-11,56.171142578125,56.20010863637151,55.79459487034181,56.05528386984968,6404000,False
2019-07-12,56.21459197998047,56.39562571039679,56.12045642905994,56.301490159476266,6139000,False
2019-07-15,55.81632232666016,56.29424851271646,55.678734920582656,56.21459322758855,7116400,False
2019-07-16,54.98355865478516,55.80907193089772,54.88218021910188,55.700450599891255,10197400,False
2019-07-17,54.657711029052734,55.005292727571565,54.56356994530729,54.84598214712065,7419300,False
2019-07-18,54.19425201416016,54.50563023496672,53.71632586403306,54.3318394098942,11424500,False
2019-07-19,54.302860260009766,54.49113683119565,53.97700185096942,54.23769078808545,11243100,False
2019-07-22,54.36080932617188,54.52736279202341,53.94805263438716,54.48391093913847,8368800,False
2019-07-23,54.57805252075195,54.86770207753526,54.12908686819996,54.41874194969444,8551200,False
2019-07-24,54.57080078125,55.0704555777414,54.2014904740733,54.59252394201741,8260200,False
2019-07-25,54.25942611694336,54.87493965248651,54.165290572588496,54.87493965248651,9083900,False
2019-07-26,54.17251586914063,54.368035334612735,54.02044824305643,54.21596770852854,7677300,False
2019-07-29,54.55632019042969,54.58528624911693,54.09287430085537,54.22321880259257,7091900,False
2019-07-30,54.56357192993164,54.71563961915368,54.23047048810551,54.35357211394549,6961200,False
2019-07-31,53.84666442871094,54.788041883118304,53.774252053305005,54.33907631606539,13104600,False
2019-08-01,52.47080993652344,53.7814922313414,52.333222548772014,53.397701649414174,17132800,False
2019-08-02,51.95668029785156,53.05012556950591,51.54392361612536,52.579436768485614,21376700,False
2019-08-05,50.89220428466797,51.3556502187286,50.40703518568439,51.25427176594729,19080900,False
2019-08-06,51.38460922241211,51.4208181754512,50.89219729451759,50.89944019006752,12282400,False
2019-08-07,51.05150985717773,51.32667912708649,50.2549625813696,50.58806396853625,15231100,False
2019-08-08,52.412879943847656,52.434608630722046,51.13840654941454,51.30495447581051,14304100,False
2019-08-09,51.29771423339844,52.31874710559022,51.02978785324015,52.23184892772999,13686600,False
2019-08-12,51.04844665527344,51.43701487225277,50.828508397059785,51.36369652611039,9542600,False
2019-08-13,51.67895126342773,51.774262885026296,50.52792359749956,50.784521052947554,12403300,False
2019-08-14,49.59683227539063,50.65254815946872,49.59683227539063,50.63788784712776,18114400,False
2019-08-15,49.3035774230957,49.53084862950608,48.77571666577734,49.45753587841283,12874400,False
2019-08-16,50.0733642578125,50.19066351503016,49.31822686709816,49.69212908669803,12649000,False
2019-08-19,50.91648864746094,51.06311976703132,50.483939429890206,50.564585147302594,10032800,False
2019-08-20,50.60856246948242,50.80651304649975,50.37395831430194,50.80651304649975,9743500,False
2019-08-21,51.11441802978516,51.30503560934961,50.85782066887317,51.29036970678152,10134200,False
2019-08-22,51.00445175170898,51.29037535584549,50.769847625407145,51.253721782194205,8972000,False
2019-08-23,49.479522705078125,50.97512612503914,49.1422796192149,50.454598388593496,15371900,False
2019-08-26,49.74345397949219,50.04404349690154,49.50884984609621,49.94140453812852,7343900,False
2019-08-27,49.25958251953125,50.17600573596305,49.09829113849471,49.94872897477364,9490900,False
2019-08-28,49.61882781982422,49.83877166887078,49.23759815400187,49.50885589530094,9647400,False
2019-08-29,50.16867446899414,50.34462616630543,49.919404437183175,50.07336846490961,9004100,False
2019-08-30,50.20533752441406,50.64521959846091,49.89741503851764,50.3006435358796,9180800,False
2019-09-03,50.26399230957031,50.35197097564555,49.58217302935078,49.77279067581133,9849700,False
2019-09-04,50.79917907714844,51.03378322763511,50.65254798721666,50.95313752652368,6959200,False
2019-09-05,51.51765441894531,51.72293795512259,51.09976558018505,51.20240455157147,9901500,False
2019-09-06,52.00152587890625,52.0161861911498,51.40768534847008,51.57630410958952,10418500,False
2019-09-09,52.412086486816406,52.8373082946234,52.03818976001803,52.17015495577176,12840200,False
2019-09-10,52.83729934692383,53.40914656721602,52.50738921011025,52.88861882583714,13810800,False
2019-09-11,52.734657287597656,53.401810474233166,52.45606664608221,53.35782395015266,10525700,False
2019-09-12,52.77132034301758,52.90328551838954,51.83289821070375,52.03818172281864,9100700,False
2019-09-13,53.255184173583984,53.3138366003852,52.829962469380135,52.97659353638316,7337200,False
2019-09-16,54.054317474365234,55.11736632569522,53.9590058659452,55.01472735770767,19830200,False
2019-09-17,53.64376831054688,54.31092734886243,53.24787266034954,54.12030968171434,14452200,False
2019-09-18,53.38715744018555,53.49712935877832,53.02792105995966,53.262525209369,7292200,False
2019-09-19,53.027923583984375,53.65842331429577,52.92528461332014,53.49713190513643,8050200,False
2019-09-20,52.84464263916016,53.1525595728894,52.6833512186149,53.14522661920876,19736600,False
2019-09-23,52.88129806518555,53.04992244529284,52.39009642614144,52.43408296294987,7495200,False
2019-09-24,52.15548324584961,52.69067692280519,51.92087910099056,52.64668480017885,13307100,False
2019-09-25,52.30942916870117,52.397407799487816,51.92086667118152,52.03817151223038,8035200,False
2019-09-26,52.03085708618164,52.30944779275704,51.81824618113542,52.214141770524456,8420200,False
2019-09-27,52.40476608276367,52.54405865708959,51.78159360190596,51.83291309632191,8224000,False
2019-09-30,51.76691436767578,52.38274807560483,51.74492110573593,52.228789648622566,9768900,False
2019-10-01,50.54990768432617,51.986864360640745,50.52058706051927,51.92821192621892,10279100,False
2019-10-02,49.230255126953125,50.285970843497154,49.12761617664195,50.05136672944256,14503700,False
2019-10-03,49.83876037597656,49.85342068566907,48.614414764033285,49.12028214617394,10788400,False
2019-10-04,50.5645751953125,50.63788794396582,49.72146460228886,49.93407548876642,10534800,False
2019-10-07,49.86809539794922,50.608567102850536,49.86809539794921,50.36662997252563,10993000,False
2019-10-08,48.90034866333008,49.79477876515399,48.85636213156967,49.5161880749975,9748700,False
2019-10-09,49.44287109375,49.63348311067187,49.26691379495522,49.34023213282165,8580900,False
2019-10-10,50.03670501708984,50.11735070341748,49.39887247797214,49.43553164208584,7100100,False
2019-10-11,50.57191467285156,50.9458114172439,50.50592927516739,50.57191467285156,10101900,False
2019-10-14,50.718536376953125,50.85783452227927,50.28598162781618,50.29331458109769,6234600,False
2019-10-15,50.89448165893555,51.319703400960414,50.59389773329989,50.63055130825831,6645700,False
2019-10-16,50.02204895019531,50.97512577055396,50.00738304594467,50.74052164317606,9765800,False
2019-10-17,49.95606231689453,50.49858329910715,49.9120757920513,50.20533234228096,9757200,False
2019-10-18,49.567508697509766,49.96340427265293,49.567508697509766,49.75812632852043,13472700,False
2019-10-21,50.39595031738281,50.4179435824106,49.7214640873114,49.7214640873114,10199300,False
2019-10-22,50.65254592895508,51.14375306851116,50.3299687310214,50.42527474055117,9536000,False
2019-10-23,51.13642120361328,51.143754156318906,50.42527581307717,50.55724099475814,8641800,False
2019-10-24,50.65254592895508,51.35636394521968,50.601226447915366,51.29037855908066,9003600,False
2019-10-25,50.76985549926758,50.93847986310679,50.51325807029874,50.51325807029874,7607200,False
2019-10-28,50.32262802124024,51.077759808737085,50.27864149953069,50.923801389350615,11209600,False
2019-10-29,50.17600631713867,50.608555395470944,50.02937524476914,50.20533253161258,13894400,False
2019-10-30,49.64815521240234,50.124696500993885,49.31823943103687,50.124696500993885,12840600,False
2019-10-31,49.538185119628906,49.64815705082288,49.22293523335539,49.45753940964698,16169100,False
2019-11-01,51.02645111083984,51.03378406380762,50.0807015405497,50.13935397748342,14108700,False
2019-11-04,52.54405212402344,52.69068322798432,51.27572523683875,51.37103125935981,15858200,False
2019-11-05,53.58510971069336,53.60710857212879,52.67601920720034,52.81531736260024,14930400,False
2019-11-06,52.412086486816406,53.42382151872992,52.19947558291291,53.32118254352197,13996500,False
2019-11-07,53.526458740234375,53.54111905332463,52.78598707757624,52.80798034391385,13073800,False
2019-11-08,52.50994491577149,53.27418940282526,52.42833228831432,53.1332113301199,12106000,False
2019-11-11,52.190895080566406,52.39123294506701,51.91636597412895,52.09443967301552,8674000,False
2019-11-12,51.47117614746094,52.24283634923693,51.1818042794025,52.13895389783546,13918600,False
2019-11-13,51.04824447631836,51.30793643679445,50.89984502686047,51.211475379431775,11773700,False
2019-11-14,50.82564163208008,51.17437321762895,50.58820820417481,51.09275494608094,11279800,False
2019-11-15,51.337623596191406,51.4192418897355,50.95179063382638,50.981470527920685,11252800,False
2019-11-18,50.84049606323242,51.06309245434585,50.67726512539214,50.9740527657282,10095600,False
2019-11-19,50.32108688354492,50.87015053680274,50.29140700217173,50.75143667216849,12605500,False
2019-11-20,50.47690582275391,50.85531726273387,49.95010062557265,50.209792531104405,16930700,False
2019-11-21,51.69375991821289,51.75311969367219,50.39529454955444,50.46949143844869,14080900,False
2019-11-22,51.47117614746094,52.07217838714221,51.44149625575488,51.72344673567166,12143600,False
2019-11-25,51.129859924316406,51.52310853707781,50.98146048308389,51.47117014786139,10670000,False
2019-11-26,51.00371170043945,51.2263080000703,50.781121061667655,51.13726834804615,15457000,False
2019-11-27,50.974029541015625,51.26340132110311,50.758860298065485,51.01855219546979,8393900,False
2019-11-29,50.55110549926758,50.84789869095611,50.454650117834,50.69950492554148,7980800,False
2019-12-02,50.76629257202149,51.10760284285104,50.72919695221909,50.8256523567381,11116900,False
2019-12-03,50.36561965942383,50.64015440251936,50.09850630421205,50.45465933144786,12245800,False
2019-12-04,50.93694305419922,51.01856133097803,50.55853155830292,50.64014983508172,11049700,False
2019-12-05,50.75886154174805,51.1743685877756,50.610462124696106,51.11500882095482,13109000,False
2019-12-06,51.575042724609375,51.842156036207015,51.01855760225754,51.01855760225754,13710800,False
2019-12-09,51.68634414672852,51.91635620035747,51.21147160432913,51.25599426631455,12397700,False
2019-12-10,51.24114608764648,52.04990737490811,50.97403278734532,51.68633869538787,14281800,False
2019-12-11,51.16694641113281,51.76053274845125,50.95177150537635,51.0037098853273,13748400,False
2019-12-12,52.190895080566406,52.22057497385764,51.122447226386186,51.16696423589262,17068500,False
2019-12-13,51.36730194091797,52.33929438452965,51.28568364983568,52.294777375161416,12274500,False
2019-12-16,51.93861770629883,52.12411276953561,51.716021366070656,51.716021366070656,15208700,False
2019-12-17,51.70119857788086,52.22058263451801,51.42666377030885,51.92379497978915,14450700,False
2019-12-18,51.8421630859375,52.15379343822517,51.40439178651039,51.66408374675012,13652300,False
2019-12-19,51.48601531982422,51.97572506124804,51.374717136695104,51.931202391479935,13273200,False
2019-12-20,51.89409637451172,52.10927130922352,51.48600500508252,51.83473660062028,35092000,False
2019-12-23,52.1537971496582,52.16121853786752,51.5898905238224,51.83474538698459,14172500,False
2019-12-24,51.95346832275391,52.30962142750751,51.87185568171071,52.19832322846816,3979400,False
2019-12-26,52.03506851196289,52.309603219249965,51.946034512412176,52.07959117259784,8840200,False
2019-12-27,51.85701751708984,52.16864797344049,51.84959612693043,52.08702966427312,10516100,False
2019-12-30,51.55278778076172,52.26508810719234,51.49342800501088,52.0053905034974,12689400,False
2019-12-31,51.7753791809082,51.79022195548576,51.20405689858942,51.21147262501833,13151800,False
2020-01-02,52.60641098022461,52.69544500440699,52.11670120377692,52.11670120377692,12456400,False
2020-01-03,52.18346786499024,52.95512793810313,52.057332591916094,52.93286377739042,17386900,False
2020-01-06,52.58415603637695,52.94772486842686,52.10928900569827,52.176064528358616,20081900,False
2020-01-07,52.1537971496582,52.32444945244841,51.575053408264345,52.30961233689035,17387700,False
2020-01-08,51.36730194091797,52.15379929768096,51.32277927068893,52.02024260871547,15137700,False
2020-01-09,51.76053237915039,51.864409138311146,50.92209125910579,51.30050268796788,14811800,False
2020-01-10,51.30050659179688,51.908930082120186,51.2856694797272,51.88667158358604,11995600,False
2020-01-13,51.79022216796875,51.84216055748355,51.2782539992801,51.34502950257346,9953900,False
2020-01-14,51.345027923583984,51.6269840244448,51.11501587150046,51.47858458692339,16261000,False
2020-01-15,51.26341247558594,51.63440259856176,51.115018690739625,51.34503075550943,11390300,False
2020-01-16,51.06308364868164,51.626990257626765,51.048246533568,51.41923668087341,13340300,False
2020-01-17,50.87017059326172,51.256003542376185,50.66983839108131,51.01114867015286,18144100,False
2020-01-21,50.14302062988281,50.76628124779715,50.09108224505661,50.73660136205942,17982600,False
2020-01-22,49.85365295410156,50.23205879170321,49.71267490037163,50.1281820134369,17033100,False
2020-01-23,49.54201126098633,49.66073080012899,49.00779031742197,49.49749426423743,19605900,False
2020-01-24,49.208133697509766,49.475247060701584,49.000380117440685,49.37137027066704,18238600,False
2020-01-27,48.03579711914063,48.770361601464735,48.00611723149382,48.540343887416896,21231000,False
2020-01-28,47.969024658203125,48.37711040227975,47.95418188300901,48.31033489648652,19664700,False
2020-01-29,47.568359375,48.32517682027768,47.41254418511521,48.25097991950311,14202800,False
2020-01-30,48.072898864746094,48.13967436696062,47.063805318310365,47.32349726168872,18544700,False
2020-01-31,46.0918083190918,46.89314827783559,45.89889471629965,46.89314827783559,34282900,False
2020-02-03,45.06046295166016,45.57242833598217,44.79334959273382,45.54275127532495,27389300,False
2020-02-04,44.49655532836914,45.93599595656968,44.43719555132336,45.594685729846354,31922100,False
2020-02-05,46.54441833496094,46.692814943369925,44.9639996917005,45.07529785561472,32099200,False
2020-02-06,45.91373825073242,46.752173887803096,45.83953852813988,46.69281694015907,16055400,False
2020-02-07,45.60952758789063,45.75050281864475,45.30531579384115,45.56500775323824,15112500,False
2020-02-10,45.12784194946289,45.54931716379296,44.87194679630981,45.5192111761126,20934500,False
2020-02-11,45.55683517456055,45.82778327962043,45.28588706950067,45.59446908886908,14908700,False
2020-02-12,46.11378860473633,46.30947177018747,45.57942027690356,46.16647264432182,17862100,False
2020-02-13,45.857887268066406,46.22667549530736,45.57941411489567,45.95573027309673,16949400,False
2020-02-14,45.64715194702149,46.03099317191937,45.36867591785207,46.02346811189037,10855300,False
2020-02-18,45.06763458251953,45.45147589151369,44.74400238014216,45.27084570059824,18948500,False
2020-02-19,45.4138298034668,45.624565913443774,45.029988621570986,45.24072473154797,12804900,False
2020-02-20,45.05257797241211,45.564368257374085,44.947209890990216,45.33105116917925,14817200,False
2020-02-21,44.50315856933594,44.789156839575966,44.2472634157609,44.789156839575966,20315700,False
2020-02-24,42.418365478515625,43.502155176436304,42.418365478515625,43.3666811053131,32096600,False
2020-02-25,40.79267883300781,42.71189098130271,40.61957371628979,42.71189098130271,36414500,False
2020-02-26,39.89704132080078,41.2593069662906,39.83683222317291,41.05609587855026,29801000,False
2020-02-27,37.49615097045898,39.468047319197794,37.48109797591104,38.91862593799086,48141300,False
2020-02-28,38.71540832519531,38.71540832519531,36.13387905000838,36.7058812626388,62446700,False
2020-03-02,40.55184173583984,40.55936679791113,38.482102267338746,39.58094507792367,38127600,False
2020-03-03,38.61004257202149,40.75504669167341,38.36920042730521,40.60451963345953,50580700,False
2020-03-04,39.45298767089844,39.49814664692621,38.47456615881392,39.30998855340747,24079600,False
2020-03-05,37.71441268920898,38.15846595143943,36.90909619397047,37.94772691221932,40788200,False
2020-03-06,35.89304733276367,36.88652212600941,35.52425896992688,36.75857596328883,55640500,False
2020-03-09,31.505189895629883,33.544822827507595,30.707398589652133,31.39229389733693,72896300,True
2020-03-10,32.671775817871094,34.81677723586373,31.196616847214223,34.74904019787106,60445900,False
2020-03-11,31.595502853393555,32.72445127637788,31.422397773063675,31.904081974166697,51986100,False
2020-03-12,27.982872009277344,30.59450727646303,27.847397951718943,30.03003299365792,65725300,False
2020-03-13,28.690343856811523,30.2106615207158,26.34213177137554,30.112818513095483,79891500,False
2020-03-16,25.958295822143555,28.50971950178694,25.02503027203801,25.89055878325634,48924700,False
2020-03-17,27.70439720153809,28.13339740151156,25.74002635373087,26.500183746524275,41204400,False
2020-03-18,24.92718315124512,27.62913345929314,23.50470843926217,26.00344766401769,54036400,False
2020-03-19,25.913129806518555,26.26686789926761,24.347653275348907,25.3862866327186,49412400,False
2020-03-20,24.64118385314941,26.47760571264224,23.75307603472309,26.22171060450217,76534600,False
2020-03-23,23.670286178588867,24.61107654442257,22.66175879157256,24.48312756171573,56952500,False
2020-03-24,26.673282623291016,27.22270375363689,25.08523118295292,25.90559747825513,61835600,False
2020-03-25,28.06566047668457,29.044081938511297,26.477605789588388,27.478605302736923,56607700,False
2020-03-26,29.217191696166992,29.77414097656929,27.63666468786218,28.223717084478544,46722000,False
2020-03-27,27.80977249145508,28.359193892518228,27.24529809529996,27.945246576217524,51558600,False
2020-03-30,28.22371482849121,28.71292703394429,26.98939815936222,27.26787134177188,45835000,False
2020-03-31,28.57745742797852,29.691353202325374,28.125876197687504,28.85593065379893,41491600,False
2020-04-01,28.246286392211918,29.12686758550668,27.350655081003257,27.742024181238257,36045900,False
2020-04-02,30.406354904174805,31.580459795875445,28.52477360740817,29.15698503796437,62000200,False
2020-04-03,29.510713577270508,31.746032562090942,28.991398292471573,31.196611294417263,48425700,False
2020-04-06,30.45903205871582,30.72998016351217,29.52576668342445,30.014978858313928,41301900,False
2020-04-07,31.03857040405273,32.60404475525068,30.97835841655079,32.28794043406223,48921800,False
2020-04-08,33.00293731689453,33.14593934384986,31.211673852762598,31.57293714479926,33355600,False
2020-04-09,32.46103286743164,35.15545508853911,31.414874398716822,34.21466468558485,60107300,False
2020-04-13,32.18255615234375,33.63513673310774,31.587978812408505,33.45450658740178,29651900,False
2020-04-14,31.93418502807617,32.927659319575966,31.54281593277867,32.363185159811806,30769000,False
2020-04-15,30.4665584564209,30.90308661577084,29.63866398525578,30.85792763930077,33125000,False
2020-04-16,29.465560913085938,30.466560556453977,29.29998085901375,30.466560556453977,30934000,False
2020-04-17,32.528778076171875,32.60404017891987,30.007457439201577,30.014985372115486,40829100,False
2020-04-20,30.993410110473636,32.167517977812174,30.511725714970268,30.66977786892004,39260800,False
2020-04-21,30.827829360961918,31.70841096032512,29.826829536373847,30.40635695947869,44381600,False
2020-04-22,31.70841407775879,32.31051961840652,31.505202919465365,32.062149467914885,27074200,False
2020-04-23,32.70187759399414,33.61256208776796,32.22019332856219,32.461035461278165,35271000,False
2020-04-24,32.912620544433594,33.78567417372991,32.46104217002923,33.41688583788158,28653800,False
2020-04-27,33.0706672668457,33.356668388316976,31.78366652682221,32.80724707013849,28274400,False
2020-04-28,33.84588623046875,34.161990519044664,33.198621786929166,33.394304983990644,26545100,False
2020-04-29,35.719932556152344,35.82530063142862,34.741511022932286,34.81677311353971,29502500,False
2020-04-30,34.97482681274414,35.8855112825383,34.44798358465124,35.8855112825383,37076300,False
2020-05-01,32.46855926513672,34.914614413598656,32.363191195034844,34.34261508830366,35399300,False
2020-05-04,33.778133392333984,33.82328948612102,31.7761318876302,31.994393040083416,27465600,False
2020-05-05,33.740516662597656,35.48662384892869,33.612567643470165,34.81677850608978,29276200,False
2020-05-06,33.108306884765625,34.07167562266296,33.040569840940634,33.81578044277582,22659000,False
2020-05-07,33.29646682739258,34.071677471288325,33.09325568489199,33.83836033632866,22160300,False
2020-05-08,34.75655746459961,34.78666344359431,33.85339819220797,34.10176821231794,19977400,False
2020-05-11,34.42539596557617,34.77160606714311,34.25228804372889,34.70386905848316,22258000,False
2020-05-12,33.84998321533203,35.0391819784435,33.84998321533203,34.84737563191802,25439100,False
2020-05-13,32.16976547241211,33.65818188986503,31.91657965239709,33.558444682040644,30827900,False
2020-05-14,32.453636169433594,32.64544253323253,30.84246388421566,31.509949210750765,24856500,False
2020-05-15,32.22346878051758,32.99836519438188,32.10838379275118,32.51501526992174,22445600,False
2020-05-18,34.78600311279297,34.97013851433961,33.80395544249867,34.06481222076221,32026100,False
2020-05-19,33.71188735961914,35.77572582425361,33.704216392394585,34.9471208808168,21771600,False
2020-05-20,34.809024810791016,34.97014441184101,34.19524491334685,34.23360560817459,19352400,False
2020-05-21,34.18757247924805,35.13125957986944,34.05714261034593,34.86272887412192,19130700,False
2020-05-22,34.21825408935547,34.27195963701512,33.335946572994814,33.79628067485839,15406400,False
2020-05-26,35.22332000732422,35.52253746212502,34.88574186568048,35.09289308671168,20356500,False
2020-05-27,35.47651672363281,36.16701807944992,34.83971800453221,35.798750104334054,20788300,False
2020-05-28,34.55582809448242,35.64528661186974,34.47143284349817,35.62227078950394,19698000,False
2020-05-29,34.88573455810547,35.05452213020471,34.04178499068048,34.38703695341197,25874700,False
2020-06-01,35.507198333740234,35.63762820214003,34.37170484484372,34.77066249122357,19031000,False
2020-06-02,36.29744338989258,36.40485450324867,35.86779600973485,35.95219129215274,22319000,False
2020-06-03,37.77817535400391,37.90093128589072,36.788454006879554,36.82681468683188,23418000,False
2020-06-04,37.6707649230957,37.70912853341636,36.94957412074872,37.50197732996155,18731400,False
2020-06-05,40.72433090209961,41.008203517316495,39.58883458776604,39.6271982041122,41328900,False
2020-06-08,41.9979248046875,42.47360379120324,41.01587418276511,41.98257994360854,33579400,False
2020-06-09,41.06191635131836,41.407168472540434,40.24098515570894,40.57089241301743,27276900,False
2020-06-10,38.8599739074707,41.04656547714895,38.82161028993735,41.04656547714895,31156800,False
2020-06-11,35.43046569824219,37.47128494311563,35.36908626748757,36.46621871500139,39183000,False
2020-06-12,36.19001770019531,37.30249502292337,35.22331506443978,36.85750584987158,30978100,False
2020-06-15,36.1670150756836,36.64269413819347,34.333346321430895,34.79368052041033,27929300,False
2020-06-16,36.98027420043945,38.16947328528767,36.2437383329283,38.031372444287655,26203400,False
2020-06-17,35.77572250366211,36.92656064490735,35.752703750658945,36.8268205198476,19279400,False
2020-06-18,35.99821853637695,36.31278379650727,35.115910980132206,35.37676776344217,21478700,False
2020-06-19,35.27703094482422,37.02630428741167,35.27703094482422,36.99561748928785,48899900,False
2020-06-22,35.61459732055664,35.629942177893504,34.8320300835025,35.05452319805634,17565400,False
2020-06-23,35.829429626464844,36.228387217531065,35.67598394886509,35.9828753040646,18916600,False
2020-06-24,34.14153289794922,35.261681364769416,33.949726533354,35.223320677196945,27626900,False
2020-06-25,34.65556716918945,34.70927563553092,33.520074018304115,33.79627560871209,19353600,False
2020-06-26,33.46637344360352,34.479110807522595,33.37430720871983,34.43307915344717,31518600,False
2020-06-29,34.00343704223633,34.202917329488955,33.40500203394503,33.61215328913816,17052100,False
2020-06-30,34.31032180786133,34.50212816335835,33.11344909593615,33.32060031108085,22153600,False
2020-07-01,33.535430908203125,34.81669920635101,33.50474118120634,34.13386887770658,17290100,False
2020-07-02,33.81930160522461,34.67091945580779,33.7042166089856,34.23360115287239,18216600,False
2020-07-06,34.05713653564453,34.586523958037255,33.635163132431565,34.27195872053853,22692000,False
2020-07-07,33.174827575683594,33.75791759177924,33.075087454222746,33.681196222490975,17407600,False
2020-07-08,33.09810256958008,33.70421132484493,32.86793553992063,33.10577646238385,18291400,False
2020-07-09,31.73244857788086,33.06741936905319,31.678743024599967,32.913976603526734,25882000,False
2020-07-10,32.72216796875,32.76819962454791,31.53296613059956,31.54831099144318,18951000,False
2020-07-13,32.729835510253906,33.2131883326742,32.399928353477016,32.975347404590295,20028300,False
2020-07-14,33.81163024902344,33.90369649688506,32.42295092958319,32.630102182321785,21444100,False
2020-07-15,34.24127197265625,34.59419497022825,33.919035768157585,34.54816039051909,17332400,False
2020-07-16,33.97273635864258,34.379367769923874,33.59679758942284,33.99575510850566,14673700,False
2020-07-17,33.3896598815918,34.287312466891805,33.28991972986951,34.011113697615016,17958900,False
2020-07-20,32.607078552246094,33.381974895960674,32.59173369348419,33.15180786799721,18553900,False
2020-07-21,34.256614685058594,34.670914169538186,33.07508688718649,33.105776605068705,28821800,False
2020-07-22,33.45869827270508,33.87300066772328,33.27456289934172,33.87300066772328,21345400,False
2020-07-23,33.52775955200195,33.61982580519391,33.006045906025165,33.29759245565535,17934400,False
2020-07-24,33.32060241699219,34.080153993794845,33.136467016315024,33.66585446405381,16415300,False
2020-07-27,33.81163024902344,33.82697511145592,32.96768330236983,33.16716066052556,18547900,False
2020-07-28,33.41265869140625,33.949716945954194,33.34360830258248,33.6888602467013,19190500,False
2020-07-29,33.780941009521484,33.82697559748034,33.2515564182944,33.535429060540814,14143200,False
2020-07-30,32.12372970581055,33.12879612815036,32.09304291123547,33.09043543988183,29901100,False
2020-07-31,32.28485107421875,32.35389856090112,31.38719569981796,31.579002078557192,32116200,False
2020-08-03,32.415279388427734,32.60708577534151,31.816844397811384,32.261833693550074,23033600,False
2020-08-04,33.35129165649414,33.451028858967945,32.40760469264513,32.48432606789158,17724000,False
2020-08-05,33.64284133911133,33.99576733890214,33.3973293816163,33.87301136015463,17175100,False
2020-08-06,33.481712341308594,33.68119256255395,33.18249493617287,33.297579904332295,14434900,False
2020-08-07,33.32827377319336,33.38965321638027,32.84492382839469,33.16715712492714,18757900,False
2020-08-10,34.14920425415039,34.21825466326132,33.45102919613229,33.75024958676824,24367800,False
2020-08-11,34.50213623046875,35.61461101107837,34.31800079837562,34.90876486264376,28987500,False
2020-08-12,34.49430465698242,35.15931046834172,34.13441922929318,34.783777458865416,22503200,False
2020-08-13,33.64936065673828,34.32219190138045,33.578948015218245,34.03271903489663,17338700,False
2020-08-14,33.79800796508789,33.86059531569643,33.17994183629454,33.32858940540233,13595700,False
2020-08-17,33.35988235473633,33.77453285141973,33.226882378242124,33.77453285141973,15554600,False
2020-08-18,33.19557571411133,33.790168729515464,33.08604565741611,33.32075334811589,13014000,False
2020-08-19,32.827880859375,33.37553439008615,32.757468219933976,33.13300130212891,14473100,False
2020-08-20,32.32715606689453,32.77310159518002,32.31150848886184,32.61662879932346,15678500,False
2020-08-21,32.08462905883789,32.34280966774973,31.849921313581337,32.311514505856614,25517700,False
2020-08-24,33.03129577636719,33.258178290219654,32.147226652034185,32.29587422793361,18208900,False
2020-08-25,31.982919692993164,32.91392824285572,31.84209446905154,32.593160340426564,31285600,False
2020-08-26,31.30226707458496,31.95162823624453,31.294444776557985,31.79515541546758,26795000,False
2020-08-27,31.091035842895508,31.52915621105861,30.754620283358165,31.294448444618208,32034300,False
2020-08-28,31.83427047729492,32.01421316307322,31.106674452273204,31.16926476965901,33477100,False
2020-08-31,31.247501373291016,31.857745062951626,31.216209197374923,31.795154742177917,25259600,False
2020-09-01,30.84849548339844,31.09885077287527,30.55119745796828,31.09885077287527,22464100,False
2020-09-02,30.66073608398437,31.07538957282646,30.47297105669135,30.692031250023643,26413400,False
2020-09-03,30.598146438598636,31.31791729662261,30.418203724092635,30.66855906466368,28817200,False
2020-09-04,30.574676513671875,31.13015223822787,30.238260965679693,30.871971614873885,24632500,False
2020-09-08,29.870553970336918,30.261734611138102,29.22119267406064,29.925319021291365,38496400,False
2020-09-09,29.690608978271484,30.386909988487997,29.667136112165934,30.003551676457025,25886100,False
2020-09-10,28.94736671447754,30.019200808523777,28.86913178201074,29.94096587605698,34381200,False
2020-09-11,28.869129180908203,29.189897150275137,28.548361211541277,29.04907189694613,26838600,False
2020-09-14,28.68136215209961,28.95518738479824,28.548362177494905,28.87695245673326,26129900,False
2020-09-15,28.376245498657227,29.244667043335017,28.32930274494138,28.79089604416329,23724200,False
2020-09-16,29.581079483032227,29.847082423329663,28.37624246024553,28.52489002105508,30890900,False
2020-09-17,29.57325553894043,29.7140808069164,28.92389723391469,29.22119236900049,24696200,False
2020-09-18,29.096010208129883,29.58889857021358,28.71265491443108,29.362013119551296,46853800,False
2020-09-21,28.501415252685547,28.72047540673807,27.914644424784203,28.501415252685547,35351800,False
2020-09-22,27.797290802001957,28.822184986507548,27.750351042898657,28.52488691281255,27303200,False
2020-09-23,26.90539932250977,28.000706120253795,26.87410416040944,27.891176037373576,31251400,False
2020-09-24,26.850629806518555,27.24181031417118,26.412506563538265,26.91322012028878,26796000,False
2020-09-25,27.100988388061523,27.335696124298803,26.50639525729569,26.60027775489645,23486000,False
2020-09-28,27.625173568725582,28.086766771413583,27.460875457315915,27.49217061991499,23396500,False
2020-09-29,26.81934356689453,27.468704858052188,26.592461065216543,27.38264464023887,20770500,False
2020-09-30,26.85846519470215,27.320055502335123,26.701992335866937,27.100995290648758,22223700,False
2020-10-01,25.919626235961918,26.67851453668465,25.77097570452834,26.43598448555997,36890200,False
2020-10-02,25.802268981933597,26.09174175622192,25.19985057067842,25.23114573126926,32694300,False
2020-10-05,26.39687156677246,26.404693866602507,25.95092288020049,26.068278268951776,22965200,False
2020-10-06,26.12303733825684,26.928868337411416,26.060450000536207,26.69416059813512,26731800,False
2020-10-07,26.2091007232666,26.396868728182703,25.982215254463743,26.318630815938,23779300,False
2020-10-08,27.586061477661133,27.64865182181473,26.412519385028038,26.50640490125843,34413700,False
2020-10-09,27.179229736328125,28.12588608372875,27.108817108080984,27.914648198987333,29228600,False
2020-10-12,27.09317779541016,27.17141274646613,26.78023202224208,27.022765145670945,17912800,False
2020-10-13,26.77239799499512,27.280930923072937,26.678512513481955,27.171400845778354,20995100,False
2020-10-14,26.71763229370117,27.249638071197943,26.623746814516544,26.64721967654805,17743000,False
2020-10-15,26.952342987060547,26.96016528561758,26.02915656483708,26.365572107739077,23251600,False
2020-10-16,26.678510665893555,27.100986350032414,26.50639326398075,26.889748507962988,22627200,False
2020-10-19,26.14651107788086,26.88975484906912,26.123041195828694,26.67851695718585,23645800,False
2020-10-20,26.365571975708008,26.545514686328968,26.076099179010896,26.334276812694533,23040600,False
2020-10-21,25.943099975585938,26.302985448808684,25.92745239181911,26.216925230326844,28619300,False
2020-10-22,27.27311134338379,27.351346267971344,25.83356664588682,25.958744315909552,31831500,False
2020-10-23,26.72545623779297,27.44523003352925,26.490748494313856,27.35916983121037,27429100,False
2020-10-26,26.091745376586918,26.4203386394432,25.778802680668427,26.29516096418157,30888700,False
2020-10-27,25.677091598510746,25.97438965836007,25.583209100205465,25.93527219943877,27100700,False
2020-10-28,24.699142456054688,25.332856092478785,24.66002499356529,25.113792930490224,42136400,False
2020-10-29,25.794456481933597,25.919634187374385,24.339263790889465,24.57397161553196,38622800,False
2020-10-30,25.5206241607666,25.927452385185752,25.04338330165045,25.35632900796409,47885700,False
2020-11-02,26.592453002929688,26.96016066146233,25.481498776704843,25.927444329743757,40130300,False
2020-11-03,26.138690948486328,26.983642586159696,25.919630739225017,26.983642586159696,36773000,False
2020-11-04,25.99786376953125,26.70981238190617,25.45021030205717,26.02915893555178,35410100,False
2020-11-05,25.950916290283203,26.53768711609333,25.92744641228144,26.107389107393388,30824100,False
2020-11-06,25.64580345153809,26.33428225783629,25.5206257580722,25.896158838469866,33985600,False
2020-11-09,28.892602920532227,29.7375515688864,28.211949428181438,28.49359698798516,76879400,True
2020-11-10,29.533592224121094,29.990297006434208,28.82850290583151,29.685826132733407,49055400,False
2020-11-11,29.229124069213867,29.741915236949406,28.99676461618481,29.717879106110697,34124500,False
2020-11-12,28.227569580078125,29.07688161267349,27.93912386876364,28.732349574878477,30933700,False
2020-11-13,28.90862464904785,29.044833435291192,28.34775828865742,28.363783391122947,29241500,False
2020-11-16,30.57519149780273,30.58320251973032,29.72587951913656,30.11848683604626,38596800,False
2020-11-17,30.98382568359375,31.015875889245912,29.950232531356203,30.294764600927333,26521100,False
2020-11-18,29.814022064208984,31.35239838541485,29.806011040663424,31.264261844033797,31068000,False
2020-11-19,29.96625518798828,30.04637763910232,29.29321620661337,29.533586616431062,26954400,False
2020-11-20,29.597686767578125,29.97426904770556,29.46948899977583,29.92619373860125,18351000,False
2020-11-23,31.53668212890625,31.59276846250786,29.87010805481279,30.04638113554697,29367600,False
2020-11-24,33.63591766357422,33.71604317070957,32.22574235922342,32.45809868872699,46979300,False
2020-11-25,32.69847869873047,33.419590068436015,32.570280918128844,33.38753985916656,28178200,False
2020-11-27,32.20171356201172,32.80264130515074,31.945317969457196,32.61034613897313,14971900,False
2020-11-30,30.55116081237793,31.953325247835263,30.422963043395157,31.88922483510592,45614300,False
2020-12-01,30.847612380981445,31.769035791574943,30.82357625849696,31.216180522628687,32472900,False
2020-12-02,32.00139236450195,32.38598560972089,30.719414880438816,30.759476103726648,29369500,False
2020-12-03,32.21772766113281,32.56225969400488,31.83313440370073,32.10555500977456,27038900,False
2020-12-04,33.395545959472656,33.459643306218574,32.57027313508791,32.666420683444514,28723600,False
2020-12-07,32.77058029174805,33.2833712600289,32.58629317207655,33.187220661119795,24899400,False
2020-12-08,33.84424591064453,34.12467758573472,32.402017134534944,32.47412857334042,32573800,False
2020-12-09,34.292930603027344,35.03808098841734,33.95641265167728,34.220819176812974,37824800,False
2020-12-10,35.26243209838867,35.63100336891073,34.260886045126966,34.613432212019724,38058700,False
2020-12-11,35.09416961669922,35.19833125172792,34.62143980415442,35.014047162969874,25478800,False
2020-12-14,33.828224182128906,35.622993194734434,33.796173971356154,35.52684561889251,30595000,False
2020-12-15,34.4852409362793,34.629463839637815,33.7000290493699,34.00449690625872,27138400,False
2020-12-16,35.01405715942383,35.34256420386345,34.42114044053261,35.05411839772592,34273000,False
2020-12-17,34.83777618408203,35.28646989868384,34.7736788285537,35.254419692681736,21204600,False
2020-12-18,34.236854553222656,35.07815274057001,33.9884699980538,34.66952324036463,46596800,False
2020-12-21,33.61188125610352,33.71604288626292,32.47412351618491,32.93884228422259,27869500,False
2020-12-22,33.04301452636719,33.5718308129297,33.0350004449097,33.31543522286766,21792900,False
2020-12-23,33.46765899658203,33.964424919568934,33.21927450685077,33.25933573255566,19085900,False
2020-12-24,33.331451416015625,33.53176062658417,33.15518138911898,33.37151570331013,8039000,False
2020-12-28,33.443626403808594,34.09262627559301,33.26735332432348,33.40356211739767,23877500,False
2020-12-29,33.06705093383789,33.74810115253638,33.01096458907338,33.684003782724034,20287700,False
2020-12-30,33.331451416015625,33.988465382162374,33.06704484743266,33.11512015830047,23807300,False
2020-12-31,33.0269775390625,33.39554568513129,32.82666836535441,33.22728671277059,22786500,False
2021-01-04,33.2513313293457,33.852259003972435,32.85071287959455,33.21127009566583,27764700,False
2021-01-05,34.85380554199219,35.89541291241164,33.51574137105189,33.523752395292455,44035100,False
2021-01-06,35.7431755065918,36.13577984200858,35.01405011291325,35.58292752915648,36484800,False
2021-01-07,36.02360153198242,36.51235641118703,35.679069504230824,36.05565173374431,29528100,False
2021-01-08,36.424224853515625,36.71267059577097,36.01559542297114,36.21590462659559,28628200,False
2021-01-11,37.52993392944336,37.77030437156736,35.85534880169723,36.08770822022336,38246200,False
2021-01-12,38.36323165893555,38.59558808565611,37.586030725160605,38.02671050111915,36915100,False
2021-01-13,38.7958869934082,39.02824641456158,38.21098445691855,38.88402353636128,29000300,False
2021-01-14,40.31021499633789,40.92716755353282,38.85997563021929,38.85997563021929,35474800,False
2021-01-15,38.37123489379883,39.32470876695288,37.89049397335944,39.18849690372677,42411300,False
2021-01-19,39.13240814208984,39.613149032765165,38.73980073807337,38.81992625750328,24932600,False
2021-01-20,39.68525695800781,39.85351900567353,39.25259141730164,39.34873897562792,22342400,False
2021-01-21,38.54750061035156,39.573082674376295,38.202968562629074,39.525010425422415,29044500,False
2021-01-22,38.00267028808594,38.17092932069538,37.36969233896298,37.66614916639054,23264800,False
2021-01-25,37.57801055908203,37.69819425612331,36.98509392832628,37.57801055908203,26395800,False
2021-01-26,36.752723693847656,38.347185946781,36.736698594326064,37.86644213055892,23976800,False
2021-01-27,36.33608627319336,37.38570754153954,35.67907236674024,36.05565462646668,32410300,False
2021-01-28,36.90496444702149,37.32961893081961,36.60850465977041,36.80881383989791,24967200,False
2021-01-29,35.92745590209961,36.88894061098191,35.66304630815483,36.49633325961787,38961100,False
2021-02-01,35.991554260253906,36.5203734629492,35.48677729555048,36.5203734629492,24412400,False
2021-02-02,36.56044006347656,37.65012272043784,36.28000531872779,36.70466294786709,31940400,False
2021-02-03,37.99464797973633,38.19495718179687,36.39217436325194,36.560436415904455,28459300,False
2021-02-04,38.723777770996094,38.7638390015216,37.85844052056053,38.36322058331461,25280300,False
2021-02-05,40.02177429199219,40.15798306563908,39.29264900785612,39.40482165826544,34980100,False
2021-02-08,41.74443435668945,41.95275762782857,40.63071573909987,40.79897472669059,36998700,False
2021-02-09,41.25553894042969,41.52443575510252,40.55477283494572,41.2881303272752,28977000,False
2021-02-10,41.65480422973633,41.89925668963325,41.05996877091387,41.25553260386041,25723800,False
2021-02-11,40.61180877685547,41.49998850454642,39.7480733646664,41.46739401162263,26972200,False
2021-02-12,41.1658935546875,41.32071269902179,40.26141678197701,40.27771402480924,19756700,False
2021-02-16,42.40445709228516,42.80372867230019,42.06222120103381,42.339268119330114,28060100,False
2021-02-17,43.06448745727539,43.406723420923775,42.20890221072738,42.65706561526377,25509700,False
2021-02-18,42.38816833496094,43.13782302373343,42.25779347133172,43.03189558404728,20627600,False
2021-02-19,42.67335891723633,42.828181192253474,42.306678671645294,42.46150094666245,22607200,False
2021-02-22,44.24601364135742,44.66158568175946,42.852631617759776,42.852631617759776,36435100,False
2021-02-23,44.85713577270508,45.02825216825249,43.78969273615383,44.80009697418927,33527900,False
2021-02-24,46.201637268066406,46.44608975033917,44.71047184195323,44.97122157082844,28728600,False
2021-02-25,45.43567657470703,46.64979487449981,45.1015908318188,46.42978673527367,29670900,False
2021-02-26,44.30304718017578,44.86529127281141,43.284492645264,44.33564167130458,35291000,False
2021-03-01,45.95718383789063,46.94314392413767,45.73717567586839,46.01422264563173,36998300,False
2021-03-02,45.68828201293945,46.41349234514774,45.64754045318045,46.16089280961285,30302600,False
2021-03-03,46.05495834350586,47.22833194985158,45.533458962907766,45.973472122548976,35358900,False
2021-03-04,47.83946228027344,48.45874509574091,46.52756371663505,46.5438609600296,52137500,False
2021-03-05,49.6484260559082,49.74620642791918,48.16541079548352,48.75209924431333,51429800,False
2021-03-08,49.59952926635742,50.20251490053396,48.74394410450263,50.1780705871152,38154600,False
2021-03-09,48.83358001708984,50.023250995788565,48.45875268545301,49.38767394576248,35645900,False
2021-03-10,50.3328971862793,50.45512187980581,48.91506773934402,49.31434253164773,31579100,False
2021-03-11,49.95805740356445,50.96846162915435,49.91731274079955,50.34103174482741,24802600,False
2021-03-12,50.495849609375,50.82178512446378,50.11287219305508,50.15361374389354,20422700,False
2021-03-15,49.20840835571289,50.40622953608791,48.78468927756402,50.1047382508523,31243600,False
2021-03-16,48.165409088134766,48.61357247804588,47.619462221296885,48.515792109500985,30624800,False
2021-03-17,48.37726974487305,48.6706139751008,47.7661369680259,47.82317577852773,25575500,False
2021-03-18,46.291263580322266,48.05132553865588,46.05495820284128,47.92095069390456,38622800,False
2021-03-19,46.03051376342773,46.82906007386725,45.47641989767272,46.20977723172625,84439400,False
2021-03-22,45.55791091918945,46.33201305206865,45.54976384991751,46.03866882416647,29315100,False
2021-03-23,44.99566268920898,45.86754505577105,44.36823277066199,44.767504377130926,33493300,False
2021-03-24,45.90829086303711,46.67424276663911,45.69643288404313,45.69643288404313,29781800,False
2021-03-25,45.77791976928711,46.03866950720603,44.40898209102175,44.98752037775547,31495900,False
2021-03-26,47.02462005615234,47.08165885541376,46.05495736032691,46.69053432831489,34226500,False
2021-03-29,46.77202987670898,47.114262740539424,46.23423315613111,46.723138135426616,21144400,False
2021-03-30,46.19348907470703,46.73943598000197,46.03052281844666,46.332014122586855,20303400,False
2021-03-31,45.49272155761719,46.14459584284527,45.468274134908654,45.91643751172911,23686500,False
2021-04-01,46.76387405395508,46.81276578933557,45.74531954639069,45.891991644150494,23194500,False
2021-04-05,46.03866958618164,46.70684117929283,45.74532535342413,46.69054393209718,23264800,False
2021-04-06,45.90829086303711,46.8861038540149,45.84310187972708,46.31571268357937,18926300,False
2021-04-07,46.11199569702149,46.25866778175992,45.82680170357531,45.94902636860307,22385000,False
2021-04-08,45.63123321533203,45.69642218337685,45.07713942047537,45.57419442248335,21999300,False
2021-04-09,45.52530670166016,45.98976726050789,45.24825977985788,45.63123722986197,20020700,False
2021-04-12,45.22381591796875,46.274964817749286,45.06899676627589,46.25051739814834,20238800,False
2021-04-13,45.39493942260742,45.614947583183294,44.88973722520091,45.0608536472993,19370600,False
2021-04-14,46.70683288574219,47.26907382643776,45.83495052007528,45.96532536610823,28051100,False
2021-04-15,46.42978286743164,46.78831289312817,46.26681354361274,46.78831289312817,23250300,False
2021-04-16,46.169044494628906,47.00018545202133,45.9897778837064,46.739435713433366,22752000,False
2021-04-19,46.02237319946289,46.56016993344611,45.598654089600025,46.2423813781445,21123300,False
2021-04-20,45.05270385742188,46.014219564067886,44.637131876416696,46.014219564067886,21782100,False
2021-04-21,45.63123321533203,45.73716373421433,44.24599872819038,44.40896803992135,16625600,False
2021-04-22,45.036399841308594,45.623088145872586,44.83268896982179,45.623088145872586,21600100,False
2021-04-23,45.280860900878906,45.582352177829705,44.96307237809539,45.03640843015173,15337900,False
2021-04-26,45.37049102783203,45.86754611165456,45.174927199889126,45.19937462112048,16083800,False
2021-04-27,45.96533203125,46.14459863618269,45.47642706482879,45.63939331471455,19278600,False
2021-04-28,47.350563049316406,47.63575707172162,46.27496972427145,46.3727500878987,24729800,False
2021-04-29,48.02687454223633,48.46689077615208,47.38315054267208,48.0105772993082,27318400,False
2021-04-30,46.64165878295898,47.986149139019695,46.57646978930687,47.529838616984094,30518400,False
2021-05-03,47.92910385131836,48.06762888993124,47.04907431453196,47.24463505231476,20509600,False
2021-05-04,48.23058319091797,48.48318578207708,47.67648939045231,48.07576405281593,23522200,False
2021-05-05,49.6810188293457,49.746204705635535,48.40171453479136,48.7032058179433,31526200,False
2021-05-06,50.15362930297852,50.22696536059112,48.91506650128908,49.59138826686995,26836800,False
2021-05-07,50.87068557739258,50.90328006700738,49.5832312130423,49.76249779754212,33610600,False
2021-05-10,50.99291229248047,52.16628281025029,50.952167627123536,51.530708926347536,31956600,False
2021-05-11,49.371376037597656,50.838093960959625,49.208406688694815,50.21881416518698,34563800,False
2021-05-12,49.63592147827149,50.9917322658751,49.396173602651125,49.61111790770304,34426500,False
2021-05-13,49.024147033691406,49.97486953991402,48.56945489519264,48.776133426661545,24268200,False
2021-05-14,50.23941802978516,50.330357088619365,49.54497803483605,49.54497803483605,20735400,False
2021-05-17,51.413360595703125,51.46296458845709,49.95834483189899,50.04928390844889,25282500,False
2021-05-18,49.958343505859375,51.50429830517928,49.933543086973046,51.25628465532194,25170800,False
2021-05-19,48.75960540771485,49.48711482061233,48.296644298841066,48.8588102333076,28889800,False
2021-05-20,48.64386367797852,48.900146215423256,48.147836419201255,48.73480274460937,20692500,False
2021-05-21,48.70999526977539,49.46230815936045,48.65212553267872,49.12335233684544,20792700,False
2021-05-24,49.28043746948242,49.43751204332823,48.51985871151434,48.84227992151041,18400300,False
2021-05-25,48.16437530517578,49.22257178826676,48.04863580397792,49.18950245830597,25616100,False
2021-05-26,48.72653198242188,48.875340785125495,47.866751643501765,48.15610034116753,21698700,False
2021-05-27,48.41238784790039,49.35484159284176,47.96596139387618,48.9662848843024,33556000,False
2021-05-28,48.255313873291016,48.61080128243218,48.04036953815826,48.552931532447786,19246800,False
2021-06-01,49.9831428527832,50.18155566061261,49.14816284698247,49.14816284698247,28474200,False
2021-06-02,50.37995910644531,50.685845612223886,49.74338883325407,50.22288455344911,22978300,False
2021-06-03,50.57838439941406,50.76852832227923,49.89220997225,50.05755347368296,20272800,False
2021-06-04,50.80158996582031,51.008268522919934,50.24768979288778,50.80985572049192,20427800,False
2021-06-07,50.47089767456055,51.033063542702976,50.446097259504434,50.70237977851954,15477900,False
2021-06-08,51.36376190185547,51.65311065417658,50.156756590415554,50.84293099401258,28953400,False
2021-06-09,51.79365539550781,52.43022267109208,51.41336439694016,51.81018690731664,29133000,False
2021-06-10,51.87631607055664,52.893174158519855,51.46295897039285,52.58729078742468,27488700,False
2021-06-11,51.39682769775391,52.24007668156193,51.372027277357006,52.091267851850816,17631700,False
2021-06-14,51.31415557861328,51.90112196592487,50.90079843481671,51.50429948631994,16997200,False
2021-06-15,53.182525634765625,53.24039537607531,51.545628754775024,51.65310248306346,30717100,False
2021-06-16,52.99238204956055,53.5710858077134,52.54595875230578,53.17426019334204,24803200,False
2021-06-17,51.24801635742188,53.2899983551373,50.65278110436695,52.79397108003453,28491800,False
2021-06-18,49.93354797363281,50.8842675834039,49.80127380385314,50.42957532189034,39590700,False
2021-06-21,51.74403762817383,51.8349766872452,50.34689188094896,50.37169229572692,33145400,False
2021-06-22,52.73610305786133,52.91798120304617,51.446427685364895,51.95898964019127,25140400,False
2021-06-23,53.124656677246094,53.488406639132776,52.56249076451703,52.951047450755645,20701600,False
2021-06-24,53.339603424072266,53.37267275268107,52.75264018642218,53.03372317226749,19568400,False
2021-06-25,53.455345153808594,53.67855522074433,53.20732836180975,53.41400691936578,18438300,False
2021-06-28,52.09126281738281,53.37266925723778,51.87631850283208,53.37266925723778,20570000,False
2021-06-29,51.768836975097656,52.71955946838766,51.74403656083126,52.256598428875854,19579300,False
2021-06-30,52.14913177490234,52.27313700919665,51.6283009606062,51.834979504761016,17875500,False
2021-07-01,52.297943115234375,53.25693153830218,51.89285489067016,53.18253028182948,22530300,False
2021-07-02,52.22354507446289,52.34755349103787,51.60350929891806,52.0912709018266,14555300,False
2021-07-06,50.73544692993164,51.88457910352707,50.34689342064965,51.87631334956968,22110800,False
2021-07-07,49.941802978515625,51.09920408018209,49.28869802609435,50.57837326906575,21671400,False
2021-07-08,49.71859359741211,50.18982045915519,49.0324224221421,49.14816191047696,18935900,False
2021-07-09,50.61971664428711,50.80159480101823,49.80127124632667,50.18155907070556,20086000,False
2021-07-12,50.570106506347656,50.84292370829745,49.73512654525463,49.95007085136842,21809400,False
2021-07-13,50.33036804199219,50.8511957863034,50.02448147685914,50.42957287609935,17147300,False
2021-07-14,49.21429443359375,51.0330662716857,49.07375453587488,50.57010519267513,21573600,False
2021-07-15,48.73481369018555,49.354849479746015,48.58600484839783,48.91668871063101,15851100,False
2021-07-16,47.38725662231445,48.99108099880162,47.24671672524494,48.92494550419959,27049500,False
2021-07-19,45.75862884521485,46.46133779415561,45.138593206912944,45.99837671557102,37969100,False
2021-07-20,46.26293182373047,46.79202847517681,45.49408726657725,45.88264399971151,26756100,False
2021-07-21,47.751007080078125,48.19743347013884,46.982165835414655,47.00696625030776,20908700,False
2021-07-22,47.21364974975586,47.734480592937,46.84162771891219,47.72621168466021,13493800,False
2021-07-23,47.15578842163086,47.36246701413064,46.68456148302455,47.36246701413064,14088200,False
2021-07-26,48.34625244140625,48.48679551392778,47.12271564177879,47.254989805152974,18387600,False
2021-07-27,47.80888748168945,47.957693148089504,47.29632236650453,47.957693148089504,16861400,False
2021-07-28,48.131309509277344,48.47026225989205,47.63527901693991,47.94943134672047,16855300,False
2021-07-29,48.71826934814453,49.04895629836547,48.41238596907208,48.77613909138353,18607800,False
2021-07-30,47.59393310546875,48.676929771423055,47.38725456908799,48.676929771423055,28652800,False
2021-08-02,47.60220718383789,48.82574387368083,47.453398369186026,47.57740361228623,20873800,False
2021-08-03,48.114776611328125,48.28838587087335,47.06484899070008,47.59394567902744,18208200,False
2021-08-04,46.99044799804688,47.85023175610135,46.96564757449356,47.279796785053065,20868300,False
2021-08-05,47.28805541992188,47.70141254220499,46.98217203245844,47.2301856750954,15180200,False
2021-08-06,47.83369827270508,48.00730754920433,47.5608809922074,47.668354753039694,14888500,False
2021-08-09,47.28805541992188,47.5526037258899,46.98217203245844,47.2301856750954,17828200,False
2021-08-10,48.09823989868164,48.24704873014895,47.370730406359804,47.469935242783045,16340200,False
2021-08-11,48.23877334594727,48.36278174007992,47.71794565938482,48.10649919724918,18278600,False
2021-08-12,48.12967300415039,48.49893497780968,47.72684437948354,48.17163692035518,19225500,False
2021-08-13,47.64292526245117,47.894692764914055,47.24848748104091,47.86112291087968,20063000,False
2021-08-16,46.94637298583984,47.07225835865417,46.38409224377135,47.01351270504696,16959500,False
2021-08-17,46.62746047973633,47.24848676294644,46.15749213459015,46.57710569945007,16243700,False
2021-08-18,45.64555358886719,46.837257530180175,45.57841709716609,46.50995632842322,21890500,False
2021-08-19,44.252437591552734,45.0748796351531,43.72372370588221,44.87346695582888,30923500,False
2021-08-20,44.260841369628906,44.59653030932141,43.732127367901256,43.86640358405776,16918300,False
2021-08-23,46.08195877075195,46.20784411313604,45.27630154340608,45.27630154340608,21632600,False
2021-08-24,46.45961380004883,46.87083329539913,46.16588238768693,46.400868157855925,17915600,False
2021-08-25,46.54353713989258,46.80369870984161,46.04839299153638,46.3589093431716,13270300,False
2021-08-26,45.91411972045898,46.61067983884621,45.84698320863484,46.325342460448674,11842600,False
2021-08-27,46.803707122802734,47.17296598401646,46.49319391675033,46.49319391675033,15822500,False
2021-08-30,46.29176330566406,47.28205146699319,46.25819345579597,47.19813004372004,14086100,False
2021-08-31,45.75466537475586,46.41765560278615,45.704310592402486,46.09874838400995,27104100,False
2021-09-01,45.125244140625,45.95607722451884,44.98257386071143,45.72948871174598,21644100,False
2021-09-02,46.2246322631836,46.694597411218176,45.54485712940826,45.56164205632341,23293300,False
2021-09-03,46.04839324951172,46.42604611078004,45.821801532750726,46.25820003894995,13840000,False
2021-09-07,45.77984619140625,46.38409084039646,45.7127096756284,45.88055256577198,14354400,False
2021-09-08,45.36022186279297,46.3085493351041,45.3266520121242,45.98125129457652,18756700,False
2021-09-09,45.39379501342773,46.1574915639758,44.7308048208098,44.99935724288841,19110800,False
2021-09-10,45.30148696899414,46.35052104071427,45.2763111757202,46.31695118208372,15123700,False
2021-09-13,46.468017578125,46.937986047690494,45.83859706420253,45.86377606171026,22052300,False
2021-09-14,45.80502700805664,46.80370633028674,45.66235670408203,46.73656661044033,19940300,False
2021-09-15,47.34919738769531,47.44151289250456,46.41765787896004,46.46800946238492,23240900,False
2021-09-16,46.84565734863281,47.38276219053027,46.57710492768408,47.38276219053027,17907200,False
2021-09-17,46.29176330566406,47.62613442464842,46.241408530861925,46.44282442867339,30000400,False
2021-09-20,45.05810546875,45.460934124966,44.44547002066748,45.13363604187785,27555100,False
2021-09-21,45.016143798828125,45.74627052269437,44.68884572266041,45.62877923395699,19696800,False
2021-09-22,46.33373260498047,46.92119228096588,45.62878163407752,45.679136418212615,25690600,False
2021-09-23,47.9030876159668,48.037363832912426,46.39247617358155,46.50996746323428,23069400,False
2021-09-24,48.331092834472656,48.5241146993495,47.567396238047934,47.58418116561082,22328600,False
2021-09-27,49.76617050170898,50.18578408638005,49.36334184459247,49.388517635225504,32972200,False
2021-09-28,50.28649139404297,50.75645977019765,49.94240837621114,50.26970966757106,37619300,False
2021-09-29,50.2529296875,50.51308809159868,49.55636951862089,50.21935982845567,23422800,False
2021-09-30,49.36333847045898,50.4962937910709,49.35494760795404,50.45433307575146,31289600,False
2021-10-01,51.13411331176758,51.18446809603408,49.85848758959564,49.85848758959564,24407300,False
2021-10-04,51.79710006713867,52.09082828536358,51.15089478564641,51.46140793082666,33946700,False
2021-10-05,51.71317672729492,52.61954359719492,51.209641711615525,52.46848245221158,29641600,False
2021-10-06,50.76485443115234,51.29356525896464,50.14382489827422,50.74806950308562,25284900,False
2021-10-07,50.90752029418945,51.25999737232444,50.471121779135366,50.865559575729904,19513600,False
2021-10-08,52.183143615722656,52.38455633574655,51.40266212248577,51.40266212248577,22186900,False
2021-10-11,51.66282653808594,52.92166731258844,51.61247175460268,52.896488320148,22121500,False
2021-10-12,51.39427185058594,52.01529814609626,51.06697057433875,51.67121514415203,20198600,False
2021-10-13,51.25161361694336,51.520166110780366,50.52987758923204,51.00823691896661,14991700,False
2021-10-14,52.03208541870117,52.21671642366639,51.33552531916705,51.788708766955686,18594500,False
2021-10-15,52.527225494384766,52.93005412724597,52.40134014600429,52.64471677879461,16092600,False
2021-10-18,52.50204849243164,52.98879854537061,52.25867186526349,52.94683783067891,18282800,False
2021-10-19,53.290924072265625,53.3832395710711,52.594364000477015,52.76221007090538,18933200,False
2021-10-20,53.58464813232422,53.60143305820305,52.63632383064962,52.77899089852381,14305200,False
2021-10-21,52.61115264892578,53.40841913880427,52.325815269434464,53.26575204975748,16564600,False
2021-10-22,52.97201919555664,53.05594383517209,52.325813876807175,52.67829096039673,14266800,False
2021-10-25,54.0042610168457,54.06300665600694,53.35805898607213,53.4755502643946,17939800,False
2021-10-26,55.25471115112305,55.33863898633657,54.01265858461941,54.12175580648416,25585100,False
2021-10-27,53.81964111328125,54.75957793611842,53.69375894691051,54.68405055713471,21764500,False
2021-10-28,53.970699310302734,54.104978735961,53.40002775824368,53.5594797741163,16626400,False
2021-10-29,54.10498046875,54.85189219020759,53.98748916893391,54.59173379815704,23966300,False
2021-11-01,55.07847595214844,55.456132014086336,54.566546874682345,54.60851079360714,19656400,False
2021-11-02,54.398712158203125,54.92742304080869,54.26443912254922,54.57494911907165,16300000,False
2021-11-03,53.65178680419922,54.088182063068615,53.42519511128787,53.74410229405908,17372800,False
2021-11-04,54.054630279541016,54.4574557742265,53.567876937566574,54.28121881995213,17720100,False
2021-11-05,54.56654357910156,54.82670833569132,54.18049987893012,54.59172577061258,18565100,False
2021-11-08,55.15401840209961,55.70790508282901,54.8686777946724,55.011351299784046,17696000,False
2021-11-09,55.69111251831055,55.69950658234176,54.80992147608364,55.19596518518647,18781300,False
2021-11-10,54.59396362304688,55.83570118147959,54.23674953760544,55.55503273974548,20177200,False
2021-11-11,54.696022033691406,55.13828865200721,54.44937459056217,54.593965497806096,13319300,False
2021-11-12,54.27927780151367,54.74705856899719,54.07515823426816,54.39834808981056,18158900,False
2021-11-15,54.74705123901367,55.087248309259806,53.76896843994809,54.2282390269706,18849200,False
2021-11-16,55.29987716674805,55.59755934963525,54.72153303738732,54.72153303738732,17028700,False
2021-11-17,54.696022033691406,55.48699263102176,54.58545862353437,54.755557175905786,15497000,False
2021-11-18,54.10067367553711,54.88313744291055,53.675420781680565,54.56845445431699,16948200,False
2021-11-19,51.60018539428711,52.756873802865385,51.37905531355169,52.63780350982153,32035500,False
2021-11-22,52.31460952758789,53.190632694350725,51.30250880911246,51.30250880911246,21994400,False
2021-11-23,53.69242858886719,53.90505502511156,52.663314171683744,52.8929511121583,21185900,False
2021-11-24,53.9901123046875,54.30479856853635,53.22465896739929,53.22465896739929,15869700,False
2021-11-26,52.093482971191406,52.23806740742139,50.63911875588154,51.47261409408993,24979600,False
2021-11-29,52.38265609741211,53.70093953279188,52.127504988051896,53.21615145168075,18946400,False
2021-11-30,50.89426040649414,52.04244178542279,50.741169123380764,51.4215730236504,34979800,False
2021-12-01,50.85173797607422,52.756868979438906,50.8177169684801,51.79579984806897,30630600,False
2021-12-02,52.11899566650391,52.37415000831153,50.29891372888662,50.80921916807963,29216000,False
2021-12-03,51.787296295166016,52.92697416728362,51.328022396456966,52.66331620815315,22014700,False
2021-12-06,52.374141693115234,52.86743330381977,52.2380576687314,52.49321197002937,19210500,False
2021-12-07,52.96098709106445,53.607369956008405,52.81639944380312,53.0205222268716,19800400,False
2021-12-08,53.11408233642578,53.7434547461113,53.0205261890456,53.2501631205001,18214400,False
2021-12-09,53.25016403198242,53.386244818386025,52.569760099964384,52.77387965735886,16910300,False
2021-12-10,53.59035873413086,53.87953078034908,52.9269653758038,53.81149201652089,17942400,False
2021-12-13,52.41666793823242,53.34371929407576,52.17852413266907,53.13109286607886,17793700,False
2021-12-14,52.34012985229492,53.13110053821333,52.06796824471249,52.10198601234358,22551100,False
2021-12-15,52.1104850769043,52.30610100025757,51.0388460688033,52.042443062996135,19961900,False
2021-12-16,52.195533752441406,53.1140814631572,52.13599861316409,52.25506889171872,21187800,False
2021-12-17,51.05585861206055,52.11899078868631,50.766686530241465,51.83832558115651,44338100,False
2021-12-20,50.31591796875,50.392463612875545,49.29531046188335,50.00123176264358,21819300,False
2021-12-21,51.455596923828125,51.60868821555194,50.792203489306175,50.81771762311951,19798900,False
2021-12-22,51.87234115600586,52.19553096786319,51.00482500141818,51.31951118429889,14058300,False
2021-12-23,51.89786911010742,52.59528367112126,51.88085860320191,52.02544304526511,13543300,False
2021-12-27,52.637794494628906,52.68882600194568,51.38755014295152,51.8213098440901,12593700,False
2021-12-28,52.46770477294922,52.995020736480456,52.22106054195428,52.65481709835852,12781000,False
2021-12-29,52.0084228515625,52.391147806298406,51.81280369299848,52.28908803466361,12733600,False
2021-12-30,51.70224380493164,52.39115136579856,51.68523330109986,52.06796152626029,11940300,False
2021-12-31,52.04244995117188,52.28059378694862,51.62570391630146,51.65972492775845,14072000,False
2022-01-03,54.04113006591797,54.09215832875846,52.05945033359863,52.08496770944046,24282400,False
2022-01-04,56.0738525390625,56.29498588320544,54.51742523213407,54.54293937014194,38584000,False
2022-01-05,56.77124786376953,57.50268318681464,56.5416142106473,56.55862146727601,34033300,False
2022-01-06,58.106544494628906,58.24262851033721,57.04341245506907,57.83438295205531,30668500,False
2022-01-07,58.582820892333984,58.837975156983866,57.81737107606934,58.27663837029113,23985400,False
2022-01-10,58.234130859375,58.82948230027395,57.7918642271266,58.65938374254397,22760300,False
2022-01-11,60.68357467651367,60.72610255304193,58.3276769646983,58.59133163041331,32936100,False
2022-01-12,60.50497817993164,61.07481547175665,60.07972530743347,60.50497817993163,23045100,False
2022-01-13,60.07122039794922,60.87920477543005,59.79905881020214,60.48797289859638,21043200,False
2022-01-14,61.1258544921875,61.36399507918094,60.04570848695313,60.08823637270668,23012900,False
2022-01-18,62.15494918823242,62.835349757224726,61.24490847946273,61.93381592110968,32841200,False
2022-01-19,62.180477142333984,62.81835646756199,61.7041959892605,62.724800314087695,26431600,False
2022-01-20,62.31654357910156,63.25210494702331,61.45753757959943,61.66165711039923,26774600,False
2022-01-21,61.38100051879883,62.24001317254484,60.4199313244236,62.24001317254484,35995200,False
2022-01-24,61.9083137512207,62.15496119511128,59.3738037844626,60.28384466903081,41507000,False
2022-01-25,63.72838592529297,63.99204058923932,60.717595272659885,61.73819941406237,39278400,False
2022-01-26,63.08200073242188,64.63842758555425,62.50365664710267,64.1536396382163,35252400,False
2022-01-27,63.88999557495117,64.64694518873344,62.92891990505114,64.17916442118528,29174700,False
2022-01-28,64.02606201171875,64.31523729661018,62.89488798021457,63.76240734604594,30595700,False
2022-01-31,64.60441589355469,64.99564775930126,63.16705910180019,63.76241701920542,36085500,False
2022-02-01,68.74636840820312,69.3247124690509,64.86805850475932,65.02114977053793,61033100,False
2022-02-02,68.56777954101562,68.72937122968011,67.31753498392933,68.09149188331726,30299300,False
2022-02-03,67.76828002929688,68.30409617040881,67.20694327198157,68.11698391797037,28529400,False
2022-02-04,69.23966217041016,70.19222426423383,68.78038837995548,68.78038837995548,32197500,False
2022-02-07,70.07316589355469,70.66001691797274,68.58478088054147,69.01003374140238,34949200,False
2022-02-08,68.26158905029297,70.166719994479,67.9724137391474,69.97110082910022,34356300,False
2022-02-09,67.93482208251953,68.82055352323782,67.6854403027712,68.43358564201618,40106100,False
2022-02-10,67.2812728881836,68.51958065742203,66.89430499068634,67.6940443315229,28527700,False
2022-02-11,68.97532653808594,69.06991983200179,67.27266036915614,67.60803420730224,42002100,False
2022-02-14,67.91764068603516,68.65717843977752,66.25796657006337,68.43360015736314,34652800,False
2022-02-15,67.0662841796875,67.2382750016959,65.71618739062197,66.12895880266309,25075100,False
2022-02-16,67.37586212158203,68.56257584873285,67.109284544395,67.75423537496683,21733800,False
2022-02-17,67.2726821899414,68.03802340839802,67.03189500683087,67.48766582570516,23738800,False
2022-02-18,66.52452850341797,67.22107329722914,66.12035826871502,66.3525442405048,23394800,False
2022-02-22,65.7505874633789,68.6141707653363,64.76166153065972,68.51097626913612,35947800,False
2022-02-23,66.01715850830078,66.61911650203677,65.46680103794583,65.75058095381657,25385000,False
2022-02-24,65.18301391601562,67.96059766245806,63.660926732926086,67.93480068660521,46199900,False
2022-02-25,66.93728637695312,67.06627784107333,65.57859509578499,65.94836712718111,28310300,False
2022-02-28,67.43604278564453,67.87461109325292,65.52698768746673,65.79357176817419,32204600,False
2022-03-01,68.08100128173828,69.35370701333822,67.3586595730199,67.73702622772923,40002300,False
2022-03-02,69.2505111694336,70.64360715847182,68.63995857692316,69.31070631064509,44321400,False
2022-03-03,69.68907928466797,70.31682767508279,68.47656872333621,68.67435650709737,30196600,False
2022-03-04,72.31187438964844,72.47526401118543,69.36230594714458,69.69767980972601,42802200,False
2022-03-07,74.91748809814453,75.01208140802738,72.14849825054606,73.02562846126649,55207900,False
2022-03-08,75.48503112792969,78.69258892493231,73.46418685319206,76.57715135317999,72082300,False
2022-03-09,71.19398498535156,74.44453666263071,70.17066073110435,72.26030203232382,65466700,False
2022-03-10,73.40399932861328,73.67917806825805,71.2885615374481,72.24308922576124,44644200,False
2022-03-11,73.02562713623047,74.1521456532733,72.20869208655144,72.2946842137631,35303400,False
2022-03-14,70.41143035888672,71.76152718208824,69.22472318052958,71.42615327166602,37462600,False
2022-03-15,66.40412902832031,68.08099832266045,65.67318617080738,67.78002262377609,47957900,False
2022-03-16,66.1547622680664,67.60805369274044,65.57000653749753,66.91150227671685,37812300,False
2022-03-17,67.91764068603516,68.06382800010164,66.2751623761027,67.22969035041076,34041900,False
2022-03-18,67.65101623535156,68.27016985687138,67.16085404511115,67.98639002021201,41461500,False
2022-03-21,70.6866226196289,70.96180143357313,68.57118425728636,68.89796360938168,33089300,False
2022-03-22,70.37701416015625,70.6865910074935,69.47408715607051,70.1964287593391,23132200,False
2022-03-23,71.48634338378906,72.46666806222356,71.41755361887235,71.66692881815555,27716300,False
2022-03-24,71.7013168334961,72.7934370268184,71.15956060706851,71.77011314945516,19871600,False
2022-03-25,73.26639556884766,73.51577728895806,71.19395743531692,71.3057465260791,22398300,False
2022-03-28,71.21116638183594,71.64113358677065,70.53181741074565,71.52074329425123,21552400,False
2022-03-29,70.83281707763672,70.93600503323387,68.58838719247171,69.49131460784928,27036300,False
2022-03-30,72.04531860351562,72.2431064451437,71.12518885843947,71.42616465154283,22079000,False
2022-03-31,71.02198791503906,72.57847383691197,70.98759630818166,71.26277508849836,27861500,False
2022-04-01,71.47775268554688,72.35488292356514,70.50602257392276,70.50602257392276,18671100,False
2022-04-04,71.51215362548828,71.94212086019435,70.55762583957845,71.85612216462967,20869400,False
2022-04-05,71.14239501953125,73.15463891001237,70.99620114584165,71.80454179968308,21753100,False
2022-04-06,71.93350982666016,72.83643695941281,71.3229572242907,71.73572203904094,24768200,False
2022-04-07,73.13741302490234,73.47278686872008,71.12516340121809,72.08829215520468,26122000,False
2022-04-08,74.67669677734375,74.99487485286764,73.24060796872834,73.24060796872834,24866500,False
2022-04-11,72.1054916381836,73.89415660378654,71.80451593742787,73.76516514324031,21800100,False
2022-04-12,73.6103744506836,74.65949534188779,73.42118785577424,73.70496774813827,22444200,False
2022-04-13,74.6509017944336,74.90888473401019,73.25781229090032,74.47891754190165,19306800,False
2022-04-14,75.52806854248047,76.0698250578595,74.15217429334072,74.53054111136584,24566400,False
2022-04-18,76.14717864990234,76.43955313877207,75.45922864196092,76.10417931411443,19032300,False
2022-04-19,75.46784973144531,76.24179205436899,75.046477124044,75.68283334554748,20382600,False
2022-04-20,75.63983917236328,76.1042045978812,75.07228580391673,75.64844035453389,20689400,False
2022-04-21,74.840087890625,77.2221097924534,74.63370547685956,76.49116032230575,29010900,False
2022-04-22,73.20620727539062,75.77741565021924,73.09441817418089,74.52191231357963,23591600,False
2022-04-25,70.73821258544922,71.08218769166507,68.1842061148293,70.83280590367806,37698300,False
2022-04-26,70.7640151977539,72.85365642527708,70.66942187200257,71.14238850075925,28941500,False
2022-04-27,72.78484344482422,73.5071917162416,70.75539783763136,71.70992549867455,32773000,False
2022-04-28,74.98627471923828,75.79461512950093,72.29468249298428,72.99122723583186,33683800,False
2022-04-29,73.30941009521484,75.79462007094104,72.83644353480507,75.79462007094104,34656500,False
2022-05-02,74.30693817138672,74.84869450715689,72.77624935585895,73.10302864222942,36335200,False
2022-05-03,75.83763122558594,76.34498946868298,74.05756694225116,74.17795725623283,33908100,False
2022-05-04,78.85598754882812,79.0107760144345,76.4567761730984,76.96413435655415,46188400,False
2022-05-05,77.66065979003906,79.15695010440587,76.00958760947326,79.14834892491336,41013400,False
2022-05-06,78.8473892211914,78.9591783341264,76.83513926290865,78.23683656910832,29619300,False
2022-05-09,72.63007354736328,77.0157385755666,72.25170023423557,76.91255062528097,45851600,False
2022-05-10,73.11161804199219,74.71969769317776,71.82171647303073,73.64477971904323,34483200,False
2022-05-11,74.63370513916016,76.48256535621867,74.19513677121172,74.32412823952345,33020600,False
2022-05-12,74.97252655029297,75.04202095580578,72.45317042391544,74.66846118574308,29491500,False
2022-05-13,77.19648742675781,77.27467109903678,75.01594109522787,75.89337319825479,25798400,False
2022-05-16,79.01215362548828,79.90696426132675,77.29204662327304,77.30073590695575,26101200,False
2022-05-17,80.0199203491211,80.31528979539969,79.15986661250506,79.68980038657737,23120700,False
2022-05-18,78.75154876708984,80.72359232283694,78.0391798220379,80.36741116430228,25451200,False
2022-05-19,79.17723846435547,80.18498355091941,77.31812892822994,77.31812892822994,24387400,False
2022-05-20,79.802734375,81.30565608844844,78.53437036071993,79.86354612130167,28795000,False
2022-05-23,81.5662612915039,82.3307525725211,80.40214911622898,80.49771135485383,27239300,False
2022-05-24,82.00933837890625,82.34814760979889,80.20235139549031,80.63672288412013,24293300,False
2022-05-25,83.65994262695312,83.85974977919196,82.07014155383197,82.16570380159219,29947800,False
2022-05-26,83.95530700683594,84.64161464153864,83.5730580386517,83.92055649809357,24314800,False
2022-05-27,84.7806167602539,85.07599279395683,82.79120134411868,83.35587892893533,25588800,False
2022-05-31,83.39933013916016,86.68317770291227,83.14739386734013,85.62331015524978,44888100,False
2022-06-01,84.99781036376953,85.75361914584018,83.93794949091192,84.28544138208728,25815400,False
2022-06-02,84.85013580322266,85.22369559613348,84.08564427195611,84.52001581589968,19089100,False
2022-06-03,86.08372497558594,86.57891475806203,85.0499255013153,85.0499255013153,21038200,False
2022-06-06,85.86654663085938,86.6831670928048,85.71886192586402,86.16192266883253,20682100,False
2022-06-07,89.80195617675781,89.8540786299298,86.43122947467832,86.61366468876267,37810200,False
2022-06-08,90.86183166503906,91.71320276329595,89.46316146387552,89.90621564355554,31613200,False
2022-06-09,88.89847564697266,90.8444581738796,88.75079092292697,89.84540236607151,26607000,False
2022-06-10,87.27392578125,89.78459265899855,86.69186952997592,88.55966840822747,30950500,False
2022-06-13,83.26898956298828,84.93697401824134,81.59231582457777,84.71978833517252,33421000,False
2022-06-14,83.48619079589844,85.71885976857563,82.76513260309278,84.62424849417674,31264000,False
2022-06-15,82.43500518798828,83.89449338235848,81.02763944156575,83.3906209589253,29620800,False
2022-06-16,79.39441680908203,80.90602766985066,78.4301116148031,80.28053832014072,35696700,False
2022-06-17,74.81614685058594,79.35966886522067,74.41652588034151,79.02085963766599,64610200,False
2022-06-21,79.47261810302734,80.38479433990194,76.90113281092789,76.95326190159469,35951500,False
2022-06-22,76.32775115966797,77.9783639830554,76.04106441407274,76.04975369884352,29727200,False
2022-06-23,74.02558135986328,77.36155752647099,72.55740374492557,77.02274832732878,35757200,False
2022-06-24,75.49376678466797,76.79688126324803,74.54683348368198,75.53719995716418,26639000,False
2022-06-27,77.34417724609375,78.22160940732734,76.16268640363529,76.28430987612523,25478700,False
2022-06-28,79.489990234375,81.00160130758674,78.49093438670691,79.15987025663419,33096900,False
2022-06-29,76.55363464355469,80.96684399425857,76.24088663700314,80.77572610401754,25400900,False
2022-06-30,74.39913940429688,76.10187464667477,73.55645775371582,74.83351084249477,39948100,False
2022-07-01,76.05844116210938,76.3451212728567,73.59120795689502,75.35475492813873,26327900,False
2022-07-05,73.67808532714844,75.32000892468857,72.11435203938677,75.00726094153973,34591100,False
2022-07-06,72.34891510009766,74.04296790629574,70.37687143038106,72.76591465134145,33375700,False
2022-07-07,74.65978240966797,75.37215147008673,74.10378736875498,74.17328177788133,23817400,False
2022-07-08,74.78141021728516,75.84127789630831,73.78235429223952,75.53721249843663,17673800,False
2022-07-11,74.39913940429688,74.816138901279,73.28714958298741,73.99082919191372,15603800,False
2022-07-12,73.40877532958984,73.8865865776026,71.98403749840207,72.78327937873037,21013000,False
2022-07-13,73.70413208007812,74.98118498914562,72.36627407132107,72.4357684543868,19928600,False
2022-07-14,72.227294921875,72.37497964613205,70.0988771513979,71.10661561878032,26343000,False
2022-07-15,73.44352722167969,73.73889663292552,72.01878936370954,73.66940223662105,17243700,False
2022-07-18,74.79877471923828,76.39726536581865,74.49471597961207,75.21577429642812,19395800,False
2022-07-19,76.6839370727539,76.9011228096664,74.92907923481327,75.07676394519792,18248900,False
2022-07-20,77.52662658691406,77.88281441269308,75.79782980311391,76.08451659537751,16584400,False
2022-07-21,76.23219299316406,76.27563279136177,74.02558512996983,75.51982404740708,21375700,False
2022-07-22,75.650146484375,76.85769879522711,75.2592081345699,76.05845677889025,15479500,False
2022-07-25,78.16949462890625,78.2998007708064,75.94550813939028,76.58838270335075,17536400,False
2022-07-26,77.86541748046875,79.29884447581624,77.31811188354631,79.16853172569705,15141200,False
2022-07-27,79.55079650878906,79.92435626514767,77.66562578325099,78.43011723971325,18047000,False
2022-07-28,80.4803466796875,81.01028041154588,79.06429805159699,80.08072571644692,20353100,False
2022-07-29,84.2072525024414,84.71980764990712,81.74870841887899,82.05276711889955,29825800,False
2022-08-01,82.07884979248047,82.83465203641195,80.99292093351339,82.3481580285495,20793200,False
2022-08-02,81.72265625,82.70433348401833,81.5054704933424,82.26127931258482,16722500,False
2022-08-03,79.07298278808594,82.02671023316125,78.8731756152034,82.02671023316125,23580800,False
2022-08-04,75.74569702148438,78.48223190646702,75.08545054901431,78.45617067944546,31821500,False
2022-08-05,76.84030151367188,77.9175474069543,74.95513114240046,75.02463216028613,17408000,False
2022-08-08,77.2746810913086,77.83936532227472,76.64050246310221,76.97931167608536,14458500,False
2022-08-09,78.69941711425781,79.5855385950151,78.14342218153978,78.23030177501268,19083400,False
2022-08-10,79.44654083251953,79.7419168846962,77.48318652021453,78.77761167138571,18302000,False
2022-08-11,81.74476623535156,82.71844085749075,80.20969447696406,80.56056266783294,18797900,False
2022-08-12,82.45526885986328,82.47280958944131,80.79739218094372,81.12195256337253,15058200,False
2022-08-15,80.98159790039062,81.34124642522148,78.64829276769981,79.41143829400261,20755200,False
2022-08-16,80.22723388671875,81.48160705629923,80.07811423882008,80.72722841208262,14038200,False
2022-08-17,80.8763427734375,81.76230027533997,79.75354859284649,80.06056158091728,13678000,False
2022-08-18,82.78860473632812,83.60438593902437,81.65703682985388,81.70967240873775,17770400,False
2022-08-19,82.52547454833984,83.5079163716691,82.27986409250752,82.59565087640135,16128600,False
2022-08-22,82.46405792236328,82.88510243442391,80.57811125355751,81.94651595632735,16019900,False
2022-08-23,85.96401977539062,86.32366837659015,83.72719821652721,83.8149219579586,23764700,False
2022-08-24,86.4728012084961,86.81490243659609,85.40263564679542,85.97280659108971,17050300,False
2022-08-25,86.9201431274414,87.59557842913244,86.05173300336308,86.77102348144058,15305700,False
2022-08-26,85.85000610351562,87.63946238362506,85.45526926227167,86.63946640123702,15531400,False
2022-08-29,87.82364654541016,89.08678669650907,86.08681963562465,86.12190779154149,23059200,False
2022-08-30,84.48157501220703,86.50787426996467,84.05175679672341,86.27980459358528,17086800,False
2022-08-31,83.85001373291016,84.94649371179463,82.09564576669499,82.48160886082478,18340900,False
2022-09-01,82.34123992919922,83.39385773828003,80.95528801641753,82.82368696986924,16423000,False
2022-09-02,83.85001373291016,84.90263852806886,83.42896916875281,84.51667543393907,18206800,False
2022-09-06,83.28861236572266,84.72719349089013,82.9026559832222,84.35001082165037,19201500,False
2022-09-07,82.57809448242188,82.97282457324054,80.96407926654383,81.74477242741258,16274700,False
2022-09-08,83.25353240966797,83.70089140835452,82.20968136130107,83.03423642084348,18759200,False
2022-09-09,84.64823150634766,85.08682337943755,83.61315441816029,84.66577223662367,17158000,False
2022-09-12,85.62191009521484,87.0078620866391,84.98156298522882,85.65699824982597,16118900,False
2022-09-13,83.6219482421875,85.7710462602753,83.2535325863523,84.74474263657046,18229100,False
2022-09-14,85.67454528808594,86.45523838160796,84.34122877661356,84.37631693380779,22655700,False
2022-09-15,83.18334197998047,84.68332548607127,82.4991396816634,84.402626935675,21092300,False
2022-09-16,81.76229095458984,83.63068980532482,80.70089949260965,83.3938531536352,37874700,False
2022-09-19,81.75350952148438,82.00789357068098,79.82370826242172,79.83248197236085,15342100,False
2022-09-20,81.08687591552734,81.51669412116335,80.38512616999866,81.34126003097197,14712500,False
2022-09-21,79.77986145019531,82.35001017190422,79.70969183458885,82.07808534392888,17332400,False
2022-09-22,79.44654846191406,81.27986636002598,79.40268658835652,80.87635586196706,16139400,False
2022-09-23,75.21851348876953,76.75358519262197,74.42904670259769,76.75358519262197,27738800,False
2022-09-26,73.6658935546875,75.63078326175072,73.58694353791567,74.47290099068371,22043400,False
2022-09-27,75.20975494384766,76.27992050398758,74.39397354901828,75.09572343210826,17307300,False
2022-09-28,77.9465560913086,78.33251912016085,75.3676334755804,75.54307425795942,19543300,False
2022-09-29,77.7886734008789,78.38515875800321,76.4290355936098,77.35008142335758,17896000,False
2022-09-30,76.5869140625,78.10444495392387,76.5869140625,77.34129265235725,21357600,False
2022-10-03,80.63074493408203,81.01670800338273,78.70094297234304,78.98164156118476,23881300,False
2022-10-04,83.56929016113281,83.64824017606654,81.32370197677044,81.78860827815352,22133700,False
2022-10-05,86.94646453857422,87.70961019544703,83.91140925845342,83.9903525916272,34857700,False
2022-10-06,89.52538299560547,89.63064746851626,86.25349093144787,86.37629613698623,29124700,False
2022-10-07,88.62188720703125,90.63063911529564,87.87628224009201,89.63942373029474,24507600,False
2022-10-10,86.70085144042969,89.4990701576935,86.59559365801046,89.0253900596613,16786100,False
2022-10-11,85.96401977539062,87.50786526971355,84.86753993131677,85.27981742346964,17804100,False
2022-10-12,86.34120178222656,86.76225295126704,85.28858389819729,85.52542057977043,12635800,False
2022-10-13,89.35871887207031,89.86748040555638,85.43770609432183,85.56928500685744,22019100,False
2022-10-14,87.00786590576172,89.683272561578,86.87628699328975,88.70083095886785,15222000,False
2022-10-17,88.26223754882812,89.4464343562316,88.1569730821593,88.65696758716882,14283200,False
2022-10-18,88.4201431274414,89.7797742082249,87.04296462026302,89.06925736402438,14065400,False
2022-10-19,91.04289245605467,91.21832651029632,88.79730443833702,88.8148451668091,20921700,False
2022-10-20,91.16571044921876,92.10429682536292,90.70957782863609,91.50781158775104,17649000,False
2022-10-21,92.8586883544922,93.33236846442024,91.14818242340375,91.62185584094972,22814100,False
2022-10-24,93.50780487060548,94.45516511379228,92.20957641205958,92.683256533653,17024200,False
2022-10-25,92.87621307373048,94.14813352711076,92.16569637754,93.34112608299556,15719800,False
2022-10-26,93.98148345947266,94.58674249814578,92.98149433876704,93.20956402893668,17383800,False
2022-10-27,94.34113311767578,96.1218154015638,94.22709492513889,95.09551182302472,18214000,False
2022-10-28,97.10425567626952,97.55162134200772,94.84112628595496,96.01654950715552,28169400,False
2022-10-31,97.20074462890624,99.04283615028754,95.99900698372512,96.05163587551934,26401800,False
2022-11-01,98.16565704345705,98.7445949585441,97.0604034152588,98.56916084909524,22213100,False
2022-11-02,96.14810943603516,98.33229505566918,95.88495163938396,97.87616245950534,20654200,False
2022-11-03,97.45513153076172,98.08670501977734,95.00778760701722,95.24463101158916,17103700,False
2022-11-04,98.51652526855467,99.56037628927328,97.19198234965316,99.12178432324124,17541500,False
2022-11-07,99.68315887451172,99.99017184256024,98.35860956392428,98.6042266307439,16008000,False
2022-11-08,99.9989776611328,100.5779223230937,98.77091870225637,99.5428449182042,14661000,False
2022-11-09,95.52531433105467,99.36737685207753,95.23584207945116,99.20948350505569,19522800,False
2022-11-10,96.92882537841795,97.10425948948028,94.35867616629946,96.65690049855672,20146700,False
2022-11-11,99.95509338378906,100.43754716063992,98.67440581259945,98.75335583625748,20518900,False
2022-11-14,100.24689483642578,101.369883429843,99.46875463350068,99.59254843919211,20858300,False
2022-11-15,100.91893005371094,101.27262958041749,99.8047856520328,100.62713418446612,19373800,False
2022-11-16,99.84015655517578,101.03388655813325,98.9116961382881,100.30880556219736,13591000,False
2022-11-17,99.97279357910156,100.0965874087916,97.93018864295836,98.40768202015892,12425900,False
2022-11-18,99.10623168945312,99.4599312188272,96.92214434779493,98.06282178824118,15415000,False
2022-11-21,98.1247100830078,98.32808274081482,95.0386956213912,97.2581466494522,20973000,False
2022-11-22,100.963134765625,101.21956672777496,98.53146004270172,99.22117033925709,17719100,False
2022-11-23,100.45912170410156,100.75976190570007,99.12390924426457,99.31844431412576,11546700,False
2022-11-25,100.10543060302734,101.34337563196804,99.97279243095196,100.69787345920533,7136000,False
2022-11-28,97.09899139404295,98.5579977461375,96.93098934480702,97.85060542887716,23015500,False
2022-11-29,97.7444839477539,98.8586350022037,97.08129992067184,97.80638085376464,14453200,False
2022-11-30,98.4518814086914,98.9470634292544,97.072460718121,98.6287345396986,23158100,False
2022-12-01,97.97439575195312,99.09738447293104,97.42616116000504,98.71715867047256,14398300,False
2022-12-02,97.14320373535156,98.77905643590854,96.55959851181102,96.83371918328793,15248400,False
2022-12-05,94.48162841796876,98.469577431396,93.67696853727055,97.88597217497644,19287700,False
2022-12-06,91.85540771484376,94.64962635594894,91.20991236486203,93.6415871616912,21197000,False
2022-12-07,91.65203857421876,92.71313037325532,90.52020552291116,91.76698804946628,20061700,False
2022-12-08,92.3329086303711,94.43741712719196,91.70509516797097,93.97760571349268,21128800,False
2022-12-09,91.5547866821289,93.6858149874116,91.34256963531324,92.48324047835894,21298200,False
2022-12-12,93.80958557128906,93.9422237225144,91.5989722050554,91.8111959455186,20413200,False
2022-12-13,94.83531188964844,95.97598917787192,94.63193249486557,95.32164952091848,24305300,False
2022-12-14,94.13674926757812,95.76376404880344,93.50893594454608,95.48964343163018,17597300,False
2022-12-15,93.23485565185548,93.88035114415118,91.69626349297592,93.13758809883691,15365100,False
2022-12-16,92.58048248291016,93.35862268360542,91.19221759770008,91.68739956530337,54596600,False
2022-12-19,92.99609375,93.90686549773748,92.29753902448836,93.07567934974564,13611100,False
2022-12-20,94.3401336669922,95.06521454660972,92.90765384548898,92.9960770266606,14680000,False
2022-12-21,95.55155181884766,96.02020078209098,94.75573638872105,95.75493122080104,13565400,False
2022-12-22,93.62388610839844,95.66649725535936,92.0499306181361,95.40122097770023,13213000,False
2022-12-23,96.09980010986328,96.15285268045352,94.5258442172805,94.5700524440198,11539400,False
2022-12-27,97.43500518798828,97.6825928266938,96.23243087462684,96.6214942727681,11962100,False
2022-12-28,95.83451080322266,97.26699073174258,95.41007680338797,97.18741188661988,10702100,False
2022-12-29,96.5595932006836,97.0194045781074,95.48965709596688,95.48965709596688,10534000,False
2022-12-30,97.53226470947266,97.7091110807995,96.03788791061125,96.03788791061125,11799600,False
2023-01-03,94.18097686767578,97.28467327950352,93.27904280643423,97.07245627825831,15146200,False
2023-01-04,94.45508575439452,94.75573267424572,92.63354253583331,92.6689131585368,18058400,False
2023-01-05,96.56844329833984,97.22278303231462,94.00413018356431,94.03065646725476,15946600,False
2023-01-06,97.7356414794922,99.02663893408668,96.97518990748684,97.33773375411454,16348100,False
2023-01-09,95.91410064697266,98.71715697595984,95.33049543850468,98.71715697595984,17964600,False
2023-01-10,97.34656524658205,97.5587889833158,95.50734008535152,97.08129569504956,15104600,False
2023-01-11,98.47840881347656,98.54914331558231,96.46232371268536,98.142391256883,16710400,False
2023-01-12,100.11426544189452,100.57407008234286,98.80557927926048,98.87632053048546,15357300,False
2023-01-13,100.05237579345705,100.35301601359215,99.17697467136394,100.01700516527804,12011400,False
2023-01-17,99.85784149169922,100.87472513445223,99.6279357798685,100.28228228690536,16542200,False
2023-01-18,97.80638122558594,100.910084373081,97.62069050684784,100.14963281276874,16399700,False
2023-01-19,98.43418884277344,99.15042539382787,96.895603873515,97.32888219176031,12928000,False
2023-01-20,100.22921752929688,100.30880312556474,97.80638695484154,98.46957102329246,16515600,False
2023-01-23,99.70751953125,101.3256835889596,99.60140764785206,100.48565310406258,16584400,False
2023-01-24,100.63597106933594,100.82166180163472,92.73082144661996,96.52423518252805,13583000,False
2023-01-25,100.10543060302734,100.4945007754464,98.49610408928174,100.12311929064148,11914700,False
2023-01-26,104.12874603271484,104.1464279733534,101.10462146796011,101.4406390564092,21019700,False
2023-01-27,102.22762298583984,104.04916656044315,102.03308789607486,103.41250871985152,15179200,False
2023-01-30,100.4148941040039,102.12148780276588,100.05235703907591,101.76778833353292,18672100,False
2023-01-31,102.58131408691406,102.92616926445515,97.64722297497008,99.12391122200572,27861800,False
2023-02-01,101.45832061767578,103.792728056165,100.22037564362668,102.4221516621792,19464900,False
2023-02-02,98.28387451171876,101.7501147531378,97.11667088976104,101.5555796917687,24562100,False
2023-02-03,98.96475219726562,100.9012519512954,98.64642328574682,98.94707025607352,20226600,False
2023-02-06,98.79674530029295,99.99931288386816,97.54995600026156,99.35381749501028,13855200,False
2023-02-07,101.61748504638672,101.96234023066404,99.05317190345342,99.38034514716202,16013300,False
2023-02-08,100.73323059082033,102.42214248001504,100.6713336849798,101.73243217314736,18459700,False
2023-02-09,101.11344146728516,102.7846644249459,100.96312139614771,101.35219145909714,17439300,False
2023-02-10,105.3755340576172,105.78228617591128,102.71395997402384,103.02344454813264,24918600,False
2023-02-13,104.96564483642578,105.3042412346242,103.2726492490959,104.89435923738333,14536200,False
2023-02-14,103.73600006103516,104.97455854786968,103.37957883645504,104.26172289687892,12079000,False
2023-02-15,103.4241180419922,103.441936041289,101.70439218769393,103.11225206803516,13663400,False
2023-02-16,103.12116241455078,104.05676031780249,102.29248610128886,102.74691645508187,11360600,False
2023-02-17,99.15599060058594,101.74894799574248,98.88867982051424,101.74894799574248,20758300,False
2023-02-21,99.05796813964844,100.13613718465054,98.73718978597547,98.73718978597547,14469400,False
2023-02-22,97.77488708496094,98.8797868152679,96.80363937181912,98.44317436346569,13973800,False
2023-02-23,98.67484283447266,99.6460905519697,97.92636434231254,98.66593723206822,11289400,False
2023-02-24,98.6837387084961,98.87085830019925,97.14221997946264,97.41844996564517,14351000,False
2023-02-27,98.50553131103516,99.13817568114506,97.97980853700834,98.72829370043308,11710500,False
2023-02-28,97.93526458740234,99.22728378534164,97.32043818931744,99.120355386232,18107000,False
2023-03-01,98.80847930908205,99.67279841876882,97.3382462625754,97.40061945615238,13200000,False
2023-03-02,99.26293182373048,99.53024263835876,98.16693776906344,98.56791418825986,10339900,False
2023-03-03,100.51930236816406,101.01829476278668,97.97089998941442,98.06001038721163,13006700,False
2023-03-06,101.4103546142578,101.43708501502884,99.681722982097,99.78864458518112,14347400,False
2023-03-07,99.4500503540039,100.84008560985788,99.0579863390013,100.51930719725016,11525300,False
2023-03-08,97.99765014648438,100.1718068172269,97.1867916468534,99.11146228454686,13509800,False
2023-03-09,97.24024200439452,100.00250124848628,97.15113840255876,98.79067322864668,12961200,False
2023-03-10,96.03732299804688,98.94214654302196,95.47596420792222,97.62339016857555,15795700,False
2023-03-13,94.93241119384766,96.10859622039146,92.41965196449644,93.86314775270095,20745600,False
2023-03-14,95.28884887695312,97.1333213249832,93.52456763188694,94.76312606423632,18263500,False
2023-03-15,90.5484619140625,92.84736469297808,89.30099112662504,91.61771870434096,25733800,False
2023-03-16,90.02273559570312,90.6019191669989,87.34067452744245,88.31192207896954,27465200,False
2023-03-17,88.96238708496094,90.53954865351506,88.33865509625915,89.63958667138633,43199500,False
2023-03-20,91.28800964355467,91.31474683640567,88.65941659444371,88.77525057079464,32042100,False
2023-03-21,95.37796020507812,95.59181022847244,92.78500232851444,92.82064513210844,31592300,False
2023-03-22,93.19487762451172,95.50269970338768,93.16814722329414,95.16410329101636,14952700,False
2023-03-23,92.1434555053711,94.75422467847804,91.27913618272548,93.88099975324738,14385900,False
2023-03-24,92.25035858154295,92.53549416486746,89.91581311750139,90.4147986887771,13401600,False
2023-03-27,94.2730484008789,94.87896238796156,92.5889652364314,93.32853122214578,14805900,False
2023-03-28,95.44923400878906,95.92148920121244,93.72950803751957,93.95227043380748,11047600,False
2023-03-29,97.08875274658205,97.26696672556068,95.7789088933036,96.28680683659849,14219100,False
2023-03-30,97.56101989746094,97.632305497823,96.69670068803576,97.614487496817,11578200,False
2023-03-31,97.7125015258789,98.16693192313608,97.16896073088292,97.73031952652534,14418000,False
2023-04-03,103.4775848388672,104.11914162145122,100.79553050913222,101.03611090351684,28087700,False
2023-04-04,102.488525390625,103.985489040064,101.731134565208,103.59343182585155,16365500,False
2023-04-05,104.24388122558594,104.25279362425464,101.85586824500108,102.78256055966354,16479500,False
2023-04-06,102.51526641845705,104.41319975276988,102.2657668024252,104.1280641326172,15778000,False
2023-04-10,102.0608139038086,103.52213458803584,101.73112313062047,102.27466388735763,13006600,False
2023-04-11,102.7825698852539,103.53996068477188,101.91825068651488,102.4350610854966,11758500,False
2023-04-12,102.67565155029295,103.88747278916811,102.40833394282146,103.50432797565166,10919000,False
2023-04-13,103.15680694580078,103.26373534280415,101.69548617759872,102.11428056815092,12399700,False
2023-04-14,103.40630340576172,103.94984417726504,102.57762704905738,103.27264461309936,11530800,False
2023-04-17,102.2033920288086,103.81619651637644,101.9538992147767,102.90732206735248,13260400,False
2023-04-18,104.1993408203125,104.43992121747226,101.8469704558153,101.92716165547893,17436100,False
2023-04-19,103.86964416503906,104.16369214355151,103.15680181679706,103.43303179577929,10682600,False
2023-04-20,103.04096221923828,103.07660501452835,100.89353648881485,102.58652507700012,17038700,False
2023-04-21,103.37065887451172,104.14586762225116,102.7023717205744,103.79835884605724,14315300,False
2023-04-24,105.3220672607422,105.93689370253716,103.2548323181713,103.29047512040847,15831300,False
2023-04-25,103.8250961303711,104.9121777272466,103.03206253229024,104.74288292644243,12179800,False
2023-04-26,102.87167358398438,104.33299438389297,102.18556838329042,103.3884839834608,15566100,False
2023-04-27,104.101318359375,104.2617075469142,102.36376769467202,103.02314924242684,16279200,False
2023-04-28,105.44680786132812,106.85466788038768,104.10132784137473,104.47556704699744,24381900,False
2023-05-01,102.17665100097656,104.5201156851399,101.9806190108613,103.35283614349954,17355000,False
2023-05-02,98.1045379638672,101.52617120828975,97.38279012245938,101.52617120828975,24324100,False
2023-05-03,96.17097473144533,97.84614537762732,96.0194979449744,97.19568303658482,16212300,False
2023-05-04,94.48689270019533,96.90163610364148,94.37105870897526,96.14424536499382,17177200,False
2023-05-05,96.83927154541016,97.50755875055474,95.814563137888,96.72343754385928,14968200,False
2023-05-08,97.222412109375,98.87976473380652,97.16003891590364,98.46097037842664,11187800,False
2023-05-09,97.24915313720705,98.22040073962116,96.42047673440813,96.53631073546876,11370800,False
2023-05-10,96.00167083740234,98.02435700117825,95.08389094382916,97.7837698301792,14884800,False
2023-05-11,94.26412963867188,95.18190955755892,93.49782650678848,94.88786158408008,17165900,False
2023-05-12,94.25521850585938,95.35121242256008,93.3641689729272,94.72747367060649,12613300,False
2023-05-15,94.43496704101562,95.207919639566,93.99456604882332,94.83043307482976,13715600,False
2023-05-16,92.14306640625,94.20127664170732,91.69367570480932,94.03949571490236,14795200,False
2023-05-17,94.21028900146484,94.5787927565826,92.43968811541232,92.9250310123881,14064700,False
2023-05-18,95.06411743164062,95.1899531518068,93.5901163017032,93.96760974788424,12005600,False
2023-05-19,95.5045166015625,96.21455475359926,95.10905057836275,95.78313665036698,13359600,False
2023-05-22,94.34510040283205,96.2055779370888,94.26420649760746,95.12703596276836,12882000,False
2023-05-23,95.63036346435548,97.26614569955332,95.04615405382208,95.26185971748568,14394400,False
2023-05-24,96.69989776611328,97.5267819530436,95.92695198891528,96.51115447500182,16340300,False
2023-05-25,94.96527099609376,95.65732983899068,94.11142432719426,95.2169287571472,14316500,False
2023-05-26,94.34510040283205,96.12468403186422,94.21927153440184,95.69327272786327,12370300,False
2023-05-30,93.50923919677734,93.58114337104148,92.22398122473334,92.83515299165973,11938000,False
2023-05-31,91.83750915527344,92.6104619218698,91.44204303548187,91.93637568522134,24926100,False
2023-06-01,92.8980484008789,94.89334425646187,91.0106087845992,91.45100976172758,13551900,False
2023-06-02,95.0551300048828,95.38767475956357,93.94962578175353,94.51586249534884,14112000,False
2023-06-05,94.6327133178711,96.3403996901627,94.45295288769556,96.3403996901627,10628000,False
2023-06-06,95.40567016601562,95.51351957164312,93.45531569977682,93.6081069291888,12209800,False
2023-06-07,97.54476928710938,97.8683312227487,95.92696646607246,95.9808911696258,16027100,False
2023-06-08,97.23918151855467,98.0930212783072,95.1809708735996,97.7604696245004,13517100,False
2023-06-09,96.5201416015625,97.61665609309432,96.31342570328523,97.48183750104135,12251600,False
2023-06-12,95.6483383178711,96.22355800587697,94.8753855763958,95.10008098130932,14112000,False
2023-06-13,95.66632843017578,97.37400821171715,95.52252006360033,96.51117858374542,13533800,False
2023-06-14,94.515869140625,97.16727191559242,93.82380352138556,96.5740728133872,16627700,False
2023-06-15,95.17198944091795,96.19659998487536,94.76754043673054,94.82146514204622,16224100,False
2023-06-16,94.48890686035156,95.96290813142538,94.3361156345211,95.59441124223665,43128900,False
2023-06-20,92.32284545898438,94.16534359295368,91.78357787970457,94.0844565417834,17514100,False
2023-06-21,93.3564453125,94.03951437709156,91.97232085452352,92.12511207761696,13285700,False
2023-06-22,92.84413146972656,93.37440926201596,92.25992212469887,92.4306859464206,12455300,False
2023-06-23,92.03524017333984,92.41272681177,91.33419159992398,92.206004019967,17933600,False
2023-06-26,93.73392486572266,94.29117187266952,91.85546793678613,91.85546793678613,14283400,False
2023-06-27,93.9676284790039,94.02155318613944,92.8171821552184,93.51823763378086,13227500,False
2023-06-28,94.73157501220705,95.10906161059825,92.75425152400555,93.75189957486728,13084100,False
2023-06-29,95.89998626708984,95.92695547293552,94.488899542823,94.96525951253912,11364400,False
2023-06-30,96.39432525634766,96.96055518787752,95.9988591635691,96.4572396931843,13544700,False
2023-07-03,96.58306121826172,97.481842737349,96.23253697439038,96.61002356668894,7397000,False
2023-07-05,96.08873748779295,96.99650190372355,95.36071977938144,96.73585443492918,12491200,False
2023-07-06,92.50260925292967,95.0192007104868,92.06220814786322,94.45296386109844,17961400,False
2023-07-07,92.71829986572266,93.47327301013772,91.2802440259938,91.60380590421694,21929200,False
2023-07-10,94.09344482421876,94.147369524166,92.34980638289314,92.54753942557862,14877600,False
2023-07-11,95.24388122558594,95.4146519130768,94.20129134408648,94.60574715280292,12576500,False
2023-07-12,95.71126556396484,96.75385567370787,95.3877035890212,96.16964617132844,13238200,False
2023-07-13,93.9586181640625,95.47756108254144,92.86210364472208,95.2438759742004,26826800,False
2023-07-14,90.72300720214844,93.51821822797928,90.35450349409624,93.51821822797928,28181900,False
2023-07-17,91.11846923828124,91.37911670539944,90.07588622696744,90.52527699293142,18051300,False
2023-07-18,90.70502471923828,91.85546390892551,90.18372981854924,90.70502471923828,24617800,False
2023-07-19,91.3341827392578,92.03523124466238,90.59718214932496,90.82187753475765,15556500,False
2023-07-20,92.94300842285156,93.16770382255038,91.9992850012528,92.16106596332232,15740200,False
2023-07-21,93.37442779541016,93.81482889676016,92.80819780796014,93.61710268800304,17121500,False
2023-07-24,94.83943176269533,95.41465829739175,93.4373346558438,93.7968486685943,15090900,False
2023-07-25,94.98323822021484,95.35173510450932,93.95862776142236,94.42599116868446,14116100,False
2023-07-26,94.45294189453124,95.01917861223208,94.04849297373792,94.47092136403585,15159600,False
2023-07-27,94.74954986572266,96.1606366325382,94.13837813414376,95.27084481324918,17677900,False
2023-07-28,93.61707305908205,94.51585445086052,91.96331173248755,94.47091263840844,17566400,False
2023-07-31,96.38534545898438,96.94259256925328,94.54284712897858,94.54284712897858,24197000,False
2023-08-01,95.82809448242188,96.45723884525776,94.84841899496682,96.1246871922392,14177400,False
2023-08-02,94.6327133178711,95.61238194798052,93.98558948355772,95.50453254703446,13484100,False
2023-08-03,96.27748107910156,96.96055011267153,94.64169894981106,95.1719767672266,16280400,False
2023-08-04,96.54711151123048,98.1828936419492,96.46622446395772,97.0324543663438,14279600,False
2023-08-07,96.34937286376952,97.44588737733368,95.72921829931856,96.97852402027218,12410800,False
2023-08-08,96.82574462890624,96.8437172437271,94.22825950051104,95.30680153306628,14065600,False
2023-08-09,98.47051239013672,99.2434651342426,97.34703536174555,97.70654938226264,19919600,False
2023-08-10,98.9738311767578,100.3309864407414,98.36265942116412,99.03674561378249,15837200,False
2023-08-11,100.51073455810548,100.72644019330964,98.91090462078736,99.19851442011245,14047000,False
2023-08-14,100.59164428710938,100.64557585094292,99.5670337173528,100.37593860325538,12973400,False
2023-08-15,98.00910186767578,100.45570196921948,97.83693130550508,100.3560250030543,14909600,False
2023-08-16,96.3599090576172,99.06930032454548,96.3055423142575,98.11784083552956,13695100,False
2023-08-17,98.22657012939452,99.81233115620968,97.3385409124955,97.3385409124955,16709500,False
2023-08-18,99.71265411376952,99.85763438400706,97.5197748119851,97.53789475325128,16224000,False
2023-08-21,98.50747680664062,100.56443932254189,97.99097204911544,100.00262434054078,11092400,False
2023-08-22,97.9547348022461,99.42269910992684,97.81881102893615,98.92431424558052,10518800,False
2023-08-23,97.09390258789062,97.22982637075872,95.79810876284007,96.99422560801206,11435600,False
2023-08-24,96.36896514892578,97.65569534185502,96.11524448140392,96.43239531580625,10818500,False
2023-08-25,98.09066772460938,98.70684956283228,96.61364676408238,97.34762552969684,13579300,False
2023-08-28,98.91526794433594,99.71267689625898,98.26283929577572,98.27189581179331,10382100,False
2023-08-29,99.5042495727539,99.69454009070304,98.24470263487376,99.36833271234048,9665000,False
2023-08-30,100.4738311767578,100.70943192881693,99.6583023432856,100.07513018870064,11922100,False
2023-08-31,100.75474548339844,100.96315595629756,100.23824064558362,100.69131530729383,17479800,False
2023-09-01,102.8660659790039,103.13791353563354,101.66994917390052,101.66994917390052,14843500,False
2023-09-05,102.8751220703125,104.959268086835,102.84793869926249,103.39162686037312,18304000,False
2023-09-06,103.76314544677734,103.83563212765162,102.603275592353,102.82981288933806,13325500,False
2023-09-07,103.25570678710938,104.9773917867178,103.0291694690917,103.89001542558104,13248500,False
2023-09-08,104.7599105834961,105.15861844765048,103.5909772745279,103.78126777877344,14283200,False
2023-09-11,103.44600677490234,105.72949995507908,102.91137509621348,105.27642530784502,14383600,False
2023-09-12,106.4634780883789,106.6265852370249,104.45182555953512,104.51525573326576,20145800,False
2023-09-13,105.51202392578124,106.889367783628,105.02270248706232,106.39098982977433,13472800,False
2023-09-14,107.39682006835938,107.5236873401983,106.31850702138225,106.51786098850924,15210700,False
2023-09-15,105.74761199951172,107.3877468010694,105.56638491950432,106.83499521966591,34568400,False
2023-09-18,106.59940338134766,107.14309158011396,105.74762082481244,106.49972640501394,14045300,False
2023-09-19,106.31849670410156,107.68677713956436,105.66606811622428,107.48743010515332,12562900,False
2023-09-20,105.47576904296876,106.94372633327184,105.4032754472237,105.60262937883766,11879900,False
2023-09-21,103.98969268798828,106.35474284774456,103.84470548563571,106.00134518372306,14400600,False
2023-09-22,104.1528091430664,105.72950708603814,104.03500530228314,104.85054110498264,13197300,False
2023-09-25,105.3217315673828,105.70231259750295,104.05312122027875,104.28871505033209,11316000,False
2023-09-26,105.4848403930664,105.77480788445436,104.54244431771302,104.66024123461833,11805400,False
2023-09-27,108.91912841796876,109.19097593668592,106.38191486787665,106.82592602930308,23976200,False
2023-09-28,108.25764465332033,109.3722042836583,107.09777479821068,108.71978267518638,16808100,False
2023-09-29,106.54502868652344,107.99486607952304,105.77480321962082,107.92237248153056,18813600,False
2023-10-02,104.77803802490234,106.73532377443335,103.79940206350716,106.49972302753714,14395000,False
2023-10-03,104.95928955078124,105.51204125306845,104.23436724547533,104.60589182812176,13297100,False
2023-10-04,101.03564453125,103.3825678436478,100.12949525294282,103.34632795628144,19622200,False
2023-10-05,98.76119995117188,100.4919482517346,98.49841585202712,99.49518550856575,20128800,False
2023-10-06,97.11200714111328,98.10876986854808,95.2453420199152,95.8071570071532,25367500,False
2023-10-09,100.51007080078124,101.55214379659074,99.2414604977684,100.07512304243798,22369900,False
2023-10-10,100.0841827392578,100.99033199688212,99.78515873840313,100.60068753956888,13892000,False
2023-10-11,96.4958267211914,97.11200845595437,94.99162263870438,96.92171795287062,57939000,False
2023-10-12,96.47772216796876,97.7191423499175,96.1333809912418,97.49260501296384,31183000,False
2023-10-13,99.55863189697266,99.85765592928288,97.71914290326104,97.89131349259944,30276500,False
2023-10-16,99.63111114501952,100.29260316511596,98.88806900767077,100.12949601724084,18452000,False
2023-10-17,100.93595886230467,101.30748335282291,99.38644455948882,99.431754784849,19775400,False
2023-10-18,102.34954833984376,102.74825619609092,101.2168618512958,101.3256022430095,23380300,False
2023-10-19,102.41297912597656,103.27382501050047,100.88159168529056,102.141138515103,20972500,False
2023-10-20,100.65505981445312,102.6848321879258,100.39227570374482,102.32237110717745,22445300,False
2023-10-23,99.1780242919922,100.54631147996577,98.4802924701548,100.2472805934485,18185000,False
2023-10-24,98.21752166748048,99.51331543765296,97.97286439937596,99.40457503328956,16786100,False
2023-10-25,98.39874267578124,99.22334180278824,97.98191485488992,98.33531250550148,22047300,False
2023-10-26,97.5016632080078,98.1722117536498,96.50490036159502,97.36573943045822,18768300,False
2023-10-27,95.64405822753906,99.54955936951964,95.10942656321,98.67059347135456,23092000,False
2023-10-30,95.94307708740234,96.4323984966361,95.33595876818212,95.81621674945691,19379900,False
2023-10-31,95.91590118408205,96.196812165719,94.72884782373468,95.6712439171032,22185200,False
2023-11-01,95.7256088256836,97.11201610982732,95.56250167970371,96.5320811270923,28984900,False
2023-11-02,98.86993408203124,98.94242767307308,95.59873510499,95.9430692923846,25212700,False
2023-11-03,97.66476440429688,98.57091364822372,96.5411412775712,98.22657942434476,30555600,False
2023-11-06,95.9340362548828,98.10878921137372,95.84341578721984,98.01817565708176,19097300,False
2023-11-07,94.42981719970705,95.01881562411468,93.59616150753924,94.66541795214418,20272500,False
2023-11-08,93.26994323730467,95.0550583785427,93.23369643744444,93.994865407769,19184100,False
2023-11-09,93.297119140625,94.21233175206714,93.20650560491292,93.94048423156129,18380500,False
2023-11-10,94.0129852294922,94.61104705635772,93.2518231735217,94.17609237196731,17825500,False
2023-11-13,95.00067901611328,95.27252654205218,94.06734644422338,94.2848272303224,15308400,False
2023-11-14,95.36646270751952,95.85111232279556,94.98240153804662,95.37560901438928,18260500,False
2023-11-15,94.79037475585938,96.15288151741152,94.6440617464262,95.06470118366416,20137600,False
2023-11-16,93.69304656982422,94.43373698224752,92.49513847534443,94.09540036254214,22469100,False
2023-11-17,95.97914123535156,96.4089270007492,93.95823978614436,94.24171253498592,22984900,False
2023-11-20,95.55850219726562,96.82042057595426,95.49449199638842,96.36320286209174,17458800,False
2023-11-21,95.52191925048828,95.74138178891646,94.38802132925638,95.29331040478736,14989000,False
2023-11-22,95.11042785644533,95.21101630851844,93.21754685852385,93.80278495608296,18072000,False
2023-11-24,95.6225128173828,96.44550610126132,95.01898906026436,95.11957053929352,9480800,False
2023-11-27,95.06470489501952,95.46705871008052,94.35144638765766,95.19272529497738,18013500,False
2023-11-28,95.00984191894533,95.93342365033875,94.99154930358144,95.32074661424468,20629500,False
2023-11-29,93.58330535888672,95.63164545634228,92.94320343879916,95.34816576894262,26802100,False
2023-11-30,93.9490966796875,95.5402193943017,93.09867142759676,94.28744030956062,29254700,False
2023-12-01,94.1777114868164,95.30247023698487,93.47359921183174,93.72964003909888,17845300,False
2023-12-04,93.66561126708984,94.51603640428932,92.8974819609478,93.391277877056,21523900,False
2023-12-05,91.84589385986328,93.583315539564,91.7087271544689,93.51930534059174,22250300,False
2023-12-06,90.62969207763672,92.1019336139336,89.92557292031819,91.4435390167588,31154800,False
2023-12-07,89.99873352050781,92.21166559101204,89.69696815364215,91.31552277476624,29990700,False
2023-12-08,91.03203582763672,91.2514983435933,90.30048480566464,90.54737926404236,22074900,False
2023-12-11,91.09606170654295,91.3155242602934,90.14504800483948,91.26066036600298,22252300,False
2023-12-12,89.66038513183594,90.23647686682176,89.13915728306176,90.23647686682176,26084000,False
2023-12-13,90.45594787597656,90.55653632786162,89.30376429789246,89.65124723748455,19915400,False
2023-12-14,92.88833618164062,93.40041769912344,91.1874860253299,91.30636009857773,26165700,False
2023-12-15,92.26654052734376,92.35798267923312,91.72701997099524,91.98306078692104,55527000,False
2023-12-18,92.95237731933594,94.2874524176992,92.83349622991985,93.39130248714837,21610400,False
2023-12-19,94.1777114868164,94.3606027752853,93.08039166236024,93.2724222828106,18904700,False
2023-12-20,92.60486602783205,95.04641374625712,92.47684563529596,94.64405995452196,20988900,False
2023-12-21,93.02552795410156,93.28156878189164,92.18424197860509,92.78777276690109,19250900,False
2023-12-22,93.19011688232422,94.13198424747095,93.10781406680292,93.55588546858768,12927800,False
2023-12-26,93.40042114257812,94.214268002834,93.38213550624565,93.94908092819286,16835100,False
2023-12-27,92.96149444580078,93.77534129153337,92.66886845700137,93.30897734261876,14558800,False
2023-12-28,91.61727905273438,92.9157755626503,91.56240818819128,92.71459867136429,16329300,False
2023-12-29,91.42525482177734,91.983054000123,91.09605751799366,91.78188407144494,17746400,False
2024-01-02,93.6016082763672,94.27828852018206,92.22080886635206,92.28481906540767,23483000,False
2024-01-03,94.38802337646484,94.7537989328374,92.96150638085912,93.51930555800644,23490800,False
2024-01-04,93.56502532958984,95.62250488021014,93.31813085321416,95.17443350929751,19395200,False
2024-01-05,93.84850311279295,94.55262228160166,93.39128541024807,94.34229906873207,15827400,False
2024-01-08,92.2848129272461,92.3945476797234,90.43765660836686,92.1110749565587,23370100,False
2024-01-09,91.14177703857422,92.62316493707289,90.70285194193,92.62316493707289,19496600,False
2024-01-10,90.2456283569336,91.26065216967724,89.76097872999239,91.26065216967724,18206100,False
2024-01-11,90.22733306884766,90.98631607328734,90.12674462360442,90.56567665526472,15833400,False
2024-01-12,91.3978042602539,92.03791314791354,90.6845458517486,91.571549197511,18041700,False
2024-01-16,89.3311996459961,91.4526895706309,89.18488662801295,91.27894460592309,20235700,False
2024-01-17,88.68194580078125,89.57808856203434,88.31617025520136,88.33445589301563,18384000,False
2024-01-18,88.51734924316406,88.78252936896494,87.62119948417303,88.70023353197607,20940300,False
2024-01-19,88.65450286865234,88.71851306298903,88.16071392753385,88.44418664865519,20088400,False
2024-01-22,88.53563690185547,88.79167770267068,87.57547692220986,88.42590214011099,19955900,False
2024-01-23,89.53237915039062,90.07189272250388,88.45334502957525,88.52649456409662,15863400,False
2024-01-24,91.07776641845705,91.12349098008332,89.3769159794703,89.90729019734543,17330600,False
2024-01-25,93.39128112792967,93.43700568672294,91.09605338954228,91.72700904604254,22089500,False
2024-01-26,94.18682861328124,94.25998510600256,92.53170308083727,93.24496144340236,20817200,False
2024-01-29,94.30571746826172,94.36972766528264,93.14438761471426,94.16855774363708,18317500,False
2024-01-30,95.87854766845705,95.90597961345148,93.36385038733752,93.64733009765284,19610900,False
2024-01-31,94.01309967041016,95.90598063771412,93.9765214178308,95.77796024198057,22415300,False
2024-02-01,93.6290512084961,95.11043924465002,92.92493893626452,94.70808538818098,19240700,False
2024-02-02,93.24497985839844,95.10128262413458,92.91578255272628,94.87267377167272,21973400,False
2024-02-05,92.86090850830078,93.6198845132892,91.90074864229838,92.76945939604322,17190900,False
2024-02-06,93.50101470947266,94.22341947449192,92.87919839126543,93.3364160671064,13347900,False
2024-02-07,93.4735870361328,93.93995104024414,92.52257338973976,93.5010189816826,13826800,False
2024-02-08,95.07383728027344,95.48533036608173,93.37298709951418,93.58330330725173,19636900,False
2024-02-09,93.06208801269533,95.86940442443408,92.99807781346694,95.19272417879294,20410500,False
2024-02-12,94.34230041503906,94.55262363091003,93.27241265019748,93.41872566586224,18173100,False
2024-02-13,93.53010559082033,95.1452397007348,92.84713656737,94.84067690577749,18917400,False
2024-02-14,93.0686492919922,94.71147751694474,92.6810187514488,94.01927710536296,17651300,False
2024-02-15,95.7359390258789,95.9297543049297,92.8471513375132,92.8471513375132,23196300,False
2024-02-16,95.7359390258789,96.56657392426033,95.54211670540109,95.99435939794664,20151400,False
2024-02-20,94.83145141601562,96.09587330314264,94.73915944092764,95.83744591489942,17650000,False
2024-02-21,96.76961517333984,96.88960108333988,95.05295760628871,95.08064449584975,20991300,False
2024-02-22,96.6865463256836,97.28645470065604,95.47749826619038,96.13278745702674,20470700,False
2024-02-23,95.8374481201172,96.06818158385948,94.95143246431792,95.87436631928712,15975900,False
2024-02-26,96.21585845947266,96.85268509965525,95.10834060312858,95.72670462223024,13360800,False
2024-02-27,96.01280212402344,97.04649051533144,95.84667375830298,96.61271050253768,16360000,False
2024-02-28,96.28045654296876,97.30491365416758,95.9851180000104,96.41889802529248,14810500,False
2024-02-29,96.46504974365234,96.9726662137156,96.18817379387626,96.61272255000785,17566100,False
2024-03-01,97.6833267211914,98.19094321459144,97.25877794554198,97.57257915276034,18460100,False
2024-03-04,96.31737518310548,97.69254461993356,96.01280532888056,97.51719198018316,18138000,False
2024-03-05,97.49874114990234,98.08018699892766,96.2804686271156,96.47428391012404,19952700,False
2024-03-06,98.54164123535156,99.27999111071072,97.96942677130318,98.4032067949697,20472800,False
2024-03-07,99.09542083740234,99.65841111073344,98.38475775205058,98.38475775205058,15195400,False
2024-03-08,100.02757263183594,100.04603525286603,98.54164850311795,98.96620428968892,16281500,False
2024-03-11,100.61824798583984,100.71054700651013,99.06771879369632,99.9075920000946,17577300,False
2024-03-12,99.97218322753906,100.8581987799907,99.70453159584656,100.6551522289532,14957200,False
2024-03-13,101.08894348144533,101.84574895691982,100.70131295432029,100.72899984319686,17122200,False
2024-03-14,102.87942504882812,102.953261437916,101.23660411946344,101.36581427965444,22121000,False
2024-03-15,102.6948471069336,103.64547489385656,102.30721657717464,102.30721657717464,38264400,False
2024-03-18,103.64547729492188,104.16231801324038,102.5379524166908,103.174779045638,16770500,False
2024-03-19,104.37457275390624,104.7437476563422,103.42395213309598,103.5716249106406,14878800,False
2024-03-20,104.28228759765624,104.66069383375276,103.4885639700926,104.03309857106116,16119700,False
2024-03-21,104.74375915527344,105.13139671817068,103.89466171545348,104.21768715001254,14878000,False
2024-03-22,104.74375915527344,104.92835014746888,104.125395174628,104.73453488673344,14701900,False
2024-03-25,105.81436157226562,106.8572742312929,105.05755613796572,105.05755613796572,14011700,False
2024-03-26,105.02064514160156,106.11893869209852,104.66993280848877,105.82360013752285,13152300,False
2024-03-27,106.10970306396484,106.19276372839056,104.66992854917528,104.73453363531516,12415700,False
2024-03-28,107.28182220458984,107.4756374562894,106.19276004640231,106.62654005605536,18482100,False
2024-04-01,107.97402954101562,108.20476300437278,106.4881054736814,107.43873325751116,13817000,False
2024-04-02,110.08753204345705,110.38287054964732,108.28781412158266,108.83234163179192,19919600,False
2024-04-03,110.10601043701172,110.521327850359,109.57993842743952,110.27213881063592,16504300,False
2024-04-04,110.49363708496094,110.6413028333202,109.49686687818772,109.87527312094328,18467400,False
2024-04-05,112.01648712158205,112.73637441859718,110.41980841706828,110.73360959660856,21720600,False
2024-04-08,111.25967407226562,112.3579605225386,110.94587291402608,111.7488278669607,17513900,False
2024-04-09,111.84112548828124,112.2749055293105,111.06585738398022,111.67499711174722,14132300,False
2024-04-10,112.7825164794922,113.03171256843528,111.42580960079457,111.8780452270271,17409200,False
2024-04-11,112.40411376953124,113.234755637888,111.0658554701158,113.234755637888,17555900,False
2024-04-12,111.0935516357422,114.21306555809208,110.44749370671926,113.47471565104487,21556200,False
2024-04-15,110.45673370361328,112.31183288592588,110.24445580017938,111.75806689137733,15029500,False
2024-04-16,109.54302215576172,110.95510983569538,108.8323591399794,110.34597010788195,18082200,False
2024-04-17,109.48763275146484,110.15214620554974,108.09400780120868,109.41380339989786,14538600,False
2024-04-18,109.3861083984375,110.4936331581901,108.87849904479856,109.82911971062371,13821400,False
2024-04-19,110.64130401611328,111.61038734551808,109.78297528023154,109.97679757925351,21572400,False
2024-04-22,111.26891326904295,112.20107851766252,109.3030665167761,110.06910337496272,16340700,False
2024-04-23,111.7026824951172,111.73036938392852,110.24444532535696,110.75206175831984,13929800,False
2024-04-24,111.7211456298828,111.91496089388144,110.18907205528436,111.02894524070491,12101200,False
2024-04-25,111.97956848144533,112.37643032842296,110.1983058252098,111.70268550302308,16041000,False
2024-04-26,108.86927032470705,109.92141429456888,107.2633674825115,109.82912232275096,27289500,False
2024-04-29,110.41980743408205,110.7982136999492,108.68469429668612,108.68469429668612,17309900,False
2024-04-30,109.15538024902344,110.93664281071932,108.8877356365608,109.93064832260272,21083300,False
2024-05-01,107.0880126953125,109.33997352588116,106.74653167985592,109.16461384242416,27777700,False
2024-05-02,107.28182220458984,108.22321861733172,106.96802809462658,107.30028482366184,25513600,False
2024-05-03,107.06033325195312,107.12493834381016,105.33444431030536,107.06033325195312,28023300,False
2024-05-06,107.75252532958984,109.21998674862635,107.4294998953453,107.67868893278356,31401300,False
2024-05-07,107.21722412109376,108.51856423501962,106.99572196775,108.24168126227006,30122000,False
2024-05-08,107.19876861572266,107.93711147451675,106.5157995349458,106.79267546645866,18957200,False
2024-05-09,109.3122787475586,109.39533940756344,107.23567775032642,107.24490201826524,17564000,False
2024-05-10,108.86927032470705,109.51532821028476,108.51855801522844,109.4045736192476,13648100,False
2024-05-13,108.82312774658205,109.866040405752,108.09400919955264,109.29381891479288,15060600,False
2024-05-14,109.48372650146484,109.54885633542912,108.37651932407204,108.66495043182536,15079100,False
2024-05-15,110.33042907714844,110.57233584940316,108.00435327656066,109.4279105307412,18244300,False
2024-05-16,109.66981506347656,111.00033059206716,109.36277138027428,110.29320162128532,15745200,False
2024-05-17,111.31668853759766,111.49347257888238,109.75356523712644,110.06991525318224,15104500,False
2024-05-20,110.4141616821289,111.5492877806676,110.30251458956432,111.4004226243749,11551300,False
2024-05-21,109.65121459960938,111.13990172999932,109.5860847594867,110.16295412815911,14495000,False
2024-05-22,107.4460906982422,109.28833865753374,106.9622629826366,109.28833865753374,17879300,False
2024-05-23,105.6131362915039,109.33485717262066,105.47357033873818,107.55773204455018,15979800,False
2024-05-24,105.52941131591795,107.07392914410318,105.17585032929962,106.8506207433354,12212900,False
2024-05-28,106.86923217773438,107.10183976873611,105.2037609743274,105.6224517986824,13978300,False
2024-05-29,105.72480010986328,106.5808014429661,104.96184749241232,106.56218886038758,13902000,False
2024-05-30,106.05974578857422,106.1900054600799,105.10140373451678,105.38983485019084,14683700,False
2024-05-31,109.10225677490234,109.31625176437834,106.05974577976713,106.180706259455,29037400,False
2024-06-03,106.48773956298828,108.26486475266424,105.84574751580156,108.20904120907046,19589300,False
2024-06-04,104.83157348632812,105.22235248364288,103.203320565564,105.13861716934088,19412200,False
2024-06-05,105.25027465820312,105.31540449313376,103.72436958386828,105.03627257279122,14863500,False
2024-06-06,106.04114532470705,106.10627516354214,104.310544351523,104.90601919190676,13154100,False
2024-06-07,104.90601348876952,106.90643999941013,104.8315773631132,105.87366182644264,13289200,False
2024-06-10,105.21306610107422,106.27375613641276,104.85949802354786,105.19445351877268,15239700,False
2024-06-11,104.36636352539062,104.83157866860654,103.56619291116968,104.66410093310402,12462400,False
2024-06-12,103.21263122558594,105.41775354428825,102.84976398434146,105.41775354428825,13606800,False
2024-06-13,102.38455963134766,103.14751225724656,102.08682219437786,103.12889967446192,14466900,False
2024-06-14,101.5192642211914,102.54273626878124,101.03543642505169,102.36595221650472,13313400,False
2024-06-17,100.8214340209961,101.84490599365314,100.65395627284346,101.5750803383728,21147900,False
2024-06-18,101.77045440673828,103.0172345866782,101.2308102767474,101.4448052510664,17762900,False
2024-06-20,103.96627807617188,104.78506127022936,101.9658515433538,102.26359604927995,17433200,False
2024-06-21,103.05445861816406,104.8594885135952,103.05445861816406,104.11514855730616,52212500,False
2024-06-24,106.11558532714844,106.5621879244252,103.8732447536962,103.8732447536962,16266700,False
2024-06-25,106.41331481933594,106.58079255547528,105.56661984812604,106.17140095633027,14188900,False
2024-06-26,106.45053100585938,106.83200372673863,105.26888058320536,106.43191842516109,15771800,False
2024-06-27,106.9064483642578,106.99018368820826,106.171407537783,106.99018368820826,16812700,False
2024-06-28,107.11114501953124,108.43235441991833,106.7017533917864,107.79966149459462,24565900,False
2024-07-01,106.96227264404295,108.61843753838431,106.56218730787802,107.66009540954322,11972900,False
2024-07-02,106.2365264892578,107.8740857208838,105.59452734362648,107.83686765895828,13326700,False
2024-07-03,106.77617645263672,107.61356508932226,106.3202605235072,106.3202605235072,7732900,False
2024-07-05,105.48289489746094,106.65523206704756,104.85020195414828,106.63662658281208,12631000,False
2024-07-08,104.37567138671876,105.65036345381756,103.66854237077476,104.57106089797568,13350500,False
2024-07-09,103.22193908691406,104.71062613757562,102.92420167678176,103.38011053322376,11727000,False
2024-07-10,104.13375854492188,104.1709766091396,102.73811308054655,103.20332823533832,10004100,False
2024-07-11,105.37122344970705,105.4363532818018,103.21262560205516,103.6778407166234,13082700,False
2024-07-12,105.38983154296876,106.20861470801864,104.7943567494522,106.05974246032976,11684900,False
2024-07-15,107.19488525390624,108.07879839078412,105.6782862613465,106.32027840861798,13032500,False
2024-07-16,107.96713256835938,108.25556368901168,105.79922827162356,106.39470309410432,13614100,False
2024-07-17,109.45582580566406,109.95825904649644,108.44166013150593,108.61843707094344,13602800,False
2024-07-18,110.53512573242188,111.5772031559728,109.26973991929285,109.74425427525118,13033600,False
2024-07-19,107.99504089355467,110.60954767436805,107.80895767945294,110.33972204488678,16157700,False
2024-07-22,107.25070190429688,107.87409562551304,106.60870979833952,107.16696658124074,12065900,False
2024-07-23,105.52010345458984,107.15765566730428,105.29679507216711,106.82270019229,11251700,False
2024-07-24,107.00878143310548,107.18555834758553,105.20374453739068,105.8550428509892,14925200,False
2024-07-25,109.26043701171876,109.81869380571064,106.5900993339408,107.15766241910832,17021700,False
2024-07-26,109.16738891601562,109.81868728724392,108.36721828929524,108.64634312041314,11252500,False
2024-07-29,108.02296447753906,109.22322050600977,107.35305347573026,109.1580906640906,8861800,False
2024-07-30,109.9489517211914,110.34903705187132,108.1439216862388,108.26487507509734,12483900,False
2024-07-31,110.33972930908205,111.42833818896634,110.31181753499116,111.3166839939828,15137700,False
2024-08-01,108.8138198852539,111.17711368040374,108.26486941993151,110.1164237146793,15051500,False
2024-08-02,108.74869537353516,110.60025685756344,107.3902679315948,107.90200745705388,20403800,False
2024-08-05,106.78548431396484,107.95782850050732,105.37123335611004,107.50191963298192,18025900,False
2024-08-06,106.21792602539062,107.58565259801372,105.72479200554606,106.487744564513,13647800,False
2024-08-07,107.63218688964844,108.97200891148546,107.24140783281948,107.41818477836374,13660700,False
2024-08-08,109.6884307861328,109.8931265940461,107.67870496918988,108.0043541642246,13851000,False
2024-08-09,110.5816421508789,111.00963924639392,109.19530296120854,109.6884298952015,12151900,False
2024-08-12,110.72120666503906,111.80980842185848,109.80938183969891,111.23294617394728,13228900,False
2024-08-13,109.66053009033205,110.26531128427636,109.3255745705666,110.05130916385146,11585100,False
2024-08-14,110.67467498779295,111.55858798118808,109.44650734629045,109.8838106979485,12194500,False
2024-08-15,111.35936737060548,112.20349057549252,110.7872349681476,110.90916212633203,11579400,False
2024-08-16,110.83413696289062,111.12489737583044,110.35580234414786,110.66531087516664,10056000,False
2024-08-19,111.1717758178711,113.01948134663546,110.83412368288018,111.0498486630347,12417500,False
2024-08-20,107.4669952392578,111.28433361277588,107.4013410522251,111.28433361277588,15632000,False
2024-08-21,106.78230285644533,108.39552809776426,106.69789340244964,107.87029463529548,11752400,False
2024-08-22,107.60767364501952,107.87029036585972,106.5853360894414,106.71664444986148,10609500,False
2024-08-23,109.0989761352539,109.47414598601404,107.88905712333153,107.88905712333153,10381400,False
2024-08-26,111.43439483642578,111.55632914952808,109.66172466931448,110.44958205234704,13671000,False
2024-08-27,110.3745574951172,111.99716417842303,110.11194072689896,111.57509538169782,9991600,False
2024-08-28,109.28656005859376,110.28076125990655,109.04270573225637,109.73676532127104,10742900,False
2024-08-29,110.79661560058594,111.41564695372172,109.1271172080973,109.92434870211189,10753900,False
2024-08-30,110.61841583251952,110.69344408146186,109.07084460023434,109.53980514603168,13284700,False
2024-09-03,108.30174255371094,108.88324901301942,106.9605151936552,108.64876875535772,15725100,False
2024-09-04,106.97927856445312,108.93953738790394,106.90425031470636,108.13292466802255,12620600,False
2024-09-05,106.14451599121094,108.12352983896749,106.05072532400956,107.92656729111384,17200800,False
2024-09-06,105.64743041992188,107.09182974921328,104.79392595375016,106.5384525881782,13467700,False
2024-09-09,107.87029266357422,108.93952199592404,105.66617981726606,105.86314236209164,21645300,False
2024-09-10,103.94042205810548,108.23610266320976,103.33077187651084,107.95472345454438,20913400,False
2024-09-11,102.90869140625,104.06233020818286,101.07974119582175,103.90288535844728,19571900,False
2024-09-12,104.32496643066406,104.4187571089069,102.94622127760704,103.07752965830105,15919500,False
2024-09-13,104.24992370605467,105.48797917693474,104.04357993494642,104.55005814882048,10035400,False
2024-09-16,105.7130889892578,106.06949644017207,104.75641259166144,105.0940647686414,11729000,False
2024-09-17,107.0918197631836,107.2700270425255,105.15970479849726,105.3472861356587,12202600,False
2024-09-18,107.4669952392578,108.4518080447484,106.74479202612837,107.02617120242265,12569900,False
2024-09-19,108.79883575439452,110.28075264843385,108.03912203595571,108.94890654882504,12660600,False
2024-09-20,108.1141586303711,108.33926483940871,107.1574822871558,108.2923659235834,36206200,False
2024-09-23,110.07443237304688,110.47773877442982,107.97349089307964,108.17045348597304,16066300,False
2024-09-24,109.7836685180664,110.82476152007004,109.57732472945015,110.5246198960681,11984900,False
2024-09-25,107.64519500732422,109.783660997219,106.96051665284244,109.25842034696798,13816000,False
2024-09-26,105.79749298095705,106.43527955513711,104.24054066678204,104.24054066678204,16887900,False
2024-09-27,108.63002014160156,108.8832556868593,106.2195632313246,106.69790498988922,15964000,False
2024-09-30,109.94309997558594,110.10254482705656,107.82339652718896,108.29235702382203,13247600,False
2024-10-01,112.48486328125,113.11326861970348,108.73317936579868,108.83635124593512,23235900,False
2024-10-02,113.97615814208984,115.19545831906036,112.7381026934323,114.36070919148358,17129700,False
2024-10-03,114.97036743164062,115.52373743276117,113.42279622214986,114.33258081251952,16524300,False
2024-10-04,117.0806884765625,117.4183406330448,114.82967648527053,115.5518725581094,19752300,False
2024-10-07,117.58717346191406,118.49695093801976,117.1088316868078,117.4746203513684,15714400,False
2024-10-08,114.46388244628906,116.32096206363566,113.73230519365134,116.18965369294529,14818500,False
2024-10-09,114.5107879638672,114.97037447227817,113.30087599651526,113.39466667888288,11144900,False
2024-10-10,115.49559783935548,116.02083133894084,114.69836637583632,115.51436026763768,10243300,False
2024-10-11,115.9364242553711,116.33034938813454,115.30801885466228,115.45808250514696,8294800,False
2024-10-14,116.3772430419922,116.54606911351011,115.0078791977999,115.58938565631864,9808100,False
2024-10-15,112.8788070678711,114.37947945141116,112.34419230761712,113.31963114586075,15771300,False
2024-10-16,113.1695556640625,113.90113292738442,113.11327553596648,113.38527349516018,8426800,False
2024-10-17,112.8788070678711,114.03245321145616,112.27853811445506,113.26335816765624,11204900,False
2024-10-18,112.5599136352539,113.15080135438484,111.75330091377796,112.96321999599186,12898600,False
2024-10-21,112.62555694580078,113.9386477950075,112.28790480869708,113.46968728856004,10177800,False
2024-10-22,113.20706939697266,113.66665586981496,112.49425454152912,112.79438899533952,9201400,False
2024-10-23,112.8037567138672,113.25396194716464,111.98777001493409,112.52238470435452,8320300,False
2024-10-24,112.16598510742188,112.9632237968418,111.73454224398532,112.55053620756752,9905600,False
2024-10-25,112.07218933105467,112.95383744778697,111.9127444627261,112.73811244798884,10714600,False
2024-10-28,111.51880645751952,111.62197833824769,109.52103018139192,109.53979260830752,11844500,False
2024-10-29,109.99937438964844,111.7720445177355,109.8024118371687,111.21867455921183,14731000,False
2024-10-30,109.44600677490234,110.927916557071,109.24904421820466,110.35579131472224,12303700,False
2024-10-31,109.53041076660156,111.30308084418954,109.4366200998692,109.87744410485747,20512000,False
2024-11-01,107.8140106201172,112.50361538229312,107.7108387428878,112.48486011178278,20939300,False
2024-11-04,111.246826171875,111.33123563908607,108.73319724888144,108.86450563505667,14965400,False
2024-11-05,111.57508850097656,111.809568766107,110.6840663557888,111.68764160431633,10436700,False
2024-11-06,113.48844146728516,114.34195301556876,111.89397862302776,113.62913104901833,20807700,False
2024-11-07,113.62914276123048,113.95741371526444,112.18474340771084,113.76983235746506,12184400,False
2024-11-08,113.59162139892578,113.88237464087864,112.23163870926965,113.46969423586133,12836000,False
2024-11-11,112.9913558959961,114.06996659056618,112.616186025393,113.48845293334288,11969700,False
2024-11-12,112.8788070678711,113.77921049799512,112.40046528582162,113.61038440761122,11972800,False
2024-11-13,113.92926788330078,114.47326379438152,111.4250204676364,113.0851375308944,15127900,False
2024-11-14,114.00492095947266,115.25314975776726,113.78743053752434,115.04511763685969,13041800,False
2024-11-15,112.82288360595705,114.64794608392222,112.6526702634422,113.85362196189948,19051700,False
2024-11-18,113.76851654052734,114.06166616294436,112.78506243229572,113.27679309369653,14239700,False
2024-11-19,112.17985534667967,113.2389613823231,111.77323498799754,113.2389613823231,11584400,False
2024-11-20,113.77796173095705,113.91980737519177,112.18930638758016,112.69048807791629,11360900,False
2024-11-21,115.30043029785156,115.88672229561942,113.7306842463616,114.49664788521,14675400,False
2024-11-22,115.16804504394533,116.51083518972126,115.0261993886434,115.19641273209176,13323400,False
2024-11-25,113.4469985961914,115.25314442462656,113.10657192017555,114.82761468689148,26580300,False
2024-11-26,111.55574798583984,113.17277116927244,111.44227001672236,113.03092551151803,14827300,False
2024-11-27,111.26260375976562,112.27442552045656,111.04510612616528,111.66921690965503,11079100,False
2024-11-29,111.5462875366211,112.0569275659612,110.59120115500892,111.05456410905455,9426500,False
2024-12-02,111.44227600097656,111.7732444104627,110.46828016110156,111.63140595966166,12687300,False
2024-12-03,111.27204895019533,112.26496127101731,110.88434520810694,112.26496127101731,11756600,False
2024-12-04,108.0663833618164,111.15859143914584,107.66922127202535,111.1113071460216,19520600,False
2024-12-05,108.5391845703125,109.33351587031774,107.85833123161356,108.47299089652618,15751200,False
2024-12-06,107.39498901367188,108.529739911085,107.32879533156562,108.3122494761231,16171100,False
2024-12-09,106.76141357421876,108.69049575748583,106.61956791678136,108.40680444261103,17412600,False
2024-12-10,106.54390716552734,107.68811620272923,105.67393111957422,107.41388321148048,20990900,False
2024-12-11,105.83468627929688,106.27913260308,105.06872989166934,105.91033825240235,32392200,False
2024-12-12,105.74011993408205,106.26966929171128,104.7566659737928,105.52262232530208,14543300,False
2024-12-13,104.81340789794922,105.8157785205886,104.25549082049722,105.8157785205886,13106100,False
2024-12-16,102.57227325439452,104.39733563528968,102.2791308746542,104.20820570112711,20256100,False
2024-12-17,102.13729095458984,102.2885876958339,100.98362354250382,101.40915329273308,17554000,False
2024-12-18,100.63373565673828,102.91270272718933,100.52971599375516,101.72120936047224,17114500,False
2024-12-19,99.7732162475586,101.81576905679528,99.48952495050683,101.55099436065066,20565600,False
2024-12-20,100.11366271972656,100.3689791659168,99.139659588304,99.71649338238392,40141200,False
2024-12-23,100.520263671875,100.80394775551166,99.21529235761037,99.5840867165366,12285100,False
2024-12-24,100.61483001708984,101.36187707243973,99.95288602667578,100.72830077033758,7807000,False
2024-12-26,100.69993591308594,101.21057596076606,100.17984477874931,100.7283036021954,9652400,False
2024-12-27,100.6904754638672,102.11836858978565,100.01907321604628,100.52026213046751,11943900,False
2024-12-30,100.00963592529295,100.76613412230884,99.77322888599356,100.52027599592807,11080800,False
2024-12-31,101.72120666503906,102.03326564571944,100.02853162947588,100.39732598316388,12387800,False
2025-01-02,101.475341796875,103.07345547948516,101.06872145456582,102.39260214217032,12685400,False
2025-01-03,101.99543762207033,102.59118067046133,101.61718497557813,102.1278249661572,14237900,False
2025-01-06,101.88196563720705,103.81104775430924,101.67392630871028,102.3547796694016,15623700,False
2025-01-07,102.83704376220705,104.07581411863453,102.39259745322552,103.01671538870652,12625900,False
2025-01-08,101.1160125732422,101.8536013336406,100.24603645659636,101.47534865240377,17858100,False
2025-01-10,100.7472152709961,104.11364888576804,100.0285359189475,102.78976814712156,19304500,False
2025-01-13,103.34769439697266,103.6692044832574,101.30513426797638,101.30513426797638,17073400,False
2025-01-14,103.75431823730467,103.79214422776434,101.96708167186348,102.8748837991852,11191200,False
2025-01-15,105.44699096679688,105.6550303021726,103.51790878590812,104.06637481288595,14521100,False
2025-01-16,105.26732635498048,105.61721137100156,104.53919584707428,105.14439729157483,10366600,False
2025-01-17,106.21294403076172,106.73304235262624,104.79450193247987,104.99308296049098,19298500,False
2025-01-21,105.4091567993164,106.08055182939604,105.08763952016082,105.95762278374288,20416300,False
2025-01-22,103.57463836669922,105.5037204396319,103.45170931838834,105.15383546657408,15718000,False
2025-01-23,104.1609344482422,105.09710422730272,103.65029441932651,104.31223118945626,13726800,False
2025-01-24,102.75193786621094,104.69047086055632,102.5155308755906,104.2460245638591,14235900,False
2025-01-27,104.17985534667967,104.4446300839876,102.49663833273328,103.08293040432255,15926700,False
2025-01-28,102.1656494140625,104.84177837058434,101.92924241538536,104.40679035876668,15862000,False
2025-01-29,102.76139831542967,102.86541797794688,101.62664754287604,101.85359625447286,12345500,False
2025-01-30,103.61248016357422,103.8772549016095,102.78978104361843,103.30042113035957,14346300,False
2025-01-31,101.02145385742188,104.53919162046265,100.33114215495786,104.53919162046265,20376500,False
2025-02-03,101.26730346679688,101.4658917042654,99.59354500832173,100.84177373409436,14623200,False
2025-02-04,103.98125457763672,104.28385525069348,100.7377502314802,100.9079635609852,14835700,False
2025-02-05,103.90560913085938,104.02854539656992,103.16802039487452,103.77322177899389,13364400,False
2025-02-06,102.53445434570312,105.01200254499248,102.11837567639212,104.74722061888652,13411400,False
2025-02-07,102.9694366455078,103.7637679502756,102.43042895156763,102.86541698399571,10051600,False
2025-02-10,104.93634796142578,104.99308333689818,103.90560961473618,104.0285458810192,12142200,False
2025-02-11,105.59829711914062,106.39262854184231,104.79451460913056,105.5321034351297,12713100,False
2025-02-12,102.42118072509766,105.16895440730048,102.25898777277376,104.9972185521628,18244100,False
2025-02-13,103.16536712646484,103.43251745185243,101.62928733122097,102.23036646446548,15460000,False
2025-02-14,103.2703094482422,105.1689466169292,103.13673793515184,103.53745247442286,15733500,False
2025-02-18,105.08308410644533,105.8940561569392,103.34664700761876,103.6424114864913,20060300,False
2025-02-19,105.23573303222656,106.9817056154373,105.00674705483698,105.6746119035709,10964700,False
2025-02-20,106.8576889038086,107.25840349021333,104.90180865062472,105.4933449061048,16325800,False
2025-02-21,105.60784149169922,106.7145780934876,105.48380558281504,106.20891339170564,14710000,False
2025-02-24,106.16120147705078,106.72411629625527,105.25482221518703,105.83681556155508,13153500,False
2025-02-25,104.69190979003906,106.9817114561347,103.890473383624,106.18982523150925,14497000,False
2025-02-26,104.4343032836914,104.82548222718026,103.53745967986976,104.70144632846328,10446400,False
2025-02-27,105.09262084960938,106.1802787884698,104.26256304190991,104.9590493328442,15293200,False
2025-02-28,106.21843719482422,106.45695878704518,104.3198000797924,105.0544506601297,18821700,False
2025-03-03,102.8123550415039,107.0103367610099,101.61974701204775,106.5714506005605,18706900,False
2025-03-04,102.60245513916016,103.95725611727568,101.07591831317777,101.47663286516656,19394900,False
2025-03-05,100.59886932373048,101.44800561189771,98.9101323701564,100.98049804898665,24822200,False
2025-03-06,102.67878723144533,103.14628755772134,99.5684633401862,100.58933555909216,17150200,False
2025-03-07,104.0145034790039,105.33114746271542,103.32756733688296,103.43251743063102,19625000,False
2025-03-10,106.6668701171875,107.40151349531524,104.07175375754828,104.26256813965618,22749100,False
2025-03-11,104.14807891845705,106.9530880924127,103.79506431642064,106.781352242652,19904700,False
2025-03-12,104.11946105957033,105.07354759562868,103.4420604924612,104.04313966880363,14051500,False
2025-03-13,103.68057250976562,105.73185982784804,102.68832173080712,103.35618661156288,17767800,False
2025-03-14,106.76227569580078,107.029418738358,103.33710153960853,103.93818066446424,15890100,False
2025-03-17,108.53688049316406,109.24290245340426,106.60008609467272,106.66687185741029,19908800,False
2025-03-18,108.4223861694336,109.28106545063756,107.40151393486391,108.85172217048452,15998700,False
2025-03-19,110.11112213134766,110.5022937958405,108.6036637736097,108.9566711061102,17315000,False
2025-03-20,110.57862091064452,111.12244989548778,108.96621248229262,109.45279860950036,16230800,False
2025-03-21,110.19698333740234,110.66448365280644,109.09978248038706,110.19698333740234,41102800,False
2025-03-24,110.48320770263672,111.5422441858112,110.27330753060552,110.36871471450112,14207500,False
2025-03-25,111.2369384765625,112.238732185605,110.63586661859829,111.08428842590106,12081800,False
2025-03-26,112.83980560302734,113.70802780007672,112.27689806972457,112.27689806972457,14110800,False
2025-03-27,112.4772491455078,113.60307142902788,111.87617731243849,112.6776064231976,12740800,False
2025-03-28,112.3246078491211,113.02108692403256,111.85710021899985,112.67761519864248,10233400,False
2025-03-31,113.4695053100586,114.4045132628721,112.38184730564214,112.38184730564214,21652300,False
2025-04-01,113.57444763183594,113.8034263331196,112.51541112963412,113.7461834775741,12425400,False
2025-04-02,113.221435546875,113.38362849391564,112.25781348803228,112.95429250960764,12614600,False
2025-04-03,107.2679443359375,110.14928233223608,107.07712994962452,109.11887445540285,21204600,False
2025-04-04,99.54937744140624,105.7414037890358,99.06279858923106,104.82548166369769,30841300,True
2025-04-07,98.21365356445312,100.94234117352012,93.9393434106729,95.78073040169924,35068500,False
2025-04-08,96.1432876586914,100.75152692538435,94.464100759958,100.617955405692,27147800,False
2025-04-09,100.94235229492188,101.68653858318577,93.6245034757554,94.8075759495565,30063300,False
2025-04-10,95.34185028076172,99.01508131228212,93.30964895369648,98.9482955582218,33999300,False
2025-04-11,98.40447235107422,99.1582014931081,94.254197897836,95.69487042395652,22884600,False
2025-04-14,98.64299774169922,100.2649417993093,98.00376156550836,100.20769894147188,18020000,False
2025-04-15,98.36631774902344,100.5702625374473,98.27091055382078,98.8815253380406,13164900,False
2025-04-16,99.4062728881836,100.74198813969232,98.93876527105336,99.17728689155166,13607000,False
2025-04-17,102.01091766357422,103.56608317741076,99.6638659580356,99.8833090361156,17916500,False
2025-04-21,100.51301574707033,100.78015881418236,99.33949337667052,100.76108028614692,16926500,False
2025-04-22,103.32756805419922,103.93818281528044,101.2667377762235,101.2667377762235,13147000,False
2025-04-23,102.44026947021484,104.28165669460046,101.58159016988697,103.8141490716372,14235700,False
2025-04-24,103.64241790771484,103.8809395419968,102.04909513769606,103.01272457834386,9849600,False
2025-04-25,103.58516693115234,103.7664456883202,102.48796604357672,103.17490946115804,11245800,False
2025-04-28,103.64241790771484,104.233954181211,102.73603860908447,103.75691091264711,13890900,False
2025-04-29,103.3848114013672,103.83323321095662,102.58337497422602,102.79327516417018,9483100,False
2025-04-30,100.78014373779295,102.48795926603572,99.3680999431229,102.48795926603572,20379300,False
2025-05-01,100.92326354980467,102.01092152083714,100.1599987570128,100.27448447242551,18610300,False
2025-05-02,101.33351135253906,103.99541316860372,99.74973178115904,102.77418379329832,16581900,False
2025-05-05,98.52850341796876,99.85469026583064,98.33768904168316,99.8451473632858,19624000,False
2025-05-06,99.90239715576172,101.11409109450916,98.72887482984358,99.1200465121155,16303400,False
2025-05-07,99.80699157714844,100.45577070280711,99.29178398214572,100.16954183477144,12332200,False
2025-05-08,101.199951171875,102.45934501601036,100.50346484879086,100.50346484879086,19196500,False
2025-05-09,102.3830108642578,102.80281121617,101.49571020714444,102.22081792069234,10992100,False
2025-05-12,104.14807891845705,105.3693083927101,103.3466425265398,105.20710816636254,14244600,False
2025-05-13,104.4343032836914,105.436096980688,104.01450291099157,104.30073176130546,13350800,False
2025-05-14,103.49930572509766,103.86185597112592,102.97455524351518,103.86185597112592,15494900,False
2025-05-15,104.54883575439452,104.6162366244776,102.03573462592806,102.53642575423892,15004300,False
2025-05-16,104.1733169555664,104.84732566535136,103.46078506677206,104.6162380143028,14042500,False
2025-05-19,102.51717376708984,103.5763334686216,101.79501842338946,103.5763334686216,16802700,False
2025-05-20,101.05359649658205,102.75788713734026,100.88990972317288,102.44013703873874,12429300,False
2025-05-21,99.8115005493164,101.07286286284078,99.79223895968504,100.6491960446794,16716100,False
2025-05-22,99.14710998535156,99.62854685439092,98.10720458515203,99.2337650956297,13417400,False
2025-05-23,99.2048797607422,99.6285465549896,98.28052185650168,98.79084376076683,12061600,False
2025-05-27,99.67668151855467,100.00406239433832,99.07970453011797,99.6477964831327,13043600,False
2025-05-28,98.31903839111328,100.5529051788848,98.0109190874946,100.4181034426856,14292400,False
2025-05-29,98.87751007080078,99.03156605444023,97.97240637368328,98.48272829783885,13825300,False
2025-05-30,98.50199127197266,98.58864638658616,97.43320078154213,98.36718952958898,28645800,False
2025-06-02,99.22413635253906,99.99443089421038,98.42494942950654,99.89814499476935,17290500,False
2025-06-03,99.94629669189452,100.77436869218675,98.41532363232407,99.0797088606418,19194300,False
2025-06-04,98.50199127197266,101.02471589041907,98.50199127197266,100.06184210416772,15648500,False
2025-06-05,98.04943084716795,99.22413793910393,97.95314494618738,99.1567370738032,13924800,False
2025-06-06,100.39884185791016,100.62030605089956,98.86787613409804,98.94490779654164,15487800,False
2025-06-09,101.07286071777344,101.92018698996934,99.97518520869134,100.45662209324117,17087300,False
2025-06-10,103.23932647705078,103.65336249072227,101.99721843603626,102.14165097032053,17634800,False
2025-06-11,105.2517318725586,105.32876353900764,102.50754303407103,103.7592819023642,22648200,False
2025-06-12,105.6561508178711,106.09907190743884,104.20220924710569,104.8762180038078,17469400,False
2025-06-13,107.9573974609375,108.35217184175202,106.57085703903805,108.17885428901458,28540200,False
2025-06-16,108.30404663085938,108.95880109887848,107.00416114345298,107.6685464062479,22986100,False
2025-06-17,109.76760864257812,110.6630815332449,108.9106515838495,109.71946201611948,19451700,False
2025-06-18,108.98768615722656,110.9615730102809,108.74696771079476,110.3549651698846,17968900,False
2025-06-20,110.44161987304688,110.76900077896948,108.9780549564968,109.23802764537136,36273300,False
2025-06-23,107.5915069580078,112.60807813632182,107.03304578585347,112.36735970734622,26631100,False
2025-06-24,104.3177261352539,106.82120346426017,103.90369752432044,105.19394466963466,24828300,False
2025-06-25,104.3466339111328,105.18432939601642,103.70150289714556,104.09628467206528,17483200,False
2025-06-26,105.90648651123048,106.33978412607816,104.51995324369236,104.8954734355406,18304800,False
2025-06-27,105.3191375732422,106.0124079107834,104.34664028777212,105.85835191696556,22002100,False
2025-06-30,103.79779815673828,104.79918044006295,103.72076648997668,104.606608619303,19199000,False
2025-07-01,105.184326171875,105.56947714029376,103.17192356475611,104.1155357239312,15536900,False
2025-07-02,106.92713928222656,107.22562781184376,104.7895582537758,105.91611884569636,11892200,False
2025-07-03,108.03443145751952,108.29441148300808,106.5130965205741,106.7441841628966,11223600,False
2025-07-07,106.98490142822266,107.89000509111264,106.12794439060524,107.39893742867832,15415900,False
2025-07-08,109.9505615234375,110.21053421701748,106.73455921288542,106.77307504640542,17913400,False
2025-07-09,109.57504272460938,110.02758724540791,109.06471343357885,109.69058288049658,10652100,False
2025-07-10,110.6630859375,110.99045950278774,108.87214008488898,109.4883787281375,14901700,False
2025-07-11,111.14452362060548,111.4622737393747,110.25868148295564,110.58605505055245,11683900,False
2025-07-14,109.6905746459961,110.95194424017892,109.0165659667714,110.95194424017892,13220300,False
2025-07-15,108.71808624267578,109.8253852557082,108.41959036392048,109.44024160568522,10959300,False
2025-07-16,108.06332397460938,109.28617040231444,107.93814568583248,108.68918603391911,11158900,False
2025-07-17,107.51448059082033,108.06331830455888,106.9656355309384,107.3507864791736,13151400,False
2025-07-18,103.76890563964844,107.58189233189675,103.35486961401332,106.98490793447232,32366600,False
2025-07-21,104.03850555419922,104.7317684429792,103.45115201328608,103.60520798430052,17010400,False
2025-07-22,104.51031494140624,105.37690276270683,103.61484208375288,103.97110800643856,13970900,False
2025-07-23,105.84870147705078,105.91610233923912,104.80879616373666,104.88582781942134,12002700,False
2025-07-24,106.67678833007812,106.83084431685069,105.07841430871662,105.58874358939482,15647200,False
2025-07-25,106.30126190185548,106.85973043169554,105.62724587910736,106.61901199774483,10548900,False
2025-07-28,107.30264282226562,107.94776641019548,106.72491275042208,106.87897606188518,12353000,False
2025-07-29,108.6891860961914,108.8047335906339,107.2737678565253,107.745573936414,15928000,False
2025-07-30,107.7455825805664,108.42922211537449,107.12934391972124,108.23665028866448,12996900,False
2025-07-31,107.49522399902344,108.32329600506476,106.26274678430435,106.26274678430435,17233700,False
2025-08-01,105.56947326660156,108.36180850249798,104.81843294612216,107.841855816133,19652000,False
2025-08-04,103.38375854492188,105.83908223210184,103.11414772060712,105.16507353667453,19129500,False
2025-08-05,103.25858306884766,103.81705162950657,102.13202249886416,103.23932882537224,21314300,False
2025-08-06,102.5556869506836,105.00138719969958,102.42088521103376,104.28885532310032,15321800,False
2025-08-07,102.0164794921875,104.04814386400987,101.9587094130732,103.16230170225022,13468300,False
2025-08-08,102.83492279052734,103.51856229377444,102.01647419943372,102.54605771765384,14417700,False
2025-08-11,101.90093231201172,103.53781477403793,101.61206724405704,103.13340955581646,13570700,False
2025-08-12,102.18978881835938,103.29709510415664,101.85278447384988,102.39199142506509,14109400,False
2025-08-13,103.60520935058594,103.60520935058594,101.8142636687973,102.06461288940844,17958700,False
2025-08-14,103.39337921142578,103.59558181461352,102.48828289422498,103.55707332974848,13683500,False
2025-08-15,103.49057006835938,104.53043184516204,102.96577897336046,103.19902440302852,19271900,False
2025-08-18,103.71409606933594,104.20973334395688,102.6936676947345,103.1115564920614,13040000,False
2025-08-19,104.39437103271484,104.433245269248,103.16014553442298,103.20873276921256,16113600,False
2025-08-20,105.47311401367188,106.25058396703406,104.64705682228892,104.84142060337798,18959700,False
2025-08-21,106.15340423583984,106.48382415331317,104.9191712158586,105.36621385305946,12194900,False
2025-08-22,108.1456527709961,108.27199589706908,106.51297186111358,106.51297186111358,13586700,False
2025-08-25,108.59268188476562,108.7676122253134,107.42648455744848,107.77634523854395,9744900,False
2025-08-26,108.34972381591795,108.66071026510372,107.251554539153,108.23310853153694,18143900,False
2025-08-27,109.5742416381836,109.79776663517016,108.28170113250545,108.28170113250545,15262600,False
2025-08-28,110.15734100341795,110.44889405961052,108.91339513740054,109.69086501091256,14189800,False
2025-08-29,111.07086181640624,111.5567786110806,110.38086085770888,110.51691696705754,14597900,False
2025-09-02,111.45960235595705,111.99410640835276,110.13790801462952,110.96396512433364,15206700,False
2025-09-03,108.75790405273438,111.20692151454529,108.32057447471314,110.75987893875846,14920100,False
2025-09-04,109.23410034179688,109.94353473208668,108.2428258975398,108.95226770233172,12864400,False
2025-09-05,106.15340423583984,108.63157586039917,105.94931262269088,108.4566454880594,16826700,False
2025-09-08,106.75592041015624,106.95029158055624,105.2981699974154,106.63930512241828,15440500,False
2025-09-09,107.53339385986328,109.34100502528872,107.41677115372212,107.41677115372212,14899500,False
2025-09-10,109.33128356933594,109.38959121459888,107.71803618170736,108.02903006178224,15837600,False
2025-09-11,108.9814224243164,109.59367494058706,107.74719697943684,108.2622676158315,11534500,False
2025-09-12,109.00086975097656,110.03101108521462,108.72875009078862,109.68115036518988,11105700,False
2025-09-15,109.18550872802734,109.29241102232862,108.18452125820836,109.02029878756257,12880500,False
2025-09-16,111.44988250732422,112.07185544585984,109.6033971022018,109.77832745457134,17208000,False
2025-09-17,112.0427017211914,112.23706548421598,110.83763007853403,111.30410607559392,13302000,False
2025-09-18,110.72100830078124,112.10101030753756,110.20593765139353,111.92607995354716,14628700,False
2025-09-19,109.64227294921876,110.76960355094826,109.46734259427804,110.69185507886296,38746500,False
2025-09-22,108.86479949951172,109.62283595581596,108.41775692138488,109.28268825518494,15611500,False
2025-09-23,110.74044036865234,111.51791024684958,109.31185114530597,109.54508914296424,25369100,False
2025-09-24,111.333251953125,112.49945669155126,111.24579049035646,111.3429723649332,14756100,False
2025-09-25,112.3342514038086,112.63552488617954,111.18749478043796,111.41101237450076,15012600,False
2025-09-26,113.91834259033205,115.02623236742072,112.6549558689841,112.69383010504892,18568900,False
2025-09-29,111.00284576416016,113.21862540114104,110.46833426642236,112.7910162029508,19189300,False
2025-09-30,109.5742416381836,110.2933964473758,108.78705877156106,110.15734033251518,18076200,False
2025-10-01,108.8356475830078,109.83663504878888,108.15536699883688,109.38959246283336,16614000,False
2025-10-02,108.15536499023438,109.90466106611652,107.90268617173396,108.8162121516571,13062600,False
2025-10-03,110.06989288330078,110.54608934596097,108.74819838675144,108.74819838675144,12950100,False
2025-10-06,110.98340606689452,111.5373509817736,109.99213895087512,110.09904125150992,12036800,False
2025-10-07,111.04171752929688,111.28467594749492,108.59269252173914,110.85706675882555,11945000,False
2025-10-08,110.8084716796875,111.77059235046264,110.2156599629254,111.1583323936962,12301000,False
2025-10-09,109.72974395751952,112.2565100331723,109.56452659751528,111.20692788321573,10976200,False
2025-10-10,107.61113739013672,109.44790229414498,107.59169656608792,109.09804160628607,13811600,False
2025-10-13,109.07860565185548,109.13692071210326,108.18452048274652,108.39832506981656,10296500,False
2025-10-14,109.12720489501952,109.77833168160478,107.59170590004028,107.64030054987607,11167200,False
2025-10-15,108.4663543701172,110.37114743614104,107.84438142670132,109.62283878732902,12182900,False
2025-10-16,107.52368927001952,109.03003460104075,107.28073082401632,108.7287610861345,11782200,False
2025-10-17,109.07860565185548,109.72973982552386,108.04846436633876,108.48578653843488,13460100,False
2025-10-20,109.52564239501952,109.96297195829358,108.8259284398844,108.8453618492624,9523600,False
2025-10-21,109.53536987304688,110.16706322885844,108.83564845827112,109.7103002267408,9202300,False
2025-10-22,111.47904205322266,111.93580507533063,109.89495580258458,110.25452952377394,12938800,False
2025-10-23,112.71327209472656,113.5587626407378,112.11073255125102,113.34495804742382,15001100,False
2025-10-24,112.13988494873048,113.18946707646688,111.93580077075434,113.07284436855092,9919400,False
2025-10-27,112.67440032958984,112.72298756536166,111.85805617489514,112.44115490567556,10975400,False
2025-10-28,111.79002380371094,112.90763398641612,111.7511495678905,112.23706639389256,9535200,False
2025-10-29,113.1700210571289,113.75312715544378,111.57621452793953,111.68311681833045,12570600,False
2025-10-30,111.45960235595705,113.23805227913104,111.30410541485864,113.15059081063988,16172900,False
2025-10-31,111.1388931274414,111.98439104416848,109.44790470848932,110.76959902188928,20213400,False
2025-11-03,110.55580139160156,111.75115266456903,110.43917868090855,111.27495623795204,12290300,False
2025-11-04,110.9250946044922,111.12917878564296,109.34100839013,110.18649893854,16860700,False
2025-11-05,110.4780502319336,111.9358007148948,110.46832981931983,110.87649817506842,12400900,False
2025-11-06,111.27496337890624,111.70257259771944,110.4391857682276,110.4391857682276,14219700,False
2025-11-07,113.91834259033205,114.2001752409251,111.66368880008984,111.96495486146412,17181100,False
2025-11-10,114.8901824951172,115.11370009651468,112.20791937682768,114.13215338689474,13048000,False
2025-11-11,116.40623474121094,117.40722222583192,115.4829957289592,115.4829957289592,16077100,False
2025-11-12,114.79299926757812,115.92032250358848,114.472292367225,115.74539214107791,13790900,False
2025-11-13,115.44412231445312,116.38680215875796,114.9484850676996,115.28862536860792,17291900,False
2025-11-14,116.94403076171876,117.13029659441288,114.36575532080614,116.12054640396671,17064300,False
2025-11-17,115.36569213867188,117.14989951410584,114.80690212217203,116.6303237506144,16034900,False
2025-11-18,116.68914794921876,117.13030271084352,114.18930088409608,114.95396016235372,15808500,False
2025-11-19,115.04218292236328,115.85586186327224,113.65011056424346,114.55201596702356,15919200,False
2025-11-20,114.71866607666016,116.66953586139736,114.44417378999565,115.65979317287264,14401000,False
2025-11-21,114.7774887084961,115.07158437525726,113.37561100680882,114.68925477292017,15667600,False
2025-11-24,113.68932342529295,114.89512993221705,112.4835094390148,114.89512993221705,18034900,False
2025-11-25,112.25802612304688,113.62068951387047,111.94431960456993,112.914847977459,14434600,False
2025-11-26,112.5129165649414,113.46384162902656,112.06196387586724,112.160003247741,11650600,False
2025-11-28,113.64030456542967,116.4048458806149,112.5619387649192,112.68937948010588,7240800,False
2025-12-01,114.33634185791016,115.10100859456216,113.81676607945676,113.81676607945676,12658100,False
2025-12-02,113.11092376708984,114.3069323331814,112.43449845560605,114.15008279695115,14607700,False
2025-12-03,115.48332977294922,115.6597901639792,113.60108310884485,113.66970617872576,16819100,False
2025-12-04,114.83631134033205,116.01270901724688,114.36575526130773,115.1892321392773,13686900,False
2025-12-05,114.24810791015624,116.44405364250576,114.12066720207451,114.4539771213746,12516900,False
2025-12-08,113.69912719726562,114.69906446838192,112.77761095258792,113.55207561874306,14904200,False
2025-12-09,115.92448425292967,118.10082671847628,114.59122954393456,114.6010349772026,23790800,False
2025-12-10,117.1891098022461,117.51262176910429,116.04212098813484,116.3950417739158,19845200,False
2025-12-11,117.1891098022461,117.99298326333523,116.72835169417908,116.76756594586072,14781800,False
2025-12-12,116.48326873779295,117.56163448599445,115.98329637586768,117.09107842247376,14459500,False
2025-12-15,115.44412231445312,116.68914307822224,114.55201487415584,116.66953969111152,16358700,False
2025-12-16,112.42469024658205,114.54220754921194,112.35606717379666,114.47358447642657,17638700,False
2025-12-17,115.10101318359376,115.30688241650844,112.90505974046134,112.9442739961624,18502200,False
2025-12-18,114.24810791015624,114.68925515143076,113.356000515523,114.68925515143076,13705600,False
2025-12-19,114.3951644897461,115.25785562394006,113.67951745617594,114.45398212999562,45412800,False
2025-12-22,115.82644653320312,116.13034763504118,115.03237102421896,115.03237102421896,11768600,False
2025-12-23,117.07146453857422,117.66946877503597,115.9930988181748,116.14015038899144,12567600,False
2025-12-24,116.87541198730467,117.68909094185489,116.77738009046408,116.98324931763564,6137400,False
2025-12-26,116.76757049560548,117.19891980155684,116.19897504309758,116.55189584262978,8066100,False
2025-12-29,118.1596450805664,118.9145063803753,117.05187045384986,117.787120887003,14782500,False
2025-12-30,118.610595703125,119.40467124297324,118.2576749030489,118.71843302977904,11150500,False
2025-12-31,117.97338104248048,118.87529393853949,117.51263038000504,118.79686542942925,10559900,False
2026-01-02,120.23795318603516,120.26736200605848,117.25773726088852,117.72829333996988,14175100,False
2026-01-05,122.8946533203125,123.45344332148552,119.98306055864911,122.74760174540302,30112200,False
2026-01-06,118.66942596435548,123.32601216113297,118.62040627580554,122.88485740224668,23328600,False
2026-01-07,116.15975952148438,117.75770853507144,115.94408487086372,117.44400199217434,20353000,False
2026-01-08,120.49284362792967,121.19867775555002,116.32642453948432,116.64013108932252,20232700,False
2026-01-09,122.15940856933594,122.40449204572424,120.67910227773142,120.80655047223998,16137700,False
2026-01-12,121.59081268310548,122.051570813798,120.14972065029409,122.01235656019075,15314900,False
2026-01-13,124.05144500732422,124.63964381543548,122.35546417326054,122.541729996248,21619700,False
2026-01-14,127.63945770263672,129.1295692663085,124.62983323735816,124.84550786994382,27593900,False
2026-01-15,126.59052276611328,127.63947227278496,125.77684382460473,126.59052276611328,17400000,False
2026-01-16,127.33556365966795,127.60025798860698,126.33561894044864,126.37484067147312,16592400,False
2026-01-20,127.89437103271484,129.34526106003074,127.51204139853334,128.92370969178984,16477300,False
2026-01-21,130.982421875,131.10005716420434,129.31585712353169,129.31585712353169,18879900,False
2026-01-22,131.01182556152344,131.54119930090036,129.2570344119412,130.4334321339966,16600100,False
2026-01-23,132.315673828125,133.30580572799937,131.83530480966832,132.43330911480464,17758200,False
2026-01-26,132.18821716308594,134.24692430039343,131.53139525667265,134.2371113879926,16056100,False
2026-01-27,134.13906860351562,134.23709300314297,132.06076584346266,132.59013948582688,14517000,False
2026-01-28,134.87432861328125,135.2958649752726,133.98222124790016,134.9821659317197,15637300,False
2026-01-29,137.7467041015625,139.54071684501432,136.3742426928216,137.56045323507496,35760600,False
2026-01-30,138.61920166015625,139.413284651152,135.1194175625329,136.0115249641907,29657700,False
2026-02-02,135.67819213867188,137.56044620113823,135.34488223626485,137.0800772532881,27735600,False
2026-02-03,140.90338134765625,142.15820749031957,135.58997362759902,135.91348559607266,37577800,False
2026-02-04,144.68746948242188,144.9325529451777,141.28570982267485,141.28570982267485,29426200,False
2026-02-05,143.20718383789062,143.8443949157971,140.97202365001937,143.6973508081906,18431700,False
2026-02-06,146.1187744140625,146.62855224315575,143.2169794161954,143.73655519939692,17216000,False
2026-02-09,148.2362823486328,148.56959225474523,145.70701931770182,146.32461944756733,21297300,False
2026-02-10,148.6088104248047,148.79507625683397,146.87363021409703,148.3735398653639,15800300,False
2026-02-11,152.50074768066406,153.84380041252888,150.5498926833496,150.9420202819541,23091500,False
2026-02-12,147.9611358642578,153.2112816986525,147.9118045030338,151.86914039995418,30652500,False
2026-02-13,146.50057983398438,149.66843335045488,146.0367505798841,148.573009056918,20166000,False
2026-02-17,144.270263671875,147.17165857121253,143.24391231753378,146.25386332053407,19766600,False
2026-02-18,148.7012939453125,148.99735741858277,145.67161638544218,146.20451859059764,19849700,False
2026-02-19,148.98748779296875,151.36584368014013,148.85919011306916,150.20133141726754,20305000,False
2026-02-20,145.345947265625,148.8295908063359,144.53672317214324,148.51380081276685,25908600,False
2026-02-23,148.78024291992188,149.28355533426253,146.18478981965436,146.2045163413988,16073100,False
2026-02-24,147.29994201660156,148.7407762133805,146.08609834773506,148.44471274188743,14185500,False
2026-02-25,147.10256958007812,148.20785713109032,145.39529183251534,147.94141356259428,15225700,False
2026-02-26,146.58938598632812,148.97762012181042,144.8426402313522,145.8689764649243,15632100,False
2026-02-27,150.49740600585938,151.63229845401327,147.2900842385214,149.01710365170337,30275100,False
2026-03-02,152.19480895996094,157.5140277442215,151.0204334392882,157.25744744344777,31493100,False
2026-03-03,149.83619689941406,154.00078180487054,148.32628979550924,153.388913296314,25198900,False
2026-03-04,147.85260009765625,149.1749998639953,145.9183318111316,148.74077544915835,16764800,False
2026-03-05,148.78024291992188,150.32963320643273,147.5071895803822,149.0170967065771,22969300,False
2026-03-06,149.22434997558594,151.78033504800396,147.99076470220882,151.13886167079949,21136400,False
2026-03-09,148.46444702148438,151.8691391301945,147.50718371049803,150.0237005068187,25532700,False
2026-03-10,146.18479919433594,148.42497928748784,145.76043801499983,147.2900868194475,19617600,False
2026-03-11,149.5894775390625,149.8164529995664,145.72095615785696,146.046624457752,15297400,False
2026-03-12,151.5138702392578,152.96456766631465,149.63882672348768,150.27042175538625,26054000,False
2026-03-13,154.06985473632812,154.82974744779892,150.97108926767592,152.27376248734015,22414100,False
2026-03-16,155.165283203125,155.70806372597428,152.7277175392131,153.95143953087205,22835600,False
2026-03-17,156.7245330810547,158.34299629210685,154.74093346250348,156.17188931021934,21592200,False
2026-03-18,155.5205535888672,158.0765385728267,155.46134390714047,157.56337795891957,18947100,False
2026-03-19,156.08306884765625,157.46467822216096,152.80665939038394,156.18174662674213,27082700,False
2026-03-20,157.5732421875,160.3068712918422,157.01073514922803,157.25745219688022,53942100,False
2026-03-23,159.0140838623047,159.30026902536085,152.9843183312989,154.06986435705824,25021300,False
2026-03-24,163.20826721191406,165.2806813902276,159.1324967402769,159.58646273652485,26131800,False
2026-03-25,161.11610412597656,162.83326029190215,160.79043579838304,161.71809435727107,17192300,False
2026-03-26,163.25759887695312,163.50431592661914,159.9318578661477,161.9351991047626,18625200,False
2026-03-27,168.7445831298828,168.98142183830936,162.6358671348429,163.4056230540538,30338300,False
2026-03-30,169.21827697753906,174.09340787768787,168.80379417601876,170.24461319200665,29813500,False
2026-03-31,167.4320526123047,172.09007144795677,163.79050675840085,170.40252029916738,32006700,False
2026-04-01,158.66867065429688,165.79386038255356,157.43508538359336,163.59314847597437,37927600,False
2026-04-02,158.57984924316406,164.70829216920555,157.4942882287153,162.32995131495318,25377700,False
2026-04-06,161.2246551513672,161.59966989102813,157.4350848271786,158.46143620148837,16344300,False
2026-04-07,161.757568359375,164.0569730451393,159.64567103873514,162.06349508840393,25227500,False
2026-04-08,154.16854858398438,154.29684626632607,148.99735388970248,151.50400750448705,31311200,False
2026-04-09,153.00404357910156,157.1390238674347,152.28363398837865,154.80015098369313,25868400,False
2026-04-10,150.5072479248047,153.08297425812682,149.92499936208736,152.01715490726124,21065000,False
2026-04-13,150.63555908203125,152.58955387101517,149.29341774875434,152.244159041483,18685600,False
2026-04-14,147.28021240234375,148.13878289907458,144.79330037579695,148.09931479763057,18528200,False
2026-04-15,147.05322265625,148.25720304523475,144.97093018596462,146.6486181452608,15626500,False
2026-04-16,149.98422241210938,150.77371997111916,147.3887693274927,147.56639837260283,15191000,False
2026-04-17,144.5169677734375,144.8722408937409,140.10566613734218,142.95771435979552,28947400,False
2026-04-20,145.7406768798828,147.40848641370326,144.42815553036803,145.44462849031555,16354400,False
2026-04-21,146.41175842285156,146.85584607589826,144.31960277659698,145.43475353941858,17515900,False
2026-04-22,147.5367889404297,148.70128613345972,146.2341157498405,147.40849126178932,13738700,False
2026-04-23,148.5532684326172,149.24407315856882,146.54992719815058,147.88220528695376,12970400,False
2026-04-24,146.9545440673828,148.32629023309528,145.02027581191402,147.6749536212974,13735900,False
2026-04-27,146.24400329589844,149.19472962349624,146.0268910837684,147.20126666981344,13940800,False
2026-04-28,148.58287048339844,150.30988979505028,147.86246092975082,149.54013382081567,15173600,False
2026-04-29,152.63890075683594,152.9152226446687,149.0269595764905,150.02370608327118,14669100,False
2026-04-30,152.30335998535156,153.64550124162795,149.35261886191105,150.42830150729972,22885900,False
2026-05-01,150.74411010742188,152.97442670827715,149.14538852104675,150.60594916857974,15458200,False
2026-05-04,151.67176818847656,152.4415241398171,147.55652981525986,150.66515846041094,14238500,False
2026-05-05,152.8461456298828,153.25075013159284,150.40858006697343,151.08952150756775,12494600,False
2026-05-06,146.7374267578125,148.35588991182468,145.1584317038633,147.11244147126834,20527000,False
2026-05-07,144.65513610839844,145.14857018638108,142.29652181797798,144.87224830738384,22509400,False
2026-05-08,142.67153930664062,144.5761876566039,142.03006595775787,143.9347293661345,19550100,False
2026-05-11,147.7144317626953,147.75391492522851,144.08276384718866,144.10250542845526,14849500,False
2026-05-12,148.65196228027344,149.8164595321171,147.80325502310745,149.26381574762087,16443100,False
2026-05-13,149.57962036132812,149.79671751167356,147.71442500651165,148.0894397413527,15772800,False
2026-05-14,150.77371215820312,151.10924370941106,149.27366837965636,149.905263382453,11331500,False
2026-05-15,156.90402221679688,156.98350935726506,152.01567678266807,152.7608516688576,27882400,False
2026-05-18,159.45748901367188,160.6895017397437,154.23131965292822,156.30788510753027,20065200,False
2026-05-19,161.50424194335938,162.2692924138743,158.612959712182,160.46099405822483,20715600,False
2026-05-20,155.27456665039062,162.62695246090524,155.2646364435186,160.57027775243373,18509700,False
2026-05-21,154.2909393310547,158.36456815663448,152.47272592771048,157.40080741244543,17061700,False
2026-05-22,153.92332458496094,154.54927634853834,152.1845831622433,153.039050982118,12948500,False
2026-05-26,148.84619140625,153.55570196228766,148.50838244281752,152.51245412992614,13057800,False
2026-05-27,146.948486328125,147.73341239068998,144.812324315,146.2827985604971,16241100,False
2026-05-28,146.01454162597656,149.2436327977562,145.9251091176085,148.37921962101078,14012500,False
2026-05-29,144.32546997070312,145.9847242712525,143.7790205028517,145.2494947353263,27959900,False
2026-06-01,148.41897583007812,148.6872278824595,146.05428259382654,146.07415816976595,16732100,False
2026-06-02,148.59780883789062,149.8596425847688,147.54463073444197,148.0712197861663,10462400,False
2026-06-03,151.5487060546875,153.91339931686977,149.05485944903873,149.6410600803893,14373000,False
2026-06-04,151.0618438720703,152.44290069957347,149.96892981929165,151.07178923986044,11799400,False
2026-06-05,148.9554901123047,151.15127878116928,148.33948372439218,151.0320404901442,16584000,False
2026-06-08,150.77371215820312,152.82045666526088,149.92917459257427,150.18751157814702,13870900,False
2026-06-09,147.95199584960938,150.1577147624696,146.82926081757435,149.93912891268184,18163500,False
2026-06-10,149.65098571777344,151.5089654358688,148.5978076229357,150.25706190677164,14596500,False
2026-06-11,145.6568603515625,151.5089666465856,145.47801049142424,151.32018657890387,17285800,False
2026-06-12,146.064208984375,147.95199447310367,144.21617464648634,144.69309749283448,17713100,False
2026-06-15,140.01339721679688,141.06657534019064,136.83398727052634,138.8409959581125,23631400,False
2026-06-16,140.9473419189453,141.2354695284117,139.07943207905402,139.28808771120796,18925400,False
2026-06-17,139.8345489501953,141.42424618882197,139.41725285653254,140.31145660572122,16663200,False
2026-06-18,136.92340087890625,137.5692282188612,134.97601897282365,137.43012951128387,48063400,False
2026-06-22,137.57916259765625,138.10575166092363,136.1384941196488,137.64870437324234,15783300,False
2026-06-23,138.83103942871094,139.486796941336,137.6089569083615,138.56278739587265,13699400,False
2026-06-24,136.01925659179688,136.75450130722126,134.7176868182312,136.23784244879812,16212900,False
2026-06-25,136.66506958007812,137.18172838415734,134.08179072030313,134.76735400327686,13288800,False
2026-06-26,135.66156005859375,136.6948776843146,135.04555369443565,136.08880152709986,22684200,False
2026-06-29,135.18466186523438,136.5061071911013,134.51897409848138,135.70132071428984,11972700,False
2026-06-30,135.8404083251953,136.4166786942443,134.45935154509178,135.6019469157409,28784000,False
2026-07-01,135.4032440185547,136.60546617741443,134.75743184534812,135.6516356483452,12433400,False
2026-07-02,136.20802307128906,138.24483735700704,135.45291801558523,136.26763463349974,13703300,False
2026-07-06,135.5622100830078,136.48621961272076,135.13496862214214,135.67150299991567,13915100,False
2026-07-07,140.7784423828125,140.82812374084455,137.24134800388697,137.6685743295943,14667800,False
2026-07-08,140.2220458984375,143.0636467131422,138.91053083290225,142.5171821025025,18291400,False
2026-07-09,136.57565307617188,139.14898658435814,136.2378289556867,138.7614962690738,14110200,False
2026-07-10,137.9865264892578,138.0759438396731,136.25771524478435,137.01282036043938,9753500,False
2026-07-13,143.58029174804688,144.29566085231056,139.58616526996687,140.013391594685,18724300,False
2026-07-14,144.15655517578125,145.06070430003604,142.9642784465353,144.57385127298625,16096400,False
2026-07-15,143.58029174804688,144.15656214651605,141.11625103370636,144.15656214651605,13444500,False
2026-07-16,145.0110321044922,145.92511149334146,143.62004502594374,144.3453443482853,13518000,False
2026-07-17,146.41195678710938,149.03497168229288,146.2231767306124,148.07121098589766,19031400,False
2026-07-20,147.40553283691406,148.13083216789195,145.28923125020256,145.55749846162485,12149200,False
2026-07-21,150.73397827148438,150.78364446729043,147.52474760584934,148.0513366306137,13145300,False
2026-07-22,153.4563446044922,153.80409894761962,151.96599483786918,152.87014400150304,13788700,False
2026-07-23,155.88064575195312,157.54984533591656,155.05598374734197,155.59251814100296,15822800,False
2026-07-24,155.93032836914062,157.6889453127249,154.67842488089144,155.98000972608443,12091600,False
2026-07-27,153.7742919921875,154.420104155216,151.51889178426083,152.08523196835614,13955800,False
2026-07-28,152.055419921875,155.17521831898253,150.9028942324521,153.17815498792126,16299900,False
2026-07-29,155.74154663085938,158.04662815474293,154.85727306502608,156.7053073348219,14571300,False
2026-07-30,155.96014404296875,156.76493053038882,153.53583921231603,154.09223405988436,12578100,False
2026-07-31,154.4399871826172,155.1553563125088,151.16121453071767,152.7509270772818,15714200,False
2026-08-03,154.0624237060547,154.90696132074848,151.66792473036153,152.4727263545316,14532800,False
2026-08-04,152.96951293945312,153.84384119554895,148.13083352442996,150.6445556868725,14347900,False
2026-08-05,150.6544952392578,154.04254552700252,150.17757239730147,154.04254552700252,12227500,False
2026-08-06,153.84384155273438,153.87364733649875,150.8631418913171,153.227835140774,11879100,False
2026-08-07,152.055419921875,152.68137170710398,150.55513987163098,151.65799936147022,18455200,False
2026-08-10,158.76199340820312,159.33826383030498,153.45635163451644,153.50603299447087,19761600,False
2026-08-11,158.7719268798828,160.62989135010667,158.2453378571924,158.6328281788065,13744500,False
2026-08-12,158.7222442626953,159.19915192536513,156.54633125837117,157.5299675257101,13219500,False
2026-08-13,157.58958435058594,158.73217976988673,156.4171679882901,157.0133139569994,10542800,False
2026-08-14,159.07000732421875,160.22253297554738,158.22546971049474,158.68251698441384,10231300,False
2026-08-17,161.4600067138672,162.50999450683594,159.08999633789062,160.10000610351562,12858100,False
