Date,Close,High,Low,Open,Volume
2017-01-03,67.5604476928711,67.97093666946158,66.59231108429469,67.64563827811185,20550700
2017-01-04,67.68506622314453,67.89533822747012,67.2878791686035,67.72400240230601,15266600
2017-01-05,67.06202697753906,67.84082185040168,66.4000525239525,67.60718101184956,14300800
2017-01-06,67.06983184814453,67.45922937316264,66.92964850146862,67.28010389729104,12893300
2017-01-09,67.1165542602539,67.57604046453754,66.60254670115589,66.76609888213028,12806600
2017-01-10,67.31123352050781,67.67726802021818,66.75828993604014,67.03086692250551,13989000
2017-01-11,67.81746673583984,67.81746673583984,66.90627805606256,67.31124882205224,14713100
2017-01-12,67.16326141357422,67.96541910122696,66.99192560810805,67.56823803408203,21337400
2017-01-13,67.52153015136719,68.66635985425064,67.05425429799747,67.84083898190632,28296000
2017-01-17,65.06831359863281,66.36889960218761,64.85803565690043,66.14304837745773,30024600
2017-01-18,65.37201690673828,65.59786804089875,64.66331100902124,65.13058655409452,21270100
2017-01-19,64.87361145019531,65.94055656021966,64.7334281436997,65.46549124052525,16555600
2017-01-20,65.16177368164062,65.28638372881133,64.86583373221134,64.97486455261866,18436800
2017-01-23,65.19290161132812,65.41875278036339,64.80350427334977,64.87359888388643,12179200
2017-01-24,65.97949981689453,66.19756142148802,65.07609495016939,65.35646156799905,15175300
2017-01-25,66.99970245361328,67.10873322872925,66.32993858262569,66.8517295694995,17551000
2017-01-26,67.56045532226562,67.71621192037865,66.93741704634678,66.93741704634678,15962800
2017-01-27,67.70062255859375,67.73956466974008,67.1866152117757,67.49035060690669,12535400
2017-01-30,66.99970245361328,67.36573688795902,66.44675896788755,67.12431244902103,13661900
2017-01-31,65.90943145751953,67.09320341382613,65.48888136317919,66.66486370429372,15655100
2017-02-01,66.15864562988281,67.05426124092047,65.94837355370167,66.61813785818302,15430900
2017-02-02,65.87825775146484,66.12747782357633,65.54338164846553,65.68355902642791,11081400
2017-02-03,67.89533233642578,67.99657352354139,66.87511302822111,67.12432713181816,17885200
2017-02-06,67.57604217529297,68.10562303364883,67.45143806012753,67.59162140327274,11828400
2017-02-07,67.53709411621094,68.0666748814698,67.35018500545296,67.86418654547077,9392800
2017-02-08,66.94520568847656,67.21778270209036,66.4857195714895,67.1165415089576,13970900
2017-02-09,67.91090393066406,68.01215105699639,66.94520004594186,66.94520004594186,13749100
2017-02-10,67.7551498413086,68.12897397203695,67.66948193513612,68.12897397203695,10992500
2017-02-13,68.6507797241211,69.11026591730824,68.09004637927734,68.0978359928819,18739100
2017-02-14,69.74887084960938,69.85790166262636,68.6196205969047,68.76759353245647,17932100
2017-02-15,70.55101776123047,70.76908529530081,69.58531387727854,70.15383669307246,17381800
2017-02-16,70.50431060791016,70.90149772277086,69.91242474247345,70.40306939663499,17672700
2017-02-17,70.2706527709961,70.45756184694964,69.85010289380133,69.95134407208192,15776600
2017-02-21,70.87812042236328,70.98715122519422,70.44978088143233,70.488723000329,14068300
2017-02-22,70.91704559326172,71.10396060487696,70.41861744575212,70.49649572972571,11839000
2017-02-23,70.97156524658203,71.13511143526377,70.4964999615735,71.01050736177258,11067000
2017-02-24,70.34854888916016,70.51209511479108,69.88127310996695,70.23172845892839,15062300
2017-02-27,70.4264144897461,70.66005530805842,70.10710576750145,70.34074658581376,12361000
2017-02-28,70.57439422607422,70.73015082551647,69.77223050791972,69.97471884058137,15183500
2017-03-01,72.89518737792969,73.19113318550151,72.12418223947145,72.2643655320759,24451400
2017-03-02,71.75816345214844,73.14441745904568,71.6724955356113,73.10548127808661,16862500
2017-03-03,72.27215576171875,72.51358023481865,71.75814837052643,71.75814837052643,12817500
2017-03-06,71.5868148803711,71.89833398127806,70.94820339729152,71.84381858424929,15059200
2017-03-07,71.18964385986328,71.71921868183922,71.0338813165761,71.36876335747668,11156800
2017-03-08,71.03388214111328,72.3111053022263,70.9482142267443,72.17871159519552,17378400
2017-03-09,71.31424713134766,71.75815997656944,70.98715470681232,71.33761002713827,13726200
2017-03-10,71.0884017944336,71.64913510681654,70.50430558432367,71.61019298278231,13729900
2017-03-13,71.15070343017578,71.47779586625506,70.81582138131358,71.1117613079948,10004300
2017-03-14,71.26751708984375,71.37654789152032,70.69120463328696,70.8859033422427,10237700
2017-03-15,71.43887329101562,72.07748500096265,70.97159150278652,71.49338870741104,16601400
2017-03-16,71.36876678466797,72.27995542515347,71.31425137733295,71.67249633149648,14492000
2017-03-17,70.62112426757812,71.68028584437994,70.59776137042913,71.51673962260325,21734700
2017-03-20,70.11489868164062,71.00272432627135,69.92798958322707,70.30180778005416,14623600
2017-03-21,68.0588607788086,70.58994327195401,67.80185713041215,70.37188173091388,33089200
2017-03-22,68.16791534423828,68.58846529521333,66.9841497332123,67.66948709309752,21741000
2017-03-23,68.0588607788086,68.92332327488292,67.8252200181334,67.91867751074975,16090100
2017-03-24,67.98101043701172,68.60404281857704,67.57603374434716,68.37040790364023,16093200
2017-03-27,67.94206237792969,68.06667240839654,66.37668897688955,66.61032387141496,16689300
2017-03-28,69.0012435913086,69.32833610217092,67.73959935177245,67.77074592655794,16264400
2017-03-29,68.74423217773438,69.1725718053135,68.59626516780786,69.00123595428184,10207600
2017-03-30,69.33611297607422,69.6709950399651,68.62741266609771,68.68971174595606,11631000
2017-03-31,68.40933227539062,69.11024878266569,68.33924359552951,69.08688588937865,16987600
2017-04-03,68.16011810302734,68.66633591004738,67.44362831492073,68.5261526087454,19831800
2017-04-04,68.38726806640625,68.66924560543504,67.92514186269806,68.0582962628303,14280800
2017-04-05,67.50999450683594,69.35067648369098,67.46299427714892,69.25668200018849,17635500
2017-04-06,67.7371597290039,68.07396590643889,66.77373546187081,67.34552491691083,14379600
2017-04-07,67.50218963623047,67.99564744453788,67.13405188481697,67.30637219193598,13097100
2017-04-10,67.26720428466797,67.90165684864823,66.8912381494472,67.42386182090493,15081600
2017-04-11,67.14970397949219,67.1966982421926,66.4212630282725,67.000880846444,14690500
2017-04-12,66.8912353515625,67.3220301124787,66.60142340355166,67.30636734744712,14730600
2017-04-13,66.10794067382812,68.13660561642538,66.10794067382812,66.96953584626661,30529800
2017-04-17,67.25154876708984,67.42386908758553,66.08447838174355,66.13930703136721,19071700
2017-04-18,66.7032470703125,67.07137879053775,66.37426927166439,66.85989861186056,14127000
2017-04-19,66.15494537353516,67.29851819766104,66.07661961383083,66.96954642137943,17588500
2017-04-20,67.00870513916016,67.18885376967052,66.22543567394904,66.56224178302469,15635800
2017-04-21,66.2019271850586,67.11052255921217,66.19409879367096,66.96953382790804,19820600
2017-04-24,68.53608703613281,68.96688768785181,67.690154470506,67.79198333866097,25468300
2017-04-25,69.1313705444336,69.81281121248732,69.1313705444336,69.35851942574226,18253800
2017-04-26,69.2645492553711,69.75017868690897,69.03740029429085,69.20188623661633,12832200
2017-04-27,68.62224578857422,69.21753232012215,68.15228525350898,69.21753232012215,13329000
2017-04-28,68.14444732666016,68.8102252145623,68.10528146083621,68.61440783718683,10755600
2017-05-01,68.19145965576172,68.7240833024037,67.79982479722715,68.42644296123196,15712300
2017-05-02,67.7528305053711,68.05047084645011,67.37685841191062,67.91731642879952,14414200
2017-05-03,68.14444732666016,68.2227730824359,67.37684057796461,67.40817207544934,11540500
2017-05-04,68.22278594970703,68.71624965832187,67.80765398751394,68.68491815492781,11540100
2017-05-05,68.14444732666016,68.41075609147217,67.69014957693977,68.34026470403562,9436000
2017-05-08,68.22278594970703,68.39510623043772,67.87031699430206,68.17579168255256,8162200
2017-05-09,67.94862365722656,68.8023844751065,67.75280629798382,68.34809274332576,10273900
2017-05-10,68.48123931884766,68.52040517658696,67.72930146204595,67.7762957106364,8334900
2017-05-11,68.269775390625,68.52042140224529,67.6353230050609,68.21494078645678,10907400
2017-05-12,68.08181762695312,68.18364653754573,67.62751965505933,67.89383452598416,8738800
2017-05-15,68.4107666015625,68.52825824121268,68.03480052572954,68.22278356364602,8835600
2017-05-16,68.62224578857422,68.99821182627744,68.41075966347778,68.42642840097433,9795000
2017-05-17,66.00613403320312,68.6222579007504,65.77115671213203,68.6222579007504,24679700
2017-05-18,65.7633285522461,66.42127826029915,65.2933678898505,65.84948870420392,23350100
2017-05-19,66.40559387207031,66.84422292350654,65.91213618920456,65.95913045160911,13412900
2017-05-22,66.34295654296875,66.80508888030162,65.95915597445074,66.71892871530524,11636000
2017-05-23,67.17321014404297,67.41602183514438,66.19412303363605,66.3821060855896,11753000
2017-05-24,67.13404083251953,67.33769261430331,66.76590314171266,67.26719523850873,9833800
2017-05-25,66.85205841064453,67.42384784157801,66.64057825041434,67.35335047091945,12238500
2017-05-26,66.85990905761719,67.01656062363946,66.59359422433029,66.66409161215225,8113500
2017-05-30,65.71632385253906,66.69541090047358,65.62232934462303,66.67974216121769,12603200
2017-05-31,64.34558868408203,65.6536472755146,63.94611957785747,65.5831558910542,28327900
2017-06-01,65.05838012695312,65.0740488676247,63.95397294455287,64.58841949665783,17123500
2017-06-02,64.72940826416016,65.00355146709506,64.21245336375056,64.45526506122523,14998500
2017-06-05,64.846923828125,65.41087918262163,64.68243784570946,64.72943213329224,9080200
2017-06-06,64.98004913330078,65.18370091456245,64.32993389272868,64.45525990454298,12196800
2017-06-07,65.72416687011719,65.8808184280496,65.089714315981,65.25420024457219,13711100
2017-06-08,66.53877258300781,67.14972809690651,65.70850843911637,65.72417718289252,17951000
2017-06-09,68.1131362915039,68.18363367599116,66.88340303118841,66.97739755188012,19120200
2017-06-12,68.12879180908203,68.72407239696378,68.05829443827831,68.11312307073776,16053400
2017-06-13,68.35594177246094,68.81023961727064,68.12879882592945,68.57526230076012,12557200
2017-06-14,68.21495056152344,68.38727083968159,67.22020074107381,67.96430451398606,16175700
2017-06-15,67.80765533447266,68.20712454084055,67.54917490824205,67.55700927821451,12509700
2017-06-16,67.50218963623047,68.1131391062894,67.3768636034624,68.02697895272989,16936600
2017-06-19,68.98255920410156,69.10788521900538,68.0269692560165,68.12096376719435,15972300
2017-06-20,68.5517578125,68.86506687075456,68.43427214454363,68.73191246315517,11197800
2017-06-21,68.23847198486328,68.57527826187378,67.95649435872079,68.52044961100577,10005900
2017-06-22,68.16012573242188,68.42644053423386,67.8703197719445,68.08963432880526,12180600
2017-06-23,68.0347900390625,68.92771680137416,67.83897266178586,68.66140803669656,18812000
2017-06-26,68.33243560791016,68.66924176201722,67.84681229910872,68.15228695331368,10082400
2017-06-27,68.96688842773438,69.66399787099645,68.53608777139371,68.70057366494034,15415200
2017-06-28,70.35327911376953,70.54909652457114,69.39768919291794,69.39768919291794,17466200
2017-06-29,71.39501953125,72.569923837384,70.73707001236136,72.32710621718978,27697800
2017-06-30,71.59085845947266,72.06081912817724,71.40287538716564,72.02948762014705,16892700
2017-07-03,73.04784393310547,73.62277839443084,71.99249252220339,72.11062439003422,13208100
2017-07-05,73.78031158447266,73.86694565022609,72.9376033156613,73.33926980154145,17535400
2017-07-06,73.54402923583984,74.43399619431673,73.15024024783928,73.67004459619672,16596100
2017-07-07,73.91419219970703,74.16621691288384,73.42589769784496,74.00082625818123,12817800
2017-07-10,73.39440155029297,73.78031311838096,73.31563893706607,73.63854882681382,13987200
2017-07-11,73.11089324951172,73.50468238991576,72.67772279156911,73.50468238991576,13262300
2017-07-12,72.85885620117188,73.11088096834551,72.51231989302896,72.93761281427406,13540100
2017-07-13,73.3235092163086,73.54403009075347,72.72494826514168,73.00060536694095,12820100
2017-07-14,72.6540756225586,72.93760420324857,71.3388217119235,71.51996129979871,22235200
2017-07-17,71.97675323486328,72.44929883505506,71.86649279510998,72.31541201660367,14374200
2017-07-18,71.7247314453125,72.12639792582469,71.13404791874781,71.23643090020468,14719400
2017-07-19,71.82710266113281,72.15788994846955,71.66958948334776,71.93736308733087,11651200
2017-07-20,71.82710266113281,72.23664653736206,71.59083289445523,71.78772737105784,11561700
2017-07-21,71.58296203613281,71.95312464769027,71.29155602073281,71.71684885047479,10971300
2017-07-24,71.89013671875,72.09490873201403,71.5987366320323,71.63811193655764,10725100
2017-07-25,73.08722686767578,73.65427787220963,72.66980555992274,72.7485681518994,16447700
2017-07-26,72.40203857421875,73.3943884378989,72.20514409381555,73.32350330040754,11815500
2017-07-27,72.10277557373047,72.50443606793534,71.79562060345903,72.323296474567,12332400
2017-07-28,71.89013671875,72.26029943200795,71.5987366320323,72.02402356987677,9351900
2017-07-31,72.29966735839844,72.74070914338635,72.06339154001567,72.07126900296008,11520300
2017-08-01,73.26838684082031,73.35502090916084,72.67770328872244,72.8430939622606,12523700
2017-08-02,73.3313980102539,73.41015461919089,72.85885234788789,73.14238094705631,10165600
2017-08-03,72.85096740722656,73.34713940047406,72.64619543801213,73.00848060893398,11078800
2017-08-04,73.76457214355469,74.34737828997582,73.61493037280347,73.638556755818,14324000
2017-08-07,74.04808807373047,74.1819809133176,73.80394079292874,73.94570508698159,7978300
2017-08-08,73.78031158447266,74.99318249627711,73.71730389869859,73.9929550130306,13745400
2017-08-09,73.66219329833984,73.7803312384505,73.11089092281712,73.22902886292776,11214400
2017-08-10,72.6068115234375,73.29987794092317,72.5123000083856,73.16599113449004,13252300
2017-08-11,72.00041961669922,72.98489266771101,71.85865525700365,72.55959958862431,10679500
2017-08-14,72.8431167602539,73.1660267539935,72.71710735424882,72.74861120793652,10994800
2017-08-15,73.03211975097656,73.68580500638346,72.96911206096932,73.4889104816689,8812700
2017-08-16,72.52806091308594,73.4259054326483,72.3626702409608,73.27626367793061,11085400
2017-08-17,71.39393615722656,72.42566125915792,71.27579827325722,72.26814808636038,13837500
2017-08-18,71.46483612060547,72.09490101299934,71.03167176473579,71.12617729247398,13040700
2017-08-21,71.37820434570312,71.62235765395694,71.00804766890448,71.55147249712702,11502100
2017-08-22,72.11066436767578,72.22880230974344,71.66962245995151,71.72475269841705,9211800
2017-08-23,72.19728088378906,72.72495675333387,71.54358963771446,71.5672220273717,8811300
2017-08-24,72.07914733886719,72.55169902074925,71.99251927318267,72.402057254237,8623200
2017-08-25,72.37051391601562,72.83518788063125,72.2996348076582,72.3626364566178,11794600
2017-08-28,72.14216613769531,72.60684042742044,71.7720034006461,72.58321404143776,7292900
2017-08-29,71.74835968017578,71.91375035084118,71.12617229505716,71.23643274216742,10886100
2017-08-30,71.91374969482422,72.3626689421762,71.81924417458822,71.86649693470622,9165300
2017-08-31,71.58296203613281,72.33903617498197,71.51208290221405,72.30753233477036,13217400
2017-09-01,72.22091674804688,72.7407212313721,71.63023311267436,71.86650897032123,9815800
2017-09-05,70.49610137939453,71.75622485103573,70.1101838718742,71.68533971361136,16897300
2017-09-06,70.96866607666016,71.29156998678567,70.59850339258766,70.88203200129237,11845700
2017-09-07,69.72431182861328,70.98443601333216,69.36990396716756,70.96868708984958,14592300
2017-09-08,69.63763427734375,70.4252121524788,69.49587001946975,69.55100023037951,14242200
2017-09-11,70.71662902832031,71.07891418566899,70.05506038669945,70.40159662796482,13219000
2017-09-12,71.58296203613281,71.86649058929413,70.96077471162565,71.01590492981016,14003800
2017-09-13,71.7877426147461,72.06339373877405,71.13405137151989,71.36244973392702,12485400
2017-09-14,71.6459732055664,72.08701497252045,71.46482761771404,71.82711278467535,10562800
2017-09-15,72.15790557861328,72.22878472134694,71.48058795168697,71.73261269597974,18171800
2017-09-18,73.18174743652344,73.35501556057085,72.33903920399192,72.40204688705342,11318700
2017-09-19,73.985107421875,74.31588886576299,72.86674166927256,73.01638346906523,12626100
2017-09-20,74.50487518310547,75.0483059082875,73.80393126652669,74.11108619587051,15311600
2017-09-21,74.84354400634766,75.11132367818517,74.18198130312068,74.39462474094537,10851500
2017-09-22,74.68603515625,74.80417307693929,74.37100270399328,74.58364615423862,8358300
2017-09-25,74.12686157226562,74.72541667171238,73.59917961713568,74.43401658635521,10463400
2017-09-26,73.79603576660156,74.05593787674792,73.51250728439491,73.85904343125674,9358100
2017-09-27,74.96170043945312,75.38699342891522,74.48915467629926,74.79630972278655,15090200
2017-09-28,75.11920166015625,75.51299073450782,74.74904497761109,75.28459235033458,10270400
2017-09-29,75.2215805053711,75.229451959499,74.83566293833408,75.05618983753106,11438400
2017-10-02,76.2690658569336,76.30056970427006,75.18221016317577,75.42635746910277,13797200
2017-10-03,76.67071533203125,76.73372301267817,76.21391866045583,76.2611774253126,9633500
2017-10-04,75.89100646972656,76.74159203872544,75.8279987960061,76.63133161408587,12166600
2017-10-05,76.91293334960938,77.15851383432582,75.69297861232658,76.04945802929173,14236200
2017-10-06,76.77825164794922,77.34862345928184,76.42177228779981,77.27733000479873,10231900
2017-10-09,76.37425994873047,76.8970968603891,76.16036745097192,76.80995636780128,7765100
2017-10-10,76.94463348388672,76.98424500040456,76.23959200572513,76.4138730082134,10631500
2017-10-11,76.71489715576172,76.84957268063492,76.16037220817314,76.70697968784519,14283600
2017-10-12,76.04154205322266,77.23773846428607,75.74843860610069,77.07930449524005,18251600
2017-10-13,75.93853759765625,76.61189082813834,75.22557286496541,75.63751073001642,13190600
2017-10-16,77.50707244873047,77.59421293927669,76.31879962550192,76.31879962550192,12434000
2017-10-17,77.33280181884766,77.77642176352427,77.0951448234175,77.68928126812445,10335700
2017-10-18,77.62590026855469,78.06952622855407,77.34071430993654,77.75265226965968,10158600
2017-10-19,77.72096252441406,77.7922559905339,76.9129336451816,76.99215666602755,9133900
2017-10-20,78.83000946044922,79.1310363566287,78.21210864815767,78.64780499442791,15326600
2017-10-23,78.69535064697266,79.21027011431511,78.6161336621204,78.83002616947688,9238600
2017-10-24,79.94698333740234,80.160875801365,79.02805562058197,79.1231135655722,13000800
2017-10-25,80.0262222290039,80.36686072755901,79.36871576852037,80.20842674659481,14632700
2017-10-26,80.59660339355469,81.13528745149159,80.26388836938267,80.28765286484214,13054400
2017-10-27,80.62036895751953,80.98477803896009,80.0500029273237,80.3510299469162,10400400
2017-10-30,80.33515167236328,80.74708351026212,79.90737281539127,80.11333571240722,8839500
2017-10-31,79.70143127441406,80.56490675087494,79.66974326924087,80.30349128496681,8690200
2017-11-01,79.94698333740234,80.56488415530814,79.7964729098787,80.08957629875502,8418200
2017-11-02,80.4777603149414,80.6203533057746,79.34494594382086,79.90739439547718,8731800
2017-11-03,80.33515167236328,80.43020961133466,79.79646785734671,80.08957122766438,7103500
2017-11-06,79.8360824584961,80.55697081219414,79.7410245086406,80.27970234146866,8121500
2017-11-07,78.22797393798828,79.81233796711209,77.83188293070732,79.66182145030722,18822600
2017-11-08,77.34862518310547,77.92692051689109,76.9604578199126,77.84769750721057,18524700
2017-11-09,77.34074401855469,77.80813464733129,76.6911548730375,76.93673545854537,13697800
2017-11-10,77.24565124511719,77.90315756480055,77.23772773460504,77.4833021656723,9314000
2017-11-13,77.52288818359375,77.67340461449379,76.54058473845426,76.59603720607022,9303100
2017-11-14,77.05552673339844,77.45954117360247,76.72281180328591,77.11097922175053,11043800
2017-11-15,77.78433990478516,78.22003630783506,76.00984816085396,76.3584101183883,15384100
2017-11-16,78.00616455078125,78.47354904196959,77.87941252640321,78.05369353798842,9808000
2017-11-17,77.74471282958984,77.95860527666328,77.2931694949387,77.49121492318686,9017900
2017-11-20,78.43391418457031,78.54481914241961,77.44368702958234,77.9902883093062,9483200
2017-11-21,78.37054443359375,78.86169931735064,78.35470345715461,78.82208781045169,13389400
2017-11-22,78.14082336425781,78.8379412714542,78.10121185108609,78.44977382661847,7342200
2017-11-24,77.8873291015625,78.34679608320492,77.83980011858867,78.29134358844593,3680000
2017-11-27,77.57837677001953,78.52899266998381,77.57837677001953,77.87940372810557,13076200
2017-11-28,80.29556274414062,80.56490170544176,77.61006642355048,77.80018839881413,16773000
2017-11-29,82.17303466796875,82.56120212332122,80.77086926031032,81.12735475690907,21105500
2017-11-30,82.79885864257812,84.49413365554014,82.41861467328992,82.9731396467806,23945900
2017-12-01,83.01273345947266,83.43258885612528,80.96097940739915,83.09987394298935,19683500
2017-12-04,84.72384643554688,85.87251374430785,84.58125346079957,85.34175335536375,23576600
2017-12-05,83.74945831298828,85.088247448262,82.48196868035471,83.63855334787455,17193900
2017-12-06,83.12364959716797,83.78116204517083,82.80677561852707,83.61480456625476,15476200
2017-12-07,82.8780746459961,83.3296180986403,82.17303322070724,82.34730816625736,13371800
2017-12-08,83.91583251953125,83.92375603115529,82.65626010152218,82.9810575955545,13506900
2017-12-11,83.67024230957031,84.01879818514915,83.4246618463844,83.7494592792988,10591200
2017-12-12,84.64463806152344,85.05657604993213,83.60688166665084,84.69217308718197,15508800
2017-12-13,83.58309173583984,84.85058123003013,83.55932725217794,84.52578383633971,15020300
2017-12-14,82.90974426269531,84.32774426644404,82.89389724324315,84.06632888415392,13034200
2017-12-15,84.08219909667969,84.38322608840583,83.3375460640418,83.80493659852809,29350600
2017-12-18,84.73176574707031,85.26252610971024,84.35152186250077,84.91397022283275,12713100
2017-12-19,84.37528228759766,85.15161704014031,84.31982980527317,85.04071207549136,12149900
2017-12-20,84.08219909667969,85.34177165095294,84.04258757814267,85.23878412030436,13091500
2017-12-21,85.42098236083984,85.61110433932053,84.41490788514756,84.43867237697405,12323700
2017-12-22,85.11994171142578,85.92004711306451,84.61294578504652,85.71407812926412,14573400
2017-12-26,84.779296875,85.54771421791374,84.28814800796727,84.92188984630221,7403700
2017-12-27,84.93773651123047,84.99318899740054,84.50203408856012,84.50203408856012,9496500
2017-12-28,85.38928985595703,85.42889532562388,84.89021742230224,85.08033939076097,7440600
2017-12-29,84.7159423828125,85.77746332878517,84.7159423828125,85.62694681942205,8925700
2018-01-02,85.51603698730469,85.57148948068973,84.61295006996626,85.26253901127755,13578800
2018-01-03,85.60318756103516,85.94382607303685,85.14372658055433,85.44475357381684,11901000
2018-01-04,86.8294906616211,87.61783447623455,86.16058827698507,86.28800056943098,12953700
2018-01-05,86.2720947265625,87.23563374601157,85.826163731042,87.0047034589444,14155000
2018-01-08,86.39946746826172,86.54280323334294,85.76241827337822,86.12076072375694,12466500
2018-01-09,86.83744812011719,87.29930245287431,86.39151120954371,86.57466484563938,13292300
2018-01-10,87.79302215576172,88.15135859156264,87.10819628148904,87.17190242685217,15834500
2018-01-11,88.26283264160156,88.33450356693571,87.63375426280616,88.12746165251151,13676800
2018-01-12,89.7200698852539,89.86340564652305,88.26282399157621,88.90783795496294,18884200
2018-01-16,89.40158081054688,90.32530187796891,88.44601273939286,88.79639053398103,22703300
2018-01-17,89.97492218017578,90.22178201902918,88.63712326364592,89.09898378758737,14940300
2018-01-18,90.18990325927734,90.55620444367997,89.40155346261018,89.79174900553295,14572900
2018-01-19,89.99081420898438,91.04989976635252,89.82359017361046,90.73138126584085,18785500
2018-01-22,91.04195404052734,91.08973060734755,89.58470799899263,89.71212027764896,12475700
2018-01-23,90.94639587402344,91.28880878264751,90.26157005677528,90.51638854165702,12320800
2018-01-24,92.10901641845703,92.37179972057432,91.30474908824729,91.4640083817624,15904500
2018-01-25,92.1329116821289,92.50717773312029,91.63920418963225,92.40365979203136,13510000
2018-01-26,92.62662506103516,92.62662506103516,91.54364477434058,92.13291149419251,13883900
2018-01-29,92.53106689453125,93.44682309861541,92.38773108801935,92.38773108801935,11679900
2018-01-30,91.6630630493164,92.84956089838141,91.55954514146212,91.99751112886206,14279100
2018-01-31,92.10901641845703,92.89736632480891,91.7029033973877,92.09309291924656,13141400
2018-02-01,93.06460571289062,93.16015887457525,91.95773703745051,92.18866122842411,13800600
2018-02-02,91.00215148925781,93.10440583782767,90.85085090174579,92.76199287554189,16477300
2018-02-05,86.63835144042969,91.24897146884152,82.80014541295111,89.98284410076018,30097600
2018-02-06,89.2741470336914,89.56878336784003,84.89445025363479,85.08556259384785,33114800
2018-02-07,89.87935638427734,91.13751939021743,88.50970458189313,88.8282292458771,21878300
2018-02-08,85.90577697753906,90.07047398728322,85.87392390175415,90.07047398728322,27425800
2018-02-09,87.62577819824219,88.43005139374152,84.59184509911886,86.87724634844966,28188000
2018-02-12,88.97950744628906,89.76785721212902,87.64967374886837,88.52561185778343,18043300
2018-02-13,89.52896118164062,90.02267461827304,88.2309805676468,88.64505829730355,16358200
2018-02-14,91.59937286376953,91.79048521744444,89.60860145987868,89.68823110096388,15186900
2018-02-15,91.98159790039062,92.3638225838629,90.95435919111218,92.16474545591015,12130200
2018-02-16,91.3206787109375,92.42754727854035,91.17734290702151,91.21716077074657,13214300
2018-02-20,91.34456634521484,91.88605648109353,90.75529963349047,91.29678976936916,13461500
2018-02-21,91.7267837524414,93.52643669988964,91.31269990454295,91.57548318393789,14212500
2018-02-22,91.55953979492188,92.71418451060313,91.38435098005145,91.97361747751044,17070400
2018-02-23,93.41493225097656,93.47863837819045,91.82231552273365,91.82231552273365,12162500
2018-02-26,94.57756805419922,94.68109205856986,93.4229230350292,94.0758958323151,16511200
2018-02-27,93.45478057861328,95.02350953961307,93.44681579127625,94.68906137568948,17563300
2018-02-28,91.97364044189453,94.35460138080683,91.8462281536847,93.82107609347086,17735600
2018-03-01,90.32527923583984,92.8814289570045,89.70415953775245,91.95771419648666,18690000
2018-03-02,90.2376708984375,90.42878322022963,88.4857947854153,89.49710381672287,18353700
2018-03-05,91.6232681274414,92.3160588158916,89.09897125311836,89.22638354884133,13933000
2018-03-06,91.70289611816406,92.22845660532792,91.03399377272117,92.08512082240102,10674400
2018-03-07,91.36051177978516,91.65514214911504,90.07048932984293,90.58012647850686,13006500
2018-03-08,91.36843872070312,91.75863427333094,90.15008764599844,91.66307506292888,11173700
2018-03-09,93.99627685546875,94.02812993155497,92.10902310599303,92.80977862918388,15366600
2018-03-12,93.69368743896484,94.56166103248283,93.36719794575673,93.96442948911978,12339300
2018-03-13,92.57085418701172,94.33865985838116,92.23640610738808,94.12365318194372,13312300
2018-03-14,91.53568267822266,92.84162846081307,91.25697584816128,92.81774017185828,12905100
2018-03-15,91.76661682128906,92.37181316033507,91.44013339947514,92.26829521202401,8748000
2018-03-16,91.92587280273438,92.84958768059178,91.84623707718993,91.84623707718993,19888900
2018-03-19,91.20122528076172,91.93382775311098,90.22176908031389,91.65512095116861,13214900
2018-03-20,91.28883361816406,91.93384175451494,91.13753301320133,91.47198730182176,9921200
2018-03-21,91.36843872070312,92.87346135126208,90.94639617329321,91.42418007459969,13633000
2018-03-22,87.55413818359375,90.46066612208533,87.22765477932464,90.14214143047542,22550400
2018-03-23,85.21295928955078,88.32652181741497,85.01388219958616,87.80892016843686,23081500
2018-03-26,87.84080505371094,88.51767226507789,86.51893585665847,86.94894325580167,20217500
2018-03-27,86.1366958618164,88.93970540773233,85.4439112997477,88.44599191120054,18039900
2018-03-28,86.00132751464844,86.93300710463922,84.9263121357858,86.22429294725966,19189300
2018-03-29,87.57005310058594,88.21506108849206,85.8261354143483,86.39947854819916,13274600
2018-04-02,85.88188934326172,88.17526221440836,84.47242566233038,87.56210113274922,18822500
2018-04-03,87.0604248046875,87.1957958149914,85.41206616791136,86.28800445417862,14050700
2018-04-04,88.38229370117188,88.5574825729355,85.22094744803593,85.2846535969232,15302600
2018-04-05,89.54279327392578,90.30312635931124,89.15062507141145,89.3427065840077,16627000
2018-04-06,87.30982971191406,89.2786882185424,86.29339195993738,88.47834141642606,18906000
2018-04-09,88.35829162597656,90.42318792156625,87.95011303122936,88.04615684945274,15974300
2018-04-10,90.04702758789062,90.335152948094,89.17464632889649,89.74289187091927,13951400
2018-04-11,88.5343246459961,89.48673274939358,88.45428511774263,89.36668566933079,14503300
2018-04-12,90.73531341552734,91.55166441534423,89.23866279200838,89.2866816431267,16435500
2018-04-13,88.27824401855469,92.15992431721408,87.27781063713934,92.055875337604,39152800
2018-04-16,88.20622253417969,89.21466123978844,87.870078334364,88.79047840104553,16580500
2018-04-17,88.20622253417969,89.57481486728216,88.03014525632528,89.1346277788078,15501400
2018-04-18,87.493896484375,88.89450313709258,87.14974717688939,88.46231520865763,16081400
2018-04-19,89.41471862792969,89.53477183311831,87.6379482883851,87.6619577081909,17911000
2018-04-20,89.21465301513672,90.23109069882551,88.74244525840868,89.87894228174272,15584400
2018-04-23,88.78246307373047,89.59881405226866,88.5423566120752,89.29468449284482,11285800
2018-04-24,88.36625671386719,90.359117715124,87.7099667463302,89.43871805307754,16453100
2018-04-25,88.03013610839844,88.46232408017573,86.91765462973801,88.25423221832125,13548200
2018-04-26,88.1181640625,88.69441462172259,87.50989890485835,88.01412119725826,10299500
2018-04-27,87.55792236328125,88.16618751055599,87.34182535417567,87.67797557876655,9384000
2018-04-30,87.06170654296875,88.27823685550851,87.03769712074867,87.83804376093947,13744900
2018-05-01,87.06170654296875,87.21377435857629,86.06927841885705,86.79759068622732,10503400
2018-05-02,86.37339782714844,87.62994166082481,86.22133613551189,86.52546562494454,12162100
2018-05-03,85.82919311523438,86.25337596198244,84.18048058450438,86.10931328703387,15379100
2018-05-04,86.78160095214844,87.02970649812563,84.82075379824332,85.18090740409158,11967900
2018-05-07,87.533935546875,87.78204111176657,86.72558353375625,87.04572348900581,9356700
2018-05-08,88.83048248291016,89.11060261916441,87.46189029764419,87.6619769815631,12543200
2018-05-09,90.76730346679688,90.95137975040059,88.86247480552353,89.19061981583546,11368100
2018-05-10,91.47160339355469,91.59165659132974,90.23906903497205,90.59122345346974,9159700
2018-05-11,91.12744903564453,91.82375265873459,90.97538125325316,91.6316651106111,10253000
2018-05-14,91.15949249267578,91.79976620402012,91.03143408671039,91.3275645708847,8710700
2018-05-15,90.46320343017578,91.16751256574304,90.09504461211193,91.16751256574304,11536200
2018-05-16,90.71128845214844,90.9914146709756,90.14304305040733,90.35113489388564,7571100
2018-05-17,90.40717315673828,90.76733287789148,89.79890788330908,90.59925467765645,8617200
2018-05-18,88.94253540039062,90.27911916272966,88.71043410161512,90.23909938129337,11806300
2018-05-21,89.75887298583984,90.07100767334524,89.57479057995103,89.67883954655949,9441900
2018-05-22,90.4471664428711,91.47160906254449,89.87091594276488,89.91893478238718,11507600
2018-05-23,90.03099822998047,90.25509432814026,88.93452716310426,90.04700858336943,11453900
2018-05-24,89.02256774902344,89.75888526095495,88.13418240735096,89.75088008408416,14084800
2018-05-25,88.56637573242188,88.90251990743312,88.19821084798724,88.4063027161109,8283500
2018-05-29,84.78074645996094,87.39787810842739,84.00440899822806,87.38187385730893,30643800
2018-05-30,86.71757507324219,86.91766177442925,85.35698794763475,86.1493295746103,17490800
2018-05-31,85.64508056640625,86.58948967945818,85.17287295680067,86.3974021232665,19808200
2018-06-01,86.75758361816406,87.18977156948584,86.27737681874898,86.70955866391003,13594200
2018-06-04,86.79759216308594,87.44587710486002,86.65352952115396,87.22978008888187,9415400
2018-06-05,86.30939483642578,86.68555880442301,85.6931304953096,86.62953477341246,10415200
2018-06-06,88.32627868652344,88.63040829072679,86.8216288096031,86.96569148657561,15453600
2018-06-07,88.67841339111328,89.23865361709723,88.06214303637044,88.98254292719592,13444400
2018-06-08,88.92652893066406,88.95053835646168,88.08616239078009,88.5343607282601,10383200
2018-06-11,88.70240783691406,89.5667835591924,88.65438289268118,88.93450906453471,12642900
2018-06-12,88.19019317626953,89.26265468163076,87.65395631742899,88.95051999835935,15294100
2018-06-13,88.01412963867188,89.19863936298187,87.70199490684959,88.40629782113767,14979700
2018-06-14,86.46144104003906,88.32625005804606,86.26135439277205,88.26222086544225,20487300
2018-06-15,86.3573989868164,86.74156193370122,85.05283012653018,86.2773655483954,26028600
2018-06-18,86.58150482177734,86.75758206985805,85.38898996817711,85.84518733540409,9786800
2018-06-19,86.07730102539062,86.34141082945325,85.31696789954792,85.55707438269015,12707200
2018-06-20,86.06928253173828,86.94966265678569,85.9892490851268,86.58150391744442,8876900
2018-06-21,86.0452880859375,86.60552841589727,85.26094551783221,85.71714295970277,11048700
2018-06-22,84.63668060302734,86.73359157836084,84.44459906599405,86.56551947018647,19478900
2018-06-25,83.86832427978516,84.59663653952613,83.20403510990697,84.56462804767484,16907600
2018-06-26,83.92433166503906,84.20445170941656,82.52372533699257,83.80427847283185,17086800
2018-06-27,82.62779998779297,84.77272960582235,82.61980091641652,83.78030130678229,16276800
2018-06-28,83.98037719726562,84.40455995977389,82.8438863795717,82.97994384940255,14491300
2018-06-29,83.3961181640625,85.55705777437694,83.35610449541392,85.38098053507426,18972400
2018-07-02,84.10041046142578,84.10840952987472,82.73981776753321,83.01193874877536,11130000
2018-07-03,82.92394256591797,84.66069386858894,82.85190816991476,84.36456942435976,8311700
2018-07-05,83.46306610107422,83.99416224315496,83.31017190381412,83.79298825279925,10723400
2018-07-06,83.73668670654297,84.09075500800918,82.23995124587483,82.98027643433554,12173700
2018-07-09,86.32776641845703,86.4726119113474,84.25969841067563,84.25969841067563,13900800
2018-07-10,85.79669189453125,87.22904982837,85.72426606024568,86.92326141147628,14575900
2018-07-11,85.6115951538086,86.15073992608613,85.4667496481908,85.5472180092357,10186500
2018-07-12,85.98176574707031,86.5530991661957,85.27363548238178,86.44044221816215,12456800
2018-07-13,85.58747100830078,86.74623526646631,84.60574086061538,86.34388724786368,21289100
2018-07-16,88.9832992553711,89.13618734484713,86.08639442414298,86.1427229074961,24662600
2018-07-17,88.91890716552734,89.2649266878538,88.31538517119118,89.07180136868233,14821900
2018-07-18,89.74774932861328,90.22252318980179,88.677502110407,88.8545362234148,14244900
2018-07-19,88.42804718017578,89.39367997064446,88.29929900647362,89.36954007178427,16775300
2018-07-20,89.54657745361328,89.91673690812601,88.33953335176334,88.51656746899633,13578100
2018-07-23,91.2122802734375,91.92845914299731,89.26491764248483,89.36952590073942,18140000
2018-07-24,91.85606384277344,92.36302019106235,91.26863297055633,91.3732473959253,14000400
2018-07-25,92.68487548828125,92.9584691517677,91.23642038940413,91.63876834583193,13329100
2018-07-26,92.41935729980469,93.01483076851542,92.2020920272159,92.87803388802082,11897800
2018-07-27,93.36888885498047,93.58616024316456,92.38715861644584,92.68489838792829,12802700
2018-07-30,93.93215942382812,94.6402896381984,93.39300848015766,93.57004256858592,13411600
2018-07-31,92.49980163574219,94.21380802438118,92.3951933671594,94.21380802438118,15843800
2018-08-01,93.07115173339844,93.8999877150504,92.76536329324762,93.14357143384855,13531600
2018-08-02,93.46544647216797,93.54591484846998,92.00089992183447,92.19402525282803,11058100
2018-08-03,94.22185516357422,94.25404374148101,93.29645964096387,93.34473943815232,11016100
2018-08-06,94.24600219726562,94.57592438044487,93.48958595682292,93.98045103123656,9857400
2018-08-07,94.5920181274414,95.18749145391283,94.41498402351505,94.74490619409691,10562100
2018-08-08,94.7851333618164,95.17138396623332,94.3747367226986,94.41497397452407,8997100
2018-08-09,94.0528564453125,94.7288042071632,93.90801093486895,94.55981880153617,9694200
2018-08-10,93.1274642944336,93.3044922450542,92.28253109755087,92.94238152601466,12630600
2018-08-13,91.6468276977539,93.24817103182333,91.59049922286734,92.99066855529286,10336300
2018-08-14,92.25839233398438,92.57222326482896,91.45369638015869,91.95260394235115,10597600
2018-08-15,91.49392700195312,92.00088937931501,90.90650239685309,91.59049272605607,10152100
2018-08-16,92.35494232177734,92.78947882840751,91.9767404198299,92.01697152973463,10118600
2018-08-17,92.35494232177734,92.59635353857486,91.9767404198299,92.2503340688143,8505100
2018-08-20,92.2342529296875,92.58027243725209,91.82385627203112,92.21010689389587,8618700
2018-08-21,92.79751586914062,93.65854009670903,92.443447766063,92.8377531133418,10976700
2018-08-22,92.51589965820312,92.86996786109339,92.3630054543472,92.78949335000506,8314700
2018-08-23,92.32279205322266,92.66076296300848,92.0813807523217,92.5078687298149,9265400
2018-08-24,92.28254699707031,92.71708361839053,92.09746419676314,92.52395827758507,8845700
2018-08-27,93.91606903076172,94.37474550327099,92.67683645921984,92.71707371478898,13768000
2018-08-28,93.4573974609375,94.17357644436687,93.32060060777539,94.14943654549633,8302600
2018-08-29,93.1516342163086,93.64249939148648,92.82975450710829,93.62640202938682,7221700
2018-08-30,92.69291687011719,93.37690711433574,92.52393147844028,93.01479029844913,8991800
2018-08-31,92.20208740234375,92.41130398342536,91.5905166022838,92.4032614421607,13065700
2018-09-04,92.66075134277344,92.7331710403552,91.43760990930326,92.0089433678194,10174200
2018-09-05,92.21013641357422,93.10334970418172,91.93654264711171,92.54006480890894,11462400
2018-09-06,91.8158187866211,92.29863519248325,91.33300238075896,92.13769843697709,9877600
2018-09-07,91.99284362792969,92.35495436098773,91.43760144052047,92.13768914902153,10955600
2018-09-10,91.50199127197266,92.51591006012056,91.4617601512484,92.41934431956327,8276900
2018-09-11,92.08138275146484,92.20208840453591,91.07551254144681,91.36520365307956,9333800
2018-09-12,90.99503326416016,92.44348250965973,90.80995046635202,91.93652619463646,10800800
2018-09-13,91.34908294677734,91.83994797496966,90.6650926066326,91.22838346389644,12470800
2018-09-14,91.33300018310547,92.12964754057627,91.11573495446562,91.58245398994076,10337900
2018-09-17,91.60661315917969,92.08138711325688,91.17208261049187,91.56638203247999,9561300
2018-09-18,91.97675323486328,92.26644427964578,91.38127378761976,92.00089313203797,7944200
2018-09-19,94.64835357666016,95.00241567125904,92.08941983894681,92.08941983894681,16052800
2018-09-20,95.46109771728516,95.95196283757998,95.0185185385457,95.35648943271273,15590000
2018-09-21,94.83341217041016,95.9438964601293,94.74489512878493,95.86342195731176,24788200
2018-09-24,93.92411804199219,95.32428736207711,93.69075546542082,94.76100261817606,12492500
2018-09-25,93.65857696533203,94.92999825474877,93.60224848488161,94.18163064913956,9308300
2018-09-26,92.55613708496094,94.04482969078992,92.26645215479631,93.94826395450595,14023600
2018-09-27,92.1537857055664,93.15161319282109,91.86410078594471,92.87801335297918,13283000
2018-09-28,90.80188751220703,91.92846306338939,90.54438505530902,91.45369540259172,15815100
2018-10-01,91.33300018310547,92.22621327516262,90.96284074287314,91.22839190847792,10146300
2018-10-02,91.71123504638672,91.83194071498241,90.77778442454837,91.22036982961747,13753100
2018-10-03,92.5722427368164,93.07115654329516,92.12161487247702,92.49177435237641,17142000
2018-10-04,93.40684509277344,94.65475548705247,92.54789627141733,92.82341200689075,16357400
2018-10-05,92.8801498413086,94.07943636760756,92.39394625149153,93.86064969805824,13777600
2018-10-08,93.44738006591797,93.82013162150629,91.851026846281,92.58032605605621,14370900
2018-10-09,92.79912567138672,93.21239631162466,92.11034539254774,92.9206765870257,14069500
2018-10-10,90.3276138305664,93.14756275643748,90.3276138305664,92.94497996994471,23086400
2018-10-11,87.62110137939453,90.3276105226362,87.0133530421729,89.92244496448845,33705600
2018-10-12,86.66490173339844,89.80899010636756,85.57095607245033,89.43623857209151,32075700
2018-10-15,86.17060852050781,88.20454136718111,86.15440461830036,86.86749377980885,18903200
2018-10-16,88.01815795898438,88.14780770787236,86.48663281983873,86.83507540708185,19302800
2018-10-17,88.9986572265625,89.78467930351283,87.70212883370708,87.82367354058802,18794500
2018-10-18,87.58868408203125,89.00676348194537,87.36179236721868,88.34229223899331,17582500
2018-10-19,87.44284057617188,88.50437244331896,86.92422293337167,87.23215273837832,15234500
2018-10-22,86.18681335449219,87.79126541572593,85.9842305863935,87.63730671595904,16199100
2018-10-23,85.28734588623047,86.02475013409801,84.03133024347531,84.43649578212722,21407500
2018-10-24,83.6990966796875,85.10907100567478,83.39117309976753,84.8902843377408,23168900
2018-10-25,84.97130584716797,85.8140507962452,84.0475290377118,84.42028054132265,17464700
2018-10-26,83.804443359375,84.72822034613773,83.24531908780968,84.27443689505031,19174900
2018-10-29,84.96322631835938,86.40561488614873,84.03134418834843,84.64719764035323,18445200
2018-10-30,86.46232604980469,86.68922395136747,84.97131979069188,85.66009999044151,18019700
2018-10-31,88.34230041503906,89.52538935005998,87.3455965495342,87.58059332800624,20860000
2018-11-01,88.30989074707031,89.31469963404967,87.77506922478929,88.82850218437166,13065000
2018-11-02,87.82367706298828,89.79278176379127,87.10248292233908,89.05538372235306,19009200
2018-11-05,88.3990249633789,88.56109490787259,87.8561045595816,88.01006946126654,10276400
2018-11-06,88.8122787475586,88.86900167178784,87.32127263505565,88.05867065003578,10825000
2018-11-07,90.3357162475586,90.53829902816348,88.60970700011002,89.43624820708602,12679600
2018-11-08,91.06498718261719,91.5106716645787,89.94673273106058,89.95483777136924,11662500
2018-11-09,90.18175506591797,91.04880915528298,89.80900347615074,90.94346833067576,10432200
2018-11-12,88.28556060791016,90.70845476650406,88.00194599235057,90.28707918138558,13279700
2018-11-13,88.80416870117188,90.04398028773663,88.40710825394602,88.40710825394602,13746100
2018-11-14,86.97285461425781,89.71177201575789,85.8789086623699,89.32281647756241,18361400
2018-11-15,89.19315338134766,89.20125842426052,86.55147198435935,87.710245827446,19100000
2018-11-16,89.1282958984375,89.75225416711537,87.96142358104589,88.6907164610403,13798600
2018-11-19,89.80899810791016,90.10881666092327,88.75556519546134,89.10400781890188,13987000
2018-11-20,87.88040161132812,89.5334777274075,87.49955120357143,88.95814341258118,18936200
2018-11-21,87.22404479980469,88.82039816012256,87.22404479980469,88.3504046077002,10619600
2018-11-23,86.42179870605469,87.02144188946413,85.94370022160113,86.49472552542822,6488400
2018-11-26,88.53678131103516,89.12022071589247,87.07007775650888,87.28887062449833,13948300
2018-11-27,88.90955352783203,89.16075425898995,88.02628917314114,88.13163620156531,9238200
2018-11-28,89.89814758300781,90.27089920256734,88.22076220382168,88.97437048620019,13977300
2018-11-29,89.18504333496094,89.78469283014479,88.8447057397502,89.35521213256631,11144300
2018-11-30,90.1007308959961,90.20607172961648,88.79609712901585,89.01488383956176,18652700
2018-12-03,90.9515609741211,91.47827742582668,90.54639542393767,91.0650068335856,16034500
2018-12-04,86.8918228149414,90.43296642715283,86.48665718920834,90.43296642715283,23555900
2018-12-06,85.23871612548828,85.37647090567906,83.3668473936949,85.09285630459964,27213900
2018-12-07,83.6990966796875,86.68922029624288,83.39117309976753,85.2144180011139,19248600
2018-12-10,82.13516998291016,83.86117319343845,80.44967962251454,83.35877181190601,23636400
2018-12-11,81.33293151855469,83.99892147408131,81.20327558015727,83.56944081489142,16860700
2018-12-12,81.85965728759766,83.38308394093445,81.081740056725,82.37827495718268,22621500
2018-12-13,81.94068145751953,82.62946164260204,81.576028760239,82.28912407100864,17250900
2018-12-14,81.26810455322266,82.60515206836874,80.91966194239471,81.02500275689228,19879500
2018-12-17,80.23088836669922,81.48689793156537,79.76899986152,80.84673558538084,25113500
2018-12-18,79.85003662109375,81.75431369106194,79.50969900327878,80.56312584637317,20837200
2018-12-19,78.83711242675781,81.50310245266776,78.27798199674463,79.74468547249383,28767900
2018-12-20,78.15643310546875,79.63934052088798,77.54058591300154,78.28608905062126,31825200
2018-12-21,76.30888366699219,79.76089613121192,75.91992817325075,78.34281660467674,41313900
2018-12-24,74.66389465332031,76.34938454502122,74.66389465332031,75.27164287733736,17009300
2018-12-26,77.7593765258789,77.7593765258789,73.82927167909651,75.10959638173023,22542900
2018-12-27,78.63452911376953,78.7236660275743,75.80647536236373,76.83559311856128,20304700
2018-12-28,78.46436309814453,79.67175472457717,78.1483344588926,79.37192998734565,17963300
2018-12-31,79.10453033447266,80.06882021417093,78.41574390025599,79.08021520642744,13237200
2019-01-02,80.47396850585938,80.85482505970495,77.74315703075649,77.75125588936207,15670900
2019-01-03,79.33030700683594,80.78440904314425,78.9872055396819,80.58018108899887,16286400
2019-01-04,82.2548599243164,82.45091703215078,80.2860992843586,80.9641376466087,16935200
2019-01-07,82.3120346069336,82.89204123628033,81.4542747250231,82.04245221747117,15430700
2019-01-08,82.15680694580078,83.17794654005233,81.32355977920976,83.02273132731283,13578800
2019-01-09,82.01795196533203,82.90838290083812,81.63400239404304,82.35288258690693,14230300
2019-01-10,82.00979614257812,82.28754946675633,81.09485244813887,81.70753645531971,14376100
2019-01-11,81.6176528930664,81.83004545272244,80.83341215765003,81.60131116845174,15439900
2019-01-14,82.45909118652344,82.80219269706024,80.59653300641702,80.76808376168542,21258500
2019-01-15,83.06359100341797,83.7089520650106,80.54750119601577,80.78440636286945,26504900
2019-01-16,83.73345184326172,84.50951548928009,83.16161612856838,83.5292239119367,18533000
2019-01-17,84.07655334472656,84.55036364162008,83.25964161872058,83.4148568410751,14247600
2019-01-18,85.44081115722656,85.69405807999246,84.0030507254304,84.77094366007017,16428700
2019-01-22,84.09290313720703,84.62389082401954,83.43120033753102,84.20727029121673,17083700
2019-01-23,83.8804931640625,84.71374035136101,83.30048660801853,84.50134779790827,12146700
2019-01-24,83.92951202392578,84.21542989187292,83.2759863589812,83.43119535441417,11296800
2019-01-25,84.46049499511719,85.21205221730925,83.92950117610755,84.5585266368323,14369400
2019-01-28,84.86080169677734,85.15489046471632,83.80698465041979,84.05206070121658,12283100
2019-01-29,85.09770202636719,85.8656011246576,84.73826506693675,84.86079685279796,9743300
2019-01-30,85.29376220703125,85.97179424981056,84.77910379520151,85.0731925355207,12526300
2019-01-31,84.55036163330078,84.79543763829804,83.92134236153564,84.47684257132663,17520600
2019-02-01,84.86080169677734,85.65320719747166,84.56671292883836,84.95883336360463,13000800
2019-02-04,85.16304016113281,85.16304016113281,84.15007145252922,84.78726154717569,9871500
2019-02-05,84.78726959228516,85.40812425503567,84.37881372541754,85.38361166768841,12763000
2019-02-06,84.74642944335938,85.46531582514835,84.52586599692843,84.72192308626066,8745000
2019-02-07,83.63542175292969,84.55036514605135,82.86752895494917,84.34613721091596,13177500
2019-02-08,82.80220031738281,83.60277058231217,81.74021223079369,83.39037795102948,12892600
2019-02-11,82.41006469726562,83.33317907113768,82.32020389569325,83.1289511098446,10978500
2019-02-12,83.81515502929688,84.07656657344796,83.2351483604786,83.2841610773373,12852300
2019-02-13,84.2154312133789,84.83628590247945,84.0602222155104,84.0602222155104,10754100
2019-02-14,83.6681137084961,84.22361403921677,82.79401824144742,83.7089617957353,11518500
2019-02-15,86.22505950927734,86.34759131672837,84.68109640995823,84.87715353442348,14716900
2019-02-19,85.92276763916016,86.07798284715079,84.80359643438705,85.7022042358683,12764900
2019-02-20,86.33940124511719,86.42926203246665,85.67769851713099,85.94728087917937,10030300
2019-02-21,86.15968322753906,86.58447459501267,85.7430564901312,86.14334150232352,8400100
2019-02-22,85.77574920654297,86.66618018287589,85.59602759195093,86.34758504156932,10647300
2019-02-25,86.67434692382812,87.63013230228074,86.33941630282922,86.38842901991617,11230700
2019-02-26,86.0126724243164,86.15971684592091,84.90984237855486,85.36731114241577,15465400
2019-02-27,85.90645599365234,86.08617137129117,85.37546202699045,85.9227914888766,9968800
2019-02-28,85.2529067993164,85.94728050830447,85.10586244179196,85.78390065885142,15156900
2019-03-01,85.31010437011719,86.51913664512591,85.12221190312358,85.85743381140303,13813300
2019-03-04,85.11404418945312,86.52729814233726,84.36248058124141,85.71038632551185,12466300
2019-03-05,85.04869842529297,85.40814165578155,84.35432455665718,85.06503392097737,10856600
2019-03-06,84.73008728027344,85.42446101776625,84.59121377928327,84.8444544260938,9070800
2019-03-07,84.11741638183594,84.52587231747073,83.45571976052132,84.34615070858455,12705700
2019-03-08,84.15009307861328,84.32981468637612,83.31683948490249,83.31683948490249,10582400
2019-03-11,85.24474334716797,85.40812944336547,84.68107845477793,84.94248997615162,9763200
2019-03-12,84.99150848388672,85.60419236318302,84.75460330265369,85.44080625584503,10219100
2019-03-13,85.27741241455078,85.75939356158187,84.91796926981857,85.11403256651343,13022200
2019-03-14,86.05345916748047,86.48642752170875,85.33457925152153,85.36725646122973,10926500
2019-03-15,87.04195404052734,87.24618198878524,85.9636307230274,86.11067509507478,24811700
2019-03-18,87.56478118896484,88.05492704122234,87.00111003097027,87.04195811555115,12935500
2019-03-19,87.24618530273438,88.55324297472349,87.04195734671912,88.38985687038573,12889300
2019-03-20,85.38362884521484,87.1236551769572,85.29377427036553,86.94393356217225,14920700
2019-03-21,84.03572082519531,84.54220216270731,83.55373961243423,84.54220216270731,19751000
2019-03-22,81.4951171875,83.58640925415828,81.2990538818443,83.17795338285521,31115200
2019-03-25,80.81707763671875,82.15681237429618,80.13086854311902,81.3562361371868,21032300
2019-03-26,81.62582397460938,82.01794437331111,80.72722225857318,81.54413404270468,15987100
2019-03-27,81.34806823730469,82.0587774244682,80.93961238903448,81.59313800674184,12753200
2019-03-28,82.27119445800781,82.34471976792564,81.47878893940548,81.69118777272661,12454100
2019-03-29,82.69599914550781,83.31684773785936,82.17316976543478,82.94923985468954,14523400
2019-04-01,85.48164367675781,85.51432089414884,83.42302884145862,83.4475351963664,17499300
2019-04-02,85.89010620117188,86.13518223432517,85.2284096372174,85.4489730810214,10295400
2019-04-03,86.0616455078125,86.88672806186447,85.60417695469454,86.43742413823676,11499200
2019-04-04,86.89305114746094,87.03299357709494,85.9793400633407,86.06166135614879,11952100
2019-04-05,86.687255859375,87.34578848537211,86.42384406502268,87.0906100759087,9933700
2019-04-08,86.96714782714844,86.96714782714844,86.35800913636996,86.52263917812624,8056300
2019-04-09,86.3250732421875,86.59671215590669,85.81471011538959,86.49793665282077,9092200
2019-04-10,86.71192932128906,87.02473507110595,85.99578201035267,86.53906596071023,10882300
2019-04-11,87.44457244873047,87.85615378020665,86.89304869157553,87.01652434706493,11183800
2019-04-12,91.54389953613281,92.07072302603017,89.62592943185236,90.08690469568607,25834100
2019-04-15,90.49852752685547,91.37107815542146,89.82353422772749,91.30522361886403,15163800
2019-04-16,91.45337677001953,91.69209471201438,90.43265675753682,90.46558401990505,11583200
2019-04-17,94.08747863769531,94.38381764759606,91.37927319068841,91.9472510594718,17791900
2019-04-18,93.39603424072266,94.62254484028308,93.28902535627533,94.27681803185386,12501900
2019-04-22,93.51127624511719,93.78292142821267,92.73750762085943,92.87744376479371,7975900
2019-04-23,93.62651062011719,94.14510706779797,92.89389642219341,93.01737206593799,9193100
2019-04-24,93.4701156616211,93.96401196514942,92.86097081637831,93.23139775419874,9245700
2019-04-25,93.51951599121094,93.96402460826596,92.60580488063667,93.02561962122749,9311800
2019-04-26,94.2274169921875,94.31796537403828,93.51126332124907,93.7993689543053,7889300
2019-04-29,95.58563995361328,96.44172978061728,94.21095368781178,94.33442932944128,14242200
2019-04-30,95.5280532836914,96.07957089764992,94.87775386475039,95.84085291245125,11389100
2019-05-01,94.79541778564453,96.310034110998,94.7542571393159,95.25638687940726,10412900
2019-05-02,95.001220703125,95.30578691637908,94.31799407948776,94.80365711155977,8613300
2019-05-03,95.58563995361328,96.04660898344927,95.21521302872478,95.48685818426328,8185400
2019-05-06,94.7377700805664,95.05057585311756,93.61004146336705,93.98869546361654,9387000
2019-05-07,93.19024658203125,93.8652397308329,92.43293842098217,93.8652397308329,15017700
2019-05-08,92.69634246826172,93.56889282945845,92.57286682011085,92.73750311105611,9575800
2019-05-09,92.62227630615234,92.80337312858023,91.02534473068626,91.48631389305991,12205900
2019-05-10,92.61405181884766,92.88569077993725,90.99242003791073,91.98844630919656,13189000
2019-05-13,90.09513854980469,90.9183010994794,89.70825742685233,90.61373497544814,13783700
2019-05-14,90.81131744384766,91.96374658942555,90.13632421690302,90.17748486790829,10503600
2019-05-15,90.46561431884766,91.28877731304966,89.40373330269884,89.897629843173,10142000
2019-05-16,91.6262435913086,92.33416405794293,91.0335654071279,91.05826556499657,9672700
2019-05-17,91.18170928955078,91.98841131990872,90.40794079374842,90.54787691445154,9570100
2019-05-20,91.65914916992188,92.03780319129132,90.8524533835967,91.02531676638066,8518200
2019-05-21,91.97196960449219,92.12836624416228,91.55215487646636,91.73325167209448,7967900
2019-05-22,91.2228775024414,92.02134621546337,91.16525637264766,91.7003133094365,7918900
2019-05-23,89.42839813232422,90.37503652413996,88.48999312624134,90.25156085907996,14558000
2019-05-24,90.30917358398438,90.5149642464983,89.88113176925775,90.15277067079934,8537300
2019-05-28,89.32962036132812,90.40796785242935,89.26377211320376,89.88937129190302,11665500
2019-05-29,89.08267974853516,89.23084930462221,88.12780788036659,88.44884087184958,9966400
2019-05-30,88.12779235839844,89.87289945825395,87.69975053855681,89.43662425334824,10367800
2019-05-31,87.22233581542969,87.74092615589028,86.30039115215442,86.89306941567179,10952800
2019-06-03,87.63390350341797,87.96316985154445,86.67903800210776,87.09061936720754,11680700
2019-06-04,90.3338623046875,90.46557133569347,88.18540740820269,88.77808548726502,12858600
2019-06-05,90.65491485595703,90.86070555130989,89.42840407011941,90.43266366827874,8340500
2019-06-06,90.85247039794922,91.26405175219885,89.66711408803567,90.67137359724208,8726700
2019-06-07,89.85643005371094,90.56434409317217,89.69179376992639,90.30093231934899,10618900
2019-06-10,90.82776641845703,91.54392020559317,90.72899091694363,91.16526612924861,11380600
2019-06-11,91.10762786865234,91.8402420082606,90.85244949739578,91.22287011891218,9847700
2019-06-12,89.94698333740234,91.28874252600322,89.63418377968759,91.12410622175899,9670500
2019-06-13,90.16924285888672,90.67960599347208,89.76589489458789,90.10338833566932,8406900
2019-06-14,90.39971923828125,90.79484006163592,89.42015370472694,90.19392858200395,9077400
2019-06-17,89.90581512451172,90.85245331736112,89.77410610140174,90.3009296333779,8128600
2019-06-18,91.13233947753906,91.70855712122585,89.70827155918883,89.73296543473217,11057300
2019-06-19,90.47383117675781,91.85673872531994,90.30096145295344,91.22290609889563,13126500
2019-06-20,90.70430755615234,91.44514902431355,89.74943572928056,91.2722855963937,13638000
2019-06-21,90.08692932128906,91.92257865436675,89.79881734754971,90.70430135604519,27089500
2019-06-24,89.4448471069336,90.35855177401794,89.34606533849359,89.95520387662712,13039600
2019-06-25,88.7040023803711,89.70826174414222,88.62991448161426,89.4613104552623,18660100
2019-06-26,89.29670715332031,89.97992753376901,89.03329529718448,89.14853759172928,10324600
2019-06-27,89.59302520751953,90.17747625082471,89.26376515187488,89.59302520751953,10906600
2019-06-28,92.02961730957031,92.54820769021006,91.28876942277445,91.40401172958329,21634700
2019-07-01,93.57713317871094,94.26858681144674,93.08323682958067,93.20671248692145,12724500
2019-07-02,93.67591857910156,94.0051786377517,93.19848270173257,93.43720064041707,10174900
2019-07-03,93.52669525146484,94.39713768809398,93.06246265843316,93.95776747003788,6849400
2019-07-05,94.08212280273438,94.72873433080824,93.60959850724231,94.09870615328222,7929400
2019-07-08,93.56813049316406,94.07381504460714,93.26140182803992,93.64273657877357,6917200
2019-07-09,93.96604919433594,94.08210733030393,92.97126336469763,93.07902982675533,8947300
2019-07-10,93.69248962402344,94.36397613017397,93.46037333041868,93.98264131572404,9242300
2019-07-11,94.58780670166016,94.8033459841551,93.77539962291736,93.98264723020614,11595200
2019-07-12,95.58259582519531,95.62404155045445,94.44687669822204,94.61267224864822,10783400
2019-07-15,94.42198944091797,95.80640162144529,94.1152607757481,95.78153292623841,12946600
2019-07-16,95.43338012695312,95.74839421197244,93.60959739476522,94.07383633416133,16945000
2019-07-17,94.49661254882812,95.28415721217515,94.28107960174744,94.8613703434181,13120900
2019-07-18,95.0603256225586,95.39192304042501,94.13186044216626,94.44687451055727,9397200
2019-07-19,94.12357330322266,95.43337968833221,94.00751515008079,95.24270910834487,10402800
2019-07-22,94.72871398925781,94.87793248867054,93.485228602383,93.60129305720956,9061100
2019-07-23,96.46133422851562,96.53594033699855,95.18468811090047,95.23442551655575,12752200
2019-07-24,96.85096740722656,96.89241313988022,95.76498548668681,95.81472922044556,10011000
2019-07-25,95.92247772216797,97.19083201292298,95.59917197451257,96.90068663998798,10138400
2019-07-26,96.34525299072266,96.58566093497112,95.77324766390066,95.97220356356718,12800400
2019-07-29,96.03853607177734,97.14109481592621,95.98879867194033,96.54422071910292,8500400
2019-07-30,95.8229751586914,96.22918491461031,95.13491809244623,95.49138413506675,7121100
2019-07-31,96.16287994384766,96.31209845881726,95.2178314572716,96.24577771334313,13648000
2019-08-01,93.62616729736328,96.82607038838893,93.34430730413969,95.6074536251364,15664500
2019-08-02,93.61788940429688,94.03238461881608,92.3495350598193,93.17852548885772,11025500
2019-08-05,90.83246612548828,92.00134547414282,89.75477621501362,91.84383529461502,15855300
2019-08-06,91.54542541503906,91.60345449974336,89.81283190081744,91.23041128731508,10203500
2019-08-07,89.5558090209961,89.76305656805003,87.82322256347793,89.53094032730053,17320900
2019-08-08,91.07289123535156,91.25527014608727,90.12784262944398,90.40141099554754,10903300
2019-08-09,90.97339630126953,91.5619786718055,89.77136286245153,90.6500905811821,9980800
2019-08-12,89.26569366455078,89.95375726950958,88.87606713343688,89.89572818985614,9393700
2019-08-13,90.64181518554688,91.46252030672454,88.72684921885643,89.48951893527826,12124700
2019-08-14,86.87818908691406,88.62735918864674,86.58803741174869,88.12167458152814,19491800
2019-08-15,87.20978546142578,88.18799436298522,86.49685322852511,86.8947713938606,13365600
2019-08-16,89.29885864257812,89.51439794583568,87.76522746584756,88.17972272035288,11830600
2019-08-19,90.10295104980469,90.98167867874528,89.87912014357298,90.8821975732319,8265400
2019-08-20,88.9589614868164,89.8957247254433,88.9009324093993,89.40661708033194,8374000
2019-08-21,89.20764923095703,89.88742104333944,89.07500774332425,89.70504216019148,8189300
2019-08-22,90.12783813476562,90.5837790641719,89.47293495373617,89.83769275701711,9343400
2019-08-23,87.88955688476562,90.17757209354716,87.13517893141155,89.53096061218805,14762300
2019-08-26,88.59420776367188,88.69368256548267,87.88127550211817,88.38696016030615,8209500
2019-08-27,87.65744018554688,89.16620240996367,86.91134758562767,88.99211519076495,14331800
2019-08-28,88.53617858886719,88.87606136916615,87.07715369188688,87.11031406735177,10585500
2019-08-29,90.54231262207031,91.09773455020486,89.5475205656525,89.64700166870232,10002200
2019-08-30,91.07289123535156,91.65318201978774,90.74958546620924,91.05630788454184,10170300
2019-09-03,89.99519348144531,90.35165959724905,88.96724718284406,90.34337424724279,9868800
2019-09-04,91.08118438720703,91.37132978412845,89.99520258059357,90.73300358620602,6929200
2019-09-05,93.15365600585938,94.27279181072645,92.18373240525925,92.22518445624117,13224700
2019-09-06,93.35260009765625,93.65932879181747,92.81375512670026,93.3940521433814,7836600
2019-09-09,95.66549682617188,96.2126272207829,94.1733115232417,94.26450097645937,13985100
2019-09-10,96.88411712646484,97.21570824998774,95.939068510095,96.41159281827991,14333100
2019-09-11,97.1493911743164,97.15767652489215,95.6489141850499,96.9006915137521,9919200
2019-09-12,97.74626159667969,98.21049419913695,96.09656613851432,96.61883414097359,12283500
2019-09-13,99.66952514648438,99.8104520058495,98.44261649072355,98.64986410438824,16257200
2019-09-16,98.78250122070312,99.37108365837653,98.13588338207666,98.56696194116097,11993900
2019-09-17,98.29339599609375,98.32655637258237,97.19083719545394,98.16904616543522,10735400
2019-09-18,99.2799072265625,99.54518394206004,97.61363449734898,98.0861588444757,10665600
2019-09-19,98.96488952636719,99.76071969495541,98.72448150803908,99.23016624922992,9382600
2019-09-20,98.56694793701172,99.76068966824486,98.54207923996225,99.26329675317321,21862800
2019-09-23,98.55037689208984,98.74933914271196,97.5555909377587,97.63848871317049,9135100
2019-09-24,97.26545715332031,98.86540907575592,97.02504914868852,98.44262214866583,11696500
2019-09-25,97.82086181640625,98.11929884995729,97.0913525814451,97.21569607484597,9389400
2019-09-26,97.0167465209961,97.86232027972352,96.95042577037142,97.72138710347235,9899200
2019-09-27,97.58876037597656,98.35143010010626,97.22400254065565,97.78771632038095,10207800
2019-09-30,97.56388854980469,98.45919343330715,97.17426202449485,98.11931063602734,9755000
2019-10-01,95.78984832763672,98.64986282936634,95.67379017146014,98.15246982793882,11250300
2019-10-02,93.88316345214844,95.25099888658892,93.61788677529353,95.17638646122933,12548700
2019-10-03,93.74946594238281,94.35112142370821,92.35395699944638,93.81631159280558,12735200
2019-10-04,95.7800521850586,96.04745391891852,93.81631372897445,93.8748076590263,9453100
2019-10-07,95.5711441040039,96.5154050793475,95.32045219001736,95.42073023068403,6771600
2019-10-08,93.44029235839844,94.4764733924767,93.30659466465974,94.4764733924767,10806300
2019-10-09,94.11714172363281,94.56003162417154,93.64919028198918,94.15056773737311,7273700
2019-10-10,95.43743133544922,96.43183442800792,94.42631842531861,94.54330627440085,10994100
2019-10-11,97.05020141601562,98.59611777107267,96.82458381029022,96.95828147933052,15076500
2019-10-14,97.30924224853516,97.66021216736311,96.64909926811771,96.80786484710035,8779000
2019-10-15,100.24232482910156,101.6044014829419,98.49585856206754,99.31477362376178,23379000
2019-10-16,100.00836181640625,100.79385733803682,99.75766985726757,100.24233757807629,11087700
2019-10-17,100.56822204589844,101.58769321511762,100.17547432903262,100.90247582889236,10818500
2019-10-18,100.74369812011719,101.12808771733098,100.15875881465278,100.27574667574567,10417400
2019-10-21,103.24224090576172,103.4260744208616,101.93865185311675,101.98879406210793,12714600
2019-10-22,104.2784423828125,104.5374860747387,102.88293948544776,103.15869300008853,12549100
2019-10-23,104.55418395996094,104.5792518773229,103.76033044978949,103.78539836715146,8828300
2019-10-24,104.47898864746094,105.005440488154,103.67678330132443,104.69625458767334,8020500
2019-10-25,105.3145980834961,105.83269171754662,104.24499117803954,104.45389897599152,9055700
2019-10-28,105.71571350097656,106.30065283843892,105.62379355146668,105.76584933694173,9522200
2019-10-29,105.64884948730469,106.47612256370805,105.23939199751958,105.33966365807763,9797300
2019-10-30,105.06390380859375,105.50678728334114,104.38703826430783,105.33130551270686,8513700
2019-10-31,104.38705444335938,105.06392009255337,103.5012873565787,104.86336400186451,11589100
2019-11-01,106.79365539550781,106.95242096668466,105.30622670636608,105.4566405569373,11682600
2019-11-04,107.64601135253906,108.14738239438586,107.42873909209123,107.8632708622674,9159900
2019-11-05,107.87998962402344,108.88274448231078,107.66271735840265,108.12231705407763,13747600
2019-11-06,108.04711151123047,108.49834672720145,107.44545605612277,107.53737599372866,11231100
2019-11-07,108.63204193115234,109.71000042922991,108.56518991372387,108.991357180272,13528900
2019-11-08,108.94959259033203,108.96629603268725,108.00532531776854,108.53177701850313,9293400
2019-11-11,108.56520080566406,108.71562104764887,108.08889766593849,108.29780545984195,8679000
2019-11-12,107.93013763427734,109.15015214514467,107.8047852936455,108.32288535029221,9099000
2019-11-13,107.36188507080078,107.64600934834884,106.47611810438207,107.06942182284855,8023300
2019-11-14,107.46217346191406,107.66271678206611,106.61817782054175,106.7268139527706,8483400
2019-11-15,108.23931884765625,108.23931884765625,107.29505141954832,107.98862691311982,10163600
2019-11-18,109.150146484375,109.17521440105705,107.78807625867523,108.26437942635462,8749300
2019-11-19,109.1167221069336,109.67659347305248,108.78246198115512,109.45933395433651,8824500
2019-11-20,108.3228759765625,109.15014269982736,107.7462884114263,108.88274734758342,11782800
2019-11-21,108.57355499267578,109.23371077680481,108.12231975791428,108.63205529664272,7705500
2019-11-22,109.29219818115234,109.65152622471078,108.71562336827598,108.75739472737246,8167900
2019-11-25,109.87714385986328,110.3618114541094,109.3590438794102,109.67658779477958,10068500
2019-11-26,110.02754974365234,110.15290206402432,108.9328749996207,110.15290206402432,10490700
2019-11-27,110.35346984863281,110.6626493561561,110.010857947975,110.5456614816293,6607900
2019-11-29,110.1027603149414,110.64592823547342,109.84371668777813,110.19468025529483,5712000
2019-12-02,109.86044311523438,110.92169838894945,109.76017144395209,110.56237031565267,8615600
2019-12-03,108.44821166992188,108.59863191012964,107.4538085425739,108.43985994852353,10361300
2019-12-04,110.5874252319336,110.69606136353138,108.6236996461069,108.9495952901806,10318200
2019-12-05,111.18910217285156,111.39801000430536,110.45374252590312,110.87155818881071,9587400
2019-12-06,112.8436050415039,113.4619765740188,112.51770946034324,112.55114184086686,10170600
2019-12-09,112.31717681884766,113.1945920053027,112.31717681884766,112.50101667698942,8498200
2019-12-10,112.39239501953125,112.61801901096166,111.03867657238888,111.34785603236088,7532900
2019-12-11,112.1249771118164,112.82691694034921,111.9829213520721,112.21689704467673,9011900
2019-12-12,115.33384704589844,115.70987861808439,112.15009351694876,112.38406928411881,13717400
2019-12-13,114.32270050048828,116.01067906617281,113.82968116099033,115.2753195423657,10592100
2019-12-16,114.76555633544922,116.01900281202873,114.74885289627767,115.6346196996125,11372000
2019-12-17,115.4675064086914,115.87697026323778,114.67365936480878,115.09147494061222,11546800
2019-12-18,115.35050964355469,116.16943728936317,115.08311432607812,115.44242957315693,10381500
2019-12-19,114.77396392822266,115.50095907755342,114.56505610363595,115.11656306999633,9350400
2019-12-20,114.68204498291016,116.05247981420996,114.39792064842759,115.33383638128922,29992600
2019-12-23,114.64862060546875,115.2419244843034,114.38122519933,114.98288080154556,9738400
2019-12-24,114.96615600585938,115.00794012108433,114.53162415881907,114.75724818045639,3324300
2019-12-26,116.18616485595703,116.23631344219552,115.13327405792906,115.22519400661793,6770900
2019-12-27,116.2697525024414,116.79620436474744,115.87700472432792,116.40345658663394,7868200
2019-12-30,115.84353637695312,117.05519884758606,115.70983234897099,116.9047786284267,6963000
2019-12-31,116.48699188232422,116.55384391283118,115.5594406789618,115.74328057517569,7201600
2020-01-02,117.89920043945312,117.9075649117361,116.36999384590145,116.81287735242124,10803700
2020-01-03,116.34335327148438,117.09183900332123,115.28370320708147,115.63691989521577,10386800
2020-01-06,116.2508544921875,116.2845015129349,114.7959352430351,114.84639294157773,10259000
2020-01-07,114.2745132446289,115.93968133309129,114.22405554991452,115.45190222988968,10531300
2020-01-08,115.16596221923828,115.70419899603493,114.03903097291045,114.12312284994235,9695300
2020-01-09,115.58645629882812,116.25083728560006,115.25005030403882,116.0994642123773,9469000
2020-01-10,114.4343032836914,115.42667215607003,114.2156361654825,115.39303797081031,10190900
2020-01-13,115.3846435546875,115.3846435546875,114.17360731477984,114.53524225180394,12355200
2020-01-14,116.73023986816406,118.3785847360349,115.79673385482607,116.00698284132041,24906000
2020-01-15,114.98094177246094,116.56201791371738,114.5015680277952,115.93127109131107,16293400
2020-01-16,115.42667388916016,115.97331602773536,115.0818625303284,115.59487048313888,10783800
2020-01-17,116.22557830810547,116.3012648250948,115.48551097658765,115.67051818503717,14697700
2020-01-21,115.08186340332031,116.11629748766266,114.95571916502377,115.37621706944914,8474200
2020-01-22,114.94731903076172,115.55283713475387,114.69503051458138,115.41828753698424,7549100
2020-01-23,114.82955932617188,114.99776874994944,113.29895366389925,114.1315441143198,9345700
2020-01-24,111.97857666015625,114.73704163641648,111.28056149478117,114.68658394567385,15166400
2020-01-27,111.03667449951172,111.80198375768954,109.08557091553622,109.55652651054487,12860500
2020-01-28,113.05506134033203,113.50920626703517,111.41512206629905,111.71788107324188,13062800
2020-01-29,112.88688659667969,113.98858927526035,112.4327544146421,113.37466580410094,9326000
2020-01-30,114.28290557861328,114.48474916708052,111.59172189526366,111.59172189526366,9048900
2020-01-31,111.31420135498047,113.39146194700628,110.5657156281121,113.10552646316378,12785200
2020-02-03,112.16360473632812,112.89527980193637,111.56650490991228,111.56650490991228,10021100
2020-02-04,113.77833557128906,114.8800510368493,113.60173360936533,113.99700272949141,9157100
2020-02-05,115.71259307861328,115.83033196106707,114.38381835802012,114.85478672041101,10150700
2020-02-06,115.72943878173828,116.30130979688845,115.30894085910028,116.25927027068721,8992300
2020-02-07,115.35939025878906,115.7798881511806,114.62772803245248,114.98935006027213,6379800
2020-02-10,115.83880615234375,115.9313162356237,115.00621540282414,115.17441205444717,5960700
2020-02-11,116.05743408203125,116.74705687896821,115.87241395761299,116.27608839608054,6578600
2020-02-12,116.05743408203125,117.14231314559372,115.88923746871802,116.56203675454995,7958000
2020-02-13,115.95648956298828,116.34334039320956,114.71180670534604,115.84715601712863,7447500
2020-02-14,115.60328674316406,116.2172100756985,115.16596533998602,115.92285641666807,6627600
2020-02-18,114.07266235351562,115.81352970553162,113.5764779437187,115.50235255368851,8996400
2020-02-19,115.6285171508789,116.38540823777687,114.66136428142313,115.14073804701536,7071200
2020-02-20,115.6285171508789,116.36017939038544,114.82115553662055,115.35939233526695,7422800
2020-02-21,114.21564483642578,115.14915074732481,113.46715903994483,114.83798638788458,9772800
2020-02-24,111.14598846435547,112.02061829622998,110.00223386416558,110.5404705682211,13618400
2020-02-25,106.18414306640625,111.20488314940627,105.62067094267321,110.17046179589515,20797200
2020-02-26,106.50370788574219,108.44640613576568,106.25140657854669,106.74759743835416,24825600
2020-02-27,102.07164001464844,105.64587137532517,102.01277057830055,103.36677403058931,23005500
2020-02-28,97.64801788330078,99.64958547560381,94.74658508743141,98.83381856450109,45931400
2020-03-02,102.19781494140625,102.24827905650628,96.2603861732076,98.08534566480843,27355400
2020-03-03,98.36288452148438,103.40044841315613,97.75736641716053,101.73528004255537,32547700
2020-03-04,100.79336547851562,101.07930744409786,96.46223496018766,99.51505443036163,25795900
2020-03-05,95.8482894897461,97.9171383259977,94.67930587596517,97.27797974052766,25025600
2020-03-06,90.89482879638672,92.7786576165404,88.32137725154845,89.3642166769577,38159400
2020-03-09,78.58263397216797,83.4519994554225,78.21259384057048,81.21494799263765,40352000
2020-03-10,84.68829345703125,85.1760726701649,79.54140211495539,83.258602843408,31102700
2020-03-11,80.70195770263672,84.14163392523552,79.51615693899903,82.16528862535792,38127000
2020-03-12,74.04969024658203,81.5429602460501,72.59476454225042,75.34481826324908,49725200
2020-03-13,87.38789367675781,87.45516847748023,77.37162866825476,80.72720076719722,38543300
2020-03-16,74.3104019165039,79.03680141837808,71.10620943207299,71.65285166110631,38589700
2020-03-17,78.85177612304688,81.9466412423421,73.5871400764453,76.43811561867528,35239800
2020-03-18,70.55113983154297,76.35401235546638,67.58242557125796,73.73010304982311,41525600
2020-03-19,71.7369384765625,74.10013442929673,64.68098480129234,68.59160982045073,32175100
2020-03-20,70.22315979003906,75.2354947368344,69.36534676906474,72.57795094831674,30150800
2020-03-23,66.4638900756836,70.43339086191018,65.67335205339444,69.53352570695282,32536600
2020-03-24,74.36925506591797,75.77371644053407,69.71854955520371,71.40054106960531,34363200
2020-03-25,77.14456176757812,80.02076639347999,71.09779879852198,75.05047722010946,38111700
2020-03-26,82.51851654052734,82.89696211306381,78.66675394093144,79.12089247774875,29826300
2020-03-27,76.63994598388672,79.76003967426142,76.15217328964872,78.37240171846678,30041500
2020-03-30,78.63311004638672,79.12929450589814,75.10093012953521,76.23627321593112,21656900
2020-03-31,75.71485137939453,79.1965735025553,75.1345622201048,77.41366650045273,23379300
2020-04-01,70.9463882446289,72.79657596982716,70.01288262959797,71.56872318255382,28029600
2020-04-02,73.5955581665039,73.93195783335209,69.76902398664957,70.23157433060206,24018000
2020-04-03,71.42023468017578,74.3348262072918,70.3325683532088,73.07721546081088,21199400
2020-04-06,76.01728057861328,77.31737389049589,74.5217453944193,75.61790415303626,26820800
2020-04-07,77.01997375488281,80.29995111261724,76.79904085722691,80.2574617728116,22563800
2020-04-08,80.12999725341797,80.60584668480567,76.94349163331326,78.26057673317916,22903300
2020-04-09,87.31877136230469,88.70383709346046,82.33082452433764,82.35631553733995,42055900
2020-04-13,83.43548583984375,87.61618069013726,82.67922217117957,87.61618069013726,26911900
2020-04-14,81.14969635009766,86.67297411214618,79.56918865647435,85.84023092013322,46151300
2020-04-15,77.14744567871094,78.20111532153739,76.58661743598729,77.45335081420312,30118600
2020-04-16,74.20734405517578,76.96048308155426,73.96941934070584,76.67157635197283,32449600
2020-04-17,80.87776947021484,81.3196287735177,77.29188709158774,78.17561218115637,30191900
2020-04-20,77.92919158935547,80.4783964427186,76.86702290045416,78.57499196743716,23679400
2020-04-21,75.66888427734375,77.64876137526849,75.05707420230911,75.30349806491816,23035000
2020-04-22,75.91531372070312,78.06514848793088,75.77935950629195,77.06246103516733,16662400
2020-04-23,75.95782470703125,77.56382362542855,75.84736147115544,76.25523071359284,16638800
2020-04-24,77.07943725585938,77.41083328482677,75.19302510145324,77.01995608355655,15809200
2020-04-27,80.40193176269531,81.26015948476388,77.78474628540593,78.12464159776209,22870200
2020-04-28,80.97122955322266,83.57991511969986,80.75029669085751,83.11255838834319,20238900
2020-04-29,83.15505981445312,84.50613522583086,82.65371284036398,84.19173745443409,20462600
2020-04-30,81.37060546875,82.2883141167386,80.34242714874429,81.2346447902557,19127600
2020-05-01,79.23777770996094,79.6541459867194,78.03964841507135,79.45021143036298,18547700
2020-05-04,78.2945556640625,78.74491402310767,77.15591426443596,78.19258516499212,15725900
2020-05-05,78.17560577392578,80.05351900423526,78.09063358598138,79.57766956537671,18064100
2020-05-06,76.7055892944336,78.82143448998336,76.41668245466744,78.3115946955365,20978000
2020-05-07,77.50431823730469,78.94887143446024,76.96898759255473,77.61478143870819,16771900
2020-05-08,78.77042388916016,79.94306221889974,78.26908340201166,78.85540256688145,20487800
2020-05-11,76.45063781738281,77.4193349305045,75.9068080866114,77.4193349305045,31907600
2020-05-12,73.95240783691406,77.14741203484967,73.84194466286733,76.60358236068544,27962900
2020-05-13,71.40322875976562,73.80798028980062,70.8678980605236,73.40010465016621,35451600
2020-05-14,74.3687973022461,74.87014427589257,70.01815866349595,70.29007357841785,35152500
2020-05-15,72.99224090576172,74.16487292184414,72.48240118063737,73.79948659696164,26099000
2020-05-18,76.8585205078125,77.45333883839399,74.67470203446585,75.36299172438211,30504400
2020-05-19,75.34600830078125,77.49583702484038,75.27802793818736,76.5186468651511,19597300
2020-05-20,77.60628509521484,78.50700195805506,76.79054042044142,77.07944715646096,20552400
2020-05-21,76.62060546875,77.9716875264744,76.19573795724584,76.70557767445808,14621400
2020-05-22,76.02578735351562,76.78205094375814,75.38848613816768,76.48464500652173,13557900
2020-05-26,81.42158508300781,82.849139750332,78.69393725995229,78.93186195734603,41233900
2020-05-27,86.13764953613281,87.16582823055295,83.95383058552909,86.73246151374303,39402000
2020-05-28,84.85453796386719,87.48021601272724,84.46366064023253,87.47172333042644,24713900
2020-05-29,82.68768310546875,84.27668935760256,82.23732474344745,83.83483015796696,26526400
2020-06-01,83.78385925292969,84.55712111830216,82.74718164496176,83.06158588961256,15176800
2020-06-02,84.06426239013672,85.33036540230978,83.21452760664518,85.21140305125792,21195000
2020-06-03,88.60185241699219,89.15418138141986,85.8742042507156,86.31607001544278,25941100
2020-06-04,90.44579315185547,90.59024654223458,87.34425918491169,88.21948517516128,26784700
2020-06-05,94.51600646972656,98.37379683072898,93.0714533922366,97.6600226968575,42231000
2020-06-08,96.4024429321289,97.03125156362456,95.11934761975539,96.36845923369086,24881800
2020-06-09,93.92969512939453,94.85590304383504,92.629601790355,94.0231664855443,17031100
2020-06-10,90.12287139892578,93.90419517326796,89.94442786772198,93.86170583980713,24913300
2020-06-11,82.60272979736328,86.31607368677093,82.03340896375205,84.99898198349686,36259200
2020-06-12,84.86302185058594,85.93368309444872,82.7046945524295,85.57679601316113,24856800
2020-06-15,86.03563690185547,86.18858940455499,81.4640666279982,81.93141681521924,22153600
2020-06-16,86.72395324707031,89.79999632426723,84.38718196415387,89.53658054510501,22193600
2020-06-17,84.53162384033203,87.13181034864253,84.3021918055033,87.12331118510309,15639800
2020-06-18,84.07278442382812,85.41536081991968,83.38449465354789,83.84335233941349,16591900
2020-06-19,83.11256408691406,85.4833251101459,82.19485537063275,85.42384392961876,40371200
2020-06-22,82.21184539794922,83.23152460814971,82.03340186031224,82.63671281602647,16216900
2020-06-23,83.21453094482422,84.94799075064073,83.14655060350698,84.09825593306178,15381400
2020-06-24,80.4359130859375,82.28832904424482,80.13850066851965,82.21185601094068,22919800
2020-06-25,83.24005126953125,83.45248504874594,80.0960339303395,80.17250697903386,25743600
2020-06-26,78.67697143554688,81.03924050842882,78.17563082792984,80.8183075625981,41896300
2020-06-29,79.02535247802734,80.29145577239181,78.32857005958263,79.36524776377283,18499700
2020-06-30,79.92608642578125,80.4359327040114,78.65998286289643,78.88091581793185,19137000
2020-07-01,79.24629211425781,81.3281403813834,79.05085020139795,80.63135790378149,18755700
2020-07-02,79.50369262695312,81.47712368540391,78.87733864235875,81.28835929152241,27845600
2020-07-06,81.51143646240234,81.68303686807937,80.20725635930368,81.02236810547336,18625300
2020-07-07,79.21194458007812,80.73921023350485,78.93738004177821,80.49896708075929,25757200
2020-07-08,80.05281066894531,80.08712551201175,78.76578803147761,79.18621359346575,18762200
2020-07-09,78.31964111328125,80.7564081427799,77.89063343273423,80.24159368921332,25600800
2020-07-10,82.60111999511719,83.09018839473416,78.82585837161463,78.93739799042676,28954200
2020-07-13,83.7851791381836,85.17515946563465,82.56679921906556,84.71183705390828,32079200
2020-07-14,84.26567840576172,85.7586231342206,82.91859470130704,84.40296399033295,42731700
2020-07-15,85.56986236572266,86.90836403910548,84.64320433977912,86.56515663548157,22508400
2020-07-16,85.81008911132812,86.848286562037,84.55738789280001,84.75472769335784,16886900
2020-07-17,84.22277069091797,85.87015821615381,84.2056067219952,85.80151543273496,16137700
2020-07-20,83.48487091064453,84.42010421699364,83.45054952149378,83.59641051578272,14458100
2020-07-21,85.2952880859375,85.84441725105083,83.77659762450217,83.8366584223697,17798100
2020-07-22,84.67752075195312,85.91305816770324,83.68221999462538,85.50121454449867,14271200
2020-07-23,84.92634582519531,85.24380725386982,84.05974865610473,84.51449565641734,12870200
2020-07-24,84.32571411132812,85.62990059199116,84.03399215015628,85.45829366235917,12744200
2020-07-27,83.14169311523438,83.76804068797695,82.51533899635385,83.66508303006746,11959100
2020-07-28,83.50203704833984,83.99110543905097,82.79846486264778,82.79846486264778,11754300
2020-07-29,85.52696228027344,85.55270169096288,83.22748109738676,83.28754190437444,12743500
2020-07-30,83.24462127685547,83.86239318996745,82.41235213705612,83.6907927901633,14834800
2020-07-31,82.91859436035156,83.16741957176106,81.7259536703751,82.78131532248177,14535000
2020-08-03,82.45524597167969,83.71652915748938,82.24074220664092,83.2446182559499,12962800
2020-08-04,81.98335266113281,82.3265534945228,81.53718110390777,82.29223864809283,13366200
2020-08-05,83.40765380859375,84.48875475465462,82.12921303946217,82.25791662406355,15260900
2020-08-06,83.43338775634766,84.17128127722866,82.83277979569374,83.72511629876229,10482100
2020-08-07,85.26953125,85.36391342690804,82.84992912936768,83.16739704679789,14743700
2020-08-10,86.35063171386719,87.5518540597852,85.82724202418959,85.89588479735865,14989900
2020-08-11,89.07913970947266,91.08689872445275,88.81315708654124,89.1134611037439,31518600
2020-08-12,88.32408905029297,91.3185603422513,87.2687274468988,91.08689911260396,19240800
2020-08-13,87.83502197265625,88.68445522247593,87.20866797074122,87.51755397906415,13598600
2020-08-14,87.86933135986328,88.64153972900817,87.01989167998654,87.08853446048613,12134400
2020-08-17,85.55269622802734,87.51755185421223,85.39825322761563,87.08854424708373,14988000
2020-08-18,84.36005401611328,85.72430158509563,84.1884535949463,85.72430158509563,13246500
2020-08-19,84.55740356445312,86.30774887366344,84.37721460548995,84.87486501013638,13533000
2020-08-20,83.54493713378906,84.11122372623396,83.05586876234918,83.45055494402557,13672600
2020-08-21,83.50203704833984,84.57455602324461,83.17599363657787,83.45913367088913,12228300
2020-08-24,85.85298919677734,85.98169277158246,83.58782984629603,84.47158435588301,17898300
2020-08-25,86.23053741455078,87.50040293538385,85.62992932464562,86.89120631344647,13648900
2020-08-26,85.0207290649414,86.03318733470255,84.98641421510409,85.75004727365462,12052400
2020-08-27,87.81785583496094,88.07526301759003,84.9435061775734,84.9435061775734,22163900
2020-08-28,88.17822265625,88.59007284858231,87.35452881772211,88.49569064921734,13756700
2020-08-31,85.96452331542969,87.67197130014968,85.81865579313182,87.62049249588857,14219400
2020-09-01,85.92163848876953,86.54799244235784,84.9778231122198,85.41541268127091,11595600
2020-09-02,87.21724700927734,87.46607220458269,85.42399182453767,85.75861723122568,14475700
2020-09-03,86.94267272949219,90.08300463034531,86.35064020840574,88.65012096669412,23281200
2020-09-04,88.82172393798828,90.27177161160523,86.97699663375218,89.27647745851311,26325500
2020-09-08,85.73287963867188,88.86463651650978,85.35535739136299,88.35841067633203,22108600
2020-09-09,86.54798126220703,87.25155334796338,85.42397708478823,86.48792046998888,13434000
2020-09-10,85.6556625366211,87.87791885456531,85.49263754710171,87.00274619459843,15922800
2020-09-11,86.7196044921875,86.9684297100844,85.44973899156493,85.77578898901325,13784300
2020-09-14,87.92080688476562,88.77023998674576,86.9769915996615,87.09711318797645,19017400
2020-09-15,85.18374633789062,88.24686027996765,85.06362473593752,88.14390264751432,23683000
2020-09-16,85.54412078857422,86.77108290069103,84.73759087683202,85.31245954329883,19270600
2020-09-17,84.56598663330078,85.23523752593394,83.8366749309733,84.68610825268944,18290100
2020-09-18,84.38580322265625,85.36394013837908,83.60501270571203,83.99111697123628,20121600
2020-09-21,81.77742767333984,82.4123636427579,80.49898684174781,81.68304547643004,28378800
2020-09-22,80.88507843017578,82.07772540967532,80.37027069319215,81.47711092808149,19257000
2020-09-23,79.57231140136719,81.8117311351236,79.50367517458879,81.32266283385123,19952700
2020-09-24,79.50369262695312,80.91083704989596,78.405427657655,79.21196405109902,18366500
2020-09-25,80.19868469238281,80.41318850014198,78.82586163195143,78.9803046353835,13293100
2020-09-28,82.50672912597656,83.16739782437455,80.95371745714688,81.56290734807196,20894100
2020-09-29,81.81175231933594,82.39520294790844,80.93657964954558,82.39520294790844,12848200
2020-09-30,82.60111999511719,83.3990743888224,81.73452936083183,81.81174758628566,16400600
2020-10-01,83.20174407958984,83.88815238688501,82.3952076087274,83.33044768287556,15778700
2020-10-02,83.99111938476562,84.59172749198152,81.58867386362726,81.72595945735513,15149600
2020-10-05,85.76636505126953,85.94821943306296,84.45873789812967,85.14286053833185,13871900
2020-10-06,84.88306427001953,87.34244243302857,84.44142074845577,86.65831979700901,19220400
2020-10-07,86.36388397216797,86.90078545178042,85.44594391417286,85.69707802203796,16358500
2020-10-08,88.13912963867188,88.26036587861638,86.51109541164594,87.03934186006683,15659000
2020-10-09,87.63687896728516,88.42492129140551,86.69296710938896,88.32966328284414,13689100
2020-10-12,88.71067810058594,89.1956230632331,87.33377135752757,87.55026558826357,16058000
2020-10-13,87.27314758300781,89.3861332522981,86.82284251927798,89.19561728449268,21697300
2020-10-14,86.7882308959961,88.26905102738218,86.68431125967939,87.4896702722102,15204100
2020-10-15,88.08718872070312,88.13914523076217,85.76636990610885,85.81832641616788,17171200
2020-10-16,87.90533447265625,88.61543540777653,87.22121179260806,87.81873808678904,13275000
2020-10-19,86.42450714111328,88.21707926472993,86.21666790440398,87.983261775152,11725700
2020-10-20,86.91810607910156,88.13046848494864,86.70161184850322,86.86614297107984,11257100
2020-10-21,86.05213165283203,87.45501007939984,86.01749178210594,86.90944698094344,10730500
2020-10-22,89.09171295166016,89.40346520570483,86.00017527145063,86.00883689152974,14837200
2020-10-23,89.89705657958984,90.45128124672418,89.13499931399991,89.62860586463141,15087600
2020-10-26,87.67150115966797,88.93582666468919,86.81418586242417,88.89253178300025,12410700
2020-10-27,86.01749420166016,87.39439441563367,85.87027970209317,87.03934729274388,10391700
2020-10-28,83.6014175415039,85.12553885981308,83.19440730818725,84.43275464052346,16389500
2020-10-29,84.14698791503906,84.84843381448493,82.47565195315828,83.23771598150633,14208800
2020-10-30,84.900390625,85.22945952494229,83.33297428146784,84.78781598717568,15194500
2020-11-02,86.81419372558594,87.35975685381352,84.74450923663859,86.06945298153424,15011600
2020-11-03,89.5506820678711,90.70242642225817,88.92717758938427,89.21294496962408,17482600
2020-11-04,86.81419372558594,88.3902715917902,85.67110435676615,87.46367647166265,18886500
2020-11-05,90.36470794677734,91.01419076375018,87.4636860190082,87.51564253016414,17837400
2020-11-06,89.1609878540039,91.01417803742142,88.6673812463998,90.95355991392195,12552800
2020-11-09,101.23272705078125,102.96468129764874,95.56057424953775,97.99397445906575,47792400
2020-11-10,100.90364074707031,101.70899965019132,99.31890780153839,101.6224032684657,20539300
2020-11-11,99.3968276977539,101.28465760731208,98.68672690279419,101.22403948848185,14443400
2020-11-12,98.17582702636719,98.68675034833637,97.04139252320265,97.44840282070679,22063000
2020-11-13,98.79065704345703,99.46611804155509,98.34900692666979,99.32755855123747,11847900
2020-11-16,101.5791015625,102.71352928278154,100.21951797934123,102.00342842928868,19858600
2020-11-17,100.54857635498047,100.83435031185466,99.22363278186465,99.92507194248378,14553200
2020-11-18,99.80384826660156,102.71353148648197,99.76054677427615,101.61373700746567,12571200
2020-11-19,100.07230377197266,100.29745965037274,98.34034970679137,98.87725784547453,10202500
2020-11-20,99.21499633789062,100.15025319394739,98.79932442179397,99.0937600721293,12718900
2020-11-23,102.07271575927734,102.33250490632442,100.08096593084737,100.49663781575535,13209200
2020-11-24,106.79228973388672,106.94816586744243,103.66611204921102,103.97786431632244,20121600
2020-11-25,105.6751708984375,105.97826152317668,104.32424890995422,105.10362952134076,11715600
2020-11-27,104.97373962402344,105.95229131732188,104.85250336492028,105.64920066956401,5983600
2020-11-30,102.08136749267578,104.54074563502374,101.98610949308848,103.91724113113608,14411800
2020-12-01,103.69208526611328,105.28548639914811,103.59682726651923,104.21167015042975,12668900
2020-12-02,105.68384552001953,105.91765642876005,103.28508526580431,103.65745568111767,10811300
2020-12-03,104.99107360839844,105.55396010832898,104.22901605283323,105.51932022759215,12904400
2020-12-04,105.94361114501953,106.76629316702284,105.38073144355555,106.0648539897724,13583700
2020-12-07,105.54525756835938,105.7963916511798,104.09907779438437,104.9130981589141,9724300
2020-12-08,105.64920806884766,105.93498210255419,104.57539829577951,104.81787083096769,9592100
2020-12-09,104.82650756835938,106.77495561530375,104.29826112485965,106.66237438863297,13073900
2020-12-10,104.15104675292969,104.5926968553428,103.53620390013651,103.90857425964562,13668400
2020-12-11,103.5362319946289,103.9345807140987,102.50572361854377,102.9993303586348,9981600
2020-12-14,102.44509887695312,105.1469433404401,102.28056110523211,105.07766358320164,12112400
2020-12-15,104.19435119628906,104.69661943625484,102.72219295570534,103.30239595348644,12590200
2020-12-16,104.49742889404297,104.85248258740249,103.79598973296008,104.17702167571093,11169400
2020-12-17,103.6314697265625,105.17290778482672,103.55353496506574,105.00837664159565,11618000
2020-12-18,103.12054443359375,103.81332208080546,102.41909855943351,103.17250094024254,28954800
2020-12-21,106.991455078125,108.24711901595818,104.8611459618367,106.6623796079134,28323600
2020-12-22,105.3634262084961,106.96548243145443,105.3114696996384,106.85290779330253,11788200
2020-12-23,108.30774688720703,109.56341093806364,105.95228830830213,106.3246586955096,14973200
2020-12-24,107.83145904541016,108.7234209540961,107.00878349305464,108.32506569819958,4164900
2020-12-28,108.54156494140625,109.67599941834922,108.06528150756132,108.95723685030154,8072600
2020-12-29,108.25577545166016,109.35556322117266,108.1518558439042,109.2862834826687,8389200
2020-12-30,108.55888366699219,108.98321057215367,108.16053501626583,108.67145830517119,7398000
2020-12-31,110.03968811035156,110.26484396183136,108.09124001998475,108.32505088380172,8580200
2021-01-04,109.00051879882812,110.72381104341599,108.05660050746152,110.41205881937562,16819900
2021-01-05,109.59363555908203,110.16057570611696,107.95386980122956,109.01797141316496,13731200
2021-01-06,114.73966217041016,115.80376346013715,111.53863430498866,113.28306755783079,24909100
2021-01-07,118.50763702392578,120.53117861332697,117.67903690938968,118.35064499143141,21940400
2021-01-08,118.63848114013672,118.92631318527744,116.981267544683,118.5948678044024,12035100
2021-01-11,120.40906524658203,120.5398919359636,116.97254224367336,117.38248361562971,15937900
2021-01-12,122.3017807006836,123.55777029748951,121.08940444161274,121.62145522056741,18033500
2021-01-13,122.41519927978516,122.79896213192859,120.4527184361693,120.88009463551143,14816800
2021-01-14,123.13035583496094,124.50845451174091,122.10986782237286,122.53725715096215,18565600
2021-01-15,120.92369842529297,123.54905668848403,119.50198593431837,119.86831406576894,27881000
2021-01-19,120.40035247802734,122.72044371308672,120.2084777414083,121.98778752588562,19843800
2021-01-20,118.59489440917969,120.5137618316621,118.13262222632017,120.20849503088334,16028800
2021-01-21,117.60053253173828,118.76057793317796,117.15570849571017,118.35063657669477,13411700
2021-01-22,116.69345092773438,117.22550175262464,115.30663450691206,115.73402395933972,12933200
2021-01-25,115.23686218261719,116.15268916898226,113.44010420858275,115.25431018196504,14212800
2021-01-26,114.76585388183594,116.15267015214809,114.5565178507066,115.7863420793631,11307800
2021-01-27,111.52120971679688,113.25691923409184,111.07637900414969,113.03013522453246,17603900
2021-01-28,113.48372650146484,115.28048461718605,112.50685140373488,113.30055576617796,13761800
2021-01-29,112.22772979736328,114.88798411651211,111.80907096794904,114.42571194240543,14808100
2021-02-01,113.05632019042969,113.44882694929609,112.06199723974244,112.86443213775995,11080700
2021-02-02,116.53645324707031,117.21677875310328,114.45186338957492,115.07985821190114,12253600
2021-02-03,117.87092590332031,118.41169398714808,116.449213711284,116.5713230627587,10600800
2021-02-04,120.58352661132812,120.94113737082691,118.15877394020477,118.15877394020477,12419500
2021-02-05,120.3479995727539,121.6650503065946,119.82467952520591,121.57782364420989,10051300
2021-02-08,122.23197937011719,122.37153670143783,120.52243533373837,120.53988332738336,10136400
2021-02-09,121.74357604980469,122.09245616670742,120.83646645158018,121.61273602427363,8614800
2021-02-10,121.81331634521484,122.86868701704324,121.27253503284373,122.10986568201628,10323200
2021-02-11,121.47315216064453,122.5895841396282,120.55732551770288,121.81331482128925,9201000
2021-02-12,123.20016479492188,123.51416220746407,121.23768429376382,121.28129763335187,8324600
2021-02-16,126.16569519042969,126.75009002944726,124.20321453950332,125.20626819088656,12130600
2021-02-17,126.55815887451172,126.80237754097851,124.83116690731482,125.55510556466963,10810100
2021-02-18,126.98554229736328,127.15998231088874,125.07539287329777,125.59872622279406,10587800
2021-02-19,129.1050567626953,129.82026497169787,127.22107225144676,127.22107225144676,11969800
2021-02-22,130.31741333007812,130.99773874890658,128.03220506606266,128.10198373836826,11488400
2021-02-23,131.36407470703125,132.84683498327854,130.4744132177142,132.14906152712638,16234400
2021-02-24,133.67543029785156,134.11153702853494,130.9279632181149,130.9279632181149,15061400
2021-02-25,131.8612060546875,135.10584073686263,131.34660337939204,134.55635538397058,18127700
2021-02-26,128.36363220214844,131.59081881166387,127.7879682190734,131.09366414185837,19829200
2021-03-01,131.2681121826172,132.0356642070576,129.50623744875162,130.41334680653026,14845500
2021-03-02,130.84075927734375,132.384581098645,130.69248456022447,130.90182061852883,14221700
2021-03-03,133.37020874023438,135.17568429608514,131.54728518274925,131.90488270823707,14324100
2021-03-04,131.32046508789062,134.65232711359457,129.62836873422293,133.10850546085663,20093900
2021-03-05,131.625732421875,133.87604467700362,129.06142279838141,133.6405433234997,18465100
2021-03-08,133.37020874023438,135.5943564817562,131.4862238314917,132.9864325578321,17133300
2021-03-09,132.42816162109375,134.53891644408614,130.6750174848975,132.14032960310567,16238800
2021-03-10,135.3064727783203,136.20485154068749,132.14905113210608,132.49794448719862,14342200
2021-03-11,134.5999755859375,136.1961143641845,133.7626448827489,134.41680491967375,11771500
2021-03-12,136.19615173339844,137.48703747620974,135.25417273361805,136.8154292608615,12849500
2021-03-15,135.5158233642578,136.86775711193954,134.28601229767517,136.37060227841113,12101100
2021-03-16,133.89349365234375,134.84421651094246,132.74217871808463,134.39937909474867,12805600
2021-03-17,135.2716064453125,136.8328762701881,133.49229652546683,135.48965984920613,13952400
2021-03-18,137.50445556640625,141.02820562641497,137.03346612337486,137.46085553771454,21898500
2021-03-19,135.31521606445312,136.01298959949708,131.86997503951997,135.63793083448013,54418800
2021-03-22,131.67808532714844,134.29472606893358,131.3640879057773,133.27423777670813,19944800
2021-03-23,130.361083984375,132.68116264131334,129.92497707239707,131.11990575236007,17076300
2021-03-24,131.37283325195312,133.60569836477484,130.70995558062353,130.83206497557703,13079800
2021-03-25,133.0561981201172,133.4225262647211,130.247669035896,130.8320505981635,15608300
2021-03-26,135.2716064453125,135.58560387927628,133.05618971767956,134.582563544935,16754400
2021-03-29,133.1695556640625,134.0853825343547,131.7391260040835,132.68111821561928,17570300
2021-03-30,134.73948669433594,135.95186246755253,134.2161667779997,134.72205201336646,13184300
2021-03-31,132.7770538330078,134.7482648080813,132.6811098182129,133.69288064533723,16736700
2021-04-01,134.06793212890625,134.13769749142878,132.18394792670048,132.48921464172892,16561500
2021-04-05,134.7786102294922,135.9367195792239,133.88372215449144,135.46294270440302,13508000
2021-04-06,133.8310546875,135.3576495515458,133.23446270516737,134.05039233758836,13071600
2021-04-07,135.92796325683594,136.1911711941242,133.9276043531442,134.32242295273247,16903500
2021-04-08,136.09461975097656,136.43678594687682,133.62926672573258,135.111991370403,12335500
2021-04-09,137.11233520507812,137.77911676630956,135.96300819090658,136.69997939868443,12122400
2021-04-12,136.82284545898438,137.96340410039238,136.48946128058628,136.4982299685697,12273400
2021-04-13,135.1909637451172,136.16482354028545,133.73455839607112,135.77001840977053,16113600
2021-04-14,132.66419982910156,134.9628542854535,132.41852932679228,132.89230618237104,19939600
2021-04-15,133.5063934326172,133.53271287061088,131.00595311209497,132.69923276377014,17694100
2021-04-16,134.49786376953125,135.55945061002498,133.96267931188518,134.99794670260198,13773400
2021-04-19,133.92759704589844,135.0067481911693,133.55034261997446,134.60316092437262,11900200
2021-04-20,130.9621124267578,133.1379379107246,130.4181460152865,133.1291692251854,13716700
2021-04-21,132.07635498046875,132.13777594909584,128.78629019193536,129.66364080221095,12236700
2021-04-22,129.29515075683594,131.86579491895148,129.19864165749425,131.80437395241248,15256100
2021-04-23,131.76931762695312,132.59402951361878,128.69858985414905,129.1284831744628,14041900
2021-04-26,132.09390258789062,133.7608767400064,131.93598590771848,132.28692078852833,10799100
2021-04-27,132.6992645263672,132.9800231152391,131.69908548129706,132.04125164441825,12821200
2021-04-28,133.55908203125,134.13813665729336,132.83087940528182,133.73454947896698,8943700
2021-04-29,136.15603637695312,136.23499471487992,134.4101039324976,134.7083999117592,12976900
2021-04-30,134.94528198242188,135.54188730026488,134.2433988856152,135.19972113132627,11705100
2021-05-03,134.5504913330078,136.41047035952002,134.3487044392825,135.85774857346306,11801100
2021-05-04,136.4104766845703,136.55085600293526,133.4801286970724,134.1205909295631,12977700
2021-05-05,138.2002716064453,138.86705324950864,135.66472888324276,136.86669493301082,10506700
2021-05-06,140.9814910888672,141.09555096782216,137.88444407980623,138.6828364578715,13542400
2021-05-07,141.46400451660156,141.6921108353581,137.76158420273646,137.93705163157279,14257800
2021-05-10,141.44647216796875,143.64861746920158,141.35873174847708,141.69212927777525,14014300
2021-05-11,139.09515380859375,142.4729588660598,138.65647852254918,141.3236317585922,15451700
2021-05-12,138.1388702392578,141.06044978674913,137.77038453785931,140.03395103557267,14381700
2021-05-13,141.6920928955078,142.52557311743215,138.34060786365194,138.77928307385477,15395000
2021-05-14,143.89427185058594,144.28030826933596,142.12203321877266,142.47296811546823,10584000
2021-05-17,144.4733428955078,144.63127298808246,143.03448823586294,143.33278427068097,9886800
2021-05-18,142.43789672851562,145.2015461800396,142.34138761248062,144.48211215372226,11098100
2021-05-19,141.3499298095703,141.4113373789219,139.18287315353857,141.25342072575614,13278900
2021-05-20,141.1042938232422,142.00796383963726,139.95496671815567,141.1042938232422,10426000
2021-05-21,142.70985412597656,143.20116832798425,141.20080999849125,141.5517448892659,10249000
2021-05-24,143.48191833496094,144.08729242089208,142.23608202777748,143.32400164505287,9440300
2021-05-25,141.9991912841797,145.3769828553027,141.7447521288418,143.7538923769107,12609100
2021-05-26,141.98167419433594,143.6574173482334,141.52544805359048,143.50826932645913,13058300
2021-05-27,144.19256591796875,144.54350077737655,142.63088303518253,143.8416176712542,15707500
2021-05-28,144.09605407714844,144.71019676306028,143.23624092956538,144.48207706021694,10291300
2021-06-01,145.68405151367188,146.4385734704176,145.18395530856208,145.5261214641034,9445400
2021-06-02,145.69284057617188,146.90358870541354,145.2278458225111,146.74565863375648,10498600
2021-06-03,145.78933715820312,146.73687734484395,144.4645426664783,145.12255556937,13354400
2021-06-04,146.0262451171875,146.2280320193317,144.78917748104757,145.8244582150433,8510800
2021-06-07,145.34188842773438,146.6052753017406,144.88566241494183,146.51753489598215,7267200
2021-06-08,144.76287841796875,145.42966019003794,143.14855619886833,144.31543434047225,10370700
2021-06-09,142.9554901123047,144.0784976616837,142.37643557947632,144.00830801643428,12377400
2021-06-10,140.72705078125,144.9734384599637,140.64809242904062,144.20136553886854,12119400
2021-06-11,140.6304931640625,141.42888526053665,139.55135589412242,140.75332168757353,13683800
2021-06-14,138.24417114257812,140.66565451644453,137.44577870647086,140.50772441200175,19917900
2021-06-15,136.14727783203125,137.67387289897405,135.2260702890703,137.48085467025797,24485500
2021-06-16,137.1035919189453,138.28800728215856,134.33116060962737,135.75246440040678,25321200
2021-06-17,133.14671325683594,138.14762204940885,132.6992693004434,137.831775319218,29722400
2021-06-18,129.7777099609375,131.33939308810042,129.46186318312314,130.9884581737773,43595700
2021-06-21,131.97982788085938,132.6553915070968,130.74277386341154,130.7954127508809,18664800
2021-06-22,131.78683471679688,132.4536163290822,130.42693865886216,132.12900090284302,14251200
2021-06-23,132.585205078125,133.39236594261897,131.68153512182707,131.77804421363103,12733300
2021-06-24,133.80471801757812,134.3399023503989,132.67294177921602,133.2870844429515,13733200
2021-06-25,135.15586853027344,135.55067364011308,133.06776972683014,133.87493070772467,15484900
2021-06-28,135.4015350341797,135.53313228415558,133.46258409824284,134.8487998096624,14125800
2021-06-29,135.2347869873047,137.13863570471858,134.76979235706236,135.98930884931565,14528700
2021-06-30,136.4630584716797,136.93683512605642,134.85751921880038,134.89260734005273,12531000
2021-07-01,137.81423950195312,137.86687839814098,136.3578342333174,137.0948055545638,10479400
2021-07-02,137.68186950683594,137.9377749029148,136.8788764514139,137.61127537910568,11424000
2021-07-06,135.3699493408203,137.46124789562833,134.4346008473526,137.46124789562833,15083400
2021-07-07,135.5287628173828,136.13762523977024,133.72866012308293,134.13455942837464,12271800
2021-07-08,133.1904296875,134.5934526901491,132.3962558159308,133.78164038425552,17834600
2021-07-09,137.45245361328125,137.78775890144348,134.63757494231,135.0523070422969,13694500
2021-07-12,139.42018127441406,140.4437757101753,135.83761421370002,136.19940399151307,19940400
2021-07-13,137.34657287597656,138.88196510625443,135.44940419646616,137.69954357144834,22671700
2021-07-14,136.8788604736328,138.78486130650447,134.96404042499427,137.61125931583214,14622800
2021-07-15,137.17893981933594,138.1231079063791,135.62589554239537,135.80237417446864,11539300
2021-07-16,134.04637145996094,137.90248346466916,133.26103023220801,137.62012039289783,14002700
2021-07-19,129.687255859375,132.2021192170501,128.5754287611085,131.08145943847524,22172900
2021-07-20,132.10508728027344,133.3492702522294,129.1225489059008,129.29020830059582,15385200
2021-07-21,134.88461303710938,135.58170801471283,133.56100372958747,134.16986616535957,12356700
2021-07-22,133.1815948486328,135.39644358575345,132.33449222335798,134.9022981436009,9913300
2021-07-23,132.92567443847656,134.86696545874045,132.58153654608637,133.66689244293994,9666100
2021-07-26,133.8169403076172,134.09049763269448,132.5109824579729,132.528634358016,8208000
2021-07-27,133.64044189453125,134.55815205840102,132.18447677143647,132.71391251417427,11218700
2021-07-28,133.86102294921875,134.8052040821422,133.13745683915408,134.38163939559402,9217300
2021-07-29,135.00814819335938,135.7758372764231,134.04632866972437,135.13168452240927,9063500
2021-07-30,133.93165588378906,135.59940361017456,133.41985850420323,134.637583768199,9805200
2021-08-02,133.3933563232422,136.2876478573174,133.30512377352179,134.15222626598455,10203200
2021-08-03,134.9111328125,135.29057461904614,131.93742713752215,134.0816685262622,10394800
2021-08-04,133.45513916015625,135.3346555008019,133.1639434534191,133.4639583763172,10155000
2021-08-05,135.1405487060547,135.61705575127223,134.1346058449287,134.37285936753747,9151500
2021-08-06,138.97898864746094,139.2613651190781,136.8700381837061,136.94063230161038,13328800
2021-08-09,138.82901000976562,139.9055469684494,137.56716177006567,138.99666939152928,9516900
2021-08-10,140.5320587158203,141.16739249274676,137.92896215270906,138.3084039610328,8667000
2021-08-11,142.2086181640625,142.50863310755705,140.37321124267044,141.1850235121308,9156500
2021-08-12,142.76451110839844,143.27630838442684,141.670335900191,142.84393790935846,8844200
2021-08-13,141.1673583984375,143.0910111652187,140.80558204254052,142.7645116730848,8980900
2021-08-16,140.24085998535156,140.32910602201642,138.3436913771498,140.2496926676909,8755800
2021-08-17,138.546630859375,140.17908816578048,137.0112522647953,139.04078977792128,9347200
2021-08-18,137.28480529785156,139.42904663635017,137.07302289001214,137.92895827473794,8065500
2021-08-19,136.13763427734375,137.26711319275807,135.0169745771691,135.14934359246888,9517700
2021-08-20,136.5259246826172,136.6847513779588,135.14937279850864,136.1994386103348,6974100
2021-08-23,138.27305603027344,138.61719392757308,136.98475045143914,137.06416378209656,7934600
2021-08-24,139.1290283203125,139.9055503326464,138.42310044223206,138.53781759345077,7670900
2021-08-25,141.99684143066406,142.7557115008101,139.24373767127554,139.87023869794103,11335000
2021-08-26,142.72926330566406,144.56467059481935,142.19981397562583,143.17928581107753,11027500
2021-08-27,143.87635803222656,143.97342326928566,142.29684312594244,142.72922708456065,8780200
2021-08-30,141.5732879638672,144.264630233666,141.079142523731,144.01755751359792,7937600
2021-08-31,141.14093017578125,142.39394590717697,140.61149430496306,141.57331424840362,12340800
2021-09-01,140.9379425048828,141.85563917935198,140.27613774611248,141.37914567739637,8729900
2021-09-02,141.5909423828125,142.60570439655254,140.6820513681176,141.20268139737863,8813300
2021-09-03,140.7350311279297,141.9703949614903,140.43500265595986,141.5291916688678,7959700
2021-09-07,140.4879150390625,142.40273512283778,140.26731346077798,141.176190886154,9285600
2021-09-08,139.86138916015625,140.81438951590906,139.45547636504924,140.20552705547388,7852700
2021-09-09,140.47027587890625,141.9174218250843,139.4908042439383,139.65846361294814,7904300
2021-09-10,138.85545349121094,141.8203391462153,138.73191714993789,141.6791509092029,8311600
2021-09-13,141.0614776611328,141.22913701958183,139.481976241257,139.887875616442,10052800
2021-09-14,138.5995635986328,142.36742879420936,137.88480318758363,141.582087728084,11685600
2021-09-15,139.56138610839844,140.02906037851577,138.0701172807047,138.29071885960727,11691500
2021-09-16,139.49964904785156,141.9350997568921,138.73195965363078,140.66443216338496,10880900
2021-09-17,139.13783264160156,140.311434752066,138.5378027613687,138.87312149705937,25581600
2021-09-20,134.972900390625,136.38474267247824,132.79335531940697,135.79353194974257,15819900
2021-09-21,134.99057006835938,136.37595501820113,134.6376127823201,135.4758964350064,8999900
2021-09-22,137.5760040283203,138.75842553591713,136.86125690006335,136.94948947355948,11236200
2021-09-23,142.2262420654297,142.6939297953238,139.1290007758004,139.42019647277522,12336100
2021-09-24,143.86752319335938,144.3528493713746,141.90859351342442,142.45568113348585,10102400
2021-09-27,147.34420776367188,147.71481681295234,145.25290903399915,145.5970469700776,13220900
2021-09-28,146.550048828125,149.39139836399926,146.17943977533085,147.97954281239566,13387900
2021-09-29,146.4353485107422,147.2736319500807,145.63235540524306,146.66478280628706,7777100
2021-09-30,144.44113159179688,147.3530759252506,143.64695761115192,147.29130100326972,13161200
2021-10-01,147.47659301757812,148.50900693938615,144.36169935326012,144.71465654441621,11285000
2021-10-04,147.31776428222656,150.39736785206077,146.24122726191567,147.33541618248955,14120000
2021-10-05,149.7234649658203,151.03729209525454,147.95689013320944,148.4362684606215,12292900
2021-10-06,150.04307556152344,150.11409508867152,147.36214598043946,149.1287211610751,8692600
2021-10-07,150.992919921875,152.25348594238827,150.50466918086212,151.97829376443244,10195400
2021-10-08,151.10830688476562,152.1025529467074,150.2916028273725,150.93076488021697,8190100
2021-10-11,147.93028259277344,152.05819254045156,147.77049882242736,151.62321657967215,12154700
2021-10-12,146.7940216064453,147.97469599447038,146.27026776723167,147.1402333784533,13032600
2021-10-13,142.9235076904297,146.83837223897822,142.56842364856442,145.64882579858283,22753500
2021-10-14,145.11618041992188,145.59554521193775,142.08903964199308,143.5892947185567,15176800
2021-10-15,147.9036407470703,148.4007638334521,145.71096220524572,146.78511380271135,14267400
2021-10-18,147.8503875732422,149.6790962604667,147.28224493696283,147.7882404112545,12672900
2021-10-19,149.64358520507812,149.71459117839504,147.8770102294829,148.60493659348077,8053900
2021-10-20,151.65872192382812,151.68535255263262,148.65822486527424,149.40390956297952,8185600
2021-10-21,150.4691619873047,152.09369792803645,149.74122207639823,151.58768893451537,8415200
2021-10-22,152.49319458007812,152.7683867931292,150.64672743486955,150.93967791683724,8817900
2021-10-25,151.74749755859375,153.54070329759966,151.33913868008358,153.31877236365895,10159200
2021-10-26,152.1558380126953,153.12346714829795,151.39239508259521,151.8007539480115,8015100
2021-10-27,148.9866485595703,151.53441087397778,148.55165913333065,151.19708512796691,9847000
2021-10-28,151.2326202392578,151.36577338497253,149.1020886342849,149.4039114616313,7212900
2021-10-29,150.8153533935547,152.90150915464721,150.37149161847853,151.96051081319317,8140100
2021-11-01,150.73548889160156,152.98142879759922,150.03417957412736,152.72398133578608,7435500
2021-11-02,151.3302764892578,152.41330060332,149.95430189723547,150.73550317179578,7173800
2021-11-03,151.38351440429688,151.91615401764597,150.15845142094682,151.02843035912286,8402700
2021-11-04,149.39500427246094,151.09055966282864,147.79711256915726,150.91301764530465,9574200
2021-11-05,149.1819610595703,150.9929113329834,148.61381846932426,149.9365180294975,7975600
2021-11-08,150.07855224609375,151.72971871249374,149.7944877328828,150.06967988635157,6413700
2021-11-09,148.94227600097656,149.5548074994686,147.89476857414357,148.5605613254457,7990300
2021-11-10,148.8002166748047,149.98089061827108,148.32972427834792,148.64930529722292,6999200
2021-11-11,148.79136657714844,149.74122387123737,148.16107680416025,148.71147469687327,5815300
2021-11-12,148.1255645751953,148.90676569960334,147.11356018475198,148.8268602787252,8113400
2021-11-15,147.85923767089844,148.95113388414381,147.3621146322042,148.4362661266297,6492500
2021-11-16,146.7940216064453,148.31203540407512,146.58096299844368,148.30314949608038,9706100
2021-11-17,146.00389099121094,146.9715063941235,145.04514794724378,146.6608112839994,9909600
2021-11-18,144.7433319091797,146.34123705656822,144.30834248012798,145.93287825117406,8122500
2021-11-19,142.85250854492188,143.90890200666547,141.54755350930802,143.1898479147129,12193600
2021-11-22,145.89739990234375,147.34438036587372,144.6900950922002,145.7287302269754,14549900
2021-11-23,149.38616943359375,149.63473102967563,146.8028897611807,146.9182981970727,12354400
2021-11-24,148.21432495117188,150.4158754893731,147.75270492772154,149.54591023199765,9629800
2021-11-26,143.7490997314453,144.38826191240608,140.98829188431475,143.93552767822112,13619300
2021-11-29,143.12767028808594,146.27909173433054,141.8759903237604,144.97413697643654,12104400
2021-11-30,140.99716186523438,142.59506729066257,140.51778346481132,141.29011232202862,18922600
2021-12-01,140.1626739501953,144.93863109222534,140.08278207982204,142.92349479520567,12253400
2021-12-02,143.1099395751953,144.9208899117364,140.97052226797672,141.88487656937767,12969900
2021-12-03,140.5177459716797,143.6602947274543,139.54125825516905,143.36734434882544,12681800
2021-12-06,142.17779541015625,144.35271522095726,141.556391685011,142.93235223869502,11186500
2021-12-07,144.31723022460938,145.04515652317295,143.06553671440145,143.7046987815039,9851600
2021-12-08,142.66610717773438,144.9386780868958,142.1867287088884,144.39716599169788,11705700
2021-12-09,142.4441375732422,142.86135521137777,140.83734644784752,141.72507006503054,11189600
2021-12-10,141.87599182128906,143.54490297320115,141.26346037186278,143.20757721722893,10405400
2021-12-13,140.18931579589844,141.84935467039065,139.62117320734154,141.59192077449563,12069000
2021-12-14,141.26348876953125,142.82587773843719,139.63895263443976,139.77210578256617,12563600
2021-12-15,140.20709228515625,141.90264791120927,139.68333851970203,141.90264791120927,14014200
2021-12-16,142.39976501464844,143.65145870937027,140.88175149511085,142.38200674750365,19542800
2021-12-17,139.15957641601562,141.48542195634934,137.75697120262674,141.43216069625447,28082000
2021-12-20,136.6561737060547,137.33083876838214,134.79194872025192,137.16216911640348,15148000
2021-12-21,138.56480407714844,139.5324197639198,137.6770802810815,137.96115839770619,11291300
2021-12-22,139.10629272460938,139.42587377923533,137.81022378599536,138.26295796938717,7273000
2021-12-23,139.6034393310547,141.25460613401202,139.5590639777114,139.9141480779987,8055200
2021-12-27,140.40234375,140.4378467278534,138.7866805731807,139.90522078654323,6188100
2021-12-28,140.8284912109375,142.16894915945403,140.33136809216552,140.43789060459122,6342300
2021-12-29,140.75750732421875,141.7073784524649,140.39353725382952,141.01495485521306,6398900
2021-12-30,140.68646240234375,142.24886494143172,140.58881224365075,141.2457327244573,6948200
2021-12-31,140.57107543945312,141.40552447050285,140.22486368378213,140.6598396960716,5805900
2022-01-03,143.54490661621094,144.37936898613825,141.60078972150527,141.9114984066782,13120900
2022-01-04,148.9866485595703,149.65244123787915,145.79083828545313,145.8618577966098,20195800
2022-01-05,146.2628936767578,150.35304098319185,146.21823870608205,149.8708027295316,17539400
2022-01-06,147.81680297851562,149.46892794920416,146.34327064452464,149.0581349058741,14047500
2022-01-07,149.28138732910156,149.61180957837593,147.40598760629422,147.95074553516426,13913300
2022-01-10,149.4242706298828,151.20142115770875,147.82571271966276,150.98709911515533,12922500
2022-01-11,149.5760955810547,150.49593074021448,148.5222955104893,150.26373034449165,11854100
2022-01-12,150.4244842529297,151.45148043118525,149.299238964396,150.44234896632423,12568000
2022-01-13,150.23692321777344,151.6479356400798,149.9332912555357,150.33515869106003,13623400
2022-01-14,141.00283813476562,143.80699816639134,140.11871890717197,143.5658722630873,40158400
2022-01-18,135.0908966064453,139.11852392455683,134.4389640627138,139.11852392455683,32324800
2022-01-19,133.00115966796875,135.94821032516654,132.66181189960528,135.3588110951531,22380000
2022-01-20,131.86697387695312,134.50145282089997,131.59905776149859,133.0547248749371,14860800
2022-01-21,129.56295776367188,131.73305036392497,128.8395935635875,131.72412482042682,20705400
2022-01-24,129.4468536376953,129.92016633763484,124.64228141213015,127.0624254247593,28471400
2022-01-25,130.8578643798828,131.14364528059966,125.73178189423707,128.2858907805646,18915900
2022-01-26,132.09921264648438,134.46579003460585,130.34885210555237,132.8136513603849,20709100
2022-01-27,129.76834106445312,134.29608485842846,128.71455471405014,133.43875583246762,17536800
2022-01-28,130.92930603027344,131.06325730708755,126.96418471517951,128.76813912804664,14117000
2022-01-31,132.70645141601562,132.87611846705255,129.1967785653274,130.06303303761217,13985700
2022-02-01,134.98370361328125,135.26948446376548,132.43853434421334,132.78682123900288,14584900
2022-02-02,133.9031524658203,134.79619735234516,132.2331628885896,134.40325542198886,12441100
2022-02-03,132.7957763671875,135.43025614568413,132.42962468096954,133.95673748407293,12474900
2022-02-04,136.242919921875,137.0823842598427,132.85828594147185,133.15299237672326,16654400
2022-02-07,136.69837951660156,137.18954327472105,134.7158188915654,136.87698575835253,12572300
2022-02-08,139.27035522460938,141.52975782547924,138.2433589975901,138.42196525966506,20411400
2022-02-09,139.850830078125,140.59204531797832,139.154256179702,139.84189090841247,9131100
2022-02-10,139.27035522460938,142.02093526627363,138.6184362359828,139.90442312577747,16455600
2022-02-11,137.4574432373047,141.27074805076114,136.6090534689701,138.96669101162917,16830000
2022-02-14,136.18040466308594,137.24311651458467,134.2424991078371,136.394726691121,17026500
2022-02-15,138.17190551757812,139.26142136600333,137.39496082920968,137.98436009618737,9500000
2022-02-16,138.4219512939453,139.40430607642196,137.29671969229446,137.29671969229446,9076500
2022-02-17,135.23377990722656,137.28778586067935,134.5550707027151,136.63586691247866,11367500
2022-02-18,135.8678436279297,137.65393333705288,134.96587323046438,135.85891808502598,11733300
2022-02-22,135.626708984375,136.8501896226984,134.32287121151697,134.49255190326284,11333500
2022-02-23,132.78683471679688,136.90377182783305,132.14384136472486,136.74301667642388,11799000
2022-02-24,129.08963012695312,129.4825720239917,124.829802563923,127.65182743648874,25655100
2022-02-25,132.14381408691406,134.07279374494018,129.4110997181002,129.71473161979517,18367700
2022-02-28,126.63374328613281,129.5450641507888,125.81214378371666,128.19657153705919,31315300
2022-03-01,121.85595703125,125.45492639049641,119.29292288319827,125.06198450854104,36840400
2022-03-02,124.38328552246094,125.06199470229853,121.99885741000365,122.60612136668207,19405600
2022-03-03,123.4991683959961,125.90146126334403,122.40072702744817,124.88339066222525,16640800
2022-03-04,120.02522277832031,120.93613234377204,118.23913307253112,120.5074746298819,21016000
2022-03-07,115.39031982421875,118.49811178399233,115.15811946469606,118.03372469172861,27560100
2022-03-08,114.57765197753906,117.69436964681233,113.65781009895336,115.7743287538605,19207800
2022-03-09,119.16788482666016,120.7753679833972,118.27484014255963,118.68563306624881,17536200
2022-03-10,117.75687408447266,119.17681187977902,116.38159124929392,117.75687408447266,15604200
2022-03-11,115.10453796386719,119.73944242409165,114.68480583873979,118.31950453361293,20061800
2022-03-14,116.24763488769531,118.70350798009756,115.40817063218913,115.6135807384728,15786900
2022-03-15,118.31058502197266,119.26614960974989,117.10498257809587,117.70332102833702,15096600
2022-03-16,123.59740447998047,123.67778887458549,120.05201525815532,120.44495718099488,20354900
2022-03-17,125.16020202636719,125.19593144330103,121.3826269790183,122.2220911288247,17050500
2022-03-18,125.11558532714844,125.78536894533065,123.65099236046133,125.19595609090248,23656500
2022-03-21,124.7137222290039,125.70500267185179,123.8921225075024,125.33886459749782,12676100
2022-03-22,127.36604309082031,128.53592958085719,126.56230823367832,127.05348559161267,13548600
2022-03-23,124.8298110961914,126.44622013394346,124.31184343530798,125.90146221704737,12093200
2022-03-24,125.6424560546875,125.66032076347963,124.23144384927305,125.29416918053192,10017600
2022-03-25,126.74090576171875,127.86613720979891,125.74070003009193,125.9996770046092,8383500
2022-03-28,125.80321502685547,125.8925249564406,123.15087091420524,125.02627042123662,10818100
2022-03-29,126.08006286621094,128.2412433516535,125.24061217045993,128.0179821436087,11316500
2022-03-30,125.50852966308594,126.91954230115346,124.94592061803496,126.72307132453744,8771000
2022-03-31,121.73988342285156,125.33885316482775,121.68628928406396,124.87446601615179,17353900
2022-04-01,120.83789825439453,122.71329791775158,119.4894054166593,122.70435874797869,15721300
2022-04-04,121.37374114990234,122.29357634859676,118.67674161373455,119.77518307519581,17416400
2022-04-05,119.96122741699219,121.81453356962399,119.66433656810648,120.61799220140014,12110300
2022-04-06,118.296875,119.25950875410467,117.82005397387346,118.37784150003151,12914700
2022-04-07,117.93701934814453,118.68374255161295,115.81381051894255,117.81106686369151,12994200
2022-04-08,120.09619140625,120.46504333323581,118.29686282037471,118.45879580376541,13126900
2022-04-11,119.6553726196289,121.36472959450755,119.26852349297991,119.6553726196289,10466400
2022-04-12,118.34185791015625,121.07684557650222,117.58614305279367,118.88166208129542,12989900
2022-04-13,114.52728271484375,116.28162557761347,113.36671479643655,114.20340297650245,30838000
2022-04-14,113.46566009521484,115.42692847650056,112.47602390804352,113.80753004648716,18835200
2022-04-18,115.57089233398438,116.2726294523978,112.94386712693903,113.06082102537643,11834400
2022-04-19,117.96400451660156,118.14394839833008,115.36397466799782,115.56190195566656,15015400
2022-04-20,118.3778305053711,120.11417601890581,118.16190613088588,119.22351714570341,13430200
2022-04-21,117.46016693115234,119.48441157374653,116.92037659646643,118.95361293991306,12174200
2022-04-22,114.08644104003906,117.42420202394086,113.9784857042953,117.20827762466395,14318800
2022-04-25,114.05046844482422,114.36535651867105,110.7576998632124,113.3667283500431,17149000
2022-04-26,110.67671203613281,113.7265806825748,110.5417678665557,112.1341708426179,17209500
2022-04-27,109.23725891113281,111.16254033859113,109.05732876168437,110.05595687808226,17215200
2022-04-28,110.96460723876953,111.24350787885761,108.98534824301431,110.48778619022181,13015600
2022-04-29,107.38394165039062,111.2075152904747,106.970096856543,110.70370543081577,14874800
2022-05-02,108.36457824707031,108.59849292162242,106.35833040456204,107.85176979463733,18545000
2022-05-03,110.68571472167969,111.71133163200636,108.66146973594628,109.33621806452409,15720900
2022-05-04,114.34732055664062,114.6172225671769,110.42478402316829,110.4787685436115,17128500
2022-05-05,111.48638916015625,113.44765744601226,109.90298506551335,112.68294422722889,15055400
2022-05-06,111.30647277832031,111.81928117542357,109.02132454059345,111.37844757255442,14417900
2022-05-09,109.63310241699219,110.95561016010113,108.4095583052652,109.85801851306121,14312300
2022-05-10,106.96109008789062,111.36044804845142,105.76453489907055,110.75767460345868,16382400
2022-05-11,106.28636169433594,110.55976799750485,106.10643154291851,107.32997579146377,14630300
2022-05-12,106.1963882446289,106.44829318230772,103.79428590675552,105.26073643046848,16318800
2022-05-13,107.14103698730469,108.18465105304739,106.12441862096851,107.42893620314689,10443200
2022-05-16,106.39431762695312,107.47391219955917,105.46766436041887,106.64622256963487,10269000
2022-05-17,109.92101287841797,110.63174868290925,108.6884699976325,108.89539586026491,11160200
2022-05-18,108.04070281982422,109.73207641494254,107.53689291348013,109.12930286786727,12664900
2022-05-19,106.43929290771484,107.64484677226233,105.82752084150299,106.33133757266812,12765800
2022-05-20,105.5666275024414,107.6628474023523,103.47940616928206,107.47391868394206,13150100
2022-05-23,112.09818267822266,113.87052264145763,108.36457405173863,108.37357261761396,24376700
2022-05-24,113.68159484863281,114.69821315602941,110.7576855302295,111.88226603730769,19324900
2022-05-25,114.4732894897461,115.03108385539763,112.61098456764918,113.60961254105274,12780400
2022-05-26,116.45256805419922,117.12731638851099,115.34598462970914,115.48992050790858,15990900
2022-05-27,118.09896087646484,118.09896087646484,116.1826711291145,117.1003327482698,11177800
2022-05-31,118.96263885498047,119.79032858844305,116.69549408724052,117.11832379351456,17015000
2022-06-01,116.87541961669922,119.53841887481565,115.7598306839369,119.53841887481565,10768000
2022-06-02,118.75570678710938,118.76469848955854,115.75982253673612,116.8664059607439,8374800
2022-06-03,117.1003189086914,118.54877910852959,116.94737761153944,118.04496925254918,8596000
2022-06-06,116.71346282958984,119.10657351153425,116.47056331714577,117.93700700527805,11323500
2022-06-07,117.01934814453125,117.24426423116766,115.71482385980927,115.90375941281079,6722200
2022-06-08,115.15705108642578,116.46156181020615,114.16742155143083,116.05671554803848,8422100
2022-06-09,112.73692321777344,115.24699412379763,112.70093582466589,114.59023621139838,13560100
2022-06-10,107.55487060546875,111.01857681328936,107.3479447948261,110.28984405745564,12945200
2022-06-13,104.35206604003906,106.11540734246348,103.51537791993975,105.13477649558172,16805600
2022-06-14,102.61572265625,105.54863061899442,101.86000782996334,103.95622759852188,13357900
2022-06-15,103.83026885986328,105.21574595775589,101.81501571695783,104.01919755503046,14083500
2022-06-16,102.04894256591797,102.79566573403068,100.64546816909525,102.43579856810567,16724900
2022-06-17,101.68907928466797,103.1285411394623,100.90637554756806,102.14791011034775,30919900
2022-06-21,104.20811462402344,105.28770900850158,103.49737902308273,104.24410201869186,11680500
2022-06-22,103.62335205078125,104.54100677343308,102.91261630869728,103.35344996911567,9842700
2022-06-23,102.48977661132812,103.62335578572859,100.29459993264686,103.47041447042326,11851500
2022-06-24,105.54861450195312,105.99844664811964,101.50912375126818,101.86899084098015,14841100
2022-06-27,104.70293426513672,106.61022515236665,104.03718457004187,106.21437064311846,11280500
2022-06-28,104.1991195678711,107.32095580556243,104.00119232247715,105.86349715993853,11590900
2022-06-29,103.73129272460938,105.09877939025644,103.21848436700502,104.3610549659152,9338400
2022-06-30,101.31121826171875,102.6337261536329,99.7997816515162,101.8150281771545,15172600
2022-07-01,102.60674285888672,102.93961434360797,100.00671290446905,101.34721113837712,10573600
2022-07-05,102.2164535522461,102.29813625751622,99.20314697860752,100.53734630362622,12514200
2022-07-06,101.55387115478516,102.55225442335892,100.55548788621138,101.40865516961907,10656200
2022-07-07,104.12245178222656,104.28582410524803,102.92439038827249,103.01515125114886,10347400
2022-07-08,103.79570770263672,104.96654153657856,103.11499084043402,104.52180845883026,8807800
2022-07-11,102.43427276611328,103.67771804588263,101.85339493787605,103.06053448780433,7939500
2022-07-12,102.53412628173828,104.53997139779834,101.88971506636604,102.18015402152832,11250900
2022-07-13,101.57201385498047,102.08935828358781,100.18334593382633,101.42679096468649,12979900
2022-07-14,98.02323150634766,98.23198773138412,96.26244161341391,98.01415334231731,26204800
2022-07-15,102.51597595214844,103.36006529696338,97.72372944917768,99.07609218873377,18863900
2022-07-18,101.46312713623047,105.13899436116151,101.00931585478635,104.1678384958555,13977900
2022-07-19,103.97722625732422,104.32212722206869,102.26182037087447,102.67932586933533,11862300
2022-07-20,103.95907592773438,104.14059764732086,102.99699834962846,103.55971983511242,11667500
2022-07-21,104.66703796386719,104.85763787893,102.89717666356188,103.86833256865957,11595900
2022-07-22,104.15876770019531,105.51112338577579,103.16945550163008,104.59442265445784,7645500
2022-07-25,104.57627868652344,105.70172878892247,104.16784435548219,105.13900027541744,9394000
2022-07-26,102.94255065917969,104.90301874241396,102.58857840936416,103.99539616860788,10675100
2022-07-27,104.59441375732422,105.04822500210126,102.83363083632409,103.4780419729543,9337400
2022-07-28,104.20413970947266,105.26606332469507,103.04238398730452,104.60349583569682,10384800
2022-07-29,104.70335388183594,105.73804319258414,104.18600922646183,104.91210322237359,12944500
2022-08-01,103.65956115722656,104.47642276270157,102.62487209849485,103.92277250369129,14740400
2022-08-02,102.04400634765625,103.83202392770305,101.89878341189517,103.3963620450305,14942900
2022-08-03,103.11499786376953,103.55973097180934,101.39051364380984,102.96977493279545,14394500
2022-08-04,101.98047637939453,102.85179324862285,100.76425848875998,102.42520951663785,18033900
2022-08-05,105.06639099121094,105.45666897459219,101.69911207627526,102.1347670335409,14174600
2022-08-08,103.78663635253906,105.91954794254511,103.63234218221672,105.51112056825411,10332500
2022-08-09,104.72148895263672,105.27513927070466,103.80479514861854,104.14968923011551,10233800
2022-08-10,107.45342254638672,108.34289560451963,106.64563911049727,107.06314461138093,12847300
2022-08-11,109.04175567626953,110.00383321404902,108.2884274148036,108.82392823697425,11684900
2022-08-12,110.84793853759766,110.95685573547384,108.40643860888144,109.52281045751785,9906700
2022-08-15,111.14745330810547,111.38343710291792,109.45927486177466,109.94939185502653,8456200
2022-08-16,112.20935821533203,112.76300845005787,110.61194772870266,110.99314748633401,9555000
2022-08-17,111.26544952392578,111.78280104571164,110.44859473599418,111.00224506757232,8149300
2022-08-18,110.40319061279297,111.15651888328534,109.4138854988238,110.94776267986101,9531800
2022-08-19,107.67124938964844,109.8132389383295,107.19928875967574,109.47742306158675,13464500
2022-08-22,105.8923110961914,106.33705108878003,104.83039447638889,105.96492255513769,8967600
2022-08-23,104.84854888916016,106.4550446032187,104.72148229223701,105.91047248431808,7607000
2022-08-24,105.10269165039062,105.65634194716718,103.87739569629183,104.6398022216113,9771300
2022-08-25,107.59864807128906,107.77109163423097,104.99376905362855,105.42943089206129,10758900
2022-08-26,104.07707214355469,108.9056236468533,104.01353884448274,108.42458482179282,11276200
2022-08-29,103.82294464111328,104.24952835453824,102.97885537880298,103.46897239478419,8117300
2022-08-30,103.84110260009766,104.90301935575293,102.88809612218502,104.376596597961,10745400
2022-08-31,103.22392272949219,104.4038279705531,102.86994354010181,103.90463968862345,10738300
2022-09-01,103.93186950683594,104.04077979090137,101.57205204906622,102.82456878809654,9979800
2022-09-02,103.20574951171875,106.60025558691288,102.73378887744438,105.16621735703507,10666600
2022-09-06,103.23298645019531,104.14968716060882,101.71725846017837,103.76848735316932,9751900
2022-09-07,105.1934585571289,105.38405846824777,102.34352420582832,102.67934012915696,10647900
2022-09-08,107.6440200805664,107.81647056017205,104.04075788310112,104.63071385446968,11435000
2022-09-09,108.161376953125,108.96008922393946,107.70756568092969,108.13414938473096,9299700
2022-09-12,109.44112396240234,110.32151890539954,108.72410134825628,109.4774296937704,8614600
2022-09-13,105.63818359375,107.93446744065152,105.08453330758677,107.16298969054854,12904600
2022-09-14,105.39312744140625,106.95423232841526,104.26767055303281,105.91954322994398,9345700
2022-09-15,106.98146057128906,108.35196548374964,105.06637664966534,105.39312128531932,10821400
2022-09-16,106.26444244384766,106.55488136271414,104.71240882197272,106.54580319895298,14844100
2022-09-19,107.24466705322266,107.76201154879891,104.83946628709785,105.28419932812776,8201300
2022-09-20,105.12989807128906,106.81807618997722,104.0498252629324,106.56394304086011,9619000
2022-09-21,102.09844207763672,105.8287707043935,102.03490878647142,105.77431557614022,12606300
2022-09-22,100.93669891357422,103.10591616726137,100.80963231563014,102.90623810631774,11684500
2022-09-23,99.05792236328125,100.1470666293607,97.26083363178914,99.88386218933628,18138600
2022-09-26,96.92501831054688,99.48451376623828,96.26245076554312,98.02324082588356,15753600
2022-09-27,96.07183837890625,98.17752226112906,94.98269416984998,97.79632248042036,12793600
2022-09-28,98.01416778564453,98.6858135306586,95.88125594848457,96.16261675339427,12762600
2022-09-29,96.35319519042969,97.36972782434115,94.75577786264266,97.07021077701687,12713900
2022-09-30,94.8465576171875,97.67834250014899,94.75579674601661,96.26244659636295,15973400
2022-10-03,97.77816009521484,98.34995969035784,94.81023109399344,95.86307635761949,12248100
2022-10-04,102.35259246826172,102.5522705382755,99.71141443432558,100.39213135049404,16013600
2022-10-05,101.0888671875,101.60168102153392,99.66031037179722,100.5027922381571,10943500
2022-10-06,99.02843475341797,100.90571045714559,98.8452889715457,100.23721507884069,11521400
2022-10-07,97.0504379272461,98.6346692694972,96.40025430458641,98.46067587865328,11681100
2022-10-10,96.14385986328125,98.26838343772174,95.7134595164074,97.73725778403534,8931700
2022-10-11,93.369140625,95.73175886685507,93.26840835205988,95.57608425833438,12739700
2022-10-12,94.88013458251953,95.90576927707119,92.74645167540932,93.22264195688732,13181000
2022-10-13,100.1548080444336,100.64015068566272,93.18600369948167,93.38746826449699,22398700
2022-10-14,101.82146453857422,105.53021942862705,101.39106421861624,102.52658356155584,33387100
2022-10-17,106.09795379638672,107.1510593385558,104.68770914662608,105.68587236041571,22276300
2022-10-18,108.8268814086914,110.01734995719536,107.10528729516861,109.57779728362365,21539700
2022-10-19,106.69322204589844,108.81774558935243,105.92399427010457,108.04851781355856,17072000
2022-10-20,106.34524536132812,108.70786427328294,105.90569257888777,107.28846663788597,12207400
2022-10-21,111.9312744140625,112.07778966687378,106.52838910195081,106.64743318152028,20593300
2022-10-24,112.06861877441406,112.72795481078448,111.10709287684404,111.78474069797399,12624200
2022-10-25,112.36165618896484,112.88362938644316,110.70416369964258,111.58327608557636,11289100
2022-10-26,113.65286254882812,114.65101904999469,112.52649560198506,112.63638727546582,11667000
2022-10-27,114.10157775878906,115.56676517888995,113.74443854346963,114.6510221680063,10727600
2022-10-28,115.45687866210938,115.6400244667623,113.59792149728024,114.7334408565705,11859500
2022-10-31,115.27371978759766,116.69312415172827,115.00815349427032,115.10888577748291,13295200
2022-11-01,117.3524398803711,117.47149092150288,115.68579517016053,116.1802971443546,13386900
2022-11-02,116.27188873291016,119.37625691475094,115.96969186898045,116.89459424650867,16546100
2022-11-03,116.48249816894531,117.37992232993088,115.30119593470816,115.66748751829829,12474400
2022-11-04,119.66928100585938,119.80665083109656,117.6363445290073,118.57955864183005,14953200
2022-11-07,120.30115509033203,121.14363698512378,119.4861443680671,119.96233464708139,12011200
2022-11-08,120.37442016601562,120.93302398097727,119.17479901580207,120.182121952005,9884100
2022-11-09,118.8084945678711,120.35608840558159,118.33230432458333,120.2553700959593,9494000
2022-11-10,123.69853210449219,123.85420669491222,121.36338530194085,121.45496516601166,16351600
2022-11-11,123.9000473022461,124.6967393476337,122.50811384319448,123.7993149998187,10704700
2022-11-14,122.62714385986328,124.2937887909948,122.62714385986328,123.44215454020792,11085600
2022-11-15,121.7388687133789,124.27548057036492,120.51177652698621,123.33225248662279,14038300
2022-11-16,121.9037094116211,122.30663858623812,120.90555284831159,121.7938247178637,7893400
2022-11-17,121.37257385253906,121.69308949913398,120.21874267643067,120.87807876938678,8820200
2022-11-18,122.56302642822266,123.32309471228184,121.13446973938957,123.23152880612429,9468500
2022-11-21,121.839599609375,123.222366403102,121.5648739357984,122.47146446666271,7800500
2022-11-22,123.66191101074219,123.87254193148381,122.42566652017736,122.70954457416349,9185700
2022-11-23,124.98058319091797,124.99890196082377,123.49708421047596,123.57034531697187,7316200
2022-11-25,125.21869659423828,125.58498818668618,124.59598411932258,124.98059448333143,3220500
2022-11-28,123.03005981445312,125.19121354026677,122.88353760213049,124.60513866410344,9906900
2022-11-29,125.0538558959961,125.12711700928688,123.0850141288976,123.31394986800805,7925300
2022-11-30,126.537353515625,126.537353515625,121.96780515989336,124.62345411287608,14761200
2022-12-01,124.76082611083984,126.9769224009966,124.01906257456254,126.53735571880368,8858500
2022-12-02,123.77180480957031,123.94579818374828,122.10514614442009,123.15825878750316,8931900
2022-12-05,120.30115509033203,123.23154390906964,119.59604303130392,122.92934703814497,10154500
2022-12-06,120.50261688232422,123.72603612446282,118.92753781929792,122.15095706143653,13966700
2022-12-07,120.42021179199219,121.86708749638261,119.34879409388849,120.2462183757554,11739400
2022-12-08,121.68392944335938,121.77549535581866,120.35609096797697,121.18026801888281,8907300
2022-12-09,121.02458953857422,122.4897698494312,120.87806731555004,121.06121310776614,7957800
2022-12-12,122.9018783569336,123.30479355320443,120.51178848674357,121.24437173314853,8841600
2022-12-13,122.78282928466797,125.53921082280596,121.86708623866639,125.35606500823162,10025400
2022-12-14,122.1692886352539,124.2755005307564,121.57404724460615,122.50810910616701,9966100
2022-12-15,119.13815307617188,120.95132004781694,118.17662026723998,120.09967191197647,12087800
2022-12-16,118.39640808105469,118.95501187828005,117.6088685304276,118.2682046180749,21133700
2022-12-19,119.10153198242188,120.26452950136444,118.21326015727045,118.72607400001165,9017200
2022-12-20,119.67843627929688,120.92384712438992,119.22971724880766,119.93484316154012,8549900
2022-12-21,121.02458953857422,121.77549147859867,120.66745035315796,121.04289433660604,8051700
2022-12-22,119.65097045898438,120.23704535503765,117.59054893757593,120.05389956998245,8648200
2022-12-23,120.21873474121094,120.36525696844745,118.71691684485835,119.57771746346202,5091900
2022-12-27,120.63996887207031,121.0795215304467,119.5502326377995,120.4842942633355,5411000
2022-12-28,121.29932403564453,122.16927709178944,119.9714855059647,120.74072024622446,8827700
2022-12-29,121.99527740478516,122.04106734709401,121.16194796340132,121.729704123271,6585200
2022-12-30,122.80115509033203,123.01177209049708,121.28101819336682,121.61983866838854,9292500
2023-01-03,123.73518371582031,125.21869680593807,122.60882379266664,123.84508237224334,11054800
2023-01-04,124.88903045654297,126.0794851365286,124.14728088810833,124.53189125792152,11687600
2023-01-05,124.86137390136719,125.1934771062939,123.33922834697609,125.14734892409813,8381300
2023-01-06,127.25064849853516,127.65655392856925,124.06800139681229,125.58091267835742,10029100
2023-01-09,126.72480773925781,128.1178026001078,126.27278822661013,127.85950171392554,8482300
2023-01-10,127.85950469970703,127.97020106027225,126.66946251825927,127.11226203686306,9048700
2023-01-11,128.8096923828125,128.92038874886458,127.3982574102741,128.13625195241275,8703700
2023-01-12,128.68051147460938,129.94434160906331,128.43143063360026,129.15098499532414,11001700
2023-01-13,131.927734375,132.37054791484914,124.35395902005588,125.09196751012998,20200000
2023-01-17,129.88902282714844,130.5716691791465,128.44067969679156,130.23034600314747,14292900
2023-01-18,125.98680114746094,129.82441997763814,125.83919663343917,128.15468438224798,13392600
2023-01-19,124.30785369873047,125.36873142072389,123.23774189524636,124.83368959532557,13303400
2023-01-20,124.61226654052734,124.99049784740329,123.20083173812868,124.68606880111352,13092500
2023-01-23,126.63257598876953,127.26910825273292,124.37243600869981,124.64917692664585,10487100
2023-01-24,127.72113800048828,129.41854812235326,124.53849050290523,125.848449232367,6945000
2023-01-25,128.33920288085938,128.33920288085938,126.61411884438579,127.35212745255436,8967000
2023-01-26,129.132568359375,129.20637063279165,127.63811103263491,128.61596652180285,7487600
2023-01-27,129.4462127685547,130.31335768367455,128.92037692534547,129.7137336540936,7489900
2023-01-30,128.3484649658203,129.2340642277722,128.14551220238417,128.44070726425264,6729300
2023-01-31,129.11410522460938,129.21558157284034,127.53661182508125,129.04030296441033,9188700
2023-02-01,128.77276611328125,129.96280818647722,127.41667951434165,127.49971585355509,8841800
2023-02-02,128.1731414794922,129.5753562429886,127.30598253465021,129.15099677428282,11822100
2023-02-03,130.15655517578125,131.30046932687927,127.42594137506877,127.47205548026778,11501200
2023-02-06,130.92222595214844,131.21743502591008,129.17868782973096,129.36318646266028,8406200
2023-02-07,132.51815795898438,133.1546901998994,130.23956397477656,130.42407668185118,10447900
2023-02-08,131.58644104003906,132.877945632751,131.25433784814967,131.5956610455783,6958000
2023-02-09,129.5384521484375,132.232171333837,129.03107040131695,132.02921863498875,6443100
2023-02-10,130.11036682128906,130.33177354449663,127.85022773435554,128.9480131962102,6582900
2023-02-13,131.52188110351562,131.6694715831288,129.8336909451477,130.35029281465685,7134600
2023-02-14,132.10301208496094,132.66574197126275,130.6270091910982,131.45725993912467,9249400
2023-02-15,132.6565399169922,132.73956218775996,130.35027188671188,130.63624687025177,6728300
2023-02-16,130.82997131347656,132.27830022529912,130.70080679865134,131.83550073283425,8165300
2023-02-17,131.21742248535156,131.76169832719637,129.21558365288175,130.05505446393278,7948800
2023-02-21,128.8096923828125,130.387171904429,127.99788149484765,129.78754781985546,9996300
2023-02-22,127.82260131835938,128.625178115217,126.78939771078694,128.15470448884244,11107500
2023-02-23,128.84658813476562,129.30784176770013,127.25065450618847,127.97942905263373,8068000
2023-02-24,130.0089569091797,130.40564239801506,128.1639421690133,128.33000081532785,9126900
2023-02-27,131.1436004638672,132.20447789923145,130.73769512556922,131.0974722979079,10014700
2023-02-28,132.2414093017578,132.61962654587361,130.90376263556865,131.8631779812996,11019800
2023-03-01,131.50340270996094,132.34288763092906,130.81152231767038,131.0882772898551,7139200
2023-03-02,130.13809204101562,131.39268826747863,128.72664313356037,131.2174237309055,11106800
2023-03-03,132.5274200439453,132.60122232710134,130.14734919846117,130.5440206345354,9513100
2023-03-06,131.75250244140625,132.87794842363948,131.60489789161204,132.3244524764281,9261300
2023-03-07,127.87793731689453,131.28199097093213,127.13070877358717,131.00523600917407,11747600
2023-03-08,127.12152862548828,127.85030331281072,126.2820434729467,127.3060272990582,10002500
2023-03-09,120.23958587646484,126.70637040071524,119.20638230996192,126.16208045104264,25888100
2023-03-10,123.29309844970703,124.77833580714312,117.91488608986784,118.96655091628814,37599700
2023-03-13,121.07906341552734,123.50526172401649,119.38165363815746,121.04216932312453,42901100
2023-03-14,124.18791961669922,125.02740457985469,121.11596883139065,124.79677777083461,29648100
2023-03-15,118.32078552246094,120.83924067778277,116.90935746654276,120.83000659558746,34280600
2023-03-16,120.6178207397461,121.72482660430684,116.25435842995631,118.09014585331869,24558500
2023-03-17,116.06062316894531,118.52371558895283,115.72852002937451,118.4314733190589,38396000
2023-03-20,117.2875747680664,119.43701841508131,116.24514407761322,117.14919726872469,22875500
2023-03-21,120.43333435058594,121.5218862397595,120.10123114982464,120.47022845007287,17807800
2023-03-22,117.32447052001953,120.53479879711034,117.23222120408215,120.44254244300132,17250200
2023-03-23,117.01081085205078,119.49235749309963,116.25435522322675,117.98867327821704,16677600
2023-03-24,115.23038482666016,115.9407123176095,113.56986894913054,115.89458413950018,22311100
2023-03-27,118.532958984375,119.35398985556544,116.5034388565988,116.96469247134272,18853900
2023-03-28,118.89274597167969,119.31709144922273,117.84108116887145,118.73592141899253,10820500
2023-03-29,119.13258361816406,120.12889311989855,117.86874617402837,120.0181967562647,14595300
2023-03-30,118.7728042602539,120.03663464387499,117.7580477285773,119.87981010605174,12134700
2023-03-31,120.2119140625,120.23958815310226,118.86506139871327,119.61228999766035,13105200
2023-04-03,120.07353210449219,121.2543401115248,119.38165175304299,119.84290532067578,11775400
2023-04-04,118.46836853027344,120.47020739068543,117.53664136039777,120.3871851240944,11579900
2023-04-05,118.64503479003906,119.14709201057964,117.57582414515304,117.89194186582034,9614700
2023-04-06,118.51486206054688,119.08200834987258,117.94771577122117,118.0778797956493,8760200
2023-04-10,118.90536499023438,119.2214756231624,117.35268891892979,117.65020772955945,9477300
2023-04-11,119.49110412597656,119.88159621491059,118.5799488250562,119.28655862413275,10516300
2023-04-12,119.47250366210938,121.26690877514532,119.06341266372614,120.10472488738162,11821000
2023-04-13,119.92808532714844,119.97456133339055,117.9198281563234,119.43532049173513,12450200
2023-04-14,128.9838104248047,129.3464112241228,125.42287735108336,125.65531412466714,43931300
2023-04-17,130.00653076171875,130.22036860936103,127.98898138025827,130.11809586712968,16050500
2023-04-18,131.4662322998047,131.81954073230335,129.26273624552854,130.41562773954573,13760100
2023-04-19,131.2989044189453,131.55923250733605,130.53650488378904,131.30819678395326,9158100
2023-04-20,130.91766357421875,131.4941021338163,130.0158079128283,130.08089700791183,10586200
2023-04-21,130.66665649414062,131.19661917231718,129.03030663899233,129.92287013341033,11842500
2023-04-24,130.84329223632812,131.18730827572392,130.20176453203194,130.5922707591097,7567500
2023-04-25,127.99827575683594,130.1274044640123,127.96109211671873,129.79269495570054,10629300
2023-04-26,125.72968292236328,128.1284318863963,124.5860980839009,127.95177768638719,14416100
2023-04-27,127.42184448242188,128.22142756587223,126.12949656476765,126.44560717787672,9041100
2023-04-28,128.52822875976562,128.60261022124138,126.13877219035167,126.96624644240126,9887300
2023-05-01,131.2802734375,133.29782272315924,130.93627158760816,132.26580298667045,20415800
2023-05-02,129.1604461669922,132.4052681693228,128.7048650486828,131.4662146588088,14113400
2023-05-03,126.42701721191406,128.92803938903776,126.22247169793857,128.71420151054193,12930900
2023-05-04,124.69767761230469,126.1852786601543,122.5499640622479,125.47867596517398,17089200
2023-05-05,127.13362121582031,128.19353232279389,126.36192943463914,126.85469425360314,11261400
2023-05-08,127.44046020507812,128.27722704115507,126.89189855490372,127.83095234103517,7484900
2023-05-09,126.82678985595703,127.32884698655893,125.71109630932034,126.38050108785183,7343600
2023-05-10,126.89188385009766,128.36088601235872,125.39499040898734,128.25861326097296,8133400
2023-05-11,126.4920883178711,127.19869096486417,125.42287070396287,125.51585108319455,7057300
2023-05-12,124.67908477783203,127.36605317835334,123.77722900657062,127.20799788265374,9988600
2023-05-15,125.72968292236328,126.13877387252892,124.54891444607372,124.83713374637769,7639500
2023-05-16,124.88363647460938,126.38982222709488,124.54892695329985,125.9435475942871,6477200
2023-05-17,128.72349548339844,128.85365952238953,125.94356046777068,126.35263731401683,12711500
2023-05-18,129.69972229003906,129.9135601537646,128.0819572058346,128.5561373131233,10999600
2023-05-19,129.4021759033203,130.62015634556295,128.4259529385829,129.96932211998757,13492200
2023-05-22,128.33299255371094,131.68938019077746,127.98899066253614,131.09434260740792,11402500
2023-05-23,126.99413299560547,129.26271783242626,126.87327553866224,127.87738976422008,9514900
2023-05-24,125.83197021484375,126.77102387365669,125.59024107397305,125.88775277144353,8578000
2023-05-25,126.13880157470703,126.69665557232207,125.12538052629566,125.34852496270497,8472500
2023-05-26,127.31957244873047,127.93320895067457,126.10160599557224,126.54788063934289,8579900
2023-05-30,127.80304718017578,128.04477632756996,126.46420903839032,127.18941066738822,7399900
2023-05-31,126.17599487304688,127.22659952969529,124.95801416158596,127.12432677336852,14219900
2023-06-01,127.91459655761719,128.5189264451528,125.93423086765819,126.92906698751237,12248100
2023-06-02,130.60154724121094,131.54058649622345,129.55092871196666,129.75547416344452,12922500
2023-06-05,129.3185272216797,130.26687328356348,128.42597790551955,130.26687328356348,8511900
2023-06-06,129.55096435546875,130.25758126837246,128.50035972398217,128.9373278322047,9329500
2023-06-07,130.80612182617188,131.34537684682581,129.076791651942,129.74621069918032,9281400
2023-06-08,130.84329223632812,130.99205516218504,129.6811084783462,130.78750968583515,7368100
2023-06-09,131.1036376953125,131.83814587263618,130.3598513407576,130.49001537148624,7249100
2023-06-12,131.09434509277344,131.3918709835064,129.94145354640617,131.15943420142702,7596600
2023-06-13,132.04270935058594,132.8329860065813,130.2947799684501,130.61089063084825,7701600
2023-06-14,131.54991149902344,133.5209706496138,130.81540340563754,132.95382439764776,9068700
2023-06-15,133.0375213623047,133.32574071990598,130.19249724469475,130.71315339866047,9343100
2023-06-16,133.195556640625,133.8556832851755,132.4889539932474,133.00031770567188,13813500
2023-06-20,132.51686096191406,132.95384326002164,131.13153259272033,132.5912424367851,8428600
2023-06-21,132.3216094970703,133.90217667494477,131.7358643045841,132.8608503119899,9926500
2023-06-22,129.7740936279297,132.58193366281853,129.18834845257769,132.31229907643169,10075200
2023-06-23,129.0954132080078,129.40221732055474,127.95181385942702,128.80717963940447,9919500
2023-06-26,129.41148376464844,130.1738689072679,128.0168633016688,129.11395792287587,8429700
2023-06-27,129.42080688476562,130.01584452291195,128.80717033038513,129.23486028287297,8154000
2023-06-28,128.85365295410156,129.43010582894865,128.26792190190724,129.3836156345039,7558600
2023-06-29,133.35362243652344,133.4744941017453,130.02514023569887,130.22968573677505,15423200
2023-06-30,135.22244262695312,135.7430988182832,133.56749365301806,134.44145833995805,14212800
2023-07-03,136.3102264404297,137.11910189866717,135.74308012722005,135.9197343507007,8021600
2023-07-05,135.40216064453125,136.14169879641477,135.14004477164264,135.68300316098157,8934900
2023-07-06,134.06350708007812,134.2320040302401,132.40654898226205,133.8856396654107,9709500
2023-07-07,135.12132263183594,136.52552097664736,133.866908872023,134.71879262942724,8981500
2023-07-10,135.87957763671875,136.6659395090326,135.2710974449543,135.2710974449543,9100100
2023-07-11,138.00460815429688,138.37906960740568,136.4038300805188,136.99358365726889,11260900
2023-07-12,138.68798828125,140.29813690742736,137.61144189846328,138.03269855763006,11323200
2023-07-13,139.36199951171875,139.83006562336877,138.31353599258082,139.20285874786703,11234900
2023-07-14,140.2045135498047,143.1252412336155,138.93137327763844,141.870827603696,27028400
2023-07-17,143.58395385742188,143.93031818225228,140.7474745833013,140.7474745833013,17262400
2023-07-18,143.84608459472656,144.5388133160355,143.05973693495963,143.58396870813758,13491700
2023-07-19,144.39840698242188,145.2971002736689,142.49805956001194,142.99420853526703,12510000
2023-07-20,146.17703247070312,146.58893291052811,144.54817163861398,144.66050292793233,9935900
2023-07-21,145.05369567871094,146.1676953908266,144.8103064253035,145.84941384000646,10636400
2023-07-24,147.9088897705078,148.64842793429298,144.84773343199822,145.07241030562304,14381400
2023-07-25,146.8042755126953,147.64678887686114,145.99920115581102,147.25361502130073,9944700
2023-07-26,147.68423461914062,148.14294461366953,146.29876273861433,146.70130707753685,8728600
2023-07-27,146.0553741455078,148.6390943050811,145.6153907955602,147.69360576809055,10778400
2023-07-28,146.8885040283203,147.5344375190384,146.44852076027303,147.2348683645196,9103800
2023-07-31,147.8714599609375,149.20076607298495,147.11318082189925,147.14126364731788,8892700
2023-08-01,147.1412811279297,147.90891653855547,146.17706591601933,147.37531422371853,6853900
2023-08-02,145.47494506835938,145.74643141841656,144.1081999906907,145.6247296556844,8299400
2023-08-03,146.36427307128906,146.89786098978126,144.4920086983106,145.10048890583116,6084000
2023-08-04,146.0553741455078,147.7216885960237,145.75580493522597,146.41109472740982,6209400
2023-08-07,146.74807739257812,147.6280439392386,146.5983070977639,146.5983070977639,7251800
2023-08-08,145.92428588867188,146.01789053426512,142.8444030785175,144.46392200237997,8623400
2023-08-09,143.9677734375,145.58729252584976,143.66821854323672,145.40006893140463,6277800
2023-08-10,143.75247192382812,145.51240519701045,143.31248860553254,144.5201072567677,5995100
2023-08-11,144.5856170654297,144.65115317660656,142.88186387000218,143.25631104053193,5180700
2023-08-14,144.8852081298828,145.02562226899528,143.15335756484984,143.7992911732594,5044300
2023-08-15,141.19683837890625,143.48100350640703,140.6351532778257,143.08782964934886,10300300
2023-08-16,140.5977325439453,141.3185585176941,140.12029586070057,140.98155027009378,6978200
2023-08-17,139.1373291015625,141.59934699720856,138.92200841764713,141.2436264856294,9953900
2023-08-18,139.4556427001953,139.95179172208907,138.02336129220063,138.21994109410372,8517500
2023-08-21,139.93304443359375,140.5134561406489,138.56629935066977,140.09218520164686,8327000
2023-08-22,137.0310516357422,140.0828378134794,136.53490265589448,139.7271029659488,9673300
2023-08-23,137.95782470703125,138.1637749740239,136.1698227115898,137.00297996106144,7858000
2023-08-24,137.82675170898438,139.86752750903037,137.60208910349877,138.0795114244007,6534000
2023-08-25,137.6582489013672,139.1279690919885,136.53489306897146,137.8735553172173,6695500
2023-08-28,138.13568115234375,139.11862293308627,137.73315111613948,138.14505161734553,5094100
2023-08-29,139.25901794433594,139.34328069655484,137.77992738593437,138.27609058280225,6337000
2023-08-30,138.69735717773438,139.62411896057506,137.78930775518225,139.127970012283,6277300
2023-08-31,136.98423767089844,138.87522886814105,136.63787329971225,138.79096610726893,10933900
2023-09-01,137.44293212890625,138.62245352140573,136.3944543846634,136.75954535978775,7903500
2023-09-05,135.92637634277344,138.74414307002488,135.74850896054588,137.7612015206172,7854700
2023-09-06,135.70175170898438,136.24469590171947,134.90603349797408,135.45834815612446,8629200
2023-09-07,134.5409393310547,135.9919472963918,134.23201394868647,134.92475701377694,8373700
2023-09-08,134.64389038085938,134.9153624223818,133.53924700348213,134.2132633018919,7107900
2023-09-11,135.23365783691406,135.785972381945,134.51283207562778,135.50512987768147,6854200
2023-09-12,136.99359130859375,137.9110112067669,134.84985472125945,135.2711113808214,8363200
2023-09-13,137.0591278076172,138.26673213964824,136.50681320165899,137.92972395420438,8325900
2023-09-14,139.7177276611328,140.32620786354758,138.09822299168405,138.39777786104037,10034900
2023-09-15,139.3058319091797,140.16707182842225,138.83776580409716,139.4088070236676,19863400
2023-09-18,139.59603881835938,139.61476546325227,138.31354218596897,138.6973598429271,6512400
2023-09-19,139.41818237304688,140.15773491994022,137.80804789167848,139.95178466264682,7943400
2023-09-20,138.82843017578125,140.65388539898544,138.67864557176296,140.09220027603982,7332000
2023-09-21,137.74249267578125,139.34328503841164,137.26507039146745,138.15439313326482,8052400
2023-09-22,136.4225311279297,138.08884517442365,135.91702606345376,137.88289496335204,7071700
2023-09-25,137.09658813476562,137.1621242596877,134.52222401576978,136.06685105771544,7044700
2023-09-26,135.6736297607422,136.5255134713151,135.01834009270283,135.36471871200064,7468400
2023-09-27,136.46934509277344,136.7595437767897,135.28045325041472,135.91703054679127,6717800
2023-09-28,138.1637420654297,139.36199008748372,136.68465153852856,136.93741122131527,8868100
2023-09-29,135.75790405273438,139.25902955568586,135.60811946323787,139.109259250434,11917800
2023-10-02,134.5877227783203,136.31955867978297,133.520532702074,135.58002056869492,9170600
2023-10-03,133.59544372558594,134.41923041723004,133.25843553401722,134.054139400051,9431100
2023-10-04,134.19459533691406,134.3069266623955,132.86527465889336,134.0448107134402,8128700
2023-10-05,134.7603759765625,134.9489954403181,132.8082911555661,133.94936120720567,8576200
2023-10-06,136.83505249023438,137.57062223122574,134.04364892699462,134.76979345220388,10270600
2023-10-09,136.52386474609375,137.11796998670525,135.32620026862298,135.4770900778378,6964900
2023-10-10,137.35372924804688,138.40994351775856,137.00480915687686,137.13683414188532,11288800
2023-10-11,137.82525634765625,138.84374102392985,136.75963119469503,138.16475123974746,8698200
2023-10-12,137.50462341308594,138.58912775754237,136.86336329119763,137.96671807007812,10484400
2023-10-13,139.56988525390625,144.38881902981274,139.41899543795483,140.0414051365208,29427000
2023-10-16,139.4284210205078,141.00329554327354,138.3627815883004,140.9372758593186,12663500
2023-10-17,139.12667846679688,140.80528837588392,138.4288237446185,139.16440812185908,11482700
2023-10-18,137.5989532470703,139.07951838576773,137.08970365032715,138.24021346264712,9620300
2023-10-19,137.01426696777344,138.64573642948045,136.62763152732992,137.19344685926188,11143600
2023-10-20,134.80752563476562,136.87278493216152,134.02480093728053,136.3352597722285,13332900
2023-10-23,132.96861267089844,135.49595244442185,132.71398789413,134.7981121972243,10133400
2023-10-24,133.12890625,133.6570061539827,132.36504643247912,133.14777107218316,8881400
2023-10-25,132.40277099609375,133.1383408268775,131.56346622047414,132.56310041145807,8242600
2023-10-26,132.74227905273438,133.6004487370822,131.48803437322115,131.7992392386323,9109400
2023-10-27,127.96107482910156,131.17684405250557,127.48955492149321,131.03537944643568,17434700
2023-10-30,129.59251403808594,130.17719404826093,128.29111464548342,128.66833915982525,9855500
2023-10-31,131.13909912109375,131.3088537506683,129.63966944313077,129.86600415268222,9672500
2023-11-01,131.0259552001953,132.52538506399418,130.58272533258497,131.3182952427371,9432000
2023-11-02,133.3646697998047,133.42124987825363,131.29941059855653,132.1104252988265,10186200
2023-11-03,134.8546905517578,135.58083522229103,133.77020054443747,134.0908306209058,9538700
2023-11-06,135.8731689453125,135.9769038934277,134.6566396092663,135.01499931905428,7625100
2023-11-07,135.80714416503906,136.0429040937685,134.68493899158793,135.33562430758016,6297900
2023-11-08,136.47669982910156,136.58985998285516,135.43935045421637,135.90144506478217,7618200
2023-11-09,136.07119750976562,137.3537321294573,135.5148075176755,137.15570184261244,7992500
2023-11-10,138.0892791748047,138.1364340318637,135.8731447894524,136.68415940608418,7983300
2023-11-13,137.47633361816406,137.91956345188186,136.89165357778936,137.40088871139884,6676300
2023-11-14,139.9848175048828,140.7486773711874,138.17418298003085,138.32505839820212,9927700
2023-11-15,141.21078491210938,141.60685990157586,140.00369511859856,140.00369511859856,8365300
2023-11-16,142.82339477539062,142.89883969668293,141.54085989271647,141.54085989271647,8126200
2023-11-17,144.11534118652344,144.15305644499725,142.90823707069305,143.53064675784515,7812400
2023-11-20,144.55853271484375,144.99233725857215,143.26657307859108,143.41746286681334,7019000
2023-11-21,144.25677490234375,144.87918451834597,143.87956480214766,144.47366999047435,7083500
2023-11-22,144.59629821777344,145.11497299989654,144.19078361006055,144.6717431305955,5174500
2023-11-24,144.79434204101562,145.6430865972685,144.5491568436877,144.84149691463753,3496900
2023-11-27,144.4643096923828,144.7849398605956,144.0116544908089,144.69063009834505,6259100
2023-11-28,144.79434204101562,145.10554693934364,144.0210567942755,144.4925767512003,6582700
2023-11-29,145.52989196777344,146.76527166017885,145.22811235973722,145.38842738039006,9126100
2023-11-30,147.18963623046875,147.23679109279772,145.5864716387902,146.08628152226098,9869800
2023-12-01,147.90635681152344,148.86826142383205,146.94446658886,146.94446658886,8916000
2023-12-04,148.99087524414062,149.04745533437793,147.0010605294652,147.13308553656773,9607500
2023-12-05,148.9720001220703,149.47181007082003,148.02896031089793,148.3024355246939,9135600
2023-12-06,147.4065399169922,150.1507890224694,147.11419989902313,149.79242931546503,9366000
2023-12-07,147.8592071533203,148.34959188917585,147.25566224366952,147.7649118050395,8130900
2023-12-08,149.49066162109375,149.73584676995327,148.0383723826528,148.3024223551613,7369400
2023-12-11,150.03762817382812,150.2262332436277,149.1417289104025,149.49066339865834,8093900
2023-12-12,151.37673950195312,151.4993248802861,149.83015494063707,150.16021020801867,10223000
2023-12-13,151.88597106933594,152.80072072522947,150.66945619346848,151.37673596516078,12379100
2023-12-14,154.64910888671875,155.45068411871856,152.49897919789595,152.61213937426155,13643000
2023-12-15,155.81845092773438,155.8656057922749,153.14022154170772,153.79092125929148,20309300
2023-12-18,156.76150512695312,157.61024959807705,156.19568986918287,156.46916508532496,8469600
2023-12-19,158.85504150390625,158.87390632782794,156.12023201068527,156.5445970162341,10345700
2023-12-20,157.06329345703125,159.760388064777,156.9689837140342,158.42127317416848,10734700
2023-12-21,157.95916748046875,158.5155575124074,156.24282812678547,157.3367577550905,7601700
2023-12-22,157.8648681640625,158.64759298134297,157.7045531132431,157.95917790673107,6576300
2023-12-26,158.79847717285156,159.15683691468658,157.65739264154033,157.9214570337028,4683600
2023-12-27,159.75091552734375,159.81693521176237,158.0345907978248,158.2797759335722,6428600
2023-12-28,160.59967041015625,160.93916529174086,159.373715871676,159.70378553614376,6320100
2023-12-29,160.4110565185547,160.96744648038407,159.96782671448216,160.31674679399487,6435100
2024-01-02,162.27830505371094,162.36317518980186,159.28887034656313,159.458610618745,9977400
2024-01-03,161.5709686279297,162.24051865354426,160.66564432400662,162.0707784407321,9852300
2024-01-04,162.6432342529297,164.4840152154625,161.81772058185265,161.9126118704199,11972500
2024-01-05,163.45924377441406,164.5124733318374,162.70015693042274,162.70015693042274,10066000
2024-01-08,163.22201538085938,163.54462255510825,160.8214137681895,163.22201538085938,11229900
2024-01-09,161.9315948486328,163.00379113396048,161.4002383747752,162.84248752428073,9923600
2024-01-10,162.273193359375,162.3301223453623,160.3090564725397,161.3053571624542,9670200
2024-01-11,161.58999633789062,161.6469253167498,160.01489369036094,161.6184608273202,11919500
2024-01-12,160.4039306640625,167.29261232317756,160.26159373589286,164.91099163359718,19436500
2024-01-16,159.39813232421875,159.49300912270533,155.8968555922771,156.43769533094127,17206400
2024-01-17,158.54417419433594,160.42291746804034,157.9748698967347,158.78138793793093,11107500
2024-01-18,158.85728454589844,158.9616591633274,156.788787827513,158.57262518214884,9382300
2024-01-19,161.59947204589844,161.84618358047715,158.53467484219206,158.98063779337124,13115700
2024-01-22,161.40969848632812,163.1840524158629,161.03016233915122,161.7418034738899,12837500
2024-01-23,160.34695434570312,161.06807867571882,159.82508138657255,160.99216856544774,8360800
2024-01-24,161.77975463867188,162.26366540807356,160.22363323770475,160.69806067066273,9967100
2024-01-25,164.094970703125,164.142416344373,162.1687963911467,163.49718747582935,8873500
2024-01-26,163.46873474121094,164.20884046709205,162.99430725137032,163.7818586219111,7443000
2024-01-29,163.8956756591797,164.00005026001583,162.53882032668415,163.4307461013977,6971200
2024-01-30,167.25466918945312,167.71959885740603,163.99060578443397,163.99060578443397,10822100
2024-01-31,165.44236755371094,169.1808587775688,165.4233863987124,167.18825737571814,11521800
2024-02-01,164.84454345703125,165.89777288401743,162.6621744802231,164.7591499982318,9354800
2024-02-02,165.79339599609375,166.82765873693674,164.398578274706,164.4365405747899,8607600
2024-02-05,165.57518005371094,166.13500096991308,164.07598757427212,164.9679134968324,7820200
2024-02-06,166.14450073242188,166.8751085895703,164.87302414792433,165.6795566137463,6764800
2024-02-07,166.4575958251953,166.87509426680478,165.0627925456374,166.70430734707855,7225500
2024-02-08,165.85983276367188,166.34374353104843,164.69274533742478,166.04960084038564,6060300
2024-02-09,166.05909729003906,166.14450523792445,164.78763514943896,166.04961395288615,6296700
2024-02-12,166.79917907714844,167.76701502799656,164.81607601810813,165.84084094046935,8539300
2024-02-13,165.34744262695312,167.21668785869483,163.79132123629455,166.35324093999716,8397600
2024-02-14,167.0269317626953,167.09335855725456,165.49927474998213,166.11603914000582,7056700
2024-02-15,170.67051696777344,170.99313861983137,167.1407757730594,167.1407757730594,8723400
2024-02-16,169.87350463867188,170.77491396724417,169.04800544533634,170.42384226035486,8152600
2024-02-20,170.53765869140625,171.23033307735642,169.28517796097287,170.02528350131405,9668000
2024-02-21,171.64785766601562,171.73326561657646,169.38959269081207,170.7464483434242,7024000
2024-02-22,173.7068634033203,174.03895391200567,171.97045729976963,172.52079484720994,9296500
2024-02-23,174.57980346679688,175.72790969059875,173.8207167154575,174.40900207051712,7105800
2024-02-26,173.98204040527344,175.02578661879247,173.1470434344582,174.3520932485434,7145400
2024-02-27,174.06744384765625,174.15283732137044,172.91933742537933,173.9346047290859,5717100
2024-02-28,174.94985961914062,175.72791305734785,173.60248748692752,174.04843594056865,6131600
2024-02-29,176.5439453125,176.89501700223315,174.44698403277337,176.1644091332413,9643000
2024-03-01,175.8133087158203,176.90450047991027,175.63303845622815,176.20234267897524,6311800
2024-03-04,177.13221740722656,177.99567880021087,174.84548820991387,175.26298666271404,7063600
2024-03-05,178.9066162109375,179.61825747313026,176.82862140879405,176.82862140879405,6617800
2024-03-06,179.83644104003906,180.34883071700543,178.03362279204532,179.57076286619525,7572900
2024-03-07,178.26138305664062,180.75687632347888,177.08481213046088,180.19705535193344,7618300
2024-03-08,178.59347534179688,180.71891558839314,178.3088159683026,178.80222458380084,6172200
2024-03-11,178.6598663330078,178.80220324195417,176.69574439925185,177.70152818428755,5762600
2024-03-12,180.13059997558594,180.43424047505954,178.2993170776544,179.28611974419184,5708400
2024-03-13,181.59185791015625,181.92394844272968,180.1306132360268,180.62402184480607,7795500
2024-03-14,178.35623168945312,181.82904361105847,177.53073267534398,181.25972495957816,10310900
2024-03-15,180.56707763671875,181.17434415077483,176.94244522461395,176.94244522461395,17214200
2024-03-18,182.80636596679688,182.84431378763173,180.1780341639533,180.88019191558524,9013800
2024-03-19,183.8785858154297,184.01142492310007,182.54071140188407,182.85383525818784,8478700
2024-03-20,186.28866577148438,186.5068983228866,183.7077795412809,184.2581170660835,9367000
2024-03-21,188.87904357910156,189.23011523950757,186.2886739000261,186.46895863754574,11203800
2024-03-22,186.5638427734375,190.22642320705918,186.48793264526574,188.83160536845347,8108800
2024-03-25,184.8559112548828,186.86747893022638,184.41943164766377,186.54487175179887,8620000
2024-03-26,185.7193603515625,186.60180291274617,184.13477445009167,184.63766637481814,5961500
2024-03-27,189.3155059814453,189.39141609973538,186.33610261083916,186.44996054908697,8725800
2024-03-28,190.05563354492188,190.45415085331146,188.38563970590695,189.28706341600085,8628300
2024-04-01,188.7652130126953,190.6629229824968,188.414141301363,189.76151364251672,7309000
2024-04-02,188.6892852783203,189.56223004560812,187.9491796173942,188.24332231873962,7014700
2024-04-03,188.15792846679688,189.353480421599,187.5886097387711,188.8600718225351,9353400
2024-04-04,186.726318359375,190.57250726060758,186.63088813761217,190.06668194049317,9243800
2024-04-05,188.44422912597656,189.08366842916283,186.21096089165496,187.21307291356746,6532300
2024-04-08,189.4272918701172,189.9044867913881,188.60651602301783,188.60651602301783,8001000
2024-04-09,188.15792846679688,189.80903317635733,186.02010480291608,189.03597982912675,7351500
2024-04-10,186.55453491210938,188.08156408606877,185.3233641819326,186.63088782709028,7681400
2024-04-11,186.51637268066406,187.60439092248092,184.42627146372058,187.0603818015725,10137700
2024-04-12,174.45289611816406,180.31284860479283,174.2142986804954,179.73068483719993,31532300
2024-04-15,174.54830932617188,178.90987668749668,173.88977818734347,176.08487712916175,14766600
2024-04-16,172.55368041992188,174.80604095219934,171.4561234016168,174.5578902815886,16451800
2024-04-17,171.8665008544922,174.0997692825039,171.02663324895016,173.09765717367875,9017100
2024-04-18,172.98312377929688,174.99688652001322,171.7615061943233,172.83997115716338,9557700
2024-04-19,177.32562255859375,177.40197548789726,173.13585204182792,174.08068859594022,13402300
2024-04-22,180.77098083496094,181.45814267621753,177.4974161519145,177.50696937040865,11529700
2024-04-23,183.3764190673828,183.46231063719642,181.83031255941904,182.41249080398302,9144400
2024-04-24,184.2735595703125,184.41671219594375,181.49628213042132,181.83986299476692,6964900
2024-04-25,184.5503387451172,185.094347885253,182.46022289146978,183.48142690000614,9802300
2024-04-26,184.66485595703125,185.98190375230607,184.25446084078007,184.74120887546937,6413700
2024-04-29,184.46446228027344,185.3997602213909,183.65322511238105,184.65533733070905,5387800
2024-04-30,182.9946746826172,186.09644101035263,182.89922989355478,184.0158640239999,8153700
2024-05-01,183.1092071533203,185.59062618122607,182.08800319125083,183.50051042268325,7445300
2024-05-02,182.91835021972656,184.67442393414981,180.87595665640484,184.26404331556682,6501700
2024-05-03,181.82078552246094,183.7486568896736,179.86429819068653,183.2428314886118,8922800
2024-05-06,183.2427978515625,183.43367285342538,181.16223557444755,182.98510858949157,7911100
2024-05-07,183.0042266845703,184.13039955093174,182.90878188854626,182.95650428655827,7688800
2024-05-08,186.726318359375,187.6807079539802,182.28841256959262,182.28841256959262,9227600
2024-05-09,188.49195861816406,188.57785019283477,186.20142924996162,186.268228953762,7977300
2024-05-10,189.70404052734375,190.24803507157247,189.22684568795714,189.48452041598773,7529800
2024-05-13,189.6658477783203,190.734774070511,189.00731660118564,189.7326620428204,7049200
2024-05-14,192.31906127929688,192.385875547787,189.121864553999,189.9235483988948,8596200
2024-05-15,192.89170837402344,193.44525616341704,190.65843990714103,192.79626357615743,8370000
2024-05-16,193.23529052734375,195.1536086492636,192.77718753280783,192.99669309394335,8497900
2024-05-17,195.449462890625,195.69761353618276,193.55977533673882,194.51416504960696,9260500
2024-05-20,186.65953063964844,196.48974700752038,186.48773292892272,195.06770117767758,17373300
2024-05-21,190.41981506347656,190.78247320493176,187.63299920837585,188.01474921922218,14420800
2024-05-22,189.2650146484375,191.77506416081215,188.6732977083887,189.92354585608186,9425300
2024-05-23,187.93841552734375,189.25547795628643,187.12719303061385,188.78782176676148,8069400
2024-05-24,191.55555725097656,191.6032650842563,188.54922104999036,188.73055741751145,7356200
2024-05-28,190.4007568359375,191.26925501132146,189.59907293381323,190.7443377315382,6910200
2024-05-29,189.07411193847656,189.91397939194528,187.9097555371963,188.969128506793,6120000
2024-05-30,190.23849487304688,190.7347815795727,189.35090490632123,189.5036107487647,6829100
2024-05-31,193.3879852294922,194.02742456659686,189.3031985702233,190.20986585230213,14417900
2024-06-03,192.61495971679688,193.18758486888004,190.1049098398087,193.0826014065732,6444300
2024-06-04,190.0762481689453,192.7676194373073,189.2363806080914,191.0306378288864,6848300
2024-06-05,188.26290893554688,190.70615882571187,187.9384199292547,190.6488832103386,8351600
2024-06-06,187.92889404296875,188.98826727546506,186.42095645130888,188.2629217264352,7640300
2024-06-07,190.83021545410156,191.75597461770602,188.024307437637,188.42514935958465,6964500
2024-06-10,190.50572204589844,191.6796172589224,189.38908788285167,190.15260252915212,6070800
2024-06-11,185.49517822265625,188.9118950141953,184.7698473106833,188.8832644889089,9235300
2024-06-12,182.7942657470703,187.74755082799157,182.5842988392324,187.0603890501278,12751300
2024-06-13,184.82708740234375,185.7051240581642,182.1738855659129,183.54820887513762,8587800
2024-06-14,184.941650390625,185.97239310049383,182.68928992746697,182.7179204558384,6874000
2024-06-17,186.0869140625,186.65955375205004,183.85364548635286,184.65532940145712,8725400
2024-06-18,188.0147705078125,188.930991025547,185.27567673463204,185.72424105772285,9023000
2024-06-20,189.6085968017578,190.35301959036525,187.16536154039684,187.43258948693125,8731100
2024-06-21,187.34669494628906,188.17700929825324,185.36156268713378,187.73799820567726,20972100
2024-06-24,189.80902099609375,190.14304864072443,188.1102085595612,188.78781706567207,9785900
2024-06-25,189.0359649658203,190.94474426582192,188.72101463378038,189.05504227358247,6862500
2024-06-26,188.42515563964844,188.91190371760356,187.3276132855566,188.44424751166255,7758600
2024-06-27,190.0857696533203,190.74430078925033,187.919301243349,188.4346797683504,7913500
2024-06-28,193.03482055664062,193.359324063685,190.20983571090594,190.88744412013153,15307600
2024-07-01,196.079345703125,197.64454410688455,193.416605054855,193.5883881973363,10205800
2024-07-02,199.30520629882812,199.33383682530447,195.43038637882975,195.92665854630712,7802900
2024-07-03,199.17156982421875,200.78449059341636,198.1789964757142,199.99234547043878,5560900
2024-07-05,196.532470703125,199.0084419463454,196.27336816071954,198.64377422771068,8093100
2024-07-08,196.89715576171875,198.55739478921961,195.74554496023563,196.77239292168676,8707000
2024-07-09,199.25796508789062,201.30206944737745,197.16585925201633,197.33860892161442,9058900
2024-07-10,199.42111206054688,199.58425558028438,197.2906255075793,197.82804290048543,8328500
2024-07-11,199.085205078125,199.70900458588088,197.09867916383936,197.89521368869632,10658100
2024-07-12,196.67640686035156,199.08519330986306,193.9509249213505,195.77430721941593,15443400
2024-07-15,201.5803985595703,203.07749413226495,198.38466855930605,198.83571846178796,10719700
2024-07-16,205.00643920898438,205.12161054317335,199.68982876618043,201.53240903441477,11557000
2024-07-17,208.12538146972656,208.78756169090065,204.6705491521375,205.1791773653675,11572500
2024-07-18,201.51318359375,207.90464262796732,200.80303124118646,206.93537311360464,12415100
2024-07-19,201.3212432861328,203.78762269683403,200.49591964655664,202.68398424570762,8095900
2024-07-22,201.8011016845703,203.6148926358178,201.25409280392114,201.97385135034514,7663200
2024-07-23,201.8490753173828,202.95269915898984,200.9085949784075,202.5112554797567,5557300
2024-07-24,200.17922973632812,203.48052438660613,199.68020772158312,201.1005270559385,7119000
2024-07-25,200.25601196289062,201.71472666285024,199.66101627259542,200.23681430218042,6403800
2024-07-26,203.68206787109375,204.56496989068702,200.20802348732903,200.8030338162583,8027800
2024-07-29,202.34811401367188,204.99682004630137,202.0602076823259,204.0755227146991,6533600
2024-07-30,206.5131378173828,207.08893590558594,204.3730597013521,204.63216225145678,8850700
2024-07-31,204.219482421875,207.6647229458713,204.09471959527943,206.11964077185962,9071600
2024-08-01,199.57464599609375,205.207951245614,198.05835297856282,204.6033494115887,10918600
2024-08-02,191.1102752685547,196.41729340747878,188.95099978059565,195.6591542348571,18041700
2024-08-05,187.041259765625,188.2600550784406,183.20254728490596,186.22554214958782,13927000
2024-08-06,192.26190185546875,194.4307836748442,186.17754637997143,187.5210898263343,10605800
2024-08-07,192.3194580078125,197.45374096940827,192.12752534383736,195.3040570597253,9204400
2024-08-08,195.83189392089844,196.64762609323657,193.65342072084405,194.30600938741946,7761200
2024-08-09,197.50173950195312,198.14472201831654,194.71866445703174,195.26568795748204,5540200
2024-08-12,197.87603759765625,198.78772889996102,195.44805308023797,198.0871679594775,6936000
2024-08-13,199.55548095703125,199.69942682508034,197.11789020553704,199.35394209823576,6387800
2024-08-14,201.76272583007812,202.26174789086065,198.76852024775556,199.36353061795853,6999800
2024-08-15,203.0198974609375,205.26554061728052,202.58804526064463,204.41142772567014,7001000
2024-08-16,205.34230041503906,205.45745708775618,203.0582621159896,203.15423577226989,7931200
2024-08-19,206.76260375976562,206.8393797501519,205.19833871665472,205.37107371238164,6090800
2024-08-20,205.87013244628906,207.290451812223,205.0639917823852,206.33077379457382,5640000
2024-08-21,205.94691467285156,206.33078003410972,204.25787193885594,205.78375651861572,5202300
2024-08-22,207.89505004882812,208.05819355178016,205.6973792260983,205.92770721801395,5247100
2024-08-23,209.50732421875,210.35184563489813,207.77030919614816,208.82596096633335,7214000
2024-08-26,210.3326416015625,210.82207214735465,209.25780684522277,210.17908959536388,5105200
2024-08-27,211.30189514160156,211.53222313341251,210.3518232928703,210.65891263842738,5185200
2024-08-28,212.36717224121094,213.25008902913484,210.35185690406252,210.4094352503344,6506400
2024-08-29,213.2500457763672,213.98898726168142,210.11189474931135,213.19245279825017,6416100
2024-08-30,215.73562622070312,216.38820025870874,212.981340289583,213.5283638010213,8574100
2024-09-03,211.4170684814453,215.06384784728323,210.39981213405102,213.336424500989,8956100
2024-09-04,210.4862060546875,213.11572940311365,208.4516931045851,212.1272474569603,7389500
2024-09-05,208.85475158691406,211.89692943579365,207.31926075481468,211.2731298787107,8067900
2024-09-06,203.89321899414062,209.91999639189612,202.57845001745773,208.82596392525963,7777000
2024-09-09,208.06781005859375,209.35377522003003,205.54385192671694,206.51313619606708,8935100
2024-09-10,197.27139282226562,209.82398189589819,192.52099000049404,209.78560122187278,28406900
2024-09-11,198.8740692138672,199.3251190484655,193.6918138354718,196.97391086092546,13658700
2024-09-12,198.2694854736328,200.36157653556083,196.6284296106188,199.27713568329062,9054400
2024-09-13,196.0814208984375,199.46908315177689,194.83383653849526,198.51899663631963,10226700
2024-09-16,199.4786834716797,199.81457665233654,197.30021016072058,197.5305381683303,8634900
2024-09-17,200.81263732910156,201.46521139164926,199.28675270326914,199.35392255393126,7573300
2024-09-18,199.16197204589844,202.81834284396587,198.3654375571648,200.58229137057424,8259900
2024-09-19,201.99302673339844,203.3653739246752,198.9796383186764,201.32125504416572,11635200
2024-09-20,202.5784454345703,202.8951409629487,201.05256077890448,201.46521533060852,20885000
2024-09-23,202.91433715820312,203.25982185543435,201.52280686007273,202.49207645675105,7223500
2024-09-24,203.0582733154297,204.3634360377964,201.88746493315114,202.63601263414566,7323200
2024-09-25,201.71473693847656,203.68207992104146,200.19844382266885,203.1446478984502,8976500
2024-09-26,201.3212432861328,203.16382323049552,200.58228714937277,202.61681440246963,7807500
2024-09-27,202.01223754882812,203.87401538274102,200.88941594295318,202.1561834046356,7032500
2024-09-30,202.35769653320312,202.45367018723,196.98349406521893,197.9911588584064,8663800
2024-10-01,198.69174194335938,200.6590849232253,197.87602436679808,200.47674374625123,8540100
2024-10-02,198.93165588378906,200.52472495596922,197.39617979497947,198.73013169432915,5810900
2024-10-03,196.9547119140625,198.16391556637382,196.10059907948147,197.85681157736644,7251300
2024-10-04,203.94537353515625,204.37987213930614,199.78381659479555,202.09150201972523,10211700
2024-10-07,203.66534423828125,205.98269458084312,202.46806055788844,203.76190602752735,6718900
2024-10-08,203.4915771484375,204.05160318568684,201.20320683180367,203.32743387199133,6021800
2024-10-09,206.06959533691406,206.86136077091666,202.16874354804747,202.47771475974207,7024000
2024-10-10,205.5095977783203,207.4117504068459,204.18678651006365,207.4117504068459,7927100
2024-10-11,214.6341094970703,216.89352881613823,207.74968365741609,208.2421134569088,18320700
2024-10-14,213.8520050048828,215.99554718168815,211.34156042358927,215.51276767760157,9048900
2024-10-15,214.7306671142578,217.68527532023913,214.1803061412129,215.95693117924253,9235800
2024-10-16,215.93760681152344,215.97622268757254,213.42714760377535,214.6727269219523,6382500
2024-10-17,216.6907501220703,218.0715071604394,215.6189790372494,216.54592216463283,6470200
2024-10-18,217.60800170898438,218.13906204363374,215.4161936428324,217.25074963533817,7000500
2024-10-21,215.3196563720703,217.92666271781536,215.22309457904748,217.46319852448005,5870000
2024-10-22,216.40106201171875,217.521113903058,213.48508466002997,215.3389560319398,9586800
2024-10-23,215.71551513671875,217.05764140440024,214.8658185989315,215.9569048592029,6180500
2024-10-24,217.2314453125,217.30869179537711,214.0257973060313,214.18994055717258,6002200
2024-10-25,214.65342712402344,217.84942517866347,213.27268477329852,217.25078329046238,6369700
2024-10-28,217.7335662841797,217.86874396216535,215.2713877542694,215.65762021512975,6843000
2024-10-29,215.22308349609375,218.9404913371286,215.1361867268046,217.45353704067085,6580000
2024-10-30,216.6811065673828,218.5156628404685,213.94857273050474,214.87550115342282,7110900
2024-10-31,214.27684020996094,217.91700157327347,214.18029315501,216.96109290971893,7829900
2024-11-01,215.26171875,218.36115478761525,215.0299792936343,215.86036059570225,6923500
2024-11-04,212.21055603027344,216.05347672838175,211.62156445041862,214.9817056480971,8229600
2024-11-05,213.86166381835938,214.3154777176928,212.42297563395553,212.45194122469928,5600700
2024-11-06,238.55101013183594,239.4586379717928,226.68429620853013,226.90637065875526,23987800
2024-11-07,228.2388458251953,236.1467765550335,227.11879382619438,236.07918035167899,16451100
2024-11-08,228.8181610107422,231.09688077350958,227.65949319123993,231.09688077350958,9502100
2024-11-11,231.04859924316406,233.76183232238978,230.7685936247478,231.734152593889,9017100
2024-11-12,231.30929565429688,233.1438664671285,230.53684556117094,232.265204302032,6861000
2024-11-13,232.8542022705078,235.68328295062503,232.03347126141182,232.29417630585863,11472600
2024-11-14,233.53973388671875,235.87638473135124,232.74798322472824,234.0707942453307,10172200
2024-11-15,236.8612823486328,237.93305345699474,233.14388893789499,233.14388893789499,11518800
2024-11-18,236.59091186523438,239.3910269686542,234.32184240561926,239.22688371269956,9051400
2024-11-19,234.7177276611328,236.70677679200912,233.2307733224933,233.90666165823853,6792700
2024-11-20,232.48728942871094,236.1853820806055,230.42099380614764,235.9826082126915,9015300
2024-11-21,236.33021545410156,237.03508413180523,233.771489998293,234.8529113632746,8783500
2024-11-22,239.9897003173828,240.56902689654652,234.65981033615955,235.21983634263424,7997300
2024-11-25,241.66973876953125,245.55128980408418,240.48210540768852,240.99385046333052,10295400
2024-11-26,241.36077880859375,242.35530337685785,239.78691296046713,241.86287360225722,6212100
2024-11-27,241.18698120117188,242.53877266956593,240.20212160840157,240.76214760817405,5472300
2024-11-29,241.11941528320312,243.09881434916647,240.8587102055902,241.25459296543534,5494800
2024-12-02,237.76889038085938,241.63112616369568,236.5909072884335,240.95523784835137,8899700
2024-12-03,236.3881378173828,240.46278283539104,236.20467926840362,239.68068248090884,6657700
2024-12-04,235.01705932617188,236.89991119978995,233.88735704195787,236.2722889974968,7346300
2024-12-05,237.02540588378906,238.66685314495626,236.19502460109126,236.93850911465168,6572500
2024-12-06,238.8406982421875,239.20761541279887,236.4074851983536,237.2378666090839,5519700
2024-12-09,235.41293334960938,239.3331004642951,235.36465245379455,238.61859624597477,7076500
2024-12-10,234.49563598632812,239.4199922894347,233.87767887717348,235.49016047866672,9108300
2024-12-11,235.142578125,235.85709707692163,233.8390676036829,235.59639202600604,7884400
2024-12-12,233.21144104003906,235.69293449672634,232.73831187283054,234.63081380840498,6113800
2024-12-13,231.67620849609375,234.36046110198654,230.90375841719614,233.7328537003409,10392700
2024-12-16,231.32861328125,232.38106899290696,229.33956421642742,232.32313781366128,9032000
2024-12-17,230.15061950683594,230.78789191547116,228.48020673867956,230.43062510460985,8083600
2024-12-18,222.43580627441406,230.8361807627836,221.62474030815744,230.7685845656322,11322400
2024-12-19,224.93663024902344,228.21952494296886,224.27039218428922,224.27039218428922,11790800
2024-12-20,229.4168243408203,230.97137492047273,223.61380532033132,223.93244155838863,32348400
2024-12-23,230.17959594726562,230.40167037895355,226.79048935961865,227.93950685968346,8611500
2024-12-24,233.964599609375,234.13840789117347,230.8361978696138,231.18378496668848,3729100
2024-12-26,234.76602172851562,234.88188409735528,232.49695211699543,233.11490930624282,4451800
2024-12-27,232.86386108398438,235.0074032318014,231.77277470486047,234.3604804730654,5730200
2024-12-30,231.07757568359375,232.54521468407714,228.94368391501692,230.54651531283838,5723800
2024-12-31,231.4541473388672,233.12456023279114,230.79755957752477,231.78243385290807,4871000
2025-01-02,231.73416137695312,234.9011937371106,231.20310097714537,232.6224738942401,9220900
2025-01-03,234.9011688232422,236.4460689618726,231.9851768098756,235.49016034360332,9491100
2025-01-06,233.7559356689453,238.4533732605044,233.49388418568068,236.52198200348707,9917800
2025-01-07,236.00758361816406,238.03602046971054,233.80444084898824,235.00792278474734,8753400
2025-01-08,235.96878051757812,237.05578696137664,233.41624059042408,235.5999684129956,8675300
2025-01-10,232.8048095703125,236.628762281155,231.70810291840846,235.92996814062778,10256800
2025-01-13,237.01698303222656,237.3372500960213,231.96043318189513,232.61069705427852,10005300
2025-01-14,240.1809539794922,240.42359041299397,235.05647368868276,235.51263136841433,12407400
2025-01-15,244.917236328125,246.19834907161936,236.50259128635952,243.02466018784034,18448500
2025-01-16,246.78067016601562,249.46908602016472,244.8978090555052,246.51861866884337,15292300
2025-01-17,251.52664184570312,252.94363035716344,244.71340648745428,246.65449800073918,17678100
2025-01-21,255.28268432617188,256.46675149701815,251.85665851835842,252.40987678428797,13712100
2025-01-22,255.09825134277344,255.62235436148842,252.5845413063042,255.1564817205521,9021900
2025-01-23,258.11663818359375,258.99980869731013,256.03965618936724,256.8937411358266,10749700
2025-01-24,257.0393371582031,259.2327800677332,255.26325143834285,255.92321545084891,7666300
2025-01-27,258.0196228027344,258.13608356694,254.53536671960657,256.38911286643724,7522300
2025-01-28,259.2715759277344,259.45595234973075,257.02958825496063,258.0195637615963,7375400
2025-01-29,258.7280578613281,262.7073011271936,257.78662735417487,259.3395063870375,7684900
2025-01-30,260.3294677734375,261.75617104949805,258.766873890751,260.71768010583645,8753500
2025-01-31,259.4268493652344,262.8431891272981,259.09686738707205,261.3000250446993,7193800
2025-02-03,258.9512939453125,260.2712514893426,253.99181967172157,254.11796573208338,8381400
2025-02-04,260.04803466796875,261.8920656979003,258.97071346699056,261.8920656979003,5626000
2025-02-05,262.46466064453125,262.6684965624178,260.4265087965908,260.9894418764152,5704400
2025-02-06,268.7441101074219,268.8217703532776,263.20230221236784,264.4251993255983,7264400
2025-02-07,267.6764831542969,270.3454837389774,266.61859193134063,269.10318646976515,6857900
2025-02-10,263.0567321777344,268.0453220031556,261.64942897239877,268.01620681498275,8627400
2025-02-11,266.890380859375,268.08416285966723,261.71738476219014,262.299718167667,7196400
2025-02-12,267.33685302734375,268.3073988294126,265.2016404153094,266.0071803987953,6683900
2025-02-13,268.18121337890625,268.81206220355733,265.74513402635904,267.38535874167565,8398700
2025-02-14,268.4432373046875,271.0054922240324,268.30737630553097,269.20026178200214,5688600
2025-02-18,271.70428466796875,271.72368491952835,267.89001749911944,268.6082414686908,7919800
2025-02-19,271.02490234375,271.9954480996811,269.0546956439582,270.18053227508295,7007200
2025-02-20,258.94158935546875,270.52990776080935,257.9128132494212,270.47167738640707,13846700
2025-02-21,256.45703125,261.2709600914064,255.09827295553427,260.41687498668233,12835600
2025-02-24,253.6424102783203,259.1357025074417,250.99280984837583,257.67016901902093,10372800
2025-02-25,249.81846618652344,255.2535282245515,245.88776780849437,254.50621867157093,9608400
2025-02-26,251.1675262451172,253.2250783593955,249.36229586835162,249.58553203875115,5943600
2025-02-27,251.41986083984375,255.87469182858476,250.2649090455339,252.51658225954176,8204400
2025-02-28,256.8548889160156,257.0101797673479,250.29402075476108,253.0503667238304,10467100
2025-03-03,252.94361877441406,258.47574118143245,250.2261026277376,256.22406802064074,9058300
2025-03-04,242.87905883789062,249.6534784144641,238.70570941047404,247.76090247214182,13465600
2025-03-05,244.12135314941406,245.5965867262712,240.53033710346665,243.84960154438141,7861400
2025-03-06,239.27833557128906,242.015281613365,236.66758002130527,240.80209946195242,9983200
2025-03-07,235.14382934570312,239.45305495919504,232.36806783489953,238.00693642207267,20498700
2025-03-10,225.380126953125,230.5143072655119,221.9638018922669,229.25260968443942,18887200
2025-03-11,222.390869140625,226.44775837890697,220.0130348377413,224.92399432932947,18143000
2025-03-12,221.1873779296875,227.41829488617915,220.56622922120076,227.1077131272591,16054000
2025-03-13,218.5572052001953,222.74025511632564,217.62547474110963,222.54614892341084,16467900
2025-03-14,225.59364318847656,226.27302221151962,220.87679052941755,221.40087868737876,11962100
2025-03-17,227.03977966308594,228.728534744304,223.6719992463231,224.37077862165546,9586000
2025-03-18,228.04913330078125,229.2137852248078,226.6418449421928,227.4182844946614,10344900
2025-03-19,232.0671844482422,235.19234280757902,227.97148038251137,228.79645015668714,10120600
2025-03-20,231.9701385498047,234.6391394103261,229.24290731273203,229.5923043813926,8328500
2025-03-21,234.51296997070312,235.16323383404452,229.53406562636874,230.8054781658387,19326900
2025-03-24,240.75357055664062,241.36501910335522,237.21108457850144,238.2495608050386,9422700
2025-03-25,243.73316955566406,244.40284852183765,240.32654434675553,241.96676910521467,9287700
2025-03-26,243.6361083984375,247.16889448049588,242.4229261613384,245.1598723967236,12779300
2025-03-27,240.8118133544922,243.25759285817858,239.89949795497841,242.18028645376282,8022500
2025-03-28,235.69703674316406,242.16086005777964,234.00828183952703,239.6665652294854,11978400
2025-03-31,238.0748748779297,238.61837812715723,230.36873927152533,232.35836101622476,13603000
2025-04-01,236.48318481445312,238.45339153399044,233.78506877067235,235.47380892493115,8054700
2025-04-02,238.57957458496094,239.9674479641913,234.34799432373393,234.48387014274496,7758800
2025-04-03,221.95411682128906,228.2141341410838,220.60505877931982,227.36976405138714,17188500
2025-04-04,205.34344482421875,212.58925038559218,204.02513159690807,210.25535885692955,27170700
2025-04-07,209.40577697753906,216.83712407913987,197.41406528016333,200.9393169780438,22914400
2025-04-08,211.77871704101562,222.4911845873146,208.24370556467724,218.27260941397304,19485700
2025-04-09,228.83859252929688,231.9048767833682,206.04652973562588,207.5113154920403,24022400
2025-04-10,221.7783203125,224.9422627815506,214.93289385418547,224.60047349209523,18896400
2025-04-11,230.65493774414062,232.97906934942662,219.71787325553504,220.99711715573133,20284500
2025-04-14,229.20965576171875,234.1508635519738,228.14524845049638,231.53378705459363,13017800
2025-04-15,227.65699768066406,233.04739831448416,227.35427768752865,230.55727455130136,10912900
2025-04-16,224.21961975097656,228.0964202463851,222.57905209596737,226.5535109270035,9322300
2025-04-17,226.5144805908203,228.83859723978307,225.13757837531108,225.38170933973876,9557900
2025-04-21,223.61419677734375,226.36798622449223,221.02639969234494,225.21569525952322,8716200
2025-04-22,230.0592498779297,230.44986835764868,225.9383180454656,226.53399818903708,10701400
2025-04-23,235.22508239746094,240.99632733668028,234.36573659509583,234.5805730456871,14126800
2025-04-24,238.8968048095703,239.7073214295824,232.0025485026731,234.11184368965115,9055200
2025-04-25,237.83238220214844,239.85377878556818,236.07463632488924,238.9065494767277,8588600
2025-04-28,237.5101318359375,241.04514340247584,235.18600030625285,238.81867021795682,7394300
2025-04-29,238.87725830078125,239.49247309158469,236.01605058594708,236.50431250866183,7216800
2025-04-30,238.87725830078125,239.4631785682675,232.83257331348125,235.5473233123009,12991700
2025-05-01,241.09397888183594,242.61735374261244,236.4847850001896,237.13905420831426,8689600
2025-05-02,246.58201599121094,247.66595799036438,243.60363036252463,245.36136125795574,7165000
2025-05-05,246.630859375,249.16982732673011,244.7071062124704,245.28325170363556,5450700
2025-05-06,243.3985595703125,246.71873456309945,243.1544286178849,244.13095242759528,6369900
2025-05-07,243.5352783203125,246.5234388677099,242.98842735746476,243.98448584012095,8724100
2025-05-08,247.51951599121094,249.87294218409184,245.64459187714368,245.66412652745117,8320100
2025-05-09,247.13865661621094,249.51160240858812,246.41602360630893,248.52531868880288,5087600
2025-05-12,253.94500732421875,257.4116847639064,252.62672400889193,256.7281061698435,9603900
2025-05-13,256.8355712890625,257.480080666336,254.2770833315241,254.90204315724205,8589000
2025-05-14,259.4037780761719,260.3803018066779,256.1324176187488,256.8257411230891,8643100
2025-05-15,261.2103576660156,263.19269990894253,258.5444666020599,260.7025759874391,9214600
2025-05-16,261.2787170410156,262.1575825394603,258.495618128322,261.2201279945288,8932900
2025-05-19,258.66162109375,262.02086524830315,255.78086405036862,259.31587533133506,12145000
2025-05-20,259.44287109375,260.3998752754938,256.14221543550514,256.35705189258454,8436300
2025-05-21,254.91177368164062,259.413533964149,254.60905369653722,258.1440649815309,7464000
2025-05-22,254.5504913330078,256.1422002145729,252.79273047922572,253.34935623964725,6514100
2025-05-23,254.58950805664062,255.8394573114257,249.9900893661378,250.78107124918157,6671800
2025-05-27,259.06201171875,259.0717566921421,255.83946524243134,255.8883093139594,7506600
2025-05-28,257.30426025390625,260.45844302460614,256.7281147573034,259.9897008471859,5535400
2025-05-29,258.16357421875,259.1791672441841,256.3667741282984,258.5834722711684,5081200
2025-05-30,257.80230712890625,259.10107079095377,256.56213251620557,257.265230909512,10977700
2025-06-02,258.4468078613281,258.8081169206428,255.75159247660167,256.84529442949264,6011200
2025-06-03,260.01898193359375,260.32170192801004,256.70858174263634,257.53863293425644,6998400
2025-06-04,258.01708984375,260.84900257661883,257.9780205519404,259.67719203257207,5915700
2025-06-05,255.80043029785156,258.5249103385397,254.1989169051607,258.5249103385397,8173800
2025-06-06,259.49163818359375,260.3900232458276,258.0561472374403,258.12448124353404,7738100
2025-06-09,260.4779357910156,261.61070691825,257.1675357719009,259.75531775168025,8285000
2025-06-10,262.2943115234375,262.58725675736963,259.6088709415357,259.63816546492893,7538100
2025-06-11,261.8548583984375,263.2903496169879,259.5502764699578,262.37241483499554,7434100
2025-06-12,261.9427490234375,261.9915930968164,258.91554891738133,260.5951413369258,6618000
2025-06-13,258.7300109863281,260.75139274608847,256.5425772552077,258.85693405632503,7098300
2025-06-16,264.012939453125,265.3508019866292,260.58536145007355,260.73183404829985,8566000
2025-06-17,263.1927490234375,264.2376369004627,261.5131264794578,261.8744654078969,6739300
2025-06-18,267.5284423828125,271.200181276507,263.3879911545291,263.6614166167527,9586400
2025-06-20,268.5440368652344,270.79002961674195,267.3819711943445,269.1006625666469,13969700
2025-06-23,271.7373046875,272.0107301972778,265.72191367124316,268.60267120020006,8094600
2025-06-24,274.6570739746094,276.0730155031396,272.948157446248,273.631706176909,9267900
2025-06-25,277.391357421875,277.60619385702887,274.3153133103271,274.8914587952529,6826900
2025-06-26,281.97125244140625,282.61576173740934,277.79173169250225,278.0163428990485,8942100
2025-06-27,280.3697204589844,281.92241945147737,278.34833893885445,279.10025150036057,17868600
2025-06-30,283.1040344238281,285.77970025058426,282.13728534359143,283.5825215764878,12689200
2025-07-01,283.59228515625,284.2953834962509,279.86195702454677,284.0610273166312,9338300
2025-07-02,285.1449890136719,285.945745792629,282.8989958836799,285.1840583153917,8158700
2025-07-03,290.443603515625,290.8360888827844,285.74351114178125,286.66586822419856,6541600
2025-07-07,286.4892272949219,290.4828336535378,284.63469143869315,289.70765491378785,8825700
2025-07-08,277.47174072265625,284.26185381377417,275.04810559551106,283.83990288185674,15440900
2025-07-09,277.84466552734375,281.8088370500666,277.17743733437857,281.7891933154563,11273800
2025-07-10,282.7801818847656,282.89792448782646,277.68760468940775,277.68760468940775,8410900
2025-07-11,281.47515869140625,281.98541661358325,278.3254239763715,280.16031625567433,7384700
2025-07-14,283.2806701660156,283.8693832899546,279.9052418467557,281.6812629749765,9079900
2025-07-15,281.1709899902344,286.46964738040805,280.121098345475,282.5937831680985,12526100
2025-07-16,280.4547119140625,285.2725470105113,277.6974624718264,282.9862680414337,9979800
2025-07-17,284.4580993652344,284.85058472552134,278.11937245969557,278.11937245969557,8509500
2025-07-18,285.8023986816406,287.0093204502985,282.8194857660448,284.08524890116877,12217000
2025-07-21,285.50799560546875,288.65773001934355,285.125302200427,285.5374312562634,7898100
2025-07-22,285.9593811035156,288.11809552877634,283.75161723688194,286.0280742772089,6717500
2025-07-23,291.1893310546875,291.41499440772435,287.0583381931105,287.34290279554006,7083500
2025-07-24,290.9832763671875,293.9662191525474,290.6398703754944,291.83697024730424,7001200
2025-07-25,293.014404296875,293.2891470363467,290.4043332995373,291.1304626389869,5918500
2025-07-28,292.6808166503906,293.809223362686,291.24823151855605,292.0724598113122,5840400
2025-07-29,291.4640808105469,295.63430134586406,290.63985258046154,294.36850837533046,7635700
2025-07-30,294.0054626464844,294.9670472888904,291.79769880383014,291.83695632333047,8061700
2025-07-31,290.6791076660156,295.33015090094835,289.9530081922764,293.5246941387346,14749700
2025-08-01,283.9380798339844,286.32245784834123,278.9043729516421,284.9487439683445,12007100
2025-08-04,288.7362365722656,288.7951078721262,284.8113235431083,284.8113235431083,6649500
2025-08-05,285.9004821777344,290.23752439689997,281.8480045472989,289.1581672885365,7182300
2025-08-06,285.880859375,287.7844445938785,284.7131953506969,286.81300825463615,6330200
2025-08-07,281.5536804199219,287.95127882891904,281.03363056399576,287.44105083933385,8057100
2025-08-08,283.33953857421875,285.7631740586469,279.36554536006525,283.55541003235584,6634100
2025-08-11,284.1244812011719,285.8514526951056,283.3591242790355,283.9674810703858,5510100
2025-08-12,287.35272216796875,289.21705000432985,284.88982947960193,286.02805793473163,8570900
2025-08-13,285.0762939453125,289.0208214451698,281.7695589346143,288.43210834423235,8420400
2025-08-14,288.6381530761719,288.67741059714604,284.20301143696577,285.1253385944976,6322400
2025-08-15,285.03704833984375,289.9530125511936,284.37964203474183,289.30539816837313,7340500
2025-08-18,286.0575256347656,286.42057536605495,282.9960976961236,284.55624732082714,5386900
2025-08-19,285.2038269042969,286.98966963229896,284.0950341122438,285.3706189495528,6031500
2025-08-20,286.754150390625,287.8236856501562,281.8774445149503,285.35100110061984,7374200
2025-08-21,285.9986572265625,287.27424223237057,284.0362003285711,286.45983579537915,6624000
2025-08-22,290.6791076660156,291.5818510194805,284.6838161848099,287.69619472568826,8552800
2025-08-25,289.3642272949219,291.76824867106194,288.61851412970407,290.6790696581532,5856300
2025-08-26,292.96539306640625,293.1321851381712,287.9905575097444,288.6381718968291,6714700
2025-08-27,293.66204833984375,295.4184556440125,291.4641062014755,291.6701557907686,6056500
2025-08-28,295.4184265136719,295.5852185641284,293.0929201153854,294.38811877937053,6410500
2025-08-29,295.7618713378906,297.2631495608047,294.10359298088383,296.37022814205386,6796400
2025-09-02,294.07415771484375,294.8198709218748,288.9717581566039,294.62364321253557,7221900
2025-09-03,293.8877258300781,294.9278255320024,290.8164761661132,294.9278255320024,6316900
2025-09-04,298.1168212890625,298.7153562428407,292.68080753910596,294.36852159403367,6605800
2025-09-05,288.8540344238281,299.42185399614533,288.7853412459479,297.9500113286781,9837700
2025-09-08,287.41162109375,290.8949700189617,285.9692141135519,289.3544641521949,8188500
2025-09-09,292.2588806152344,293.3872872696363,286.8228669749493,287.1074315912692,7848200
2025-09-10,294.89837646484375,295.8796048140829,289.8548483762926,291.13046319713106,7787300
2025-09-11,299.82415771484375,299.9909797241969,295.1437088676121,295.5852436958139,7942500
2025-09-12,301.1488342285156,301.7768048799553,297.99909921484516,299.2746842518023,6846700
2025-09-15,303.1014099121094,304.1317175736464,301.4039041511534,301.4039041511534,7122000
2025-09-16,303.3860168457031,305.06390905534744,301.3646887009418,304.18080946841434,10525600
2025-09-17,305.8979187011719,307.03614710830897,302.9738476236277,304.56346260331446,8657800
2025-09-18,307.3501892089844,307.556238792954,303.7981171700278,305.9372178866198,8050700
2025-09-19,308.8710632324219,309.8719053836384,303.31730709863126,307.7132209495945,23568600
2025-09-22,306.57501220703125,307.811369607681,303.74906954538335,303.9845547856156,7520200
2025-09-23,306.869384765625,310.37237762039473,304.7499276588244,305.9666713344998,8584400
2025-09-24,307.5365905761719,310.6372456892681,305.8194410309901,308.15473925887954,7310500
2025-09-25,307.5660705566406,309.7247551863121,305.947019653492,308.22347685107957,7083200
2025-09-26,310.1270446777344,311.8441943720275,307.8113600348933,308.9888161441515,7258100
2025-09-29,309.7640075683594,312.0404647281687,307.7721150397051,311.10828573544467,6462400
2025-09-30,309.50885009765625,311.45169300349573,304.28870810842403,310.31346452838187,11823300
2025-10-01,304.8774719238281,308.68464295873514,301.6394301376976,308.07628613361976,9235200
2025-10-02,301.77679443359375,304.73030161726365,300.39328868596704,304.1808160870063,7600000
2025-10-03,304.2102355957031,305.80964265751953,302.4243927447969,302.718779227698,6029900
2025-10-06,304.8511047363281,307.38512889871987,300.8578215934895,305.8371035459471,7214500
2025-10-07,303.3819885253906,305.66951307877287,300.43386159315816,305.01875022701944,8454200
2025-10-08,299.77325439453125,304.4567493262524,299.2999640741864,303.894722712774,6489900
2025-10-09,301.2522277832031,303.7270945284432,299.1422058887319,300.77893750215213,7060300
2025-10-10,296.6772155761719,306.1230715472904,296.5983188157025,301.3804193716138,8597400
2025-10-13,303.6580505371094,305.1271791148808,301.17334440263704,301.321238204041,10788700
2025-10-14,297.85052490234375,302.70165257420854,290.0907186231138,301.5578902761218,16178800
2025-10-15,301.40997314453125,307.7499381556482,301.1634734465224,302.1001843350741,11354800
2025-10-16,294.360107421875,304.3581201926382,292.9106878973514,301.0747572360179,10549400
2025-10-17,293.3938293457031,295.3559575215809,290.08088749555986,294.97143359875633,10153500
2025-10-20,298.1265869140625,299.43798218705626,293.9854099500461,294.32064593592156,6894900
2025-10-21,292.9303894042969,299.7929328501146,292.8416531202475,297.436411288458,7372700
2025-10-22,289.9920959472656,293.8868032880077,286.4721030595595,293.6008552074487,8054100
2025-10-23,290.4161071777344,292.2204718178062,288.4145307332595,290.25834375227123,5438800
2025-10-24,296.2334899902344,298.36325106738366,291.31336547241364,291.93451945757295,7228300
2025-10-27,299.89154052734375,300.2662249001909,296.7955198233114,297.92941246883,5642200
2025-10-28,301.0845947265625,303.6580673748709,298.915415308335,300.59159530101573,6336000
2025-10-29,301.2325134277344,303.93414060421026,298.7675163425421,299.2605157595805,7520300
2025-10-30,305.10748291015625,308.2330823767899,300.82825156305904,301.50859316866377,7514600
2025-10-31,306.7639465332031,308.4894444595929,302.9481359332913,304.22008283002725,7721300
2025-11-03,305.0187683105469,307.9471862719047,301.9227172950412,306.6456604912348,7770000
2025-11-04,304.920166015625,307.84858401169095,300.82827651560933,302.415720333495,7085200
2025-11-05,307.3161315917969,308.7162632770978,301.35085025066564,305.27510663609064,6865200
2025-11-06,309.0317687988281,310.4318702971036,305.9160088624015,306.6357687557767,7206100
2025-11-07,309.8106994628906,310.0276204199649,303.3327096940284,307.5232049313688,7302300
2025-11-10,312.45318603515625,315.08578608051664,309.8106862822301,310.5896337890794,5794100
2025-11-11,311.200927734375,314.58289630207906,310.86569176259013,313.0546102409576,5030200
2025-11-12,315.92388916015625,317.7381233989844,311.782682032414,311.83200002815875,10578300
2025-11-13,305.14697265625,316.14085517487956,304.77228823247975,314.7604626322791,8973300
2025-11-14,299.35906982421875,303.3326737235763,297.012418045434,303.20448907001065,10327000
2025-11-17,296.1644592285156,301.31137424610444,293.5022804823602,299.74363974118836,8344000
2025-11-18,295.2179260253906,298.70837045931603,292.8613742767781,295.3066623130797,8077300
2025-11-19,299.0238342285156,300.18733563828084,295.0798391737984,295.54325979633944,5546600
2025-11-20,294.20233154296875,305.5807663052954,293.9854105998292,302.05087369332443,7501600
2025-11-21,293.84735107421875,297.456110287291,288.71030575970536,297.0715864028587,11766800
2025-11-24,293.8276672363281,295.6221924256846,290.386540762355,294.0642973394352,10940200
2025-11-25,298.7576599121094,300.236658228506,291.42182585555855,295.848951187077,8877200
2025-11-26,303.33270263671875,304.21022597199055,298.95486530692773,300.7296512123902,7910900
2025-11-28,308.6965026855469,309.3275563846455,303.9242719247256,304.7722465716023,4322400
2025-12-01,304.5947570800781,309.6430660312097,304.2200727283419,308.5683309692949,7727300
2025-12-02,303.5693359375,306.1329390093465,302.7903884074122,304.4172805196406,7249000
2025-12-03,307.75982666015625,307.98658713845214,302.50443592551073,302.89885953876745,8535300
2025-12-04,311.67425537109375,314.0307770729326,308.61765279183703,308.8740221323167,9627800
2025-12-05,310.62908935546875,314.02092784192007,310.2741141188276,311.22069468967254,6518900
2025-12-08,310.79669189453125,312.0390600856641,308.96274846028484,310.64879808375287,7417200
2025-12-09,296.30255126953125,314.336450228146,295.8193913272319,310.5403783790639,18049200
2025-12-10,305.76806640625,306.8329619363725,294.2811866679717,296.292632599085,18874100
2025-12-11,312.9363098144531,313.5476242674454,304.9102649889192,304.9102649889192,9721900
2025-12-12,314.06036376953125,315.7858618718594,312.16726270211575,315.2041261224818,8982900
2025-12-15,315.53936767578125,318.35934027084556,313.9322146909975,315.11539535630396,10864100
2025-12-16,311.1319580078125,315.0463750601788,309.99806522837446,314.62240273148194,8331300
2025-12-17,310.5699157714844,314.8984348971578,310.254388930852,313.97159360923496,8718700
2025-12-18,308.61767578125,313.2518829489097,307.8485977928193,311.575672673722,11444900
2025-12-19,312.7686767578125,314.099781180705,308.8049723403709,309.39657764946713,24494400
2025-12-22,318.56634521484375,318.7043994886834,313.0644852104395,313.0644852104395,8354600
2025-12-23,321.3666076660156,323.1907116116738,318.56637445826755,319.07908304324746,6668300
2025-12-24,324.5612487792969,325.36974495293686,320.9426198260136,321.6722493328215,4289300
2025-12-26,323.3188781738281,326.2275566521161,321.96806459862194,324.502058709128,4158300
2025-12-29,319.2171325683594,323.1808371734579,319.0002116144308,322.4216288798564,8635300
2025-12-30,318.89178466796875,320.39049219725354,317.97478280166575,320.2623075229155,7904300
2025-12-31,317.70855712890625,320.3313177342217,317.5310845539587,319.79886991908165,5048500
2026-01-02,320.92291259765625,321.1694123071354,316.2492576445291,317.9846252281575,8054000
2026-01-05,329.36309814453125,332.52814635317964,320.63700140675104,320.94265867445506,10752600
2026-01-06,331.41326904296875,332.6612412306879,327.49110960074296,329.44229029813283,7660800
2026-01-07,323.8660583496094,328.9767653957764,321.49890717343806,327.9764350864437,9815200
2026-01-08,326.63934326171875,328.2339475379842,322.53888044956136,323.27183137637843,11737100
2026-01-09,326.0450744628906,328.7291759216584,325.0348299492433,326.1936353875406,6738100
2026-01-12,321.3899841308594,322.90536610933975,318.16114900395775,318.8049332018166,12805100
2026-01-13,307.9298095703125,323.73732718365267,307.6029755260753,321.20178657189985,19371200
2026-01-14,304.9287414550781,308.78159262538577,303.19546018048277,305.2556057077196,25951500
2026-01-15,306.30548095703125,309.95031666446005,304.8098971346673,305.5230197927318,14751400
2026-01-16,309.48480224609375,314.17950872864606,307.0383983149945,307.38506061636195,14652500
2026-01-20,299.8477478027344,308.1774060521912,298.9761500928895,303.2845981841295,12900600
2026-01-21,299.15447998046875,302.4823658305288,298.2729680555718,300.53118494697816,10270100
2026-01-22,300.729248046875,305.2555953909441,300.0062112868251,301.9474777854751,10535800
2026-01-23,294.875732421875,299.4813025896872,293.67730062328087,299.11484222180513,11107900
2026-01-26,298.1640319824219,298.8969527426069,294.60833256531976,294.96487880777863,11752700
2026-01-27,297.44097900390625,299.08512378237486,295.3016109870806,298.45122352878457,11527400
2026-01-28,297.89654541015625,299.03558292254246,295.2025300603667,297.4013222225187,9556700
2026-01-29,303.49261474609375,303.898671192008,299.3327275624257,299.51100066931883,11580000
2026-01-30,302.9676818847656,304.98817089860455,299.66947824936375,302.333781642444,11953200
2026-02-02,305.1961669921875,306.3450582127215,298.49082554616626,301.55130128288636,9839400
2026-02-03,311.8420715332031,313.22869052113475,306.14700443281885,306.77099053389486,12688000
2026-02-04,314.23895263671875,316.25947197584406,311.40629013300924,311.40629013300924,9848800
2026-02-05,307.1968688964844,312.9909865673853,302.6210112179966,311.99062599899656,9388000
2026-02-06,319.3199462890625,321.15227836348157,311.7034102684662,311.7034102684662,17797400
2026-02-09,319.0228271484375,323.2817350541263,317.05181803840316,318.27007812796035,11477500
2026-02-10,315.2392883300781,323.01429884581904,312.1094739861534,319.4684837021083,9902200
2026-02-11,307.8505554199219,322.1724018130651,305.78052608370194,320.1518827061323,8703500
2026-02-12,299.7487487792969,310.6238322045743,297.1537535117247,309.2966374972976,13443400
2026-02-13,299.6595764160156,301.3829738793206,293.6871852314235,295.66807823097014,9114500
2026-02-17,304.1958312988281,305.29521237973853,299.6100592744303,299.8675850307636,8896800
2026-02-18,305.8300476074219,309.2966101142475,304.2849535938903,305.51309749540866,7209600
2026-02-19,305.10699462890625,306.2262038721237,302.2049939958365,304.2354272061944,6737700
2026-02-20,307.82086181640625,308.0288471084009,302.75966472033866,305.4536802835111,7792700
2026-02-23,294.8262023925781,308.02884001734253,292.2807478108573,305.84984577889935,12955400
2026-02-24,294.459716796875,296.886322684036,288.5962907533433,293.98432184665864,13554100
2026-02-25,300.40240478515625,300.75898123488724,294.1725181992404,295.7869507950724,8095500
2026-02-26,303.20538330078125,306.05787397622345,300.73918125790124,301.67017313360896,7007800
2026-02-27,297.4310607910156,300.0557680991628,291.636973162459,297.13393894248406,18620800
2026-03-02,294.7172546386719,297.11414843979566,290.4088063693875,291.9935267958635,8508900
2026-03-03,297.3914489746094,299.5011046657454,286.73423592223537,289.4975898716125,10278200
2026-03-04,296.52978515625,298.12438947518206,292.99388398032096,297.12402886142485,8055700
2026-03-05,290.74554443359375,298.3620800816865,289.63624924146006,295.1332451958745,12732500
2026-03-06,286.7144470214844,287.21955415339994,280.99955170429564,283.6044306839189,13496500
2026-03-09,287.1502685546875,288.31898819476027,277.77073879547015,282.7724816341387,12241100
2026-03-10,285.97161865234375,289.9532025593205,284.43640849634494,286.52626625452876,8344900
2026-03-11,284.77313232421875,287.70487537204474,282.13854132603683,286.05081661783123,10205000
2026-03-12,280.1874084472656,281.167940752382,276.4336079693154,280.1279538528093,13760500
2026-03-13,280.7321472167969,284.4463214441296,280.2468381234208,281.9504072447318,9091200
2026-03-16,283.4261474609375,286.506421278288,281.89093739443587,283.6044205599556,8149000
2026-03-17,284.1492004394531,288.97266988082987,283.2181783456238,286.23902796907333,8961200
2026-03-18,284.9910583496094,286.6451172582804,282.3960934275981,284.08974843243266,10057000
2026-03-19,285.2188415527344,286.7441374214082,281.9008401776293,284.1392586396808,9846700
2026-03-20,283.8223571777344,287.9327042603992,282.54467268192724,285.32782503235495,22436500
2026-03-23,287.14031982421875,292.9245231806114,285.2188513876401,291.4982779446762,11470800
2026-03-24,289.6065368652344,292.6571288676103,282.64369950840546,283.4360748065673,11092300
2026-03-25,292.59771728515625,294.7965097163498,289.6461758443202,291.3398308899875,12188200
2026-03-26,288.8736267089844,292.1718002190451,287.95251872814185,289.78482055260446,8669200
2026-03-27,280.13787841796875,287.3384134369941,279.05829538327214,286.3777093696089,9873300
2026-03-30,281.0589904785156,284.50575515603197,279.6327451103039,282.01972478590784,11734400
2026-03-31,291.3497314453125,292.25104134220237,282.22772810140145,285.71408872506316,12956900
2026-04-01,292.5580749511719,295.8661624411999,290.1116710297465,292.567989087923,11267200
2026-04-02,291.7855224609375,292.7957669317203,285.9616926535428,289.1212191631598,6669300
2026-04-06,294.125,295.4987855589938,291.88509063240025,292.7412191857173,7142600
2026-04-07,296.0662536621094,296.8427544058445,291.38734983011653,291.8253790066561,7849100
2026-04-08,306.5888366699219,309.8640903908154,303.96066179364243,306.5888366699219,10590200
2026-04-09,308.938232421875,309.8640846884941,304.73715687535,305.5734164156603,6586600
2026-04-10,308.4803161621094,308.9581744354404,305.344449093958,308.6097380099313,6069700
2026-04-13,312.2732238769531,312.33295236293975,304.0900871089203,306.0910825316173,8318200
2026-04-14,309.7247009277344,312.91036189245165,307.4847916064935,308.4305432499699,11455500
2026-04-15,304.5579833984375,312.8307129741003,302.8954898881459,312.54203541599225,9885800
2026-04-16,308.5599670410156,308.5599670410156,303.8312695552229,303.98059076810495,8208600
2026-04-17,308.8984375,313.4877482505245,308.69932229637936,311.068653468178,11082400
2026-04-20,315.5683898925781,315.70777661938337,308.9780833700189,309.45594165814435,10772000
2026-04-21,311.5962829589844,318.8038038717339,311.3474041387296,316.0661368489313,7084300
2026-04-22,311.6161804199219,313.73663281642627,310.5410372905177,313.43799038623484,5545900
2026-04-23,310.29217529296875,313.57736372602733,307.5047445243564,312.11395497732667,6969700
2026-04-24,306.8974609375,309.7545850384977,306.5092257615542,309.7545850384977,5215300
2026-04-27,310.232421875,311.1781431330245,305.50372444273444,305.50372444273444,7925300
2026-04-28,310.0532531738281,314.03531438457196,309.7745101043047,313.78643555890045,7398600
2026-04-29,307.86309814453125,310.65052875636707,305.91189671624613,309.1771855961317,8031800
2026-04-30,311.82525634765625,312.6913497643884,305.1951210592971,305.6928786901284,8865400
2026-05-01,311.06866455078125,314.6624601726697,310.43152018106696,312.54203812020876,6135400
2026-05-04,306.270263671875,309.2568094519629,305.13539207341324,309.22694520939064,7338200
2026-05-05,308.0124206542969,309.5753869306937,305.42407485773,306.32999740556414,6316800
2026-05-06,313.4877624511719,314.84167905955115,309.95369528217543,310.0532528884956,8629500
2026-05-07,304.8964538574219,314.8814709002291,304.76706239082745,313.23887676443206,8359600
2026-05-08,300.74517822265625,307.60426284206056,299.1523476664256,306.86759124184925,9464300
2026-05-11,298.6545715332031,301.83026757429667,297.5395993270601,300.74515961007836,9512000
2026-05-12,303.5126953125,304.6873960201211,294.2245209852311,298.67447538308426,9498200
2026-05-13,298.9034729003906,301.6411400127173,298.72428743531935,300.91440289675086,7709500
2026-05-14,298.56500244140625,302.38777761395096,297.4699295162906,300.8945046380796,7364300
2026-05-15,296.4743957519531,299.44104214981957,295.1205095874812,298.86362628854243,8699300
2026-05-18,299.3813171386719,299.908939014877,295.8870488301784,296.6635495230975,7546300
2026-05-19,294.3738708496094,300.436555061437,293.935841710235,299.7396822358739,8066900
2026-05-20,300.625732421875,301.57145376364997,292.35300240137923,295.3694126574367,9327000
2026-05-21,301.6411437988281,302.6167597554335,298.8636475324957,299.8790926087445,7874400
2026-05-22,305.0059814453125,306.07119010408854,302.4773640852478,303.31359328873907,5973900
2026-05-26,305.3643493652344,308.54004556072954,304.0701916446211,307.1065011172144,7725400
2026-05-27,297.93780517578125,304.52811132231307,294.42363753054383,303.63215366632585,11779200
2026-05-28,295.3992614746094,299.7197941661088,294.4236455581874,296.23549066837876,9757700
2026-05-29,297.9676818847656,298.53513289689414,293.87612858626386,295.070728717322,13969000
2026-06-01,295.2499084472656,298.20659004481905,293.94578586060317,296.3549462063085,7930000
2026-06-02,299.6102600097656,300.7152977310929,293.9457758280521,295.17027051801705,8296200
2026-06-03,299.50079345703125,300.60580089187994,295.23002417973413,298.5749714904202,7003900
2026-06-04,309.4957580566406,311.5066879726736,303.0746723882986,304.36883009196185,10345200
2026-06-05,310.9691162109375,313.58732636819616,308.211549706599,312.8805189963161,9118800
2026-06-08,309.7147521972656,314.88147906470095,309.3862455138746,311.84516953437026,6827000
2026-06-09,311.2976379394531,315.0009559692908,307.62418415256917,312.1040028799189,11594600
2026-06-10,307.75360107421875,313.3384270822022,307.64407859799763,311.1582462393224,7446200
2026-06-11,312.0840759277344,313.30857066124145,307.4947650619962,308.1717081621576,9116600
2026-06-12,319.28167724609375,319.85906276888113,314.1348496322589,314.5529794375797,7426200
2026-06-15,317.96759033203125,324.4583697274161,317.41010417767774,322.4673390673774,7988900
2026-06-16,329.6549377441406,330.26218746993305,322.56684357389287,322.8455866314347,11094900
2026-06-17,331.9645080566406,336.25517637046335,330.01330666560995,330.69024974688585,12246400
2026-06-18,323.761474609375,336.57375116590936,322.70623086248213,335.4388795655989,20111000
2026-06-22,329.993408203125,331.2776010100568,325.28461010223134,328.22139226156105,10182500
2026-06-23,332.6414794921875,333.86594380335947,325.7425357353925,327.9924099173137,7582200
2026-06-24,331.95458984375,333.02973300317086,328.291070440402,331.57628916780243,7907400
2026-06-25,333.6170654296875,341.90972446819404,333.2586945227413,333.4577793441399,10043100
2026-06-26,327.57427978515625,334.8913229247855,326.03124330500606,334.49312290223526,17640900
2026-06-29,327.91278076171875,330.8993264933345,325.73259994718205,326.80774304304947,7981800
2026-06-30,325.86199951171875,328.95806779511634,325.2149206632551,327.41503128103255,8080100
2026-07-01,332.5718078613281,334.13477419390347,323.5524415571975,326.89735842569155,15210200
2026-07-02,332.9700012207031,338.4751995750331,330.2820977776739,336.5040683580973,8413900
2026-07-06,337.7200012207031,339.7200012207031,334.1099853515625,335.0,8673500
2026-07-07,339.2200012207031,341.3999938964844,337.0899963378906,340.9800109863281,7115800
2026-07-08,330.6199951171875,336.5299987792969,330.1300048828125,336.5299987792969,18505200
2026-07-09,335.4700012207031,337.0,330.80999755859375,331.4599914550781,15570600
2026-07-10,336.4700012207031,338.5899963378906,335.7699890136719,337.4700012207031,6299000
2026-07-13,334.5299987792969,338.3500061035156,332.5,338.3399963378906,7120300
2026-07-14,342.8900146484375,344.7300109863281,325.75,327.0,14537900
2026-07-15,346.9100036621094,351.239990234375,344.04998779296875,345.8500061035156,10750000
2026-07-16,343.1499938964844,349.3399963378906,341.1099853515625,349.2799987792969,12432400
2026-07-17,341.1000061035156,346.1300048828125,335.04998779296875,339.0299987792969,9250900
2026-07-20,338.8699951171875,344.260009765625,337.3699951171875,341.79998779296875,7723300
2026-07-21,345.2300109863281,345.739990234375,337.29998779296875,340.1199951171875,6015300
2026-07-22,348.2099914550781,349.07000732421875,344.25,345.07000732421875,8040200
2026-07-23,349.8999938964844,349.9200134277344,345.4200134277344,346.5799865722656,10913000
2026-07-24,353.2099914550781,353.3699951171875,347.5,350.6400146484375,7520800
2026-07-27,356.20001220703125,359.04998779296875,352.5799865722656,357.8900146484375,7884900
2026-07-28,357.30999755859375,359.29998779296875,354.1499938964844,357.29998779296875,6533800
2026-07-29,344.7099914550781,357.3699951171875,343.7799987792969,356.5,8265300
2026-07-30,350.8500061035156,352.2799987792969,345.3699951171875,347.5400085449219,7606500
2026-07-31,351.7900085449219,354.4700012207031,349.70001220703125,353.29998779296875,6603400
2026-08-03,352.6400146484375,355.6199951171875,350.8399963378906,353.75,6436600
2026-08-04,357.5199890136719,363.0,353.8699951171875,355.0,8477200
2026-08-05,359.239990234375,362.1700134277344,358.20001220703125,358.9700012207031,5269500
2026-08-06,356.29998779296875,362.80999755859375,354.95001220703125,362.80999755859375,5820100
2026-08-07,357.5199890136719,358.8500061035156,353.3299865722656,355.760009765625,4566200
2026-08-10,359.7900085449219,359.989990234375,356.5,357.9599914550781,5327500
2026-08-11,362.0400085449219,363.1199951171875,358.6000061035156,360.04998779296875,4576500
2026-08-12,365.17999267578125,366.0899963378906,361.29998779296875,362.9700012207031,4366800
2026-08-13,363.1099853515625,366.5,361.5199890136719,366.5,5102700
2026-08-14,362.8399963378906,365.8999938964844,361.45001220703125,363.0,5058600
2026-08-17,360.9599914550781,365.75,360.9599914550781,361.94000244140625,5282600
