Date,Close,High,Low,Open,Volume
2017-01-03,115.7513656616211,116.72206430283907,114.41417443960788,114.9292379451703,20663900
2017-01-04,117.56401824951172,118.52481729633193,116.17729820947275,116.43483376646965,19630900
2017-01-05,119.52522277832031,119.80256525765193,117.19751833305479,117.73239635334396,19492200
2017-01-06,122.23922729492188,122.70476211163275,118.89128812574965,119.83228012032818,28545300
2017-01-09,123.71509552001953,124.2400662870745,121.87274043302412,122.37790426191401,22880400
2017-01-10,123.17032623291016,124.30941802904177,123.10099060481606,123.63586868883482,17324600
2017-01-11,124.89380645751953,124.9235282015788,122.88306585942249,123.17031559586721,18356500
2017-01-12,125.41877746582031,125.52773451661425,123.61604383952381,124.4183570708104,18653900
2017-01-13,127.12246704101562,128.04365222399662,126.16167553517454,126.28053228883681,24884300
2017-01-17,126.65692138671875,127.12245622732253,126.19137898909925,126.82529925441177,15294500
2017-01-18,126.7064437866211,127.2116000658336,125.63668774179025,127.1918006843966,13145900
2017-01-19,126.33995056152344,127.13236407457632,126.24089320463032,127.01349222349846,12195500
2017-01-20,125.83477783203125,127.26111147452907,125.57724232500485,126.88472679590127,19097200
2017-01-23,127.70684814453125,128.0238195947811,125.74563641670998,126.10222174122573,16593600
2017-01-24,128.14268493652344,128.66765571147525,127.16208656377992,128.15259974127866,15162700
2017-01-25,130.232666015625,130.49020911014725,128.53889697626295,128.76671077108298,18731300
2017-01-26,131.5203399658203,131.8769253182576,130.19305592053826,130.3812558446068,20020100
2017-01-27,130.92601013183594,131.68870942646413,129.83645482496848,131.42126666605657,19539500
2017-01-30,129.73744201660156,130.33175610733028,128.37054379038173,130.33175610733028,18956100
2017-01-31,129.08367919921875,129.42045003825035,128.2912656672383,128.93509316032996,19790500
2017-02-01,131.96609497070312,132.22363812557907,129.44028279855505,130.9953960785724,50139800
2017-02-02,129.59877014160156,134.20466653825338,129.1629418256309,131.9561968794238,54366400
2017-02-03,129.73744201660156,131.58971236808617,129.51952785760338,129.99498517580042,24804900
2017-02-06,130.80715942382812,130.80715942382812,129.06386178414277,129.7374034469653,17058500
2017-02-07,130.58924865722656,131.73824752617568,130.41096354688844,130.985462981363,14596400
2017-02-08,132.9268798828125,133.1646085123693,131.1835819414957,131.3420676945336,22390600
2017-02-09,132.867431640625,133.22401697463508,132.04530392293424,133.21411728431266,16470600
2017-02-10,132.91697692871094,133.65986187455525,132.41180549255574,132.82783436257753,15061900
2017-02-13,132.7782745361328,133.4221019592541,132.43158893043406,133.4221019592541,13526200
2017-02-14,132.5802001953125,132.9565849403846,131.29252998987917,132.82782849966384,14364900
2017-02-15,132.17408752441406,132.43161552256805,131.40148841591966,132.18398721563955,13226500
2017-02-16,132.57029724121094,132.6000114312668,131.758084189628,131.8076128777323,12831100
2017-02-17,132.2632293701172,132.81791435638317,131.90664400551302,132.23351518256953,12276500
2017-02-21,132.451416015625,132.63961592723842,131.63918800003668,132.23350191944428,14759100
2017-02-22,134.82861328125,135.49225512124642,132.19386041151088,132.33253161518138,27360100
2017-02-23,134.0758514404297,134.8286359420152,133.05562417466334,134.6008221649879,18422500
2017-02-24,134.15509033203125,134.33337542685754,132.88723483316747,132.88723483316747,12625700
2017-02-27,135.11590576171875,135.87859002398557,133.7390930537168,133.976806542618,14306700
2017-02-28,134.25416564941406,135.51212176876027,133.47166679481768,135.49230727088732,16112100
2017-03-01,136.11631774902344,136.17574612086545,135.0069478372219,135.1753332621181,16257000
2017-03-02,135.4625701904297,136.51252680380392,135.01684230482576,135.78944133694748,12294800
2017-03-03,135.86871337890625,136.0271991410766,134.78905746293464,135.33384282412393,11160600
2017-03-06,136.11631774902344,136.52243177531918,135.21494713866895,135.58144728841384,12748200
2017-03-07,135.99745178222656,137.0572929409393,135.69039513917923,135.7300090130435,13527100
2017-03-08,136.41348266601562,136.68092546891012,135.74984061841488,135.84888287257525,10184500
2017-03-09,136.92852783203125,137.25539894829743,136.0964853933403,136.4134568202758,15535300
2017-03-10,137.4733123779297,138.16668366880637,136.90872774608084,137.59218423255402,16314100
2017-03-13,138.275634765625,138.35486251325528,137.35444972359554,137.39407871144115,10955500
2017-03-14,137.998291015625,138.13696224372617,137.20587752046242,138.13696224372617,12944000
2017-03-15,138.39450073242188,138.77090057190975,137.17617377043672,137.9685722118385,19344800
2017-03-16,138.66195678710938,138.9194847938036,138.40441366638223,138.86995610796893,13612900
2017-03-17,138.5133514404297,139.0086080017419,138.3746802078235,139.0086080017419,20592800
2017-03-20,138.61241149902344,138.86003978450432,137.92895501285122,138.38459770830974,12099500
2017-03-21,137.19598388671875,140.9599372340183,137.0870268253958,139.81093824443678,29894800
2017-03-22,138.26573181152344,138.46383142563792,136.29462024714152,136.62147629771295,17055400
2017-03-23,138.206298828125,139.05814074302836,137.77047062319335,138.15677014774073,13022800
2017-03-24,139.0086212158203,139.68217806252883,138.43412173640286,138.75109322050858,16664700
2017-03-27,138.98880004882812,139.31565605878723,137.4535017806484,137.73084422875482,12800500
2017-03-28,140.41514587402344,140.60334580037988,138.68174777299788,139.0284334388158,14679400
2017-03-29,141.2967071533203,141.5047215831776,140.0882797955633,140.64297990383855,16527600
2017-03-30,141.0590057373047,141.5938762807213,140.5043206955293,141.04909093110837,12404000
2017-03-31,140.702392578125,141.27689200491736,140.54390685058968,140.95992054984674,11478300
2017-04-03,140.93020629882812,141.11840621093384,139.4840655993342,140.58352065926172,13564000
2017-04-04,140.38546752929688,140.74205297710986,139.92983980455776,140.5142391147403,12948600
2017-04-05,140.5042724609375,142.0791844740385,139.9495724955547,140.91037129666051,17158100
2017-04-06,139.83070373535156,140.8707452991111,139.57317582340326,140.76178827597388,15103400
2017-04-07,139.44442749023438,140.20712677897836,138.90955708757576,139.8604411620866,11818300
2017-04-10,139.70196533203125,140.0882648485212,139.29586643502554,139.66235145696885,9039400
2017-04-11,138.59259033203125,139.69206047119613,137.49312019286637,139.46424669145,16638100
2017-04-12,138.2558135986328,139.06802644189975,138.11714237592724,138.39448482133838,11612500
2017-04-13,138.06761169433594,139.2463246272208,138.0081833303299,138.2954254610356,10965600
2017-04-17,140.078369140625,140.20714068779287,138.42421397867804,138.43411366921737,11519700
2017-04-18,139.62274169921875,140.56372617851656,139.27605604756786,139.9297983606077,14807500
2017-04-19,140.92030334472656,141.68298755165853,139.92979024208512,140.0090331039801,15563900
2017-04-20,142.435791015625,142.88151890100218,141.3363208375448,141.59384881011073,15968200
2017-04-21,142.31695556640625,142.80231256496407,140.92034318351665,142.5348697197151,12382000
2017-04-24,144.08995056152344,144.28805017067208,142.97066585448817,143.58479429108974,14407200
2017-04-25,145.1002655029297,145.75399264443834,144.40689426061468,144.40689426061468,17767500
2017-04-26,145.16961669921875,146.18984411790038,144.70407427158355,145.69458750246145,12395000
2017-04-27,146.2987823486328,146.34831102660866,144.7535843255815,145.2785550612584,11275100
2017-04-28,148.82460021972656,150.09245583776712,147.65580196192056,148.0817153600607,30652200
2017-05-01,151.0136260986328,151.1225831385825,149.9834840638304,150.30045549424028,25218300
2017-05-02,151.3306121826172,151.98435455091018,150.2212421860225,151.88529718091453,21870400
2017-05-03,150.35986328125,152.1427895482268,149.90422069090076,152.1427895482268,29782500
2017-05-04,149.41891479492188,150.08255679205706,147.30911694791794,148.74535799330192,36225500
2017-05-05,148.814697265625,150.19150990411592,148.36895426837626,150.01320968241026,17148500
2017-05-08,149.6269073486328,149.64672184267798,148.31943790823135,149.28023683001018,15827500
2017-05-09,149.05242919921875,151.14241275526678,148.78500150459178,150.05285725182128,17453900
2017-05-10,148.86422729492188,149.09205622085634,147.4478006249686,148.80479891912418,12080700
2017-05-11,148.61659240722656,149.220806057809,147.9925793749431,148.8840352005091,11841900
2017-05-12,148.90383911132812,149.03261065339032,148.21048295028308,148.97316717041724,9598200
2017-05-15,148.76516723632812,150.0429225051594,148.34915354149862,148.74535274208938,15064700
2017-05-16,148.35906982421875,148.7849983708192,147.61618490450311,148.68594100257752,14550800
2017-05-17,143.475830078125,147.25958230032165,143.04990158138358,146.59594033007863,28300100
2017-05-18,146.2592010498047,146.744542905585,143.13907501077165,143.3470894589874,23031600
2017-05-19,146.65538024902344,147.97276460321424,146.5563379986074,147.0416797879191,16187900
2017-05-22,146.83367919921875,147.18034974369343,146.2888939275795,146.67519346309976,12586700
2017-05-23,146.665283203125,147.39825323029947,145.85305519957097,147.1110110790612,12817800
2017-05-24,148.61659240722656,148.8047923316094,147.011965875595,147.10110843534522,17862400
2017-05-25,150.5183563232422,151.1423692116284,148.52741559707326,148.87410117930986,19891400
2017-05-26,150.68678283691406,150.8056395882765,149.71606898734592,150.78582509170528,14996200
2017-05-30,150.9344024658203,151.44945843479545,150.20141727515806,150.5282884366413,13226000
2017-05-31,150.0231170654297,151.89518617356381,149.65661694995416,151.25134360607066,18023900
2017-06-01,150.0924530029297,150.8452375387885,148.87412608801728,150.31036710010503,14530600
2017-06-02,152.15272521972656,152.1725397146089,149.86464226683015,150.40942752086053,16854400
2017-06-05,152.1725616455078,153.24231781285803,151.95464751249017,152.18246133736014,12520400
2017-06-06,151.36033630371094,153.05412071198106,151.03346509811377,151.954650334621,13457100
2017-06-07,151.66737365722656,152.29140179864777,150.89477458405352,151.81595970301012,12066700
2017-06-08,153.24229431152344,153.2620936921916,151.6475675539354,152.61826619776215,17799400
2017-06-09,148.1807861328125,154.11395074273491,145.21914611648856,153.30173774861268,35577700
2017-06-12,147.0317840576172,147.78456865999001,143.18858794680213,146.76434125762947,33170200
2017-06-13,149.25051879882812,149.7457753891306,147.48740654647372,148.72554802223,20483400
2017-06-14,148.82460021972656,150.95419743848956,147.63598746706742,149.8250130563587,20808800
2017-06-15,148.37887573242188,148.61658921999117,144.98140770360627,146.2690778460554,18994200
2017-06-16,149.21092224121094,149.399122185616,147.19028176840786,148.17088025804802,22882400
2017-06-19,151.41973876953125,152.11311005827173,150.2707550145975,150.2707550145975,19026500
2017-06-20,150.80560302734375,152.3805150572082,150.76598915783765,151.4296310487737,14743900
2017-06-21,152.44985961914062,152.61824501563584,150.43911943612923,150.91456144470564,15039800
2017-06-22,151.94471740722656,153.0838166449466,151.45937561676567,151.5584178674162,13005500
2017-06-23,153.59889221191406,153.72764865291492,151.2018369202303,151.27118010033502,18027000
2017-06-26,152.1329345703125,155.01533190921938,151.74663498672945,154.7677035834858,18049700
2017-06-27,149.15147399902344,151.85557070391212,148.96327407968124,151.390028307865,19360800
2017-06-28,151.78627014160156,152.01408397859086,148.4383302053465,149.48827193081405,16719100
2017-06-29,149.6071014404297,151.05325730811066,147.50721837204634,150.83534320319941,23973500
2017-06-30,149.54766845703125,150.47875321947822,148.63639818915553,150.45893872490697,17666000
2017-07-03,147.0218505859375,150.7065604871525,146.39783761723663,150.28064711349998,13862700
2017-07-05,148.9137725830078,149.41894406167876,146.72474655554774,147.58648832876165,14334300
2017-07-06,147.40818786621094,148.61660011602476,146.59595975338223,147.61618718308384,14951800
2017-07-07,150.00331115722656,150.5480964027377,147.77465660979715,147.83408497948366,13615900
2017-07-10,152.04376220703125,152.51920426734617,150.07263567938747,150.2509358982747,13378700
2017-07-11,153.79698181152344,153.94555273916356,151.45937016112046,151.91499774857107,13667700
2017-07-12,157.39254760742188,157.65009072250334,154.7181648853373,155.0054221884616,22739400
2017-07-13,157.7490997314453,158.26417073902152,156.91707241353484,157.2340438378985,13929200
2017-07-14,158.45237731933594,158.7990629401094,157.81844955788767,158.6108630382055,16371200
2017-07-17,158.21466064453125,159.25470247107054,157.30339036351555,158.72973171259443,12858800
2017-07-18,161.31500244140625,162.17674420689283,157.90763414867507,158.14536279027283,23722900
2017-07-19,162.5828399658203,164.12803817685378,161.62204092951805,162.03805466987072,26273600
2017-07-20,162.9691162109375,163.43465856871018,161.26543250037156,163.2365589750693,18523100
2017-07-21,162.87008666992188,163.48421516332067,162.19654491371818,162.60265897415246,14744000
2017-07-24,164.4251708984375,164.59355630796313,162.75120137887725,163.07807250820235,17367000
2017-07-25,163.71202087402344,163.96954886558092,162.30549394038113,163.44457807746204,15383200
2017-07-26,164.0388641357422,164.435063303659,162.5431948957223,164.435063303659,35236900
2017-07-27,168.82305908203125,173.82515337538496,165.91094808251708,173.04263954445193,68910700
2017-07-28,170.8140106201172,171.78470939410306,167.44627154316768,167.46608604052378,24557600
2017-07-31,167.6443328857422,171.0814143614142,166.9509767769675,170.3682437598089,25478900
2017-08-01,168.24856567382812,168.8527793049539,167.4462524338481,168.2089517976698,14385000
2017-08-02,167.6938934326172,168.93203497433166,165.32656740942036,168.68440666598877,17433800
2017-08-03,166.9906005859375,168.09007073600418,166.65382975792477,167.6938715399928,10793800
2017-08-04,168.0108642578125,168.4466925362247,167.08969412628707,167.3670366463614,10777700
2017-08-07,170.34844970703125,170.42769257383233,168.0504670259253,168.33770919330175,12787800
2017-08-08,169.6055908203125,171.4083323096751,169.00137709315658,170.24943354395646,14393500
2017-08-09,169.55604553222656,169.8234883332202,167.95141895432926,168.36743269252366,10815000
2017-08-10,165.81190490722656,168.9716444577271,165.26713473427026,168.44667366681978,20832700
2017-08-11,166.48545837402344,167.2184435738484,165.26713138528825,166.35668682315412,13791200
2017-08-14,169.13014221191406,169.45701340732532,167.68398617591578,168.47639982109158,12954200
2017-08-15,169.3777618408203,169.87301845438998,168.39714830490075,169.86311876317023,8729200
2017-08-16,168.38723754882812,169.75415054894984,167.63445298671996,169.62537900139304,15779900
2017-08-17,165.3265380859375,168.24854858330878,165.26710972072104,167.7334775613831,17216000
2017-08-18,165.82180786132812,167.06984897266207,164.63319511995803,165.2572081186095,15093600
2017-08-21,166.1883087158203,166.4062228357993,164.24691124659415,165.5741953489881,11907500
2017-08-22,168.03067016601562,168.25848398570884,165.56428668783371,166.68357151707806,11391000
2017-08-23,167.1094970703125,167.7533246372481,166.60432563979336,167.23825351527998,9856500
2017-08-24,166.14866638183594,167.68394953598116,164.83128219631948,167.2778506674172,14030400
2017-08-25,164.74215698242188,166.78261168562366,164.60347062974654,166.26754060750437,12614500
2017-08-28,165.65342712402344,166.10905471597883,164.75205651667798,165.32655596595208,8553700
2017-08-29,166.45574951171875,166.83213425747812,163.4346811703096,163.6823094751131,11121000
2017-08-30,168.30799865722656,168.56552664439096,166.03973011273018,166.5746005826968,11138300
2017-08-31,170.3385467529297,170.5168318642928,168.44666301863268,168.78343386056156,17226500
2017-09-01,170.38809204101562,171.27954791278532,169.68482098935047,170.76447679525728,11677600
2017-09-05,169.10040283203125,170.75455794612552,167.94150428313995,169.64518807656071,13210900
2017-09-06,170.45741271972656,170.84371226261933,167.96133034135727,169.28861440011377,13906300
2017-09-07,171.56680297851562,171.66584523295765,168.6546916681434,170.30884694624595,18049500
2017-09-08,169.3282470703125,171.8441593378363,169.17967611964653,171.4479449460043,10998500
2017-09-11,171.86392211914062,172.24032193270875,170.5663523795626,170.76445197627146,12372000
2017-09-12,171.3191680908203,172.34929515883704,170.12064048005897,172.11156655204925,11186300
2017-09-13,171.40829467773438,171.52715141303653,170.4276812694001,171.36866568994668,9119300
2017-09-14,169.33811950683594,170.64558888765973,168.88247684874244,170.62577439451744,15615700
2017-09-15,170.0116729736328,170.7050291416023,168.64476001818517,169.2588884361275,15660500
2017-09-18,168.3971405029297,170.4376103520873,167.73349848517728,170.35836748390363,12954000
2017-09-19,170.88333129882812,170.92294517429016,168.7438192871313,169.00134726271233,13168600
2017-09-20,170.53665161132812,171.40830804225402,169.08059603422763,170.86352277292534,12264100
2017-09-21,169.48670959472656,170.63570850249033,168.39713905908306,170.06120904860845,11161400
2017-09-22,168.92213439941406,170.10084766466903,167.61466468051614,168.5952783052149,12097100
2017-09-25,161.32484436035156,167.693850686741,160.02727477363598,167.63442232613244,41251600
2017-09-26,162.6521453857422,163.92990049775744,161.23570394510705,162.9393875038133,23363300
2017-09-27,166.0892333984375,166.74297568772698,163.9992652160047,164.3261212466186,19242500
2017-09-28,167.12930297851562,167.46608898335526,165.57420497447865,166.3468041305794,12178700
2017-09-29,169.2489776611328,170.03149151606613,167.20852298366117,167.22833747865513,15340400
2017-10-02,167.8622589111328,170.23948434297864,167.14908825877293,169.7640422794156,13392300
2017-10-03,168.3476104736328,169.11029466651377,167.59481085651467,167.69386821056608,8190300
2017-10-04,166.8222198486328,169.05087439524374,166.6934483050054,168.21884699187643,12127900
2017-10-05,169.615478515625,169.68480657734727,167.0005243846287,167.57500871557787,14580600
2017-10-06,170.59608459472656,170.7347558384828,168.13961608503033,168.63487268616444,13124500
2017-10-09,170.86349487304688,173.22092068227735,170.36823836616847,171.0615944529924,14570400
2017-10-10,169.96217346191406,171.55690047893384,169.17967460535453,171.3588008418078,11341100
2017-10-11,171.10125732421875,171.1408712024418,169.77395813624923,170.3187434245167,11283700
2017-10-12,170.91305541992188,172.2007256007477,170.65551231533752,170.97248379358535,10351000
2017-10-13,172.09173583984375,172.99309119249847,171.5568503504588,171.80447860301837,13658300
2017-10-16,172.8643341064453,173.33977611758255,172.4086914733349,172.83461992537605,11498800
2017-10-17,174.43927001953125,174.4590845142974,172.70587202125634,173.05255766652377,15990100
2017-10-18,174.3600311279297,175.06330212485867,174.0826886510079,174.9741444533948,12752400
2017-10-19,172.90399169921875,174.36004739592542,170.9923083682149,173.2704767677664,14048400
2017-10-20,173.3200225830078,174.21149367070745,172.97335197726434,173.83509375940974,12602200
2017-10-23,169.6451873779297,173.67656794278398,169.6253728834745,173.53789670965944,13852700
2017-10-24,170.170166015625,171.5965074019123,169.87300904114323,170.66542260175078,12267900
2017-10-25,168.98155212402344,170.61589280191248,167.28776796040245,170.2692071482844,15868200
2017-10-26,169.0112762451172,170.65551671026833,168.77354763030905,169.75416116310623,11833100
2017-10-27,176.1924591064453,176.51933021352372,172.25020644339978,172.49783469597168,30285300
2017-10-30,178.1636199951172,178.97584814473237,175.92506540881925,177.55940628582866,24353200
2017-10-31,178.35179138183594,179.08477653749364,177.2424215151375,178.85696275001752,20174200
2017-11-01,180.92715454101562,181.16486804891318,178.85698546823284,180.62999754211089,40918300
2017-11-02,177.2226104736328,180.2139644099417,175.6575978874588,178.91639460542575,35529900
2017-11-03,177.2226104736328,178.1536952501948,175.0335848822982,177.58909550158677,17822100
2017-11-06,178.4607391357422,178.73808158797206,176.6183842093409,176.86601247840542,13312700
2017-11-07,178.5399932861328,179.03524985558118,177.2622379871297,178.787621570857,12928200
2017-11-08,177.85655212402344,178.6390660350212,177.41082419592757,178.08436593366667,10494100
2017-11-09,177.5989990234375,177.69804126344135,175.40995845713817,176.6183856290089,12610300
2017-11-10,176.7669677734375,177.4008955288387,176.27171124221687,176.65801073200777,11070200
2017-11-13,177.0740203857422,177.34144802443038,175.61796500787727,175.81606459306354,9523400
2017-11-14,176.38067626953125,177.27213202047835,175.49910509457547,176.44010463772366,9585900
2017-11-15,176.2618408203125,176.87596935120035,174.72654216414338,174.9840852982051,10253700
2017-11-16,177.88624572753906,178.12397431489654,176.80659006543124,177.06411803287887,15607600
2017-11-17,177.30184936523438,178.27254799575226,177.2027920071275,177.59900632552416,13018000
2017-11-20,177.04432678222656,177.79711133904536,176.41039896752883,177.17308321484725,10052400
2017-11-21,180.13473510742188,180.16444929495103,177.29196699756224,177.45043762637363,14504000
2017-11-22,179.1540985107422,180.00594037631197,178.72818513497248,179.58002700054226,10376300
2017-11-24,181.0460205078125,181.41250559382567,178.57963693963944,178.6885940076479,9426300
2017-11-27,181.29360961914062,181.98696575920286,180.26348265590963,180.82806725780665,12344500
2017-11-28,180.68942260742188,182.5020636420828,180.36255142602081,181.76907840675622,14379700
2017-11-29,173.4685821533203,180.24368883741906,172.3492973969533,180.16444596746075,41933500
2017-11-30,175.4990997314453,176.58867016177797,173.53788807087665,175.17224371637562,25307600
2017-12-01,173.4388427734375,175.79625357763464,170.7050170560906,174.36001266408798,20182500
2017-12-04,169.8433074951172,174.89493109516295,169.1697506285625,174.61757348138207,24459400
2017-12-05,171.19041442871094,173.71622635140952,167.4066463906074,168.83298795232113,20184900
2017-12-06,174.38973999023438,175.09301096569496,170.26920172456593,170.8635156507025,20255800
2017-12-07,178.4310302734375,178.6786585498864,174.13220702165242,174.13220702165242,20404500
2017-12-08,177.30184936523438,180.55073120593295,177.04432139379966,179.80784636222387,19883800
2017-12-11,177.3414764404297,178.5102898741617,177.10376294572836,177.5990195450654,13168600
2017-12-12,175.2812042236328,177.48012939316584,174.92461890429738,176.90564509748748,16854100
2017-12-13,176.60850524902344,177.46034719915144,175.56846337407165,175.617992056504,14615700
2017-12-14,176.69761657714844,178.64892843063407,175.99434568459085,176.59855922979244,13591000
2017-12-15,178.4706573486328,178.7777291299286,176.66793122203669,177.3216735475851,28463100
2017-12-18,179.10459899902344,179.58004108961012,178.04474265034742,179.29278380589932,17265400
2017-12-19,177.80702209472656,178.37162188299996,176.5292666953149,178.24285032833433,14920600
2017-12-20,176.202392578125,178.10417610881552,175.6774217911442,178.10417610881552,11860500
2017-12-21,175.7665557861328,176.98488273107077,175.37035657097564,176.25191267162688,11600700
2017-12-22,175.51890563964844,175.84577675275978,174.55810679281402,175.45947727617897,8509500
2017-12-26,174.32041931152344,175.3208321783826,173.0129346642715,174.95434713969757,8897300
2017-12-27,175.9349365234375,176.7471645411221,174.58783806813028,174.87509533839662,9496100
2017-12-28,176.2321014404297,177.24242910603206,175.99437283851398,176.26181562641523,12220800
2017-12-29,174.7859344482422,177.15325996539352,174.7859344482422,176.31131785139033,10261500
2018-01-02,179.69891357421875,179.85739932297383,175.86563209965655,175.9943885457413,18151900
2018-01-03,182.91806030273438,183.0270173530248,179.609750032507,180.1545352839591,16886600
2018-01-04,182.58131408691406,184.4434838833877,182.3535002652284,183.14589879527125,13880900
2018-01-05,185.07737731933594,185.12689088272066,183.17557888200477,183.82932115021046,13574500
2018-01-08,186.49378967285156,187.10790290703792,184.56229231208056,185.42403380057166,17994700
2018-01-09,186.0876922607422,187.00887730798945,185.32500805174465,186.90981995184484,12393100
2018-01-10,186.05801391601562,186.1075426036284,183.8689879954468,185.16655799512003,10529900
2018-01-11,185.9886474609375,186.61266043116956,185.6023479597347,186.61266043116956,9588600
2018-01-12,177.66836547851562,179.75834914247744,175.71705307175364,176.37079547599575,77551300
2018-01-16,176.69761657714844,180.0257409203191,176.35093097543162,179.77811266595828,36183800
2018-01-17,175.91513061523438,177.6188143370806,174.13220403260107,177.5593708559676,27992400
2018-01-18,178.09426879882812,179.26306707032057,175.40007180043543,176.44011363895262,23304900
2018-01-19,179.5701141357422,180.63987010270947,178.46074429475263,179.13430106537524,26826500
2018-01-22,183.61141967773438,183.63123417286803,178.69848286678723,179.0847823947207,21059500
2018-01-23,187.5536651611328,187.7517647621614,183.789712285467,184.2849688450538,25678800
2018-01-24,184.7802276611328,188.85123723521173,184.7505134763172,188.08853789220552,24334500
2018-01-25,185.70140075683594,186.83058514100517,184.82975946412904,186.16694314552277,17377700
2018-01-26,188.197509765625,188.197509765625,185.03777020973595,185.9688550447163,17759200
2018-01-29,184.21563720703125,187.04850550981504,183.86896666203143,186.95936295087495,20453200
2018-01-30,185.3448028564453,186.39474430392576,180.11489499855887,185.84005939688177,20858600
2018-01-31,185.1169891357422,188.0291000126338,183.46283410386798,186.58294426394886,43275100
2018-02-01,191.25819396972656,193.4670493318211,186.1075282499524,186.4343994261462,54211300
2018-02-02,188.47483825683594,192.36756273953554,188.1776812933119,190.21813593466268,26677500
2018-02-05,179.54042053222656,188.80172517019383,178.8965929858576,185.1566286670613,33128200
2018-02-06,183.5519561767578,184.00759879343892,176.0537808480748,176.87590842741497,37758500
2018-02-07,178.4706573486328,183.324180994455,178.24284354937745,182.40299587863097,27601900
2018-02-08,169.95223999023438,180.11489898379938,169.85318263434326,179.2927712948008,38478300
2018-02-09,174.43927001953125,175.22176875143597,165.5939798033236,173.10207123239243,39887600
2018-02-12,174.7364501953125,175.8656347224753,170.2097972809456,175.3802777774367,32092100
2018-02-13,171.50735473632812,174.3006092183524,171.45784116749542,173.9539235523314,21809400
2018-02-14,177.81690979003906,178.10415192892478,171.56677476358868,171.8044882263824,28929700
2018-02-15,178.25279235839844,178.78766292695207,175.16238037264392,178.78766292695207,20922100
2018-02-16,175.6774139404297,178.17351132530382,174.62747241338818,177.29195522108674,20645300
2018-02-20,174.3402099609375,176.26180784466655,173.44875419266546,174.10249648354807,21204900
2018-02-21,176.22219848632812,179.55032328135707,174.72651395394152,175.0335857268245,23200800
2018-02-22,177.29196166992188,178.5003889732353,175.72694901294167,177.0047043803957,18464200
2018-02-23,181.55116271972656,181.65022008803572,177.80702393093205,178.193323484886,19007300
2018-02-26,183.17559814453125,183.89868365996287,181.48182904264672,182.8289275942312,17599700
2018-02-27,179.73854064941406,182.9477939002595,179.73854064941406,182.70016558823588,15849800
2018-02-28,176.6282958984375,181.14503302828206,176.4499956885595,180.57053364049938,18783000
2018-03-01,174.2708740234375,178.41121145046785,172.75539021746417,177.3117413251509,23201600
2018-03-02,174.9444122314453,175.42976907303557,171.34886009274396,171.6460019202177,20025900
2018-03-05,178.68856811523438,179.431452985637,174.2213592022645,174.52841586378588,16189300
2018-03-06,178.07447814941406,180.64981875021817,177.4108360584912,180.05550473033003,15086800
2018-03-07,181.9671630859375,182.0761201284059,176.38066996507433,177.04431190955285,19097300
2018-03-08,180.61016845703125,182.65062317651714,179.72861233703884,181.81859573801384,17225900
2018-03-09,183.4727325439453,183.75007499566212,181.47190701570705,182.16526314499902,18526300
2018-03-12,183.00721740722656,184.3345166110198,182.47234691766238,183.47275983056593,15301200
2018-03-13,180.15455627441406,184.22556637100234,179.3918568335163,183.84916649631955,18067500
2018-03-14,182.442626953125,182.5020553263023,180.12482971501885,180.86771460779892,16821700
2018-03-15,182.11573791503906,182.25440914352183,180.4615828631266,181.50162463376256,15614300
2018-03-16,183.33409118652344,183.57181980416672,181.67003620511807,182.73979231346402,24403400
2018-03-19,170.9229278564453,175.48919357787204,168.44664525510825,175.3307078640194,88140100
2018-03-20,166.55479431152344,168.58534946476186,160.41361528131628,165.88125256689625,129851800
2018-03-21,167.7830352783203,171.75498788609298,161.7508133402666,163.23658318396647,106598800
2018-03-22,163.32568359375,168.6546482276005,162.16678522845336,164.55392512192446,73743000
2018-03-23,157.8778839111328,165.01949008046154,157.51139889712505,163.87049124612884,53609700
2018-03-26,158.5415496826172,159.5716919349605,147.60628996272092,159.29434943179874,126116600
2018-03-27,150.77590942382812,161.3050688019178,149.31985391779583,154.8271044865024,79117000
2018-03-28,151.57823181152344,154.40120044034754,149.3693916362378,150.2113187768467,60029200
2018-03-29,158.27407836914062,159.8886195256846,152.67768551395085,153.6780982834858,59434300
2018-04-02,153.9158477783203,157.68970070687212,152.6479920730334,156.31288794344186,36796000
2018-04-03,154.62899780273438,155.89685333830263,149.3792754464435,155.06482597696663,42543900
2018-04-04,153.6286163330078,154.08424397960826,149.08214887458792,150.58773329759936,49885600
2018-04-05,157.82835388183594,160.03720897910998,155.1638712219709,160.02729417512074,41449600
2018-04-06,155.7086639404297,159.88863063673318,155.3223644170287,156.23363470007635,41644800
2018-04-09,156.43174743652344,159.00708788470257,154.5596780330655,156.32280549050142,34915200
2018-04-10,163.4743194580078,164.40540444133873,155.52049832922032,156.43176881327932,57889300
2018-04-11,164.74215698242188,167.05003935827375,161.70127430883156,163.7912576931272,56144600
2018-04-12,162.3153839111328,165.8614227768486,161.55269967310542,165.395880390504,38263000
2018-04-13,162.95925903320312,164.12805752041606,162.21637402772686,163.01868741539576,19990600
2018-04-16,163.2662811279297,164.2072655791788,161.83993980164306,164.1478372095887,18119400
2018-04-17,167.05995178222656,167.39672262641517,164.0884123273198,164.2567977494141,22743000
2018-04-18,164.78176879882812,166.5250665077042,164.19736966570864,165.29683987050814,20969600
2018-04-19,166.50527954101562,166.73309335134675,163.63278211366298,164.62329534088133,22235000
2018-04-20,164.70254516601562,166.83214264882764,164.23700272044655,166.19821476120657,19119400
2018-04-23,164.26669311523438,166.85193297750297,163.52380827106558,165.6831347440789,23088100
2018-04-24,158.175048828125,164.52424180665622,156.68927908916314,163.86058468957233,35079900
2018-04-25,158.175048828125,159.5320470198868,154.70825277054732,158.6207767270073,41083600
2018-04-26,172.50778198242188,174.59776543223558,169.17965703660553,171.57669715918277,77556900
2018-04-27,171.94317626953125,175.4198871432609,170.9625779115307,175.13262986224737,29804700
2018-04-30,170.36827087402344,174.05298119739814,170.08102869539832,172.1412828567825,20750500
2018-05-01,172.2106170654297,172.36910279698296,168.6150494902249,170.36826199970878,26025900
2018-05-02,174.399658203125,176.3905842007417,172.54738832841505,172.59691700889962,30424500
2018-05-03,172.36911010742188,174.44917874466034,170.4871259719792,173.46858035640216,24026100
2018-05-04,174.9345245361328,175.30100955783146,171.41819990097693,171.43801439551038,17677800
2018-05-07,176.28167724609375,177.79716159260707,175.4892634752416,175.6675637528502,18697200
2018-05-08,177.2226104736328,177.34146721480033,175.42978409554402,176.5589684787289,15577200
2018-05-09,180.92715454101562,181.27382511137716,177.08395828032195,177.9655144715186,23282800
2018-05-10,183.7698974609375,184.36421137698602,180.76864392435692,181.41247140505058,21071400
2018-05-11,185.21604919433594,186.53343342521768,182.43269469980862,183.09635177423257,21207800
2018-05-14,184.869384765625,186.0778120900049,184.43355653531984,185.92924115423364,15646700
2018-05-15,182.57138061523438,183.53216441084558,181.4619956731768,183.126065529248,15429400
2018-05-16,181.46200561523438,182.57139061807365,180.9271351657108,181.95726218902814,16975500
2018-05-17,182.01670837402344,182.31386537018935,180.49132462761958,180.94695225624568,14840700
2018-05-18,180.94692993164062,182.44261441933145,180.87760187237387,181.74925825650996,13130500
2018-05-21,182.73977661132812,183.54208984513974,181.39267812183232,182.02660593371087,13532900
2018-05-22,182.05636596679688,183.6609928385171,181.68986573120475,183.17563583140054,12731400
2018-05-23,185.1269073486328,185.13682215341586,180.45168392859085,180.7686554010155,16628100
2018-05-24,184.16610717773438,185.0278639166121,183.27465136679226,184.11659361026216,12354700
2018-05-25,183.16567993164062,184.56230702461957,182.7001375673143,184.2552503830491,10965100
2018-05-29,183.97792053222656,185.03776175846676,181.9671800183218,182.59119303413374,16398900
2018-05-30,185.88958740234375,186.21645853153484,183.4925475689725,184.7703027885103,13736900
2018-05-31,189.9606170654297,190.891701875885,185.7014073548531,186.08770689174077,30782600
2018-06-01,192.149658203125,192.70434316849125,190.24787470157,191.2383878865902,17307200
2018-06-04,191.44638061523438,192.13973679812477,189.653554230178,190.02003925955626,18939800
2018-06-05,191.109619140625,193.15007391346572,190.79264766203167,192.45671769658276,15544300
2018-06-06,189.5247802734375,190.7034933263744,187.31594020674177,189.2177236187795,22558900
2018-06-07,186.39476013183594,189.15830032599717,184.9981480558733,188.9403862205783,21503200
2018-06-08,187.30604553222656,187.68243025735526,184.66136208153907,185.75093260856505,12677100
2018-06-11,189.722900390625,190.77285712662987,187.0089037709684,187.01880346237152,12928900
2018-06-12,190.57472229003906,191.44637869064218,189.74269487893488,190.3469084995291,11562700
2018-06-13,190.58465576171875,192.65482480188794,190.08939914269078,190.91152694396115,15853800
2018-06-14,194.94287109375,195.40841343671028,191.07987624155803,191.26807613943936,19120900
2018-06-15,193.9920196533203,195.2004469875458,192.7934920102162,193.93257616449537,21860900
2018-06-18,196.42864990234375,197.68660576781141,192.2883124104692,192.95195437195974,16826000
2018-06-19,195.616455078125,196.08199748593825,191.95154418869626,194.37831359224552,19994000
2018-06-20,200.08367919921875,201.61897778023717,196.9239394708472,197.21119678108076,28230900
2018-06-21,199.58840942382812,201.46047876373848,198.19178218709274,200.8364506124244,19045700
2018-06-22,199.82615661621094,200.32141326133623,197.4192014616046,199.25165709418158,17420200
2018-06-25,194.48727416992188,198.10264132855517,191.27800593934774,198.10264132855517,25275100
2018-06-26,197.1121368408203,197.21119421147907,194.36841090512695,195.7254243357945,17897600
2018-06-27,193.98207092285156,198.8454935965911,193.9424570512619,197.2903808626706,18734400
2018-06-28,194.36839294433594,195.46786315530628,191.42656765319995,193.32835110465624,18172400
2018-06-29,192.4765167236328,195.72539854794996,192.11993139588918,195.4480560834861,15811600
2018-07-02,195.4876708984375,195.5768134522945,190.3964340419604,191.53551808977105,13961600
2018-07-03,190.90162658691406,193.54629531900034,190.6936272550382,192.70436807135135,13489500
2018-07-05,196.5673370361328,196.76543664881044,192.18927060562154,192.89254161176345,19684200
2018-07-06,201.30198669433594,201.70810072016715,195.82445009003405,196.56733496527244,19740100
2018-07-09,202.7976837158203,203.84762531912077,200.20252878125035,202.985868533329,18149400
2018-07-10,201.6090545654297,202.9660679571771,200.34119885033112,202.55995390876976,13190100
2018-07-11,200.61854553222656,202.55995813815042,199.83604672064473,200.30158915385013,12927400
2018-07-12,204.95697021484375,205.11545593927548,201.26236055895862,201.50007403157568,15454700
2018-07-13,205.3531951904297,206.45265028644204,204.49143846534807,205.83853696491485,11486800
2018-07-16,205.26400756835938,206.73987739961603,204.87770809763165,205.53145031394905,11078200
2018-07-17,207.9978790283203,208.463421456482,202.89672681511092,202.9561551907856,15349900
2018-07-18,207.3738250732422,208.98836627715627,206.46255482678453,207.8294677534863,15334900
2018-07-19,206.11587524414062,207.9978592746231,205.78900409494054,206.78943203722804,11350400
2018-07-20,207.94834899902344,209.49354721270174,206.52200753592584,206.86869321049596,16163900
2018-07-23,208.90914916992188,209.61240510004794,206.81916564802717,208.58227799001997,16732000
2018-07-24,212.63345336914062,214.1489372600774,210.58309903423893,213.06928156779477,28468700
2018-07-25,215.4366455078125,216.54601558152288,212.23729173978685,213.6735330203655,58954200
2018-07-26,174.58782958984375,178.42112547710602,172.1016472065014,173.23083151023033,169803700
2018-07-27,173.23086547851562,178.22304571757837,171.35879599961297,178.1636173395232,60073700
2018-07-30,169.4371795654297,173.63696082555492,164.97987032348806,173.63696082555492,65280800
2018-07-31,170.94276428222656,172.5870197678499,168.38723849607297,169.05088050469726,40356500
2018-08-01,170.02157592773438,173.41904388705146,169.27869106621378,172.2799446976345,34042100
2018-08-02,174.69679260253906,175.1128062955991,168.65467169206036,169.0607705810279,32400000
2018-08-03,176.0934295654297,177.15328590852553,174.4788882672312,176.00428700779494,24763400
2018-08-06,183.92840576171875,184.02744801719575,176.68775640312734,177.27215558674908,49716200
2018-08-07,182.0662078857422,186.51361708211053,181.97706533538593,184.73069050483423,33398600
2018-08-08,183.42324829101562,185.07741882627948,182.01672119836547,182.9973348205943,22205200
2018-08-09,181.35304260253906,184.80003912492776,180.74882899781267,184.0868684729874,19732100
2018-08-10,178.54991149902344,180.37246735032673,177.71788400340412,180.31302386004026,21500400
2018-08-13,178.34190368652344,180.8776150461129,177.20280444446766,178.39143236905315,17423300
2018-08-14,179.391845703125,180.26350215292612,176.92546240168247,178.9956464699601,19102000
2018-08-15,177.82687377929688,179.15415813992192,173.1219350158869,177.6386738105148,33020200
2018-08-16,173.04263305664062,178.78761197676087,172.35917660923255,178.70836911621774,31351800
2018-08-17,172.15118408203125,174.5482240299317,170.4078713097176,172.84454024646018,24893200
2018-08-20,170.86349487304688,172.91386406625742,169.28858280854055,172.3888782640595,21518000
2018-08-21,170.9823760986328,172.51767451275782,169.76404914906348,171.17057601645882,19578500
2018-08-22,171.99269104003906,172.5870049351487,170.497021726521,170.5762645868043,16894100
2018-08-23,171.25970458984375,173.88457330652065,171.19037653390234,171.44790449230334,18053600
2018-08-24,172.99310302734375,173.1615035509505,171.27951963432963,172.05211862604838,14631600
2018-08-27,175.77647399902344,176.9749864722339,174.12230370288745,174.32041842833883,17921900
2018-08-28,174.58782958984375,176.54905636529148,174.1619162212758,176.41038513901003,15910700
2018-08-29,174.23126220703125,175.1128183321167,173.09217809635888,174.62747654720158,18494100
2018-08-30,175.9547576904297,178.0843549455052,174.03315973574985,174.2312593455657,24216500
2018-08-31,174.0628662109375,175.9349354017272,173.31998137151254,175.4693930265651,18065200
2018-09-04,169.5362548828125,172.24035187738104,167.19864296157178,171.85405230672842,29809000
2018-09-05,165.593994140625,169.5065334809936,165.08883783558483,167.88209239223997,31226700
2018-09-06,160.98809814453125,165.39587855939047,158.48210112954283,165.39587855939047,41514800
2018-09-07,161.4932403564453,163.06816758611888,158.64057306173902,158.789143973015,24300600
2018-09-10,162.6224365234375,163.44456422538946,160.62161090638074,161.9587945477962,20197700
2018-09-11,164.36578369140625,165.60392534858025,162.16684289914255,162.38475703992788,20457100
2018-09-12,160.46311950683594,162.92950252549187,160.26501991296686,161.70126086105535,24078100
2018-09-13,159.82923889160156,161.77065175795553,159.33398220380087,160.46316684742507,25453800
2018-09-14,160.78012084960938,161.29517686665133,158.8188936976815,160.1858068434434,21770400
2018-09-17,159.05661010742188,160.52256539893756,158.2542968405385,160.3838941566865,21005300
2018-09-18,158.77926635742188,160.2254071416523,157.36282464554583,157.8778957329582,22465200
2018-09-19,161.51307678222656,161.88947662727907,157.96703778261312,158.56135173648215,19629000
2018-09-20,164.44500732421875,164.87092074970067,162.90970882621025,162.9394230133819,18936000
2018-09-21,161.38430786132812,165.66333212521704,161.26545111423076,165.05911847075214,45994800
2018-09-24,163.8407745361328,164.12801668327245,159.35375142860747,159.50232234712274,19222800
2018-09-25,163.3455047607422,164.01904635550608,159.62116615524585,160.45320857364067,27622800
2018-09-26,165.36619567871094,167.69390802530418,162.65219885608215,162.74134142747496,25252200
2018-09-27,167.23825073242188,170.14046236614536,165.6237244392079,165.9604953112616,27266900
2018-09-28,162.8997802734375,167.1886884116708,161.01779643982343,166.73306087974288,34265600
2018-10-01,160.89895629882812,164.30632390636885,159.73014293855263,161.48335542195036,26407700
2018-10-02,157.81846618652344,160.7404770336718,157.164723862827,160.04712083309903,36031000
2018-10-03,160.88905334472656,162.10739547436611,158.01657108313975,158.48211350067055,23109500
2018-10-04,157.343017578125,159.92825746565669,155.8572478752684,159.92825746565669,25739600
2018-10-05,155.83746337890625,159.37358809310282,154.71817848413852,157.69963326810554,25744000
2018-10-08,155.75820922851562,156.83786504826432,152.92534071684108,154.06442491359866,24046000
2018-10-09,156.4020233154297,159.0665061578749,155.92658122631164,156.19402401382933,18844400
2018-10-10,149.9438934326172,156.19402932221695,149.87455025370605,155.33228767252257,30610000
2018-10-11,151.8952178955078,153.3413588238947,147.74496482417442,148.7057639171862,35338900
2018-10-12,152.281494140625,155.4016044564258,149.86463968369813,155.2431187281612,25293500
2018-10-15,152.06356811523438,154.09412289651334,151.10276924478575,151.86546852745758,15433500
2018-10-16,157.27365112304688,157.94720781459952,153.53941292404315,153.92571238504155,19180100
2018-10-17,157.90760803222656,158.96746438077128,156.4515524605806,158.04627927171515,17592000
2018-10-18,153.45028686523438,157.15481128162196,151.82584599397953,157.00622524895226,21675100
2018-10-19,152.58856201171875,155.85725860585532,152.09330541000207,154.38138849168806,19761300
2018-10-22,153.3116455078125,155.84735710685203,152.9946891149492,153.29183101012313,15424700
2018-10-23,152.9253387451172,153.30173861336405,149.4189285205078,149.78541358335914,19095000
2018-10-24,144.654541015625,153.18286026851914,144.21872790359927,152.81637522116696,27744600
2018-10-25,149.5179443359375,150.766000472461,145.60542074683863,146.32849105331292,22105700
2018-10-26,143.9908905029297,147.58645804205494,142.43579273050756,144.43663350770439,31303300
2018-10-29,140.74200439453125,147.41806820751273,137.71103669139526,147.09119706701347,31336800
2018-10-30,144.8328399658203,145.24885369226652,138.41431872145733,138.6124183368081,50528300
2018-10-31,150.34999084472656,154.91625726687457,147.5468518102003,153.5295448429382,60101300
2018-11-01,150.31040954589844,151.30092295312016,147.93318341418032,150.08259569416728,25640800
2018-11-02,148.9236297607422,152.66776754492352,147.54681734924725,150.3598705316641,24708700
2018-11-05,147.2694854736328,148.7651699785997,146.04125886074246,148.67602742392816,15971200
2018-11-06,148.51754760742188,149.53777496669238,146.5959496331744,147.89351947181757,16667100
2018-11-07,150.0924530029297,151.55840819972036,148.40858370896368,150.1320819918875,21877400
2018-11-08,146.46717834472656,149.50806104658648,145.34790873456416,149.06233314066114,24145800
2018-11-09,143.5847930908203,146.35821782378,142.70323699055143,145.35780498182177,17326900
2018-11-12,140.20713806152344,143.66401924891179,139.15719655083137,143.10933430847302,18542100
2018-11-13,140.81138610839844,143.5055837183963,140.27650041789465,140.65290033980216,15141700
2018-11-14,142.85179138183594,144.1988897164962,140.20712338716316,142.33672037075215,22068400
2018-11-15,142.48533630371094,143.4659347430381,139.49398207261976,140.9797519397532,30320300
2018-11-16,138.206298828125,140.42505372867194,136.46300112242963,139.7316975453858,37250600
2018-11-19,130.302001953125,136.4431801797904,129.96523112487614,136.30450894968612,44362700
2018-11-20,131.17367553710938,132.8872745127721,125.64661679370602,125.82490949878465,41939500
2018-11-21,133.54098510742188,135.88849634800422,132.8575286414218,133.12495629974566,25469700
2018-11-23,130.4802703857422,133.22399556727123,130.0147280768681,132.38205349019378,11886100
2018-11-26,135.086181640625,135.70029492716327,131.52032842904356,131.73824252053078,24263600
2018-11-27,133.71926879882812,135.31399549795316,132.4415135471461,134.4621536254883,20750300
2018-11-28,135.4625701904297,135.49228437520122,130.599162209774,134.98712812005422,29847500
2018-11-29,137.36436462402344,138.66194962411655,134.3730256137567,134.6305536071476,24238700
2018-11-30,139.2760467529297,139.63263207133355,136.05687919740592,136.94833493640036,25732600
2018-12-03,139.75148010253906,142.31690522887854,139.42460898819022,141.64336362163564,24819200
2018-12-04,136.62147521972656,142.02968381516663,135.85879095570206,139.39491513754118,30307400
2018-12-06,138.3053436279297,138.37467168294626,132.40187913061064,132.5504651582688,28218100
2018-12-07,136.11631774902344,139.53358515622253,135.36353318230547,137.92895866036224,21195500
2018-12-10,140.5042724609375,141.69288501584336,137.69120410702493,138.27561825272824,26422200
2018-12-11,140.7321319580078,142.5150589268997,139.76143315262416,142.5150589268997,20300300
2018-12-12,143.12916564941406,145.79364872922972,141.1580388267544,141.7226386380311,23696900
2018-12-13,143.63430786132812,144.4663504022227,141.83158176979117,144.18900792660162,18148600
2018-12-14,142.6933135986328,144.62481110500147,141.1580152834058,141.98014296335356,21785800
2018-12-17,138.86004638671875,143.54516953884632,137.10683381022747,141.7226288984203,24334000
2018-12-18,142.29713439941406,144.54558855178476,138.50346691082456,139.74160844963188,24709100
2018-12-19,131.9759521484375,143.53523657068334,131.24296711744836,139.8703416437942,57404900
2018-12-20,132.13446044921875,134.28388748490318,128.76672147172513,129.46007771838177,40297900
2018-12-21,123.76461791992188,133.6202209665845,122.24913397464364,132.12455151669133,56901500
2018-12-24,122.883056640625,128.50917908523772,121.85292207731672,121.93216494149785,22066000
2018-12-26,132.9070587158203,132.96650220575157,124.69571064177411,124.80466770226596,39723400
2018-12-27,133.2438507080078,133.70939315890683,128.43985525257457,131.1835812711433,31202500
2018-12-28,131.9363555908203,134.6305527115725,130.9458423880153,134.05605324026175,22627600
2018-12-31,129.84634399414062,133.36266812501222,128.71715979216796,133.174468239012,24625300
2019-01-02,134.39280700683594,136.20544775108172,127.34035873643892,127.76628721876284,28146200
2019-01-03,130.49020385742188,135.86868284377482,129.87607544553947,133.4122145383374,22717900
2019-01-04,136.6412811279297,136.6908098064628,132.48112906966958,132.73865703839883,29002100
2019-01-07,136.74034118652344,137.55255409719652,134.62064368409187,136.25498430975898,20089300
2019-01-08,141.1778564453125,141.78207015005768,138.21621630008065,138.5629019933404,26263800
2019-01-09,142.86172485351562,143.32726730003796,139.92981403502708,141.5938690756774,22205900
2019-01-10,142.8319854736328,143.18857079288694,139.50386086527106,141.72261564218903,16125000
2019-01-11,142.435791015625,143.9809890790824,141.21746409851912,141.79194841316382,12908000
2019-01-14,144.01068115234375,145.1794943247492,139.92977252271797,140.652842764155,20520300
2019-01-15,147.5369110107422,149.25049429998245,144.60500094126988,144.6248003195292,24069000
2019-01-16,146.1403350830078,148.23031888573252,145.6054645165914,147.5864912447083,18025700
2019-01-17,146.8931121826172,147.58646840736213,145.11018538039298,145.55591330244098,15787900
2019-01-18,148.61659240722656,150.98391832724,147.140737426811,148.32935023224297,31029600
2019-01-22,146.17001342773438,150.09243651802237,144.981385714043,147.7845393707135,22378700
2019-01-23,142.93106079101562,147.38837028482672,141.70281895611384,146.8732991780573,20098400
2019-01-24,144.446533203125,145.05074682385273,141.16793712381084,143.26782014678474,20955500
2019-01-25,147.59634399414062,148.40857194907525,145.1497755539269,146.080860238255,22237200
2019-01-28,146.07098388671875,147.54685400661765,144.82294268659737,146.64548336062506,15508500
2019-01-29,142.82208251953125,146.69499226518704,142.0692829105164,146.68507746147048,17632100
2019-01-30,148.99301147460938,149.5179823240081,144.31778740469193,144.83285856196318,44613200
2019-01-31,165.108642578125,170.0512936190317,163.4346729040746,164.02898685115656,77233600
2019-02-01,164.13792419433594,167.49576282986112,164.08839551902136,164.26668061331824,30806500
2019-02-04,167.6443328857422,167.69386156080387,162.0677396052543,164.12800855277743,20036000
2019-02-05,169.5362548828125,170.34846790473443,167.0896858973347,167.54531353757474,22557000
2019-02-06,168.8726043701172,170.83381631438354,167.66417703222777,169.5758602926726,13281200
2019-02-07,164.80157470703125,167.63444278262114,163.68229006555464,166.60430069293545,17517600
2019-02-08,165.7425537109375,165.782167583539,162.65215777100067,162.90968572798542,12561400
2019-02-11,164.21714782714844,166.7033451938245,163.5138920429869,166.30713091525595,12811200
2019-02-12,163.4743194580078,166.74301659228468,162.93944888994247,165.27706104088844,16292300
2019-02-13,162.5135040283203,164.64310131094078,162.17671806184268,163.81107387053356,14205100
2019-02-14,162.39462280273438,163.30589305833703,160.71075352359836,161.6418382735054,12755200
2019-02-15,160.9584197998047,163.13754615274902,159.3339785060788,162.94934619750686,15504400
2019-02-19,160.75038146972656,162.59273663650987,158.8089840508129,158.97736948206332,14345400
2019-02-20,161.01783752441406,162.1668365647587,159.7202675366254,160.71078082367424,11770700
2019-02-21,158.521728515625,160.70086968311145,158.0760005910145,160.39379789021493,15607800
2019-02-22,160.35418701171875,160.86925812585469,158.78917428671406,159.0566170920967,15858500
2019-02-25,163.0582733154297,164.49452950409318,161.35458945279422,161.52298999215196,18737100
2019-02-26,162.5729217529297,164.66290502180388,162.2460506125999,162.7809210423928,13784100
2019-02-27,161.2654571533203,162.37482713852486,158.88823143815844,161.35459971698157,12697500
2019-02-28,159.91835021972656,161.94890526574252,159.33395106968263,160.82962053353194,11114200
2019-03-01,160.74046325683594,161.58240543010436,160.15606416030062,161.0574347008058,11097800
2019-03-04,165.7821807861328,165.91095233189532,162.2757708915011,162.3450989525824,18894700
2019-03-05,169.63528442382812,170.24941288259268,164.96997573678337,165.78218869781378,28187900
2019-03-06,170.87344360351562,171.92340039522423,169.6452167869297,171.25974318518917,21531700
2019-03-07,167.5255126953125,170.1107529114834,166.0199283064306,169.8730242877548,18306500
2019-03-08,167.9910430908203,168.0108424725199,164.39547537417621,164.62328917597605,13184800
2019-03-11,170.43760681152344,172.64644692789264,169.95224992174298,169.9720644168852,18884000
2019-03-12,170.28903198242188,172.15120168359744,169.5956757471009,170.4574174171404,12155300
2019-03-13,171.7252655029297,172.37900783032623,170.48712402560216,170.6852387531999,11973300
2019-03-14,168.55563354492188,169.52633227268862,166.56470740537296,168.14951949564056,18037400
2019-03-15,164.40536499023438,165.99019204292867,160.96828322200295,165.5741783422534,37135400
2019-03-18,158.94764709472656,162.34509995956293,157.76893402275272,162.01824391896045,37524200
2019-03-19,160.03721618652344,162.26587076408438,159.29433132733644,159.94805851675733,25611500
2019-03-20,163.87051391601562,164.5440556688868,159.71036130360315,159.96788930663635,20211500
2019-03-21,164.50445556640625,164.81151228028597,162.19655769513642,163.32574228613205,16223000
2019-03-22,162.7809295654297,165.8317119208794,162.53330127470193,164.0784993905981,16389200
2019-03-25,164.71241760253906,164.96004587882254,160.46312303168816,161.45363613682204,12631200
2019-03-26,166.0892333984375,167.84244586006625,164.7718642436992,165.76237736782358,15437900
2019-03-27,164.29641723632812,167.33729997043608,163.22666118234383,166.2576442256486,10620300
2019-03-28,163.97946166992188,165.13836028883924,161.78052117842788,163.00876297539853,10443000
2019-03-29,165.108642578125,165.6038991626828,163.2464729836976,164.81148560458402,13455500
2019-04-01,167.0995330810547,167.29763264995483,165.69300649362674,166.2377916436234,10381500
2019-04-02,172.54739379882812,173.24075000550022,167.94151353433404,168.52591268609825,23946500
2019-04-03,171.89366149902344,176.27174333238733,171.30926231316073,172.84456086225086,27391100
2019-04-04,174.3501739501953,176.31138626207962,173.86481694021896,174.3501739501953,17847700
2019-04-05,174.052978515625,175.3208341864952,173.4388651758687,175.20197744048605,9594100
2019-04-08,173.2704620361328,173.83506179927588,172.5771058380873,173.5478196293826,7297400
2019-04-09,175.8953399658203,177.49006685951855,173.88459933211806,173.9539273984359,19751000
2019-04-10,176.13304138183594,177.09382515493581,174.8651707471865,176.489611577607,11701500
2019-04-11,175.82598876953125,176.70754489330878,175.32083248984918,176.5490742715074,8071000
2019-04-12,177.4009246826172,177.9258954828615,176.26182540519412,176.3113540892616,12329800
2019-04-15,177.94566345214844,178.7876055905691,175.19203838126094,176.80657948984256,10834800
2019-04-16,177.17306518554688,178.46073517893842,176.60848060389327,177.30183671909495,11215200
2019-04-17,177.08395385742188,179.02536643628184,176.66794011495884,177.89618195987288,9973700
2019-04-18,176.5886688232422,177.1829827105606,175.65758411965734,177.10373985131613,11655600
2019-04-22,179.7187042236328,179.94651801096805,176.55896492951052,176.55896492951052,13389900
2019-04-23,182.03652954101562,182.47235780282423,179.75834597231,181.00640237913157,19954800
2019-04-24,180.84788513183594,183.38359627090549,179.9267000817969,182.73976879610584,37289900
2019-04-25,191.4265899658203,196.59707046721178,190.2974054375873,195.11130055564027,54148800
2019-04-26,189.6733856201172,191.06999780075873,187.29614477755928,190.67379855068202,22075000
2019-04-29,192.93215942382812,193.55618757482065,188.84133508115613,189.13849206324934,19641300
2019-04-30,191.56524658203125,195.51739968587646,190.45587663598292,192.34776047285834,23494700
2019-05-01,191.1987762451172,194.31888701544372,191.1789617476899,192.93217447619486,15996600
2019-05-02,190.70352172851562,192.15957746793657,187.94989600278848,191.16906418201935,13209500
2019-05-03,193.6156005859375,194.2990570563132,191.87230293749556,192.53594491356205,14575400
2019-05-06,192.0406951904297,192.43689440653358,188.7422845729569,189.4257410676627,13994900
2019-05-07,187.9696807861328,191.0699766034153,186.06789739149028,190.7133912722929,16253000
2019-05-08,187.74185180664062,188.9106651580705,186.76125348198272,187.59328088291394,12505700
2019-05-09,186.86029052734375,187.96967547841595,184.49296481963694,185.42404955316715,12967000
2019-05-10,186.5532684326172,188.19752411275982,182.83884361460218,186.4641258643528,12578500
2019-05-13,179.81776428222656,183.67086012432736,179.12440804727893,181.7591768541123,16833300
2019-05-14,179.01544189453125,181.7492679306445,176.410402521696,180.78846894172523,17628100
2019-05-15,184.50289916992188,185.50331206723598,178.31219163053038,178.7083908674386,16746900
2019-05-16,185.21604919433594,186.79096138903253,183.29445137055404,183.29445137055404,12953100
2019-05-17,183.54209899902344,185.80046788610042,182.5317713030052,183.08645627680912,10485400
2019-05-20,180.98658752441406,182.48225713445717,179.64938855232506,180.15455999753047,10352000
2019-05-21,183.066650390625,183.9382916981912,182.14546528797632,182.81902209940125,7502800
2019-05-22,183.5619354248047,184.96846252328066,181.86815100012723,182.9775210802697,9213800
2019-05-23,179.1540985107422,182.15535197703366,177.96548582051304,180.68939682955207,12768800
2019-05-24,179.34231567382812,181.88794182559548,179.1145018721705,180.60027165643046,8807700
2019-05-28,182.5614776611328,182.9576919925962,179.72860942580263,179.81775198262014,14843300
2019-05-29,180.4615936279297,182.80910496228853,179.62956620740138,181.75916343914122,12797700
2019-05-30,181.27381896972656,181.73936139229684,179.17393577960166,181.34316214986916,8581500
2019-05-31,175.786376953125,178.82724458565292,175.47932028261908,178.56971659742933,15226500
2019-06-03,162.59271240234375,173.38931380145135,159.48250200522003,173.33978512575231,56059600
2019-06-04,165.91094970703125,166.68354874132064,159.31412861668574,162.15691158472936,46044300
2019-06-05,166.5745849609375,167.11937018464766,163.0681752634736,165.89112850883114,19758300
2019-06-06,166.7330780029297,168.09007616281156,165.64350750767568,166.70336381797102,12446400
2019-06-07,171.70547485351562,172.22053085217433,167.2382505031559,168.5556349157121,16917300
2019-06-10,173.16152954101562,176.17268309991522,172.15120181788413,173.09218636041325,14767900
2019-06-11,176.41041564941406,178.27257027953686,175.1128305977536,176.78680040639986,15266600
2019-06-12,173.37940979003906,177.56929116769706,171.23991293854624,176.68773509588837,17699800
2019-06-13,175.786376953125,176.34106192101075,172.95350862653834,173.86477894721233,12253600
2019-06-14,179.6097412109375,180.11489744800159,178.29235698177737,178.7975132188415,16773700
2019-06-17,187.2168731689453,187.70223002271987,182.66052203628425,183.25482082018078,29459900
2019-06-18,186.6820068359375,192.68451385738328,185.5032938181494,192.15954311881,37571400
2019-06-19,185.70140075683594,186.31552918614284,182.79920448790395,185.22595867772026,21417100
2019-06-20,187.73196411132812,189.34650545112825,185.85989478260362,189.13849103058917,14635700
2019-06-21,189.32669067382812,190.17853262242735,186.95936475251648,186.95936475251648,22751200
2019-06-24,190.7728729248047,192.1397710392309,189.75264540658802,190.59457266655454,15509000
2019-06-25,187.04849243164062,191.30770183579463,186.3452365860194,191.0501738677409,16750300
2019-06-26,185.8797149658203,188.95029688721868,185.53302929232473,187.74186954661943,12808600
2019-06-27,187.70223999023438,196.99325807795597,186.48391306022117,188.07863981984457,11159000
2019-06-28,191.1690216064453,191.36712119670298,188.13805404481587,188.74226761922128,16378900
2019-07-01,191.1690216064453,193.4273901862488,190.1091653718203,193.35806213097206,14181800
2019-07-02,193.1500701904297,193.1500701904297,190.88180165734167,191.16904382950221,9050000
2019-07-03,195.3291778564453,195.52727745116385,192.31802472024478,192.31802472024478,10246100
2019-07-05,194.53680419921875,195.20046140417116,192.32796379343947,194.3188900661966,11164100
2019-07-08,193.9028778076172,194.81414822824445,191.8029944519993,193.33829308696087,9723900
2019-07-09,197.3201446533203,197.56777295762626,193.04112030017816,193.12036317123994,14698600
2019-07-10,200.80673217773438,201.0345610905885,197.77576427380922,198.10263543596233,20571700
2019-07-11,199.3209686279297,201.86659482740413,198.31065603780175,201.33170923118854,13678500
2019-07-12,202.92642211914062,203.35235062856086,197.27060055460612,197.78565650521193,15366300
2019-07-15,201.9755401611328,203.3820670212657,199.90537130379838,202.31231100496086,16030300
2019-07-16,201.9062042236328,203.520745553437,201.1732341389123,201.95573290574328,12132700
2019-07-17,199.88555908203125,202.4212703580955,199.67754466787113,202.24297012966807,12083700
2019-07-18,198.875244140625,200.54921390940845,197.48853167099915,198.25121597227718,11937900
2019-07-19,196.47817993164062,200.4105181639961,196.19093778162826,200.26193212996446,12098300
2019-07-22,200.400634765625,200.64826306177824,196.92392381465325,198.0134943633402,13589000
2019-07-23,200.44024658203125,202.30241618644806,199.05353418344316,200.91568867382836,14583700
2019-07-24,202.7184295654297,202.86700049573182,195.34900914181387,195.75512317001505,32532500
2019-07-25,198.80587768554688,206.68045328229766,196.3791086612524,204.73904108566796,39889900
2019-07-26,197.85501098632812,200.9553221276354,194.38821479883302,198.29083921100118,24434000
2019-07-29,194.08114624023438,197.73614212945586,193.44721843790538,197.11211401743336,16530800
2019-07-30,195.1707000732422,196.8248702971993,191.66429025061385,193.5363594578028,11903600
2019-07-31,192.38735961914062,196.87438285652664,190.85206125591765,195.08155652241388,14593500
2019-08-01,190.90162658691406,196.58717844471585,189.0691860262425,192.327968175912,17777000
2019-08-02,187.22682189941406,190.79266059103523,186.2858373188765,189.28709130778836,15297000
2019-08-05,180.00596618652344,183.90859075547962,177.63864015651643,182.9378920159121,23086700
2019-08-06,182.7595672607422,184.02742282392637,181.35304046764819,181.9473543752791,18035700
2019-08-07,183.39349365234375,184.60192083841193,179.50078444035964,181.85821044498942,15833200
2019-08-08,188.3560028076172,188.53428793746522,182.30396625968544,184.8495774469452,14828900
2019-08-09,186.06788635253906,189.16818198588862,185.34480092891997,188.19748340865658,11058800
2019-08-12,183.61141967773438,185.81036010259612,182.7100641885772,185.07739003699646,10930900
2019-08-13,186.66220092773438,189.56441232948268,183.61141859843553,183.76000464001737,13577000
2019-08-14,178.00514221191406,184.2255641919725,177.6089278448205,184.03736425685713,18903700
2019-08-15,180.85780334472656,181.46201700724816,178.32209194595782,179.23336228526333,12925900
2019-08-16,181.95726013183594,183.343987591199,180.62997615644224,182.00678881146158,12654600
2019-08-19,184.40382385253906,185.72120810236217,183.09635440679435,184.24533812759105,9691200
2019-08-20,182.0662078857422,184.23543396192582,180.65968111756595,183.69064874192054,10083400
2019-08-21,181.80870056152344,184.13639750899085,181.40258652287343,183.244941676179,8398200
2019-08-22,180.31301879882812,182.3633884062302,178.20323593087247,181.6898315615164,10821400
2019-08-23,176.06370544433594,181.39267081691872,174.9840497809335,179.12438732933424,17323400
2019-08-26,178.64895629882812,178.7876275383409,176.54907321076817,177.69805700357497,8773600
2019-08-27,179.58004760742188,182.29404412397164,179.29279031328514,180.20406065083043,14399600
2019-08-28,180.03567504882812,180.22387497638817,177.22262116854145,178.81734803624482,9386100
2019-08-29,183.80950927734375,184.31466547896997,181.7294258795335,182.02658280979628,10128700
2019-08-30,183.9085693359375,185.0278539989964,181.71954380269955,185.0080395046506,10774500
2019-09-03,180.6597137451172,183.90859604422937,180.38237124012224,182.25444070585473,9779400
2019-09-04,185.36460876464844,185.96882232055736,182.1454414009104,182.898225866457,11308000
2019-09-05,189.08895874023438,189.5446014501332,186.15704821107946,186.74144735596775,13876700
2019-09-06,185.71131896972656,188.4055159908817,184.58213456483298,188.4055159908817,15226800
2019-09-09,186.96925354003906,187.1871676384169,184.0868718097341,185.9490262221933,14722400
2019-09-10,184.40382385253906,186.31552201390195,182.79919745102447,185.66177973401432,15455900
2019-09-11,186.70181274414062,187.6427971314781,184.31467263419907,184.69107243474602,11761700
2019-09-12,185.69151306152344,189.11868031116256,185.45378444959346,188.05883903362636,11419800
2019-09-13,185.4141387939453,186.18673775776514,184.77029624807577,185.55281001529684,11441100
2019-09-16,184.453369140625,186.00846700387407,184.00764122384822,185.15662504810942,8444800
2019-09-17,186.29571533203125,186.53344392942236,183.77980346357674,184.88918847070408,9671100
2019-09-18,186.35513305664062,187.28621778402513,184.24533532816432,186.3056043790931,9681900
2019-09-19,188.33616638183594,189.28706563907247,186.36503980739397,186.87021117787594,10392700
2019-09-20,188.128173828125,191.26811412280153,186.33534726853642,188.8512593808466,19934200
2019-09-23,185.04769897460938,188.29658133705925,183.45297198278223,187.5437815682258,13327600
2019-09-24,179.56024169921875,186.25610586353093,178.67868550662413,186.1966774864623,18546600
2019-09-25,181.0657958984375,181.67990917782794,176.1825585048044,179.72859718115086,18068300
2019-09-26,178.40133666992188,179.6790920736276,175.9844819947255,179.60976400752006,16083300
2019-09-27,175.41989135742188,179.04515813298937,173.9935499507578,178.77773045476368,14656200
2019-09-30,176.3905792236328,176.97497834037966,175.17225231105203,176.18256481707957,10740000
2019-10-01,174.14212036132812,178.13388728144557,173.2209503554695,177.45043076663086,17073000
2019-10-02,172.94358825683594,174.85527122929318,171.44790384652026,173.18130172091682,16151700
2019-10-03,177.67823791503906,178.1338654597459,171.98278780799447,173.90438556670298,16086300
2019-10-04,178.73809814453125,179.26306891445384,176.41040126812752,177.84664233893517,10430200
2019-10-07,177.9754180908203,179.46118800410133,176.4005056101104,178.29238959372285,9178300
2019-10-08,176.06370544433594,178.65884495813677,176.03399126013443,176.56886168979187,9466900
2019-10-09,178.14378356933594,179.00552511286097,176.25189995825832,177.46032712556223,7556900
2019-10-10,178.3220977783203,179.88711051462911,177.47025578549483,178.6093550824072,8605000
2019-10-11,182.442626953125,184.72081031379022,180.4120718900531,180.4219715809054,14930500
2019-10-14,181.54124450683594,182.8685284681819,180.83798865130032,182.45251476898528,7006000
2019-10-15,187.09803771972656,188.57390782859102,181.91765791631204,182.0563291597332,15039100
2019-10-16,187.7517852783203,187.9003562168188,185.1269161572651,186.53345824053542,10516900
2019-10-17,188.5838165283203,189.02954446675017,186.97918990435977,188.49467396344087,9603000
2019-10-18,184.0868682861328,189.67336164464146,182.17517011677927,188.4253054479973,16874200
2019-10-21,187.95977783203125,188.1083638792181,184.9783385658105,185.26558074125407,8122600
2019-10-22,180.61016845703125,188.8413305118659,179.77814101852795,188.19750299460227,19537600
2019-10-23,184.38400268554688,184.61183157467602,180.27337947392382,180.28327916361334,12300400
2019-10-24,184.61181640625,184.95848688525956,181.06577807888618,182.86850386621083,11413500
2019-10-25,186.10752868652344,187.20699896756088,183.33408864197534,184.0670738673444,8061200
2019-10-28,187.60321044921875,187.7319820129762,183.3242009101123,185.42408424135684,13657900
2019-10-29,187.5140838623047,190.7035381263288,186.6820562579596,189.8715105219837,13574900
2019-10-30,186.46409606933594,188.6432219248965,184.21562704018342,187.76166584684574,28734600
2019-10-31,189.83184814453125,196.21075555095547,186.46410932060846,194.83394281179486,42286500
2019-11-01,191.78314208984375,192.26849895117104,188.10834694303716,191.02045788294004,21711800
2019-11-04,192.87274169921875,195.4975957722311,191.9713710122474,192.70435626000972,16371300
2019-11-05,192.4765167236328,193.8929432304281,191.76334606814555,193.51654340835685,9942000
2019-11-06,189.73277282714844,192.52601169637447,189.53467324509464,192.18924089548005,10973000
2019-11-07,188.61354064941406,191.60489504539427,187.6725560378339,190.08941090650444,13473000
2019-11-08,189.029541015625,190.51531085928715,187.90035653900304,188.19751353054195,10760800
2019-11-11,187.8112030029297,188.2767454025339,186.75134665497026,188.12815935842931,8631200
2019-11-12,192.62509155273438,193.2094906779906,187.93996863227306,188.19749660763233,17615500
2019-11-13,191.35723876953125,193.84342134670933,190.91151087273465,192.8529081920363,10860700
2019-11-14,191.317626953125,192.1892834439716,189.63375746183442,191.09971283041335,9040500
2019-11-15,193.2491455078125,193.44724513950325,191.54546147001233,192.41710287225834,11524300
2019-11-18,195.52725219726562,196.74559401978516,191.21852989102956,192.71419901911182,16167200
2019-11-19,197.4291229248047,198.10266473015093,194.99245349844892,195.52732404304544,19056800
2019-11-20,195.63624572753906,197.6965148817659,193.57597657331223,196.69610204688033,12355400
2019-11-21,196.05226135253906,197.20126023875787,194.99242013686043,195.54710508495742,12131000
2019-11-22,196.93385314941406,197.40929528117786,195.74522514895523,196.49802489778352,9959800
2019-11-25,197.89462280273438,199.06343622164064,197.35975233240896,197.62719512458756,15272300
2019-11-26,197.08241271972656,198.25121104162343,196.16122758393166,198.10264010715585,11735500
2019-11-27,200.08367919921875,201.21286371489063,197.5281531660596,198.0035953005444,12736600
2019-11-29,199.72708129882812,201.86659344093158,199.30116787701886,199.68746742095152,7985200
2019-12-02,197.80551147460938,200.26198033208186,196.17117050509665,200.21246675618414,11503400
2019-12-03,196.93385314941406,197.04279509828882,193.22932812458748,195.72542576590502,11595300
2019-12-04,196.82489013671875,198.13235973805416,196.17114777903484,198.1026455503442,8456300
2019-12-05,197.46871948242188,199.38040277460777,196.32963530577598,197.96397610079532,9740400
2019-12-06,199.1426544189453,199.65772544384058,198.16204104513068,198.5978692112705,12270600
2019-12-09,199.429931640625,201.21285849119744,198.3106619596252,198.74647508840286,11954800
2019-12-10,198.96437072753906,200.13318409868648,198.2512000535582,199.74688457644945,9475700
2019-12-11,200.3411865234375,200.70768667058658,198.37997469638435,198.37997469638435,8036800
2019-12-12,194.8834686279297,201.7279183453557,192.25861474030722,200.43034849471852,23734800
2019-12-13,192.2685089111328,194.93299171341098,191.33742412820706,194.53677738342594,18798000
2019-12-16,196.0423583984375,197.23097114086244,192.96186193565225,193.4175046291645,14911500
2019-12-17,196.5079345703125,197.11214829275616,194.26937993527602,196.9536625361075,10175700
2019-12-18,200.57891845703125,202.36184519945564,198.1917780717306,198.1917780717306,23274400
2019-12-19,204.1051483154297,204.34287692534505,200.5888234198457,200.8562662167465,16514600
2019-12-20,204.34283447265625,205.73946142694655,201.500051891379,205.5116325553476,27306900
2019-12-23,204.22402954101562,206.61117027517278,203.72877287985608,204.73910070055103,13348900
2019-12-24,203.17404174804688,204.8281968073945,203.0551850128218,204.34285506253846,6046300
2019-12-26,205.81871032714844,205.8484396250461,203.36224207193246,203.61978515082225,9350700
2019-12-27,206.1258087158203,206.9479213944063,204.63012406911534,206.69039339627366,10284200
2019-12-30,202.47079467773438,205.9276758651125,201.9656233030976,205.88806198966603,10524300
2019-12-31,203.30284118652344,203.60989787067933,201.66850039677584,202.06469964458358,8953500
2020-01-02,207.7898406982422,207.79974038837176,204.3131450948903,204.7885871596322,12077100
2020-01-03,206.69039916992188,208.40398286966297,204.98671516168196,205.24425828104117,11188400
2020-01-06,210.5830841064453,210.76136920378502,204.56076284492605,204.73904794226576,17058900
2020-01-07,211.03872680664062,212.54431100863326,209.74115701384363,210.80101332645248,14912400
2020-01-08,213.17825317382812,214.18858087478415,210.59301310440352,210.97931264976435,13475000
2020-01-09,216.22901916503906,216.30826202907267,214.22817841177596,215.47621951373543,12642800
2020-01-10,215.99131774902344,217.79405912603943,215.35738987102468,217.12050225402228,12119400
2020-01-13,219.80479431152344,219.8642226870282,217.13041161558257,217.5167111703959,14463400
2020-01-14,216.98184204101562,220.27035346632027,216.55592857486485,219.50765399001202,13288900
2020-01-15,219.05197143554688,219.57694218240457,218.05155862086218,218.51710099849535,10036500
2020-01-16,219.66612243652344,220.5179644157339,218.29920934768901,220.4585360403989,10015300
2020-01-17,220.03260803222656,220.18117897092762,218.43788112936136,219.92365097250166,15905900
2020-01-21,219.3392333984375,220.26040336918837,217.04123564571643,220.05240407245225,14275800
2020-01-22,219.2203826904297,220.6368092730027,219.1807536996543,220.20098105866282,12212800
2020-01-23,217.67518615722656,219.38878496008468,217.18984433820188,218.6557997147795,11195000
2020-01-24,215.87242126464844,219.67598783261107,214.05978052975294,218.70528925427303,11905800
2020-01-27,212.83154296875,214.01025596496402,210.48403178020868,211.07834568025902,13810700
2020-01-28,215.72386169433594,216.66486131909045,211.49438124152425,214.08952097118777,13413800
2020-01-29,221.1122283935547,222.07302728061785,216.37757712787618,219.33921664835265,33181300
2020-01-30,207.542236328125,209.42420542364107,202.80758428745978,204.57069663160544,48775500
2020-01-31,199.99452209472656,206.71020032302016,199.15257983645841,206.45265722028634,31359900
2020-02-03,202.2528533935547,203.19383772775237,200.5788839928512,201.5099686380256,15495600
2020-02-04,207.83937072753906,208.60207006533278,203.25329012461376,204.6598169477202,19628900
2020-02-05,208.1167449951172,210.71188494137493,206.73003245452904,210.49397081156349,12538200
2020-02-06,208.84971618652344,209.18648705025322,207.35403156778628,208.47331633057124,10567500
2020-02-07,210.31565856933594,210.80101545300136,207.9384179452559,208.30491808762824,12242500
2020-02-10,211.03872680664062,211.77171196995977,208.6615013205731,209.5133432239863,11856400
2020-02-11,205.22445678710938,208.85963885070575,204.550899871531,208.19599674128958,25030800
2020-02-12,208.7605438232422,209.21618651754935,205.4324190702276,205.87816207419172,13813700
2020-02-13,211.1179656982422,212.29667872876232,207.19552709461504,207.5323130419285,15396600
2020-02-14,212.14810180664062,212.89098667822543,210.63261787773015,211.96981669219537,10741700
2020-02-18,215.73377990722656,215.91206503008158,211.37551271993013,211.52409876967474,15609200
2020-02-19,215.4267120361328,216.24883977042865,214.05979904248056,215.92196861481477,12135100
2020-02-20,212.54432678222656,216.6945795575329,210.9297854106504,214.4659248311874,13109200
2020-02-21,208.18603515625,212.20753101974222,206.84885154575096,211.45473139418715,14092300
2020-02-24,198.81581115722656,201.71800758497398,196.28999946877815,199.88556722929997,23080100
2020-02-25,194.90328979492188,201.56943950840596,194.09106170285523,200.33129798808406,21433500
2020-02-26,195.3291778564453,199.30114501079282,193.63540894046696,195.31927816661997,16524500
2020-02-27,187.9498748779297,194.02172547463962,187.70224658428288,190.00024440406045,21682600
2020-02-28,190.6440887451172,190.9115315577848,180.09512855049374,180.9667699435061,32568900
2020-03-02,194.57640075683594,194.70517229961789,187.05840976299632,192.18926049743837,24949000
2020-03-03,184.12649536132812,195.3688260570718,182.2247118597475,194.35849837640868,27984100
2020-03-04,189.9407958984375,190.01013907356133,184.62174512795494,187.37537047141788,23062500
2020-03-05,183.41329956054688,187.19706666433638,182.1454440663209,185.0080261747884,19333400
2020-03-06,179.37203979492188,182.0365228405124,174.58785901094882,176.6382286815227,24559600
2020-03-09,167.8920135498047,173.33983699832342,163.62290341112003,167.99107093084604,29949000
2020-03-10,176.4995574951172,176.5985997511697,167.89199498024468,173.0129466417694,24517800
2020-03-11,168.62496948242188,174.2114632222763,166.06944366012237,172.3591932950792,20373900
2020-03-12,153.00457763671875,165.01950777952575,152.87580608218877,158.02647178096905,43266300
2020-03-13,168.66458129882812,169.1697375742382,156.1048815638944,161.97861740448548,35028600
2020-03-16,144.6248016357422,157.62034282792854,141.74242021374437,150.8749515320923,39120400
2020-03-17,148.00247192382812,152.47959555940798,138.6718399360973,149.30995652653198,34255600
2020-03-18,145.56581115722656,146.7742232287653,135.79935143154705,138.42420508887238,37553100
2020-03-19,151.6772918701172,158.412769570759,143.4263150613957,145.22904123462826,39862300
2020-03-20,148.3095245361328,157.75902812085627,146.59594107842844,154.5398604958232,32568400
2020-03-23,146.69500732421875,150.8650593288481,140.9004992024424,148.24020545961736,29830800
2020-03-24,159.4528045654297,159.7796757225296,151.1226003607916,153.73755450355938,30440400
2020-03-25,154.72805786132812,161.44373546413595,151.60793253072984,157.41233989604498,35184300
2020-03-26,161.79043579101562,162.44417818424702,155.53039971052974,156.74872681498226,26556800
2020-03-27,155.3025360107422,158.57123213120119,153.2818960187298,156.6991630525611,24879900
2020-03-30,164.37564086914062,165.1680543475872,156.56049335494643,157.66986315635367,22515200
2020-03-31,165.21762084960938,169.30843048588375,162.64228023355423,163.91013604372594,23676300
2020-04-01,158.08587646484375,162.59269839873065,156.54066353187935,160.08670178729741,19507600
2020-04-02,156.68927001953125,159.8192950491368,154.44080104612146,157.590640569695,20886300
2020-04-03,152.71731567382812,156.4119407375599,149.39910557107916,155.65914104365785,25983300
2020-04-06,163.97946166992188,164.62328919797648,157.00624034665182,158.63068137411273,28453600
2020-04-07,167.2283172607422,171.74505427529135,164.43506325151714,170.1602273760677,31411900
2020-04-08,172.62661743164062,173.33978805447288,166.14866857394955,169.62536402473415,21664200
2020-04-09,173.5279998779297,175.40006911296433,169.9423471380508,174.23125574534905,23534300
2020-04-13,173.1318359375,173.33985040816543,167.8424978438422,172.0224657313791,19355400
2020-04-14,176.47975158691406,179.5107198450218,174.9444529600723,177.28206493593865,21011800
2020-04-15,175.2911376953125,176.49956511516666,171.1805135978638,173.52802525271218,17423000
2020-04-16,174.5779571533203,176.36088399386284,170.873432224306,176.26182662504232,23593200
2020-04-17,177.53956604003906,178.56969297066794,174.9840405355198,177.49993705384384,20974800
2020-04-20,176.54905700683594,178.78761112895089,175.0930015685747,175.72692933588345,16110700
2020-04-21,169.1796417236328,173.71619356805294,166.74297282987604,173.58742202763395,24850500
2020-04-22,180.5507354736328,183.0270183445286,176.4500116439906,176.7570683017367,33242000
2020-04-23,183.37371826171875,185.2755018408747,181.41249119324937,182.333676352203,21426600
2020-04-24,188.266845703125,188.60361655396258,179.11449856026314,181.4917241255104,28792000
2020-04-27,185.7212371826172,191.9119450887044,185.63209461613744,190.83228925725072,29197800
2020-04-28,181.17477416992188,187.40509558662583,180.82808850214573,186.87022510546225,21731000
2020-04-29,192.34779357910156,195.04199115239103,188.19754014399632,189.11871032259614,45954500
2020-04-30,202.7679443359375,207.7006953659654,199.65773379139367,204.9569698337117,46230100
2020-05-01,200.35110473632812,205.31357031681745,197.16165109419939,199.6874627207839,30415600
2020-05-04,203.3126983642578,203.9565408998558,196.87436369245373,198.30070486875965,19250700
2020-05-05,205.1055450439453,208.384140829604,204.54094534926392,205.05601636851242,21071200
2020-05-06,206.49229431152344,209.59260555857895,204.69946778308397,206.14560863533606,21857000
2020-05-07,209.25579833984375,209.592584290606,207.0568579827823,209.15675609529208,15152000
2020-05-08,210.33546447753906,211.18730635477021,208.84969481590548,210.2265074311247,12506000
2020-05-11,211.15757751464844,212.96031862940882,208.37423809406243,208.88930914314122,12911900
2020-05-12,208.10679626464844,213.23764656981243,208.00773891479147,211.26652017428353,14704600
2020-05-13,203.15426635742188,208.780374161541,200.19262640475492,207.44317527623556,20684600
2020-05-14,204.84803771972656,204.96689447028015,198.78610161697614,200.63835651192048,17178900
2020-05-15,208.87940979003906,209.33503735747286,202.1835314833057,203.32263062995142,19383200
2020-05-18,211.1675262451172,212.60376746242017,208.9388713897747,210.13738398145594,20151900
2020-05-19,214.82252502441406,218.39827857013364,210.8109432172055,211.24677147869448,31843200
2020-05-20,227.78834533691406,229.1453437245616,221.07266635650583,221.3797230619706,50162900
2020-05-21,229.19485473632812,234.94973416055913,229.00665480516201,232.4932655922574,47782600
2020-05-22,232.68145751953125,233.7512135803886,226.5699929396403,229.3137035988991,33925600
2020-05-26,229.9971466064453,238.6146078462338,229.47217585474306,237.4953382827712,33178300
2020-05-27,226.9661865234375,228.37271340715165,219.03218149536397,226.89685846103117,34697600
2020-05-28,223.32110595703125,229.43257040221073,221.87495007866607,222.17210705247058,29377200
2020-05-29,222.95458984375,225.33183034995173,220.7655643586481,223.06354688920962,23241500
2020-06-01,229.70989990234375,230.23487064365784,221.37968098597398,222.45933665290062,18223800
2020-06-02,230.51222229003906,230.78956476389462,224.410657637154,228.7491100859438,20919000
2020-06-03,227.97650146484375,230.44286944052297,226.36196025593873,229.9079990102644,15380300
2020-06-04,224.14320373535156,229.43255519929482,222.47914897476215,227.38218581853587,17041500
2020-06-05,228.5807342529297,229.15523371974078,223.1725255577989,224.5592530992839,16750400
2020-06-08,229.20472717285156,229.3533132074876,225.25258954444104,226.85721594310212,15466500
2020-06-09,236.40579223632812,237.49536284160516,228.22415834753903,229.32362864412497,27462900
2020-06-10,234.48419189453125,238.92170203167848,233.04795073880788,238.67407372503538,20720700
2020-06-11,222.3008575439453,230.68060538824116,221.4292162551948,227.75859463768327,26708200
2020-06-12,226.41148376464844,229.4622658933595,222.37018854664274,227.71895318322157,22091400
2020-06-15,230.29429626464844,231.55225213638818,222.66734840041028,222.9545905498788,15340300
2020-06-16,233.41441345214844,236.19776804816235,230.78955969861352,234.8902834595126,15236700
2020-06-17,233.2955780029297,235.33603282230533,229.53162473596834,232.77060720431487,19578100
2020-06-18,233.70169067382812,233.89979029428315,229.94763712016479,232.76070614114246,15782500
2020-06-19,236.5246124267578,238.54526757982674,233.31535971098864,235.53409934381074,30081300
2020-06-22,236.95054626464844,238.4165014285989,234.66246340959566,236.2968039877675,18917800
2020-06-23,239.94192504882812,242.8639359908621,237.5844987762971,238.99102571857034,24017900
2020-06-24,231.79989624023438,240.9126143800484,230.47259710597137,238.91177354502253,20834900
2020-06-25,233.4441375732422,235.04877919252385,230.53204153772248,232.39419602713875,18704300
2020-06-26,214.03005981445312,230.87868120880182,213.35650308695838,230.4329533629464,76343900
2020-06-29,218.54684448242188,218.65580154528436,205.1452013205017,207.76015571516825,58514300
2020-06-30,224.9158477783203,225.34176121511217,216.397427902158,218.4973111262216,33927100
2020-07-01,235.29640197753906,236.73264302328414,225.4011701607447,226.33225494067122,43399700
2020-07-02,231.20558166503906,237.72316011864228,230.4032684178837,236.73264695148129,30633600
2020-07-06,238.00050354003906,238.1193602840796,230.066498480671,231.54235343261277,26206200
2020-07-07,238.57501220703125,245.30059024829933,236.5543719101447,237.13877107628963,27887800
2020-07-08,241.26922607421875,244.64687997964083,234.34553281979487,235.8511172343172,29791300
2020-07-09,242.1804656982422,244.19120618796399,236.97037195903678,242.67572227431222,22174900
2020-07-10,242.74505615234375,243.16106984662514,237.04960574567934,241.37814321825448,22982700
2020-07-13,236.73265075683594,247.77686670259865,236.15815129696398,244.6666559122793,24674900
2020-07-14,237.45570373535156,238.05001764723156,229.82875580772154,234.51387858820374,23378100
2020-07-15,238.00050354003906,242.49744180063882,235.7916634004404,239.2584594992504,19133600
2020-07-16,238.6443634033203,239.4664912604451,234.0880112671289,235.74216667337993,18880700
2020-07-17,239.73388671875,241.84368447878796,235.6034488652055,238.713659424936,18152400
2020-07-20,243.09176635742188,243.71579455772877,233.40454772825336,237.78261459404249,20872200
2020-07-21,239.45657348632812,244.56762538335238,237.80241820498753,243.88416883602522,19364200
2020-07-22,237.59439086914062,239.60513140880883,235.86099280983828,237.9806904035096,15427900
2020-07-23,230.3933868408203,240.12021904776984,229.55144453692725,237.35669374429577,21771800
2020-07-24,228.52130126953125,231.27492668709075,224.74743337674522,228.00623018656836,18325800
2020-07-27,231.28482055664062,232.72106160153086,228.64015225946258,229.26418038053794,13163100
2020-07-28,227.93687438964844,232.7309693782,227.64963223495675,232.4040982348421,14170100
2020-07-29,231.07681274414062,231.48292677466168,228.12508770436878,228.9472154561437,13588300
2020-07-30,232.2753448486328,232.66164439115454,226.82752226156467,228.0359495718187,20615300
2020-07-31,251.26348876953125,253.4228154661814,246.63779380778402,253.39310127845968,53005100
2020-08-03,249.5697021484375,252.97705471901895,247.95516086305807,250.25314353224238,23124900
2020-08-04,247.4599151611328,250.40174058128656,245.08267440703182,249.17349876929944,17183500
2020-08-05,246.7566375732422,249.8767631461195,245.41945385403616,247.81649392631718,13050100
2020-08-06,262.7633361816406,264.0708208389535,246.31091159464353,246.67739663614861,45241600
2020-08-07,265.89337158203125,276.24424683732195,260.9308906696281,261.57471821795224,72766400
2020-08-10,260.5050048828125,271.2619650996796,257.2264081901754,265.4972005124866,30248800
2020-08-11,253.70013427734375,263.39726633947527,252.70962114166713,257.7216151899459,28238300
2020-08-12,257.4245300292969,261.39646802295965,255.6613872405819,256.51324444344806,21415700
2020-08-13,258.8211364746094,262.6445338750431,257.10756765747067,259.06876482187863,17374000
2020-08-14,258.76165771484375,260.15828494892105,256.225946350694,259.8215140895644,14792700
2020-08-17,258.68243408203125,261.59454534365483,256.93912115587176,260.0097181587884,13351100
2020-08-18,259.8512268066406,262.6345664541101,256.8004594797997,258.4744291902361,18690400
2020-08-19,260.0988464355469,265.3683836888908,258.8706197930617,258.9102487832246,23291500
2020-08-20,266.4579772949219,267.0720906693738,258.9795841699943,259.01921316359085,20299700
2020-08-21,264.4768981933594,267.923864248888,263.89249912334805,266.1409528565842,15538600
2020-08-24,268.81536865234375,274.61976099381667,266.22019890079457,268.49839720097054,23685600
2020-08-25,278.1558532714844,280.40430678101586,267.696038960376,269.8256357526538,42127200
2020-08-26,301.0268859863281,301.77968573068813,281.30576351533256,281.30576351533256,69015200
2020-08-27,290.43829345703125,298.3723141828248,289.24966547774335,297.31245776123404,30301300
2020-08-28,290.8740539550781,294.41019265321574,288.2194863447359,292.2013377602492,17157400
2020-08-31,290.4184875488281,294.0635689355796,288.78411655701416,291.16137246217465,17345100
2020-09-01,292.6372375488281,298.6298306313767,289.9331254891369,291.9141519928641,17295900
2020-09-02,299.6302490234375,300.71981961095383,290.2698870040415,296.0445960038457,24341400
2020-09-03,288.358154296875,294.77668974336285,280.9392212249072,293.181948014176,32294100
2020-09-04,280.04779052734375,286.25829702357294,268.5677468796136,284.5248990312156,30333700
2020-09-08,268.58758544921875,276.65034785435137,266.8641020097571,268.7064422066897,24864000
2020-09-09,271.123291015625,275.83814381106316,268.7757794234972,273.1538311094905,22918800
2020-09-10,265.54669189453125,276.5116807577843,264.49675027438184,272.8963134636423,24814700
2020-09-11,264.0807189941406,268.81540127495344,260.1484104713204,267.4980017450848,18913900
2020-09-14,263.62506103515625,274.0155642266359,263.17934826766725,268.37954215146976,24093800
2020-09-15,269.83563232421875,271.915685962595,266.74520559884127,268.1022341401949,18478500
2020-09-16,261.02001953125,269.855410303088,259.30645109406254,264.75427352603526,29183400
2020-09-17,252.40255737304688,259.0191776781204,247.81647684764812,255.82972426202454,31281400
2020-09-18,250.13429260253906,256.7410288258022,247.67782414348895,255.94860014348706,28130800
2020-09-21,245.7958526611328,247.5787795028881,241.81400034758389,245.19163898459442,24709400
2020-09-22,252.333251953125,252.89785176375196,245.86520160089765,250.90691044631254,30293100
2020-09-23,246.6575927734375,255.54248196553817,245.7958360416711,252.83838525489884,19641300
2020-09-24,247.1627655029297,249.84706301107562,243.28985513952165,244.16151161992903,20006800
2020-09-25,252.40255737304688,253.323727308525,244.270438108199,247.03396302866398,18351300
2020-09-28,254.3835906982422,257.1372160056408,252.4025644273637,256.9391012873282,18826300
2020-09-29,259.3064880371094,260.8318567711736,254.462863438966,255.36423417894977,20200200
2020-09-30,259.41534423828125,263.55568125306513,257.63243295985546,259.4946022046444,20142500
2020-10-01,264.10052490234375,265.78437911337403,262.28786891780663,262.83266928483647,20009800
2020-10-02,257.4740295410156,262.63459536856885,256.7212297602658,258.7319705495244,16367600
2020-10-05,262.1393737792969,262.3572879434981,258.36552002095874,259.71263400731266,12822300
2020-10-06,256.20611572265625,263.16942143393084,255.79008693062175,259.2965116815633,18696900
2020-10-07,255.67129516601562,257.7117502016876,252.40261327766632,256.75095106523486,23133400
2020-10-08,261.25775146484375,262.10957824268456,256.6914702410178,257.2857841614979,16312800
2020-10-09,261.94122314453125,262.23836500798916,259.68285429806093,262.01053609396246,14107800
2020-10-12,273.1340026855469,277.5219687105833,265.3287541821045,267.6366667626113,31019300
2020-10-13,273.52032470703125,276.4522352631806,270.79641345533537,274.9466358799191,18063300
2020-10-14,269.2413024902344,276.1055516404068,268.9243310147819,274.98626689950885,15577800
2020-10-15,264.1897277832031,266.4877260609296,261.1686740898967,265.06138438703516,15416100
2020-10-16,263.40716552734375,268.79555970257195,262.7831373807618,264.84342174497095,16622700
2020-10-19,258.92010498046875,266.00226723568505,257.4145360279885,263.01092870960446,13587000
2020-10-20,265.0216979980469,267.1414106645317,260.386103675759,260.564388789371,18763200
2020-10-21,276.08575439453125,280.36474843398815,273.7481275300645,276.9078670480285,28998600
2020-10-22,275.48150634765625,279.77044511999674,272.43073921348895,277.2149043218122,16720000
2020-10-23,282.0882568359375,282.53396962984647,274.193865586696,276.15506233602224,17535200
2020-10-26,274.4810485839844,282.5240397015065,271.6581106581841,280.4736704944667,21322900
2020-10-27,280.60247802734375,281.8109052764516,273.688685375489,276.11545467815995,16287200
2020-10-28,265.1306457519531,276.1451462125154,264.72453176741044,276.1451462125154,23121800
2020-10-29,278.16583251953125,280.90957366487805,271.1827259516753,273.9264368689556,32368100
2020-10-30,260.6139221191406,274.0750235508318,256.64198461151057,271.89588234789227,47247800
2020-11-02,258.8805236816406,267.904114939418,254.89867137301752,262.0898071068625,27165700
2020-11-03,262.7831115722656,267.4880487656376,258.40506062741036,260.66342927110645,17961900
2020-11-04,284.6536560058594,286.1988540045685,275.9767516838311,278.3341776692633,35364400
2020-11-05,291.8843688964844,294.5587661363717,286.20874864916607,289.1307439155009,23823600
2020-11-06,290.62646484375,291.805177901876,285.3272134843867,291.1613504046963,13891000
2020-11-09,276.1253662109375,289.8043516954612,275.88765270530405,287.1200692674655,25117700
2020-11-10,269.845458984375,271.40057170471647,261.49544135052975,270.50911601845144,29067700
2020-11-11,273.8570556640625,275.7588237695575,269.89500351154567,270.8756017463147,14957000
2020-11-12,272.4703369140625,277.0960465045844,271.8265094289224,274.5504205205671,12899500
2020-11-13,274.3226623535156,275.1249756843675,270.5091802165147,275.08534668968935,10391200
2020-11-16,276.3135070800781,276.759250035923,272.0245989497342,272.4405974956678,12970400
2020-11-17,272.3910827636719,275.0456504245983,270.6973139492524,275.0456504245983,15040300
2020-11-18,269.38983154296875,274.758425497098,269.2610600118314,271.9156276929163,12152900
2020-11-19,270.3506774902344,270.87564828150806,266.6362529591288,268.44887882996005,12963700
2020-11-20,267.1413879394531,270.4100689898648,266.8541306843616,269.9742408194019,18114700
2020-11-23,265.8834228515625,268.3795351970664,262.0204278264502,268.3201068296078,20990800
2020-11-24,274.2928466796875,275.18430224768844,265.3286867615348,265.94279992553425,16930400
2020-11-25,272.9755554199219,277.52200781790697,270.06344391354185,275.50138245973596,12467000
2020-11-27,275.1744384765625,276.4819230070652,272.2128140173095,274.7584399074411,7808400
2020-11-30,274.3424377441406,275.0655232504647,268.4389876321645,273.4113529330627,16693300
2020-12-01,283.8315124511719,286.555423435264,276.31352176244496,276.51163647069404,20738900
2020-12-02,284.7923889160156,289.0119854808312,278.1658521535526,282.6528764420839,17361600
2020-12-03,279.1761474609375,283.9305986615111,278.4035483851427,283.5343994328073,12921700
2020-12-04,277.04656982421875,280.7708791120946,276.65034033932363,277.64085359543014,10880300
2020-12-07,282.8706970214844,285.75309355814665,275.5607362719545,276.5413344959524,13007700
2020-12-08,280.71136474609375,283.71261778361537,278.8789097380102,283.2966192711981,10747700
2020-12-09,275.28338623046875,284.9012589955687,269.1719077207866,280.96892117687315,25189700
2020-12-10,274.490966796875,276.08570849817966,269.28085857167514,272.9259695054891,20065100
2020-12-11,270.9549255371094,273.85715274093417,267.68624344382437,271.9256395406759,14391400
2020-12-14,271.5888366699219,274.5900906771914,268.98378192613376,270.7766085315419,16376900
2020-12-15,272.9358825683594,273.4608533213838,264.9325497288067,272.22271190122603,23979500
2020-12-16,273.0547790527344,275.2239750866343,269.9247538061208,272.1534084400776,15885000
2020-12-17,271.8760681152344,277.779518195203,271.0142962583711,274.44149362016714,16377800
2020-12-18,273.77783203125,275.3626591366418,268.5677533523085,273.15380390247185,26693200
2020-12-21,270.2021179199219,272.06428766633354,265.2495516701315,270.39031785565913,16553700
2020-12-22,264.55615234375,268.9243189417739,262.1194984702345,268.9243189417739,17312900
2020-12-23,265.56646728515625,269.58797850135994,263.70432794667806,264.3580702558719,14329000
2020-12-24,264.86322021484375,267.8347597764794,263.6746225270276,266.3291906140202,6702000
2020-12-28,274.37213134765625,274.66927318929925,263.1397163126322,266.1904833897249,23299700
2020-12-29,274.15423583984375,277.84886087106366,273.6589792514903,274.32263638023176,16383000
2020-12-30,269.2908020019531,275.44188012531293,269.13231627249957,275.3131388089401,11803800
2020-12-31,270.5686340332031,274.46134429748446,267.25040821946976,269.4196349040382,12900400
2021-01-04,266.3886413574219,272.39114935775103,262.68413139913764,272.17323522914216,15106100
2021-01-05,268.3993835449219,269.81581027453916,265.6655572308114,265.74481522059017,9871600
2021-01-06,260.81201171875,265.20989246584026,257.54333045745466,259.5144419273582,24354100
2021-01-07,266.1905212402344,269.03328943239956,262.2680972324981,263.37746723645864,15789800
2021-01-08,265.0316162109375,266.3985292223334,260.68324888419426,265.76458628392135,18528300
2021-01-11,254.40342712402344,260.9705350047507,253.47234222288486,258.00890997150753,30412300
2021-01-12,248.70791625976562,257.2560486546045,247.9254176062195,254.19536698008287,26383500
2021-01-13,249.2527313232422,251.5408143077679,246.835876791248,249.16358876608618,19528900
2021-01-14,243.3096466064453,252.6105643674245,242.28941928345847,250.99602311604312,29739400
2021-01-15,248.9753875732422,251.45167046400326,244.81523533956985,245.54820540225506,24942900
2021-01-19,258.6230163574219,259.7125869811391,250.32251046228353,254.4628486043435,28028500
2021-01-20,264.94244384765625,267.75549730725703,261.09924834305565,266.37866964606815,25199900
2021-01-21,270.2812805175781,271.00436589782277,264.9523156810709,266.7055430567738,20838700
2021-01-22,271.8958435058594,275.82818168663306,269.4195607781193,269.4294755820097,21954000
2021-01-25,275.3725280761719,277.442696613341,268.93419359316493,275.50129960232124,19087000
2021-01-26,279.37420654296875,282.6825468832056,275.17444069030034,275.501326939586,19373600
2021-01-27,269.55828857421875,280.7609909390715,265.57640598970227,279.84970545477495,35346200
2021-01-28,262.4859924316406,284.06928306563213,262.18885056916974,274.550435696971,37758800
2021-01-29,255.87925720214844,264.03119157836943,252.43229067210282,262.78313529511104,30389500
2021-02-01,259.5243225097656,261.6638342312033,252.49167411790313,257.05792456846575,22914300
2021-02-02,264.5462646484375,266.2994924411919,260.77241159646826,261.4954971487179,17320800
2021-02-03,264.1203918457031,266.6462191504539,261.3370516122532,263.10016425367064,14223400
2021-02-04,263.9618835449219,265.61605408071716,261.4955150644546,264.47696981449684,16060000
2021-02-05,265.5565490722656,266.6164052678372,263.149609666967,264.26886399796433,12454400
2021-02-08,264.0509948730469,267.29987695152556,262.4859973214407,266.2004218118385,13755200
2021-02-09,266.8938293457031,270.7964542912547,263.22891792680264,263.9123745439926,14613400
2021-02-10,269.2908020019531,271.20248510363194,265.18017852470706,269.86531654973004,14687200
2021-02-11,267.8248596191406,270.9845686927139,265.94286049047133,269.31062931352466,12828600
2021-02-12,267.933837890625,268.6073796553555,265.79432561318777,267.9536372737997,9097600
2021-02-16,271.3708801269531,273.9759344635849,267.48805540434125,268.23094024278475,15417200
2021-02-17,270.9747009277344,271.3709001585379,267.02253274039873,268.6667882648939,12763200
2021-02-18,266.8343200683594,269.3700310107842,263.50618056389004,267.0126051592973,15249100
2021-02-19,259.07861328125,267.7059742268689,257.68198613294555,267.2998602139807,25622600
2021-02-22,257.8603210449219,260.5743481152235,255.08689582133027,255.50292471890293,17434900
2021-02-23,263.337890625,264.9227181865067,252.54131520763295,257.038239608802,21924600
2021-02-24,261.8026123046875,263.85298243815237,255.9387895019408,259.8413847559726,15736100
2021-02-25,252.27378845214844,264.40757414815266,251.62994585700326,259.8115787709722,19053100
2021-02-26,255.17601013183594,263.03077268805777,254.03692597787747,254.03692597787747,26619500
2021-03-01,262.3968505859375,264.1203338490786,255.4533435093878,258.3456553002382,22157300
2021-03-02,256.54290771484375,264.17975569299955,256.19622206421116,263.2585857115384,15191700
2021-03-03,252.98695373535156,258.51400351633504,252.67989709352253,257.8206624852627,15513500
2021-03-04,255.19583129882812,263.96184879696193,251.0950922065757,254.0369175729114,31626500
2021-03-05,261.77288818359375,262.9318021975422,253.18513855549332,258.1971492092336,26820100
2021-03-08,252.88790893554688,263.06046806481663,252.63038095858866,263.03075387955346,18391800
2021-03-09,263.2189636230469,265.9825038679535,257.34522770157434,258.70222592602937,22039700
2021-03-10,262.386962890625,266.41835921131224,260.37622213319213,266.0915031279357,14210300
2021-03-11,271.2817077636719,275.2635591780777,265.2792013468839,265.5664283553156,21834000
2021-03-12,265.853759765625,267.18104394074237,261.51530673892114,266.5867601519335,20600200
2021-03-15,271.15301513671875,273.3420410598998,265.95282032587755,266.5273047379639,16844800
2021-03-16,276.6304931640625,279.46337630569644,272.1929836612508,273.4608392009027,22437700
2021-03-17,281.3156433105469,283.5145836650354,272.79722435946263,273.0943662068009,21315000
2021-03-18,275.9767761230469,282.48445494085774,275.64000527074234,277.21491759242963,18728300
2021-03-19,287.3577575683594,290.0222403798668,278.5323119370961,278.5521113181405,38930500
2021-03-22,290.7552490234375,296.86669845210474,284.0296560280012,287.6945669066847,28273100
2021-03-23,287.8728332519531,295.1729101187354,287.0606052378312,290.3689154352846,23000900
2021-03-24,279.46337890625,288.9524810483119,278.49266519183493,288.2393104113675,18675000
2021-03-25,276.0956115722656,285.32720091068285,275.11501327712864,278.314381469348,24505600
2021-03-26,280.33502197265625,281.80099232272937,275.1348279139767,275.6597986764923,17629200
2021-03-29,288.06103515625,290.3986316289947,281.9990996490315,283.05892572272546,21718800
2021-03-30,285.267822265625,289.6954177994954,283.98016710356916,287.0804482525887,17474500
2021-03-31,291.7358093261719,293.68712125662836,285.87195873125825,287.23887158573814,19498200
2021-04-01,295.8266296386719,299.5311387538878,293.7861751842745,295.5690865740002,17616000
2021-04-05,305.97943115234375,307.82177116424344,297.8274967697697,298.0355263025172,28237000
2021-04-06,303.3545837402344,308.3962923247204,302.3541557305206,305.910094507977,17335200
2021-04-07,310.1197814941406,311.26878046067907,302.6017897557278,303.43381723603534,22855200
2021-04-08,310.0504150390625,312.8832983639885,307.108589777209,311.8630710295713,20894100
2021-04-09,309.4957580566406,311.75412703143513,307.3859600220171,308.4458164420121,15988600
2021-04-12,308.5845031738281,309.18870174060095,305.00873465975695,308.0991311312691,10881900
2021-04-13,306.8212890625,311.4469674303375,306.3854609633046,309.24802755823515,14036900
2021-04-14,299.94720458984375,305.10776972784834,299.0854629707445,304.38468423358455,17421400
2021-04-15,304.89971923828125,307.1977166554537,301.2150096652489,303.4337491146248,14558300
2021-04-16,303.27532958984375,306.01907054746965,301.72021658409255,305.24647144717045,13059200
2021-04-19,299.3726806640625,304.7809041528577,297.70862584969257,302.11642139777234,14553500
2021-04-20,299.7787780761719,302.205547217118,294.39038449446264,299.125035815002,16796400
2021-04-21,298.6099853515625,299.11515670534817,294.5687052054597,299.08544252148204,14863500
2021-04-22,293.7069396972656,300.0462478528295,293.2315127452414,298.4713053900647,16375400
2021-04-23,298.2732238769531,299.7193645838828,294.3309707347604,295.9257125937409,17536800
2021-04-26,300.1651611328125,302.89895730610033,298.6991905557834,300.46230303380014,16172600
2021-04-27,300.6900939941406,302.4432914446423,298.2534098015694,301.3933498896892,15309300
2021-04-28,304.18658447265625,307.9703518367733,302.47298589703803,304.4440973281607,33907200
2021-04-29,326.3840026855469,328.6621708739154,318.5589244992749,326.9882012067515,56526800
2021-04-30,321.99603271484375,326.6910860560486,321.4215483325027,323.0460045654419,26332400
2021-05-03,319.519775390625,325.4331411557807,318.78680520238987,323.0757448315522,18719500
2021-05-04,315.33978271484375,319.1334653774803,310.14950297503594,316.98403833175917,24032600
2021-05-05,312.03143310546875,318.01414083186467,311.5064623594347,315.1713730055257,15577600
2021-05-06,316.9840087890625,317.20192289215305,310.2980449968609,311.5361864398612,19012200
2021-05-07,316.052978515625,319.87637566962724,315.7261224186473,319.3216906257411,15916700
2021-05-10,303.06732177734375,311.59562582881836,301.93812223192924,311.3678271412114,24239200
2021-05-11,303.6219787597656,303.92903540194015,296.8468727959438,297.89681426171364,18920100
2021-05-12,299.67974853515625,302.066888910531,295.36112560839774,298.2732367565769,24645500
2021-05-13,302.3641052246094,305.92992898812224,299.8977065068963,303.17630317230385,18079200
2021-05-14,312.9427490234375,313.84411968065496,306.1478126182844,306.6034704635138,19245700
2021-05-17,312.46728515625,312.6851992690574,308.6240891093178,310.5754013196184,15401300
2021-05-18,307.01947021484375,313.49743515875963,306.8708992769691,312.596064498234,14522400
2021-05-19,310.6150817871094,311.67493833995326,300.6901487747881,301.30426222318175,19106200
2021-05-20,315.5873718261719,316.2213147347966,310.1890934389536,310.6050920231846,17320200
2021-05-21,313.2299499511719,316.89483006736606,312.81392117345496,316.2609174394868,13600900
2021-05-24,321.5502624511719,322.8577469570888,315.0128701496473,315.1911552473469,16445400
2021-05-25,324.6803283691406,326.0571259903941,321.7186733635957,323.97704223709934,16437000
2021-05-26,324.5515441894531,326.7009408093781,322.72900361052683,325.2350006850583,9686900
2021-05-27,329.5932312011719,330.6134584763085,323.6600674559844,324.88829401648195,20477700
2021-05-28,325.6114196777344,329.71212866456455,325.2151902097347,327.85987379111714,12037400
2021-06-01,326.00762939453125,328.2759131910481,323.54126108571313,327.0179420230442,11765900
2021-06-02,326.02740478515625,328.7216018243249,324.01666425347224,327.2457468698166,11654300
2021-06-03,322.9469299316406,324.27421398298367,320.4112185756325,322.68938682846266,12610800
2021-06-04,327.21600341796875,329.3059715162057,322.0950374722004,322.80820810196184,13289400
2021-06-07,333.38690185546875,334.4863871676881,325.80948232338204,326.35428269129585,20136700
2021-06-08,330.514404296875,335.09056998714277,329.0880630131473,333.5057732079439,14580500
2021-06-09,327.116943359375,333.60479191615667,326.86931509036714,332.5548504738082,13727900
2021-06-10,329.3059997558594,330.7719701283223,325.433089637067,327.6518596910735,13240200
2021-06-11,328.117431640625,329.6725144829359,325.8095188209061,329.42488616834345,13587900
2021-06-14,333.5751037597656,333.6246475542689,326.68114067655125,328.75130953961195,12250800
2021-06-15,333.5552978515625,336.69523778647385,331.8516140520772,333.7930113307263,15795200
2021-06-16,327.93914794921875,334.34777055886315,325.60155094320004,333.50585839039945,17232200
2021-06-17,333.3175964355469,334.77365200424555,327.0179169571552,327.35468780751273,17794100
2021-06-18,326.5325622558594,332.96098280037313,325.8788199623062,331.3563563653161,23039500
2021-06-21,329.1376647949219,329.76169299500623,324.5416686869183,327.9490367730406,11337500
2021-06-22,335.8136901855469,336.6952614461643,329.4446975415484,329.53384010249897,15345300
2021-06-23,337.3588562011719,340.1620252276405,334.99154558901347,336.1306296188668,14817800
2021-06-24,339.9243469238281,341.62803100837226,338.5475491558905,338.606977535625,12329100
2021-06-25,338.1314697265625,340.85538089347347,336.4575000821068,339.33989698064187,14594400
2021-06-28,352.2660827636719,354.74236543894887,338.52764108966477,339.211097526286,29156100
2021-06-29,348.55169677734375,353.3556615090401,345.73861275063206,352.8901191061755,21417300
2021-06-30,344.41131591796875,349.5719111486522,343.8764605858398,348.8290262926332,15107500
2021-07-01,351.0280456542969,351.30538818715485,343.21288070115247,343.52985223243843,17137000
2021-07-02,351.3350524902344,353.05853582625923,349.2747680575,351.73125173404804,11521300
2021-07-06,349.4332580566406,355.38625227576136,345.86740436275744,353.11796850230905,13488500
2021-07-07,347.1649169921875,353.1079954252127,346.679575259803,351.889683692401,14218900
2021-07-08,342.370849609375,345.0254174831095,339.3101677341417,342.45010758570027,14406500
2021-07-09,347.0955810546875,347.3828080623844,341.99441488852193,342.0439586756841,13018700
2021-07-12,349.80963134765625,350.8298586937266,346.3230359052164,347.8979482028553,10018600
2021-07-13,348.749755859375,355.0890336920756,345.4909592768227,348.1653567542104,11456000
2021-07-14,344.3320617675781,351.830252927523,343.44060605431434,351.1963100561871,13894200
2021-07-15,341.1921691894531,345.9169365102335,336.99240288481633,345.9169365102335,14781600
2021-07-16,337.9234619140625,342.7076270154176,336.9131494069854,341.63788613898663,11026100
2021-07-19,333.7533874511719,336.5664409124596,331.3662473506856,334.36750071150135,14372300
2021-07-20,338.4187927246094,340.1918200741562,331.32671355449037,335.58590884228937,11024300
2021-07-21,342.9454040527344,343.2326311231738,338.0126373205033,338.2602656262326,9279700
2021-07-22,347.8583068847656,348.2049925242254,341.9350275134986,343.3910830167803,12385400
2021-07-23,366.2818908691406,371.769312325479,353.80141829304677,357.4861286683113,33694300
2021-07-26,368.926513671875,370.88774056060555,364.72674765389337,366.0738310075622,14925200
2021-07-27,364.3205871582031,369.6099229950656,361.09150507822307,368.3816965377737,15705400
2021-07-28,369.73876953125,373.9682500525475,363.44900460704366,371.0066252299384,29676900
2021-07-29,354.9206848144531,362.05236147117967,353.3556570848168,357.5752528439892,33413200
2021-07-30,352.9198303222656,357.3078266379785,349.5917205810782,350.64166212286204,15976200
2021-08-02,348.61114501953125,355.9904504806916,347.4126022414212,354.7027953668976,13180400
2021-08-03,347.9078369140625,350.41383403048724,344.4014420488461,349.38372209565347,12406100
2021-08-04,355.51495361328125,357.06015153741976,348.175248359594,349.07661885335125,14180600
2021-08-05,359.5265197753906,360.4476896489773,353.5140983605406,356.22812464852313,10247200
2021-08-06,360.06146240234375,361.6858883290317,357.9714638352485,357.9714638352485,8925000
2021-08-09,358.1794128417969,362.30986559916806,357.32758612032035,360.3090401016076,7798900
2021-08-10,357.7040710449219,360.64589674007186,355.6339018858262,358.39741221455284,7469900
2021-08-11,356.54510498046875,358.9223304946584,354.41550775375845,358.6648176307623,8400300
2021-08-12,359.2095642089844,359.55624983432654,353.722113254543,355.0494273890599,7170700
2021-08-13,359.73455810546875,361.2005284477097,358.0507038894444,359.52655880809033,7195700
2021-08-16,363.0824890136719,363.46880364224467,353.9895857725943,359.08080752115643,11222100
2021-08-17,355.0494384765625,361.2104312664265,351.7014993084157,359.5364616823531,12328700
2021-08-18,352.0779724121094,356.4461095616281,351.78080027865525,352.8703709785183,10042400
2021-08-19,351.75103759765625,354.1778069933524,347.67012810989354,348.01681377043064,12004500
2021-08-20,355.9607238769531,356.57483722451366,349.9582163027017,351.23598679466534,8697700
2021-08-23,359.9029846191406,362.22078192713013,355.6933034331285,356.03007430064173,10942000
2021-08-24,362.0424499511719,364.46918888987807,358.4072536029716,360.20999468525207,9235100
2021-08-25,364.89520263671875,367.3417414254632,361.93354736706345,362.13166211478307,9684500
2021-08-26,360.9231872558594,365.93518138803427,360.67555896779515,364.88523986488696,7888700
2021-08-27,369.0949401855469,370.1943953329407,360.6260341512379,361.6363769656691,11219100
2021-08-30,377.0487976074219,377.87091034869337,367.00497820392945,369.0256338062302,13547300
2021-08-31,375.7808837890625,379.1288230734931,375.2063692341861,376.3454835394561,12345400
2021-09-01,378.4255676269531,380.68393658340426,375.2163144330659,375.9889135437449,11567200
2021-09-02,371.7197570800781,378.128378082771,370.51132988205984,377.880749806358,14832900
2021-09-03,372.69049072265625,373.58194651977135,369.57035009065925,371.1948061802109,7509600
2021-09-07,378.5543518066406,379.3269509430826,369.61001824595786,372.3141303375376,10793800
2021-09-08,373.9880676269531,377.2567490209844,371.23444220304134,376.55349312892326,11067200
2021-09-09,374.4139709472656,376.2265967126152,372.9975443965652,374.0574007225001,9098900
2021-09-10,375.09747314453125,380.14909687401274,374.67155969258806,377.74212665130995,11549600
2021-09-13,372.9381408691406,378.12842045134016,370.79862869383606,378.05907727144006,13026300
2021-09-14,372.9579162597656,374.99837093653537,371.55137428227204,373.8196578663158,8711600
2021-09-15,370.37274169921875,373.97819434650955,364.182033653399,373.42350932384943,17940300
2021-09-16,369.5207824707031,370.01603897755047,366.2025578292142,369.2533548391065,11934200
2021-09-17,361.260009765625,367.88654612015847,358.15969831918187,367.88654612015847,26299000
2021-09-20,352.3255920410156,357.6050146167763,346.48153940283044,355.89141572985596,19822800
2021-09-21,354.0886535644531,356.6243648232441,351.8203699754345,355.0989661005446,11751900
2021-09-22,339.95404052734375,346.52114814292474,337.457958045449,343.9359230968264,43692900
2021-09-23,342.6778869628906,346.3527121495504,339.74597679319663,342.0835730861536,21806300
2021-09-24,349.61151123046875,350.988339011627,339.1219806512323,339.98372225097893,18801900
2021-09-27,350.22564697265625,351.78075996478805,343.78731111719344,346.49142305859095,15205800
2021-09-28,337.41827392578125,346.2833780638099,335.7047056470502,344.6688369104162,21710300
2021-09-29,336.38818359375,341.95489333896575,335.6651282816763,339.894608892464,14452200
2021-09-30,336.1702880859375,339.54791148346095,334.94203116786514,337.2202296554088,16547100
2021-10-01,339.7558898925781,341.746800561781,335.42735271408367,338.36914744446074,14905300
2021-10-04,323.1351318359375,332.75300653568115,319.6386214521133,332.3468924966681,42885000
2021-10-05,329.8012390136719,332.0001793428091,323.0657619084549,325.46278672418,35377900
2021-10-06,330.474853515625,331.2078236438207,322.7092030754351,326.6118276783232,26443000
2021-10-07,326.0968017578125,335.62553521570953,325.8590882301027,333.80299430444217,28307500
2021-10-08,326.9188537597656,330.23707886491707,325.5915697633176,328.3650247260383,15946100
2021-10-11,322.36248779296875,327.3249376734873,322.2238014549604,324.5217990112097,14708200
2021-10-12,320.6983947753906,321.30262344592575,314.35911739076505,319.96542480174827,31658700
2021-10-13,321.461181640625,323.89783579467144,319.5990118766299,323.86812160601477,14761500
2021-10-14,325.4132080078125,327.3843190432684,323.9967817886463,325.24480751127027,14302200
2021-10-15,321.67913818359375,325.9482484759059,319.4504830562724,325.5619337443634,21596400
2021-10-18,332.1587219238281,332.70352236833537,324.3931013837202,325.8293577406152,21585000
2021-10-19,336.76458740234375,339.2111563186814,334.0803049809579,336.4278165275038,18786300
2021-10-20,337.54705810546875,340.71671216455144,336.22968896292474,340.1917414227474,13639500
2021-10-21,338.6366271972656,339.06254058022586,334.59531677700437,337.051800174184,16354400
2021-10-22,321.5304870605469,326.5028828517243,318.0636907342012,323.254000646443,35224500
2021-10-25,325.5717468261719,326.43348836966,316.6868432855544,317.26132757185974,38409000
2021-10-26,312.8139343261719,327.0773166758595,306.6628565445558,325.14583430083223,65654000
2021-10-27,309.25799560546875,316.22130136132716,309.09950988501515,311.20930758571666,29971800
2021-10-28,313.9134216308594,322.43181001827844,305.18697350237704,310.0206822157218,50806800
2021-10-29,320.50030517578125,322.90724455994496,316.5679672767725,317.15236633127773,37059400
2021-11-01,326.84954833984375,330.28663026591386,322.90729502158786,322.9469240124421,31518900
2021-11-02,324.9675598144531,331.61392520094756,320.72816449549913,328.23627153602354,28353000
2021-11-03,328.4739990234375,328.99896983664695,320.133894388822,324.3831744657556,20786500
2021-11-04,332.6639099121094,334.0704219213882,329.49425514595947,330.841369001397,22495300
2021-11-05,337.8937683105469,343.50007657621416,336.4179133349289,337.08154024248904,26872800
2021-11-08,335.4075622558594,341.51904176895226,335.1302197794764,341.1525567353101,18342500
2021-11-09,332.1884460449219,338.0720975618809,331.29699010588183,336.77452753579723,17556700
2021-11-10,324.53173828125,330.02907409300826,322.42194046577737,329.33570280681266,21872600
2021-11-11,324.6307678222656,329.30599106646946,323.8977977694065,326.69105208747396,12376600
2021-11-12,337.6560974121094,338.6168663057334,326.6514787980105,327.04767807716763,25414300
2021-11-15,344.26275634765625,350.29497795013197,339.94413341835536,341.0733027181568,25076600
2021-11-16,339.7063903808594,343.36138641858486,337.6362214703641,340.5681320074988,18181100
2021-11-17,337.53717041015625,344.0052203611665,336.8735434975521,340.9742524042192,13602800
2021-11-18,335.4768981933594,339.2111218533816,332.1190441354008,336.4971255196184,17487200
2021-11-19,342.0241394042969,348.7596461891761,336.6753750529327,338.95357317366523,26488500
2021-11-22,337.77490234375,350.47325808083923,337.27964576378054,345.7386063854537,27116800
2021-11-23,334.050537109375,338.161160356584,330.3361130495969,335.7145918334211,17225000
2021-11-24,337.8244323730469,338.53760309207894,329.652698405334,332.81243795776146,13566200
2021-11-26,329.95977783203125,334.54585913872853,328.75135042557554,332.6143461583221,14750700
2021-11-29,334.8232116699219,337.4381813076392,332.12901426806184,333.6940422195019,16650900
2021-11-30,321.38189697265625,332.6242275781667,320.3616696093828,331.8219143229741,25390000
2021-12-01,307.65338134765625,327.36458640478276,307.34632469847156,327.15658711328444,30329600
2021-12-02,307.4454040527344,311.615456125547,304.2856645532592,308.44580182117534,24396200
2021-12-03,303.9290466308594,310.7734960191587,296.65868384936425,310.75369663856657,27471000
2021-12-06,314.8544006347656,317.063255774586,303.4337855696767,305.2068125184288,21758300
2021-12-07,319.7475280761719,323.44215278295127,317.95470180201283,318.51930151789117,18794000
2021-12-08,327.4240417480469,329.59326807942176,320.0051075354831,321.9167907612685,19937700
2021-12-09,326.6910095214844,332.94114422137443,324.8882685813296,326.4136670866958,16879200
2021-12-10,326.6217041015625,331.85161221057876,323.27376489096105,329.40504357422094,14528000
2021-12-13,331.31671142578125,337.85410381852427,326.46320336519005,327.8103168765236,22948700
2021-12-14,330.57391357421875,332.5153414916146,324.54169093989987,324.9378902316712,20461000
2021-12-15,338.4187927246094,338.8645055925502,320.90652405813984,329.3357720601497,24681300
2021-12-16,331.7228088378906,341.19211101888834,330.57381009178704,335.7641189418493,22635000
2021-12-17,330.62335205078125,333.91183233012623,327.6121839820707,329.6427235980679,40012600
2021-12-20,322.36248779296875,326.77025277757326,319.4701763545088,326.65139604674306,17901800
2021-12-21,331.029541015625,332.8124527785697,320.67866543768434,323.3134343162159,16116800
2021-12-22,327.3150634765625,331.33654421348325,325.14583738595,330.63325815367176,16764600
2021-12-23,332.05963134765625,333.4760881792936,325.2448957802808,326.9684092818379,13987700
2021-12-27,342.8958740234375,344.5698438556296,334.80339759497355,335.6354251082656,17795000
2021-12-28,342.93548583984375,349.3639069197179,341.92517324461073,343.3415998845721,16637600
2021-12-29,339.6866149902344,346.3725794005129,338.3989598617032,343.6189537858467,10747000
2021-12-30,341.09307861328125,343.9358766185774,339.9639093912297,340.7365084046527,10593300
2021-12-31,333.1590881347656,340.1818224054571,333.0798301588364,339.7657936019813,12870500
2022-01-03,335.3283386230469,337.8442203225513,333.9911397916042,335.0905949060386,14537900
2022-01-04,333.33746337890625,339.83522867140704,328.7216674448187,336.72503240650553,15998000
2022-01-05,321.09466552734375,332.57470946548466,320.76777925565807,329.86068284228344,20564500
2022-01-06,329.3059997558594,335.95236488514416,319.6584111611982,319.757468523727,27962800
2022-01-07,328.64239501953125,333.80296051496975,325.75999787555054,329.5833644568442,14722000
2022-01-10,324.9576721191406,325.2250998004948,312.4375707870831,322.22384601970924,24942400
2022-01-11,331.1979064941406,331.45544960895523,322.194144789704,323.67991464643745,16226800
2022-01-12,330.09844970703125,333.17893135223176,326.8990810822945,332.00021818670064,14104900
2022-01-13,323.3827819824219,332.44597232117496,322.6696112217425,331.802144743855,14797100
2022-01-14,328.75128173828125,329.57342451372193,318.16269460653893,318.73720911459196,16868500
2022-01-18,315.13177490234375,321.134282597393,314.6266337152197,320.22302736269484,22645600
2022-01-19,316.55810546875,323.9968691681762,316.300562367424,316.5481906639102,20814700
2022-01-20,313.5568542480469,324.7100424845301,312.9823698959232,320.8272174640283,16925000
2022-01-21,300.29388427734375,315.29023761436935,300.1651127316576,311.8234415975488,28710700
2022-01-24,305.78131103515625,306.5935390860729,286.2682198003165,295.01443775641104,38878100
2022-01-25,297.30255126953125,303.32488886516785,294.75692491667803,297.1044667528209,25108500
2022-01-26,291.8348693847656,304.59268250751865,288.0907312055281,304.0974259746668,28348800
2022-01-27,291.8448486328125,298.84775458037524,291.4684487482399,294.9253304379061,21629900
2022-01-28,298.8476867675781,299.0358866671592,290.2500406644229,292.8154658615873,21871600
2022-01-31,310.28814697265625,310.8131177126139,296.48039178049356,297.8274751026259,21579500
2022-02-01,315.97369384765625,316.62743615194995,309.15895856078424,311.5758130573624,18023800
2022-02-02,319.9357604980469,324.888326450029,313.86390980442656,324.7100413304929,58458300
2022-02-03,235.50439453125,245.64725434526696,233.5134685963576,242.3290293397488,188119900
2022-02-04,234.8407745361328,240.3084117153077,227.92699652679804,232.74089135665187,89342200
2022-02-07,222.77633666992188,236.0393083629009,221.8848656845653,235.4449943726632,88613800
2022-02-08,218.0911865234375,223.6281667321472,214.0994195841086,218.75484365988038,94729700
2022-02-09,229.79908752441406,231.1560859202873,220.10196888638188,222.0730806969072,86563300
2022-02-10,225.9063720703125,232.77062187775897,224.5493585928868,226.1044717044231,49310400
2022-02-11,217.46717834472656,228.23405210422476,216.69457924981316,226.2926546758898,46156900
2022-02-14,215.63473510742188,218.90343190987824,212.74243818274908,217.22946207114566,38184000
2022-02-15,218.90342712402344,219.05199806514614,213.019776031042,218.37845631334636,42685500
2022-02-16,214.4857177734375,215.3970032011971,210.34537992754144,210.39490860944625,45817500
2022-02-17,205.739501953125,215.43661946171025,205.19471667420856,211.9896377822518,38747500
2022-02-18,204.20419311523438,208.7506448126113,203.23347935333905,207.40354633405173,37128400
2022-02-22,200.1629180908203,205.51168356092646,198.16207710671472,200.420446093118,39852400
2022-02-23,196.5673370361328,204.97679935347745,196.1711378107776,202.22317392937322,44481400
2022-02-24,205.63055419921875,206.37343912751933,188.41542929090912,189.24745678323796,49957200
2022-02-25,208.48321533203125,209.31525791159626,201.25246590663596,202.9957788218845,37627600
2022-02-28,209.0279998779297,211.12788303037252,204.86784745096298,205.70977460452164,34239800
2022-03-01,201.55955505371094,209.74118939741768,200.30159894204266,207.87901957359693,27094900
2022-03-02,206.13568115234375,207.16580812270612,200.10346002099692,202.8372707267524,29452100
2022-03-03,201.04446411132812,207.09650032870152,199.50916563846303,207.03707195533144,27263500
2022-03-04,198.1620635986328,203.93675722916353,196.90410763301688,200.45014661725162,32130900
2022-03-07,185.69151306152344,198.98419855279087,185.50331313299955,198.88514118597868,38560600
2022-03-08,188.48475646972656,194.83394992103973,184.34441841025128,186.06791687683574,37508100
2022-03-09,196.61685180664062,197.2111657166558,192.08029996134783,193.8830410714381,31894700
2022-03-10,193.3581085205078,194.41794989537487,189.25738405082512,192.9916083208707,24853000
2022-03-11,185.83016967773438,191.72371980233706,184.8990849135122,190.81244953272395,34694500
2022-03-14,184.85946655273438,190.46575926857847,184.05715335189254,185.2556657511156,31010500
2022-03-15,190.20823669433594,190.45586497885327,184.1463011258414,188.98990976643933,31721700
2022-03-16,201.69821166992188,201.79725392342633,192.67463563810253,192.85292076282985,40640300
2022-03-17,205.86825561523438,206.0663552283428,199.2021061486321,199.786505297213,29499700
2022-03-18,214.43621826171875,214.7432749500115,204.04572886072057,204.73908511074174,52128000
2022-03-21,209.483642578125,212.67309629838934,205.66026101300244,212.4650818757495,30142300
2022-03-22,214.5946807861328,217.3780356005314,208.18605911173725,209.36477224925207,31998800
2022-03-23,211.43495178222656,214.74326220311647,210.1472816148888,211.30618023128324,23717300
2022-03-24,217.48696899414062,218.576524337588,212.75230246312537,212.96031686465494,31502300
2022-03-25,219.7156219482422,223.3607028824541,216.81341072111672,218.4180370982393,40039000
2022-03-28,221.46884155273438,221.91456946749696,217.45726009180729,220.02270075247958,26224100
2022-03-29,227.67935180664062,228.69957913548967,223.1526994853717,223.92531364233645,31417900
2022-03-30,225.68841552734375,228.95709666100294,224.55923119967247,226.7383569934554,25588000
2022-03-31,220.25051879882812,226.32236963518736,220.15146143184708,226.28274064278204,24192300
2022-04-01,222.71688842773438,225.12382813403363,220.58727608103428,222.4197314591214,19544800
2022-04-04,231.671142578125,232.12678532160837,223.71732241926705,223.83617917233548,28054800
2022-04-05,229.64056396484375,234.6129441858723,228.82835104504397,231.85931885123034,29727200
2022-04-06,221.1815948486328,226.817617228763,219.3095255537278,224.75734801249203,28995100
2022-04-07,220.8349151611328,223.38054134268012,216.48656281289078,221.8056138662761,21037200
2022-04-08,220.2207794189453,222.9942191227874,217.94259626528822,220.2703080967699,18375700
2022-04-11,214.406494140625,218.51711787920036,213.17825233032207,216.3478915507451,20516600
2022-04-12,212.1084747314453,219.92362248964253,211.10806194101517,218.15061068996326,20128800
2022-04-13,212.95042419433594,214.55505063548836,209.3251424952581,209.81049937213933,19231800
2022-04-14,208.18603515625,212.95041584136294,208.0077500537956,212.85135848620135,18379500
2022-04-18,208.77047729492188,211.35571742453138,206.32390841266937,208.00777787744218,16580800
2022-04-19,215.24844360351562,216.35781366714164,207.01728046821611,208.52286492173255,20089900
2022-04-20,198.51864624023438,212.1283025357954,197.03287649629226,211.58351727354366,43036500
2022-04-21,186.28579711914062,201.04443556217475,183.81941417629605,199.68743751615116,49954100
2022-04-22,182.36337280273438,190.8916914488266,181.53134540165973,188.5639795498347,36426800
2022-04-25,185.21604919433594,185.40423398672158,179.93661258090359,180.9964537339401,29281100
2022-04-26,179.23333740234375,185.4141444142867,177.79709647037512,184.85945951206682,31747400
2022-04-27,173.290283203125,179.49090557558733,167.39673262179144,172.77521210159048,71062900
2022-04-28,203.7782440185547,206.55168356059139,191.06995986853858,200.9949047871428,100890600
2022-04-29,198.5681610107422,210.4642178194915,198.0035612928614,202.52031369381666,49193400
2022-05-02,209.12705993652344,209.86994484783412,199.08325654016426,199.26154166414338,49915300
2022-05-03,210.01852416992188,212.86129237421738,206.1158995284373,208.45351141392368,41556300
2022-05-04,221.29055786132812,222.17211400565108,204.99661872779126,208.65159974367043,41375900
2022-05-05,206.30410766601562,218.081310127161,204.20422431921799,216.66488337147143,41129200
2022-05-06,201.8368682861328,207.39364764784224,199.11295713066804,205.37299236320362,34747200
2022-05-09,194.34861755371094,200.64828262668107,193.72458935006662,197.9441704869111,36303200
2022-05-10,195.77491760253906,201.0345551127532,192.34775057526267,197.61727266187168,34452500
2022-05-11,186.94947814941406,198.7662940874872,186.4839357080517,194.46747016608808,31153400
2022-05-12,189.42575073242188,196.17114323905767,183.02702877905674,185.28539767694278,38262200
2022-05-13,196.7357177734375,197.99367371070613,189.46535485183276,190.75302497459322,24549800
2022-05-16,198.14227294921875,203.42171062705378,194.07126270081866,195.18064786913985,27112600
2022-05-17,200.6977996826172,203.5108689367008,196.478218472542,200.20254303342386,24872700
2022-05-18,190.416259765625,199.09314980877699,189.8120461193555,198.10263662564876,23960000
2022-05-19,189.4752655029297,193.437318347367,187.80131087194192,189.38612294129757,24446900
2022-05-20,191.70391845703125,196.03247142713522,186.08771041560578,193.1203601951297,31465600
2022-05-23,194.36839294433594,195.12119261810062,189.4257419542698,193.33826590922556,25059200
2022-05-24,179.56024169921875,181.93746746616088,174.43928998335653,178.83717125482903,50406300
2022-05-25,182.08604431152344,183.69067086733313,177.61883519746831,178.6885761586534,28030200
2022-05-26,189.81204223632812,191.00065500895997,180.53092362274083,181.14505206125855,23056500
2022-05-27,193.2788543701172,193.47695399634833,187.9994169595787,189.54461520382748,22562700
2022-05-31,191.80294799804688,195.72538635895296,190.18840687658394,193.04108932087925,26131100
2022-06-01,186.8504180908203,197.63710673346378,183.24495048052162,194.64575249909583,36623500
2022-06-02,196.9734649658203,199.0337343339215,185.9490476867028,186.66221843389295,31951600
2022-06-03,188.9700927734375,194.74478610572024,187.97957964846339,194.1207580004967,19465000
2022-06-06,192.40719604492188,195.05186457069715,186.6126875701568,192.14966804467795,30574200
2022-06-07,193.7938995361328,194.6655559796352,189.6733761532848,190.10918926100416,18828700
2022-06-08,194.77450561523438,200.11337090024136,192.56566551808388,192.82319349656655,22267200
2022-06-09,182.25442504882812,197.55785065104567,181.9374535766167,192.43689932612924,23501600
2022-06-10,173.90443420410156,181.3629984385553,173.35964884477852,181.30355494241942,27450800
2022-06-13,162.7017059326172,170.94278367699715,162.47389211014527,168.97165680873468,31749300
2022-06-14,162.1767120361328,165.16806594820287,159.82920073290916,164.45489527891425,27244300
2022-06-15,167.74339294433594,170.52673222780604,162.424327528643,165.61378079453473,30008300
2022-06-16,159.34385681152344,163.5139241165005,158.0958155957932,162.16682553319055,26944100
2022-06-17,162.1866455078125,164.32614264789854,158.38306312914585,160.14617551058654,31374200
2022-06-21,155.5601043701172,166.16849250243672,154.49034827782717,164.355851494448,50724900
2022-06-22,154.37149047851562,159.26461306087128,153.96537643332633,156.87748770131634,47267800
2022-06-23,157.24395751953125,158.2344706377645,152.78664848748156,154.78748921824135,40499200
2022-06-24,168.5457000732422,168.63484261818434,159.76975406135583,160.19566740765447,68736000
2022-06-27,167.88204956054688,170.12060344281988,166.41607947556204,169.6946901183372,29174600
2022-06-28,159.15567016601562,169.67493171445952,159.08634209414893,168.28820402275676,27744500
2022-06-29,162.38473510742188,164.75206103163413,158.79908218903333,162.01825006288854,28595200
2022-06-30,159.7202606201172,163.662499099928,156.98644950729903,160.61171649424432,35250600
2022-07-01,158.51182556152344,159.09622471985023,153.5295453943019,158.78916804730673,31423900
2022-07-05,166.59439086914062,166.65381923338626,155.53036200920204,156.6397317791993,28618600
2022-07-06,168.159423828125,169.96214992456336,163.8903145160313,166.60431090827814,23085900
2022-07-07,170.55648803710938,171.08145887850063,166.18832074414408,167.84247614623044,24083400
2022-07-08,169.2589111328125,170.76448040971164,166.55479904407864,168.36744012814103,19249200
2022-07-11,161.3347930908203,165.90105949752098,160.37399408818905,165.4850457717474,21885600
2022-07-12,161.7210693359375,164.3360231741679,160.56217088520205,163.23655308797845,16639700
2022-07-13,161.93899536132812,163.41485023652393,158.09579962086448,158.6405848594401,16555100
2022-07-14,156.55062866210938,161.0475523529814,155.78792919612584,159.69055398083023,23765200
2022-07-15,163.13751220703125,163.41485467893096,158.3038183296143,159.01697389019125,23342800
2022-07-18,165.64349365234375,170.0611885197258,164.06858152514536,165.16805161874285,23574300
2022-07-19,174.1123809814453,174.81565189009655,167.90185998802622,168.75370180708214,25933700
2022-07-20,181.35304260253906,181.8582139641814,175.02366440209127,175.8061782268181,24784300
2022-07-21,181.43231201171875,182.1058688877832,177.17310197111868,178.91641498161522,27195800
2022-07-22,167.66416931152344,173.93411952098813,166.8123273767297,171.42812239814768,42583900
2022-07-25,165.06898498535156,168.95180923584024,163.2464446973451,167.3966965750541,26166300
2022-07-26,157.64016723632812,164.42518859442146,156.45155443796997,164.36576022160833,28468400
2022-07-27,167.97125244140625,169.24900798789224,160.48297407922016,161.04755881844707,43846600
2022-07-28,159.19528198242188,159.97778075665616,153.38097436159958,159.53205284150843,73214300
2022-07-29,157.59063720703125,158.6207641609301,153.6979129400399,156.1940101356816,42065400
2022-08-01,158.4127655029297,163.62287449877195,153.7573565832548,155.75819743727132,40596700
2022-08-02,158.67030334472656,160.7008583177125,156.51097682621486,156.80813379294983,27374500
2022-08-03,167.19863891601562,167.9316090449362,160.03723238071788,161.1466023795378,31721900
2022-08-04,168.9518585205078,170.5168562127124,165.2176191987505,166.70338912839028,23938200
2022-08-05,165.52464294433594,169.98195184583187,164.22707321570084,165.40578621011906,25832700
2022-08-08,168.63485717773438,175.825976923822,165.5444611073547,166.4062026775881,27299100
2022-08-09,166.93118286132812,167.9216960285414,165.01949970334167,167.34719657787392,18655100
2022-08-10,176.64810180664062,178.76779922623987,172.2997499223867,174.32040510086395,30262100
2022-08-11,175.80621337890625,181.3629936698238,174.69682819071824,178.0051541430576,24079100
2022-08-12,178.78761291503906,179.73851213251677,177.21270072780848,179.09466955498624,21274000
2022-08-15,179.17393493652344,179.7187202278223,176.50945196874255,177.26225168545815,15878700
2022-08-16,177.7674102783203,179.27299461714847,175.36045527444134,177.73769609059622,21156700
2022-08-17,173.19122314453125,176.4500046227847,172.51766637115318,175.0830916959517,20118100
2022-08-18,173.00303649902344,174.09259193397563,170.22959655854484,172.68606502512566,18844500
2022-08-19,166.3666229248047,170.68526157983868,165.46525218139757,168.58536307591913,26240800
2022-08-22,161.50318908691406,163.92004384491045,160.72067515239857,163.92004384491045,19499700
2022-08-23,159.5815887451172,163.48421333004225,159.17547468923698,160.93858704780223,18111800
2022-08-24,161.71119689941406,163.89033826388012,158.25431513439344,159.07644299207226,20891500
2022-08-25,167.17880249023438,167.27785984743534,162.46396549966474,163.61294922743,15550500
2022-08-26,160.2452392578125,169.29853014705625,160.1362821910719,166.88167529501612,24023600
2022-08-29,157.65997314453125,161.50316892678902,157.5014874163074,159.13584314980767,20052700
2022-08-30,155.66905212402344,160.12636135178465,154.43091067186754,158.82879152817029,19567900
2022-08-31,161.38430786132812,166.24773128382174,160.60180908621714,165.48504700457096,40953000
2022-09-01,163.791259765625,165.77228612219326,158.8287941834729,162.02814751740178,30145700
2022-09-02,158.79908752441406,166.3368786589815,157.7095169310426,165.86143654279775,22634200
2022-09-06,157.0359649658203,160.15609079083384,156.1940377665877,158.5811783410639,19339800
2022-09-07,158.868408203125,159.43300796998926,155.32236920799897,156.26335370540775,16831200
2022-09-08,160.52256774902344,160.69095318036264,156.24355855832258,157.20435757728256,22530800
2022-09-09,167.54527282714844,167.9315723039374,161.47343823628748,161.70125200105292,22086800
2022-09-12,167.35711669921875,169.76405651727683,165.693046666139,165.80200372255513,23220400
2022-09-13,151.6772918701172,160.0966541099515,151.22164914578732,160.00749643486537,44444100
2022-09-14,150.03305053710938,152.08340520576425,147.63601016835642,151.87540587693218,43064200
2022-09-15,148.1312713623047,152.73715229615394,147.28932898711187,148.37889969453386,34606300
2022-09-16,144.90216064453125,147.17044419967905,142.92113436392827,146.64547344444176,40122800
2022-09-19,146.6157684326172,147.17045340764585,143.72347169565916,143.86214293941632,22169500
2022-09-20,144.70407104492188,147.42798236909735,143.8423293897639,144.39701436844177,23217400
2022-09-21,140.77174377441406,148.180794057092,140.6528870162431,145.00123974971916,38338600
2022-09-22,141.4651336669922,143.2084318422787,139.53362040993355,140.2071773937266,34418500
2022-09-23,139.0779266357422,141.26695178664684,137.57234272307412,140.078339272026,31710700
2022-09-26,135.07627868652344,140.89060138087294,134.8979935673191,138.7907031435983,30497000
2022-09-27,133.12496948242188,138.0973500324367,132.8476269925277,136.6115802162756,30826500
2022-09-28,140.26657104492188,140.68258476393316,132.99620798185623,133.34287852401653,32658500
2022-09-29,135.11590576171875,138.51335869553887,133.9173781703927,138.03791660370487,38985400
2022-09-30,134.39280700683594,139.65244414048192,134.2145219077446,134.7593071227961,33166400
2022-10-03,137.2950439453125,138.29545689957237,134.8088610970253,135.83898824004308,27723100
2022-10-04,138.94918823242188,141.0391716550731,138.01810342128363,139.1572026512209,34670700
2022-10-05,137.66152954101562,138.87987174086814,133.50137684468012,136.92855939681456,27979300
2022-10-06,137.75067138671875,140.1080824123638,135.304102690676,136.4134725850972,36231100
2022-10-07,132.1840057373047,136.9780868038213,131.18359267818693,135.4626025621912,33214800
2022-10-10,132.52076721191406,134.81876531320103,130.61898349741801,132.28305369387297,24024000
2022-10-11,127.320556640625,131.40148119199634,125.78526575628197,130.3713390279486,38481400
2022-10-12,126.2904281616211,128.43983990959,125.05228670905619,127.10265620923876,34605200
2022-10-13,129.05393981933594,129.89588196517875,121.36756392180818,122.35807698090335,34325700
2022-10-14,125.55744934082031,130.53972173231097,125.31972074314264,129.75722299192276,23559400
2022-10-17,132.76840209960938,133.51128710828095,128.94501998375162,129.0638918626823,29612200
2022-10-18,131.54013061523438,136.5323095303164,130.15340333424615,135.78942477358206,25445000
2022-10-19,131.96609497070312,135.70033469009013,130.96568188593824,131.62932404482603,30691000
2022-10-20,130.28221130371094,135.47250636361224,130.0642971716595,131.66892385855354,26356300
2022-10-21,128.77659606933594,128.8855531092955,124.2499592943535,125.11170081056022,46348600
2022-10-24,128.4893798828125,132.2137042583894,123.38823513852684,126.04281094840454,63563400
2022-10-25,136.2054901123047,137.03753284226121,129.35113930269432,129.63839664816587,38433200
2022-10-26,128.5884246826172,134.26406081320397,127.31065425232948,130.43076463637212,82791500
2022-10-27,97.01085662841797,101.52759400186584,95.46565103459476,97.05047805974834,232316600
2022-10-28,98.2588882446289,99.89323623376637,96.58492638499193,98.6352880275056,95928300
2022-10-31,92.27622985839844,98.37778833303393,91.72153722832805,97.28822512938659,121361400
2022-11-01,94.2968521118164,96.56512821044703,92.6625114035202,93.43511047806369,110189600
2022-11-02,89.68106079101562,94.29684810347324,89.62163242073564,93.31624220877565,71821100
2022-11-03,88.06652069091797,89.6018114153807,87.57126415586256,89.225419169264,60664000
2022-11-04,89.92870330810547,90.52300977600335,87.25431286703991,89.49287503837255,55638100
2022-11-07,95.80242919921875,95.96090736715573,92.21676902083396,93.88083134775646,81987300
2022-11-08,95.5548095703125,96.87219393940613,93.89074709277739,95.01002428775018,52088300
2022-11-09,100.50736999511719,103.90483038349184,99.78429207444763,100.75499828127565,107677300
2022-11-10,110.8087158203125,111.68036472692367,103.61758778046803,106.1037780601982,80671000
2022-11-11,111.94778442382812,113.80995384152426,107.77772528445747,108.19374651933505,59961700
2022-11-14,113.13641357421875,115.16696100418768,109.74886040376111,109.93705276410945,53395000
2022-11-15,115.96929168701172,117.61353973199363,113.32462315595882,114.96887120094074,50670500
2022-11-16,112.15581512451172,114.97877628756191,111.59122289190168,113.41376358768983,33287800
2022-11-17,110.39268493652344,111.26434132441942,108.75834432324935,109.36255793503526,35093800
2022-11-18,110.98700714111328,113.23546878120747,109.57057296208852,112.72040524202392,33357700
2022-11-21,108.81777954101562,111.30396976120818,108.15413751811265,110.46202750500028,24351100
2022-11-22,110.38278198242188,110.5610746422182,107.2923783982906,108.81776947498913,29029000
2022-11-23,111.17520141601562,111.60112240182042,109.67953189864518,110.66013786800373,21343100
2022-11-25,110.35308837890625,111.66056560891201,109.96678124645724,110.24413131332105,12007600
2022-11-28,107.74803161621094,110.97710697183898,107.35182479932747,109.72905814361181,23309400
2022-11-29,108.42158508300781,109.88754809441876,107.51031465924746,108.50082796081743,23899200
2022-11-30,116.97959899902344,117.0390349255215,108.34232330682798,108.47109485006094,43348600
2022-12-01,119.29741668701172,120.05020130610832,117.27676877661378,118.06917483203381,36551400
2022-12-02,122.31847381591797,122.86325910257194,116.49425887930981,116.71217299397141,39950500
2022-12-05,121.2685317993164,123.48727925905526,120.19877572591844,120.59498251869725,35474900
2022-12-06,113.037353515625,119.40635281556149,112.6609537150438,118.7724250595473,43689200
2022-12-07,112.84917449951172,114.78067230778217,111.80913256766372,112.6807890612556,29461100
2022-12-08,114.23587799072266,116.22680388684195,113.50289285340003,115.28581946173176,30619400
2022-12-09,114.80047607421875,116.42491704241864,112.78973558047227,114.20616969314828,26033400
2022-12-12,113.62176513671875,114.62218555713785,112.06665975781735,114.08730753702315,24747100
2022-12-13,119.0101547241211,122.13027261188758,117.51447777377302,120.97136650019226,44701100
2022-12-14,120.43648529052734,122.9622967411699,118.25735947363145,118.25735947363145,36922000
2022-12-15,115.04810333251953,117.50457170081783,112.92840580623972,117.20742229145134,34531000
2022-12-16,118.29698944091797,122.14017786045684,117.692775796295,119.08940300806752,67064000
2022-12-19,113.39392852783203,116.68243129746897,113.2453500704088,115.72163250408163,29769900
2022-12-20,115.97918701171875,116.21691562087499,111.39311361422443,112.18552719737988,28742500
2022-12-21,118.62386322021484,119.1983551342012,114.52313916736466,115.59288768248767,20392800
2022-12-22,116.00890350341797,117.49467323680541,113.29489201604561,116.0881388125334,23618100
2022-12-23,116.92018127441406,117.05885252050899,114.44389822698157,114.92924758831383,17796600
2022-12-27,115.77117919921875,117.47486309915205,114.94905899291544,116.81122107397354,21392300
2022-12-28,114.52314758300781,117.02914495978794,114.41419051818986,115.1471682257699,19612500
2022-12-29,119.11912536621094,119.88181724237677,114.67171543993044,115.29574362290066,22366200
2022-12-30,119.19835662841797,119.27759949927703,116.62302378162738,117.0390450751294,19583800
2023-01-03,123.55660247802734,125.17114367405058,121.11994114900882,121.65481913201512,35528500
2023-01-04,126.16165924072266,127.8257215902195,124.65607506131268,126.171558930905,32397100
2023-01-05,125.7357406616211,127.30075323963864,123.35850760945776,124.93341987784395,25447100
2023-01-06,128.78651428222656,129.09357091732426,124.84426891745231,127.74647253035724,27584500
2023-01-09,128.24172973632812,131.6887110244018,128.05352983279582,129.915699260551,26649100
2023-01-10,131.72836303710938,132.17409097842213,125.94376170644591,126.06261846038723,28684400
2023-01-11,131.6293182373047,132.58021770174864,129.10350617659614,129.7176347300214,25423000
2023-01-12,135.41307067871094,136.37385460942158,130.51001808612253,132.17408817618485,30757700
2023-01-13,135.68048095703125,136.0865949576463,133.56078351586044,133.6895550560629,22423800
2023-01-17,134.0758514404297,135.45266402042714,132.9763813143864,134.88806430871534,21147600
2023-01-18,131.75808715820312,135.9479543048493,131.54017301686136,134.52161269389725,20215500
2023-01-19,134.8583984375,136.1460689287467,130.88644499513535,131.233130743791,28625200
2023-01-20,138.0478057861328,138.61240550735874,133.33296887543173,134.600824433167,28688600
2023-01-23,141.9108123779297,142.3961541113268,137.34454650113378,137.96855946036294,27470100
2023-01-24,141.78207397460938,143.62442932778924,140.01896149957022,140.3458327041382,21970200
2023-01-25,140.15760803222656,141.8117631472624,138.97889498812754,139.8802655646775,26622000
2023-01-26,145.902587890625,146.110587185235,141.9405353483896,143.03009072908574,25482100
2023-01-27,150.3004608154297,151.7367017645022,145.99172285418197,146.8336650212401,35771900
2023-01-30,145.6648712158203,149.68635245699517,145.55591415743237,147.9925833204571,28040100
2023-01-31,147.55673217773438,148.45810269226968,146.12049125944827,146.54640462172745,29842100
2023-02-01,151.66737365722656,152.12301637131844,145.66486618994446,146.62566518602432,55661000
2023-02-02,186.97918701171875,195.28959242253296,178.4508674807709,181.6403212965096,150475700
2023-02-03,184.76039123535156,194.90324993663586,181.15492447006397,181.7294238316904,76809700
2023-02-06,184.2948760986328,188.89085655565555,183.7600056425016,184.76041849287267,42483800
2023-02-07,189.80215454101562,191.94166690575668,182.65064727456283,183.81946083298072,47080700
2023-02-08,181.6898193359375,189.01962569362718,181.18466307191736,188.19749796776847,36139100
2023-02-09,176.2321014404297,184.87927718494203,175.588273925368,184.36422121850526,37118800
2023-02-10,172.4978485107422,177.19288599656554,171.70545013027487,174.67698939911818,33433600
2023-02-13,177.72776794433594,179.28288085064838,174.1520299683317,176.52925549200955,31463200
2023-02-14,177.77728271484375,179.78802305075115,174.21144470833212,175.4793002369625,24034600
2023-02-15,175.4793243408203,176.49955174049688,173.66668334839622,174.74633912257323,25308900
2023-02-16,170.8041229248047,174.18177704467675,170.16028018479255,171.11117964224138,25827500
2023-02-17,171.23989868164062,171.53704050153195,168.09005936452726,168.60513037572136,24171300
2023-02-21,170.447509765625,176.47973140224695,170.2494101525039,172.65634992428673,34592600
2023-02-22,169.49661254882812,171.12105357886202,168.0801859392518,169.4470989804623,22433200
2023-02-23,170.4078826904297,172.0422385236244,167.77312908963745,170.3682688129728,20017800
2023-02-24,168.77352905273438,169.10040019435343,166.069432480834,167.04013110156197,19791300
2023-02-27,167.9315948486328,171.47763378255797,167.45615276276388,170.2494071345606,19277000
2023-02-28,173.28036499023438,175.86560479859628,170.23948250344299,170.26919668746766,46051100
2023-03-01,171.77476501464844,176.16274552444244,171.40828003608482,172.93366342694318,30998400
2023-03-02,172.87425231933594,173.3496943814179,169.8036556249056,170.74465517302596,17352000
2023-03-03,183.4925537109375,184.84955183576477,175.37034922805032,177.22260390810277,45877700
2023-03-06,183.1458740234375,187.86072625525287,182.88834604740944,186.21647081114867,33209400
2023-03-07,182.7595672607422,188.554074961037,182.2643107090599,187.2069765359,36701500
2023-03-08,183.2152099609375,183.50245211077504,179.61964255879337,181.1351263980046,19432400
2023-03-09,179.96633911132812,187.13764474275618,178.5895264184961,184.58213408103575,26582800
2023-03-10,177.80702209472656,183.01713128772388,177.10376617470405,179.29279191982639,25665000
2023-03-13,179.183837890625,182.03652083953313,173.16153073142507,176.2717416799859,24728000
2023-03-14,192.1793670654297,192.4765240355097,184.79013225971568,185.80045991237515,41642600
2023-03-15,195.8740234375,195.90373763016294,189.02957226548878,191.11955612897873,42123600
2023-03-16,202.98585510253906,203.80798284096073,194.2297223748668,196.3791341234496,50447100
2023-03-17,193.7542724609375,199.9845933501362,193.57597223962446,198.65730939359918,50141100
2023-03-20,195.93341064453125,197.4687091036012,191.80297247807363,196.5970526645872,25186300
2023-03-21,200.24215698242188,201.61896975916017,196.07208965939063,201.27228408516245,31827000
2023-03-22,197.91441345214844,205.40268981865003,197.77574222736249,200.57889601999216,28477800
2023-03-23,202.34202575683594,205.90787915450176,200.23222790371437,200.9156843977696,27389700
2023-03-24,204.05560302734375,205.61071588518217,201.618949208631,203.23347532157342,27716400
2023-03-27,200.9156951904297,203.90704930615746,199.44973987665594,202.86700741646737,18527200
2023-03-28,198.7761688232422,199.1228544663595,196.02254351503967,198.25119807042861,19127300
2023-03-29,203.4019012451172,203.7683863098871,200.61854632624423,201.62887406975602,18851100
2023-03-30,205.86825561523438,206.11588391012782,200.8958903358771,201.45057529819331,22608300
2023-03-31,209.9293670654297,210.1571808662877,204.80841570733872,205.27395811389536,25440300
2023-04-03,211.0486602783203,211.46467401947712,206.22485059107794,206.8587784510358,17924600
2023-04-04,212.68295288085938,214.18853687499424,210.52362667839932,211.36556877524495,21026400
2023-04-05,209.47372436523438,213.14853493585227,207.948340708809,212.11839275844684,19396600
2023-04-06,214.04989624023438,214.88192365295706,206.6705612339242,207.26487516531532,26104400
2023-04-10,212.7126922607422,213.61406282621098,208.66149723224723,212.673078386164,16106100
2023-04-11,211.8212432861328,213.9706550090959,211.38541508165525,213.43576944395303,16710100
2023-04-12,211.96981811523438,214.7828718871531,210.56329122927502,212.80184554962756,18972200
2023-04-13,218.25958251953125,219.0519809623616,213.64378753129026,213.6834014078192,23310400
2023-04-14,219.3887481689453,220.0028614438435,215.48612420413897,215.8129953351742,21591200
2023-04-17,216.7837371826172,218.88362050086238,215.07015343921964,217.7049072787795,15481900
2023-04-18,215.8229217529297,218.34873344989094,214.15886682233952,217.8237626600715,12281000
2023-04-19,213.65367126464844,215.26821244369054,210.90994576347447,211.4448312978703,15898100
2023-04-20,211.0486602783203,214.69374169456987,210.7515032877705,211.4547592142383,16475400
2023-04-21,210.87034606933594,211.38541714456608,207.59174992733577,208.2157780547486,17717200
2023-04-24,210.77130126953125,211.89058604375018,208.71104707388366,211.65285743008363,15750900
2023-04-25,205.5810089111328,209.25580426247976,205.164995198567,208.81999116886178,19198200
2023-04-26,207.41343688964844,212.07876023621668,206.8983809602588,210.4840335422296,41992700
2023-04-27,236.29681396484375,239.3971249518999,234.5238020816266,237.61419826423133,71196500
2023-04-28,238.04014587402344,238.14908781947963,233.5134931736731,236.74256085137512,39554000
2023-05-01,240.8729705810547,241.68519858513287,234.21673639378213,236.35623322246266,29143900
2023-05-02,236.9703826904297,242.59649039463295,236.72275439118064,240.872991990808,24350100
2023-05-03,234.78135681152344,239.45658060790274,230.54196126779468,237.198211584198,34463900
2023-05-04,231.3046417236328,235.9402361452473,230.7202274615315,233.82053854737515,17889400
2023-05-05,230.5716552734375,232.45362425710945,227.66945893038118,230.03678481002527,27000500
2023-05-08,231.0570068359375,233.38470367106154,228.08546738460632,229.22455146200411,16400500
2023-05-09,231.1560516357422,233.64224934379664,228.88778314634615,229.2641829841622,16865600
2023-05-10,230.86880493164062,234.5039863487914,228.53119331215584,233.92948691279594,19119000
2023-05-11,233.55308532714844,235.95014041291967,230.09620416081847,230.839089011673,20449000
2023-05-12,231.59190368652344,234.7120295345079,229.25429178044698,234.49411540744742,16161400
2023-05-15,236.59397888183594,237.9806912888239,233.09746856404405,234.67238089355857,20653200
2023-05-16,236.5543670654297,237.36658002116022,233.2856705187338,233.5530981976764,18163800
2023-05-17,240.18955993652344,241.52674373613513,235.88082131614323,236.1878780009274,21193100
2023-05-18,244.5081787109375,244.74589219550123,238.90187061816292,239.01082766993173,22943300
2023-05-19,243.3096466064453,246.33071470006072,241.1008065407004,245.12228746261457,21733600
2023-05-22,245.96424865722656,251.16444303288327,242.7945942798862,243.08185157592337,27738500
2023-05-23,244.39923095703125,249.22302537588197,244.31007328289664,244.46855902132273,17748100
2023-05-24,246.84580993652344,247.22219468826913,242.6262138825794,242.95308506380272,17724300
2023-05-25,250.29278564453125,253.19498209731498,246.80617491073622,250.996041560311,22371400
2023-05-26,259.5540466308594,259.82147427075887,250.31255811248136,250.53045707735257,25727200
2023-05-30,260.029541015625,266.10139239002933,258.81122900079936,262.73365321069883,23816500
2023-05-31,262.2086486816406,262.4859911612923,255.99814196154975,257.5334252903245,25473700
2023-06-01,270.0237731933594,271.40060097052645,263.3675538965256,263.3774384728656,25609500
2023-06-02,270.0237731933594,272.73779975814693,268.54791828441927,270.0733169873081,19416900
2023-06-05,268.81536865234375,272.9557062161993,267.00271272510304,267.73568275684994,20742900
2023-06-06,268.5479736328125,273.9462834617859,267.1315468022321,267.5772898993284,19419000
2023-06-07,261.09930419921875,271.64826448644277,260.3068754458279,269.0927535484144,26163600
2023-06-08,262.0699768066406,265.1108596741529,256.42406953864986,258.14755288398555,20899400
2023-06-09,262.43646240234375,265.40800175291315,259.21729477256025,259.98989379458584,16949800
2023-06-12,268.4786376953125,269.1720091477303,262.8128999918934,264.6354711991512,15442500
2023-06-13,268.7460021972656,273.1042534778633,266.53714726119927,272.27222616113585,16164000
2023-06-14,270.75677490234375,272.38120074557696,265.7744949797693,269.3106341709174,19175100
2023-06-15,279.15631103515625,281.2958230915934,268.8450956235299,269.7167218141707,25973500
2023-06-16,278.33416748046875,285.11918792907426,277.4724259621255,282.04859142371345,43127700
2023-06-20,281.632568359375,282.0981107121687,273.5995218578343,276.08571934063275,20701600
2023-06-21,278.9681396484375,281.3057361861481,275.7192274791785,280.84019379390065,20556200
2023-06-22,282.1773986816406,282.5537985253659,275.1546638845414,276.43240411858153,17563100
2023-06-23,285.99090576171875,286.9219906486609,276.303687243336,278.8393987823927,51092000
2023-06-26,275.82818603515625,287.0408016578684,274.9664444688068,285.96114599891996,24232700
2023-06-27,284.3267822265625,286.6049805652143,277.98750423234264,279.33461780939916,26108300
2023-06-28,282.5834655761719,286.8030304510003,281.36512368966083,282.11792325154323,16722100
2023-06-29,278.85919189453125,283.8513870995625,278.02716439837025,281.8010174332736,15395700
2023-06-30,284.2574462890625,286.3077853315308,281.7217352964709,282.0585061064805,19694900
2023-07-03,283.30657958984375,286.6545191015148,282.14769605307424,283.98015155107896,8629300
2023-07-05,291.577392578125,295.2918174186482,283.6433714457861,284.92114205478475,33865500
2023-07-06,289.21990966796875,295.2917597921739,288.54636801639884,293.0829349306931,47600500
2023-07-07,287.7737731933594,293.38999583822175,285.9215185105822,289.4081137823945,25586000
2023-07-10,291.3099060058594,295.3016725520576,284.3267705799385,292.74613185046593,37058300
2023-07-11,295.4601745605469,297.3322286864774,289.13078105292806,291.1118073434285,27585900
2023-07-12,306.40533447265625,306.51430663784794,297.2530026313018,298.88734328467757,36677100
2023-07-13,310.436767578125,313.23990683187645,307.346371012215,310.64476690096654,30281000
2023-07-14,305.9397888183594,311.8927824647444,304.44410430347574,308.83210048848093,23054100
2023-07-17,307.67315673828125,308.75281232833896,301.81922102377587,304.62238986461955,25323100
2023-07-18,309.0896301269531,311.2192576767141,304.70166393183575,307.9307466175745,20731900
2023-07-19,313.01202392578125,315.65667671755546,307.57408698119553,310.06028429309225,21763700
2023-07-20,299.6500244140625,312.54652485071404,299.35288256310554,310.5258695800201,23836900
2023-07-21,291.4684753417969,302.5622070027216,288.43750683315267,301.68066581774514,42139300
2023-07-24,288.84356689453125,294.6975040841833,285.5649703125803,292.97402062715213,24915700
2023-07-25,291.6764221191406,295.47007436056373,289.0911669582438,292.3895928295883,19585600
2023-07-26,295.737548828125,298.90717309686846,289.1308121386396,298.3326887112054,47256900
2023-07-27,308.75286865234375,322.2634835399387,306.9006137595752,322.0356546162688,64229200
2023-07-28,322.3922424316406,323.10541313417497,311.26876847868454,313.8738229924983,39220300
2023-07-31,315.5775146484375,322.570535490506,314.577086633684,320.6192232583214,25799600
2023-08-01,319.64849853515625,321.06495535004046,311.6748795602786,314.5275623433994,22817900
2023-08-02,311.32818603515625,315.36949661846563,307.7029042755644,314.9831819801521,20461100
2023-08-03,310.21881103515625,312.9526369595575,306.9897285434685,306.9897285434685,15180200
2023-08-04,307.7821960449219,315.3893306240948,307.25722522644406,311.9720477871673,17612800
2023-08-07,313.5568542480469,314.06202564992486,307.51471771954186,310.25845861265213,16236500
2023-08-08,309.6741027832031,314.87429777884375,307.16807503302533,311.4173856933221,15183500
2023-08-09,302.3144836425781,310.654616937473,299.9768873222208,309.9117321398588,19955800
2023-08-10,302.8394775390625,309.376870304108,300.9872228050464,305.0186185367651,14358900
2023-08-11,298.7784423828125,301.8292100062461,297.51055635658213,299.699612484933,14046300
2023-08-14,303.2852478027344,303.3050471851978,295.42057035149384,298.12468234695706,15641900
2023-08-15,299.08551025390625,304.3154193951692,297.183711371598,303.23576349944636,11623600
2023-08-16,291.4981994628906,298.22376374266184,291.4882846558227,297.3521373347263,18547700
2023-08-17,282.3853759765625,293.24139108581943,282.246719861191,290.2698517866094,23950100
2023-08-18,280.5628356933594,282.97969007662385,271.7769893291427,276.3828692004736,35347900
2023-08-21,287.1497802734375,287.74409425900024,279.17616083700443,280.76098805581677,20181500
2023-08-22,284.87158203125,290.1212895252961,284.0296398257357,289.77460388443,12980200
2023-08-23,291.44854736328125,294.5785721986234,284.94089966053144,285.76301218379916,18287000
2023-08-24,284.0296630859375,296.6190775264292,283.9207211422629,295.66819330829065,18360900
2023-08-25,282.79150390625,285.65410141498114,273.4113431805174,283.41553202631593,23701400
2023-08-28,287.50628662109375,288.6849994009734,283.0885772830341,285.26771777391804,14239300
2023-08-29,295.1629943847656,296.31199322911004,285.44606311461,285.84226231623114,20844500
2023-08-30,292.3004150390625,295.4601541726211,290.64624490029155,294.3507843629818,17717000
2023-08-31,293.0829162597656,298.24348070516277,292.8550873797511,292.9937434859773,17229900
2023-09-01,293.56829833984375,298.8774344248062,291.67641455662425,296.5299230469669,12842300
2023-09-05,297.30255126953125,298.5308082766261,292.70658542576587,294.20223990498334,14956000
2023-09-06,296.33184814453125,300.42264228000386,292.85513713016263,298.8477299151188,15418100
2023-09-07,295.8365783691406,304.1370532463478,289.4477564051673,295.1729212525541,33748700
2023-09-08,295.06402587890625,302.35418936694646,293.964540380795,296.3813952873462,17548000
2023-09-11,304.6422119140625,306.1081822096508,298.42179074704086,298.5505622887693,19489300
2023-09-12,298.7982177734375,305.73181022527893,297.3817911415824,303.42389752430716,13480400
2023-09-13,302.16595458984375,304.26583773885517,298.461444892175,299.4915568567056,13210900
2023-09-14,308.7627258300781,309.90180977969953,302.13619117869405,303.8299600120974,19343100
2023-09-15,297.4610290527344,309.04013126084925,295.91583081467536,308.6538165873019,28131100
2023-09-18,299.67974853515625,300.7198055041135,294.97481096128314,295.36112560839774,14234200
2023-09-19,302.1758728027344,303.2654433814144,296.965763635269,299.6104472113349,15924400
2023-09-20,296.82708740234375,305.1374769686172,296.58934369250954,302.15602272979146,19379500
2023-09-21,292.9244689941406,297.4114924198118,290.48778484547785,292.89475480833073,21319600
2023-09-22,296.24261474609375,302.48286478306414,295.440301634321,296.4605288152208,25369600
2023-09-25,297.97607421875,298.09496119494736,290.91374045727673,292.83533849360197,18987000
2023-09-26,296.123779296875,297.4510631848924,293.20178387372255,294.83612439556174,19417200
2023-09-27,294.9154052734375,298.441630023894,284.06930332677007,297.59971794415634,36429800
2023-09-28,301.07635498046875,303.42386620320735,293.8852503920913,296.1039900746693,22167100
2023-09-29,297.3619384765625,307.6930134021515,296.51999626993165,304.4639309233832,25373700
2023-10-02,303.90924072265625,304.26581093402785,298.76847524561947,299.86793029207666,16265600
2023-10-03,298.08502197265625,303.859700185575,296.79736700260383,301.373532799268,17362300
2023-10-04,302.6810302734375,303.9885150382113,295.66820965631024,295.8960385894054,16880500
2023-10-05,301.8984680175781,303.30497956050533,296.6586457440851,301.7399823090123,19130000
2023-10-06,312.4375915527344,313.30924806138853,298.0553498441382,298.5803206648414,21803900
2023-10-09,315.33978271484375,317.2910950199957,308.8618478455321,309.53538959856286,22503700
2023-10-10,318.7867736816406,321.58002823941933,315.1416922572277,316.09257649227783,19038000
2023-10-11,324.71002197265625,325.72033448452714,319.88622785949,319.94565622912586,22036300
2023-10-12,321.084716796875,327.40419494907735,319.6286613911856,324.8882833156422,20530500
2023-10-13,311.70458984375,321.9662917082613,309.4065920496677,320.4607225818261,21341000
2023-10-16,318.1033020019531,318.7669591335072,312.5267079569691,315.61713447296523,16536100
2023-10-17,320.9262390136719,321.32243820141,314.28978926383166,315.1614456136918,16387800
2023-10-18,313.9630126953125,322.84791851064756,312.5663852669678,318.34109493205693,16851000
2023-10-19,309.8424377441406,318.8363147040631,308.79249614981546,316.8453734600764,18709200
2023-10-20,305.7218933105469,312.30880004872955,303.562581788038,311.1598313367638,22312300
2023-10-23,311.0309753417969,314.3491694803947,304.3450130531292,306.5637523470574,17796800
2023-10-24,309.5849304199219,315.32992589339574,307.6831617465476,313.7748127044329,19525500
2023-10-25,296.6883850097656,307.93071464094305,296.00492855856567,307.0590582841628,42192500
2023-10-26,285.614501953125,292.201409026239,276.749396266018,292.201409026239,66684100
2023-10-27,293.91497802734375,296.47048865526347,290.19063890851703,291.68632343873867,29596300
2023-10-30,299.78875732421875,306.4648072557995,296.21298861267604,296.25261760831256,28435100
2023-10-31,298.4118957519531,300.79903615028394,294.0437289876778,300.4325511090743,19434200
2023-11-01,308.8915710449219,309.77311214162125,298.9864382888113,298.9864382888113,20434600
2023-11-02,307.9208068847656,315.79539823157603,305.4048951115766,314.2897989524733,21631800
2023-11-03,311.61541748046875,312.5563867589637,308.0693637665607,309.58484755265545,16764300
2023-11-06,312.8040466308594,315.3100437389214,311.4668780353655,312.9823619745799,12887700
2023-11-07,315.79541015625,317.9547215713767,312.13049940516805,314.05209733695966,14055600
2023-11-08,316.746337890625,318.28162139513483,311.89282882713593,315.1219118176017,13609700
2023-11-09,317.50897216796875,321.1045396713152,315.7755741880792,316.3897177210977,16103100
2023-11-10,325.6510314941406,325.97791779553546,316.4293555216482,316.9048127654654,19096200
2023-11-13,326.0670166015625,329.1772120817785,322.6101354835103,323.1053920438301,16908900
2023-11-14,333.11944580078125,334.89247264741596,330.1677059909265,331.3662485613649,17179400
2023-11-15,329.55364990234375,335.1896726268728,326.88916688235804,334.7241301973717,14531200
2023-11-16,331.0196228027344,331.4059072485677,323.2837168000129,326.24534172097447,18932600
2023-11-17,331.8615417480469,332.3171693434977,326.2255193787899,327.12688999305044,14494400
2023-11-20,336.7447204589844,338.62668919519075,331.01955627920717,331.7129275005744,16960500
2023-11-21,333.78314208984375,336.6754236460935,332.7133709283329,335.1203106996373,12027900
2023-11-22,338.2503662109375,339.66682315748506,335.3679689737356,335.9919971690562,10702700
2023-11-24,335.02130126953125,338.6168389093447,333.575130186915,336.90327036431415,5467500
2023-11-27,331.5248107910156,336.67546177051526,331.02955414521375,332.9907511166265,15684500
2023-11-28,335.7740173339844,336.1603319423727,330.237052876839,330.237052876839,12637200
2023-11-29,329.0484924316406,336.67542582587174,327.6419504073812,336.46742652070037,16024500
2023-11-30,324.04638671875,330.33615157241326,319.34144902768867,328.7414398329136,23146400
2023-12-01,321.7384948730469,323.75911997400175,317.7170138243553,322.39223719208394,15276400
2023-12-04,316.9840087890625,317.8160362113912,310.684359636547,314.2799272235099,19037100
2023-12-05,315.2704772949219,318.8264163082386,312.3979948564166,315.9539338697333,16952100
2023-12-06,314.4384460449219,319.1928975951438,314.0323319815136,318.8759260976448,11294300
2023-12-07,323.4917907714844,325.12613195253977,314.75545470509365,314.75545470509365,15905100
2023-12-08,329.5932312011719,330.0092599999543,319.93572855891364,320.02487110978257,14087400
2023-12-11,322.1941223144531,326.7604037408782,316.96421399269616,326.275031733119,25802500
2023-12-12,331.0492858886719,331.2969141609772,321.48092581942666,321.5205548068525,18485500
2023-12-13,331.5643615722656,335.15992913690354,329.4843081433903,330.762048340428,16353300
2023-12-14,330.00927734375,331.52476124429046,325.52225401249785,330.682819026643,19607300
2023-12-15,331.7427062988281,335.44721612845785,328.0777952344313,328.8404795440418,31776900
2023-12-18,341.35064697265625,344.26275813769166,333.8227407652726,334.2783985919012,18993900
2023-12-19,347.03619384765625,350.24547720407884,341.84591429871836,342.3015419115937,17729400
2023-12-20,345.9664306640625,351.59253808248286,344.49057574848587,345.3424025451627,16369900
2023-12-21,350.7308044433594,353.02880225056447,345.897095341329,349.631349335053,15289600
2023-12-22,350.0374755859375,353.81132847401494,347.8880486334318,352.2066716923512,11772800
2023-12-26,351.4637756347656,353.593403137709,350.0968928485339,351.62226136970474,9898600
2023-12-27,354.435302734375,355.5942164057382,351.9392205096738,352.69202016724523,13207900
2023-12-28,354.9206848144531,358.46670864757215,354.41551342692884,356.2875978197097,11798800
2023-12-29,350.60198974609375,356.5846970154315,348.48230754353733,355.5842691647148,14987100
2024-01-02,343.00482177734375,349.80964257100067,336.78440013969424,347.9871019247918,19042200
2024-01-03,341.20208740234375,344.6490842627684,339.9243168947976,341.7072588135266,15451100
2024-01-04,343.826904296875,344.84713158627574,340.14219433580473,341.2317647973155,12099900
2024-01-05,348.61114501953125,350.14642844198295,342.97512229623686,343.69817761155576,13920700
2024-01-08,355.2574462890625,355.5744177484808,348.710138717479,351.33502271996304,13890200
2024-01-09,354.03912353515625,357.2186926508311,351.9887539696606,353.01889615486664,13463900
2024-01-10,366.9554443359375,369.4020132685552,355.673483927434,356.75316996886426,22117200
2024-01-11,366.16302490234375,369.24350641928106,359.48694543472374,368.59967889024267,17205400
2024-01-12,370.9372863769531,373.4829126090935,366.0342640709305,366.6483774313238,19310000
2024-01-16,363.97393798828125,372.04661376813283,363.74613931953405,370.10521654144895,15306900
2024-01-17,364.87530517578125,365.0437057028351,355.207887663619,362.82493580761343,12724800
2024-01-18,372.5617370605469,373.2749077780876,367.43088590749613,367.96574127460354,16354300
2024-01-19,379.812255859375,380.71359616917596,374.38423325253865,375.4044605245251,21670800
2024-01-22,378.1581115722656,386.6468165757997,377.5439982518997,384.269591046486,17680500
2024-01-23,381.5457458496094,384.69557097636755,378.4553188761888,380.97123119193327,15506100
2024-01-24,386.9935302734375,392.39180922923504,384.13093253502706,386.3001589226069,15698500
2024-01-25,389.4499816894531,391.7380648158976,382.0013331360299,386.46855744388085,15091100
2024-01-26,390.40087890625,393.0257327851603,387.8750521627956,390.60887820999596,13163700
2024-01-29,397.2155456542969,399.1074292701548,389.37069896481387,391.24275297305354,18742400
2024-01-30,396.2646789550781,402.50489956057874,395.77933719609035,399.76118908237476,18614700
2024-01-31,386.4388122558594,394.22423105311685,383.4276438362193,385.309612762971,20180800
2024-02-01,391.0347900390625,396.7005266094992,389.3211913641147,390.20276259938396,29727100
2024-02-02,470.4838562011719,481.34978723753176,448.7123953645735,455.23987373916515,84707600
2024-02-05,455.0516662597656,467.4231662759054,454.8634663362417,465.4223405229384,40832400
2024-02-06,450.4061279296875,462.6884845937317,448.70244415116105,459.5980884903725,21655200
2024-02-07,465.13507080078125,467.0467539432998,451.8522857085582,453.65502691303504,23066000
2024-02-08,465.5411682128906,466.125567328599,460.6183167781978,463.8771134195453,18815100
2024-02-09,463.6690979003906,469.0971208651362,463.0351852005723,468.46320816531784,18413100
2024-02-12,464.45159912109375,474.6043586710164,462.15360141213256,463.74834326490765,19382000
2024-02-13,455.75494384765625,463.4512510126125,450.77266349570505,452.5357758409982,20916600
2024-02-14,468.7901306152344,469.6122433489752,461.6683376125208,463.4908784462684,16858400
2024-02-15,479.4381103515625,483.98456238203323,467.7401516981144,470.7711197184282,24212300
2024-02-16,468.82977294921875,474.4162523681983,464.7587474761143,473.5743099986595,23324600
2024-02-20,467.2745666503906,471.66253253876386,462.13380111414773,465.2638262160572,18015500
2024-02-21,464.08172607421875,465.04354442341025,457.8943760192908,462.56463427189954,12921800
2024-02-22,482.0290222167969,485.856444811774,472.0439652660759,476.18869561010376,21625800
2024-02-23,479.94677734375,490.18962133661523,478.2809568930841,483.93285419215795,18374300
2024-02-26,477.6760559082031,482.03896193762915,476.54568862613064,479.3914726088699,12101400
2024-02-27,482.9413146972656,483.1594600240786,475.87148761584547,475.9309790449638,10809600
2024-02-28,479.93682861328125,486.907522790946,478.6775531423705,480.9085722921796,12715500
2024-02-29,485.995361328125,487.55212436899194,478.5387792521956,484.31961542606984,17732000
2024-03-01,498.0625915527344,499.9961534818534,487.70076577448475,487.958551840937,16273600
2024-03-04,493.9873046875,500.16475971515626,492.23224718352475,498.75672542633276,12324100
2024-03-05,486.0845642089844,491.3993333683272,483.77423312340585,490.82423949307776,15325300
2024-03-06,491.9049987792969,498.7269641857034,490.12019561930737,493.4320158669261,11757900
2024-03-07,507.8692321777344,515.464586754887,497.15042639519817,499.03439218279726,18586400
2024-03-08,501.6818542480469,519.153208352126,495.1375253219211,509.8523325167093,18597100
2024-03-11,479.5104675292969,493.12465317642193,471.9844998292028,492.81727073389857,20428300
2024-03-12,495.5342102050781,498.0726121426963,480.6409267770064,489.0989682140232,15448200
2024-03-13,491.3894348144531,496.75380029779205,486.8877252679301,491.2109605365192,12090700
2024-03-14,487.6810302734375,497.12074127109355,484.04200643273083,496.03993987311156,12620000
2024-03-15,480.01617431640625,487.68094524259476,477.23977675288876,484.88475755137796,29153600
2024-03-18,492.7875671386719,493.2238577898901,482.70334631684347,487.7603295849552,11755300
2024-03-19,492.05377197265625,492.4404965064803,477.2199811274782,484.0518724772852,10903100
2024-03-20,501.25543212890625,503.91284669825677,490.99276873754343,495.2862276265344,11711100
2024-03-21,503.47662353515625,510.6951790916387,501.7413862690446,510.3680064960542,9712500
2024-03-22,505.28125,505.6679745462413,500.0854634986058,502.7230277884361,8120600
2024-03-25,498.7765808105469,502.9411622859138,496.02003372279785,501.5232328338281,8380600
2024-03-26,491.7067565917969,505.69771210174656,491.03246997795776,500.86879957486735,11205400
2024-03-27,489.69384765625,495.6730084213494,483.95271311983527,495.08795895460764,9989700
2024-03-28,481.48370361328125,488.7320653435036,481.0573382938965,488.6824689802338,15212800
2024-04-01,487.20501708984375,493.2337133858658,477.7157415753877,483.09003220708496,9247000
2024-04-02,493.17425537109375,493.332909265965,480.56155820012424,481.00777417070816,11081000
2024-04-03,502.4652099609375,502.96099203818045,494.5426220498389,494.7210963352136,12099200
2024-04-04,506.6099548339844,525.52898497876,506.2727964033806,512.0635272481567,26476300
2024-04-05,522.8914184570312,526.2230591764923,510.0704418929087,512.4997859459494,19263300
2024-04-08,514.8696899414062,527.0064255732955,514.5127413687679,524.8151075132604,13260600
2024-04-09,512.5394287109375,521.4337282709831,502.4651051122038,517.8244209769383,10863800
2024-04-10,515.44482421875,518.1517750614757,501.5331497348547,504.9937292971529,11418500
2024-04-11,518.7466430664062,519.4407500339564,512.9261666955659,516.7139487845067,10369500
2024-04-12,507.5816955566406,515.8017710471306,505.03336836231813,513.3823520372883,11984500
2024-04-15,496.0101013183594,514.1557417977153,493.0849752332314,512.3609527471586,13512900
2024-04-16,495.5440673828125,500.51178277733743,492.9163983994056,493.90796246555647,9847900
2024-04-17,490.0012512207031,498.915402916696,483.0305567140863,498.85591149070433,12193700
2024-04-18,497.56683349609375,507.88904925810414,494.83013726577775,495.60355602262655,14808700
2024-04-19,477.0117492675781,498.5584178129794,471.71680060015274,498.5584178129794,25215400
2024-04-22,477.66619873046875,487.85947676562097,469.4064525906783,485.58878643749824,17271100
2024-04-23,491.9149475097656,494.552511601126,484.84509075805806,487.10585565634784,15079200
2024-04-24,489.3369140625,505.69772273936167,480.49214842091214,503.7740858438167,37772700
2024-04-25,437.65655517578125,442.00950571892685,411.0033080645005,417.84509411294425,82890700
2024-04-26,439.55047607421875,442.67389706305494,428.31603742283374,437.73589675242187,32691400
2024-04-29,428.970458984375,436.05024123083757,424.9447111321204,435.8519163054503,21502600
2024-04-30,426.5411376953125,435.9114001850208,426.094921750983,427.41368867556076,18429500
2024-05-01,435.4850769042969,446.16421228489577,423.5069646018028,424.9844158145951,20344900
2024-05-02,437.9540710449219,440.2148362231705,428.6333735647788,435.1380323323762,15221300
2024-05-03,448.1473388671875,450.3387174949622,440.10576788243395,442.168208064892,16489100
2024-05-06,461.7515563964844,462.227518051506,449.51565920406404,451.736753073896,15094600
2024-05-07,464.2900390625,467.55229394823317,457.41850600841207,462.35650691306915,13406800
2024-05-08,468.61322021484375,471.568061995638,459.0941983863395,459.589980458031,11683900
2024-05-09,471.409423828125,472.0638295136627,463.6851309164721,466.0351330222178,9437700
2024-05-10,472.1828308105469,473.47185202089554,465.63850177770763,473.06530711359864,10750000
2024-05-13,464.06195068359375,469.35689964941986,458.94547600354974,468.7619551033428,14668800
2024-05-14,467.86956787109375,468.55374958120257,456.198838019048,459.4610926683933,10478600
2024-05-15,477.4778137207031,478.4297068407501,467.2250439452183,470.9731552567984,13100500
2024-05-16,469.2378845214844,473.66025188361095,468.76192286532853,470.9929420645818,16608200
2024-05-17,467.92901611328125,468.81149242333555,464.4684671019377,466.85810994406603,10807300
2024-05-20,464.88494873046875,469.2081843110967,463.1001453020371,465.9856007107736,11745100
2024-05-21,460.71044921875,466.729250784971,458.3703421231926,463.17943423343615,11742200
2024-05-22,463.8338928222656,469.72378649655917,461.72185626853627,463.92312996761706,10078600
2024-05-23,461.8507080078125,470.3583143530477,457.6464860643533,468.8908189064393,11747900
2024-05-24,474.1857604980469,475.8020147387708,462.36630372511996,463.67517553161053,12024300
2024-05-28,475.8714599609375,476.8035023830061,470.8342973473086,472.55960921175017,10175800
2024-05-29,470.3583068847656,475.8020140805509,469.70390124255897,470.6557942549928,9226200
2024-05-30,463.1100158691406,467.7505590058323,460.78975943086266,467.6910675787074,10719600
2024-05-31,462.891845703125,465.16253591696096,450.62620288703914,461.87053591212066,16919800
2024-06-03,473.4619445800781,475.55416062005787,464.289976419623,466.8878695866924,11279400
2024-06-04,472.9661865234375,474.85018266553476,469.23792579938714,472.97611184843925,7088700
2024-06-05,490.88372802734375,492.4603113379377,479.8277942044124,480.3632472989971,15690500
2024-06-06,489.5946960449219,498.578264303058,486.74891194078435,488.82127726310006,10667300
2024-06-07,488.80145263671875,494.7012714058208,486.0350104583895,491.7265789696624,9380700
2024-06-10,498.36016845703125,498.41965988768123,489.24769112077655,489.69387685065146,11220900
2024-06-11,503.1890563964844,503.31796457657777,494.06665418520794,495.94072493862217,9673700
2024-06-12,504.5474548339844,509.67385436074,500.2143247147282,509.65400371296886,11983200
2024-06-13,499.84747314453125,505.0630797783249,497.1305669103621,501.4438768343439,9954600
2024-06-14,500.4032897949219,503.37100032108,497.0186955424276,498.90453176403366,10243300
2024-06-17,502.85491943359375,506.94421496041383,492.31405778392946,497.931886688797,11266600
2024-06-18,495.76806640625,502.22956717081047,491.33137316845017,500.8002948331181,13060400
2024-06-20,497.961669921875,499.91699197437805,493.06838205584694,498.2594224008629,11801200
2024-06-21,491.0931701660156,499.69857941884044,488.7209948833326,499.69857941884044,22359200
2024-06-24,495.1924133300781,504.01615441346564,490.60684375869175,495.48026089816074,13525300
2024-06-25,506.7952880859375,506.9044538855146,491.80779914771927,493.346237261071,12063200
2024-06-26,509.2965087890625,509.9813697140083,500.9193965765523,502.87471843803064,8882300
2024-06-27,515.6885375976562,518.983806151596,510.0707392924352,510.41810706315476,10121200
2024-06-28,500.46282958984375,517.9912405650317,500.08565629554784,513.2965053233427,15855100
2024-07-01,500.91943359375,502.8052699262197,489.495219499114,501.1874411086425,10328200
2024-07-02,505.7034912109375,506.6960397707235,495.72839030116006,497.0286264912654,7739500
2024-07-03,506.1600646972656,507.47023609075285,502.2494208740918,502.59681893466205,6005600
2024-07-05,535.8869018554688,536.8397703450868,507.78788297481714,507.78788297481714,21354100
2024-07-08,525.3758544921875,538.7653259809063,522.7257665803514,538.3087317966222,14917500
2024-07-09,526.0507202148438,533.4749638238605,524.2542098010979,529.772777197496,8753200
2024-07-10,530.7058715820312,534.864653095514,524.4230212922265,526.8349073851964,10983300
2024-07-11,508.87969970703125,531.4701164402055,504.58194713448745,526.9341618869837,16458300
2024-07-12,495.1526794433594,504.3039780854631,490.54727002315565,494.0509651162831,19750500
2024-07-15,492.4629211425781,502.9045215977184,489.69370204409415,494.91451741675417,12539200
2024-07-16,486.14044189453125,500.19493528441564,482.1702470484684,497.763178825129,14075800
2024-07-17,458.54754638671875,475.5995554100859,455.6989365749335,475.5995554100859,28076600
2024-07-18,472.3042907714844,475.66901501255927,461.07856773476595,471.46061834378025,19267200
2024-07-19,473.2372741699219,483.0833397083784,472.1653046770745,472.51270275883394,15149400
2024-07-22,483.7682189941406,488.39349946265787,480.2942986254853,482.95432180955487,12023100
2024-07-23,485.0486145019531,491.52995613933837,484.0858410754113,486.1900394203856,9455500
2024-07-24,457.8328857421875,472.750890116461,457.14802477910234,468.7906308613701,17649700
2024-07-25,450.03143310546875,460.09585945958605,439.35160121834156,459.8080421945046,18240500
2024-07-26,462.22991943359375,466.26956942740514,455.9967151095471,460.74109645533247,14222400
2024-07-29,462.2397766113281,470.42830214656203,461.5549156888034,466.378717391361,11339600
2024-07-30,459.7386169433594,469.20753965531935,453.296985823083,463.52022492045955,11390400
2024-07-31,471.2918395996094,472.94940909347116,463.2720602190507,467.510231847281,24285800
2024-08-01,494.0311279296875,523.2418258077752,488.4331696053785,517.1178179397796,43083100
2024-08-02,484.502685546875,497.4157221663531,472.6020072993278,485.35626279901464,24044700
2024-08-05,472.1851806640625,479.877432709628,447.44091977308,447.986839705261,21396200
2024-08-06,490.4083557128906,498.81524393632793,475.08340223151134,475.4308003148297,20955000
2024-08-07,485.2768859863281,506.3486738626253,483.2322079563975,499.38099343504456,20105300
2024-08-08,505.83258056640625,506.1601082979019,491.03367634883847,493.79296042361847,16156800
2024-08-09,513.9119262695312,514.4776862612786,501.9318569721774,503.9268591317476,13696600
2024-08-12,512.10546875,514.1600516475766,505.30650469614585,513.0086613320424,9767400
2024-08-13,524.6016235351562,527.539589246569,514.2890894590672,516.1352153449899,13743800
2024-08-14,522.8348999023438,530.0209419315548,519.231943709077,524.1252009407872,11444200
2024-08-15,533.3262329101562,535.7480542657073,522.7754349281797,527.8274741038263,13482100
2024-08-16,523.4898681640625,529.6833605818392,520.7504248453503,527.93652625864,14776700
2024-08-19,525.3361206054688,527.6983303979816,518.8646847355589,522.9440446978144,9879700
2024-08-20,522.8050537109375,527.1326112260084,521.9614117153488,524.4129774397121,7944400
2024-08-21,531.1723022460938,535.3807593570484,523.0036463443084,523.2220385463697,13423300
2024-08-22,527.96630859375,540.1746428486678,524.6512305773567,532.9985366846043,15708300
2024-08-23,524.0657348632812,535.8472835638729,521.1476391436687,532.9192526639989,11323900
2024-08-26,517.237060546875,524.0658015959185,511.11305100209444,523.6687578171048,9584000
2024-08-27,515.23193359375,520.10538095147,511.4701963578698,515.1128326129023,6282700
2024-08-28,512.9293823242188,517.2072650987452,508.6316291885786,513.8127046882402,9106100
2024-08-29,514.3585205078125,523.271648374693,511.8374688036602,515.1823528308876,8317400
2024-08-30,517.425537109375,519.6389012251412,511.36107936433183,517.4652172466594,9157500
2024-09-03,507.9466552734375,521.5743274693662,504.8300382894065,515.7679426882084,12459100
2024-09-04,508.9193420410156,512.7406903683525,500.31396293624425,502.29906006825604,8335200
2024-09-05,513.0087280273438,517.7432049103388,507.34128319424417,507.90704324658185,8640900
2024-09-06,496.5422668457031,520.6711506746612,494.53732962004705,517.9912573945675,14744500
2024-09-09,501.0286560058594,507.5199025556735,498.3388272776319,502.3884428492591,11047800
2024-09-10,501.0286560058594,510.3486723480254,496.3041146023549,504.3735402066735,9899000
2024-09-11,508.0161437988281,509.29653999219613,491.9070991785975,503.2320824996693,10782500
2024-09-12,521.6834106445312,522.7851854008019,511.38075348832456,513.1971340083259,11970500
2024-09-13,520.7108764648438,523.6488423260053,513.256826288116,516.4627996748932,10321400
2024-09-16,529.811279296875,530.6258921990976,514.0345668006345,521.1280781833137,9527600
2024-09-17,532.8314819335938,538.5738540479329,527.1188831506324,534.1031245656153,11690800
2024-09-18,534.4508666992188,540.6602129973364,530.427222425668,533.5765858893919,10323500
2024-09-19,555.4633178710938,558.4140310808363,542.965187958843,546.4225329449033,15647000
2024-09-20,557.6986694335938,560.8282044844723,552.6815293333295,556.3574747764472,22066800
2024-09-23,560.73876953125,570.2465287607513,558.7517785275044,565.79568831657,12830700
2024-09-24,559.6658325195312,564.0570656157435,550.5852691689676,562.9940181626635,12993000
2024-09-25,564.6134033203125,573.1276667022589,560.0532324710734,560.3811029520627,16543400
2024-09-26,564.146484375,573.6442984744751,558.692143405245,571.985117409489,14400800
2024-09-27,563.6696166992188,567.1270224226568,560.8381786570521,566.3917847848174,9398400
2024-09-30,568.7166137695312,570.9420341726083,561.1262929647693,564.0074544097776,12792300
2024-10-01,572.7203369140625,579.2476097981382,566.3917752628688,574.2205248608127,15259300
2024-10-02,569.0841674804688,572.2534206208919,565.6367671257508,571.120821172756,6524700
2024-10-03,578.9793090820312,579.5654373857852,565.0305954498004,566.4414025173714,11581000
2024-10-04,592.0637817382812,592.9678360709729,577.6481506014203,579.9331783979741,14169500
2024-10-07,580.9762573242188,599.0280513970777,580.241019807101,594.3287770165352,12014200
2024-10-08,589.0335693359375,589.699194351055,582.1585367255705,585.8543715662738,7857400
2024-10-09,586.6690063476562,590.5237735346293,577.8268726105156,590.1263511004084,9529700
2024-10-10,580.0324096679688,586.3907435524742,578.7309331793878,583.7480725908729,7740400
2024-10-11,586.1127319335938,587.3645460715928,578.9198336072303,581.026039394348,8587100
2024-10-14,586.5795288085938,596.1965568682529,586.1225597394588,590.3547991476689,8252000
2024-10-15,582.4566040039062,586.7683403523099,576.3664719698222,586.3212552667085,9564200
2024-10-16,573.0382080078125,578.29383764797,570.2962115533834,577.6182680312427,11268400
2024-10-17,573.1773681640625,581.165050386019,571.458640303418,579.535763803756,8701200
2024-10-18,572.7203369140625,580.171553360977,571.5083014783453,577.3202260516767,7694300
2024-10-21,571.4188842773438,573.4853720377109,565.4082482178678,572.2832812087102,8171900
2024-10-22,578.224365234375,579.7344979019468,568.3986795136873,570.5545479175654,8544500
2024-10-23,560.0233764648438,581.1947591992072,558.8411146146223,576.1974486591007,14248400
2024-10-24,564.0869140625,565.1797348765465,557.8676224205142,563.441117720829,7184700
2024-10-25,569.5211791992188,577.5088595600886,568.0011022879835,570.1967487248319,11337900
2024-10-28,574.3992919921875,579.9529581350283,570.3855922786825,578.2143411299127,10925100
2024-10-29,589.4210815429688,589.8084987307076,571.6573758802128,576.3764798430535,13019100
2024-10-30,587.9505615234375,597.2894424740662,585.5463196507573,597.0708419557426,26864900
2024-10-31,563.88818359375,586.0630100655928,559.3479019568509,581.1948579404038,26838400
2024-11-01,563.470947265625,569.9386134322048,558.9008916842407,563.9180324207553,15303200
2024-11-04,557.0330810546875,564.9909901602553,554.2612502832178,560.4308188774821,12064600
2024-11-05,568.7066040039062,569.7497621186542,562.9840604007563,563.6099673972353,9775400
2024-11-06,568.3290405273438,569.2728733000607,551.5588330562133,559.089545287276,18305400
2024-11-07,587.851318359375,590.931130253037,571.4685867402673,573.1376519572991,14653700
2024-11-08,585.5067138671875,589.2422063251362,580.7180578780853,587.6923556403852,9415700
2024-11-11,579.3768310546875,583.1819363060338,572.7601768227047,582.546084548044,10209100
2024-11-12,581.0160522460938,595.759491677715,576.6049297500081,584.7118264421407,16287700
2024-11-13,576.2274780273438,581.8308080564927,571.428877050603,578.8204871253079,10757600
2024-11-14,573.4058837890625,576.9825042694199,569.2829135040491,573.2469511766315,11053700
2024-11-15,550.4760131835938,568.8457355956763,547.9127777703728,567.5044802644791,17712900
2024-11-18,550.7938842773438,556.2581090791501,546.5119214490906,553.4166660972182,14327300
2024-11-19,557.4405517578125,557.7783063522327,547.0187305031611,548.2705448383875,9522400
2024-11-20,561.8416748046875,562.6662325279781,550.5952968619365,559.2684944114066,9797300
2024-11-21,559.4273681640625,566.2923949021789,545.47865352332,565.8155365001531,11154700
2024-11-22,555.5031127929688,560.1626093179061,550.9827201972906,559.8844014593876,9164000
2024-11-25,561.4342651367188,568.8656532094762,552.771012901533,558.443833778889,13599800
2024-11-26,569.809326171875,573.7435897599618,561.5236085472491,562.3183927344387,10356600
2024-11-27,565.4976196289062,571.2399917712731,560.4307564746592,571.1506111385543,7200200
2024-11-29,570.5842895507812,574.6973750898246,563.2125706078951,565.2988867077967,7130500
2024-12-02,588.9739379882812,590.6330584488074,571.8261964294463,573.7436354149476,12522400
2024-12-03,609.6585083007812,610.2049186716846,587.4041859234326,591.1297938679786,14907200
2024-12-04,609.7877197265625,613.7617018740438,601.1641251049517,608.9730461097503,14697000
2024-12-05,604.96923828125,615.8679160019296,603.1014617952826,613.0662512729785,8081200
2024-12-06,619.7127075195312,625.6935091963624,604.5718457996734,606.1315803733008,16935500
2024-12-09,609.5790405273438,622.3256047567189,602.2271495803348,619.8616946855406,11426000
2024-12-10,615.2916259765625,621.5208620203902,608.7544087604489,613.5430642352669,10938900
2024-12-11,628.5646362304688,634.247461213749,617.4871993644721,619.3151968670165,10837200
2024-12-12,626.68701171875,632.5188255188012,623.1303414479055,627.3924153614809,7474700
2024-12-13,616.3148803710938,626.9751278219147,612.8774249101342,623.1401892861142,8453300
2024-12-16,620.6798706054688,627.5504959861296,615.0521770037514,626.3871249494445,10885600
2024-12-17,615.9072875976562,628.7635395126289,613.023802249935,622.5988864607522,12897800
2024-12-18,593.7841796875,623.7821007515766,592.9191462226406,617.4583869094773,17075500
2024-12-19,592.17333984375,608.0323856033268,591.606583397376,606.9088253882965,14958100
2024-12-20,581.9122924804688,599.6704215186496,576.6922334706055,587.2119122390524,48989400
2024-12-23,596.4288940429688,597.6618730166207,582.9064822268996,586.2373521362298,10205800
2024-12-24,604.283935546875,604.5225570908009,595.8622700093166,599.2825930550088,4726100
2024-12-26,599.9089965820312,602.8421845071757,595.5241740559009,602.0268537854263,6081400
2024-12-27,596.3892822265625,598.4176262629032,586.4363595285397,595.9915391510104,8084200
2024-12-30,587.8680419921875,593.5355460021086,582.2403486947754,585.3922526209689,7025900
2024-12-31,582.1707763671875,590.5824891387454,580.5202095603594,588.8922329910956,6019500
2025-01-02,595.8223876953125,601.4600333978291,584.4675355561759,586.3566630099542,12682300
2025-01-03,601.1817016601562,606.0239224033938,593.0085500993464,601.310965103985,11436800
2025-01-06,626.60595703125,627.3914297831844,602.1661207346963,608.3407267105574,14560800
2025-01-07,614.3661499023438,628.4950705588813,604.761207491555,628.0973881957177,12071500
2025-01-08,607.2369384765625,612.9243479725116,599.3521717985726,609.9017074188795,10085800
2025-01-10,612.34765625,626.3175151465059,593.9333194710705,606.5509491882634,19256600
2025-01-13,604.8606567382812,605.4969606390209,595.0369984046291,603.6376302707936,10785000
2025-01-14,590.8609008789062,602.0367877207286,585.1933967179181,601.619200037685,13598000
2025-01-15,613.6005249023438,618.910097282811,603.0410962176045,606.7299597252418,15524300
2025-01-16,607.813720703125,612.7355028021957,606.2328225183826,608.0125922329293,8355300
2025-01-17,609.2752685546875,621.4056409451063,600.2271312773192,620.4909048829862,17280600
2025-01-21,612.9443359375,617.9555708513625,605.5368113256808,614.3065179402437,11674000
2025-01-22,619.944091796875,630.0859318995294,615.897296296924,619.7452202875946,12274000
2025-01-23,632.8201904296875,632.9692985327227,617.6074620095192,623.7820061019959,9910200
2025-01-24,643.7972412109375,648.2815295995391,630.5830582601542,632.7705234115529,19065300
2025-01-27,656.1166381835938,660.0838730741682,621.5349631376207,623.0363611550106,28399200
2025-01-28,670.4841918945312,678.6871406628535,655.7088950211801,662.2016823881994,20950100
2025-01-29,672.6318969726562,677.1658883876141,661.8735972833647,671.1504043086316,21377800
2025-01-30,683.08203125,706.7363347642807,672.2441697981334,692.84603496167,29322900
2025-01-31,685.2494506835938,701.277509995338,681.6700065340905,687.0590781138951,19303900
2025-02-03,693.4823608398438,699.9850409352784,671.3990041073107,672.0552133808774,21415700
2025-02-04,700.1738891601562,703.6738334316884,687.6656180103822,698.493525085138,13826300
2025-02-05,700.8500366210938,714.0443756323507,695.023471471929,699.537557457663,17778200
2025-02-06,707.929443359375,714.8000689545609,699.4878723496911,701.8543038374813,13080700
2025-02-07,710.4450073242188,720.8751716095816,707.6907856196146,712.7119725933773,16427100
2025-02-10,713.30859375,717.0869096917698,707.2732045094893,714.4619514087053,12904300
2025-02-11,715.6948852539062,719.5328566627956,705.990537952229,709.2518608628535,12998000
2025-02-12,721.2430419921875,722.9532034161431,708.5358993293338,711.2205129173935,12016500
2025-02-13,724.4049072265625,724.8424002660025,713.9448849935358,717.4050792825848,12569100
2025-02-14,732.4686279296875,736.6844367741571,721.4816601081104,721.9987138789817,16901200
2025-02-18,712.284423828125,732.7967725329612,702.4110634697961,731.8024756909897,21938700
2025-02-19,699.75634765625,702.9679072184475,691.4241347921043,700.0844219380573,17535500
2025-02-20,690.8772583007812,701.6056995945174,689.6840899289574,693.3033450715664,12587400
2025-02-21,679.6515502929688,699.8556680992771,678.468334699965,692.6072664368277,15660400
2025-02-24,664.319580078125,683.3504369488164,658.6719810754673,682.3660927463782,15677000
2025-02-25,653.750244140625,664.1903621078898,638.1994252892501,662.1719101710918,20579700
2025-02-26,669.8578491210938,679.1147510461686,654.2473752935454,655.8879894912211,14488700
2025-02-27,654.4859619140625,684.7225637116007,653.8198000036269,678.5579109809865,12500000
2025-02-28,664.38916015625,665.8109973539985,638.9351246579868,654.2870702842284,17534200
2025-03-03,651.3140869140625,677.3646744199937,647.1281363529607,669.8378405902301,10843800
2025-03-04,636.3500366210938,646.0444317102432,620.0933060541167,641.8286224275595,21495200
2025-03-05,652.7260131835938,655.7387617190071,634.0232921722067,637.3442702985346,13770000
2025-03-06,624.3488159179688,646.849758566996,620.5505946552596,644.3043610495913,13446500
2025-03-07,622.0917358398438,631.1696708677619,597.1846120700849,621.8034116028319,21375700
2025-03-10,594.57958984375,606.6304633422532,583.5230132390974,604.6021195261419,21999900
2025-03-11,602.2555541992188,611.4229418336961,589.9461546000424,591.6563160162981,17401500
2025-03-12,616.026611328125,629.7180996475525,605.8748176968612,626.3076684168919,15747000
2025-03-13,587.271484375,616.9611726553743,583.165033681088,616.7125984520483,16480300
2025-03-14,604.6723022460938,605.9262407524249,591.91412787355,599.8954428218835,12364500
2025-03-17,601.9852905273438,610.1457299210977,595.1185141446371,604.5329526398591,15473900
2025-03-18,579.5538330078125,597.3576430615008,571.8909239806788,597.1585946307207,20297700
2025-03-19,581.2457885742188,589.4659986723599,572.0005729680962,581.4647601212571,20537500
2025-03-20,583.1763305664062,607.2597338403973,576.7176126648797,579.9519523821848,24336500
2025-03-21,593.3770141601562,594.6607765252672,578.1507482091648,580.6088175439797,25015900
2025-03-24,615.8679809570312,619.5402027280085,609.2500611361127,612.006672291682,15741300
2025-03-25,623.292236328125,630.8257689438026,618.1869494442392,623.7400802328827,15312500
2025-03-26,608.0360107421875,623.7300433973181,603.6870721796196,621.8790202715926,12609800
2025-03-27,599.6764526367188,611.2902031020785,597.2083613471389,599.099230390641,10436500
2025-03-28,573.9609375,598.8504351853067,571.1545185330965,597.4173714732933,17602800
2025-03-31,573.582763671875,575.9115149817139,550.6338819554302,560.7847448534282,21124700
2025-04-01,583.1763305664062,587.0674633156228,567.2534273427501,568.0894064880564,12836600
2025-04-02,581.1162719726562,589.804186222697,570.597197206815,572.1397162401767,13470800
2025-04-03,529.058349609375,549.8974512876792,527.7447028262635,543.5879742637874,34777500
2025-04-04,502.2979431152344,515.5039899950378,491.8186836840174,504.17882025902844,38589800
2025-04-07,513.7623901367188,536.7709789044776,479.5779034791825,482.7624960602015,36606100
2025-04-08,507.9903564453125,544.7921450836128,500.4369029130687,540.632294131454,28034200
2025-04-09,582.947509765625,585.057289769847,499.69058816526285,506.8160916317589,39216600
2025-04-10,543.6576538085938,578.4989661784922,532.7206193644059,572.7169643692248,28173500
2025-04-11,540.9508666992188,544.7624292142713,526.0430658483261,532.9297054758875,17642300
2025-04-14,528.9190673828125,555.0824290396921,525.7345350359763,553.490102125213,14130900
2025-04-15,519.0071411132812,535.348006407367,515.0064915389678,529.5460805193426,15558700
2025-04-16,499.88958740234375,510.89629171463736,493.24178266268706,506.05972448726374,18735100
2025-04-17,499.0635986328125,504.85553152235843,495.6103178269469,502.8154217219696,14593500
2025-04-21,482.32464599609375,491.12204638412413,477.48804834845106,488.9624892710341,16166000
2025-04-22,497.8693542480469,504.4375576237731,484.0164156670511,489.4998749510637,17399400
2025-04-23,517.7631225585938,532.7605157510718,514.0311917597672,525.9833318500454,18173900
2025-04-24,530.5810546875,531.3274408317245,515.0064395149242,516.2304933543132,13910000
2025-04-25,544.6329345703125,547.2104203356789,533.6660162993873,544.1651677352489,17098900
2025-04-28,547.0910034179688,555.7988405135861,537.9851302140396,552.9625978702912,15179000
2025-04-29,551.7683715820312,553.8881127992523,541.498092361692,543.3690382317375,11835000
2025-04-30,546.3546142578125,546.454108106064,526.9485760464694,535.8057152188378,29244000
2025-05-01,569.4528198242188,590.0928741199751,567.7510376168162,589.2270710866627,31159000
2025-05-02,594.1432495117188,601.4279850243998,575.5433057566704,580.6485914612911,24739300
2025-05-05,596.3825073242188,600.3035253266,585.2165379911165,588.3712467109232,13887700
2025-05-06,584.4800415039062,593.1580557272168,583.7535784495642,589.6749204940905,10600700
2025-05-07,593.9342651367188,600.1740725426264,583.8431102074584,587.5153323507782,13139100
2025-05-08,595.1285400390625,608.3544812296859,593.7452230797331,603.3686118483918,14622800
2025-05-09,589.635009765625,604.0452168000427,588.8587998697692,600.8108772950322,10427300
2025-05-12,636.3489379882812,637.3043341532137,618.0376337183749,627.8799331892349,21965100
2025-05-13,652.8689575195312,657.7353489578065,639.7325493918635,642.4294524194285,18570800
2025-05-14,656.182861328125,659.4769096738539,651.1572068855135,658.0239835535567,12348200
2025-05-15,640.7774658203125,654.1427460084102,635.5030160453498,651.1273776640966,14341800
2025-05-16,637.2545776367188,637.3540714948545,623.1329490749869,634.8860406989016,18519000
2025-05-19,637.3440551757812,639.9016788170561,624.7749084759689,625.222752281206,9592400
2025-05-20,634.0301513671875,636.2693098905639,629.2135066030082,632.9454374753022,6743500
2025-05-21,632.437744140625,643.4941942951137,627.1334105693713,628.7455994874404,11464600
2025-05-22,633.5026245117188,640.150428905794,627.6708761460998,630.9947479726117,8228400
2025-05-23,624.0384521484375,629.4024945229537,619.6497288590488,620.993199465317,8454100
2025-05-27,639.2249755859375,639.9813232293817,629.7010815324659,632.3482375434634,9508400
2025-05-28,640.4788818359375,647.7436941279635,639.4538158071571,639.5035627304547,9042900
2025-05-29,641.9417724609375,650.1719423650428,636.4185276452218,648.5100063761854,8858800
2025-05-30,644.3700561523438,646.280787614279,629.7309752425916,639.4041102133804,16241000
2025-06-02,667.667236328125,670.0158498921635,641.155588826551,641.2849672699225,15766300
2025-06-03,663.63671875,672.3246940222688,661.8255419819219,668.2145898171319,11585000
2025-06-04,684.6351318359375,685.6800602730475,665.3485093161423,666.0948954485151,14031900
2025-06-05,681.3211059570312,691.0340864353897,678.9625308264896,688.3271613596083,13083100
2025-06-06,694.34814453125,699.4235461647802,688.5362575246072,692.8155260624352,11728000
2025-06-09,690.7156372070312,701.7920116440988,690.5962202918921,695.0944598989832,12773200
2025-06-10,699.0155029296875,699.8414598328936,688.2277088511383,697.9705137722557,10850100
2025-06-11,690.7952880859375,705.454291870014,688.6556236044764,700.3191821519877,9582500
2025-06-12,690.01904296875,692.0293290729078,683.6897030900501,689.9593345072929,7322700
2025-06-13,679.5796508789062,691.223287687943,677.7286276901691,684.6351903887106,9274400
2025-06-16,699.2744140625,704.2840574478909,690.6993236168908,696.4957433738915,13720300
2025-06-17,694.4041748046875,703.1087427041085,693.2389337220874,699.1548619082068,10066100
2025-06-18,692.9501953125,698.746615248436,692.083726120881,695.3504012919498,10068300
2025-06-20,679.58447265625,698.9755941113337,675.9193946589918,697.9099234303271,22538600
2025-06-23,695.6990966796875,696.2169479400084,675.9992299066224,680.9192120003645,11080100
2025-06-24,709.3136596679688,710.2996377417461,699.2645249413042,702.0332875371371,13823200
2025-06-25,705.807861328125,713.6758686004573,702.5212476934295,710.429070970547,9320400
2025-06-26,723.1472778320312,725.2685892925924,708.1681941037551,711.4647766700988,13964800
2025-06-27,730.6567993164062,732.4494922418124,722.9182695895095,723.5756288277632,18775700
2025-06-30,735.0986938476562,744.8689334249254,731.2742298621163,741.5324738401788,15402100
2025-07-01,716.3050537109375,734.7599829001077,712.4706816395186,733.8935137744854,13431200
2025-07-02,710.6780395507812,717.3807446486052,709.911140766825,712.4309163210858,9336700
2025-07-03,716.0960083007812,726.0754187289656,711.524583891452,723.6651827300041,8601700
2025-07-07,715.438720703125,724.0536891880893,710.6183697983912,714.6917602259708,9457100
2025-07-08,717.7492065429688,719.9801184048647,711.9129709064391,718.6455832818111,7770700
2025-07-09,729.8101806640625,734.5409296194899,719.7908939937631,719.7908939937631,11418000
2025-07-10,724.2926025390625,732.8179077927571,716.6835516515143,728.5851323649385,9913600
2025-07-11,714.60205078125,722.2210100216284,706.8237059553837,719.5718173438482,10873900
2025-07-14,717.9982299804688,725.0495530943306,713.6459456305495,714.6916780207232,8939400
2025-07-15,707.510986328125,721.5338799362771,706.9432890972288,720.9662434931772,11529500
2025-07-16,700.0611572265625,711.076329845546,696.435955940308,710.4787858939072,13067600
2025-07-17,698.5672607421875,703.0391144882735,694.2847001730921,701.5352245721698,11803300
2025-07-18,701.4256591796875,701.8539091420688,688.846842328649,699.3441029750284,12779800
2025-07-21,710.0804443359375,714.094140720639,702.8997039450122,703.935467146971,9404400
2025-07-22,701.9534912109375,713.6956859389659,698.567246668549,713.2873743640687,8921100
2025-07-23,710.68798828125,711.7337206370244,702.0730210705864,703.5071874060967,8771600
2025-07-24,711.9030151367188,720.6872763494622,711.1062695692692,714.1438962383025,10920800
2025-07-25,709.7915649414062,717.7292948598619,709.0147578207076,714.0143708777621,8271700
2025-07-28,714.7216186523438,721.8027888995285,709.7916676847334,712.3014741673994,8715700
2025-07-29,697.1630249023438,721.5338231804328,697.0733629096566,717.0819684709821,13267000
2025-07-30,692.3924560546875,705.6285721008213,688.3986981647392,705.220260506502,27077300
2025-07-31,770.305419921875,781.5695805434973,762.4075657653623,772.0582967543337,38831100
2025-08-01,746.9703979492188,762.8955845641383,742.2894337714881,757.6469231660217,19028700
2025-08-04,773.2235107421875,773.7015459386386,755.336277425542,756.9198601954741,15801700
2025-08-05,760.3658447265625,779.9561084480251,759.9076871469059,773.3031886781546,11640300
2025-08-06,768.8612670898438,770.5046042804465,757.3780275150413,766.8793418933351,9733900
2025-08-07,758.742431640625,771.8590385394825,756.4716429684601,770.3551486222174,9019700
2025-08-08,766.18212890625,766.7797336678077,755.5056046563325,759.6586872434935,7320800
2025-08-11,762.7660522460938,770.3253179934114,761.5709034876361,766.9590117045211,7612000
2025-08-12,786.7982788085938,790.4533879693125,769.2994794144802,769.8671766063835,14563100
2025-08-13,776.9185180664062,792.2361910481928,775.0759792517462,787.9436609964881,8811800
2025-08-14,778.9601440429688,784.6171165223105,769.3791373875601,774.7273686839942,8116200
2025-08-15,782.047607421875,793.0229651164598,777.6555069770899,780.9720282034339,13375400
2025-08-18,764.260009765625,772.6658066945315,753.4938227994072,771.9487538776341,16513700
2025-08-19,748.4344482421875,764.0608636163238,746.323044855475,764.0110784095028,12286700
2025-08-20,744.6895751953125,747.1595654675717,728.0373679946948,744.5402195952106,11898200
2025-08-21,736.1044921875,742.478578071573,730.1387786638496,741.6918017302585,8876300
2025-08-22,751.73095703125,753.8324517991243,731.4136708448241,736.2340211992512,10612700
2025-08-25,750.2470092773438,755.8044116418879,747.0898736921264,751.7608684647103,6861200
2025-08-26,751.0437622070312,751.8106610061906,744.9087541771366,747.7571485914523,7601800
2025-08-27,744.3510131835938,751.0935950889643,739.8294348400382,749.2510563210803,8315400
2025-08-28,748.06591796875,749.9980580487584,737.7977043404688,740.9847476708056,7468000
2025-08-29,735.7062377929688,744.1120349237669,732.3697780687976,742.2595876478292,9070500
2025-09-02,732.1306762695312,733.0170837996081,718.8048988776511,723.0974285537161,9350900
2025-09-03,734.0628051757812,737.2498480849385,731.0152094510754,733.01707286797,7699300
2025-09-04,745.6159057617188,758.0751543418567,742.7973581267053,745.53621296405,11439100
2025-09-05,749.4004516601562,754.8781610325589,742.0105407637873,749.5697456565401,9663400
2025-09-08,749.2510375976562,763.4034686491748,748.9722040020283,752.9360542535453,13087800
2025-09-09,762.5967407226562,763.1942846942571,750.3764498072048,754.419992782477,10999000
2025-09-10,748.932373046875,762.5968005514799,747.9563642207584,762.0291033400259,12478300
2025-09-11,747.8568115234375,754.0316358199442,745.3370358122858,751.5916136968709,7923300
2025-09-12,752.5277709960938,754.4997269984316,740.7456986088828,745.6955270108052,8248600
2025-09-15,761.6007690429688,770.9327886235398,748.9422593602105,754.4000300843079,10533800
2025-09-16,775.8428344726562,778.1932551715911,761.9991446900564,763.8914686014472,11782500
2025-09-17,772.5761108398438,780.1154382240195,763.2042747009343,776.8288247150236,9400900
2025-09-18,777.0878295898438,785.5832886768625,770.2257385562051,777.5858032070112,10955000
2025-09-19,775.225341796875,787.5949882886124,766.072585123962,783.2327349405688,23696800
2025-09-22,762.5733032226562,783.0737723834768,761.8856333765553,779.2068840936374,11706900
2025-09-23,752.8463745117188,767.994941843812,748.5309951599756,766.6495298862988,10872600
2025-09-24,758.0885009765625,758.5369918811637,749.9860410574281,754.9392103751906,8828200
2025-09-25,746.378173828125,754.2116481824468,742.0329280425029,750.9028646268723,10591100
2025-09-26,741.2356567382812,749.387995888731,734.8572684361654,747.4645278033088,9696300
2025-09-29,740.8869018554688,748.2419580482833,736.65126931649,746.1888636454856,9246800
2025-09-30,731.8972778320312,740.4582034546728,723.8445769502356,739.7406667649041,16226800
2025-10-01,714.9149780273438,719.4096803677126,707.7991010033351,719.050911987213,20419600
2025-10-02,724.5921020507812,725.309699629413,715.7122502133443,720.1372426569798,11415300
2025-10-03,708.1578369140625,728.5287386889415,707.7791166979599,727.1633750572937,16154300
2025-10-06,713.2406616210938,714.456569002901,688.1757185011091,702.8060849901855,21654700
2025-10-07,710.6693725585938,716.0710326272052,703.3641353885179,715.2936403041813,12062900
2025-10-08,715.413330078125,717.2172088427283,705.4172078341599,711.0381561100638,10790600
2025-10-09,731.0303344726562,731.0303344726562,710.0315555923428,715.8518398810967,12717200
2025-10-10,702.9156494140625,732.784364410351,702.1283419878271,728.4490335307075,16980100
2025-10-13,713.2804565429688,717.5061127097006,705.2477072901073,710.5995481500918,9251800
2025-10-14,706.25439453125,713.1310322093289,696.9658939978091,705.3873404797914,8829800
2025-10-15,715.1242065429688,721.4527759491865,707.1114088212217,714.6358727912688,10246800
2025-10-16,709.6627807617188,723.0373960268438,701.5004654735715,715.1242355877501,9017000
2025-10-17,714.496337890625,716.1108563950927,703.7328609179003,704.6896374063629,12232400
2025-10-20,729.69482421875,731.2894517891565,717.7453670972193,718.7519624447335,8900200
2025-10-21,730.7911376953125,736.0034377690635,726.2863984755653,733.5318410857864,7647300
2025-10-22,730.9306030273438,738.0962989037338,721.5823690736463,731.3492269695964,8734500
2025-10-23,731.5186157226562,739.900157838395,730.6216339604061,732.2162614456487,9856000
2025-10-24,735.8638305664062,738.704232141329,728.6782441600997,734.2991309259364,9151300
2025-10-27,748.2817993164062,753.1951257515892,745.4813011827554,747.195457385242,11321100
2025-10-28,748.8997192382812,755.8362124836232,742.9997491476457,750.0856988126538,12193800
2025-10-29,749.1289672851562,756.5936376548974,739.9999593719286,752.1985723967003,26818600
2025-10-30,664.2169189453125,678.6579855089774,647.9720344844721,666.887912533529,88440100
2025-10-31,646.1581420898438,672.6084590133829,643.3875718813117,672.2297387877188,56953200
2025-11-03,635.55419921875,657.1011064498967,634.0293422915395,653.7823467127146,33003600
2025-11-04,625.1992797851562,639.5705142822006,623.8937108241939,625.9168165443936,27356600
2025-11-05,633.8001098632812,640.0588479681868,624.4218873891514,630.1724007040705,20219900
2025-11-06,616.8475952148438,633.8499192315176,615.9107705740217,633.7004019945108,23628800
2025-11-07,619.6082153320312,620.0267784116583,599.1675434782962,614.4058308842617,29946800
2025-11-10,629.624267578125,632.8533046281837,616.0203887455347,628.9565496273584,19245000
2025-11-11,624.9601440429688,627.4317408228605,617.2961380110504,625.8770169082796,13302200
2025-11-12,606.951171875,626.8636074098682,605.7153735895874,626.0065293511232,24493300
2025-11-13,607.8282470703125,615.5620236854409,600.9615245048305,610.9974896015757,20973800
2025-11-14,607.399658203125,611.6053627125183,593.1878563697925,599.7555439005879,20724100
2025-11-17,599.9747924804688,609.6220599721263,593.3871535288397,606.980994504603,16501300
2025-11-18,595.6694946289062,601.6192836786712,581.8065445386262,589.6000552799869,25500600
2025-11-19,588.3243408203125,593.3174134864839,579.2849960343485,591.7128101062766,24744700
2025-11-20,587.1583862304688,604.668936823252,581.3779446301025,601.4598513214113,20603000
2025-11-21,592.2410888671875,596.0980011467227,579.8929596850738,586.5105272163902,21052600
2025-11-24,610.9775390625,614.6152243710839,595.6096842408232,596.6959653725695,23554900
2025-11-25,634.0691528320312,634.8963639496133,616.209750572071,621.8904932046078,25213000
2025-11-26,631.4680786132812,636.2020213268715,629.494791431578,635.5343032814475,15209500
2025-11-28,645.759521484375,645.8591590880771,633.3515983825566,633.9296546389559,11033200
2025-12-01,638.7034912109375,643.138459853903,635.6040193729798,637.3879462598147,13029900
2025-12-02,644.912353515625,645.6797698761368,635.9129124654792,640.1684965318557,11640900
2025-12-03,637.4378051757812,646.6565355118391,635.394747375177,642.2315425173783,11134300
2025-12-04,659.2936401367188,673.8143308084973,657.8186021075292,673.7146932031604,29874600
2025-12-05,671.1434326171875,672.4091587454953,660.1507520483126,661.7552947151958,21207900
2025-12-08,664.5457763671875,674.4223082782987,662.8216443414645,667.0772284693074,13161000
2025-12-09,654.7390747070312,662.2336109084633,651.1313175008097,661.5260500954003,12997100
2025-12-10,647.93212890625,652.2973264314004,641.2249002906431,647.7527447265774,16910900
2025-12-11,650.5034790039062,653.0647981949571,638.6337077300913,641.1152803360264,13056700
2025-12-12,642.0521240234375,708.5964236692454,636.4511276224844,647.6033016180266,14016900
2025-12-15,645.8473510742188,651.3232442601446,637.0599755890928,644.0420011784053,15549100
2025-12-16,655.462646484375,660.8387602004772,641.5484540168895,641.8476715248971,14309100
2025-12-17,647.8322143554688,659.5320745885969,647.5329968709444,653.9265104909302,15598500
2025-12-18,662.7438354492188,668.838131561853,654.7743619360156,655.3429055936973,20260300
2025-12-19,657.0784301757812,669.2770065062657,656.4899183910027,664.7087499822148,49977100
2025-12-22,659.8014526367188,671.850451614429,654.9639304343692,659.9510918299604,15659400
2025-12-23,663.2325439453125,664.2898196014329,656.5597203493141,658.3550860644432,8486800
2025-12-24,665.8358764648438,666.4642636433252,660.499638357634,660.8288080412273,5627500
2025-12-26,661.5868530273438,667.2323539771746,659.6219406041037,666.3446246130748,7133800
2025-12-29,656.9986572265625,658.5546491157273,652.7097106878265,656.3204105957403,8506500
2025-12-30,664.239990234375,670.4938487731155,656.1508296487782,656.9986226731097,9187500
2025-12-31,658.39501953125,663.2923846373272,657.7466642776019,663.0430265979899,7940400
2026-01-02,648.7398681640625,662.6840120988863,641.8476382600104,661.0282405096659,13726500
2026-01-05,657.098388671875,662.8336242718107,646.086758236235,649.3383972038786,12213700
2026-01-06,658.9236450195312,663.8110870761799,650.2260655901538,657.8763534012292,11074400
2026-01-07,647.0242919921875,657.4574546517152,643.154250211399,653.956457912222,12846300
2026-01-08,644.4010620117188,645.438369611356,634.0875860000896,644.2215315163064,11921700
2026-01-09,651.3831176757812,653.2682792823022,641.1993122536916,643.7826886268982,11634900
2026-01-12,640.321533203125,652.2907198459545,639.5834431006995,650.8544758921091,14797200
2026-01-13,629.4695434570312,640.6208286715078,622.4974409136,640.6208286715078,18030400
2026-01-14,613.9395141601562,626.836305766559,613.2412994138377,624.8913007155408,15527900
2026-01-15,619.2059326171875,622.567274451088,612.6527953870184,616.8918824768537,13076100
2026-01-16,618.6573486328125,627.4646923832119,618.4878021974878,622.5772500418334,17012500
2026-01-20,602.5687866210938,609.8301228712422,598.4593704807342,606.3191417499893,15169600
2026-01-21,611.3861083984375,616.6824713366042,598.5391758430108,605.1820479992876,14494700
2026-01-22,645.967041015625,658.8738165275513,624.9411525277235,627.7339506004921,21394700
2026-01-23,657.0684814453125,664.7786132883346,642.7952283244125,643.1144139511335,22797700
2026-01-26,670.6334838867188,673.5460296758964,659.5919023824141,663.4220687284304,16327400
2026-01-27,671.241943359375,675.0820939991542,662.9532839044604,672.8578395915863,13297400
2026-01-28,667.0127563476562,675.9397859199995,664.3895050245095,672.7679591112906,25709600
2026-01-29,736.4141845703125,742.0895763731422,710.7203206800697,735.536439340887,59852900
2026-01-30,714.66015625,730.2899014488934,711.7576553956329,725.6319102189462,23744600
2026-02-02,704.5960083007812,719.4477874144414,701.7134756957726,712.7649799285471,14365200
2026-02-03,689.923828125,715.1588492636382,684.6473731061755,705.5535728195721,13760700
2026-02-04,667.272216796875,687.0613001828912,665.7461770525908,685.9640881387202,16882800
2026-02-05,668.4890747070312,679.7500626324993,651.8219602792932,661.8760941724082,17131800
2026-02-06,659.7615356445312,670.2644652243433,644.8399277739295,663.7811558190369,18159300
2026-02-09,675.4810180664062,681.5554070660584,657.0884263930592,661.4770916291903,14837500
2026-02-10,668.9976806640625,678.9022357565889,668.0700760446862,675.8600189134125,10455800
2026-02-11,666.9729614257812,677.5258114827353,655.4126950742984,672.2693241407737,14323800
2026-02-12,648.1414184570312,674.2641703314905,643.6230822268304,668.2496249159107,14960100
2026-02-13,638.127197265625,649.7572295518577,632.9405378190771,643.4434668857905,12336400
2026-02-17,637.6484375,640.9499357932766,627.1853829985365,637.8579201875249,12674700
2026-02-18,641.5682983398438,643.3437568439427,626.5370489428796,632.1725042393389,14649200
2026-02-19,643.1243286132812,645.5281132997313,635.0849670695593,636.9302530675583,10035700
2026-02-20,653.9764404296875,661.6466973151385,637.1398390748724,638.0474756888525,14183500
2026-02-23,635.6137084960938,656.0112104148094,634.3669181695027,650.8644258547187,8605900
2026-02-24,637.658447265625,639.4637972653206,627.364938784811,631.4544476780686,10135600
2026-02-25,652.0114135742188,652.2009281146602,640.4910846116635,640.8800977544264,11330700
2026-02-26,655.322998046875,659.3027431401059,645.8374072363367,648.8795635426123,10637700
2026-02-27,646.5155639648438,647.7723382149427,636.4813989665846,641.7977293743734,15703000
2026-03-02,651.8817749023438,658.2453970983619,632.870719934867,635.5238627543893,9816100
2026-03-03,653.3978881835938,657.3476806461185,637.199599354082,646.6252847330551,12263800
2026-03-04,666.015380859375,671.0424780902056,655.9812154011644,656.2705097002453,10810100
2026-03-05,658.8738403320312,668.9778340733714,648.6401755256248,660.2303336051802,13341400
2026-03-06,643.2041015625,647.8022493056128,634.4765699796501,646.2363343546218,13159400
2026-03-09,645.7276611328125,646.0867221220876,625.1705976379839,633.1500554179556,13489700
2026-03-10,652.3905639648438,658.6045478289335,647.3335748038755,651.8818637417822,9859300
2026-03-11,653.178466796875,657.4275379105374,646.6951571900124,653.0787479235273,8977200
2026-03-12,636.5413208007812,651.8219905315074,635.2646391478804,647.0841872338415,11617500
2026-03-13,612.1340942382812,627.554356001348,607.9847424867846,622.2879460132801,18957600
2026-03-16,626.3746948242188,633.6621719731276,622.0321132511823,630.9168848948667,15134900
2026-03-17,621.5928955078125,635.4591062750881,620.634579694285,626.9137783313067,10348800
2026-03-18,614.6248779296875,621.5829648535273,613.5567043186309,615.2837809831337,11726300
2026-03-19,605.6602783203125,611.9494694911245,601.2278849458298,611.1009505532863,13247700
2026-03-20,592.642578125,602.9249750667714,586.2435901825164,602.4957192983555,21214900
2026-03-23,603.0247802734375,607.5969482872343,597.9834469761715,604.7517959610541,13638000
2026-03-24,591.9038696289062,599.9700396349708,589.9871770786485,598.0732713770465,10739700
2026-03-25,593.8704833984375,602.6354044215132,592.3830467312241,597.7138608396341,12585000
2026-03-26,546.6015625,582.0008103985165,542.4187412024525,581.4916747262954,35780100
2026-03-27,524.8189697265625,542.6683311056884,519.368366299545,539.1743295527585,30133000
2026-03-30,535.4607543945312,538.6253045735799,527.6341638126921,535.4607543945312,22795200
2026-03-31,571.1494750976562,572.7067990959439,545.8329522821889,549.0374119135495,32898300
2026-04-01,578.2373046875,591.5344843799961,572.8366030750008,579.1357866530213,23608100
2026-04-02,573.4755249023438,577.5085793033603,558.7408105198895,565.0699110449033,13518500
2026-04-06,572.0379638671875,581.7911783704857,571.0196924702504,576.6999432469056,9515700
2026-04-07,574.064453125,574.2441373249518,563.7921103124964,571.4988503418972,9580800
2026-04-08,611.3704223632812,628.8704088339113,590.8157434643455,604.9614419693103,32036600
2026-04-09,627.3131103515625,636.4074834525468,621.9323328485281,625.8955000086161,19012900
2026-04-10,628.780517578125,637.4856047359222,623.2600266965629,633.3826022362973,13294800
2026-04-13,633.442626953125,633.9117922613585,623.3299819911093,628.4212176827168,9538900
2026-04-14,661.3546142578125,665.1181727259973,638.2742422102883,642.117619704398,17818000
2026-04-15,670.4290771484375,677.3372007350248,663.081644256971,665.856909197143,14952600
2026-04-16,675.7099609375,676.4187660594131,666.605595861725,674.831464225754,9544800
2026-04-17,687.3699340820312,690.3348757077041,673.9729506648888,677.4369744478516,16283500
2026-04-20,669.7601928710938,682.2088539380842,666.8552067290691,680.192296240317,12534000
2026-04-21,667.6937866210938,675.0411586256739,666.1863646700106,669.8500580611455,8660100
2026-04-22,673.5636596679688,677.2174214115423,668.6022063234784,673.2042912464699,9215600
2026-04-23,658.0203857421875,668.412518474367,651.9308032468797,662.562575853328,11667000
2026-04-24,673.8731689453125,679.5034568571632,652.719481738207,659.1883568751083,13348300
2026-04-27,677.4569702148438,681.330325511242,669.6903353309991,669.8500343121515,12805200
2026-04-28,670.189453125,677.0176962940845,664.489217253305,673.0844464119266,10606800
2026-04-29,667.9732666015625,673.0944797535534,662.6723692427279,667.7636045616339,18947500
2026-04-30,610.8612670898438,619.7859479396749,598.9717055442339,618.2586017744245,52765000
2026-05-01,607.7067260742188,617.8193701850194,605.0712358749745,613.6365485572411,21404000
2026-05-04,609.3638916015625,612.9477660987843,601.7170456287333,606.8981537761392,16203900
2026-05-05,603.9232177734375,613.2970785161436,599.3310648754198,612.2588828439087,17171300
2026-05-06,611.8296508789062,618.8875416216711,597.0749516023062,600.0199080772063,19915500
2026-05-07,615.7528686523438,623.9088493168618,612.4884534922683,613.6664238202088,12307400
2026-05-08,608.585205078125,615.7129829832094,605.0213161255829,614.1456663784968,13557000
2026-05-11,597.8336791992188,603.8732987260729,597.0550476209405,603.533915527778,15940600
2026-05-12,601.9666137695312,602.7153284632744,591.5844123107358,593.8006394881057,11351600
2026-05-13,615.5732421875,618.837657653709,595.6374345129168,597.8037594995824,14634400
2026-05-14,617.3701171875,622.6610217742586,613.9460028895547,614.944289073115,10651200
2026-05-15,613.1773681640625,620.135455286475,608.2658166797805,612.9377892034477,13272600
2026-05-18,610.1625366210938,614.5350350972873,602.6554048207697,608.0660990208263,13772400
2026-05-19,601.5772705078125,612.8778783201094,599.5208032426234,607.8764543920544,11749900
2026-05-20,604.0230712890625,606.9580352784536,596.7854960328639,599.7304526335664,11329700
2026-05-21,606.3390502929688,608.5552163125774,593.7905860006466,598.9716935873996,13476100
2026-05-22,609.2141723632812,613.7563625825306,605.9098473363839,606.838246230648,11688600
2026-05-26,611.2905883789062,613.4168818935308,604.2626146519137,607.8464888599174,12234200
2026-05-27,634.1713256835938,637.4057633477772,607.9563193089997,608.3556581766634,23143600
2026-05-28,634.2012329101562,641.8980416273442,628.2315007921775,638.4040398455469,16772400
2026-05-29,631.426025390625,633.4126052152244,622.281689514161,632.4143189973911,19806500
2026-06-01,599.4408569335938,634.6604216515384,598.5025264432778,629.3196151062037,29138800
2026-06-02,596.6057739257812,607.8364934375654,595.6573898697867,602.2061447656582,18252000
2026-06-03,621.912353515625,623.0803923074952,599.2413115918356,601.9666135784172,23020100
2026-06-04,626.4944458007812,641.2990464500883,621.3632403719068,622.601105447702,21469200
2026-06-05,591.9837646484375,628.0718380797523,581.9110292634388,622.3915867034917,30091600
2026-06-08,584.3867797851562,590.9854370177134,578.2273099921849,590.9854370177134,19512400
2026-06-09,583.588134765625,596.6057643945405,580.0142532419713,589.9871222602228,16977400
2026-06-10,570.00146484375,590.3066340250939,569.6221111934292,579.7347558037309,17064000
2026-06-11,567.455810546875,571.1893911411966,556.0553993401948,564.8602908302337,17628000
2026-06-12,566.0082397460938,575.0826873049916,559.938704060897,571.9680395129554,14326400
2026-06-15,593.011962890625,600.795858737961,578.8431525395191,579.4427159724761,17653300
2026-06-16,599.7366943359375,605.3322537623429,591.5331468141493,593.1818700134238,11344400
2026-06-17,567.1324462890625,593.3417428489197,565.7435277503374,591.5331725816898,20478300
2026-06-18,576.7647705078125,579.7624046842873,562.6559105294999,572.3682769745303,28824600
2026-06-22,563.4053344726562,575.3559250048318,559.3685422933314,571.5689356803741,15405500
2026-06-23,561.7566528320312,571.7487666818112,560.5775907162,561.8066012038755,13103300
2026-06-24,557.230224609375,568.591253761232,555.1119012433646,561.4469285838474,13963600
2026-06-25,542.44189453125,555.9013039685537,539.7540133926082,555.1118879211193,16968600
2026-06-26,549.8161010742188,556.4108722579447,539.9738926737891,542.9115767800729,18867700
2026-06-29,562.1563110351562,570.4498144711828,557.5599629753306,559.5583857816937,15011400
2026-06-30,562.8457641601562,565.0939897966132,550.9951316644288,560.4976417791106,18111100
2026-07-01,612.4266357421875,627.784571153574,594.6306830487989,607.4305787144307,45536300
2026-07-02,582.4403686523438,609.5189740900589,579.9622828274885,607.4206544757068,21705900
2026-07-06,599.8165893554688,603.1040338931904,581.301233826573,594.3709360150443,17674100
2026-07-07,615.0946044921875,624.8768626804635,603.1839600389557,607.1109147253509,18560800
2026-07-08,602.6444091796875,615.5142576272189,597.5384532703483,613.9055418180343,13606500
2026-07-09,630.9819946289062,632.77062206454,576.6149292518581,583.529455055522,26579700
2026-07-10,668.6823120117188,677.3254544051542,657.491131647921,659.8193113874754,40608900
2026-07-13,656.2120971679688,676.0864269737083,653.6841239854351,660.858454671636,19840700
2026-07-14,660.5186767578125,665.9743929146624,648.5381419230179,651.4858277274717,16748200
2026-07-15,680.7727661132812,685.5390243545221,656.1421789132482,663.0767089741589,19003400
2026-07-16,664.0159301757812,681.3622866487058,659.6393793096187,676.7459348014426,15816000
2026-07-17,645.5006103515625,651.68573177941,625.5063791142821,647.1892801723585,22267900
2026-07-20,645.3406982421875,652.784835830389,635.5084916103011,646.1900645769782,10225200
2026-07-21,643.3023071289062,655.3627963853286,642.6928027946103,653.664124760039,9140500
2026-07-22,626.6754150390625,648.4882176170956,623.5079318845419,647.189254956408,11019600
2026-07-23,605.6220092773438,614.1653155952538,596.7490071058414,607.9301851876114,15494800
2026-07-24,594.7206420898438,609.4989569016461,593.9812354037057,604.8226548171024,11503500
2026-07-27,593.4016723632812,610.7779733376527,592.6622656813121,606.7411202287035,11195300
2026-07-28,592.9420166015625,600.5260580457825,586.5370982909723,596.3493616660036,12009300
2026-07-29,585.148193359375,599.4968549179539,581.7608519604674,592.7821833537371,22371100
2026-07-30,538.60498046875,539.4542858116451,524.0764068649972,525.58522592167,42271500
2026-07-31,556.27099609375,557.8897136701136,539.7939490076644,543.171288392182,24261500
2026-08-03,589.7745361328125,597.0488245114987,558.9188827428958,561.7966164985271,25938100
2026-08-04,587.4763793945312,592.32253050782,577.794018053301,581.0414552494501,17959200
2026-08-05,588.3057250976562,600.5260612032997,579.6625219517506,599.9865089938204,14897200
2026-08-06,589.4348754882812,594.8405827519979,585.5379263278069,586.487189429669,11811500
2026-08-07,591.633056640625,598.2678350979388,585.1581861630435,585.1781899072663,11250300
2026-08-10,594.4508666992188,607.7304260788247,591.5631919202813,598.657568915248,14967300
2026-08-11,598.6475219726562,611.9470231090784,592.9320621063698,597.5284100969216,13146900
2026-08-12,578.3934936523438,604.023290419805,577.7540447074138,600.5960026412422,16186900
2026-08-13,594.5007934570312,595.380104391766,578.9331233348041,580.2520897369063,11164200
2026-08-14,589.3848266601562,601.3853654698224,588.8252707092146,596.5092089028919,8758000
2026-08-17,568.5213012695312,589.774548021712,564.3046582848494,589.2849441761664,17225600
