Date,Close,High,Low,Open,Volume
2017-01-03,55.944400787353516,56.17683047540563,55.54211535590748,56.13213285195831,20694100
2017-01-04,55.694087982177734,56.09637341380079,55.53317380952851,55.855002154826956,21340000
2017-01-05,55.694087982177734,56.015916327476184,55.4527167232039,55.595751164424314,24876000
2017-01-06,56.176815032958984,56.45394567848804,55.46164302376529,55.69407264792481,19922900
2017-01-09,55.998023986816406,56.39137116925902,55.9086287600118,56.1052989410238,20382700
2017-01-10,55.98015213012695,56.382437527726935,55.67620354196361,56.07848893956359,18593000
2017-01-11,56.489707946777344,56.52546740373021,55.81029531572049,55.971209461798864,21517300
2017-01-12,55.971214294433594,56.67744828428711,55.38119684460643,56.37349969436343,20968200
2017-01-13,56.05166244506836,56.203635010715196,55.73877233487487,55.98014353638096,19422300
2017-01-17,55.89970016479492,56.05167617788557,55.45271710661435,56.033796446333135,20664000
2017-01-18,55.87286376953125,56.05165761563555,55.53315580295399,56.02483632208407,19670100
2017-01-19,55.694087982177734,56.30198520991701,55.60469273524376,55.64045219810138,18451700
2017-01-20,56.087432861328125,56.158948373783495,55.756662959316,56.02485209889102,30213500
2017-01-23,56.28409957885742,56.42713400508514,55.93545337806547,56.05166991506603,23097600
2017-01-24,56.78470993041992,56.9813835042854,56.266208112123294,56.49864113763868,24672900
2017-01-25,56.927757263183594,57.303221360201775,56.72214548478652,57.16912850135662,23672700
2017-01-26,57.45519256591797,57.69656720849059,56.81153935649321,57.32110312051029,43554600
2017-01-27,58.805076599121094,58.92129653274711,58.00944748308774,58.45643043908035,44818000
2017-01-30,58.22401428222656,58.81403522909466,57.92901062921313,58.724639976047534,31651400
2017-01-31,57.794898986816406,58.241881953736225,57.446252818252454,57.982631014472474,25270500
2017-02-01,56.83835220336914,57.768077535646455,56.74001541108088,57.53564449747253,39671500
2017-02-02,56.47184371948242,56.686397109883714,56.09637954904323,56.54336265301967,45827000
2017-02-03,56.927757263183594,56.94563699307157,56.38243743733452,56.76684310440157,30301800
2017-02-06,56.891990661621094,56.90093223054752,56.445007701161835,56.766835978326,19796400
2017-02-07,56.704261779785156,57.017148505366144,56.525467903649066,56.981392458306566,20277200
2017-02-08,56.62379837036133,57.04396342073716,56.51652342076655,56.829410111338454,18096400
2017-02-09,57.267459869384766,57.60717131499839,56.605926938040355,56.784720820369266,22644400
2017-02-10,57.21382141113281,57.4820139271651,57.19594168271669,57.43731290102005,18170700
2017-02-13,57.85749053955078,57.982645255393656,57.330046962423985,57.428383784932024,22920100
2017-02-14,58.07332992553711,58.20823914255539,57.578665083726,57.92943179268067,23108400
2017-02-15,58.037349700927734,58.07332594711918,57.70458143174971,58.01036923172599,17005200
2017-02-16,58.02836608886719,58.67592493253123,57.95642044316912,58.22623205351662,20546300
2017-02-17,58.118309020996094,58.18126574835997,57.83050585850857,57.983399787568175,21248800
2017-02-21,58.001373291015625,58.41508982839844,57.96539704492573,58.10930202928531,20655900
2017-02-22,57.88446044921875,57.911440920587104,57.605653096055235,57.857479977850396,19292700
2017-02-23,58.118309020996094,58.21724200139199,57.73157287811268,57.93842775583599,20273100
2017-02-24,58.118309020996094,58.28019872875586,57.68660084638049,58.03736073623188,21796800
2017-02-27,57.76754379272461,58.04635115074679,57.60565409992541,58.04635115074679,15871500
2017-02-28,57.54269027709961,57.74055277610141,57.34482434721403,57.632630895631145,23239800
2017-03-01,58.40612030029297,58.4510854765054,57.578680089102846,57.67761308324765,26937500
2017-03-02,57.56968688964844,58.23523045931671,57.45276577518283,58.18126950716685,24539600
2017-03-03,57.78553771972656,57.812518195876066,57.21892370439519,57.551698921033605,18135900
2017-03-06,57.80351638793945,58.06433906646391,57.389803216885404,57.53370479281541,18750300
2017-03-07,57.92042922973633,58.26219325927979,57.73155909274386,57.73155909274386,18521000
2017-03-08,58.4510612487793,58.53200951124032,57.78551790548167,57.794513681703286,21510900
2017-03-09,58.21724319458008,58.6399487373904,57.9923967548481,58.63095982027465,19846800
2017-03-10,58.39711380004883,58.693912727998146,58.235224099509956,58.5590035005877,19538200
2017-03-13,58.19924545288086,58.630953590473595,58.073332008951326,58.469063896597326,20100000
2017-03-14,57.9294319152832,58.05534535496201,57.695589729407786,58.03735379971199,14280200
2017-03-15,58.23523712158203,58.38813107801083,57.785544170836225,58.05536268599166,24833800
2017-03-16,58.13630294799805,58.244231724231945,57.830515041323274,58.23523594410335,20674300
2017-03-17,58.3431510925293,58.675919400092006,58.1722656188502,58.37912734287059,49219700
2017-03-20,58.39711380004883,58.62196022514346,58.20824362638154,58.37912910521933,14598100
2017-03-21,57.74955368041992,58.90976203085194,57.67760117920673,58.630954665861054,26640500
2017-03-22,58.48705291748047,58.5859858967109,57.6686154713916,57.6686154713916,20680000
2017-03-23,58.3431510925293,58.675919400092006,58.253207035792,58.40610781518453,19269200
2017-03-24,58.442081451416016,58.8647869350403,58.244215514273506,58.783845521719,22617100
2017-03-27,58.55000686645508,58.657935619159495,57.87546760103101,58.12729449557308,18614700
2017-03-28,58.720890045166016,58.88277973700411,58.14528377680124,58.42409113316818,20080400
2017-03-29,58.882781982421875,58.9097624551291,58.415097582935985,58.567998364557276,13618400
2017-03-30,59.0986328125,59.34147079116839,58.78384919364122,58.83781013922607,15122800
2017-03-31,59.23356246948242,59.53036149610966,58.86481091607817,59.04469223302072,21040300
2017-04-03,58.95473861694336,59.305498510262304,58.63095919822299,59.18857397131018,20400900
2017-04-04,59.11662292480469,59.18856856323764,58.711895257499926,58.81082822983433,12997400
2017-04-05,58.96371841430664,59.674233869841345,58.855796532604124,59.629268706387855,21448600
2017-04-06,59.11662292480469,59.41341498003981,58.89177650800252,58.99969839653598,18103500
2017-04-07,59.071651458740234,59.32347835007163,58.85580081785163,59.22454537679599,14108500
2017-04-10,58.93674087524414,59.19756353861062,58.78384696071593,59.00869337446965,17952700
2017-04-11,58.891761779785156,59.00867941704588,58.32514455961718,58.99968364132848,18791500
2017-04-12,58.666927337646484,58.91875421476244,58.55899859241061,58.83780594039359,17108500
2017-04-13,58.415103912353516,59.23354826925013,58.415103912353516,58.720898646961466,17896500
2017-04-17,58.891761779785156,58.900750693736185,58.46904952403012,58.49602998941595,16689300
2017-04-18,58.810829162597656,59.09863230619838,58.60397429844899,58.75686821747508,15155600
2017-04-19,58.49604797363281,59.13461101056279,58.361138743460344,59.04467381103731,26992800
2017-04-20,58.909767150878906,59.134613590386074,58.585987729047076,58.873790897145504,22299500
2017-04-21,59.71921157836914,59.989023170070276,58.86479105022811,59.06265700120326,32522600
2017-04-24,60.735504150390625,60.852428661605785,60.348768095425974,60.69053899064925,29770000
2017-04-25,61.086280822753906,61.194209587106606,60.79847764624903,61.06829612624628,30242700
2017-04-26,61.00534439086914,61.43704576008921,60.81647418411416,61.230190855354046,26190800
2017-04-27,61.401039123535156,61.49997206790194,60.78046785459441,61.29311726551041,34971000
2017-04-28,61.57194519042969,62.183527750752205,60.879421209452126,61.976672879010316,39548800
2017-05-01,62.42634582519531,62.5522592361217,61.60790179240749,61.76979144385089,31954400
2017-05-02,62.32741165161133,62.69615610155688,62.174510916984026,62.69615610155688,23906100
2017-05-03,62.129554748535156,62.39936629346842,61.79677962850697,62.39936629346842,28928000
2017-05-04,61.88674545288086,62.129583503656136,61.733851487145486,62.08461146113618,21749400
2017-05-05,62.05759048461914,62.08457094781688,61.59890202496013,61.967653320038075,19128800
2017-05-08,62.0036506652832,62.102583638530525,61.535966271428904,62.03063113766554,18566100
2017-05-09,62.093605041503906,62.309455742055654,61.76982555979126,61.93171530064758,22858400
2017-05-10,62.3364143371582,62.5612607393113,61.98565449874079,62.04861121687295,17977800
2017-05-11,61.57194519042969,61.81478317593176,61.266157341152656,61.48200799133459,28789400
2017-05-12,61.49998092651367,61.70684262046824,61.19419313570892,61.70684262046824,18714100
2017-05-15,61.54496383666992,61.58993586645852,60.77149158433095,61.28414115978647,31530300
2017-05-16,62.784175872802734,62.81131099073924,61.65349995146079,61.71681752701201,34956000
2017-05-17,61.038414001464844,62.503765627489656,60.993184202669696,62.31381289452712,30548800
2017-05-18,61.246482849121094,61.626388490810434,60.73089464937082,60.96607728993633,25201300
2017-05-19,61.22837448120117,61.59923265406948,60.993191919687575,61.056509505352864,26961100
2017-05-22,61.915836334228516,61.961066150253046,61.05652503857052,61.409295520038626,16237600
2017-05-23,62.12386703491211,62.1871846195717,61.85250201431432,62.160049497731755,15425800
2017-05-24,62.205257415771484,62.30475743928211,61.91580468403988,62.29571700157931,14593900
2017-05-25,62.974159240722656,63.20933497800031,62.33193583304629,62.38620609532551,21854100
2017-05-26,63.281700134277344,63.51688277342148,62.88369980666441,63.13697713402816,19827900
2017-05-30,63.68873596191406,63.68873596191406,63.109823365272135,63.1279180501267,17072800
2017-05-31,63.17314910888672,63.98723750484683,63.1460139792049,63.797284695973,30436400
2017-06-01,63.40830612182617,63.86962384337827,62.8203532455105,63.53494127658975,21603600
2017-06-02,64.90984344482422,65.00029613583166,63.534937697558505,63.715849980671344,34770300
2017-06-05,65.38020324707031,65.93197364772291,64.95506799727914,65.09979782746258,33316800
2017-06-06,65.59729766845703,65.68775727194081,65.37116246194525,65.39830448364968,31511100
2017-06-07,65.4797134399414,65.82343648831225,65.08171324628101,65.70584865886677,22301800
2017-06-08,65.08173370361328,65.59732188878549,64.67469294204098,65.5882814459782,24588300
2017-06-09,63.607303619384766,65.19929723053117,62.042445125861065,65.16311477333488,49187400
2017-06-12,63.11885070800781,63.2635805365846,61.62635713102548,62.63944522776881,47761700
2017-06-13,63.90581512451172,64.05958541922494,63.28167970337068,63.33594994830492,25258600
2017-06-14,63.56208419799805,64.31285477990039,62.802273176144496,64.14099670653782,25510700
2017-06-15,63.227394104003906,63.5077995028683,62.23240074894213,62.65752906618577,26068700
2017-06-16,63.31787109375,63.345006220042706,62.612330205738544,63.07364805601537,48345100
2017-06-19,64.10482788085938,64.16814547948378,63.63446266156315,63.77014520178709,23798300
2017-06-20,63.23646545410156,64.10482399738865,63.200282985493736,64.0595941863538,21512200
2017-06-21,63.56208419799805,63.878679024869555,63.263590954326546,63.507813953893994,19891100
2017-06-22,63.55305862426758,63.85155193776211,63.05555826660867,63.80632902413,22965700
2017-06-23,64.41236877441406,64.44855124535056,63.245509965839844,63.399280291494414,27617300
2017-06-26,63.79726791381836,64.86462644083686,63.71586254618696,64.58422097308517,19607000
2017-06-27,62.60328674316406,63.48069268687431,62.57615161518964,63.41737508790041,25215100
2017-06-28,63.136959075927734,63.173134639817135,62.22337081298028,62.603276343715024,25806200
2017-06-29,61.951995849609375,62.85653662610108,61.590178158793,62.757036588599114,28918700
2017-06-30,62.35000991821289,62.75705059805979,62.17814492396197,62.21432739123059,24161100
2017-07-03,61.662559509277344,62.95605344040019,61.526876976426635,62.711830402149154,16165500
2017-07-05,62.48568344116211,62.81131869855639,61.707777759731215,61.743960221786025,21176300
2017-07-06,62.02437210083008,62.21432487046891,61.61733143747539,61.75300705786048,21117600
2017-07-07,62.82941436767578,63.17313744870463,62.141961304518205,62.141961304518205,16878300
2017-07-10,63.29978942871094,63.54401249005306,62.59424157139837,62.82942419050256,15014500
2017-07-11,63.30881118774414,63.93294657301872,63.091723319382986,63.31785852841303,17460000
2017-07-12,64.35808563232422,64.47567346349801,63.81536247914615,63.941997651517724,17750900
2017-07-13,64.91887664794922,65.16310647765765,64.50278879480962,64.67465371933798,20269800
2017-07-14,65.83246612548828,66.2756891030812,65.09074308292371,65.34401335583395,25868100
2017-07-17,66.34805297851562,66.43850566013494,65.7781948733264,65.85055977906076,21803900
2017-07-18,66.30284881591797,66.38425418203965,65.72394320872206,66.11288915943567,26435300
2017-07-19,66.80939483642578,66.97221248278092,66.43852973596697,66.48375954371552,22416200
2017-07-20,67.13502502441406,67.20738995086946,66.28475439131125,67.09884256118636,42361000
2017-07-21,66.74604797363281,67.19831824836855,66.18523034856567,66.43850059824221,46717100
2017-07-24,66.57420349121094,66.70988599548933,66.1490681983181,66.51088590936087,21394800
2017-07-25,67.10791015625,67.21645067759272,66.48377455412418,66.75513965968356,22018700
2017-07-26,66.98125457763672,67.2797478216558,66.7641597987693,67.24356535851123,16252200
2017-07-27,66.17622375488281,67.31594046128701,65.41640571617977,66.71894698189914,36844200
2017-07-28,66.06767272949219,66.31189575288457,65.61540224823972,65.7329900889694,18306700
2017-07-31,65.76010131835938,66.42946635617714,65.49779060751692,66.30283121952996,23600100
2017-08-01,65.65155792236328,66.41136870825946,65.57014568039037,66.121915994428,22132300
2017-08-02,65.36214447021484,65.63350267056398,64.6204210141653,65.62446222798985,26499200
2017-08-03,65.26262664794922,65.52494433439911,64.991261620284,65.29880911171121,18214400
2017-08-04,65.74202728271484,66.06766253103832,65.34402711229752,65.4887569564852,22579000
2017-08-07,65.48876190185547,65.94103234744688,65.36212672917782,65.85057963854847,18705700
2017-08-08,65.84154510498047,66.14908575527848,64.90082156702668,65.20836221732469,22044600
2017-08-09,65.55206298828125,65.5882454429531,65.17215756587316,65.35306293813484,22213400
2017-08-10,64.59326934814453,65.29881014997312,64.53899220108887,65.03649245935235,24734500
2017-08-11,65.5792236328125,65.76012907549739,64.47568248957396,64.77418268099427,21443700
2017-08-14,66.56517791748047,66.68277268015474,65.9862721509491,66.0857722265499,20096600
2017-08-15,66.5833740234375,66.91983295356349,66.4196888630436,66.91983295356349,19181400
2017-08-16,66.97435760498047,67.38356678228283,66.53786180304127,66.69245131998967,18150400
2017-08-17,65.83767700195312,67.17443754782873,65.83767700195312,66.91072226876295,22977500
2017-08-18,65.91951751708984,66.23779219257182,65.41027803631869,65.71945716739616,18761500
2017-08-21,65.6103286743164,65.9104191544373,65.20111249109704,65.90132361137913,17734800
2017-08-22,66.52879333496094,66.60153687574619,65.79220687986992,65.79220687986992,14343700
2017-08-23,66.12867736816406,66.5197025465449,65.95589670347753,66.34692188185839,13766500
2017-08-24,66.10139465332031,66.2559842210515,65.53758883599355,66.14685850025248,17098300
2017-08-25,66.21958923339844,66.7015488819335,65.91041019013655,66.2559644628173,12794300
2017-08-28,66.22869110107422,66.46511970808093,65.97407140868772,66.43784001787758,14569700
2017-08-29,66.42877197265625,66.5288021596053,65.51941168247816,65.70128096536641,11478400
2017-08-30,67.30174255371094,67.48361179751055,66.22869736441261,66.39238245897903,16897800
2017-08-31,67.99285888671875,68.16563954429104,67.11078532331192,67.3199342834458,27652800
2017-09-01,67.23809814453125,67.9655821714173,66.96528729828147,67.93830247436591,21736200
2017-09-05,66.93798828125,67.1926079640639,66.36509399491874,66.69245720291802,21556000
2017-09-06,66.74702453613281,67.32901437367953,66.70155376156637,67.05620360201307,16535800
2017-09-07,67.60183715820312,67.83827276406929,66.92891252074968,67.00166300530357,17471200
2017-09-08,67.27445220947266,67.69275695427578,67.14713543353047,67.59272680466353,14703800
2017-09-11,67.98377227783203,68.14745739564023,67.57455601437756,67.57455601437756,17910400
2017-09-12,67.91101837158203,68.42025785115212,67.6291189365154,67.98376885091135,14394900
2017-09-13,68.39298248291016,68.41117357282718,67.79280833514082,68.13836272701602,13380800
2017-09-14,67.99285888671875,68.6475993387109,67.76551883743635,68.20201478472035,15733900
2017-09-15,68.48389434814453,68.5566448078872,67.35628997359589,68.04740546541989,38578400
2017-09-18,68.34750366210938,69.08408307143416,68.23837796011566,68.4111585871391,23307000
2017-09-19,68.60210418701172,68.84762827553718,68.21107920316409,68.39294838445224,16093300
2017-09-20,68.14744567871094,68.70215587491644,67.57454439595003,68.52027969869603,21587900
2017-09-21,67.48361206054688,68.42025185171283,67.39267743829262,68.30203753656902,19186100
2017-09-22,67.66548156738281,67.75641618066591,67.15623524483821,67.2835450910078,14111400
2017-09-25,66.61970520019531,67.51996951783082,66.3105192405046,67.3744686102434,24149200
2017-09-26,66.61970520019531,67.11984895983053,66.37417415310782,66.99253913462411,18019600
2017-09-27,67.15624237060547,67.4472373267078,66.53787722165461,66.8834385018097,19565100
2017-09-28,67.17443084716797,67.2653654665657,66.66518449038054,66.87434035907539,10883800
2017-09-29,67.7382583618164,67.78372915972199,67.1835479291429,67.23811427420353,17079100
2017-10-02,67.84738159179688,68.21112714790992,67.56548208129725,67.93831624635779,15304800
2017-10-03,67.52906036376953,68.09285899680742,67.4654054555922,67.90189427227543,12190400
2017-10-04,67.92012023925781,67.94739993707913,67.02894412917503,67.3744985313587,13317700
2017-10-05,69.08409118652344,69.22049659557207,68.16563549932101,68.40207107914752,21195300
2017-10-06,69.11138153076172,69.13866122920176,68.69307663298815,68.81129097218447,13959800
2017-10-09,69.37508392333984,69.61151949556127,68.98405879684046,69.0840889644008,11386500
2017-10-10,69.37508392333984,69.68426303189572,69.23867851867874,69.4114591604406,13944500
2017-10-11,69.49329376220703,69.5296689969637,69.06589342614957,69.43873437900535,15388900
2017-10-12,70.12985229492188,70.28444184437662,69.44783223076254,69.55695100079325,16876500
2017-10-13,70.46629333496094,70.81185452065175,70.28442413881375,70.55722793303453,15335700
2017-10-16,70.61180114746094,70.75729513103386,70.33899038869626,70.40264530735924,12380100
2017-10-17,70.55723571777344,70.58452234428472,70.24805666263778,70.44811696319186,16824000
2017-10-18,70.575439453125,70.7936839392755,70.3571949669745,70.62999884019584,13300700
2017-10-19,70.84825134277344,70.86643549278483,70.33900495018025,70.5390652896418,15092800
2017-10-20,71.66668701171875,71.81218799799395,71.13016773503395,71.22110238252151,22866400
2017-10-23,71.68484497070312,72.14861353989326,71.6211900530967,71.83033895186111,20627200
2017-10-24,71.71211242675781,72.02129142014851,71.34836712910767,71.74848765030927,17517200
2017-10-25,71.50299072265625,71.93039113086512,70.93919183341715,71.45752687493544,20410800
2017-10-26,71.62122344970703,72.2213976758736,71.61212790356042,72.02133728786177,32120700
2017-10-27,76.21348571777344,78.38685631381853,76.03161643006945,76.72273221150809,71066700
2017-10-30,76.28621673583984,76.68633739209959,75.57691698182799,76.11343610011554,31756700
2017-10-31,75.64058685302734,76.71363223945173,75.57693191221692,76.71363223945173,27086600
2017-11-01,75.64058685302734,76.16801746995266,75.3677759993437,76.09526698392126,22307400
2017-11-02,76.43172454833984,76.80455860783508,75.58601931842695,75.79516827091105,23992900
2017-11-03,76.51356506347656,76.87731052339858,75.84064047223477,76.45900567274191,17633500
2017-11-06,76.81368255615234,77.02283158597534,76.45903251613073,76.56815133590968,19860900
2017-11-07,76.63176727294922,77.20466853655076,76.3225881905144,77.08644729149444,17939700
2017-11-08,76.89547729492188,76.94094806883545,76.23164839812615,76.51354777036548,18034200
2017-11-09,76.46810913085938,76.63179427272169,75.38597502320137,76.48630022321571,21178400
2017-11-10,76.26803588867188,76.47718483141357,75.68604596593488,76.19528541386296,19397800
2017-11-13,76.32258605957031,76.33168160228989,75.89518574401228,76.07706190907224,14196900
2017-11-14,76.43172454833984,76.47718839381282,75.45870945051468,75.9315736830649,18801300
2017-11-15,75.83767700195312,76.48656443340224,75.57263729512843,76.28549934734829,19383100
2017-11-16,76.03871154785156,76.2397765715874,75.80109558589879,75.94732025689214,20962800
2017-11-17,75.30758666992188,75.96561522970923,75.16135500209815,75.96561522970923,22079000
2017-11-20,75.42639923095703,75.48123262335143,75.17050076950298,75.30759122319911,16315000
2017-11-21,76.51396179199219,76.62362855833045,75.618310354879,75.618310354879,21237500
2017-11-22,75.95646667480469,76.67846977638864,75.89249206948504,76.614495171069,20553100
2017-11-24,76.09358215332031,76.24894810699142,75.65489402051276,75.86510034872938,7425600
2017-11-27,76.65106964111328,76.75160218157473,76.13013146449966,76.13926571529758,18265200
2017-11-28,77.57413482666016,77.7386419943602,76.78815691128345,76.83385605836547,21926000
2017-11-29,76.16667938232422,77.61068583993806,76.02045467556005,77.41876199016056,27381100
2017-11-30,76.92523956298828,77.24511264192556,76.16667842385833,76.32205132452229,33054600
2017-12-01,77.00748443603516,77.51014005974442,76.05699959998627,76.40428932033316,29532100
2017-12-04,74.1011962890625,77.1628500741248,73.75389959720049,77.15370885257342,39094900
2017-12-05,74.56729888916016,75.56348292233895,74.00980984671747,74.33881714435056,26152300
2017-12-06,75.65486907958984,75.9838833275525,74.4210691360844,74.5307428763083,26162100
2017-12-07,75.3898696899414,75.67319192695055,74.9420472138281,75.43556884927884,23184500
2017-12-08,76.91610717773438,77.29995488176667,76.1575460202108,76.431719963358,24489100
2017-12-11,77.89401245117188,78.02196169170824,76.87955277784019,77.03491871667569,22857900
2017-12-12,78.21390533447266,78.64345231036232,77.75694165334961,77.96714104194726,23924100
2017-12-13,78.00365447998047,78.59770832113539,77.83914736970232,78.36008539013173,22062700
2017-12-14,77.40049743652344,78.47893182031088,77.25426573641812,78.07680161773247,19306000
2017-12-15,79.37458038330078,79.59392097126027,77.57414258255062,77.9214394005907,53936700
2017-12-18,78.94503784179688,79.96863893028078,78.80795432465739,79.62134906567414,22283800
2017-12-19,78.44237518310547,78.9176142708275,77.93057119704557,78.9176142708275,23524800
2017-12-20,78.1590347290039,78.87190365298439,77.41875608310116,78.78050537393145,23674900
2017-12-21,78.14078521728516,78.68914021023247,78.04939388057927,78.64344802823554,17990700
2017-12-22,78.14989471435547,78.25956148479362,77.61067419310079,78.04936219298102,14145800
2017-12-26,78.04937744140625,78.16818545682872,77.71122189683537,77.96712037479796,9891200
2017-12-27,78.33269500732422,78.57945924196751,77.8848726572263,78.2778616097194,14678000
2017-12-28,78.34182739257812,78.53375123525281,78.18646146841908,78.50633453954357,10594300
2017-12-29,78.17731475830078,78.64341947077172,78.14075684235115,78.25956483965533,18717400
2018-01-02,78.55203247070312,78.88104678877039,78.14076805947431,78.71653962973676,22483800
2018-01-03,78.91758728027344,79.0638189327669,78.57029756466488,78.65254763966074,26061400
2018-01-04,79.61217498779297,80.11483758558383,79.11865361160987,79.13692908211632,21912000
2018-01-05,80.59923553466797,80.80030061817499,79.90464896601935,80.1148552731523,23407100
2018-01-08,80.6814956665039,80.95567662770723,80.06002486412633,80.60837981382149,22113000
2018-01-09,80.62664031982422,81.09274503792919,80.29762604501008,81.01962920514615,19484300
2018-01-10,80.26110076904297,80.59925640365286,79.88639417588668,80.29765870030181,18652200
2018-01-11,80.49867248535156,80.54436464074352,79.73097036406206,80.54436464074352,17808900
2018-01-12,81.88787078857422,82.0523779535648,80.8368531773961,81.037918264908,24271500
2018-01-16,80.74546813964844,82.97545277797236,80.43473623310759,82.34484076766014,36599700
2018-01-17,82.38136291503906,82.50931211189513,81.11100519431935,81.41260271806934,25621200
2018-01-18,82.3448257446289,82.86576388380405,81.9427025843932,82.07065181347411,24159700
2018-01-19,82.2534408569336,82.81093695833633,81.9427089828196,82.38139009600532,36875000
2018-01-22,83.72486114501953,83.73400236826448,82.01581497915045,82.25343797454691,23601600
2018-01-23,83.98990631103516,84.35547856484388,83.66089197987839,83.98990631103516,23412800
2018-01-24,83.91677856445312,85.38820162213717,83.6974380323596,84.58394835598773,33277500
2018-01-25,84.38288879394531,85.21455880920227,84.01731656816533,84.51083802706177,26383200
2018-01-26,85.9639663696289,85.9639663696289,84.61135839331988,85.10487978123022,29172200
2018-01-29,85.83601379394531,87.2343208519183,85.65323120085813,86.95100574082048,31569900
2018-01-30,84.75759887695312,85.59841712384056,84.17268607989872,85.26940280390865,38635100
2018-01-31,86.83221435546875,87.18864536103698,85.46132372706475,85.68066427525049,48756300
2018-02-01,86.14678192138672,87.80098796238664,85.52531113135012,86.63116223354396,47227900
2018-02-02,83.8802261352539,85.88172866810588,83.62432766894977,85.58013105880019,47867800
2018-02-05,80.42560577392578,85.2145830744683,80.42560577392578,82.76525752880843,51031500
2018-02-06,83.46894073486328,83.60603115666012,77.91226382333821,79.4111032968444,67998600
2018-02-07,81.89700317382812,83.87108196795626,81.52228973795773,82.70125646436773,41107600
2018-02-08,77.69295501708984,82.14377612125543,77.46447321181772,81.9884101671211,55628700
2018-02-09,80.590087890625,81.27553318103992,76.61450660076049,78.8719075394939,63499100
2018-02-12,81.45831298828125,82.05236694732447,80.36160335059363,81.10188200739728,35720300
2018-02-13,82.09806060791016,82.25342651788257,80.24278999208475,81.27552494818946,26407700
2018-02-14,83.3835678100586,83.54884771376932,81.17984510120039,81.27166571315887,34960900
2018-02-15,85.08231353759766,85.137404524971,83.20914290677392,83.75088963052212,27823900
2018-02-16,84.47626495361328,85.85359536046568,84.29262370155219,84.88946127348312,30596900
2018-02-20,85.13739013671875,85.44958168636238,83.5672342127381,83.99879888880501,30911700
2018-02-21,84.00796508789062,85.72503940330421,84.00796508789062,85.37611824531966,26922500
2018-02-22,84.22834014892578,85.14656032843654,83.88859616053976,84.52217032615066,24392800
2018-02-23,86.36778259277344,86.37696675554017,84.80681118468154,85.9454021765305,26329200
2018-02-26,87.61658477783203,87.64413026766574,86.54226864152479,86.68000309615876,30199800
2018-02-27,86.49634552001953,88.00222618302628,86.49634552001953,87.91040555829944,25869100
2018-02-28,86.10150909423828,87.88285860721105,85.97295882066958,87.08400447392167,31167300
2018-03-01,85.2567367553711,86.8360764829132,84.32933247248396,86.30350713191159,37135600
2018-03-02,85.44039916992188,85.53221979609141,83.42949453112489,84.09061424828909,32830400
2018-03-05,85.98213195800781,86.56060811488138,84.71499070727657,84.78844299313572,23901600
2018-03-06,85.68830871582031,86.76262466765685,85.33938756206416,86.62489023667327,22175800
2018-03-07,86.18414306640625,86.25760235905867,84.87108798346519,85.54139176935695,26716100
2018-03-08,86.70752716064453,87.32273296646538,86.10149851219036,86.56060857721432,25887800
2018-03-09,88.64497375488281,88.64497375488281,87.2309138890779,87.49719857213178,36937300
2018-03-12,88.85618591308594,89.26020513487028,88.18588893745184,88.60826948501467,26073700
2018-03-13,86.68917846679688,89.28773648916224,86.2851593089817,89.06736558738335,35387800
2018-03-14,86.17497253417969,87.60740094562114,85.85359683482145,87.34111622173435,32132000
2018-03-15,86.47799682617188,86.84528638418135,85.23840069767235,85.88115217008969,27611000
2018-03-16,86.86360931396484,87.57981978249617,86.23921944298272,86.93706859418923,49081300
2018-03-19,85.29348754882812,86.2208920616595,84.57727679840075,86.0739734433845,33344100
2018-03-20,85.51385498046875,86.1015154186524,85.3944888620913,85.44040267979456,23075200
2018-03-21,84.91699981689453,86.35860512570227,84.66907646132722,85.33019606888861,24457100
2018-03-22,82.44698333740234,84.24669388658552,82.32761724677782,83.80594515769049,38604700
2018-03-23,80.05045318603516,83.06221491823567,79.95863254892477,82.18072419213787,44068900
2018-03-26,86.11067199707031,86.31268152150533,83.00709086432747,83.19991622707103,56396800
2018-03-27,82.15315246582031,87.35945868800576,81.2716620212278,87.17581747243106,56569000
2018-03-28,82.07969665527344,83.76922533309502,81.6022252712699,82.4745315904059,52501100
2018-03-29,83.80594635009766,84.74253478527676,81.17065911812064,82.80508979290609,45867500
2018-04-02,81.28084564208984,83.44784578442716,80.3534483225835,83.07137916092131,48515400
2018-04-03,82.37353515625,82.68573367412152,80.702374634837,82.25416904952918,37213800
2018-04-04,84.7792739868164,85.17410895880761,80.55546240615551,80.66564434826935,35560000
2018-04-05,84.82518005371094,85.45875423719166,83.92532817547013,84.88027802975114,29771900
2018-04-06,82.85099029541016,84.89861688864299,82.16232532356315,84.00794240418021,38026000
2018-04-09,83.34684753417969,85.55057749624869,83.20912010349022,83.59477092034959,31533900
2018-04-10,85.28430938720703,85.65159895328372,84.14571803728853,84.83438334663263,26812000
2018-04-11,84.34773254394531,85.660788090182,83.99881128892933,84.48546701490059,24872100
2018-04-12,85.92703247070312,86.45960177178178,84.87107803041626,84.87107803041626,26758900
2018-04-13,85.46793365478516,86.47797442355511,84.88027331639304,86.35860832544739,23346100
2018-04-16,86.46878814697266,86.91872105557526,85.78012304798983,86.37696753486767,20288100
2018-04-17,88.2134017944336,88.64496634796188,87.12071767000779,87.23090660031177,26771000
2018-04-18,88.55317687988281,88.81027746886602,87.70840879476789,88.35116727269154,21043300
2018-04-19,88.25012969970703,89.13162010838764,87.54309633707601,88.55314399797747,23552500
2018-04-20,87.2309341430664,88.25015930243842,86.3586276038219,88.06651803274443,31154400
2018-04-23,87.55229949951172,88.4154287768825,86.89117979816088,87.91040483683267,22331800
2018-04-24,85.50468444824219,88.58072132520986,84.85274881802547,88.36952755505756,34524800
2018-04-25,84.76090240478516,85.6699454251039,82.89691656398176,85.6699454251039,33729300
2018-04-26,86.55145263671875,87.36866819235321,85.48631366213677,85.89951702522751,42529000
2018-04-27,87.9838638305664,89.89376362657663,86.23006680077594,89.61829475015541,48272800
2018-04-30,85.87194061279297,88.51641898254026,85.53220365951428,88.45214385580131,41523600
2018-05-01,87.2309341430664,87.49721888794845,85.2016679894467,85.58731885908331,31408900
2018-05-02,85.8627700805664,87.38701192032167,85.56893990630853,87.22173200946011,27471000
2018-05-03,86.3769760131836,87.1666459646309,84.88945673140658,85.35775100621007,31142500
2018-05-04,87.3778305053711,87.57065589107083,85.32101238031333,85.68830183160676,22531300
2018-05-07,88.35115814208984,88.8010841263131,87.32274888697177,87.38702402757508,24242000
2018-05-08,87.97469329833984,88.29607603911805,87.28602800604189,88.01142295458494,23484600
2018-05-09,89.01226806640625,89.03981355141954,87.27683245592732,88.15832300367343,27327400
2018-05-10,89.9029541015625,89.9396767492296,89.11328407288417,89.48975075792475,22388100
2018-05-11,89.71009826660156,89.86620100305342,89.10407666169013,89.80192587820731,16778300
2018-05-14,90.01311492919922,90.61914355544552,89.35199533891722,89.91211015815817,19454100
2018-05-15,89.3612060546875,89.84786172951279,88.46134701042277,89.28774674383621,24594000
2018-05-16,89.59174346923828,89.82229350027809,89.10297852916644,89.7854046510123,17384700
2018-05-17,88.69720458984375,89.95139727019222,88.37443596677502,89.23208232854525,17246700
2018-05-18,88.86318969726562,89.38884339888159,88.54042111483959,88.54042111483959,17865800
2018-05-21,90.00674438476562,90.38484987031111,89.26898839485415,89.45342563337461,19422500
2018-05-22,89.91451263427734,90.53238503249864,89.6378497810712,90.08050893903531,15441200
2018-05-23,90.98426055908203,91.04881428132549,88.82630877754845,89.18596623516605,21251200
2018-05-24,90.66148376464844,91.24247429331479,89.27818370337116,91.04881312903532,26649300
2018-05-25,90.70759582519531,91.27936237865704,90.2464958086117,90.6522660746702,18363900
2018-05-29,90.38481903076172,91.18712848398813,89.66550419580263,90.22803969210025,28671000
2018-05-30,91.25169372558594,91.52835655974513,90.29261184837782,90.66148624615256,22158500
2018-05-31,91.15025329589844,92.21078480397527,90.93815121578005,91.5652475568824,34140900
2018-06-01,92.94855499267578,93.01310872245789,91.45458820022417,91.55603078071445,28655600
2018-06-04,93.76008605957031,93.93530633672795,93.00388223012023,93.3819876627596,27281600
2018-06-05,94.2396240234375,94.36873146573886,93.6309686218786,94.06440376495941,23514400
2018-06-06,94.51630401611328,94.6177466090165,93.97220923220485,94.50708707918005,21122900
2018-06-07,93.03153991699219,94.70072681707995,92.57043988502406,94.66383797022313,28232200
2018-06-08,93.72321319580078,94.01831700797365,92.71801825415348,93.22522419354097,22165100
2018-06-11,93.18834686279297,93.68632885321358,92.8379062318219,93.15145800501547,23490900
2018-06-12,93.42809295654297,93.55720041192879,92.9116631349997,93.23443177346424,18325200
2018-06-13,93.0038833618164,94.07363890889046,92.7364444750479,93.80620002212194,29492900
2018-06-14,93.52952575683594,94.09206834042506,93.14220343116642,93.74163486041375,25691800
2018-06-15,92.33988952636719,93.63097101825238,92.28455977420134,93.61253011280647,65738600
2018-06-18,93.01311492919922,93.24366498463827,91.68514435840487,92.22924614787229,23586000
2018-06-19,93.01311492919922,93.14222239737875,91.75892206474441,91.89725350517371,28653100
2018-06-20,93.94451904296875,94.54394343032246,93.25286902448879,93.48341903064878,26180800
2018-06-21,93.27134704589844,94.48865128140777,93.03157297404385,94.13821766548999,23198200
2018-06-22,92.59810638427734,92.93009191492654,91.87878446635892,92.59810638427734,38923100
2018-06-25,90.73528289794922,92.32146846877397,89.73008799308332,92.22002587744241,35433300
2018-06-26,91.37158966064453,92.29378978147665,91.06726193217108,91.13181565919619,26897200
2018-06-27,89.95140075683594,92.23845311965374,89.82229330260405,91.83268985028008,31298400
2018-06-28,90.95658874511719,91.3992478665679,89.69317917473393,89.80383867822557,26650700
2018-06-29,90.93815612792969,92.13701912109275,90.67994121514471,91.23325989051662,28053200
2018-07-02,92.22925567626953,92.27536147062303,90.37563106900546,90.46784969354253,19564500
2018-07-03,91.34391021728516,92.80098082862942,91.24246765730311,92.6626564612243,14670300
2018-07-05,91.99871063232422,92.14625903249318,91.32550126828022,91.7589365667404,18977400
2018-07-06,93.2897720336914,93.53876298238353,91.91568872255876,92.11857388451546,19234600
2018-07-09,93.92608642578125,94.29496790298317,93.37276772789286,93.74164920509479,18212000
2018-07-10,94.17508697509766,94.53474449030082,93.93531295301916,94.06442041817778,19293100
2018-07-11,94.04597473144531,94.37796031367839,93.23443409359234,93.28054691558992,19644600
2018-07-12,96.08403778076172,96.28692294350793,94.73762637942559,94.7745081946259,24335900
2018-07-13,97.22754669189453,97.38431900395774,95.99179502804724,96.25001693923258,24635200
2018-07-16,96.74800109863281,97.58719940288991,96.38833664157711,97.1998771086174,21786900
2018-07-17,97.7071304321289,98.21434347095911,96.2039462996978,96.47138526236911,25901700
2018-07-18,96.94168853759766,97.79933501370711,96.57280704670008,97.69789242781454,29493900
2018-07-19,96.27767181396484,97.11687007171594,95.80734789079663,96.76643663953142,40171600
2018-07-20,98.00220489501953,99.78205143054332,97.8269916543689,99.67139191767527,56004000
2018-07-23,99.56995391845703,99.72672625944745,97.87310193956468,98.02988131638405,29707000
2018-07-24,99.28407287597656,100.35382140588897,98.91519140379583,100.12327136525461,26316600
2018-07-25,102.20745086669922,102.5025546521883,99.22874109543798,99.56073373359185,30702100
2018-07-26,101.09159088134766,102.36422465497036,100.98092432179509,102.12445062718776,31372100
2018-07-27,99.30250549316406,101.60800570703225,97.88231651712185,101.60800570703225,37005300
2018-07-30,97.1722412109375,99.1641900581861,96.60969850520692,98.85064535575498,34668300
2018-07-31,97.82697296142578,98.4171803700397,97.18142877112304,98.20507128452503,27655200
2018-08-01,98.01143646240234,98.1682088083346,97.21834372484842,97.78088641162107,23628700
2018-08-02,99.20108795166016,99.6806290213798,96.68347798709931,97.19991494967823,26104300
2018-08-03,99.63448333740234,99.64370730692426,98.50939827385449,99.413157319667,18659600
2018-08-06,99.71749877929688,99.98493766466297,99.19184498001282,99.70828184367745,20265900
2018-08-07,100.40913391113281,100.61201903776244,99.75437275253663,100.1140301912609,16080200
2018-08-08,100.9716796875,101.21145366621715,100.29847760317784,100.82413134078567,15487500
2018-08-09,101.13768005371094,101.58956315409948,101.07312633020231,101.17456890083417,13677200
2018-08-10,100.51982116699219,101.15614155245039,99.9480545136943,100.9071435599541,18183700
2018-08-13,99.79126739501953,101.05468400691096,99.68982482581076,100.74113232867617,18472500
2018-08-14,101.03627014160156,101.21149046311736,99.63452867696661,100.11406977291712,16788300
2018-08-15,99.66614532470703,100.89738618365872,98.88851245614863,100.43451166232066,29982800
2018-08-16,99.64762878417969,100.77704377346073,99.33287749229736,100.25862655722872,21384300
2018-08-17,99.59204864501953,99.88828795186927,98.768132852128,99.38838279726617,18061500
2018-08-20,98.9347915649414,99.88831184119255,98.57375004408718,99.5272703203383,17914200
2018-08-21,98.11090850830078,99.37918045906223,97.99055658568108,98.98110799951004,22881900
2018-08-22,99.11068725585938,99.36989584991643,97.92572964708171,97.99053179559597,18000600
2018-08-23,99.57355499267578,100.14752188542106,98.93479301872648,99.19400159515854,18167700
2018-08-24,100.3511734008789,100.4992895392222,99.57354072014196,99.67537365527302,17234000
2018-08-27,101.46208190917969,101.49911271414486,100.45301895976844,101.15658306539498,19662300
2018-08-28,102.07308197021484,102.29525974226819,101.63797883038671,101.77684258650906,19151500
2018-08-29,103.70240020751953,103.71165967516268,102.08233945228301,102.2489745553378,20818000
2018-08-30,103.63760375976562,104.24860152553876,103.1654768275643,103.37839515473632,22798700
2018-08-31,103.98941040039062,104.4059947195119,103.23954873790402,103.3969314713308,23222700
2018-09-04,103.4154052734375,103.64684249060916,102.03604143670732,102.61926068133471,22634600
2018-09-05,100.43450927734375,103.14695419048971,100.07346772430594,102.76740076471602,32872400
2018-09-06,100.66595458984375,100.89739186354123,99.52728715847898,100.21233951101011,23477600
2018-09-07,100.17530059814453,100.6474345759177,99.2680705138481,100.19381953376949,22498600
2018-09-10,101.25843811035156,101.49913486369903,100.31417709784292,100.75853272858626,20727900
2018-09-11,102.98030090332031,103.30431159077855,100.80479250135411,100.81405196753957,24301800
2018-09-12,103.4154052734375,103.54500955002136,102.30450945617486,103.15619672026978,18891100
2018-09-13,104.52632141113281,105.28543529722147,103.7949788645626,103.7949788645626,26055600
2018-09-14,104.95215606689453,105.28542623824886,104.09120930137978,104.94289660021701,19122300
2018-09-17,103.81350708007812,105.25767346562678,103.55429845322635,105.24842105960019,20736500
2018-09-18,104.80403900146484,105.25765401463005,103.4246750275275,103.85977816915505,22170900
2018-09-19,103.40615844726562,104.90587434050498,102.7951677919561,104.65592522308387,21728400
2018-09-20,105.1373291015625,105.3502545105382,103.61910108343133,103.94311186847663,23714500
2018-09-21,105.77608489990234,106.72960525950992,105.08177313557785,105.53538817732326,71229700
2018-09-24,106.1556396484375,106.36856503316281,103.88755734853035,104.6374118032196,27334500
2018-09-25,105.95196533203125,106.55370356682415,105.3039438871183,106.27598311739176,22668000
2018-09-26,105.51688385009766,106.51668749441315,105.2946989843342,105.97049892428093,19352000
2018-09-27,105.9149398803711,106.37781435152824,105.72052638712965,106.25746246876888,19091300
2018-09-28,105.87791442871094,106.06306140137394,105.23914536608629,105.71127932815253,21647800
2018-10-01,107.02584838867188,107.09065053974841,106.21119176615191,106.22970363950031,18883100
2018-10-02,106.5999984741211,107.23876047961764,105.94271753344823,106.7388622363262,20787200
2018-10-03,106.6185073852539,107.55351582436879,106.39632960963893,106.84994462819988,16648000
2018-10-04,104.41525268554688,106.23897973210137,103.34138022777447,106.10011594009205,34821700
2018-10-05,103.80425262451172,104.76703261567803,102.42488832905777,104.26712721278942,29068900
2018-10-08,102.61925506591797,103.71163895370813,101.22137237308156,103.36911641129537,29640600
2018-10-09,103.9245834350586,104.68369732317404,102.5729907592874,102.88774202520891,26198600
2018-10-10,98.27751922607422,103.22101559627568,97.93498954647234,102.98031887377424,61376300
2018-10-11,98.04608154296875,100.84184045985295,96.46304451238059,97.52765729193052,63904300
2018-10-12,101.43431091308594,102.98030994534736,99.16622883882954,100.91589376763393,47742100
2018-10-15,99.610595703125,101.35100842577738,99.00885741205698,100.82333175331259,32068100
2018-10-16,102.75814056396484,103.1377010499358,100.86035225991903,101.40654785094232,31610200
2018-10-17,102.48968505859375,103.50800768626881,101.41581974339805,103.38766284233901,26548200
2018-10-18,100.44375610351562,102.32302524893618,99.82350603281199,101.92495293762269,32506200
2018-10-19,100.5918960571289,102.62854116006616,100.17530474318393,100.84184519517206,32785500
2018-10-22,101.48986053466797,102.3322955165829,100.20306998707179,101.20288060421115,26545600
2018-10-23,100.07347106933594,100.87887528690548,97.30548338255582,99.76797218719871,43770400
2018-10-24,94.72264099121094,100.43451084281922,94.04684108789353,100.36045628781694,63897800
2018-10-25,100.25861358642578,101.15658413039557,98.26825194174234,98.63855293238873,61646800
2018-10-26,99.01813507080078,100.6752270112239,96.98148962539129,97.8424366768311,55523100
2018-10-29,96.13904571533203,100.62892758219611,94.08388151715002,100.08273898581899,55162000
2018-10-30,96.02794647216797,96.62967766930348,92.67673256367402,95.9631443249578,65350900
2018-10-31,98.8792495727539,100.11049745208217,97.56468767265675,97.61097794835354,51062400
2018-11-01,98.05533599853516,99.35138605887934,97.69429444026204,99.10143692734589,33384200
2018-11-02,98.27751922607422,99.35138441517266,97.18513510137323,98.57375862957426,37680200
2018-11-05,99.52725982666016,99.74017810476414,98.03680362831969,98.47190671344933,27922100
2018-11-06,99.72169494628906,100.75852942597564,98.38861397194327,99.40693657716623,24340200
2018-11-07,103.6468505859375,103.90605915935069,101.27693555712673,101.3139663623149,37901700
2018-11-08,103.45246124267578,103.8783049783185,102.6748353939991,103.49875152253253,25644100
2018-11-09,101.43431091308594,103.17471637489186,100.68445653299945,102.61926842434988,32039200
2018-11-12,98.9347915649414,101.79535239369481,98.22196092732383,101.2954471195342,33621800
2018-11-13,98.99960327148438,100.66594728341845,98.72187573804308,99.56431074335167,35374600
2018-11-14,97.59569549560547,100.65456873365532,97.1308212726815,100.50580557747917,39495100
2018-11-15,99.74342346191406,100.22689668096936,96.61017538340006,97.61429842794087,38505200
2018-11-16,100.68244934082031,101.23099746067193,99.29712629004365,99.55745469223878,33502100
2018-11-19,97.27025604248047,100.93345900662823,96.27542578489545,100.6638311862751,44773900
2018-11-20,94.56470489501953,95.7361898154035,92.3704981967714,94.6483859360412,64052500
2018-11-21,95.8663330078125,97.0936002909583,95.05744955782859,96.32190761845342,28130600
2018-11-23,95.82915496826172,96.51716670953772,94.83432459206205,94.99238009729554,13823100
2018-11-26,98.99029541015625,99.13905143872118,97.233071818898,97.42831809643602,32336200
2018-11-27,99.61323547363281,99.78988992616395,97.95828458176254,98.80435187318773,29124500
2018-11-28,103.31363677978516,103.50888307749067,100.28265524379705,100.31054655869544,46788500
2018-11-29,102.44896697998047,103.3136331787764,101.37045555205583,102.57913117391392,28123200
2018-11-30,103.09980010986328,103.17418168471728,101.67728618451315,102.92314564293937,33665600
2018-12-03,104.21546936035156,105.45203613349756,102.95101837036336,105.06154360305639,34732800
2018-12-04,100.89627075195312,104.72683585955434,100.60805108210559,104.07601496202257,45197000
2018-12-06,101.51921844482422,101.5657016034528,97.62357082487175,98.38596414186266,49107400
2018-12-07,97.45621490478516,101.76094690870966,96.97274891791253,100.7661165279575,45044900
2018-12-10,100.03162384033203,100.39423223099945,96.59155770467967,97.43763212720842,40801500
2018-12-11,100.96136474609375,103.15557130708585,99.89215987313781,102.08636643412991,42381900
2018-12-12,101.41695404052734,103.4530981500845,101.3797632544665,103.09979632263216,36183000
2018-12-13,101.76097106933594,103.08121933788073,100.99857757871453,101.88184291481448,31333400
2018-12-14,98.58120727539062,101.58429728855633,98.08844183052511,100.64524955596535,47043100
2018-12-17,95.66180419921875,98.36737521870621,94.56470089648415,98.00477394091753,56957300
2018-12-18,96.6659164428711,97.16798129587262,95.31777736719606,96.4613707146021,49319200
2018-12-19,96.40559387207031,99.37148582944195,94.22997937870001,96.36840309257333,68198200
2018-12-20,94.3787841796875,96.98207605349407,91.84056733197158,95.81059790231967,70334200
2018-12-21,91.32918548583984,95.76408208864746,90.61327526878587,94.4903242684013,111242100
2018-12-24,87.5172119140625,91.08744935974066,87.37775533265946,90.81782147999952,43935200
2018-12-26,93.49549102783203,93.61636285211273,87.35915338759548,88.45625671519967,51634800
2018-12-27,94.07195281982422,94.0812522909127,89.6277561575533,92.32402820634815,49498500
2018-12-28,93.33743286132812,95.21552843167096,92.52854927290323,94.91800216091694,38196300
2018-12-31,94.43450164794922,95.20619417052515,93.38388898859411,94.17417334958967,33173800
2019-01-02,94.01616668701172,94.60190566229775,91.9893147635324,92.55646189075033,35329300
2019-01-03,90.55747985839844,93.15147829530453,90.37152595462861,93.06779726525407,42579100
2019-01-04,94.76923370361328,95.30848935858411,91.97998912145268,92.71449104596486,44060600
2019-01-07,94.89012908935547,96.01512391661572,93.88600610618126,94.49963642404227,35656100
2019-01-08,95.57810974121094,96.66591334110157,94.56468060005534,95.80124730424653,31514400
2019-01-09,96.94485473632812,97.51200178210811,95.98721509642918,96.5636616116168,32280800
2019-01-10,96.32191467285156,96.46137832525802,95.18762070362244,95.96861290104906,30067600
2019-01-11,95.57810974121094,96.17314797158267,94.49959851527765,95.94071094117449,28314200
2019-01-14,94.88081359863281,95.6432068947515,94.14631161561098,94.7413499397321,28437100
2019-01-15,97.63287353515625,97.6700643193437,94.72275673988557,95.30850272406684,31587600
2019-01-16,97.97687530517578,98.79505836570408,97.58638271360549,97.86531004667955,29853900
2019-01-17,98.66487884521484,99.13904530701616,97.40042076024672,97.6235583360012,28393000
2019-01-18,100.1431655883789,100.31981999478197,98.46962328801474,99.91072856665485,37427600
2019-01-22,98.25580596923828,99.57604692459084,97.49341260552879,99.2506364205838,32371300
2019-01-23,99.21346282958984,99.52028154086284,97.93970481496504,98.66491461254255,25874300
2019-01-24,98.73926544189453,99.48306691036669,97.93968134598275,99.35290271739653,23164800
2019-01-25,99.64112854003906,100.30124901449989,98.73927150945751,99.70621064052345,31225600
2019-01-28,97.69795989990234,98.9996090296295,97.30746728900934,98.79506325437589,29476700
2019-01-29,95.70828247070312,97.59567019147491,94.99237238070398,97.51198916446779,31490500
2019-01-30,98.9066162109375,98.9066162109375,97.00063655584451,97.27026439936245,49471900
2019-01-31,97.09362030029297,97.82812234668714,95.93143486487503,96.50788139447243,55636400
2019-02-01,95.55952453613281,96.78679194928101,95.15973250265337,96.48927279134861,35535700
2019-02-04,98.31159210205078,98.36738182859409,95.55023826763384,95.64321878073363,31315100
2019-02-05,99.68763732910156,99.73412049899453,98.51615220915751,98.6091256423617,27325400
2019-02-06,98.58120727539062,99.48306422621978,98.1163331434924,99.48306422621978,20609800
2019-02-07,97.87458038330078,98.17209949465689,96.96343120814186,97.80020592552312,29760700
2019-02-08,98.24651336669922,98.34878625988098,96.93557178937814,97.05643652976683,21461100
2019-02-11,97.85599517822266,99.09256195035296,97.59566682480904,98.73925310493537,18914100
2019-02-12,99.38079833984375,99.61323542214171,98.06985688425999,98.68348709294986,25056600
2019-02-13,99.306396484375,100.20825331440281,99.21342308913216,99.94792497035672,18394900
2019-02-14,99.39009857177734,99.75269985547057,98.23721262089163,98.84154336476908,21784700
2019-02-15,100.61736297607422,100.69174454309679,99.81777886412326,100.32914327063258,26606900
2019-02-19,100.57086944580078,101.02645120890445,100.2082681851535,100.21756765408242,18038500
2019-02-20,100.0479965209961,100.78563541714837,99.24499757701822,100.71093618428742,21607700
2019-02-21,102.158203125,102.22356317255677,99.78655591925192,99.81456635053183,29063200
2019-02-22,103.61479187011719,103.82954323695353,102.54101366480498,102.75577215535148,27763200
2019-02-25,104.19371795654297,104.74461596692025,103.88559604684274,104.35245562823859,23750600
2019-02-26,104.91268157958984,105.73435184603026,103.80155353993152,103.88559196561143,21536700
2019-02-27,104.7352523803711,104.91266125955818,103.53075408613762,104.28707127592295,21487100
2019-02-28,104.60454559326172,105.39820537286741,104.32443414830676,104.61388477854021,29083900
2019-03-01,105.07140350341797,105.52892384304685,104.26840455092834,105.40754293114438,23501200
2019-03-04,104.81927490234375,105.74365452340649,103.45604630373036,105.52889606411458,26608000
2019-03-05,104.29640197753906,104.94067032096378,103.85756006289961,104.8099502402269,19538300
2019-03-06,104.34308624267578,105.19277385427873,104.04429648200757,104.45513507431754,17687000
2019-03-07,103.07322692871094,104.15634425241615,102.58769624396326,104.01628499521844,25339000
2019-03-08,103.18527221679688,103.37201313750973,101.58861383646067,101.92475319271139,22818400
2019-03-11,105.35150146484375,105.4635431697006,103.62412298577433,103.63345504537266,26491600
2019-03-12,106.08914947509766,106.43462092680946,105.18344095541275,105.34217146694036,26132700
2019-03-13,106.91082000732422,107.37767948333872,106.23854122206967,106.56534143053777,35513800
2019-03-14,106.99485778808594,107.56442695329264,106.75209597489443,106.94817611187712,30763400
2019-03-15,108.22734832763672,109.47852808638652,106.99483268653891,107.69512177877593,54681100
2019-03-18,109.77734375,109.81469336525524,108.35809398885458,108.47013571090957,31207600
2019-03-19,109.8520278930664,110.58966666469846,109.23577001155999,110.26285935702762,37588700
2019-03-20,109.73066711425781,110.87914475861164,108.97435691170254,109.60928619400558,28113300
2019-03-21,112.25169372558594,112.81192367292404,109.32914884205992,109.37583763921738,29854400
2019-03-22,109.29181671142578,111.6634568091499,109.28247752636707,111.57942551475436,33624500
2019-03-25,109.86137390136719,110.18817410562987,108.61018681741983,108.83427736838422,27067100
2019-03-26,110.09481048583984,110.84178141009679,109.10506350372624,110.7577501196485,26097700
2019-03-27,109.0303726196289,110.37493035940187,107.86322378266242,110.06680135675205,22733400
2019-03-28,109.17976379394531,109.78668257335133,108.43278573872087,109.65596248224365,18334800
2019-03-29,110.12283325195312,110.47764394644278,109.20778539687471,110.24421417076793,25399800
2019-04-01,111.1312484741211,111.2152869007228,110.27222857836853,111.06588841952495,22789100
2019-04-02,111.28996276855469,111.5607421160738,110.66436566456426,111.16857474714706,18142300
2019-04-03,112.01829528808594,112.4478052718519,111.25264581724882,111.91558560460797,22860700
2019-04-04,111.44869995117188,112.2610380423641,110.53365220050554,112.13965001368894,20112800
2019-04-05,111.94356536865234,112.261033518883,111.4580346446476,111.47670588938573,15826200
2019-04-08,111.98091888427734,112.0649501740928,110.77642053094851,111.86887004081284,15116200
2019-04-09,111.37400817871094,111.616777128605,110.72040768712434,110.76708936583132,17612000
2019-04-10,112.2236557006836,112.37304699217324,111.61673710543093,111.82215636447415,16477200
2019-04-11,112.35442352294922,112.83995433136408,111.97159526401448,112.55050368348473,14209100
2019-04-12,112.93330383300781,112.96132138534503,112.39175225756215,112.64385323891528,19745100
2019-04-15,113.02667236328125,113.52154222590251,112.57848417005823,112.92396271741158,15792600
2019-04-16,112.76524353027344,113.58692083156099,112.13965349312829,113.57758164667068,14071800
2019-04-17,113.69895935058594,113.77365858018123,112.55048897132835,113.20408942101066,19300900
2019-04-18,115.19291687011719,115.33296902269954,113.2601188036629,114.09112815296818,27991000
2019-04-22,115.55707550048828,115.7811660853692,114.44594751411367,114.49263631766485,15648700
2019-04-23,117.1257095336914,117.2564296192121,115.62242142649302,115.87452241322282,24025500
2019-04-24,116.7242202758789,117.50854085742748,116.26669281293124,117.45251999409145,31257000
2019-04-25,120.58979797363281,122.66265520443052,120.2910153151198,121.43948564653344,38033900
2019-04-26,121.28074645996094,121.86899392181294,120.46841558210407,121.10333759067734,23654900
2019-04-29,121.16870880126953,121.55152273221088,120.77654856273588,121.29008257318844,16324200
2019-04-30,121.94368743896484,122.03705077545986,120.81388136224906,121.20604156933366,24166500
2019-05-01,119.40399932861328,121.99039817450567,119.23592960089998,121.87835643850454,26821700
2019-05-02,117.84467315673828,119.51603100770696,117.20040477249998,119.49735976229465,27350200
2019-05-03,120.35637664794922,120.85124659150588,118.81574595535531,118.91845561802302,24911100
2019-05-06,119.65608215332031,120.03891035630994,117.75130169398682,118.01274186982826,24239800
2019-05-07,117.2004165649414,118.75039366740887,115.98658602711284,118.07811478555365,36017700
2019-05-08,117.19108581542969,117.9940848084473,116.48145730733499,117.12572576361251,28419000
2019-05-09,117.18175506591797,117.45253447828622,115.3796767946968,116.05195573247845,27235800
2019-05-10,118.70368957519531,119.45066759743007,115.613082077527,116.63083945472908,30915100
2019-05-13,115.17422485351562,117.22841070708623,114.88477427419512,115.883853211928,33944900
2019-05-14,116.4627685546875,117.53653965547308,115.50103204577395,115.65976968236609,25266300
2019-05-15,118.10284423828125,118.74949757134115,115.92859753228628,116.45342063378926,24722700
2019-05-16,120.82999420166016,121.25173449061681,118.51517741526305,118.78695908696268,30112200
2019-05-17,120.0240478515625,122.26389625246225,119.88346297609567,120.24896077205302,25770500
2019-05-20,118.29026794433594,119.57419353399882,117.85916816276269,118.57141624532015,23706900
2019-05-21,118.92754364013672,119.51796148842769,118.62764783861242,119.42424539109133,15293300
2019-05-22,119.64918518066406,120.18338203871942,118.5714320084125,118.66515527128044,15396500
2019-05-23,118.25276947021484,118.35585931635548,116.90323486624975,118.27150982856791,23603800
2019-05-24,118.30899810791016,119.4148651566646,118.05596394382408,118.93691094115987,14123400
2019-05-28,118.23401641845703,119.95841520499098,118.13092658338394,119.00249972986086,23128400
2019-05-29,117.0906753540039,117.512401346859,116.24721621821418,117.50302759255034,22763100
2019-05-30,117.83103942871094,117.8591535403133,116.94071871085346,117.39056594672913,16829600
2019-05-31,115.90987396240234,116.79082127998728,115.57249018758607,116.42532338228334,26646800
2019-06-03,112.31109619140625,116.55650674765947,111.53324604563242,116.0691715369704,37983600
2019-06-04,115.4225082397461,115.53496469468662,113.07019633948286,113.66061417816002,29382600
2019-06-05,117.92475128173828,117.96223914588802,116.40652495902935,117.10003257060204,24926100
2019-06-06,119.78974151611328,119.9303192352101,117.70921129370355,118.49644223059795,21459000
2019-06-07,123.14482879638672,123.94143352207473,120.20209892408829,121.07367938985425,33885600
2019-06-10,124.26941680908203,125.65643187300017,123.70710606146737,124.08197035977292,26477100
2019-06-11,123.80083465576172,125.80638876901203,123.03234422070021,125.4690051658411,23913700
2019-06-12,123.22917938232422,123.6790195005128,122.49818382770798,123.14482274128426,17092500
2019-06-13,124.00703430175781,124.64430659924139,123.29477196908879,123.68838385285675,17200800
2019-06-14,124.12887573242188,125.38468730464051,123.36976596563541,123.95081012289688,17821700
2019-06-17,124.50374603271484,125.32845058391726,124.20384306852456,124.29756631987414,14517800
2019-06-18,126.66856384277344,126.74353955134046,125.17845917290848,125.7595030391102,25934500
2019-06-19,127.16532135009766,127.39023427460262,125.40342717395274,126.51866809182488,23744400
2019-06-20,128.34616088867188,129.01156167699372,127.19343921611303,128.8147485620881,33042600
2019-06-21,128.36488342285156,129.0771313997995,127.88692923702365,127.99938568071065,36727900
2019-06-24,129.1240234375,129.70506760031128,128.39302778100793,128.39302778100793,20628800
2019-06-25,125.04730987548828,128.94596306872478,124.39128993916533,128.62732685681965,33327400
2019-06-26,125.51592254638672,127.21222241212747,125.20666717932262,125.90954888661636,23657700
2019-06-27,125.7220687866211,126.24689900020067,125.12227712840556,125.71270218108188,16557500
2019-06-28,125.54398345947266,126.14377495515178,124.79424051483443,126.1156608459916,30043000
2019-07-01,127.15596008300781,128.11188306026997,126.49057351170308,128.04628821387894,22613500
2019-07-02,127.99940490722656,128.00877151222136,126.83730238065739,127.56829797474049,15237800
2019-07-03,128.82412719726562,129.08653514574118,127.72761947665488,128.2055880472187,13629300
2019-07-05,128.4492645263672,128.70230590119837,127.1934528589513,127.39963260138227,18141100
2019-07-08,128.35552978515625,128.48673374943075,126.8654102549876,127.8306996278986,16779700
2019-07-09,127.8869400024414,128.36489422850312,127.26840090977846,127.45583309842074,19953100
2019-07-10,129.1896514892578,129.87378561659764,128.41179408960792,128.51488396908354,24204400
2019-07-11,129.70506286621094,130.4735535181549,129.20836107416366,129.51763065603177,22327900
2019-07-12,130.1736297607422,130.38919035318898,129.33954440346187,130.1267824407969,18936800
2019-07-15,130.1736297607422,130.77342131766108,129.7612846842394,130.67971237761174,16651500
2019-07-16,128.46798706054688,130.31422347687305,127.94317120009755,130.22988113504934,22726100
2019-07-17,127.70890808105469,129.26460852699716,127.66204644650199,129.0490621682505,20211000
2019-07-18,127.84943389892578,128.036866071316,126.20937736523457,127.03409608394132,30381800
2019-07-19,128.036865234375,131.8324274761386,127.87754717387682,131.41070151597776,48992400
2019-07-22,129.73313903808594,130.44540124866816,128.70225503353524,128.77723075571004,25074900
2019-07-23,130.5391387939453,131.19517293175588,129.3583030861742,130.97961232068786,18034600
2019-07-24,131.8793487548828,131.8980962705279,130.1268349964249,130.1736823352909,20738300
2019-07-25,131.38259887695312,131.77621076081525,130.56726099610725,131.60751178192618,18356900
2019-07-26,132.46035766601562,132.77899384607088,131.48570161521116,131.55129645220575,19037600
2019-07-29,132.1697998046875,132.61963983705695,130.61408574672032,132.6102732343548,16605900
2019-07-30,131.53256225585938,132.34790021052507,131.01711296836243,131.33574914602943,16846500
2019-07-31,127.70890808105469,131.66378979456195,126.59366695945083,131.51383828405858,38598800
2019-08-01,129.3863983154297,132.08546731084823,128.32738582483546,128.3929949491042,40557500
2019-08-02,128.29931640625,129.630118160732,126.76234920406252,129.41455750603876,30791600
2019-08-05,123.90394592285156,125.5158741944709,122.56377788112599,124.92546351189758,42749600
2019-08-06,126.22815704345703,127.15595153830485,124.8411414540801,125.39407150860825,32696700
2019-08-07,126.78105926513672,127.12780951131678,123.54780770166487,125.38466307620416,33414500
2019-08-08,130.16427612304688,130.25799937259114,127.39023095836242,128.0181509900207,27496500
2019-08-09,129.0584259033203,130.62350704802847,127.88695669618893,129.90187801239043,23466700
2019-08-12,127.2590103149414,129.1989697850746,126.74357541046344,128.45860769125767,20484300
2019-08-13,129.89248657226562,130.07991874953868,126.51865018071645,127.50268698659816,25154600
2019-08-14,125.98087310791016,128.74534606147674,125.68938359948847,128.2187825175175,32527300
2019-08-15,125.69876098632812,126.54503598552417,124.35414460830978,126.36637745187906,28074400
2019-08-16,128.00250244140625,128.31280185130936,126.67668160303253,126.8271324104605,24449100
2019-08-19,130.14637756347656,130.2780184343801,128.7171235738247,129.6198140798624,24355700
2019-08-20,129.0650634765625,130.42850457398262,129.0462678811841,129.958356429433,21170800
2019-08-21,130.50367736816406,131.16189605567308,129.7608498307065,130.27801550755848,14970300
2019-08-22,129.55401611328125,130.88923506588887,128.1529695362707,130.38148140416342,18697000
2019-08-23,125.42608642578125,130.0899610311682,124.8713152135032,128.99921419674513,38508600
2019-08-26,127.36309814453125,127.4665312847883,125.90563638555618,126.93056999275028,20312600
2019-08-27,127.63581848144531,128.55730479152996,126.62029680699638,128.2470053064665,23102100
2019-08-28,127.46653747558594,127.65459382670159,125.57654747303681,126.82714301223675,17393300
2019-08-29,129.87367248535156,130.17457407735668,128.73592241655405,129.05561959722627,20168700
2019-08-30,129.62918090820312,130.87036391625057,128.13411401414186,130.84215618977962,23940100
2019-09-03,127.91783905029297,129.00858566210263,127.59814190993436,128.4538145630493,18869300
2019-09-04,129.4129638671875,129.4693793406086,128.3316146847541,129.10266441559082,17995900
2019-09-05,131.68849182128906,131.9987913034947,130.47550163195965,130.80461105642132,26101800
2019-09-06,130.79515075683594,131.81065758887533,129.94887593310287,131.6696189588074,20824500
2019-09-09,129.3094940185547,131.40634982304044,128.31278267690072,131.2558990380951,25773900
2019-09-10,127.95548248291016,128.71711995370117,126.4792108635026,128.63249675645295,28903400
2019-09-11,127.99308776855469,128.1341407781472,127.02458403002198,127.79563364201492,24726100
2019-09-12,129.3094940185547,130.15575457526327,128.69829308513042,129.61979338208826,27010000
2019-09-13,129.12144470214844,129.8172545115842,128.41622275078365,129.55397279756352,23363100
2019-09-16,128.1905517578125,128.53845667663396,127.56055517745408,127.72040377117685,16731400
2019-09-17,129.18727111816406,129.30951419347664,128.2845806154304,128.78295071178985,17814200
2019-09-18,130.24981689453125,130.3908555672847,128.37862253191844,129.1590699993063,23982100
2019-09-19,132.64756774902344,133.86994110897095,131.7072717196615,131.9235357890367,35772100
2019-09-20,131.1148681640625,133.19291415662502,129.99591369986234,132.59112532895992,39167300
2019-09-23,130.83282470703125,131.2935750525382,130.17462017615182,130.91744792933375,17139300
2019-09-24,129.17784118652344,132.29021797903073,128.70769328801114,131.9799186442796,29773200
2019-09-25,131.03970336914062,131.60388693314758,127.90851471924843,129.29075153805988,21382000
2019-09-26,131.20892333984375,131.8107123243232,130.17460614502846,131.1149023300139,17456600
2019-09-27,129.50698852539062,131.97997206380526,128.49146693183386,131.78250355348266,22477700
2019-09-30,130.72940063476562,130.90805923724187,129.55403019508904,129.80791422743863,17280900
2019-10-01,128.8863525390625,131.87648630416052,128.8205249459536,131.3217152241367,21466600
2019-10-02,126.61083221435547,128.22814224654417,125.604723101785,128.1153113342721,30521700
2019-10-03,128.1435089111328,128.58544907955732,125.266206093918,126.89291379067359,24132900
2019-10-04,129.87367248535156,129.99591555057583,128.27517223421285,128.58547162055152,22897700
2019-10-07,128.93341064453125,129.93012232314214,128.83938963298726,128.9522205859526,15303700
2019-10-08,127.56993865966797,129.53515357985705,127.52292099672381,128.89575927670083,25550500
2019-10-09,129.9865264892578,130.41905462210212,128.79234653089637,129.25309674419262,19749900
2019-10-10,130.79515075683594,131.3311118988692,129.9958935923839,130.22156974826777,17654600
2019-10-11,131.34051513671875,132.60992025105764,131.17126877362065,131.75424759910405,25446000
2019-10-14,131.21832275390625,131.91413268071037,131.1901150189158,131.3499636331216,13304300
2019-10-15,133.1177215576172,133.32457349312352,131.46279129133137,131.69786530890337,19695700
2019-10-16,132.0269775390625,132.57235099340375,131.19951238795443,132.3842802970394,20751600
2019-10-17,131.34994506835938,132.97665306327167,130.71994849631562,132.53471281384464,21460600
2019-10-18,129.2061004638672,131.64146410636755,128.4068429783947,131.41578785984123,32273500
2019-10-21,130.1651611328125,130.2309887360744,128.8299426090207,130.18397106914125,20078200
2019-10-22,128.22817993164062,131.6508573049573,128.1247467824011,130.67295563305845,27431000
2019-10-23,129.04620361328125,129.2436577008972,127.51351683407137,128.7076965438783,29844600
2019-10-24,131.58505249023438,132.036390648741,130.39087229915881,131.0678867108094,37029300
2019-10-25,132.32785034179688,132.7133751402502,130.88919862832773,131.0208394927047,25959700
2019-10-28,135.581298828125,136.97293305797643,134.94189001044404,135.77875297709673,35280100
2019-10-29,134.30252075195312,135.87281383369512,134.13325995899493,135.4778911138363,20589500
2019-10-30,135.9761962890625,136.34291113129765,134.26485079344687,134.95127715919725,18496600
2019-10-31,134.81024169921875,136.27710125900543,134.45293895246255,136.24889352499255,24605100
2019-11-01,135.13937377929688,135.79757826321975,134.43415161485487,135.6471274246712,33128400
2019-11-04,135.91978454589844,136.34291486039237,135.55306969363332,136.18306626815146,16912000
2019-11-05,135.83517456054688,136.36173805625353,135.31800886019954,136.31472038389848,18250200
2019-11-06,135.45907592773438,135.89161851719027,134.6504205761464,135.75056547055408,16575800
2019-11-07,135.6470947265625,136.23008799846062,135.18635887276898,135.25217213140596,17786700
2019-11-08,137.24557495117188,137.27378267604888,135.17691280835962,135.38377902264085,16732700
2019-11-11,137.38665771484375,137.67814719740517,136.08904456250804,136.66262573224404,14362600
2019-11-12,138.2893524169922,138.75950046054308,137.3396441864404,137.54651047342517,18641600
2019-11-13,138.51495361328125,138.6560065732204,137.54645021568058,137.97899253927793,16919200
2019-11-14,139.22024536132812,139.54935475220276,138.2235337402069,138.2423436805433,19729800
2019-11-15,141.01617431640625,141.03498425138966,139.41767418945162,140.03825856613946,23485700
2019-11-18,141.3640899658203,141.56155842874233,140.0852868973194,141.110220389206,21534000
2019-11-19,141.4110870361328,142.29496739782812,141.2324285356486,141.87183715065657,23935700
2019-11-20,141.16583251953125,142.31689851081478,140.07138836760183,141.81684690437555,25696800
2019-11-21,141.0337371826172,141.3356627255015,140.109115401588,140.9582557968961,18576100
2019-11-22,141.1375274658203,141.80741579079225,140.41104609523438,141.59041579676025,15901800
2019-11-25,142.68484497070312,142.79807423986176,141.44886795661458,141.52434933718655,22420900
2019-11-26,143.43963623046875,143.807598941976,142.76976241042755,142.80749590026912,24620100
2019-11-27,143.71324157714844,143.88306385690717,142.95844229726785,143.72267134937988,15184400
2019-11-29,142.8263702392578,143.69438447402376,142.73201491949175,143.50568823109214,11977300
2019-12-02,141.0997772216797,143.2509461501962,139.939281604175,143.2320722061633,27418400
2019-12-03,140.87335205078125,140.98656693702017,138.36364983072966,139.15619722421118,24066000
2019-12-04,141.3828582763672,141.69419923652376,140.76957733852805,141.65646573719098,17574700
2019-12-05,141.4582977294922,141.8262748585036,141.0337275608038,141.57152699865006,17869100
2019-12-06,143.17547607421875,143.2886909541522,141.77910643416462,142.4584245069698,16403500
2019-12-09,142.80751037597656,143.60948748325697,142.38294018837007,142.53390295623964,16687400
2019-12-10,142.5904998779297,143.30755137751936,142.241396703405,142.74144823806375,16476100
2019-12-11,143.12828063964844,143.28867316517588,141.83569626553893,142.97731788741072,18856600
2019-12-12,144.5812530517578,144.76994926910868,142.48669192698674,143.08108429181198,24612100
2019-12-13,145.79837036132812,146.13802934491036,144.19443075975641,144.35482328025358,23845400
2019-12-16,146.7418670654297,147.0909558246872,146.07199326271393,146.34560064764008,24144200
2019-12-17,145.9492950439453,146.9116643125338,145.72285098174913,146.6663463126722,25425600
2019-12-18,145.64744567871094,146.69472661874585,145.46817916877464,145.5814084572945,24129200
2019-12-19,146.91171264648438,146.9683200815082,145.06245485496703,145.2983287653003,24958900
2019-12-20,148.51565551757812,149.53463255949202,147.45893058711115,148.45904808134978,53477500
2019-12-23,148.51565551757812,149.1855293750818,148.3835667008449,149.1855293750818,17718200
2019-12-24,148.4873809814453,148.7987363384926,148.24206284744218,148.5817219281661,8989200
2019-12-26,149.70443725585938,149.761044685428,148.5061938757916,148.65715661904102,14520600
2019-12-27,149.97805786132812,150.5347167765571,149.27986597667856,150.44036146361006,18412800
2019-12-30,148.6855010986328,150.03470759185922,147.87409412695496,150.00640386931494,16348400
2019-12-31,148.7892608642578,148.8553124700103,147.60989130382995,147.911816821668,18369400
2020-01-02,151.54425048828125,151.64803557454536,149.38365201536385,149.80822213313544,22622100
2020-01-03,149.6573486328125,150.91220018898218,149.1289931137112,149.37431131658548,21116200
2020-01-06,150.04409790039062,150.11014950002246,147.66648505583996,148.20428443592868,20813700
2020-01-07,148.67604064941406,150.64794302838786,148.43073697243855,150.31772820129783,21634100
2020-01-08,151.04421997070312,151.71410823807295,149.02513979117086,149.94976152661232,27746500
2020-01-09,152.93116760253906,153.053826612791,151.9310647710623,152.69529374996068,21385000
2020-01-10,152.22360229492188,153.99737892867375,152.0726395183041,153.61998638373208,20725900
2020-01-13,154.053955078125,154.08225879341623,152.14809000111734,152.61983778477074,21626500
2020-01-14,152.96897888183594,154.35591886156726,152.58214214809243,154.1577784087756,23477400
2020-01-15,153.95962524414062,154.6766912077971,153.384106673567,153.43126994245833,21417900
2020-01-16,156.78065490722656,156.84670650655414,154.76157499203615,155.06350048050558,23865400
2020-01-17,157.65814208984375,158.0072309026949,156.08249155325078,157.96005323691986,34371700
2020-01-21,157.09202575683594,158.68653570911525,157.02597415095403,157.26184806350182,29517200
2020-01-22,156.33718872070312,158.0260535900642,156.31831478119472,157.94112806057515,24138800
2020-01-23,157.29962158203125,157.37510297393763,155.93155554566133,156.79956995767952,19680800
2020-01-24,155.71450805664062,158.06381729197344,155.15784910579725,158.04494334885658,24918100
2020-01-27,153.11048889160156,154.14833997343501,151.14801600742726,152.04433408904563,32078100
2020-01-28,156.11080932617188,156.3938465269941,153.8558551144735,154.52572901855586,24899900
2020-01-29,158.5449981689453,159.214886395841,156.32779209265254,158.35630192364818,34754500
2020-01-30,163.0171661376953,164.21540956252485,161.13960473946636,164.21540956252485,51597500
2020-01-31,160.61126708984375,162.6586510071575,159.99800065070156,162.47939891941252,36142700
2020-02-03,164.5267791748047,164.63999404803988,160.77165605102132,160.79995976933012,30107000
2020-02-04,169.94241333007812,170.43303504559876,166.34769759922398,167.1308006308782,36433300
2020-02-05,169.73484802246094,173.79188187042314,168.32904883087167,173.63148935041767,39186300
2020-02-06,173.254150390625,173.4334169085287,169.88586324038204,170.74444793318173,27751400
2020-02-07,173.49937438964844,175.1410616238674,172.1690423755364,172.51814547501266,33529100
2020-02-10,178.0376434326172,178.16973226048214,172.89559452391404,173.20694984601053,35844300
2020-02-11,174.01832580566406,179.924602910482,173.1314376634959,179.87742525250712,53159900
2020-02-12,174.2731170654297,175.34870171090307,171.57471847813983,175.09395381164256,47062900
2020-02-13,173.3295440673828,175.70714207963954,172.53699700003347,172.73513736602007,35295800
2020-02-14,174.87689208984375,174.93349951490094,172.32944278948298,172.8955458332517,23149500
2020-02-18,176.6506805419922,177.09412463421762,175.01843715376268,175.12222224761544,27792200
2020-02-19,177.1804656982422,178.0319252173796,176.41414924383423,177.91840113107367,29997500
2020-02-20,174.47474670410156,177.15213450123773,171.33379246688904,176.86830976972487,36862400
2020-02-21,168.95916748046875,173.60438920669844,167.69143317104795,173.29218339570477,48572600
2020-02-24,161.67433166503906,165.13696053786106,154.42741272860948,158.72259003491985,68311100
2020-02-25,159.00643920898438,165.41134073594938,158.60907598738845,164.80585480979238,68073300
2020-02-26,160.9932098388672,163.9165713842641,159.13891519818378,160.55802442634837,56206100
2020-02-27,149.6497802734375,158.02252986335748,149.46056861111845,154.51260805417675,93174900
2020-02-28,153.27320861816406,154.88154350179207,143.80302759023863,144.19092080033346,97012700
2020-03-02,163.47189331054688,163.5948873794093,153.5570555882588,156.39527365057177,71030800
2020-03-03,155.63841247558594,165.56272015494937,153.50974893073658,164.42743581821443,71677000
2020-03-04,161.3527069091797,161.49461204424009,156.6885608458973,159.40379939608786,49814400
2020-03-05,157.30348205566406,161.65540698924337,156.75475826135863,157.09534494624057,47817300
2020-03-06,152.8569793701172,154.3139250363766,147.5873472846213,153.8408886668746,72821100
2020-03-09,142.49746704101562,149.24297008661304,141.9109065799807,142.8569792905139,70419300
2020-03-10,152.24200439453125,152.34607296024774,144.35176220231784,149.63084915826624,65354400
2020-03-11,145.3451385498047,149.19564653551825,142.9988681016077,148.65639265874228,56371600
2020-03-12,131.56085205078125,145.19376153679778,131.10674124965627,137.46435020909462,93226400
2020-03-13,150.2647247314453,153.17863030331625,133.14080353628432,139.54571958932405,92727400
2020-03-16,128.11717224121094,141.29597337845718,127.71982341179633,132.45018724186286,87905900
2020-03-17,138.6658935546875,139.54573430615352,127.71982461919136,132.45018849397624,81059800
2020-03-18,132.82862854003906,138.1266425206825,127.73876618687149,130.5580593688643,81593200
2020-03-19,135.01402282714844,142.05279062232898,131.50408724036618,135.07078487160544,85922700
2020-03-20,129.9430694580078,139.16727674534297,128.53341617306285,138.12659117445455,84866200
2020-03-23,128.64695739746094,132.98944191639754,125.37355404915603,129.62141109096703,78975200
2020-03-24,140.3404083251953,141.5324690597713,133.65168243997798,135.99793848446913,82516700
2020-03-25,138.99697875976562,146.00737989282055,136.650722853414,140.87966835078421,75638200
2020-03-26,147.69140625,148.21174910976754,140.36879852981065,140.39717955525947,64568100
2020-03-27,141.6270751953125,146.53719464098646,141.1540388623716,143.56652704755473,57042300
2020-03-30,151.5892333984375,151.9392901340011,141.92036869340518,144.21933299332323,63420300
2020-03-31,149.20509338378906,155.89381814086136,148.11710139786456,150.80394370821577,77927200
2020-04-01,143.90713500976562,149.24298505489344,142.6867074425819,144.74913922915178,57969900
2020-04-02,146.88722229003906,147.09535941069365,142.2514724629254,143.67058132052205,49630700
2020-04-03,145.5343475341797,148.8929080992984,143.98278907166946,146.73586375961153,41243300
2020-04-06,156.357421875,157.52108712521817,149.0821213070367,151.6743654152185,67111700
2020-04-07,154.67344665527344,160.83237536190506,154.45583951827058,160.44448205082196,62769000
2020-04-08,156.2249755859375,157.68192106171185,154.68287260348404,156.7358484464,48318200
2020-04-09,156.2344512939453,158.34418945652004,154.52206194881128,157.38866118857393,51385100
2020-04-13,156.58447265625,156.6412491390872,153.54758765892907,155.48703939874497,41905300
2020-04-14,164.33277893066406,164.38008543955723,158.94016894299634,159.88624137718085,52874300
2020-04-15,162.61099243164062,164.20985772371654,160.11336089467187,161.9676554409461,40940800
2020-04-16,167.49267578125,167.71973838730918,163.57593605123742,164.90044626603395,50479600
2020-04-17,168.96861267089844,170.2931088542837,166.38582345940864,169.82007244079958,52765600
2020-04-20,165.61949157714844,169.11050229797053,165.5532739920201,167.1048327083939,36669600
2020-04-21,158.76992797851562,164.30444463062025,157.152137304255,164.1436140033889,56203700
2020-04-22,164.16258239746094,164.61669337159873,161.60818831853544,162.14744239358765,34620200
2020-04-23,162.17578125,165.61948531645297,161.69328936770626,164.72071913449065,32790800
2020-04-24,165.1370086669922,165.14646419797546,161.50409261173763,162.78128221888915,34277600
2020-04-27,164.6639404296875,167.36023870290072,163.95438597316996,167.06695850395437,33194400
2020-04-28,160.65255737304688,166.19654240217187,160.25520868390518,166.12085487529922,34392700
2020-04-29,167.86163330078125,168.09815142092725,162.61094258227627,163.87867624163795,51286600
2020-04-30,169.54568481445312,170.6714991341824,166.72637794260925,170.29307585110467,53875900
2020-05-01,165.1559295654297,169.0064382134677,164.62611669069204,166.31959502467402,39370500
2020-05-04,169.19561767578125,169.34699275403744,164.4274181980878,165.0802105916358,30372900
2020-05-05,171.01214599609375,173.7462963201163,170.1985226590527,170.87969635685116,36839200
2020-05-06,172.6960906982422,174.2665747211143,171.83517558038187,172.26090537465083,32139300
2020-05-07,173.69895935058594,174.59772555870285,172.73396112199262,174.23821330108638,28316000
2020-05-08,174.72068786621094,175.02343803963055,173.47187949066208,175.00451254481112,30877800
2020-05-11,176.66961669921875,177.39808226581636,172.98939456730636,173.27320482134522,30892700
2020-05-12,172.66773986816406,176.95344845601588,172.46907266619553,176.72640022519468,32038200
2020-05-13,170.05654907226562,174.124664120845,167.01964968834875,172.70555522733514,44711500
2020-05-14,170.79454040527344,170.94591553471406,166.206081041102,167.96577722205026,41873900
2020-05-15,173.2826690673828,176.9723466073332,167.4548581114258,169.40376544975464,46610400
2020-05-18,174.93829345703125,176.15872079777952,174.0395273458231,175.7329910015149,35264500
2020-05-19,173.7273406982422,176.53717787203394,173.59489109296922,175.05183675097177,26799100
2020-05-20,176.1370086669922,176.317265378231,174.50523087994878,175.33060163548956,31261300
2020-05-21,174.02145385742188,177.09527214744946,173.88863535282303,175.89040926393275,29119500
2020-05-22,174.0973358154297,174.9986196647413,173.1770882359125,173.7937568947115,20826900
2020-05-26,172.25680541992188,176.93392584079226,171.81091179456547,176.7821291861761,36073600
2020-05-27,172.48452758789062,172.65530248461448,167.54176906562353,170.95710776267882,39517100
2020-05-28,172.0955352783203,174.70448091194282,171.12786404793408,171.46939932810795,33810200
2020-05-29,173.85069274902344,174.81837869376722,171.15636625108633,173.35736067262624,42130400
2020-06-01,173.45217895507812,173.613457478989,172.15245442489095,173.17704569725115,22622400
2020-06-02,175.42552185058594,175.51090205839748,172.04812518661575,174.79937137437696,30794600
2020-06-03,175.8524169921875,176.40266906121542,174.1637188558485,175.340121328542,27311000
2020-06-04,173.53758239746094,176.30780669177656,172.94938835191115,174.8468034419461,28761800
2020-06-05,177.59808349609375,178.1008974330214,172.6742880796406,173.25300037181995,39893600
2020-06-08,178.6985321044922,178.87878883238318,174.9796007158058,176.40266186089056,33211600
2020-06-09,180.064697265625,180.91852827671923,177.65497196351984,178.35702076730806,29783900
2020-06-10,186.7436065673828,188.33744291467139,181.2126393428319,181.32649410229297,43872300
2020-06-11,176.7157745361328,185.71900069247567,176.52603590509813,183.22390946591682,52854700
2020-06-12,178.1103515625,181.8862033655673,175.68164819844708,180.76672098608847,43373600
2020-06-15,179.24880981445312,181.0323846706777,174.5716739870542,175.11244424815027,32770200
2020-06-16,183.6413116455078,185.54820844598873,181.63953830771604,182.9961830392735,42556700
2020-06-17,184.27696228027344,186.25027574878882,183.7551702253078,185.02643488567597,25687800
2020-06-18,186.25030517578125,186.41158374986512,184.0492963329475,184.0492963329475,23061600
2020-06-19,185.1403045654297,189.06795392168218,184.40031370672494,188.40386141722033,44441100
2020-06-22,190.28228759765625,190.46252987916642,185.21617808322773,185.74745201555635,32818900
2020-06-23,191.5535430908203,193.48890010509766,191.0981530482965,191.72430349967055,30917400
2020-06-24,187.69232177734375,192.82483374136044,186.4779771190064,191.25947187782361,36740600
2020-06-25,190.06407165527344,190.32022675323847,185.44387040822522,187.6543607899241,27803900
2020-06-26,186.25973510742188,189.63713130801548,184.88411220227584,189.48533464197993,54675800
2020-06-29,188.26153564453125,188.3469158529833,183.62235612896023,185.73796999200283,26701600
2020-06-30,193.07151794433594,193.9158673019454,187.59748439580497,187.73030290791885,34310300
2020-07-01,194.200439453125,195.7658156516249,191.4207331819274,192.72045793900065,32061200
2020-07-02,195.68045043945312,197.35018530267172,194.48508391557434,195.13019822099528,29315800
2020-07-06,199.89266967773438,200.30062143506157,197.4165424949141,198.1185912644786,31897600
2020-07-07,197.56829833984375,203.65899756473422,197.3216396493598,199.6554515375247,33600700
2020-07-08,201.91342163085938,202.3213589127099,197.9857731079921,199.29499410765712,33600000
2020-07-09,203.32704162597656,205.28137717576948,200.6232188850265,205.2339388954469,33121700
2020-07-10,202.7103271484375,203.09930069264342,200.2531782297019,202.66288887882965,26177600
2020-07-13,196.44883728027344,204.7310483657811,195.9080671439751,203.47874771927465,38135600
2020-07-14,197.66323852539062,198.13759233564966,191.66739941517432,195.55710644975017,37591800
2020-07-15,197.36912536621094,200.4903815184619,194.513520663541,198.81116499075517,32179400
2020-07-16,193.46046447753906,195.1491629558851,191.9330445644137,194.86454776238327,29940700
2020-07-17,192.47381591796875,194.52301347474997,191.06023628416662,193.9822576326965,31635300
2020-07-20,200.7465362548828,201.4106286872803,192.59712687547508,194.48506023255374,36884800
2020-07-21,198.042724609375,202.96651969548472,197.35965393406903,202.7008827079913,37990400
2020-07-22,200.88880920410156,201.41060121414287,197.70115148727237,198.46960223109352,49605700
2020-07-23,192.15126037597656,200.10143591446615,191.78126493433092,196.56276007758535,67457000
2020-07-24,190.97482299804688,192.4548043846007,187.37921345977261,190.13995576414365,39827000
2020-07-27,193.39404296875,193.50788324422007,190.5574021372156,191.13611433106948,30160900
2020-07-28,191.65794372558594,194.20047354727194,191.39230671365252,193.1663855739503,23251400
2020-07-29,193.59324645996094,194.15298040006812,191.6483932266433,192.11326510422728,19632600
2020-07-30,193.44143676757812,193.9727250816807,189.33354638603836,190.69019104543287,25079600
2020-07-31,194.49453735351562,194.57993203827127,188.80229182700702,193.9158251459421,51044000
2020-08-03,205.43312072753906,206.47670479362864,199.64601352103927,200.6706193833469,78983000
2020-08-04,202.34983825683594,203.75393593196725,199.52269365345714,203.1847055797649,49280100
2020-08-05,202.01780700683594,203.97214242740145,200.71808217349727,203.8772658730298,28806400
2020-08-06,205.25286865234375,205.2718323790918,200.6990698627939,201.44854240090544,32656800
2020-08-07,201.5813751220703,204.6362145752695,200.11087553199408,203.82982184764134,27820400
2020-08-10,197.56829833984375,201.01211052549846,195.76576023187494,200.81287561986252,36716500
2020-08-11,192.94815063476562,196.99912154458283,192.7204556060686,196.53426409900342,36446500
2020-08-12,198.4601287841797,199.4942165085806,194.2478650715753,194.76016076380623,28013100
2020-08-13,197.99525451660156,200.50933810472836,197.47346249067883,198.6973032856729,22588900
2020-08-14,198.1849822998047,198.83959276238173,196.86627951147085,198.05216383465333,17958900
2020-08-17,199.49424743652344,200.35757488939987,198.20400442791444,198.84913317028403,20184800
2020-08-18,200.64215087890625,201.4675217571168,198.47909897480957,199.73138532533153,21336200
2020-08-19,199.42489624023438,201.7073072260779,198.99694871511463,201.12719606634397,27627600
2020-08-20,204.06573486328125,204.46515342165435,198.6735625585654,199.27268314056542,26981500
2020-08-21,202.58221435546875,205.65394317773766,202.42054594494113,203.3810516231777,36249300
2020-08-24,203.21934509277344,204.9596781424091,202.0210749048594,204.2654371725125,25460100
2020-08-25,205.86322021484375,205.99635979547207,202.6583509811378,202.6583509811378,23043700
2020-08-26,210.3138427734375,211.20778593927406,206.7095557551651,207.20408028520444,39600800
2020-08-27,215.477783203125,219.82384972072043,208.64958927330213,211.96858760041155,57602200
2020-08-28,217.69358825683594,219.3388155145878,215.47775473653246,216.9993472514701,26292900
2020-08-31,214.479248046875,217.49391938667625,213.31902570018514,215.87722063655664,28774200
2020-09-01,216.1339874267578,216.30516063040494,213.43313373208045,214.46021648733137,25725500
2020-09-02,220.29931640625,221.4500336906676,216.21002481848706,216.7996406358423,34080800
2020-09-03,206.65245056152344,218.07396349853397,204.4271124541194,218.0359298562455,58400300
2020-09-04,203.75196838378906,207.6605831535333,195.13590147076314,204.56032505463872,59664100
2020-09-08,192.72987365722656,199.73874665694365,192.29240679527527,196.3817141569425,52924300
2020-09-09,200.93699645996094,204.31305293830968,196.57190531885342,197.42781493215068,45679000
2020-09-10,195.30702209472656,204.2179091134677,194.1087663570984,202.9435570623291,35461500
2020-09-11,194.03271484375,198.4073248418045,191.37942868513088,197.04738599235657,33620100
2020-09-14,195.34507751464844,198.94936415629354,194.03269176907858,194.232408321669,30375800
2020-09-15,198.54995727539062,199.5009581300524,196.79059988981783,198.20759638726756,21823900
2020-09-16,195.00274658203125,200.3283431648329,194.6128327120966,200.29981429738623,26328100
2020-09-17,192.9675750732422,194.31799446274707,190.16212562618733,190.2477122151913,34011300
2020-09-18,190.571044921875,193.6713022276265,186.63390228968643,192.86296027470001,55225300
2020-09-21,192.61573791503906,192.77742085630518,186.75758272996697,187.52789122522552,39839700
2020-09-22,197.25660705566406,197.9032952203945,192.17826567778008,195.01224432710944,33517100
2020-09-23,190.76124572753906,197.90327097541524,190.22868760484096,197.71305920777692,30803800
2020-09-24,193.23385620117188,195.49724276427847,189.43935775910268,190.0575169900214,31202500
2020-09-25,197.63699340820312,198.79720103506912,192.61569582922453,193.5762159252499,29437300
2020-09-28,199.1776123046875,202.15424948857515,197.8652265411116,200.54705579518048,32004900
2020-09-29,197.1044921875,199.77681759563532,196.67654457426065,199.09209561000202,24221900
2020-09-30,200.0240020751953,201.59314760698467,196.41970087967024,197.55139416516036,33829100
2020-10-01,202.0496063232422,203.50463617009854,200.9654661528175,203.02913584076984,27158400
2020-10-02,196.0868682861328,200.65167528471918,195.46870902474427,197.80817750902324,33154800
2020-10-05,200.07154846191406,200.10007732438478,196.83813710773543,197.06638251862154,21331600
2020-10-06,195.82058715820312,199.88135031174275,194.7839997215078,198.58800309532225,28554300
2020-10-07,199.54849243164062,199.81477148517834,196.59087946952087,196.9142162472281,25681100
2020-10-08,200.26174926757812,200.8418603333065,198.11249269364578,200.195172246552,19925800
2020-10-09,205.23544311523438,205.28299604883674,200.8798584996056,200.8798584996056,26458000
2020-10-12,210.5515899658203,212.89105852593914,206.18649938983765,208.06947707751453,40461400
2020-10-13,211.9400634765625,214.17492142049753,209.6291237184592,211.80692392954865,28950800
2020-10-14,210.03807067871094,213.23343445543483,208.3928430961222,212.07321213399132,23421700
2020-10-15,208.8968505859375,209.56254827996327,205.4256887702465,206.46229072714527,22733100
2020-10-16,208.8968505859375,211.3979729585716,208.57351377899946,209.36283171619485,26057900
2020-10-19,203.723388671875,211.40747673142792,203.24788828089612,209.61959061778887,27625800
2020-10-20,204.13233947753906,206.71906311300145,202.64878038007848,205.22599923044717,22753500
2020-10-21,204.27499389648438,206.29111113797111,202.67730485689108,202.67730485689108,22724900
2020-10-22,204.36058044433594,205.47324974306363,201.32688528683093,203.4476132060578,22351500
2020-10-23,205.63490295410156,205.68245589725836,202.71533798662145,204.49370487394282,18879600
2020-10-26,199.7863006591797,205.73956195852656,197.90332265899798,203.37157865089443,37111600
2020-10-27,202.8009796142578,204.15139940189,200.02405821151947,201.2223143442037,36700300
2020-10-28,192.74880981445312,198.60697745423386,192.19724219282116,197.49430840598671,51195600
2020-10-29,194.68890380859375,197.199545583512,193.40504679969789,194.0707590331236,31432600
2020-10-30,192.5491485595703,194.27996260842124,189.8387902580295,193.52867830113843,36953700
2020-11-02,192.41600036621094,195.22144992256125,190.31428213947027,194.2799538734767,30842200
2020-11-03,196.31509399414062,197.92228771553013,193.16728357467176,193.89955827547783,27512000
2020-11-04,205.7870635986328,207.62250269793293,202.01158924216602,203.5331963345043,42311800
2020-11-05,212.34893798828125,213.13827030344208,210.31379708922137,211.16018712408462,36080100
2020-11-06,212.75794982910156,213.36658990281202,207.34675169147098,211.3694819519149,25231900
2020-11-09,207.6890869140625,216.94232164998468,207.20408167686315,213.44264528742468,44395000
2020-11-10,200.6707000732422,205.8917003784362,199.4439152641953,203.9896985273652,44045100
2020-11-11,205.93923950195312,207.35622149875866,201.80237994913776,201.98307243463896,29440800
2020-11-12,204.88365173339844,208.37382355937075,203.95167484393502,206.56692751698532,21593900
2020-11-13,205.90118408203125,206.76659831833058,203.66634084251578,205.75853976225488,18621100
2020-11-16,206.5858917236328,207.07091139997414,204.00868778162783,204.34152934207066,24953300
2020-11-17,203.95166015625,207.01386971538886,203.59027516934893,205.51130105759668,24154100
2020-11-18,201.26283264160156,205.1626063829174,201.1198002972269,203.71329634478465,28372800
2020-11-19,202.5404815673828,203.12211144423998,200.16628461776338,201.54885769573278,24792700
2020-11-20,200.6049041748047,203.37002133531357,200.23304339047263,202.3307199828359,22843100
2020-11-23,200.33792114257812,202.4165237769286,198.4786172840736,201.13884979714734,25683500
2020-11-24,203.9135284423828,204.28538924574306,199.14607478437247,199.84211894469007,33979700
2020-11-25,203.92303466796875,205.27698960529233,202.57862394829687,205.10536827690913,21012900
2020-11-27,205.2197723388672,206.211410684154,204.0851162270061,204.85745581384185,14512200
2020-11-30,204.11373901367188,204.77163530412324,201.03395391105286,204.14234256764314,33064800
2020-12-01,206.1542510986328,207.21262646258575,203.42726684415777,204.53330510854798,30904500
2020-12-02,205.35328674316406,205.44864163250293,202.90282321758022,204.88608561309852,23724500
2020-12-03,204.27584838867188,206.31631786058674,203.71327783050998,204.62863528432734,25120900
2020-12-04,204.39024353027344,205.36280800618596,203.26511706811746,204.25675542958834,24666000
2020-12-07,204.32351684570312,205.51538022737813,203.08399056805192,204.39979784802395,24620000
2020-12-08,205.96351623535156,206.85979980104426,202.98862997399976,204.01840165272458,23284100
2020-12-09,201.94931030273438,205.21977604983914,201.38675434522085,205.15303927393487,32440600
2020-12-10,200.72885131835938,203.16978500107612,200.57628932591146,201.92071460477283,26733300
2020-12-11,203.3414306640625,203.39865232991232,199.38444989929366,200.2807335257904,30979400
2020-12-14,204.2377166748047,206.15424240250815,202.9791164445845,203.18888557447357,28798400
2020-12-15,204.17092895507812,205.40092531976177,202.36883246084682,205.16255269063535,27000600
2020-12-16,209.08145141601562,209.87285048789144,204.73353590474335,204.76213946344006,35023300
2020-12-17,209.21495056152344,210.61658320796064,207.78471435488265,209.64401851369269,32515800
2020-12-18,208.42349243164062,209.47233783916994,205.9730293236653,208.42349243164062,63354900
2020-12-21,212.2375030517578,213.58192850421912,207.1744694851634,207.43191606202316,37181900
2020-12-22,213.5247039794922,215.13610554728626,211.53191196153603,212.3328406363443,22612200
2020-12-23,210.74049377441406,213.16235346564574,210.53072468118395,212.73328561098842,18699600
2020-12-24,212.39004516601562,213.2100477180936,210.91213172866298,211.12190083843498,10550600
2020-12-28,214.4972381591797,215.51746547086722,212.64746418476392,214.01094867262256,17933500
2020-12-29,213.72491455078125,216.61398993703023,213.18143246826625,215.7844577615069,17403200
2020-12-30,211.3697967529297,215.13609639636613,211.16957186730082,214.7546914133142,20272300
2020-12-31,212.07537841796875,212.62840471424002,209.46280892505516,211.38886401908798,20942100
2021-01-04,207.56536865234375,212.6284013521997,204.81931110024084,212.1802596114298,37130100
2021-01-05,207.76556396484375,208.356737939314,205.6678878773005,207.15533065666554,23823000
2021-01-06,202.37838745117188,206.42119298469675,202.08280768192805,202.30210645441338,35930700
2021-01-07,208.1374969482422,209.1386651817966,203.7705219584249,204.08516111409094,27694500
2021-01-08,209.40557861328125,210.32093589339922,206.93604171408924,208.50929521688312,22956200
2021-01-11,207.37469482421875,208.72864985432813,206.65003259041848,208.30911162404655,23031300
2021-01-12,204.9337158203125,207.00280310584745,203.39861001025608,206.43070295929502,23249300
2021-01-13,206.27816772460938,206.67863205947245,203.98025172181406,204.06607693930206,20087100
2021-01-14,203.11257934570312,207.34608009721836,202.84560313156365,205.86816670165965,29480800
2021-01-15,202.75975036621094,204.53324329007845,202.16859090795862,203.58929700017367,31746500
2021-01-19,206.37350463867188,206.88838315319578,202.74070783603537,203.808612636003,30480900
2021-01-20,213.9060821533203,215.28864064220252,207.1839703739338,207.57490501983722,37777300
2021-01-21,214.50680541992188,215.77494980554735,212.07540120835768,214.24935885539745,30709400
2021-01-22,215.44122314453125,219.3696147654963,215.2982053575905,216.51867230319704,30172700
2021-01-25,218.854736328125,219.09310902177296,213.79170264290093,218.46380161875487,33152100
2021-01-26,221.5244598388672,223.28840861584396,219.3791061148144,221.07631811924728,49169600
2021-01-27,222.06797790527344,229.25730592090014,219.43634881456967,226.9307862882382,69870600
2021-01-28,227.81752014160156,231.3549769497505,224.15611943901934,224.65193866409186,49111200
2021-01-29,221.17172241210938,226.94987407210942,220.59009246833065,225.01428899918173,42503100
2021-02-01,228.50404357910156,231.22149793113354,221.61983946645995,224.12752469767685,33314200
2021-02-02,228.3705291748047,231.04030577405533,227.58867444558177,230.07728550233475,25916300
2021-02-03,231.69821166992188,233.691003496613,228.13215165180748,228.42774595379248,27158100
2021-02-04,230.75425720214844,231.92706112737068,229.19053318429755,231.374034827884,25296100
2021-02-05,230.93544006347656,231.96521174500666,229.23822781496764,230.96404361998185,18054800
2021-02-08,231.19285583496094,232.3465712580115,229.61005802324223,231.84122242822716,22211900
2021-02-09,232.4324188232422,233.37636525124478,230.1535767615209,230.6207778665767,23565000
2021-02-10,231.5265655517578,234.48237731303126,229.68632135811495,233.60516781651145,22186700
2021-02-11,233.11895751953125,233.74825035400383,230.88777811855226,233.39546343401466,15751100
2021-02-12,233.59568786621094,233.89126765033635,231.44078960935016,232.5849755201089,16561100
2021-02-16,232.3656768798828,234.68266680852793,231.6219553099753,233.6338212360362,26728500
2021-02-17,233.37869262695312,233.4838187487911,230.2631591892616,230.62632480699676,21653500
2021-02-18,232.9868621826172,233.12065774190984,230.1867070550558,231.0850549171446,16925600
2021-02-19,230.2918243408203,233.05375830942427,229.53682368458402,232.94863218954157,25262600
2021-02-22,224.11807250976562,227.38651912425996,222.1015730817524,226.899124179311,36446900
2021-02-23,222.93307495117188,224.4239440997291,218.59424849819223,220.12335328691063,30228700
2021-02-24,224.15631103515625,224.7775015366936,218.85224710793744,219.81748539347333,26339700
2021-02-25,218.84268188476562,224.19451814657435,217.78186916527636,221.795750007288,39542200
2021-02-26,222.0824737548828,224.93996757449008,219.36831252056643,221.27013424972316,37819200
2021-03-01,226.44039916992188,226.9469119322539,222.8183385683915,225.4464768789382,25324000
2021-03-02,223.5064239501953,226.78443662211785,223.1050373218698,226.50727933754183,22812500
2021-03-03,217.47608947753906,223.22932819198306,217.18938051626472,221.87225466341624,34029500
2021-03-04,216.68284606933594,222.18761091263715,214.32229870294404,216.69241226941966,44727800
2021-03-05,221.3370819091797,222.93307721041825,216.42485204761718,219.34925149675033,41872800
2021-03-08,217.31358337402344,223.0285853688386,217.06511009863868,221.11721209862156,35267400
2021-03-09,223.42047119140625,224.9495759883229,221.4039713495017,222.5603588572807,33080500
2021-03-10,222.1207275390625,226.49777489668543,221.75756188333716,226.49777489668543,29746800
2021-03-11,226.6219940185547,228.5715884889649,223.92695049895786,224.5481556095097,29907600
2021-03-12,225.30313110351562,225.37003616967326,222.89479662640136,223.64023105792842,22653700
2021-03-15,224.40480041503906,224.7679660415921,221.53774020361377,224.54816217518373,26034900
2021-03-16,227.17625427246094,229.4221088961671,225.48468501030555,225.80961493469582,28092200
2021-03-17,226.53598022460938,227.97907654629918,222.89481604963598,225.68541960258835,29562100
2021-03-18,220.49607849121094,223.81231313700073,220.1233611906888,222.2545388535398,34833000
2021-03-19,220.14244079589844,222.16849196675588,219.18675408019257,220.78274914550676,46430700
2021-03-22,225.53250122070312,226.40216500266618,219.9417283999428,220.0659723327752,30127000
2021-03-23,227.0520477294922,230.36828174208702,226.56465276267915,226.96603942639962,31638400
2021-03-24,225.02598571777344,227.45342339988957,224.89219016966658,227.3100762349969,25620100
2021-03-25,222.04425048828125,226.44041526230157,221.30838220851965,224.8730896144775,34061900
2021-03-26,226.0007781982422,226.2205966304287,221.28924994482534,221.28924994482534,25479900
2021-03-29,224.81578063964844,226.30664979770663,221.60467222897535,226.10594914214153,25227500
2021-03-30,221.57595825195312,223.48733157452293,220.85919325598945,223.1815048432536,24792000
2021-03-31,225.322265625,228.50470420290134,222.09203979381766,222.5890009792201,43623500
2021-04-01,231.6106719970703,232.0789491359086,227.50121636956897,227.90260302398238,30338000
2021-04-05,238.0329132080078,238.8834738585947,231.94517850543008,232.00251737898964,36910600
2021-04-06,236.8765411376953,238.3482924573763,235.93997211608016,236.63761942729994,22931900
2021-04-07,238.8261260986328,239.8104823385441,236.23622303026858,236.8287441813467,22719800
2021-04-08,242.02769470214844,242.87825541513138,240.83308613994632,241.56896909739754,23625200
2021-04-09,244.51242065429688,244.64621619401328,241.25352587230873,241.66446410764476,24326800
2021-04-12,244.5697784423828,246.25179630911566,243.3369344757324,243.42295735855123,27148700
2021-04-13,247.0354461669922,247.70443852421852,245.44900274248587,245.85997018976445,23837500
2021-04-14,244.26393127441406,247.36034648345415,243.8529930416568,246.07019292318083,23070900
2021-04-15,248.00071716308594,248.41165547510374,246.30916207730016,246.50028193242102,25627500
2021-04-16,249.18572998046875,249.4342178445324,246.18488903899308,247.9720184237776,24878600
2021-04-19,247.27438354492188,249.89298510599394,246.39516805614227,248.66014101635673,23209300
2021-04-20,246.815673828125,248.66970848969893,245.45858578600297,246.39516931734047,19722900
2021-04-21,249.03285217285156,249.12842668538718,245.85042797866416,247.46554099520336,24030400
2021-04-22,245.77395629882812,250.1796578937831,244.31174226259176,248.67922280670476,25606200
2021-04-23,249.5775909423828,249.9216533410852,245.8695216560367,246.4525057441661,21462600
2021-04-26,249.95986938476562,250.81044463101668,248.64104610742964,250.06501009806746,19763300
2021-04-27,250.36123657226562,251.5271754691303,248.59321041055176,249.9885047739333,31014200
2021-04-28,243.27960205078125,245.1718722009615,241.74094589292326,244.73223532354257,46903100
2021-04-29,241.32046508789062,244.75139173249204,237.96600971870856,244.13975277274488,40589000
2021-04-30,241.00506591796875,241.86519270079532,238.53940705534927,238.6732026105505,30945100
2021-05-03,240.69924926757812,243.0789143649509,239.99203587034623,242.1710003473486,19626600
2021-05-04,236.8095703125,240.07803123597864,234.8695277293232,239.8486612079356,32756100
2021-05-05,235.54815673828125,238.4438869441797,234.92696607227833,238.0233823654469,21901300
2021-05-06,238.66366577148438,238.787909724678,233.84701060906457,235.52901416460628,26491100
2021-05-07,241.2726593017578,243.03111924686715,240.03981535072342,240.97638418935017,27032900
2021-05-10,236.2266387939453,240.57501632961734,236.1692999233959,239.75312515895706,29299900
2021-05-11,235.31874084472656,235.6723548531134,231.8209384749103,233.71319412843349,33641600
2021-05-12,228.40911865234375,233.5507177051827,227.52033703130473,231.43864370631172,36684400
2021-05-13,232.2605438232422,234.71666570840435,230.72188761127558,231.08505323354785,29624300
2021-05-14,237.1536407470703,238.13799684815163,234.61152529388377,234.69753359414418,23901100
2021-05-17,234.31527709960938,235.66279895566683,232.7288481318082,235.62457790092228,24970200
2021-05-18,232.30831909179688,235.4907574747066,232.13628790705022,235.35696192329095,20168000
2021-05-19,232.88308715820312,232.98845603876603,228.55341861359128,229.23351488389122,25739800
2021-05-20,236.1015625,237.50966697541784,233.59188645475157,233.68768164182094,21800700
2021-05-21,234.84674072265625,237.8736876013957,234.43485354561165,237.14569382470793,21863100
2021-05-24,240.2205352783203,240.5845394923802,237.08821938185093,237.35642839759134,21411500
2021-05-25,241.1209259033203,242.10755492818512,240.25882769668084,241.16882349619877,17704300
2021-05-26,240.90065002441406,242.28959272486048,240.19180354769114,240.84316413471055,17771600
2021-05-27,238.81243896484375,240.89106621746035,238.7549676903661,240.5941215551288,24426200
2021-05-28,239.16685485839844,241.46580815115777,239.05191230946394,240.4312813618604,18270200
2021-06-01,236.9828338623047,240.70903880096463,236.56137302167372,240.65156753252833,23213300
2021-06-02,236.88706970214844,238.77412110013952,235.48853873601223,237.68212307529706,19406700
2021-06-03,235.36399841308594,235.9674613279748,232.76810081643305,234.89462537591137,25307700
2021-06-04,240.23013305664062,241.0539221494448,237.088243171596,237.32771657512865,25281100
2021-06-07,243.12294006347656,243.39114906663502,239.2913661711621,239.45420630763013,23079200
2021-06-08,241.9351806640625,245.2303368109208,241.8776947734396,244.41612144782889,22455000
2021-06-09,242.91217041015625,244.77048584234345,242.54818087729674,243.12290811584506,17937600
2021-06-10,246.40853881835938,246.61927657838774,242.98886628752862,243.58275563871968,24563600
2021-06-11,247.03114318847656,247.60585584294424,245.8050115720476,247.1269091424967,18999700
2021-06-14,248.94691467285156,249.00438593476218,245.98699852152964,247.04068704419933,19150500
2021-06-15,247.48133850097656,249.0427095066787,246.82997796871686,248.83197177770197,18038900
2021-06-16,246.5425567626953,249.60779746649743,243.7071864564284,248.47749050508128,27220000
2021-06-17,249.91441345214844,250.72862879044064,245.2303293415949,245.28780061417174,27565500
2021-06-18,248.50628662109375,251.25543610006036,247.8549261016525,248.6978770009707,37202200
2021-06-21,251.57154846191406,252.42405838745256,247.05987873047914,248.87987034499417,26696100
2021-06-22,254.33029174804688,254.59850073681733,251.35122800563727,251.6577609163999,24694100
2021-06-23,254.1004638671875,255.5947757746303,253.29583662722578,254.7901485346686,19518700
2021-06-24,255.4606475830078,256.5718076715313,254.2920162168532,254.95296514220416,21446900
2021-06-25,253.86094665527344,255.99705986751763,253.61191420204025,255.02001893731307,25611100
2021-06-28,257.4050598144531,257.57747357325474,254.7133822825889,254.9815912071404,19590000
2021-06-29,259.9722595214844,260.21173286835983,256.69628050647634,257.5487904204081,19937800
2021-06-30,259.4932861328125,259.93390886061087,258.24803655019747,259.29213672725416,21656500
2021-07-01,260.1639099121094,260.39379502371696,258.24812269513154,258.25768175305313,16725300
2021-07-02,265.9591369628906,266.2944055502095,261.025991051914,261.33252400218214,26458000
2021-07-06,265.96875,267.6067399294796,262.7502121878958,266.3231659674658,31565600
2021-07-07,268.1430358886719,268.871044073546,265.48009396765076,267.6353536630571,23260000
2021-07-08,265.7388000488281,266.9936380649696,263.2961543378193,265.24067677167557,24618600
2021-07-09,266.2369689941406,266.3423232662013,263.7272922558075,264.1104438773112,23916700
2021-07-12,265.64306640625,267.98988824180765,264.9342052474398,267.40558716373033,18931700
2021-07-13,269.1488952636719,270.94015122587615,265.7100615012556,265.83456308659123,26120100
2021-07-14,270.614501953125,271.71607363125577,268.7370096462592,270.4612354852631,23113700
2021-07-15,269.19677734375,270.61447008005376,268.0472935864673,270.1259350983207,22604200
2021-07-16,268.9285888671875,272.1375378043733,267.69289811879054,270.19301525007796,26186800
2021-07-19,265.34613037109375,268.56463901594384,262.893924956181,267.1852698159811,32935600
2021-07-20,267.5588073730469,269.13932573027193,264.62765573380375,266.32311662863236,26259700
2021-07-21,269.5512390136719,269.66618156241043,265.6143105564195,267.15650513964744,24364300
2021-07-22,274.0915222167969,274.3597310925482,271.4860520383947,271.88835073573415,23384100
2021-07-23,277.4729919433594,277.7794956122771,274.4364570259696,275.26981960045765,22768100
2021-07-26,276.87908935546875,277.4921551936187,274.57059187126583,276.8312063761206,23176100
2021-07-27,274.4748229980469,277.3867983107101,271.03598869909524,277.2431201263009,33604100
2021-07-28,274.1683044433594,277.9328192354718,271.87892473208046,276.82165916338664,33566900
2021-07-29,274.4364929199219,276.46722250096303,274.0341647800032,274.18743125080124,18168300
2021-07-30,272.9134521484375,274.5897658444149,271.95555860787897,273.1625138234118,20944800
2021-08-02,272.8272399902344,274.69511481884285,271.79269861607827,274.3023749668568,16267400
2021-08-03,275.0303955078125,275.1357790008344,272.0417722643763,273.4019939880385,17879000
2021-08-04,274.4460754394531,275.48058755485204,272.6643783324015,274.1682781399353,16191300
2021-08-05,277.3293151855469,277.43469867133746,274.0533357906488,274.8004915502387,13900200
2021-08-06,277.2718505859375,277.31017451192804,275.5093300140489,276.3618692799431,16589300
2021-08-09,276.1894226074219,279.2738408759265,275.6913285064386,277.549644252639,16117600
2021-08-10,274.3790283203125,277.0707068328733,273.1912496834788,276.6396430462335,18616600
2021-08-11,274.8675537109375,276.50554342388034,273.82342406292844,275.1165861447633,13955900
2021-08-12,277.6070861816406,277.76035263480225,274.28319488720257,274.56099216059465,14561300
2021-08-13,280.5191650390625,280.5670480291717,277.11862499606184,277.29106807216334,18249000
2021-08-16,282.1954345703125,282.40617231232227,277.8082659137247,280.84480121005765,22507600
2021-08-17,280.7393798828125,281.074648413446,278.8235931164337,280.0784603423911,20075300
2021-08-18,279.0215759277344,282.946857737704,278.5800802068885,280.2788165614765,21813000
2021-08-19,284.8182373046875,285.490058075922,277.01567958739867,277.0636542331081,29850500
2021-08-20,292.10260009765625,293.52300710937357,286.0563295513358,287.64948045556423,40817600
2021-08-23,292.380859375,293.1006547103833,289.6936351716544,291.0372472733272,22830200
2021-08-24,290.4327392578125,293.34071249030904,289.83771287780905,292.7360794627057,18175800
2021-08-25,289.8472900390625,292.32337391750315,288.321326942451,292.0450447624562,20006100
2021-08-26,287.04486083984375,290.25034679976966,286.91051423562993,288.86833701855477,17666100
2021-08-27,287.6494445800781,288.7531250293206,284.87581884584097,286.94883316309097,22605700
2021-08-30,291.3636169433594,291.9682498481404,288.9355079671407,288.9930892639242,16348100
2021-08-31,289.72247314453125,292.2369539074186,289.3577720955228,292.16018861273085,26285300
2021-09-01,289.6744689941406,292.8991678511316,289.34816523699277,290.6725935556559,18983800
2021-09-02,289.0218811035156,291.14287031326114,288.0909444169398,290.02961237848854,16285600
2021-09-03,289.0123291015625,290.4135229329207,288.16776428642396,288.8683465578248,14747900
2021-09-07,288.0909118652344,288.96426715610795,286.1906707011484,288.8875018649386,17180400
2021-09-08,288.1197814941406,288.503666632325,285.490137544591,287.70710570280636,15046800
2021-09-09,285.2788391113281,289.97191800836305,285.03890737111675,288.7050713907968,19927000
2021-09-10,283.80096435546875,287.84143755665605,283.48426721928973,286.40184654237044,19633400
2021-09-13,285.0294494628906,286.51704460158174,282.2366390348642,285.5668944983296,23652900
2021-09-14,287.7166442871094,289.25221376514764,286.0947028700539,287.4958964728086,21853400
2021-09-15,292.5440979003906,293.02396157546303,289.66491584995623,291.0469255772491,28356300
2021-09-16,292.92791748046875,293.01428940804146,288.6475426567624,291.5267240633766,19550800
2021-09-17,287.79345703125,292.23699967637344,287.467153222757,291.92030251442793,41372500
2021-09-20,282.44775390625,286.6897617780861,277.86025823894886,284.395999300158,38278700
2021-09-21,282.9275817871094,285.5572543702067,282.22699963878074,283.78175309872546,22364100
2021-09-22,286.5553283691406,288.12929500202966,282.6492610078595,284.77985651789885,26626300
2021-09-23,287.4959411621094,288.78197237941265,285.5476956875188,286.8145429004646,18604600
2021-09-24,287.2943115234375,287.72617114272504,284.9717590683759,286.2194218640375,14999000
2021-09-27,282.32305908203125,284.53042067540383,281.1425836817064,284.21372347893407,23571700
2021-09-28,272.101806640625,279.06943449757966,271.36282734522354,278.1288914309859,43186200
2021-09-29,272.5625305175781,275.22096437346653,271.6124099419833,273.61823631743374,26353700
2021-09-30,270.5663757324219,276.2383391909567,270.2784399241369,274.20372168206217,32343600
2021-10-01,277.4571228027344,278.301687374449,269.9616561615891,270.75821680304153,30086300
2021-10-04,271.7083740234375,276.16152262576014,268.96356808295144,275.82561222271863,31350700
2021-10-05,277.130859375,278.7047968877301,272.61052278816857,272.61052278816857,24993000
2021-10-06,281.3056335449219,281.80471044780717,274.0117300480355,274.270845855537,28002600
2021-10-07,282.97564697265625,284.69356732402304,282.0831074655801,283.29234414696924,20430500
2021-10-08,282.97564697265625,284.69356732402304,281.9295475576061,284.2904689045215,17685700
2021-10-11,282.3805847167969,285.96995558239155,280.96017771512624,281.12334424926865,19298600
2021-10-12,281.0849609375,283.5418606976777,280.57630659547624,283.4458821015579,17974100
2021-10-13,284.3768005371094,285.30773721131357,281.6703624588803,283.0331881435553,23416300
2021-10-14,290.5574035644531,291.05645115386534,285.83553295482557,287.15996114857046,27262900
2021-10-15,291.9586486816406,292.1890031616516,288.4172524202229,290.1639632249141,25384800
2021-10-18,294.91455078125,295.7974833177158,290.49980023328027,291.3443647732367,22729300
2021-10-19,295.8167419433594,296.8436278454899,294.8474080448137,295.93190452763184,17682100
2021-10-20,295.02978515625,297.22756896603414,293.7821220408967,296.75728265313415,16537100
2021-10-21,298.2449035644531,298.49441277839924,294.0220794692839,294.7994856279611,16918100
2021-10-22,296.7093200683594,298.5615868809637,295.40407560259746,297.89937264623074,17449300
2021-10-25,295.72076416015625,296.9396072317386,294.1180067552253,296.90120994069343,17554500
2021-10-26,297.6210021972656,299.81878579139044,296.1718339720267,298.4751735047065,28107300
2021-10-27,310.1550598144531,312.9670535510442,303.2738027325777,303.2738027325777,52588700
2021-10-28,311.2875671386719,311.78661480927093,308.41796248920383,311.2683538472866,26297900
2021-10-29,318.26470947265625,318.6294104720148,310.8556147805,311.07636256657173,34766000
2021-11-01,316.1053771972656,318.1399943940643,313.2261952874065,318.0152251584686,27073200
2021-11-02,319.7140197753906,320.02113959793417,316.7100680798578,317.0075812552724,26487100
2021-11-03,320.5489196777344,321.41266839400566,317.33382735020217,320.4529410895813,21500100
2021-11-04,322.89068603515625,322.98666463204586,316.2397822393411,319.48366550974254,23992200
2021-11-05,322.52593994140625,325.1460058993081,320.95200246852335,324.8772834386426,22570100
2021-11-08,323.4184875488281,324.0519110698877,320.97119469393846,323.7160006633111,20897000
2021-11-09,322.42041015625,325.07884433236194,321.0575844525398,323.5336680917774,21307400
2021-11-10,317.477783203125,321.1535552109362,316.63324777065986,321.0959739152807,25500900
2021-11-11,319.0421447753906,320.3281758647958,317.19948472941286,317.9096735712425,16849800
2021-11-12,323.1593933105469,323.6488636296379,320.34739921433277,320.47216845555636,23831000
2021-11-15,322.5356140136719,324.2727183705063,320.5777617974973,323.9464145492368,16723000
2021-11-16,325.8370056152344,326.95029273164477,321.9980966435647,322.161233873272,20886800
2021-11-17,326.0580749511719,329.00983448359005,324.9812188025432,325.8850150720271,19053400
2021-11-18,328.1253662109375,329.2599387046323,324.1352167372241,325.15438659772514,22463500
2021-11-19,329.8944396972656,331.8078109454933,329.0195159309197,329.442570826056,21963400
2021-11-22,326.7408142089844,336.2018344650954,326.47160009386823,331.3463268296399,31031100
2021-11-23,324.6736145019531,326.3754584116151,320.7123087229874,324.067875438659,30427600
2021-11-24,324.89483642578125,325.1352072589208,321.04890309554867,323.32761389896865,21661300
2021-11-26,316.9817810058594,324.91401757282057,315.48186952965966,321.4719205549108,24217200
2021-11-29,323.6640930175781,325.9716468199308,321.84687569261206,322.03918406869917,28563500
2021-11-30,317.856689453125,324.7697551795586,316.31831064916247,322.4045150069706,42885600
2021-12-01,317.36627197265625,326.2119266473579,316.7028757470775,322.22177836447145,33337600
2021-12-02,316.7990417480469,320.6449739601022,315.1741330410827,317.57784067361735,30766000
2021-12-03,310.56866455078125,319.8854381080619,305.7804681645628,319.20276398285586,41779300
2021-12-06,313.62615966796875,314.83763770524575,306.9342458292847,311.47244701692887,30032600
2021-12-07,322.0198669433594,322.86594725103106,317.38551230648477,318.86620419363703,31021900
2021-12-08,322.068115234375,322.57770029364184,318.05871630229706,322.39501608917385,24761000
2021-12-09,320.2699890136719,323.5294010834797,319.3277251227278,321.5295293799617,22214200
2021-12-10,329.346435546875,329.7887095654795,321.894941380308,322.0776255201496,38095700
2021-12-13,326.3273620605469,330.54828700278097,326.0196804228618,327.55805926915104,28899400
2021-12-14,315.693359375,321.75072054562577,311.6262752750999,320.3854016251195,44438700
2021-12-15,321.76031494140625,322.279524033455,312.0012673025278,315.95294877643335,35381100
2021-12-16,312.3858337402344,323.7890378493558,310.57824093079836,322.77946305235776,35034800
2021-12-17,311.32818603515625,312.4050716507524,305.0304840740271,308.52067208536005,47750300
2021-12-20,307.58807373046875,310.36674473714834,305.3382067120296,307.72266611167277,28326500
2021-12-21,314.68377685546875,315.1068317195721,307.4822492884366,310.8378448851712,24740600
2021-12-22,320.3661804199219,320.760362669551,313.2031195933652,315.6548897596977,24831500
2021-12-23,321.7987976074219,323.43333069819255,319.91429885047023,319.93351795028815,19617800
2021-12-27,329.2598571777344,329.2887004933562,322.5102279009017,322.53907121652355,19947000
2021-12-28,328.10614013671875,330.5675347673697,327.21196780790996,329.93295233791673,15661500
2021-12-29,328.7791748046875,331.0386367329647,326.5965892757154,328.1541872836197,15042000
2021-12-30,326.2504577636719,329.9137060860202,325.76971620596595,328.7406955115323,15994500
2021-12-31,323.36602783203125,326.28891555203285,322.91412956697064,325.4716783285754,18000800
2022-01-03,321.85650634765625,324.9813267976335,317.07793359354395,322.43340214531065,28865100
2022-01-04,316.33758544921875,322.2891685868689,313.5588850186426,321.9333951684874,32674300
2022-01-05,304.19403076171875,313.5108044365724,303.8094433864934,313.308871857317,40054300
2022-01-06,301.7903747558594,306.42473117892956,299.4924156466347,301.0884814026268,39646100
2022-01-07,301.9441223144531,304.30936222208857,298.1462528184306,302.0498713577004,32720000
2022-01-10,302.1653137207031,302.5979928961551,292.9543176051216,297.56942521329626,44289500
2022-01-11,302.8479919433594,304.4151849277161,297.9540459272227,301.309612939468,29386800
2022-01-12,306.01123046875,310.9532679259109,304.86706317706137,307.35733034753923,34372200
2022-01-13,293.0600280761719,308.5206922774309,292.2908533568236,308.1264806975711,45366000
2022-01-14,298.2520751953125,298.8481900342401,292.05049734205875,292.5312389014695,39846400
2022-01-18,290.9928283691406,297.8674260520063,290.1178753051929,292.3581471597959,42333200
2022-01-19,291.6466369628906,301.8191439350218,291.04092729643247,294.49264788128625,45933900
2022-01-20,289.9832763671875,299.64616870365205,289.5410024064944,297.1655554938759,35380700
2022-01-21,284.6278991699219,292.3966712973026,284.22406327473504,291.0313814474847,57984400
2022-01-24,284.954833984375,285.66632231943066,265.41748401969824,280.9454645898403,85731500
2022-01-25,277.3782653808594,283.6279058744891,274.1861636133682,280.2915581603582,72848600
2022-01-26,285.2817077636719,296.6176043263356,281.7434561869176,296.12723844347425,90428900
2022-01-27,288.2910461425781,295.46370078193985,286.4546101746923,291.0024351218943,53481300
2022-01-28,296.38677978515625,296.5983072336974,283.1087009699881,288.666071926605,49743700
2022-01-31,299.0020446777344,300.34811523788875,294.5695920371354,297.05023502997614,46444500
2022-02-01,296.86761474609375,298.66558395346516,293.37742541783444,298.4540564383542,40950400
2022-02-02,301.386474609375,302.9825400250582,296.98289506365415,297.7040073654435,36636000
2022-02-03,289.6466979980469,299.2423070542267,288.40637695099,297.5693070036,43730000
2022-02-04,294.1560974121094,296.9059245774293,288.4160430007419,288.6467895203125,35096500
2022-02-07,289.3583068847656,295.9829091831595,288.34873217729285,294.3772490807872,28533300
2022-02-08,292.8293151855469,293.79079836630905,288.3968918064597,289.64680820459523,32421200
2022-02-09,299.22314453125,299.9154135304483,295.5503014236904,297.9347607103794,31284700
2022-02-10,290.7333068847656,297.2136945346378,289.11802208324127,292.3293725846551,45386200
2022-02-11,283.6759948730469,292.5697139503908,282.8875716532668,291.5120766241171,39175600
2022-02-14,283.6374816894531,285.3297011391844,280.1280746488406,282.45484705008886,36359500
2022-02-15,288.89678955078125,289.21406602076195,285.5796615630517,288.45451559979455,27058300
2022-02-16,288.55963134765625,289.8795822189875,282.9522217719727,287.4709041609937,29982100
2022-02-17,280.1099853515625,285.958233038907,279.40664080865434,285.53430336959343,32461600
2022-02-18,277.4122314453125,283.1256081080043,275.8514129414356,282.34519885606585,34264000
2022-02-22,277.20989990234375,280.89036647915503,274.10752185323537,274.5892573925205,41736100
2022-02-23,270.0320739746094,281.04457259903455,269.86830032930663,279.58007749575995,37811200
2022-02-24,283.8289489746094,284.37813456051526,261.60166355056816,262.5555199373533,56989700
2022-02-25,286.4495849609375,286.75790276376836,280.9963351099328,284.3588691791243,32546700
2022-02-28,287.87554931640625,288.212770094987,282.29704319923974,283.5591880367457,34627500
2022-03-01,284.17584228515625,289.01245712557574,281.47810528267394,285.5728578838848,31217800
2022-03-02,289.2243347167969,290.45757630502305,282.9714179221345,284.57075375767255,31873000
2022-03-03,285.1104431152344,292.0570630305392,283.3087270663971,291.8258393249391,27314500
2022-03-04,279.2717590332031,284.85990985728677,276.6800484526404,283.53995896520416,32356500
2022-03-07,268.72174072265625,279.10795849514665,268.3556169829133,277.99032843801785,43157200
2022-03-08,265.7734375,273.58717191097753,260.1371271968424,267.6521879991881,48159500
2022-03-09,277.9614562988281,279.0212805569592,270.52345705468474,273.0862941142346,35204500
2022-03-10,275.1578063964844,276.13092196464873,270.33080504905854,272.68167772663327,30628000
2022-03-11,269.8393859863281,278.93455646472097,269.2227503051047,277.44115846333716,27209300
2022-03-14,266.34197998046875,274.9746736705197,265.74463254293596,270.0995117672135,30660700
2022-03-15,276.66070556640625,277.3062441058317,268.5482958074122,270.1091142008014,34245100
2022-03-16,283.63629150390625,283.80970925762125,272.8550467725236,278.54913550581284,37826300
2022-03-17,284.43597412109375,284.81171260660994,278.7996616158856,282.5764817272433,30816600
2022-03-18,289.45562744140625,290.00481304770483,282.0369173074508,284.58046582678224,43390600
2022-03-21,288.2320251464844,289.17623743354596,284.12762874703543,287.9718985278678,28351200
2022-03-22,292.9530944824219,293.85875989793885,287.8563228402571,288.84869714839016,27599700
2022-03-23,288.54998779296875,292.1533901687108,286.84465430957243,289.53274726035676,25715400
2022-03-24,292.9915466308594,293.08789961459325,287.42268524354915,288.2127385462436,24484500
2022-03-25,292.5869445800781,294.3404693263562,288.3573210468133,294.0803426717011,22566500
2022-03-28,299.3504638671875,299.44678744893827,293.2131286444829,293.2131286444829,29578200
2022-03-29,303.8884582519531,304.2834849768808,297.7607660592807,302.4432514351578,30393400
2022-03-30,302.39501953125,304.40869996608586,300.1983066415058,302.2986959453416,28163600
2022-03-31,297.04779052734375,303.6283150055242,296.643149106342,302.4335907750661,33422100
2022-04-01,298.1173095703125,298.801365976558,294.3790361342476,298.0691183624966,27110500
2022-04-04,303.4645080566406,303.5993787276326,298.39664041936675,298.76276415932574,24289600
2022-04-05,299.52392578125,303.3681663887453,298.5508104784777,301.82660661689823,23156700
2022-04-06,288.55963134765625,295.7856655216376,285.8715384021488,294.04178495987475,40110400
2022-04-07,290.361328125,292.55804141565983,285.52471299808303,285.82338673563873,31411200
2022-04-08,286.1220397949219,290.1204393434208,285.4572423231668,289.4652859924413,24361900
2022-04-11,274.83984375,281.9213345739858,274.589331792798,281.13131042163127,34569300
2022-04-12,271.7567138671875,280.119637735793,270.24405686204636,278.6744307786593,30966700
2022-04-13,277.1135559082031,278.0384799408657,271.0244114373308,272.40219747053607,21907200
2022-04-14,269.6081848144531,277.7784327469066,269.1168344018573,277.56646786602556,28221600
2022-04-18,270.2729797363281,272.14211655748016,268.1726191938997,268.7218049347441,20778000
2022-04-19,274.8782958984375,275.7165404624221,268.2399952405621,269.1745633932946,22297700
2022-04-20,275.89959716796875,279.1176168323527,274.9457700942281,278.8285578322928,22906700
2022-04-21,270.5523376464844,282.5860831842899,269.82973426697856,278.0384980731543,29454600
2022-04-22,264.0200500488281,272.8550951713469,263.393799558569,271.39059991716476,29405800
2022-04-25,270.4656066894531,270.8413451266627,260.8790575428307,263.30702351755633,35678900
2022-04-26,260.34918212890625,268.19182220528097,260.13721729425794,267.3632511079873,46518400
2022-04-27,272.8743591308594,280.34126215377194,268.962667770436,271.7952759145788,63477700
2022-04-28,279.0501708984375,280.35086291082894,271.1785981856094,274.77235637930573,33646600
2022-04-29,267.3825378417969,279.29105809866707,266.3998077256145,278.0674307607547,37073900
2022-05-02,274.0786437988281,274.5314764230111,266.1300066784379,267.56556930704056,35151100
2022-05-03,271.4869689941406,273.7511326570161,269.91650591302243,273.58732958233423,25978600
2022-05-04,279.3873596191406,280.2544777268917,266.6213675689915,272.2672940906547,33599300
2022-05-05,267.21875,275.88999102064156,264.318692205309,275.10958168100854,43260400
2022-05-06,264.69439697265625,269.04927528391744,261.36076616080453,264.7714617150036,37780300
2022-05-09,254.91514587402344,262.4109491258786,253.7011924001601,260.19497757281874,47726000
2022-05-10,259.655517578125,263.7502706382624,255.38734673917406,261.765522095456,39336400
2022-05-11,251.03237915039062,261.447499215182,249.82804029550908,255.97499051527322,48975900
2022-05-12,246.02235412597656,250.38687708360916,240.88705133910193,248.27687299785254,51033800
2022-05-13,251.58160400390625,253.43148171105642,246.0223855668309,247.94932803549173,34925100
2022-05-16,251.9477081298828,256.1099105942852,246.43665192316664,250.46395431193443,32550900
2022-05-17,257.0733947753906,258.5282163055622,252.87264501904795,256.3893090476885,28828800
2022-05-18,245.3689422607422,254.56255593288276,244.10385759056012,253.98312086554714,31356000
2022-05-19,244.46115112304688,248.83585464293373,243.24435524609143,245.19508938818183,32692300
2022-05-20,243.90101623535156,249.67600344933274,237.9908442252686,248.4205560699694,39199300
2022-05-23,251.71363830566406,252.53450204595984,244.74117401105033,246.73055952174275,33175400
2022-05-24,250.71897888183594,252.3703436440929,244.80880649372511,249.0483104249833,29043900
2022-05-25,253.5195770263672,255.50894824222092,248.31438673907394,249.28976865012686,28547900
2022-05-26,256.7836608886719,257.9521680064266,252.46691284814418,253.2781100641193,25002100
2022-05-27,263.8719482421875,263.9685256331768,258.386694300866,259.2751650381728,26910800
2022-05-31,262.54901123046875,265.3495796777819,259.709805919586,263.1863868585538,37827700
2022-06-01,263.08013916015625,268.16944748829445,260.78173234380733,265.7648261496329,25292200
2022-06-02,265.1660461425781,265.23365327445924,252.63108267756797,255.38337667898296,44008200
2022-06-03,260.7623596191406,264.0747845426284,259.2075725800062,261.04242522746756,28059000
2022-06-06,259.5360107421875,264.77983823030496,258.05846737616287,262.73252632143885,22400300
2022-06-07,263.1575012207031,263.76590676462155,256.8224092370941,257.4984219461816,22860700
2022-06-08,261.1390686035156,263.6402676057848,260.3664787079768,262.39448666074105,17372300
2022-06-09,255.7117462158203,263.3601943996646,255.55722824112877,258.5992253476871,26439700
2022-06-10,244.31629943847656,251.64605970485297,243.87206395245485,251.64605970485297,31422800
2022-06-13,233.95416259765625,240.4824068795414,233.24919461693813,236.70645685368288,46135800
2022-06-14,236.1077117919922,237.3148557778769,233.2298699199791,235.49930650770008,28651500
2022-06-15,243.1284637451172,246.54710394987805,237.97154789524555,239.79674911112798,33111700
2022-06-16,236.5712890625,238.93728870881043,234.68814708832016,237.54665625537092,33169200
2022-06-17,239.1593780517578,241.9116724347951,235.66349352878527,236.3105209841857,43084800
2022-06-21,245.0405731201172,246.0159401392919,240.95558733169304,241.67987371090587,29928300
2022-06-22,244.45147705078125,248.35297445153836,241.78609384504884,243.253984977507,25939900
2022-06-23,249.98501586914062,250.4775400388381,244.9343443692557,246.80783416507126,25861400
2022-06-24,258.52191162109375,258.79231063631465,252.7469254380334,252.83383624957415,33923200
2022-06-27,255.8083038330078,259.1013666061605,254.2534870945373,259.0144557779908,24615100
2022-06-28,247.68663024902344,257.7590321077553,247.53211228973697,254.92949381458487,27295500
2022-06-29,251.33705139160156,252.98841615797966,246.9913181866432,248.7585787991081,20069800
2022-06-30,248.02462768554688,250.63207057542505,244.22937393334024,248.23708621339836,31730900
2022-07-01,250.68031311035156,250.86380133736168,245.88072261210712,247.5997090497768,22837700
2022-07-05,253.83824157714844,253.9637892662612,246.00629085879652,247.37760464946805,22941000
2022-07-06,257.0830078125,258.8019795069243,253.40363564931488,254.70735692498906,23824400
2022-07-07,259.19793701171875,259.8353125390256,255.93381513155052,256.0303925395583,20859900
2022-07-08,258.4833068847656,258.9082238859461,254.2631366183598,255.71170926657888,19658800
2022-07-11,255.44137573242188,257.39211012267776,253.19124247116224,256.54227590235445,19455200
2022-07-12,244.97296142578125,256.8222904951569,243.3988410088484,256.76434994360125,35868500
2022-07-13,244.05555725097656,244.85710267048802,239.60360939385333,241.61229886642806,29497400
2022-07-14,245.3689422607422,246.39259810880876,237.5080204020861,241.97928690307253,25102800
2022-07-15,247.91839599609375,251.44325042079436,246.03525438925857,246.9526808402148,29774100
2022-07-18,245.5330810546875,251.89714046464383,244.6156545937457,250.84451446983314,20975000
2022-07-19,250.632080078125,250.81556833510322,244.98263991671732,248.74892353389214,25012600
2022-07-20,253.27813720703125,255.78900284248536,250.0333479953983,250.98939669680948,22788300
2022-07-21,255.76002502441406,255.80832847001912,248.21779122798213,250.8831747670427,22404700
2022-07-22,251.43359375,256.23319944277154,250.1878423691355,256.1462886118709,21881300
2022-07-25,249.95608520507812,252.53455809641423,248.00535085353994,252.05170043274995,21056000
2022-07-26,243.26364135742188,250.9700588947091,241.01353801634696,250.95072573000826,39348000
2022-07-27,259.52630615234375,260.7913907687193,249.97539768074358,252.20619754450755,45994000
2022-07-28,266.9333190917969,268.3142846363358,258.68610373864,260.5016528744498,33459300
2022-07-29,271.1148681640625,272.33167871252647,267.1457929503217,268.1791152582621,32152800
2022-08-01,268.478515625,271.63639399506593,266.38290049065427,268.2950273632756,21539600
2022-08-02,265.39794921875,268.36270297109587,263.04160096614993,266.5374864718585,22754200
2022-08-03,272.7855529785156,273.7802383800219,267.1264470117995,267.27132785781305,23518900
2022-08-04,273.9251403808594,274.0699917823572,270.5644699809408,272.1385611722735,18098700
2022-08-05,273.2104797363281,273.92509952465934,269.1254939956156,269.57938130013923,16774600
2022-08-08,270.70928955078125,276.11730051736697,269.74357435929414,274.3113883534034,18739200
2022-08-09,272.6214599609375,273.3747168336782,268.0922521391709,270.0526827966579,23405200
2022-08-10,279.2462158203125,279.8739248174104,277.1023268586765,278.29016718582943,24687800
2022-08-11,277.1795654296875,281.2259144656879,276.687070719345,280.87827114074025,20065900
2022-08-12,281.9019470214844,281.9019470214844,277.10234096743113,278.58955073001846,22619700
2022-08-15,283.4083557128906,284.0940050467814,280.1635382914117,281.02303870721187,18085700
2022-08-16,282.6745300292969,283.95894794046416,280.46306311134526,281.9792138029151,18102900
2022-08-17,281.92926025390625,283.89382169759233,280.13888939328456,280.4001752678812,18253400
2022-08-18,280.81640625,282.5003080383182,279.76151632304703,280.8357509194147,17186200
2022-08-19,276.92596435546875,279.9260419302894,276.35498651754625,279.5873182545467,20570000
2022-08-22,268.7967224121094,273.3548871851572,268.28380815555704,272.9871317684134,25061100
2022-08-23,267.52899169921875,269.8709667468448,266.5225077065828,267.52899169921875,17527400
2022-08-24,266.89990234375,268.29348622669727,266.24179973569437,266.53214693938304,18137000
2022-08-25,269.861328125,270.02583166772644,265.6708883290783,268.3903061400595,16583400
2022-08-26,259.4481506347656,271.3032734990673,259.3417106465169,270.0838799821935,27549300
2022-08-29,256.6803283691406,258.7803619357156,255.34480790841272,257.2803379595906,20338500
2022-08-30,254.49310302734375,258.44157029838556,252.2575687688991,258.0738444938054,22767100
2022-08-31,253.04153442382812,258.4997140694314,252.90603313757336,256.835186498961,24791800
2022-09-01,252.0060272216797,252.4802522057439,247.17688880265302,250.5253477936383,23263400
2022-09-02,247.80589294433594,256.2060856971304,246.26715020417384,253.26410148725907,22855400
2022-09-06,245.08651733398438,249.51886860124202,243.81874738590238,247.9414362596074,21328200
2022-09-07,249.7704620361328,250.4865986759276,245.057451273247,246.48973931975843,24126700
2022-09-08,250.18658447265625,252.03501907292284,246.57682534056357,249.2091619552673,20319900
2022-09-09,255.9351043701172,256.68030226569743,251.8995411627663,252.10276352799647,22084700
2022-09-12,258.0545349121094,258.82876464312335,256.6125744929972,257.2125840758803,18747700
2022-09-13,243.8671112060547,252.00600375133774,243.47999634028216,250.49629269213037,33353300
2022-09-14,244.08969116210938,246.03489350941175,241.8057651557058,245.35746095813147,23913000
2022-09-15,237.4701690673828,243.29610345654862,236.15400813965698,241.71865662350373,31530900
2022-09-16,236.85081481933594,237.3927608644155,234.25719690326952,236.38627698047728,39791800
2022-09-19,236.63790893554688,237.2379185278828,233.08621305250247,234.6539876734692,26826900
2022-09-20,234.63462829589844,235.66045686379198,231.91521092748422,234.26688762643548,26660300
2022-09-21,231.2474365234375,239.67667590576733,231.19904532157508,236.39595324962926,28625600
2022-09-22,233.2120361328125,235.99920442354707,229.91196827312697,230.2022859976419,31061200
2022-09-23,230.2506561279297,233.35718839815166,227.61833404254136,231.8184307644762,34176000
2022-09-26,229.7957763671875,233.6668360314633,229.26350270996545,229.40867630752822,27694200
2022-09-27,228.78932189941406,234.00557453802256,226.9408872481293,232.24423519066093,27018700
2022-09-28,233.29910278320312,234.5184812999227,227.16346179841986,229.1764146595356,29029700
2022-09-29,229.8441925048828,232.21521385312766,226.853802133828,231.18938529349765,27484200
2022-09-30,225.39248657226562,232.78621136819163,225.2279682767935,230.608739886535,35694800
2022-10-03,232.97975158691406,233.82170241211634,227.0957386105692,227.8215623611014,28880400
2022-10-04,240.85739135742188,242.2896796214913,237.08309847338114,237.1895532288344,34888400
2022-10-05,241.1670379638672,242.5025584054372,236.23144526431753,238.06052054576585,20347100
2022-10-06,238.83474731445312,242.27031644163847,238.14764234917035,239.93799895986987,20239900
2022-10-07,226.68931579589844,233.5410948826366,225.65379998930908,233.13462052161643,37769600
2022-10-10,221.86012268066406,226.99895238528188,219.42135078516142,225.53763257488384,29743600
2022-10-11,218.14390563964844,221.67624187674608,216.8858082240652,220.28265795591057,30474000
2022-10-12,218.47296142578125,220.5149462849339,216.74066847271945,218.13423774935973,21903900
2022-10-13,226.68931579589844,228.48935957942223,212.0663836762347,212.7631757709487,42551800
2022-10-14,221.1923828125,229.5925913283704,220.9794733149992,227.94737889006004,30198600
2022-10-17,229.8732452392578,231.2571570244088,227.5602872186214,228.21837517177028,28142300
2022-10-18,230.8119354248047,236.06689189792664,227.78282647347956,235.39914650154014,26329600
2022-10-19,228.85704040527344,231.8861492807651,226.73763290241635,229.39898638890583,19985700
2022-10-20,228.5377197265625,233.53139112693572,227.29898159472276,228.16997903446602,21811000
2022-10-21,234.31529235839844,235.16693041205536,226.94092667336207,227.17319562442967,26299700
2022-10-24,239.27992248535156,239.850900353894,233.52172305739012,235.90241694894004,24911200
2022-10-25,242.58001708984375,242.9477578069221,237.90570962314226,239.2896067054904,34775500
2022-10-26,223.86341857910156,230.61841449713438,222.64402516459023,223.71824496136685,82543200
2022-10-27,219.4407501220703,226.1570426979962,218.5020167351225,223.5924561627655,40424600
2022-10-28,228.26670837402344,228.97318740219828,218.76326447934332,218.94714217799373,40647700
2022-10-31,224.64732360839844,227.34738181471067,223.69890315195386,226.22477072356645,28357300
2022-11-01,220.81495666503906,228.14094541319034,220.00203754140927,227.0376938120004,30592300
2022-11-02,213.00509643554688,223.8440621960301,212.94701812750728,222.06337802281334,38407000
2022-11-03,207.34364318847656,213.30507890075714,207.08234251389777,212.9953870246754,36633900
2022-11-04,214.25350952148438,214.4470595832424,206.55009302136054,210.53729517480699,36789100
2022-11-07,220.5246124267578,221.04721381188003,214.14704442988435,214.83416409790135,33498000
2022-11-08,221.49237060546875,224.18275612145348,218.5600438397234,221.32785232766216,28192500
2022-11-09,217.27291870117188,221.26012061364744,217.098728086194,220.04072724111327,27852900
2022-11-10,235.14752197265625,235.48624560984527,227.42476185380536,227.84089369162848,46268000
2022-11-11,239.14442443847656,239.99606241623323,234.1313937515766,235.15723711883936,34620200
2022-11-14,233.76365661621094,236.0475827819004,231.49908988674315,234.1894756115481,31123300
2022-11-15,234.17005920410156,239.03791516146114,232.2925930542963,237.74111382164995,31390100
2022-11-16,234.5971221923828,236.60604855552322,233.3257795259496,235.62584176038104,24093300
2022-11-17,234.54856872558594,236.07224872369898,230.61808681154827,230.76365473112853,23123500
2022-11-18,234.1021728515625,236.5478177930803,231.9767921721455,236.3245938837583,27613500
2022-11-21,234.90765380859375,237.45033878363537,234.07302987509001,234.30593853934627,26394700
2022-11-22,237.7997283935547,238.0714650543678,233.6072093349116,236.40221710449453,19665700
2022-11-23,240.2744903564453,240.9538320187203,237.06216314669393,237.87737314142396,19508500
2022-11-25,240.18714904785156,241.36143645953254,239.44956540890726,240.01245273021934,9200800
2022-11-28,234.62620544433594,239.3719120438035,233.69454115958348,238.81873915133238,24778200
2022-11-29,233.23843383789062,235.6258367832805,231.18099474535325,234.27685297681788,17956300
2022-11-30,247.6114044189453,247.79580032500542,232.78228328422537,233.47133933183883,47594200
2022-12-01,247.17469787597656,248.5624948221186,243.51593758658888,246.37888704446783,26041500
2022-12-02,247.4949951171875,248.5043007754148,242.32226844849012,242.448437208971,21528500
2022-12-05,242.81716918945312,246.3303613663216,240.74031627098933,244.57375787361877,23435300
2022-12-06,237.88705444335938,244.4281775081437,236.58659838862874,243.41887208872768,22463700
2022-12-07,237.15919494628906,238.89638442921668,235.06294286518101,237.60562791314456,20481500
2022-12-08,240.09979248046875,241.4002634352855,235.88785939315616,237.61533452681962,22611800
2022-12-09,238.17820739746094,240.98292942150877,236.95539248747858,237.4794517893177,20609700
2022-12-12,245.0590057373047,245.08811932166867,239.8765804009923,240.14831706074776,30665100
2022-12-13,249.33889770507812,256.13234388565945,245.6024963823434,253.96813536884156,42196900
2022-12-14,249.6300811767578,254.84162114511395,246.80594445741409,249.54274040610767,35410900
2022-12-15,241.6623077392578,246.69916567601095,240.04158720461845,246.2333334693487,35560400
2022-12-16,237.4697723388672,242.4678019516118,236.3245836806278,241.21587335248572,86102000
2022-12-19,233.35487365722656,237.9744265437408,231.6662265103739,237.6347483108368,29696400
2022-12-20,234.6650390625,235.74228609848038,231.38477037827317,232.33584867761797,25150800
2022-12-21,237.2174530029297,238.37234134182555,233.02493348625407,234.55831327324242,23690600
2022-12-22,231.1615447998047,234.84941820626472,226.96901129135682,234.14094822183725,28651700
2022-12-23,231.6855926513672,231.82146096344368,227.03694165168164,229.1429078931349,21207000
2022-12-27,229.96788024902344,231.8797366085177,228.87121912390276,231.65652750812146,16688600
2022-12-28,227.6095733642578,232.64643111207874,227.26019552023155,229.89993593986588,17457100
2022-12-29,233.8983612060547,234.7815128184782,228.69652150065144,228.69652150065144,19770700
2022-12-30,232.74349975585938,232.87936810259998,229.67674014824095,231.18100636407286,21938500
2023-01-03,232.5105743408203,238.49851075863083,230.39489317769917,235.90729779007853,25740000
2023-01-04,222.3397979736328,225.99854338319813,219.2924526600918,225.4259564644858,50623400
2023-01-05,215.7501220703125,220.83550661088532,215.21634839005094,220.49582841202724,39585600
2023-01-06,218.29281616210938,219.09832651208657,212.87748240196308,216.41977321502756,43613600
2023-01-09,220.41822814941406,224.41666688908288,219.7291868413214,219.76800002138827,27369800
2023-01-10,222.09718322753906,224.48458614807703,220.62203068917864,221.0393352972296,27033900
2023-01-11,228.81298828125,228.98766979827053,224.2904903213458,224.4651718383663,28669300
2023-01-12,231.47210693359375,232.82109060207105,226.6681731391479,228.31800704319014,27269500
2023-01-13,232.17086791992188,232.30673624907553,227.98804849183014,230.0066742453539,21333300
2023-01-17,233.2578125,233.80128577732816,230.09399836499716,230.94803626281922,29831300
2023-01-18,228.85179138183594,235.22793302598163,228.57035512507287,234.4418366169308,30028700
2023-01-19,225.08627319335938,228.57035182284125,223.87315781209423,226.88168988104673,28623000
2023-01-20,233.13169860839844,233.63635883113758,227.59018017735744,227.92985845985373,35389800
2023-01-23,235.42205810546875,237.9356299735096,232.578507553011,233.98573343923675,31934000
2023-01-24,234.8979949951172,236.7516391990006,233.3452159013229,235.34442805481387,40234400
2023-01-25,233.51019287109375,236.12081997438574,224.08670450908426,227.56106931490226,66526600
2023-01-26,240.6820831298828,240.98293336442927,234.85912950577273,236.46043582898827,33454500
2023-01-27,240.8373565673828,242.45807682264515,239.5466001179385,241.642866899376,26498900
2023-01-30,235.54820251464844,238.35292478678218,235.05324194345323,237.2950768809861,25867400
2023-01-31,240.49771118164062,240.63357952072695,235.78111768401726,236.26636386768823,26541100
2023-02-01,245.2919464111328,247.65023576111176,238.2267631452796,240.6821076556318,31259900
2023-02-02,256.7922668457031,256.8796075980904,249.65914256333582,251.18282257259764,39940400
2023-02-03,250.72671508789062,256.4041014975154,249.51359959938435,251.88160340231477,29077300
2023-02-06,249.19326782226562,250.67811968147868,247.26199785047817,249.84351061809733,22518000
2023-02-07,259.66497802734375,260.83926569165476,252.40568326679633,252.84241675056464,50841400
2023-02-08,258.8594665527344,268.5935048183664,258.3547915146365,265.13855400297484,54686000
2023-02-09,255.84115600585938,265.89547087306715,255.04534527204862,265.7207597633259,42375100
2023-02-10,255.33656311035156,256.29734113427406,252.96855922241394,253.81288289399168,25818500
2023-02-13,263.3139343261719,266.49714735819,259.26696907403846,259.74253036187247,44630900
2023-02-14,264.1388854980469,266.85625191813295,261.33414871350027,264.62413161713886,37047900
2023-02-15,262.0276794433594,263.39950469785816,258.9726863891012,261.0547562578646,28922400
2023-02-16,255.0518035888672,259.5175173851741,254.8085727958793,256.8711651698153,29603600
2023-02-17,251.07252502441406,253.0475576685139,249.06830587586964,252.36652933438805,30000100
2023-02-21,245.82847595214844,248.57212619836037,244.77771723097973,247.58946437392655,28397400
2023-02-22,244.69989013671875,247.45326436545926,243.56157186049097,247.21003358389876,22491100
2023-02-23,247.8716583251953,249.88560171481558,243.6978093067613,248.64026115369037,29219100
2023-02-24,242.47189331054688,244.20369522047608,241.38222420199676,243.19186174048357,24990900
2023-02-27,243.386474609375,245.97445391978178,242.6373195783351,245.6242009691581,21190000
2023-02-28,242.66650390625,244.68046206564443,241.99518451978517,242.32598969202303,22491000
2023-03-01,239.60177612304688,244.13558648881542,239.1347623459425,243.9701913432016,27565300
2023-03-02,244.3107452392578,244.5928864350576,238.95966764159195,239.8742178244938,24808200
2023-03-03,248.37754821777344,248.69861464364337,244.58315381318207,245.3614953141732,30760100
2023-03-06,249.9147491455078,253.07674918507004,249.04884819003743,249.48666061100502,24109800
2023-03-07,247.26841735839844,250.71257368875254,246.5290010946981,249.36019623261095,21473200
2023-03-08,246.8306121826172,247.6478641053872,244.01886473628258,247.16140250674363,17340200
2023-03-09,245.4879608154297,252.53191447494493,244.76799238551584,248.8931916251687,26653400
2023-03-10,241.85899353027344,245.94526831886697,240.89580898858623,244.28157783106303,28333900
2023-03-13,247.04461669921875,250.92658497582,239.07637462103207,240.70115431743469,33339700
2023-03-14,253.72865295410156,254.00107026600773,248.93213379575317,249.79803486123274,33620300
2023-03-15,258.2527770996094,259.26462569990724,252.19145392381762,252.94062390775835,46028000
2023-03-16,268.7214050292969,269.07164313641664,256.1512239726221,258.0289586598438,54768800
2023-03-17,271.8639221191406,275.65831665347815,268.8381452248547,270.7256186044692,69527400
2023-03-20,264.85888671875,269.96673338942173,262.5433248107774,269.4802718017387,43466600
2023-03-21,266.3668518066406,267.5538190277959,262.22219041795455,267.4370730210024,34558700
2023-03-22,264.9172668457031,273.43034485869043,264.81022985408475,265.9971973475459,34873300
2023-03-23,270.1418762207031,273.4498093699548,267.7484933121212,270.4142935461412,36610900
2023-03-24,272.97308349609375,273.03145651581804,267.8263111878216,269.7332324450906,28172000
2023-03-27,268.8964538574219,273.83888945620816,268.05972466794566,272.9048917232196,26840200
2023-03-28,267.77764892578125,268.6630125541161,264.68373074732534,268.32248351379377,21878600
2023-03-29,272.9146728515625,273.527619165426,270.8715283691032,271.4066242065595,25087000
2023-03-30,276.3587951660156,276.7576972006701,273.8584053599599,276.53394388967973,25053400
2023-03-31,280.4936828613281,281.4374193382453,275.3372029511124,276.0474474143603,32766000
2023-04-03,279.45269775390625,280.46451634607917,276.26151134425334,278.7619010121522,24883300
2023-04-04,279.404052734375,282.58553031935185,277.9349590223858,279.4527167048261,25824300
2023-04-05,276.6409912109375,279.3749031470758,275.2594568336865,278.11011480832366,22064800
2023-04-06,283.7044372558594,284.171421432575,274.39355424617895,275.5415966022882,29770300
2023-04-10,281.5542907714844,281.75859635291374,277.0009871179317,281.3791420104247,23103000
2023-04-11,275.17181396484375,278.23654533423,274.01406284794314,278.0127623432296,27276600
2023-04-12,275.81402587890625,279.23873500984865,274.325454368643,277.07884402522524,27403400
2023-04-13,281.9920349121094,282.05040792429327,275.50265429718814,275.91126538247534,24222700
2023-04-14,278.3922424316406,280.66887902365164,276.00856885442937,279.22894208294247,20987900
2023-04-17,280.9801330566406,283.70433510204543,278.4116319357609,282.0795407288976,23836200
2023-04-18,280.56182861328125,283.86005216252715,279.23866745372095,283.6751943988744,20161800
2023-04-19,280.6396484375,281.22337847869596,276.8355159823551,278.24623650358313,17150300
2023-04-20,278.36297607421875,281.20392420443534,277.3608666050033,277.5262765736857,23244400
2023-04-21,278.02252197265625,278.51869257683563,275.3956176560884,277.2928296281938,21676400
2023-04-24,274.1405029296875,277.2344206340081,271.17309965717897,274.4518454154845,26611000
2023-04-25,267.9625244140625,273.9751827450711,267.9138604386518,271.9417767926592,45772200
2023-04-26,287.372314453125,291.45860367890464,284.80381270160626,288.66631890750085,64599200
2023-04-27,296.5761413574219,296.936147852177,287.2555509397699,287.9560567732343,46462600
2023-04-28,298.9403991699219,300.56516432614853,295.0973405603856,295.77839869337646,36469600
2023-05-01,297.28643798828125,300.24413310215317,296.8875358766026,298.6582633895383,21294100
2023-05-02,297.1405029296875,300.8084130116415,295.6811180076152,299.42687857918656,26404400
2023-05-03,296.1578063964844,300.25380462015016,295.8562025897096,298.3176970170622,22360800
2023-05-04,297.1405029296875,299.42687857918656,295.1849176329067,297.9480161890788,22519900
2023-05-05,302.23858642578125,303.5228521768905,296.03133165334634,297.442082171176,28197100
2023-05-08,300.292724609375,301.8007733081372,297.8020437181864,301.7326615616671,21318600
2023-05-09,298.68743896484375,301.6451339704267,298.0161195443124,299.6603622188009,21340800
2023-05-10,303.8536376953125,304.52495706862396,299.33928955394174,300.2635487654328,30078000
2023-05-11,301.7131042480469,302.6957658716708,297.9673748611149,301.70339520916224,31680200
2023-05-12,300.60406494140625,302.2385686971637,298.29824184109515,302.14127044452766,19774700
2023-05-15,301.0808410644531,301.50892969880647,299.261479214083,300.7306029224894,16336500
2023-05-16,303.29901123046875,305.2156707578937,301.44072470865035,301.44072470865035,26730300
2023-05-17,306.16571044921875,306.5849748220485,302.98703781876026,304.49838322404014,24315000
2023-05-18,310.57293701171875,311.07998209113083,305.89270858681226,306.68249676156313,27276000
2023-05-19,310.3974304199219,310.7972045125446,308.47658062453104,308.83734438329236,27546700
2023-05-22,313.1665344238281,314.54135841802827,310.0756427593572,310.6509186565906,24115700
2023-05-23,307.394287109375,314.66815212283035,307.3845270869392,312.04526511786804,30797200
2023-05-24,306.0194396972656,308.6033161721185,304.8103574976606,306.8774884337067,23384900
2023-05-25,317.7882995605469,318.7438294879401,312.0159906409768,315.1751430242443,43301700
2023-05-26,324.58441162109375,325.0816668912498,315.7992015223041,315.935693050292,36630600
2023-05-30,322.9462585449219,327.36323325803346,322.27347175530826,326.86597805939425,29503100
2023-05-31,320.19671630859375,327.5583326539221,319.16313582793106,323.99940574363865,45950600
2023-06-01,324.28216552734375,325.2084750715489,316.61828563761367,317.7980879864151,26773900
2023-06-02,327.03173828125,329.07934907114736,324.2528400489723,325.9104368208326,25873800
2023-06-05,327.5582580566406,330.11288397336966,326.31019540433937,326.8562209549611,21307100
2023-06-06,325.3547058105469,327.0025428376745,323.88240041372416,326.96353250247705,20396200
2023-06-07,315.31170654296875,326.14449888626166,314.45365769277373,323.37536016910263,40717100
2023-06-08,317.14471435546875,318.4902878696677,315.28236562629644,315.8576414500472,23277700
2023-06-09,318.6365661621094,321.7567079982965,316.3159426317722,316.8814584828526,22529000
2023-06-12,323.5703430175781,323.81410551348466,317.0472562466259,320.3819105271756,24260300
2023-06-13,325.94952392578125,328.5724112174238,322.1468342809254,326.12502581181246,22951300
2023-06-14,328.9233093261719,330.58090595598725,324.50633474294636,325.9981598073163,26003800
2023-06-15,339.4149169921875,341.1114945004108,328.78687775426107,329.0598905688736,38899100
2023-06-16,333.7888488769531,342.70082003895476,333.41835487715986,342.5545684921727,46552000
2023-06-20,329.61566162109375,333.54511218147553,327.48029960440283,330.84423422142726,26375400
2023-06-21,325.2376708984375,329.30364243212927,323.78485594149885,327.9775589781728,25117800
2023-06-22,331.2342529296875,331.6340270315193,325.0231887076145,325.783726576518,23556800
2023-06-23,326.6612243652344,329.52787360599757,325.13041855453594,326.0176878258627,23146900
2023-06-26,320.40142822265625,327.7240333118318,320.29415725203825,325.39367934124914,21520600
2023-06-27,326.2225036621094,327.7630696544983,321.08397083431,323.5800965917035,24354100
2023-06-28,327.47052001953125,329.54738110019997,325.481409860504,326.31020823977883,20259500
2023-06-29,326.6904602050781,327.72401072843235,324.32109606698276,326.358946806659,16997000
2023-06-30,332.04351806640625,334.17887983586667,328.78685480648323,329.32312037613315,26832800
2023-07-03,329.55718994140625,332.39458944231734,328.1726353949494,330.72726202126387,12508700
2023-07-05,329.71307373046875,333.1257479250154,326.37842018095995,326.7294238151577,18172400
2023-07-06,332.7552795410156,334.43236661409844,327.1292521462773,328.8843301211992,28161200
2023-07-07,328.806396484375,333.2623825906087,328.591884271755,330.85400764917136,21214800
2023-07-10,323.5508728027344,326.8660670625544,319.4166697574399,326.25178071727987,32791400
2023-07-11,324.1748352050781,324.5550891855568,318.8413111644658,322.80001130179477,26698200
2023-07-12,328.786865234375,333.1258197926784,327.29503995487715,328.20182929500714,29995300
2023-07-13,334.11065673828125,335.16369770913235,330.56146024108614,331.0879956045949,20567200
2023-07-14,336.6262512207031,342.66181307865304,335.71946186556954,338.9176246633776,28352700
2023-07-17,337.10400390625,338.33254651423374,333.66207903866245,337.05523355881655,20363900
2023-07-18,350.52069091796875,357.62881326178683,333.63284869185065,337.20150526147,64738600
2023-07-19,346.2207336425781,353.4166072525743,343.64661716979606,352.72433009882633,39732900
2023-07-20,338.2156066894531,349.0386682151087,336.7530316118285,344.74845393864297,33778400
2023-07-21,335.1929626464844,341.56003861838775,331.35126286647005,340.4387369530099,69405400
2023-07-24,336.49951171875,338.2643797019485,333.7693834548789,337.2210689969038,26678100
2023-07-25,342.2230529785156,343.11035203179654,336.46050402116185,338.4495845575855,41637700
2023-07-26,329.3426208496094,336.07048951280683,324.7988843745913,332.92106736693563,58383700
2023-07-27,322.4684753417969,332.8137395746484,320.8401290613962,331.98497103853526,39635300
2023-07-28,329.92767333984375,331.52676966933615,324.8574310459994,325.3449560601863,28484900
2023-07-31,327.5387878417969,329.2743755389443,325.04263262807757,328.51383777853505,25446000
2023-08-01,327.94830322265625,330.0934250583603,325.37418677597503,326.827001708787,18311900
2023-08-02,319.32891845703125,325.3059805314277,318.2173470228,325.3059805314277,27761300
2023-08-03,318.5098571777344,321.6495195711113,317.81757996467144,317.86632056535905,18253700
2023-08-04,319.6019287109375,326.7783131025437,319.07539331182784,323.5996401737791,23741500
2023-08-07,321.8737487792969,322.8487988022052,319.3483727907042,320.17717126140934,17741500
2023-08-08,317.9150695800781,320.5477167225477,314.9411787114309,318.802368731708,22327600
2023-08-09,314.19036865234375,318.94858760325343,313.03978705069517,318.3245710835293,22373300
2023-08-10,314.8728942871094,320.0699275319088,313.16655676040074,317.8857952635295,20113700
2023-08-11,313.0008239746094,314.3658880842269,311.2457160426732,312.26953644201075,24355500
2023-08-14,315.9551696777344,315.97465996300735,312.09395075011946,313.37129346143496,18836100
2023-08-15,313.8295593261719,316.97898134379494,312.8935197157339,314.9411305404492,16966300
2023-08-16,313.0674743652344,316.9954936708588,312.48119971164607,313.45831419457073,20698900
2023-08-17,309.6280212402344,314.50381263909213,308.9733414603899,313.20426358487214,21257200
2023-08-18,309.2372131347656,311.0937247535903,304.4200159024574,307.29273496852556,24755000
2023-08-21,314.51361083984375,315.383227213463,309.7843803763491,310.65399674996837,24040000
2023-08-22,315.08026123046875,318.6174101401044,314.1031469540319,318.050696980202,16084600
2023-08-23,319.51641845703125,321.66608212966844,316.05742502712076,316.40920172771865,21166400
2023-08-24,312.6473083496094,325.35957674760573,312.6375276630827,325.23254709942444,23281400
2023-08-25,315.5884704589844,317.9139780573097,311.5041089468064,314.11301793529276,21684100
2023-08-28,316.29193115234375,318.68584344960186,314.3572339791844,318.207066953983,14808500
2023-08-29,320.8941345214844,321.45109687018396,314.51357886440167,314.51357886440167,19284600
2023-08-30,321.2654724121094,322.262118428765,318.97902814860515,321.14822344769897,15222100
2023-08-31,320.2590026855469,323.33690686450706,319.30141990622377,321.6660497077852,26411000
2023-09-01,321.1384582519531,324.3922364479654,319.30147820313266,323.7278057381443,14942000
2023-09-05,325.9165344238281,327.18680118433525,321.13845995330405,321.47067530997464,18553900
2023-09-06,325.2618408203125,326.80566842614127,322.62362005663084,325.7503980121673,17535800
2023-09-07,322.35980224609375,325.45723807010125,321.49993683780025,323.7082248346301,18381000
2023-09-08,326.6200256347656,328.4667861972207,321.92010767166425,322.5356945258159,19530100
2023-09-11,330.20611572265625,330.67514147324664,327.75354849431614,329.522123563775,16583300
2023-09-12,324.17718505859375,329.08231769406166,323.8938433949532,328.134515675664,17565500
2023-09-13,328.36907958984375,329.141008354495,323.59100543664357,323.7277859536388,16544400
2023-09-14,330.9486389160156,333.05917964974554,328.86738060055865,331.388322477558,20267000
2023-09-15,322.6626892089844,329.6783628105359,322.10572689470496,329.2093670251741,37679800
2023-09-18,321.52923583984375,322.83856545069517,318.8910152474716,320.29806225418173,16834200
2023-09-19,321.1286315917969,321.8517165023023,317.0833936077872,318.7054070395551,16505900
2023-09-20,313.428955078125,322.0471106852366,313.1749256275898,321.9689546587249,21436500
2023-09-21,312.21734619140625,317.9041588491349,307.79101939102566,311.9535360525413,35560400
2023-09-22,309.7550048828125,314.09339463566073,308.91467110299936,313.9663650092456,21447900
2023-09-25,310.27294921875,310.39997887585656,307.7910700190704,309.34467850848546,17836000
2023-09-26,304.99652099609375,308.650919524038,302.92501329864484,307.918083681108,26297600
2023-09-27,305.6316223144531,307.1070447852302,302.6025617027996,305.1528159801847,19410100
2023-09-28,306.462158203125,308.26004502387354,302.36804670236813,303.87278132742597,19683600
2023-09-29,308.52386474609375,312.1587314237549,307.77149741019485,310.4780935014134,24147300
2023-10-02,314.43536376953125,314.52333029570326,307.96687199890835,309.0417036720847,20570000
2023-10-03,306.2178955078125,314.03481069195016,304.0877634575696,313.48759919542874,21033500
2023-10-04,311.660400390625,312.71570064039577,306.8139213204077,306.84323355961436,20720100
2023-10-05,312.05126953125,312.6571055637684,307.6933472507753,311.78745935358154,16965600
2023-10-06,319.7704772949219,321.65630098463043,309.06128169271835,309.3055602997531,25673600
2023-10-09,322.2718505859375,322.7408463729551,315.78379722001137,317.31787385142707,19891200
2023-10-10,320.8746032714844,323.52257487302114,320.1710797301385,323.38576454759857,20557100
2023-10-11,324.81231689453125,325.2031566123962,321.6073834973841,323.629987237604,20063200
2023-10-12,323.5812072753906,325.99468102864705,321.1970457612764,323.00471335948436,19313100
2023-10-13,320.229736328125,326.19011074612195,318.8910644547027,324.7733126546174,21072400
2023-10-16,325.02734375,328.4472441018182,323.03402205271703,323.47370563502346,22158000
2023-10-17,324.4606018066406,325.8285559881701,319.91702585909127,322.0471280716989,18338500
2023-10-18,322.55523681640625,327.909834737972,320.7866620472197,324.8807739787621,23153600
2023-10-19,323.7375793457031,329.1703335138683,323.33695882729216,324.5485712503718,25052100
2023-10-20,319.1939697265625,324.32382025517603,318.0018889823848,324.1283854502297,25027700
2023-10-23,321.7832946777344,325.1152580837002,316.96612824184217,318.0213985858915,24374700
2023-10-24,322.96563720703125,324.24565474799095,320.1026990318568,323.71800459686386,31153600
2023-10-25,332.8736267089844,338.27706897512115,329.89340944141463,337.12405114410626,55053800
2023-10-26,320.38604736328125,333.8115893601042,319.45777677753637,332.7465382675552,37828500
2023-10-27,322.2621154785156,329.0139799295623,320.8843805209721,322.8679216685348,29856500
2023-10-30,329.5904541015625,331.6814932194884,324.23585648353105,325.77971392594014,22828100
2023-10-31,330.3721923828125,331.2418386618225,327.03047725787985,331.0952774404079,20265300
2023-11-01,338.1499938964844,339.46910432501784,331.8769062105877,332.01371654234873,28158800
2023-11-02,340.3485107421875,340.84681883225545,336.879736569886,339.29321044253436,24348100
2023-11-03,344.7259826660156,346.2796209573482,339.3811651738514,341.62854640879175,23637700
2023-11-06,348.37066650390625,349.3575617902242,345.2634492382275,345.36116666188184,23828300
2023-11-07,352.2791442871094,354.16496840883747,349.4455177601896,351.17499995929956,25833900
2023-11-08,354.8879699707031,355.54261993465985,352.2985928972702,353.4027369651116,26767800
2023-11-09,352.4353332519531,356.44150755023384,352.1128688580119,354.00847284569846,24847300
2023-11-10,361.2099304199219,361.63008249841977,352.8067397541227,353.2171111454846,28042100
2023-11-13,358.28826904296875,360.0373120121586,357.52612107178936,359.7930334339709,19986500
2023-11-14,361.7961120605469,363.43768679672274,358.94295491704753,362.51919694143055,27683900
2023-11-15,361.94305419921875,365.3307238214912,359.4365366374243,363.51938712911283,26860100
2023-11-16,368.3071594238281,368.48338982170065,362.4423444484434,363.2060393855787,27182300
2023-11-17,362.1192626953125,366.54477320500723,359.32882848725313,365.80064944827456,40157000
2023-11-20,369.55059814453125,370.95070053235196,363.24520725093254,363.46060991672704,52465100
2023-11-21,365.27191162109375,368.35606277121207,363.3626595435668,367.8175710979016,28423100
2023-11-22,369.9519958496094,371.8514473874102,367.13219027268104,370.0988544984735,23345300
2023-11-24,369.54083251953125,370.0695536363756,367.29872033158176,369.44291677497637,10176600
2023-11-27,370.6961364746094,372.683733332582,368.336537498751,368.9044009726802,22179200
2023-11-28,374.7007141113281,374.994431479148,370.2556020402747,370.4416329997911,20453100
2023-11-29,370.93115234375,376.26721663239306,369.55062106548934,375.7385254123956,28963400
2023-11-30,370.9898376464844,372.14516552640623,367.6217398530599,370.57860354905085,30554400
2023-12-01,366.6818542480469,370.25555453657734,363.54872995472044,368.8848238631299,33040500
2023-12-04,361.4241027832031,361.79613477265366,355.3145134346435,361.3849305128498,32063300
2023-12-05,364.7334289550781,365.28172122334854,357.9776614584204,358.7903292029664,23065000
2023-12-06,361.0911865234375,366.35873644463544,360.3372921206186,365.73212951183393,21182100
2023-12-07,363.1962890625,363.68583789268007,358.66306211428184,360.5331422311326,23118900
2023-12-08,366.4076843261719,366.6328576380953,360.53309906732864,361.48282487936234,20154400
2023-12-11,363.5389404296875,363.83268764840955,358.44765064841334,360.77790780370736,27708800
2023-12-12,366.5545654296875,366.59373770012405,362.7164896784692,363.0983520859286,24838300
2023-12-13,366.5447692871094,369.7464376106383,363.0200118977458,368.16027437565873,30955500
2023-12-14,358.2812194824219,365.9475713192963,356.51885554826436,365.50696539591144,43277500
2023-12-15,362.9808349609375,364.6159110894826,358.6238390376856,359.1819317961551,78502300
2023-12-18,364.8607177734375,365.2034079122954,360.97369907312446,361.72762335454945,21802900
2023-12-19,365.4579772949219,365.4579772949219,362.1094503782396,363.7249554315047,20603700
2023-12-20,362.8731689453125,368.1700908565403,362.78505374172363,367.1616214647713,26316700
2023-12-21,365.732177734375,366.58398798641923,362.3053356484184,364.7726511936181,17708000
2023-12-22,366.7503662109375,367.33783074743565,364.9194584779402,365.8691843460341,17107500
2023-12-26,366.8287658691406,369.06110753950185,365.6930088958422,367.1616555179138,12673100
2023-12-27,366.25103759765625,367.2203346368523,365.0173650898164,365.8789757378514,14905400
2023-12-28,367.43572998046875,368.59105792655595,366.3391454974242,367.5238451750327,14327000
2023-12-29,368.17987060546875,369.2764551389083,365.67338313483896,368.140698335078,18730800
2024-01-02,363.117919921875,368.0427796247224,359.1036138103624,366.0454121665628,25258600
2024-01-03,362.8536071777344,365.4580105992302,360.8072966064926,361.29684544783345,23083500
2024-01-04,360.2491455078125,365.3012923191343,359.49525117073273,362.92209250603474,20901500
2024-01-05,360.0631408691406,364.2830491168241,358.8392688743441,361.25764113124956,21004600
2024-01-08,366.85809326171875,367.35744261436474,361.2968258961624,361.58074269539895,23134000
2024-01-09,367.93511962890625,368.13092123395006,363.4312643972459,364.23413165308716,20830000
2024-01-10,374.7691955566406,376.1399561660862,368.45403366179033,368.50297659226095,25514200
2024-01-11,376.5903015136719,382.5138298348758,372.42913685903,377.93166039806545,27850800
2024-01-12,380.3500671386719,380.55566927985785,376.6099069263744,377.43234537080764,21661200
2024-01-16,382.1123352050781,385.79375102587426,379.51773304613687,385.4314897651499,27202300
2024-01-17,381.3291320800781,381.9557389879291,376.7665338147622,379.87028626114164,22234100
2024-01-18,385.63714599609375,385.7546329209657,381.96553019541545,383.5320922463087,23392100
2024-01-19,390.3368225097656,390.3368225097656,385.2748751705021,387.48764513323476,29331100
2024-01-22,388.22198486328125,392.24606151114637,385.3630068278654,391.6585969965062,27016900
2024-01-23,390.56201171875,391.0319893054533,385.69589563777015,387.4778603727062,20525900
2024-01-24,394.1455383300781,397.1513752160577,392.079656679383,393.14686950723774,24867000
2024-01-25,396.4072570800781,398.5025403738,394.1161721859946,395.8687653294727,21021200
2024-01-26,395.4869079589844,397.680107020746,394.0182614789132,395.9177133168471,17803300
2024-01-29,401.1558837890625,401.41045873539736,395.8785331996652,397.57238286313674,24510200
2024-01-30,400.04949951171875,404.41626660201007,397.9542461080957,403.64280098293807,33477600
2024-01-31,389.2696838378906,406.6388988452341,388.90742243854083,398.45362583308616,47871100
2024-02-01,395.3399963378906,399.4717890769623,393.401372487154,393.430744217634,30657700
2024-02-02,402.62445068359375,404.02455285240575,395.1245607036901,395.36933506381877,28256700
2024-02-05,397.1709289550781,402.5657662041655,395.5456233801517,401.3320936868834,25352300
2024-02-06,397.0142822265625,399.4424550677267,394.4882235276778,397.39614463854895,18382600
2024-02-07,405.3953857421875,405.640160164174,398.88439209328425,398.9235643671154,22340500
2024-02-08,405.4541015625,406.8738050650789,403.90714046810643,405.3953580956046,21225300
2024-02-09,411.7594909667969,412.0238664464446,406.41362634312986,406.5702855474464,22032800
2024-02-12,406.5800476074219,411.94548291897434,406.0806983084005,411.76925253567924,21202900
2024-02-13,397.82696533203125,401.4985815288795,394.9582163813525,396.4758057908408,27824900
2024-02-14,401.672119140625,402.01544302317166,396.8460672009255,400.2792461565028,20401200
2024-02-15,398.79803466796875,401.3189759217452,396.5713838346197,400.34788638470263,21825500
2024-02-16,396.3457946777344,400.49504745207923,395.73763633762957,400.17133095818804,22296500
2024-02-20,395.10003662109375,396.76756266074034,390.4112964520626,395.5414273661721,24307900
2024-02-21,394.5016784667969,394.60959394201785,389.63638185870155,392.53007321174096,18518900
2024-02-22,403.7908935546875,404.9483581581281,400.7697091781749,402.3587758261095,27009900
2024-02-23,402.5058898925781,407.92049268532105,401.1620503723916,407.7341476569605,16295900
2024-02-26,399.7593688964844,404.2911603614398,399.58278265548927,403.6045125913183,16193500
2024-02-27,399.70050048828125,400.5244598178457,396.13979878680874,400.2007433350152,14835800
2024-02-28,399.9359130859375,401.48573495033145,397.58173927175767,400.38712249937714,13183100
2024-02-29,405.7428894042969,406.29219561123216,398.17027676875426,400.83834831741547,31947300
2024-03-01,407.5673828125,407.93031407980567,403.0355914321904,403.41813008815376,17823400
2024-03-04,406.9984436035156,409.38204334564557,404.4480762959748,405.54668869062186,17596000
2024-03-05,394.9626770019531,406.3412180011649,392.991071894389,406.0567462440755,26919200
2024-03-06,394.41339111328125,397.4247865981622,390.784048581795,395.27659515513125,22344100
2024-03-07,401.32879638671875,401.9565620702222,394.56050584072034,398.3664344564578,18718500
2024-03-08,398.46453857421875,402.58436507476455,396.61060766849016,400.171309298901,18002200
2024-03-11,396.79693603515625,397.93479302965693,393.5991959671877,396.05146623078247,16120800
2024-03-12,407.3515625,407.63603426425436,399.02366133031137,399.8378019777306,22457000
2024-03-13,407.1749572753906,410.19614104443707,403.5946487063615,410.11768156800736,17115900
2024-03-14,417.10174560546875,419.6521126654565,410.0097692297409,412.2168124659908,34157300
2024-03-15,408.4698181152344,414.53182378938754,404.9091164524236,411.28501994441507,45079900
2024-03-18,409.3526306152344,412.69753127897746,405.8802070917239,406.34123515822085,20106000
2024-03-19,413.3645324707031,413.61957818454806,407.61639479250874,409.8528643144651,19837900
2024-03-20,417.1116027832031,417.8276466076136,412.62884514501485,413.94325853489937,17860100
2024-03-21,421.1725158691406,422.59484462108253,419.00471729967956,421.6237252238155,21296200
2024-03-22,420.55462646484375,421.6532390012991,417.9356179957843,421.4963200117596,17648500
2024-03-25,414.786865234375,419.25001591585095,413.56072987159786,417.1214317546939,18060500
2024-03-26,413.5999755859375,417.8571139836089,413.305715072137,417.48436404283126,16725600
2024-03-27,413.3841552734375,416.3465173372015,411.0103740796991,416.3366986755512,16705000
2024-03-28,412.6877136230469,413.81575210575176,411.11825446083225,412.9231220201488,21871200
2024-04-01,416.46417236328125,419.72079454258875,414.15903226844193,415.8560141116514,16316000
2024-04-02,413.3939514160156,414.31600751259526,409.8626759328322,412.08932675524255,17912000
2024-04-03,412.4228820800781,415.17923184367993,411.0888313055727,411.7166269488562,16502300
2024-04-04,409.9018859863281,420.48589287991564,409.5978068668824,416.87612828288866,19370900
2024-04-05,417.39605712890625,418.36717662742586,410.33353586981326,411.9912731648726,16554800
2024-04-08,416.48382568359375,419.12247124179834,415.21844567326013,417.0527692258899,14272400
2024-04-09,418.1415710449219,419.5736887198931,413.5705349702072,418.2985199584035,12496900
2024-04-10,415.1792297363281,415.93451830181,411.68719880938414,414.1296507389469,16216600
2024-04-11,419.7599792480469,421.1724892503074,414.29631416534033,417.6902776086561,17966400
2024-04-12,413.84515380859375,417.06253143112855,411.75581460240056,415.95410040174403,19253800
2024-04-15,405.7428894042969,418.6712525249299,405.5368771254888,418.4554515197094,20273500
2024-04-16,406.6649169921875,410.4119935798852,405.8311689524943,406.65512826574127,16765600
2024-04-17,403.9772644042969,410.88286711080787,402.49608331512337,409.28398181705415,15855500
2024-04-18,396.5517272949219,404.02627254838046,396.2378594372626,402.79031869935466,21029900
2024-04-19,391.50006103515625,397.73865251494925,390.17582902876677,396.3163237053195,30565800
2024-04-22,393.3049621582031,395.1588931129713,388.1944385754191,392.44175811164087,20286900
2024-04-23,399.7887878417969,400.40676483693346,395.3648819975192,396.52234656320184,15734500
2024-04-24,401.2503356933594,404.595236495939,399.0138660286807,401.74078982977966,15065300
2024-04-25,391.421630859375,392.25540884693,380.6218216022703,386.507271018032,40586500
2024-04-26,398.5626220703125,405.1150815807432,398.01331587991365,404.30094095620495,29694700
2024-04-29,394.5703430175781,398.56264677395114,391.56876617151903,397.5130677635141,19582100
2024-04-30,381.8970031738281,394.4820730278576,381.74008419354954,393.8248513162942,28781400
2024-05-01,387.3998718261719,394.05042796595137,382.85826224732904,385.11433904555116,23562500
2024-05-02,390.2445068359375,392.29460134045365,387.11540734616494,390.0679505478797,17709400
2024-05-03,398.8961181640625,399.37675358596374,394.18774100881984,394.5997356096934,17446700
2024-05-06,405.6447448730469,406.027283466649,398.6116206105037,400.95600534299797,16996600
2024-05-07,401.5249328613281,406.7531899905989,401.2797058272895,406.74337133005633,20018200
2024-05-08,402.7021179199219,404.3598554078132,398.9452222175611,400.37736994582315,11792300
2024-05-09,404.4481506347656,404.84050799997857,401.2896244521373,402.73156096887953,14689700
2024-05-10,406.8218688964844,407.44966453116945,403.93799631140473,405.0562460600837,13402300
2024-05-13,405.82135009765625,410.3629599472109,402.9767222457907,410.029454744504,15440200
2024-05-14,408.6070861816406,409.51932355356394,403.6927268958918,404.1537549120692,15109300
2024-05-15,415.75115966796875,416.46852499785643,410.0418061194269,410.6608977071615,22239500
2024-05-16,413.69744873046875,418.0507334531988,413.0685506371504,414.4934152171816,17530100
2024-05-17,412.9308776855469,415.5939551336606,410.7886480687753,415.2205329091171,15352200
2024-05-20,417.9720458984375,419.37726753163014,412.7147152549324,412.9309055053418,16272100
2024-05-21,421.60797119140625,425.46988664412265,417.49054998726376,419.43623228216074,21453300
2024-05-22,423.0622863769531,424.91956115828395,419.7310254046841,422.6397422694005,18073700
2024-05-23,419.6033020019531,426.0889796466093,418.0506847119264,425.4698880093599,17211700
2024-05-24,422.70855712890625,423.59296088139126,417.05816150216543,419.7900037534496,11855300
2024-05-28,422.86578369140625,423.35712243524114,419.2102222377172,422.1877338257991,15718000
2024-05-29,421.73577880859375,423.475107447148,418.31604980222716,418.31604980222716,15517100
2024-05-30,407.48687744140625,416.95003623481153,407.0643033400361,416.95003623481153,28394500
2024-05-31,407.93890380859375,409.53083651523417,397.5028738526741,409.53083651523417,47995300
2024-06-03,406.3568115234375,409.21640680558284,401.8365187640821,408.33200300435846,17484700
2024-06-04,408.8626403808594,409.22622626275023,402.58331667273,405.2856798357907,14348900
2024-06-05,416.66510009765625,416.7338647316788,409.0886349128657,410.57248754759564,16988000
2024-06-06,417.1662292480469,417.9425528471417,413.29447761268017,416.66508413024746,14861300
2024-06-07,416.50787353515625,418.89577271534046,415.67259164399417,418.8171717087438,13621700
2024-06-10,420.4581604003906,420.6645142506478,416.54712367097056,417.3430899394673,13982900
2024-06-11,425.18487548828125,425.3224647271418,417.8835891699695,418.10961578141064,14551100
2024-06-12,433.4197692871094,435.7192312163597,425.74505981738713,427.7792095971262,22366200
2024-06-13,433.9306945800781,435.709368351957,431.7589858154619,433.21335923548196,15960600
2024-06-14,434.903564453125,435.4636977946633,429.15489539650804,430.68786981308114,13582000
2024-06-17,440.60308837890625,443.1285766509554,433.08561180023855,434.9232138540311,20790000
2024-06-18,438.6082763671875,442.34246889984814,437.18341197055486,441.9198947788086,17112500
2024-06-20,437.9793701171875,438.79497924029823,433.6260860366594,438.5689526211533,19877400
2024-06-21,441.9886779785156,442.774807970896,438.77533339876635,439.63025801243765,34187100
2024-06-24,439.915283203125,444.9072720890794,438.67709986214254,442.0083612472025,15913700
2024-06-25,443.138427734375,443.60028735592437,439.01117026568124,440.4851865060809,16413400
2024-06-26,444.32745361328125,445.7425115856911,440.42622281234816,441.2221891732116,16507000
2024-06-27,445.0055236816406,448.2680202655606,443.94421515967235,444.3471165440364,14806300
2024-06-28,439.2077331542969,447.4916975183524,438.6770788922511,445.22171482768863,28362300
2024-07-01,448.81829833984375,449.447196335744,437.94005138791704,440.88808384173325,17662800
2024-07-02,451.3240966796875,451.6287242891569,445.2609636362825,445.3494309967801,13979800
2024-07-03,452.7882995605469,453.03396893483153,449.94837718806366,450.25300481306164,9932800
2024-07-05,459.460693359375,460.2370169877969,451.01949716215944,451.6483951731934,16000300
2024-07-08,458.1635437011719,459.598274429734,456.4143789671548,458.46817132419625,12962300
2024-07-09,451.5796203613281,459.23465638604694,450.06628863582495,458.91038601076474,17207200
2024-07-10,458.17340087890625,458.3797547644369,450.9113994976311,453.2305340754163,18196100
2024-07-11,446.8234558105469,456.72883147324404,443.7279978013262,454.96002402992053,23111200
2024-07-12,445.693359375,448.45468069664645,442.8436006787632,446.459846610387,16324300
2024-07-15,446.09625244140625,449.33910606074033,443.61007966105154,445.4476817175394,14429400
2024-07-16,441.73321533203125,446.4304129687703,438.9227718455909,446.3518119574386,17175700
2024-07-17,435.83709716796875,437.1440749862863,431.5722805813875,434.92321432561624,21778000
2024-07-18,432.74169921875,436.9475578488645,426.8751131633182,436.6429302135875,20794800
2024-07-19,429.5380859375,433.4983044830898,424.51661902840283,425.5975701209377,20940400
2024-07-22,435.26715087890625,436.89839903999433,431.3069619660928,434.1370778123692,15808800
2024-07-23,437.1440734863281,440.6227600869156,435.4243879336588,436.21051790501895,13107100
2024-07-24,421.4703674316406,433.8324669900576,420.18306232506063,432.82031037979385,26805800
2024-07-25,411.1522216796875,422.35473813773996,410.2776543804513,421.37206072933304,29943800
2024-07-26,417.9032287597656,421.49002544679837,410.04180915234855,410.95572197330205,23583800
2024-07-29,419.3379821777344,424.66407745687695,417.34314804369717,424.10394408211863,15125800
2024-07-30,415.593994140625,421.6177822082065,410.13027948455533,420.31083428857175,32687600
2024-07-31,411.1031188964844,414.47369536650564,405.0694649339739,413.21586942488864,42891400
2024-08-01,409.8845520019531,420.0552689925362,405.9341996877239,413.50082759098166,30296400
2024-08-02,401.4139099121094,407.81114983489476,397.3358044115477,405.3446197900361,29437900
2024-08-05,388.3049621582031,394.09294634268963,378.90073239916643,382.4285705967925,40709200
2024-08-06,392.687744140625,398.6427974223072,391.59698650264767,393.07100276300895,24946500
2024-08-07,391.52825927734375,402.9764482057157,390.584897105225,401.561419942009,20650900
2024-08-08,395.7143859863281,398.8294567188382,393.0120229903142,395.46871662305415,20203000
2024-08-09,398.9866943359375,400.9815283942931,395.2918474526737,397.03117577316215,19276700
2024-08-12,399.7630310058594,401.6792641246606,397.23754263585204,400.008700380632,16762900
2024-08-13,406.8382873535156,407.7620065253935,402.47519721922214,402.49483997156227,19414300
2024-08-14,409.6389465332031,410.48406481515934,405.3053649551057,407.61463319199424,18267000
2024-08-15,414.482421875,414.56116454959863,411.16483466760724,413.27153919674845,20752100
2024-08-16,411.9623107910156,414.78767417904004,410.8104924194718,414.05919164498346,22775600
2024-08-19,414.9746398925781,415.19121979816396,409.98347800679744,412.44459964164133,15234000
2024-08-20,418.1937561035156,419.2372692231651,415.08292494421295,415.1419894571752,16387600
2024-08-21,417.5440673828125,419.7689009161739,415.1616884163413,417.48497282390196,16067300
2024-08-22,409.0876159667969,420.1528389914807,408.1622318516386,417.7606059891525,19361900
2024-08-23,410.308349609375,412.73993890763575,405.68142906839694,410.4953972510095,18493800
2024-08-26,407.0596618652344,410.7907306533513,404.94310328054127,409.89487877847426,13152800
2024-08-27,407.4042663574219,407.9161688910183,403.8700989564779,406.43949576869113,13492900
2024-08-28,404.21466064453125,408.54622911327857,400.975815861933,408.42810007077503,14882700
2024-08-29,406.6954650878906,415.4865852646763,404.2146650393698,408.48716903331825,17045200
2024-08-30,410.6529541015625,410.9974871196902,405.72085639315753,409.1368946584357,24308300
2024-09-03,403.0726623535156,413.3503087826454,400.7001374742272,411.41094371784055,20313600
2024-09-04,402.5410461425781,404.8446523736478,398.0814949690352,399.59755429893164,15135800
2024-09-05,402.0389709472656,406.6757153578755,399.81410753750566,401.2809263113811,14195500
2024-09-06,395.4530334472656,404.26383081056673,394.5670056307313,402.6985610672717,19609500
2024-09-09,399.4105529785156,402.2949806412775,395.8960636873458,400.9069042814964,15295100
2024-09-10,407.75860595703125,409.85545615571755,401.359690310945,401.85191459141316,19594300
2024-09-11,416.4612121582031,417.39642045511704,403.2105102076021,409.03846009013733,19266900
2024-09-12,420.359619140625,420.7238603737511,413.22236565404535,416.7270008247058,17395700
2024-09-13,423.89373779296875,425.1144444971336,418.84351144501346,419.2077526362247,15874600
2024-09-16,424.632080078125,426.7880250402565,421.5606050753592,423.9035976857479,13834700
2024-09-17,428.38287353515625,434.9786922694464,425.54765628869114,433.3838900790578,18874200
2024-09-18,424.1103515625,429.2491750935579,423.71657808226,428.2351941115192,18898000
2024-09-19,431.8677978515625,434.63409626466625,430.1056262859268,434.36830593406904,21706600
2024-09-20,428.5009765625,432.4092391189892,427.4673174405253,430.42066355244185,55167100
2024-09-23,426.76837158203125,429.67247726227924,423.6968964015023,427.52638627626743,15128900
2024-09-24,422.4958801269531,426.61086866115505,419.4736152765213,426.26630559260894,17015800
2024-09-25,425.3901062011719,426.384408985251,421.9051794925785,423.14556440453987,13396400
2024-09-26,424.6025390625,428.53047950890726,422.45644824495844,428.3237537072511,14492000
2024-09-27,421.36370849609375,425.1341637224931,420.8222737453315,424.80927883764434,14896100
2024-09-30,423.6083068847656,423.7264659769529,418.7549815080826,421.5508124966524,16807300
2024-10-01,414.1476745605469,421.8165373929493,412.29690642757294,421.7870051373374,19092900
2024-10-02,410.6430969238281,416.24461251055664,410.22961524498584,416.00832438993655,16582300
2024-10-03,410.06231689453125,413.0254873918148,407.8473070657378,411.1353624953208,13686400
2024-10-04,409.5897216796875,413.2223397680441,408.51667620718774,411.73581262468696,19169700
2024-10-07,403.171142578125,410.6233966552464,402.6395318501973,409.5306729821077,20919800
2024-10-08,408.26068115234375,409.19591936395466,401.82240877121177,404.50993429186275,19229300
2024-10-09,410.9679260253906,413.84252930935924,407.8570646785986,409.3928021729279,14974300
2024-10-10,409.3731384277344,410.859665558973,406.7249690560659,408.77263914925425,13848400
2024-10-11,409.845703125,410.64310419410805,406.82343830885475,409.66850956364067,14144900
2024-10-14,412.621826171875,417.4456186019399,411.02699410502277,411.27310627026066,16653100
2024-10-15,412.2280578613281,415.9099165968068,408.8021954562943,415.6145639475164,18900200
2024-10-16,409.6488037109375,409.88506179410496,404.0965284555642,408.7135954364056,15508900
2024-10-17,410.2394714355469,415.9295838303706,409.127039576057,415.7917465890575,14820000
2024-10-18,411.6570739746094,413.12389293089865,409.78662744422246,410.6529471112624,17145300
2024-10-21,412.2674255371094,412.44461909285747,407.31564977599334,409.6487883889798,14206100
2024-10-22,420.86163330078125,423.8838676895073,411.5389037972299,411.9818876442807,25482200
2024-10-23,417.9969177246094,424.37612597688815,415.95910173602493,424.1595460644349,19654400
2024-10-24,418.1249084472656,419.35546932603506,415.83112614516494,418.7155536346828,13581600
2024-10-25,421.49169921875,425.7937351729216,419.9362835126177,420.1233311665373,16899100
2024-10-28,419.95599365234375,425.222800536086,419.67049509941035,424.9471560845272,14882400
2024-10-29,425.232666015625,426.43369473876635,419.17828193472,421.3440812856283,17644100
2024-10-30,425.8035888671875,431.68074872313076,425.3802831426112,430.6372355196224,29749100
2024-10-31,400.0307312011719,409.6881704469,399.9814907408766,408.9005934690843,53971000
2024-11-01,403.9881896972656,409.0384161036912,401.162826864631,402.64935394725995,24230400
2024-11-04,402.1078796386719,404.0374205874987,399.26283871579096,403.42703719981586,19672300
2024-11-05,405.06121826171875,408.4477238969609,401.7337771398714,402.0192756499378,17626000
2024-11-06,413.6456298828125,413.91145024796907,404.1358522419557,406.00632872643234,26681800
2024-11-07,418.8139953613281,420.2119257079772,413.35031719618456,414.7285393416903,19901800
2024-11-08,415.968994140625,419.8674028807744,415.2208034572557,418.70576053564287,16891400
2024-11-11,411.5093994140625,418.2036383732599,409.530647967578,415.9492425000552,24503300
2024-11-12,416.4512939453125,417.8393700894335,410.71197177263014,411.7456307950881,19401200
2024-11-13,418.5876159667969,422.6533640239858,411.7062988498683,415.0829808583345,21502200
2024-11-14,420.2513122558594,421.51140536702854,413.4684464166278,418.39068982634956,30246900
2024-11-15,408.54620361328125,416.2248913266483,407.2073678244848,413.2912534776132,28247600
2024-11-18,409.29443359375,411.8933627455597,405.6913474607701,408.41825976061074,24727000
2024-11-19,411.2928466796875,411.4405079817959,405.1498661250552,406.68560375296545,18133500
2024-11-20,409.02862548828125,410.8006513678973,404.19497823742415,410.38716964975555,19191700
2024-11-21,407.26287841796875,414.0790385036892,404.71793020151534,413.80284233986384,20780200
2024-11-22,411.3368225097656,411.73138418459337,405.4774898240383,405.7832773797643,24814600
2024-11-25,413.1025390625,415.36141754143,409.2160446876401,412.69810354496985,27691100
2024-11-26,422.17755126953125,423.21330950979313,413.161695275106,413.891635863064,23458900
2024-11-27,417.2455139160156,421.4279524571333,416.2886859362159,419.33671813500956,18332400
2024-11-29,417.70904541015625,419.1097738504757,412.1259094010287,414.38481768654003,16271900
2024-12-02,425.126953125,427.1195090506518,415.58826631722377,415.84474493949193,20207200
2024-12-03,425.343994140625,426.59673575541547,421.9309618493427,424.0024483022702,18302000
2024-12-04,431.4795227050781,433.69896602336337,426.7545660563865,427.1491277367897,26009400
2024-12-05,436.60888671875,438.62119043191433,430.2465005729482,431.9727342727058,21697800
2024-12-06,437.54595947265625,440.04159877439776,435.7703869006791,436.2931878578621,18821000
2024-12-09,439.9626770019531,442.2413029263077,434.51765390142566,436.5891402244184,19144400
2024-12-10,437.3092346191406,443.5138201555157,435.60274857576576,438.3548667232301,18469500
2024-12-11,442.892333984375,444.2338797106506,438.019420871054,438.019420871054,19200200
2024-12-12,443.45458984375,449.96496224230685,443.0106891858234,443.0106891858234,20834800
2024-12-13,441.1957092285156,445.2992167545738,439.5286583553318,442.34983294961415,20177800
2024-12-16,445.4570617675781,446.03904550783295,439.2327587604127,441.1957234184863,23598800
2024-12-17,448.2880554199219,449.1068002031095,443.4644812477741,444.8849272856994,22733500
2024-12-18,431.449951171875,446.50268918818665,431.08495074501275,445.19076476731374,24444500
2024-12-19,431.0948181152344,437.1612906860421,430.39446885306654,435.62247901256285,22963700
2024-12-20,430.670654296875,437.71367214918683,422.80889160222836,427.2280306144627,64263700
2024-12-23,429.3389587402344,431.70635881030796,426.9518110200716,430.80871372187636,19152500
2024-12-24,433.363525390625,433.6298778354008,428.2933464556966,428.74709084992185,7164500
2024-12-26,432.16009521484375,434.9516783695283,430.7002140852734,433.1169230295789,8194200
2024-12-27,424.68304443359375,429.30935275325726,420.5598195240772,428.69777768381334,18117700
2024-12-30,419.0604248046875,421.7434860363438,416.1702239850741,420.27373116896746,13158700
2024-12-31,415.77569580078125,420.9346790911402,414.94710727917607,420.313230174155,13246500
2025-01-02,412.8953552246094,420.2836558558519,409.21603069875914,419.7509810335182,16896500
2025-01-03,417.6005554199219,418.2713132207811,413.8423008464514,415.36136467137544,16662900
2025-01-06,422.0393981933594,428.4215306756368,419.70158985232825,422.1873550308068,20573600
2025-01-07,416.6338806152344,424.801430542522,415.0851952170159,423.1738448521772,18139100
2025-01-08,418.79412841796875,421.171402275518,415.81515330470927,417.70906128958796,15054600
2025-01-10,413.26031494140625,418.94206877538755,409.3836648034606,418.86316848876044,20201100
2025-01-13,411.52423095703125,412.8164377086338,406.690782868284,409.6007014640922,17604800
2025-01-14,410.0248718261719,414.03957499111027,405.14208486737954,412.1357932076061,16935900
2025-01-15,420.5203552246094,422.3353628905166,412.58953664498,413.43787278736687,19637800
2025-01-16,418.8138427734375,423.6571645662551,418.6264508238549,422.8779150872359,15300000
2025-01-17,423.20343017578125,428.57942688248704,422.3551241092644,428.1947089431654,26197500
2025-01-21,422.6806640625,425.0480643283389,419.8200541536477,424.3575888899967,26085700
2025-01-22,440.1402587890625,441.1957044539868,430.0787709144918,431.6175824572203,27803800
2025-01-23,440.643310546875,440.68277574358376,435.50407496539947,435.9972845633218,18389300
2025-01-24,438.029296875,440.5841189283991,435.40541825453283,439.1143639891968,15549500
2025-01-27,428.6582946777344,429.2896173703644,417.7485015093757,418.2515848986201,35647800
2025-01-28,441.1266784667969,442.29064589853647,425.52151949148305,428.69779052094407,23491700
2025-01-29,436.3227844238281,440.81100977301065,434.41900262341227,440.6235877197962,23581400
2025-01-30,409.35406494140625,417.11717867451154,407.548931179693,413.08272804700266,54586300
2025-01-31,409.4231262207031,414.97667080056476,409.2751693701902,413.2899024984714,34161900
2025-02-03,405.3393859863281,409.7683985075356,403.1100689884043,406.01014380943144,25679100
2025-02-04,406.7696838378906,408.29865167160733,404.1753965052981,407.0853452090854,20532100
2025-02-05,407.67718505859375,408.20982973334895,404.82641922275565,406.74994863541014,16316700
2025-02-06,410.1728210449219,412.5205034548323,408.37753095462284,408.37753095462284,16309800
2025-02-07,404.1852722167969,412.96439718513943,402.5576865372201,410.82388435232116,22886800
2025-02-10,406.6217346191406,409.81772327895646,405.3394016663598,408.0914896331453,20817900
2025-02-11,405.8523254394531,406.88805357704496,403.741373863551,404.07678288840276,18140600
2025-02-12,403.48492431640625,405.17169274595005,398.8783333348811,401.67976029438313,19121700
2025-02-13,404.96453857421875,405.4182829681306,400.8412835235649,401.4726062482461,23891700
2025-02-14,402.8831787109375,403.3566707547541,400.3678218416371,402.25188608897315,22758500
2025-02-18,404.0767822265625,405.0237362453633,400.9794114377888,402.4590402622825,21423100
2025-02-19,409.1370849609375,409.8473079963777,402.11378500109834,402.34067225656025,24114200
2025-02-20,411.3016662597656,414.4447616167347,407.75332449561745,410.47141636340496,23508700
2025-02-21,403.47357177734375,413.1993956224997,403.15730762956775,412.4976421272199,27524800
2025-02-24,399.3124084472656,404.62009578289485,394.6867174896375,403.7700887978409,26443700
2025-02-25,393.2831726074219,397.2565479767241,392.0971142682963,396.4460551720573,29387400
2025-02-26,395.09197998046875,398.9170718958632,389.6755530638089,393.3919357776839,19619000
2025-02-27,387.97552490234375,401.03224256641477,387.6197164134029,396.61410618114576,21127400
2025-02-28,392.3837585449219,393.0163471729864,382.0846775634414,388.1040123360274,32845700
2025-03-03,383.9823913574219,394.1925506012372,381.6794393165997,394.1925506012372,23007700
2025-03-04,384.1009826660156,388.0249203607145,376.5792952112664,378.9514422192701,29342900
2025-03-05,396.3669738769531,397.0094560898268,384.2986543499986,384.822503579622,23433100
2025-03-06,392.2849426269531,397.4838909032578,388.12376908504734,389.70521049036057,23304600
2025-03-07,388.7464294433594,390.21913135054257,381.0665954583891,387.76792604607476,22034100
2025-03-10,375.7490234375,381.9166113327009,372.8431337183802,381.3631114017718,32840100
2025-03-11,376.03570556640625,381.5212976511773,372.53677123025375,374.6025176419591,30380200
2025-03-12,378.82293701171875,380.7503233781215,374.55308456142495,378.5066728711865,24253600
2025-03-13,374.3751525878906,380.8491715851453,373.07049136146827,378.71423026442886,20473000
2025-03-14,384.05157470703125,385.7022111357248,375.10659301872727,375.3734493768336,19952800
2025-03-17,384.1899719238281,388.15342385678485,381.0962841175908,382.2131776873556,22474300
2025-03-18,379.0700378417969,382.87537263830677,376.67813379609476,382.57886557924786,19486900
2025-03-19,383.3201904296875,385.1585946525035,379.5445060727477,381.0567525075918,19185500
2025-03-20,382.3515625,387.244140619299,378.8328709429988,381.26431956643484,18470500
2025-03-21,386.72027587890625,387.19468720298374,378.35841433019584,378.7735544022507,39675900
2025-03-24,388.5191345214844,390.81222312553433,385.28708673252123,390.81222312553433,21004500
2025-03-25,390.5749816894531,391.7610400507305,388.08423198363494,389.3493790004213,15775000
2025-03-26,385.4452209472656,390.72325787798576,384.0614710304359,390.4168571879551,16108400
2025-03-27,386.0480651855469,387.6888077325019,382.9049701422927,385.60330465875484,13766800
2025-03-28,374.40484619140625,384.61500612887534,372.5565482590105,383.5771709738401,21632000
2025-03-31,371.034423828125,372.694923815259,362.9789628551185,368.2174858935481,35184700
2025-04-01,377.7554931640625,378.4078388750376,368.89946352111616,370.30297052308924,19689500
2025-04-02,377.7060546875,380.6119141988697,372.25008378933455,373.5844258095808,16092600
2025-04-03,368.7807922363281,373.10011248760316,365.06444000689004,370.4413221297822,30198000
2025-04-04,355.664794921875,370.2436515761853,355.30898645827625,359.90502676066706,49209900
2025-04-07,353.707763671875,366.6953157485582,340.7894367933375,346.8087713756296,50425000
2025-04-08,350.4460754394531,369.3145725706382,346.18608632628985,363.98712785508354,35868900
2025-04-09,385.95916748046875,388.66739600040677,349.00301621371585,349.43791334353114,50199700
2025-04-10,376.92523193359375,379.44563241847453,363.5324334212975,377.6269854135807,38024400
2025-04-11,383.94287109375,385.52428234575257,374.4937970946495,376.2234920445777,23839200
2025-04-14,383.3102722167969,390.0709046779098,379.75203666792555,388.6575040815548,19251200
2025-04-15,381.2544250488281,387.3429548173336,379.702634359307,384.0021677861047,17199900
2025-04-16,367.2981872558594,377.182157055766,363.73008863656446,376.25309164497827,21967800
2025-04-17,363.5126647949219,369.9767899290697,362.6330071079686,369.41339637295704,21120200
2025-04-21,354.95318603515625,360.2510105389955,351.5432339047138,358.6102676210093,20807300
2025-04-22,362.5638122558594,363.5027713530303,355.6845470865514,359.1637239988867,19485000
2025-04-23,370.0459899902344,375.9763723537339,368.69186067990836,371.6965961898571,20545500
2025-04-24,382.80621337890625,383.94289425966036,370.8367380816756,371.34083029267134,22232300
2025-04-25,387.30340576171875,387.60980644654984,380.1375268589871,382.5096738423667,18973200
2025-04-28,386.62139892578125,388.18305301396595,382.1538550582223,387.41210451108003,16579400
2025-04-29,389.4679870605469,390.51568553400665,385.85045019118235,386.75975859738145,14974000
2025-04-30,390.673828125,392.05757796403765,379.979364791359,385.77135703314644,36461100
2025-05-01,420.4641418457031,431.9196612018972,419.96994327038766,426.10788113002934,58938100
2025-05-02,430.2294921875,434.3412277785372,425.0008630376841,426.7305579775838,30757400
2025-05-05,431.10919189453125,434.40054108405303,427.09627177369964,427.8474632490504,20136100
2025-05-06,428.2823486328125,432.65107712392626,426.1671945058241,427.18524232094876,15104200
2025-05-07,428.3218994140625,433.0365428333408,426.1078693467033,428.80620435216304,23295300
2025-05-08,433.0859680175781,438.5221520354275,430.60508165893515,432.8487322038109,23491300
2025-05-09,433.63946533203125,435.6261229679929,430.8225275981773,434.89471877509555,15324200
2025-05-12,444.0472717285156,444.15598092637396,434.6772567640601,440.7657862582039,22821900
2025-05-13,443.9287109375,445.4409573721911,440.19254074927665,442.5844751269483,23618800
2025-05-14,447.6846008300781,448.6334536340928,442.940306646518,442.940306646518,19902800
2025-05-15,448.6946105957031,451.7246558325709,446.0210270484144,446.3576953837484,21992300
2025-05-16,449.82342529296875,449.91254071320964,444.3376746324017,447.6251542704443,23849800
2025-05-19,454.37841796875,455.0913715701619,446.3874026485213,446.46663650360125,21336500
2025-05-20,453.6852722167969,453.8535912700005,449.87295142774695,451.13050930908776,15441800
2025-05-21,448.14013671875,453.29913144928145,447.3875661224604,450.1205602088895,19216900
2025-05-22,450.40765380859375,455.74490907390424,449.4570590917957,450.4967994491365,18025600
2025-05-23,445.7734680175781,449.2491205375805,444.51591011589574,445.5754438212613,16883500
2025-05-27,456.1806335449219,456.43809825868186,451.6553587930952,452.0118507212909,20974300
2025-05-28,452.8832092285156,457.9927052337918,452.45742544945836,456.70544210957024,17086300
2025-05-29,454.1902770996094,457.2005290082406,450.8532686393741,457.0321797296883,13974800
2025-05-30,455.85382080078125,457.16090743162863,451.081023612945,455.22010105843367,34770500
2025-06-02,457.44805908203125,457.58667299374565,452.41779739511384,452.66535029783114,16626500
2025-06-03,458.4382629394531,459.59682380087423,456.3489007620485,456.95294554827,15743800
2025-06-04,459.3294677734375,461.1316602074749,458.48778183720145,459.4582001214203,14162700
2025-06-05,463.1021728515625,465.05289099241804,459.487906406924,460.40879598021155,20131700
2025-06-06,465.7757568359375,468.7067748339504,464.19141216551986,465.4885869985769,15285600
2025-06-09,468.12255859375,468.7958952647425,464.0329796350046,465.10242514198006,16469900
2025-06-10,466.3104553222656,468.1720277278758,462.38919566775553,466.5778015728124,15375900
2025-06-11,467.99383544921875,470.81594475736864,465.0628173622344,465.4192790589967,16399200
2025-06-12,474.1826477050781,475.7174938929388,468.88500933710617,470.37032681118086,18950600
2025-06-13,470.3109130859375,474.48960742449077,468.13246560456287,471.74673205457395,16814500
2025-06-16,474.45001220703125,475.98482813726486,470.3505215770748,470.5584575569121,15626100
2025-06-17,473.3607482910156,474.0538782600282,469.43948870872424,470.7465752361547,15414100
2025-06-18,475.5392150878906,476.29178558337986,469.81579317674493,473.3211507460615,17526500
2025-06-20,472.72705078125,478.72773115460745,472.2022397987241,477.50979012623617,37576200
2025-06-23,481.24285888671875,482.97572926336846,467.8849134818946,473.52910172023695,24864000
2025-06-24,485.3125915527344,487.0355802812341,482.03499358247046,484.16397269221426,22305600
2025-06-25,487.45147705078125,489.71907018583636,484.59969288856837,487.2237477118272,17495100
2025-06-26,492.5807800292969,493.1650012559548,487.9861836300842,488.15453290095326,21578900
2025-06-27,491.0855407714844,494.41263722515527,488.20402140418383,492.6797669341534,34539200
2025-06-30,492.5411682128906,495.8583832017286,490.4815111095117,492.17479474651304,28369000
2025-07-01,487.233642578125,493.1749126279045,486.17413905224953,491.61039147776194,19945400
2025-07-02,486.2830505371094,488.66946431331223,483.9164603345879,485.1938116448169,16319600
2025-07-03,493.9571533203125,495.2345347518064,488.6100166980764,488.9763901568408,13984800
2025-07-07,492.84814453125,493.86806132382594,490.38252718836065,492.51147619590915,13981600
2025-07-08,491.7589111328125,493.3234624825612,489.27347018920887,492.37283752871576,11846600
2025-07-09,498.5814514160156,501.8194324629264,494.84833435120834,495.4028504286207,18659500
2025-07-10,496.5713806152344,499.50239882384955,492.87788004768845,498.125990037999,16492100
2025-07-11,498.3933410644531,500.08659454551145,492.9273533491097,493.59080845907414,16459500
2025-07-14,498.0962219238281,499.03693501960714,496.1257105345073,496.61090454240406,12058800
2025-07-15,500.868896484375,503.32460219529884,497.8685561993719,498.096285553545,14927200
2025-07-16,500.67083740234375,501.760076321519,496.97736708309617,500.23514183467364,15154400
2025-07-17,506.6913146972656,508.34495123446135,500.67081092720053,500.7302212088446,17503100
2025-07-18,505.05743408203125,509.6025320949179,502.4630844244223,509.4440643876484,21209700
2025-07-21,505.0673522949219,507.0775109565722,500.6014880788464,501.75013722027745,14066800
2025-07-22,500.32421875,506.19619667447284,500.32421875,505.968437121084,13868600
2025-07-23,500.9183654785156,501.82937349813983,495.7989881406536,501.78975657062705,16396600
2025-07-24,505.8793029785156,508.6419715627398,502.33432855643633,503.7899408054956,16107000
2025-07-25,508.681640625,513.2167663968169,505.3643953860848,507.4537274302719,19125700
2025-07-28,507.48345947265625,509.9589885432546,505.12675096242896,509.0480107678364,14308000
2025-07-29,507.55279541015625,512.5533521818816,506.5526719682665,510.4838436674275,16469200
2025-07-30,508.2162170410156,510.89971236727115,504.4534248625209,510.12731827097724,26380400
2025-07-31,528.2779541015625,550.0131135040644,526.6936395202101,549.7952354974353,51617300
2025-08-01,518.9798583984375,530.5554360086387,515.7616702567567,529.7632787074629,28977600
2025-08-04,530.39697265625,532.981410508703,522.960473635689,523.0991177691142,25349000
2025-08-05,522.5841674804688,532.0406760929504,522.0791498987046,531.9218555369729,19171600
2025-08-06,519.8016967773438,526.4955370830186,518.9006307843745,525.70337986457,21355700
2025-08-07,515.7418212890625,522.9208551796034,512.483986539974,521.6434435727333,16079100
2025-08-08,516.9299926757812,519.5243419856868,514.3257315807846,517.4845087014622,15531000
2025-08-11,516.6627807617188,522.4258201385037,514.6327984158801,517.1875615378566,20194400
2025-08-12,524.0595703125,525.7825288027884,517.5836082950698,518.6233183732385,18667000
2025-08-13,515.4844360351562,527.4857972911225,514.2862580919234,526.901545781552,19619200
2025-08-14,517.36572265625,520.8017882377586,515.0486614235291,517.4449565045493,20269100
2025-08-15,515.0783081054688,520.9502551513766,513.9990113965767,517.6528943134479,25213300
2025-08-18,512.0383911132812,517.7024328589179,508.9885829187347,516.4844919382945,23760600
2025-08-19,504.7801818847656,510.11740696385556,503.5721224631474,509.9589996924715,21481000
2025-08-20,500.76983642578125,505.9981527246316,499.5023667236012,504.87920872605446,27723000
2025-08-21,500.1251220703125,503.48747238505433,498.6175369804135,499.57962247206007,18443300
2025-08-22,503.09075927734375,506.5621975190336,498.3100856343386,500.13506667774504,24324200
2025-08-25,500.14495849609375,504.0428801746979,500.0060864475961,502.4956130920682,21638600
2025-08-26,497.94305419921875,500.85906441774694,494.44186237473224,500.2440985723917,30835700
2025-08-27,502.604736328125,503.1502662118434,495.8205578102606,497.9034268047853,17277900
2025-08-28,505.4810485839844,506.919197559233,501.3748189208979,502.9518399416591,18015600
2025-08-29,502.5551452636719,505.44140176386463,500.3730863144936,504.5090702372647,20961600
2025-09-02,500.9979248046875,501.87074834041937,492.75574161607386,496.38587753866574,18128000
2025-09-03,501.22607421875,503.64616490840893,498.220801883355,499.6788070917271,16345100
2025-09-04,503.82470703125,504.00323087503085,499.0440334241921,500.1846427841772,15509500
2025-09-05,490.9605407714844,507.79205789513924,488.35199810583333,504.9157294675595,31994800
2025-09-08,494.1344299316406,497.1099483047291,490.990285532587,494.0451377441344,16771000
2025-09-09,494.3426818847656,498.15134157087306,493.6384843818268,497.33802599365555,14410500
2025-09-10,496.2867431640625,499.1234199731124,492.6665349159027,498.8754600894228,21611800
2025-09-11,496.9214782714844,499.06385505423435,493.8170160390995,498.1513494682616,18881600
2025-09-12,505.7389221191406,508.3672905695674,499.73830564164535,502.51544395369297,23624900
2025-09-15,511.1543884277344,511.2634762434591,502.86262476523797,504.63802593930427,17143800
2025-09-16,504.885986328125,513.0091239663263,504.4495745277025,512.6620043570016,19711900
2025-09-17,505.8579406738281,507.1175961354426,501.80132099339164,506.4530503919847,15816600
2025-09-18,504.30078125,508.883074673213,503.5172196080818,507.31595138937655,18913700
2025-09-19,513.7034301757812,515.0622454615835,506.1456179521661,506.39357782967863,52474100
2025-09-22,510.2518615722656,513.5149918534414,508.3574141571104,511.38257317258103,20009300
2025-09-23,505.0744323730469,510.3907077578639,503.17008724169204,509.60711582016205,19799600
2025-09-24,505.98687744140625,508.29784998729696,502.7832554652563,506.21501140620444,13533700
2025-09-25,502.8923645019531,505.84805701475193,500.9186136455738,504.15198973027213,15786500
2025-09-26,507.28619384765625,509.74596656687834,502.4856945681329,505.8976246789574,16213100
2025-09-29,510.4004821777344,512.6321206141573,504.72719041048674,507.32580454682284,17617800
2025-09-30,513.7233276367188,513.9315752068396,505.5009689622067,509.05174137547954,19728200
2025-10-01,515.4688720703125,516.2623314762835,507.51430077675985,510.5989067561486,22632300
2025-10-02,511.53125,517.3434144406598,506.51254498360566,513.4157691025699,21222900
2025-10-03,513.1281127929688,516.2425031799986,510.7973143114264,512.8801529316524,15112300
2025-10-06,524.256591796875,526.6965386672223,513.9712214168786,514.377848960065,21388600
2025-10-07,519.7039794921875,525.4764919541412,517.1847292577561,523.9788048028778,14615200
2025-10-08,520.56689453125,522.6497936321297,518.8213080060119,519.0097599169904,13363400
2025-10-09,518.1369018554688,520.0511445409561,513.1777050939771,518.0773939158137,18343600
2025-10-10,506.7903137207031,519.3073539147757,505.4711804745103,515.3995037763443,24133800
2025-10-13,509.8550720214844,512.1957986627914,507.50441729945595,512.1957986627914,14284200
2025-10-14,509.3790283203125,511.07509568876407,501.87079590760095,506.0662879637401,14684300
2025-10-15,509.2401428222656,512.9694689959882,505.83814063109804,510.75768630195654,14694700
2025-10-16,507.43499755859375,512.6322269089161,503.98341543309897,508.3971133632887,15559600
2025-10-17,509.3889465332031,511.2734052578957,503.1700935064365,504.8859867353243,19867800
2025-10-20,512.5726928710938,514.4671401409408,509.2401268135401,510.41049011219013,14665600
2025-10-21,513.4356079101562,514.4572316509175,508.8533142722573,513.2769402267872,15586200
2025-10-22,516.2920532226562,520.9437823737373,513.4851913413816,516.8971212574951,18962700
2025-10-23,516.3119506835938,519.6743010066873,514.3778516149157,518.1964698863214,14023500
2025-10-24,519.3370361328125,521.0628270774097,516.4607380708425,518.5237205252405,15532400
2025-10-27,527.1825561523438,530.2175826339089,524.6930292943027,527.4404441110845,18734700
2025-10-28,537.6464233398438,549.2013167264516,536.3570441492753,545.511702993095,29986700
2025-10-29,537.130615234375,541.8121286840217,532.3499420595073,540.4929653309738,36023000
2025-10-30,521.469482421875,530.6042843733296,517.8591725476514,526.150935240438,41023100
2025-10-31,513.5844116210938,525.0004940086545,510.89650476941233,524.5640822050067,34006400
2025-11-03,512.810791015625,520.6760707602963,510.3907002836433,515.5680732671589,22374700
2025-11-04,510.1328430175781,511.342858187808,503.6957838776707,507.5838081580189,20958700
2025-11-05,503.02130126953125,510.6287232020861,502.4460174356622,509.11117977922714,23024300
2025-11-06,493.04339599609375,501.5732213085109,491.7639146320967,501.53353925537283,27406500
2025-11-07,492.76568603515625,495.30479262227396,489.2248119110569,492.89463000746537,24019800
2025-11-10,501.87078857421875,502.7138582055711,494.729532044403,495.9594336108676,26101500
2025-11-11,504.5289001464844,505.4414057875519,498.2505695472254,500.68055811559174,17980000
2025-11-12,506.9688415527344,507.494515261433,495.0469117437556,505.203338237195,26574900
2025-11-13,499.1828918457031,509.3095642884979,497.1992129195551,506.1455939798088,25273100
2025-11-14,506.0166320800781,507.42505738590404,493.38060745410195,494.16416907736203,28505700
2025-11-17,503.34857177734375,507.9407930820625,500.78963942134817,504.3007594029326,19092800
2025-11-18,489.7604064941406,498.8754133867433,482.8076023204449,491.32749949419616,33815100
2025-11-19,483.14483642578125,491.14898819063853,478.88983663624714,486.1005289347495,23245300
2025-11-20,475.41387939453125,490.45844852333465,472.50235794747454,489.60385435710714,26802500
2025-11-21,469.1436462402344,475.9007957312625,465.3179114267742,475.4834301610789,31769200
2025-11-24,471.0118103027344,473.89352206444323,465.0694984877541,472.0055061050608,34421000
2025-11-25,473.9829406738281,476.12932719889915,461.9592459889855,471.08136597664605,28019800
2025-11-26,482.4393310546875,485.23161394332453,478.1664510662567,483.244222260298,25709100
2025-11-28,488.9082946777344,489.5243812398697,483.5820692635899,484.5260924315005,14386700
2025-12-01,483.6714782714844,486.7718042788117,481.59465771305275,485.3607732415945,23964000
2025-12-02,486.91094970703125,490.38888506208144,483.2541563831954,483.6516286444489,19562700
2025-12-03,474.7182922363281,481.18723109312356,472.2042431453193,473.3171775583083,34615100
2025-12-04,477.8087158203125,478.28570075231454,473.48613274494215,476.7355376297969,22318200
2025-12-05,480.11407470703125,480.35255199911325,475.86105782216015,479.4780948278929,22608700
2025-12-08,487.9245300292969,489.1964595164875,481.32640529111774,481.8331998835391,21965900
2025-12-09,488.9181823730469,489.01755801519323,485.42038417588924,486.016607703579,14696100
2025-12-10,475.5430908203125,481.1972227192708,472.0850182923752,480.9786084159209,35756200
2025-12-11,480.422119140625,482.96597801292137,472.86007818396723,473.6252433732215,24669200
2025-12-12,475.51324462890625,479.40854546431024,473.3370484252935,476.79512068758515,21248100
2025-12-15,471.82666015625,477.6894594742654,469.5411415575728,477.0733729131614,23727700
2025-12-16,473.38677978515625,474.87732355778707,467.911505956298,468.9350114671635,20705600
2025-12-17,473.1184387207031,476.9739832708393,472.0055042784347,473.903466892556,24527200
2025-12-18,480.92889404296875,486.5134594689822,474.8772903878124,475.17538699144035,28573500
2025-12-19,482.8566589355469,484.77448448182145,479.4482594182398,484.2875529363844,70836100
2025-12-22,481.8630065917969,485.64898536737695,479.6470539215635,483.0554234208069,16963000
2025-12-23,483.7807922363281,484.75459468390824,481.6840783901604,481.922585996358,14683600
2025-12-24,484.94342041015625,486.0762481946253,481.77352833631136,482.61817584356095,5855900
2025-12-26,484.6353759765625,485.0427948985028,482.8964083055729,483.64168016456847,8842200
2025-12-29,484.02923583984375,485.27135560420123,481.1276307272214,481.80333660098637,10893400
2025-12-30,484.4068298339844,486.5929423552436,482.4393012721813,482.8665831796088,13944500
2025-12-31,480.5711669921875,485.06269150087525,480.25317705215497,484.7645645601486,15601600
2026-01-02,469.95849609375,481.6046121327098,467.1960229709088,481.3363251826272,25571600
2026-01-05,469.8691101074219,473.06881210295353,466.54022279348425,471.07147364955256,25250300
2026-01-06,475.493408203125,475.7219388392127,466.7886229022075,470.8130789419108,23037700
2026-01-07,480.422119140625,486.6128550141313,474.936929133209,476.73551614076564,25564200
2026-01-08,475.09588623046875,479.61722033317443,472.8600706717694,478.20615894860083,18162600
2026-01-09,476.2585144042969,476.7951186190047,469.2231615927928,471.0714211959582,18491000
2026-01-12,474.1717529296875,477.95773148860775,472.68120923483104,473.6649886945649,23519900
2026-01-13,467.70281982421875,472.7805908527595,463.01257439213845,471.68751939768345,28545800
2026-01-14,456.4839782714844,465.2483824443871,454.2879190598576,463.51933114332076,28184300
2026-01-15,453.7811279296875,461.32327541703046,453.02590941718984,461.1940901109254,23225800
2026-01-16,456.9609375,460.26996150673693,453.60227115836847,454.9437362325269,34246700
2026-01-20,451.6546325683594,453.92025792216236,446.4476759522066,448.3754483517362,26130000
2026-01-21,441.31024169921875,449.836168925793,435.9144806057656,449.74673993987386,37980500
2026-01-22,448.2959289550781,449.9851935867555,441.89652570286836,444.79810039972057,25349400
2026-01-23,463.0125732421875,468.1301005814363,447.6897705604439,449.02131930234236,38000200
2026-01-26,467.3152770996094,471.2602507862521,459.0874767807031,462.3766075757791,29291200
2026-01-27,477.5503234863281,479.82589540353166,470.17711748937944,470.7137217228436,29213900
2026-01-28,478.5937194824219,480.69040309270366,474.9865988275796,480.16374552458444,36875400
2026-01-29,430.76715087890625,439.7104135269112,418.36581575660404,437.2162272399066,128855300
2026-01-30,427.577392578125,436.8286984461687,423.7616041817895,436.4014165119217,58566800
2026-02-02,420.7010192871094,428.0245530606437,419.58808475506504,427.5277051213245,42219900
2026-02-03,408.6176452636719,419.3893041977899,405.9843574339844,419.34957819955315,61424100
2026-02-04,411.578857421875,417.15347618992746,406.66005118226167,408.40896545860215,45012400
2026-02-05,391.188232421875,405.72597626088844,389.84673704915224,404.87141244319446,66289200
2026-02-06,398.61114501953125,399.25704122003975,390.4429643868461,396.6535630940219,53515300
2026-02-09,410.9925842285156,412.2744602868579,398.34282592261525,402.297746078297,45480500
2026-02-10,410.6646728515625,421.0090502850332,410.0982892644293,416.97464756162884,44857900
2026-02-11,401.8207702636719,413.8345489802859,398.4819668946231,413.5563153661985,42491000
2026-02-12,399.30670166015625,403.6392309547976,395.5008602319473,402.4467839094351,40802400
2026-02-13,398.7900085449219,402.98340606348665,395.54060384789733,401.90028127287496,34091600
2026-02-17,394.3581237792969,397.9950542597942,392.04282577248057,396.7032617740463,32078800
2026-02-18,397.08087158203125,400.02220283554806,393.82155037537984,395.62013745533494,23223400
2026-02-19,396.8517761230469,402.7976819572589,395.0690225854118,399.07278661262325,28234000
2026-02-20,395.6267395019531,398.5050592846536,393.56508699389525,394.51123443489973,34015200
2026-02-23,382.918212890625,393.7642431363039,381.55374731391754,393.4057107487328,43238300
2026-02-24,387.4299621582031,387.7884945775691,380.16937672197673,382.58959213032324,33884700
2026-02-25,398.9831237792969,399.84960746436826,388.5852587696308,388.95376053046306,43625500
2026-02-26,400.0986022949219,405.8453028142193,397.1306190557743,403.0765245044552,34405900
2026-02-27,391.15484619140625,395.2183958601928,388.30640407164015,389.30236795593413,51367200
2026-03-02,396.9413757324219,399.57073485574693,389.0533591512552,391.2743390590049,35474900
2026-03-03,402.2996826171875,405.05852201627056,391.0851500003899,391.5532542396072,38199200
2026-03-04,403.5645751953125,409.3710312257941,398.69429724653685,399.6504140582061,35808000
2026-03-05,409.0224304199219,409.9486695143622,402.7677785996419,402.78771732924594,39001300
2026-03-06,407.30938720703125,411.38287590243635,406.8612216895844,407.54843921074234,31123900
2026-03-09,407.757568359375,408.55432729115563,401.8714182880504,403.2857003455267,30131900
2026-03-10,404.122314453125,408.5443965203919,401.30371964643086,408.37506928692744,31706400
2026-03-11,403.245849609375,407.35918518479474,399.96912002302975,403.9330670994013,25512100
2026-03-12,400.238037109375,404.4808530373378,400.08864860368743,402.99687655683135,27263900
2026-03-13,393.9534912109375,403.16615688192843,392.65875035547907,399.3815063856616,26848000
2026-03-16,398.33575439453125,399.01300251860397,393.1965772756644,396.4633374914087,27733700
2026-03-17,397.79791259765625,402.7677623283013,396.1446090107731,398.6544268926901,26228300
2026-03-18,390.2087097167969,396.39363710184665,389.42188971563326,395.5271533612366,25908500
2026-03-19,387.4498596191406,390.90585551603124,385.4977789148814,388.52551763585893,25138800
2026-03-20,380.3287353515625,385.43803509853177,378.58579850034175,385.22889118681917,50853200
2026-03-23,381.4541931152344,385.64719283721575,380.1395134056624,382.3505545919761,29680100
2026-03-24,371.2355651855469,380.9263046350485,370.34917314154325,380.8167328036651,42733600
2026-03-25,369.5424499511719,375.5381416220395,368.13813722010167,375.39872248264555,31181200
2026-03-26,364.492919921875,373.2076042912997,363.71606927386256,369.3233510512375,36836600
2026-03-27,355.33001708984375,360.9871149414508,355.07108715320055,360.43931657918756,37883400
2026-03-30,357.51116943359375,363.8853318939423,354.8419936524484,360.4393055378546,44797000
2026-03-31,368.67596435546875,371.3949263066763,361.6046146993887,363.07862179545566,45244400
2026-04-01,367.8791809082031,372.48052926345224,366.7139201659809,371.98254731341393,29417200
2026-04-02,371.9526672363281,372.1319638369453,362.680245817395,365.7278929006101,24099100
2026-04-06,371.375,372.22157533941066,368.0086373714944,371.98252335059567,16146600
2026-04-07,370.78741455078125,370.9467724245638,365.080530373921,368.8452727581139,21443300
2026-04-08,372.81915283203125,383.4461010048471,369.9109552686541,383.426192668859,33064800
2026-04-09,371.56427001953125,371.99252721403565,365.5685477188417,370.9965632857518,30435300
2026-04-10,369.3731384277344,374.12390583360843,368.5365323725683,371.47463812837884,28111100
2026-04-13,382.8186340332031,382.98796126737693,369.5225100750242,372.10205289266787,35745800
2026-04-14,391.5233459472656,393.09698589720546,384.95994763093,386.3543213772784,37504500
2026-04-15,409.5602722167969,412.69755239260473,395.1287651714373,396.3936283702306,45063400
2026-04-16,418.56378173828125,419.12151906860663,410.4765600541581,418.16537187855886,41642400
2026-04-17,421.0835876464844,429.83808848207923,418.99205736838906,423.10539315661504,48568200
2026-04-20,416.38262939453125,421.6213787702164,414.6197538627068,419.4501847919345,27582200
2026-04-21,422.44805908203125,425.4558591722327,415.51615872358184,418.54386715015573,32048500
2026-04-22,431.1726989746094,431.9495495900464,421.9600330275293,424.4698510786937,29378200
2026-04-23,414.07196044921875,421.9500379562064,409.7494810939023,418.19526527607866,38308000
2026-04-24,422.90618896484375,423.23487407473965,414.12178001797366,415.28707116170386,27457400
2026-04-27,423.1053771972656,425.38611256831246,415.3866572294081,420.6752229306716,30867300
2026-04-28,427.5174865722656,428.1847957314844,420.197146128082,422.8563830057505,30438100
2026-04-29,422.7467956542969,425.0972860808559,418.59364353468584,422.866306449911,38288300
2026-04-30,406.1341552734375,412.74737011555624,396.4035989759817,409.15192465494977,70909400
2026-05-01,412.76727294921875,415.4264794885345,408.7834174283456,411.1338775963461,31372400
2026-05-04,411.9505615234375,419.0816663151199,409.14193618030583,409.87897009526375,28066500
2026-05-05,409.7196350097656,415.09783400354706,407.1500311208482,413.6437352165572,25700900
2026-05-06,412.2891845703125,416.73120520087787,403.4748984673602,406.3532485673598,30285900
2026-05-07,419.07171630859375,426.25263786097554,417.06984955189336,418.41437649189606,34942400
2026-05-08,413.44451904296875,416.9403619714099,412.32904436576047,415.70537649227293,33383800
2026-05-11,410.99444580078125,411.02432350049145,403.86334099070683,406.22377045102496,35657900
2026-05-12,406.1241760253906,413.8229876767416,404.9987623844293,412.8071154720842,38594200
2026-05-13,403.57452392578125,404.6700902960666,399.41140211310335,401.57265715241186,29667100
2026-05-14,407.7774963378906,410.1777730080913,399.2620170659624,402.847493220503,27077500
2026-05-15,420.2170715332031,426.4418454559798,411.2434277199191,412.5979239362014,50771200
2026-05-18,421.83056640625,423.40417602339767,413.9325494355234,414.93848271907115,32564100
2026-05-19,415.7352600097656,430.9535870211983,414.808990493047,428.16486989475214,33018700
2026-05-20,419.36053466796875,420.3963455784958,409.63991780241736,412.49835957243755,27864000
2026-05-21,418.3025207519531,425.5388979071037,414.92886694253497,423.9518891931334,31393500
2026-05-22,417.7835388183594,423.60257118762803,415.54772693408205,418.7517174636334,22390300
2026-05-26,415.248291015625,418.9812539216563,412.24393696715845,415.6475333356961,30398000
2026-05-27,411.8946228027344,415.15846763645,408.8104019854481,410.23773822181624,28901500
2026-05-28,426.18768310546875,428.68298564682067,411.89461329838434,412.2040283766931,47250500
2026-05-29,449.3940124511719,449.48383969057267,431.54760317786213,431.7372486144539,79654400
2026-06-01,459.6546936035156,465.4438139523178,457.40892124774234,463.96658383705716,53628900
2026-06-02,440.48077392578125,452.64787129328397,439.6024225764256,446.0403151791343,37036800
2026-06-03,426.53704833984375,439.56254639446627,423.45285793258154,437.62618910935214,39037000
2026-06-04,427.2456970214844,435.33048350032107,425.60879436274143,434.9911260035114,26899500
2026-06-05,415.8870849609375,428.66302140752947,413.6213308264138,427.5351398188391,34782200
2026-06-08,410.9663391113281,416.37616844333525,407.79232157753756,413.3618539280056,32086700
2026-06-09,402.6520080566406,411.20591258759293,397.7312786929967,408.26144336727174,35317300
2026-06-10,396.61334228515625,404.2789346443135,396.41373636313654,397.80110870103243,32576000
2026-06-11,389.6065673828125,396.1043451719433,383.278483574852,394.46741202742857,47224100
2026-06-12,390.00579833984375,391.003919361718,381.55171206615995,390.6945042817559,34865800
2026-06-15,399.0088806152344,400.99513175706005,392.11186050588947,396.05442037645633,32266400
2026-06-16,393.0899963378906,396.094350419825,389.9559121071713,395.0463355104342,31506800
2026-06-17,378.1980285644531,389.6364865987809,376.6110198431126,389.51671695343225,41987800
2026-06-18,378.6871032714844,380.6534028700893,372.5786075934489,377.11008548581106,59714200
2026-06-22,366.6497802734375,380.9129385065033,366.3802985575179,375.0339909424311,45171100
2026-06-23,373.23736572265625,376.51120135394876,369.9735210485466,371.6802994138851,40647600
2026-06-24,364.7733154296875,378.16811350773463,364.09460041679364,370.87185096853153,44509900
2026-06-25,352.1670227050781,363.5456265920902,348.54386902384044,362.0883479855026,66179000
2026-06-26,372.2691955566406,375.90234020580533,354.762144454129,356.4789138154501,186201600
2026-06-29,367.8774719238281,379.7850483907747,359.2237492715265,376.790685328561,51229900
2026-06-30,372.319091796875,373.44697342275583,366.7595808670141,370.3328407149792,44945700
2026-07-01,383.5579528808594,388.09939143880604,374.18561213385976,380.1144231011508,48065800
2026-07-02,389.7562561035156,391.4630649298244,382.97903650468743,383.7575696594082,42128900
2026-07-06,386.0133056640625,388.418780928489,380.5036887115837,386.31276024010407,34224500
2026-07-07,388.109375,394.8267404517197,387.4905448392632,391.75251064257776,29297500
2026-07-08,382.6197204589844,384.58602015004215,380.6134873969759,383.3084264217563,25908300
2026-07-09,383.6377868652344,383.92725049460796,372.64849496928053,373.74643420118315,31083200
2026-07-10,384.37640380859375,391.1736053926777,380.783162110783,387.07131223677504,24644600
2026-07-13,390.2553405761719,392.91034623109437,383.4281962321871,387.02143811329415,28914900
2026-07-14,384.20672607421875,387.46061042423804,377.93852713765,382.1007052927433,27863900
2026-07-15,394.8866271972656,398.2103568181361,385.6739591427675,387.07132248997675,36253700
2026-07-16,400.3463439941406,405.2271399033625,391.31333055964967,397.56157784187184,37047400
2026-07-17,393.08001708984375,397.64143734197864,388.6583483977542,394.1180409920291,33049800
2026-07-20,401.53411865234375,402.4224305318551,388.91785418191677,390.67455694621333,27915800
2026-07-21,397.00262451171875,400.7156358198418,395.57531880381754,398.0606303262699,24126600
2026-07-22,389.6065673828125,400.246541441447,386.2329133568751,398.8291961465565,28142500
2026-07-23,380.8630065917969,391.04385321150613,376.68090752842744,389.23725659651495,30351800
2026-07-24,380.9828186035156,388.29903252889795,379.9347732203772,386.32274187573427,27659400
2026-07-27,388.368896484375,393.45931979821836,387.2609663085435,389.3470355932277,27856200
2026-07-28,392.61090087890625,399.56780545733704,390.5647345556998,392.4212554523594,32367500
2026-07-29,389.8061828613281,400.4960502148319,388.00954678983055,392.6607942930367,47209000
2026-07-30,450.2524108886719,457.8281459885008,431.6274684759506,437.07720086969465,110160700
2026-07-31,463.8468017578125,465.962813447145,448.4857046349594,449.1544591210436,60846000
2026-08-03,486.73370361328125,490.7261876465455,474.10747895013026,475.2353605631651,66762100
2026-08-04,491.884033203125,498.50158065157444,478.2696778930625,479.99640781848416,50455500
2026-08-05,486.5440673828125,497.3038108374591,484.7674131728324,495.42733843271316,33388900
2026-08-06,498.9207458496094,500.61756372489685,487.60205742358346,487.6319998350186,36441500
2026-08-07,499.0505065917969,504.23075699317457,497.79289485093346,498.2719734340298,28846200
2026-08-10,505.109130859375,512.7647021753171,501.32624359045303,502.4940586092805,31206100
2026-08-11,502.86334228515625,504.38047525067043,498.61133704649393,503.3823542433026,23049800
2026-08-12,491.5047302246094,500.557695253814,490.59643643442394,499.0505227551261,29001500
2026-08-13,495.9463806152344,500.3979918654044,492.0836571155829,492.34314786956145,23039000
2026-08-14,494.4691467285156,499.07050046550256,492.991947114923,495.42733437790497,16217600
2026-08-17,479.44744873046875,491.73431632358415,477.51109147171053,489.21906226283284,29635800
