Date,Close,High,Low,Open,Volume
2017-01-03,2.5063424110412598,2.6134657267218895,2.4417243084924958,2.5650635400069537,1501996000
2017-01-04,2.564817428588867,2.5920896661193007,2.494548396956845,2.54049356006013,1199220000
2017-01-05,2.4997079372406006,2.5999517784768207,2.48275487437728,2.568257105195226,984296000
2017-01-06,2.533123254776001,2.5613782094469117,2.486440931628326,2.526980720512505,822856000
2017-01-09,2.635824203491211,2.6535144230501206,2.5429513709050635,2.5429513709050635,916248000
2017-01-10,2.6159229278564453,2.6827520195262293,2.59528433893534,2.648846117769316,880920000
2017-01-11,2.5837361812591553,2.6092885590323287,2.55892095439082,2.6043747663987116,525664000
2017-01-12,2.5414767265319824,2.572434489434211,2.4967600620348613,2.5608868064079657,625616000
2017-01-13,2.541232109069824,2.5798062537354474,2.532141202015429,2.5454087526660043,457820000
2017-01-17,2.4842305183410645,2.5355808561362103,2.4709629680701357,2.530667061446214,580612000
2017-01-18,2.529437303543091,2.5363167532958975,2.4350901958688116,2.4628537899342167,654424000
2017-01-19,2.5837361812591553,2.615676653475622,2.5301746465528505,2.5323858649536635,644872000
2017-01-20,2.5554816722869873,2.6240308604784963,2.533614810933331,2.6063406415777073,492024000
2017-01-23,2.582016706466675,2.6019181436902605,2.5478650107203733,2.5503220245630356,369904000
2017-01-24,2.637052536010742,2.643195070581905,2.577348458998703,2.5920903076557584,428052000
2017-01-25,2.6483547687530518,2.685454835570461,2.6124832089007715,2.6793123007448165,522760000
2017-01-26,2.6940536499023438,2.701424456011093,2.6215733926108196,2.651056851359519,458800000
2017-01-27,2.746140956878662,2.7490893260128573,2.6743978546785185,2.700932942572587,471996000
2017-01-30,2.7031445503234863,2.7274684234500004,2.651302873731205,2.725257204859176,496004000
2017-01-31,2.6825060844421387,2.7038815871069604,2.658427773112696,2.6768551406567322,362756000
2017-02-01,2.79970383644104,2.8038804795883077,2.699214153788455,2.716904141316604,590004000
2017-02-02,2.835082530975342,2.8436820771696056,2.7532660534302598,2.7837322204234414,483240000
2017-02-03,2.8102681636810303,2.847614025878351,2.798474918497992,2.8365576974285522,372744000
2017-02-06,2.8822576999664307,2.8827490559990308,2.8009323015692758,2.8009323015692758,506768000
2017-02-07,2.926973581314087,2.9709530974774574,2.896752967567473,2.9164086093953348,746224000
2017-02-08,2.9141974449157715,2.9313960732567126,2.8594071607080433,2.909037856413489,449580000
2017-02-09,2.8594071865081787,2.925253799333136,2.8402431343632077,2.920339771583535,842568000
2017-02-10,2.791595220565796,2.965547621911336,2.7665341960033856,2.9466291316755453,1651092000
2017-02-13,2.662851572036743,2.8004411104465183,2.658428898855309,2.7859450522190956,1180724000
2017-02-14,2.6726789474487305,2.706339292307082,2.611500558940596,2.653268863237418,850632000
2017-02-15,2.678083896636963,2.6977395402064492,2.6476177193983848,2.6756271169260923,373020000
2017-02-16,2.6350865364074707,2.6888938621951914,2.5960208217407694,2.6876653555494925,647176000
2017-02-17,2.6345953941345215,2.6390180656735533,2.574645759241575,2.621573643241268,563740000
2017-02-21,2.728942394256592,2.73287347508703,2.6589189186189808,2.659164713683124,551952000
2017-02-22,2.7247610092163086,2.750345641660544,2.705818405612707,2.740997392528268,433772000
2017-02-23,2.4721121788024902,2.6172556352373433,2.452185863332219,2.595361181442254,1592888000
2017-02-24,2.4959750175476074,2.5092593073768668,2.3542756132229297,2.387978431078259,1029904000
2017-02-27,2.568547010421753,2.5835533349811732,2.498435382501932,2.5141797884062544,715400000
2017-02-28,2.496466875076294,2.587981206216109,2.4792465436349347,2.578140748695995,625360000
2017-03-01,2.5286943912506104,2.5675633165889677,2.48736535092147,2.5532948373300077,504804000
2017-03-02,2.4354584217071533,2.5299248828426184,2.4327524355186725,2.5159025065205016,754332000
2017-03-03,2.4214353561401367,2.4297994168995216,2.3670679054617043,2.424879422560371,864692000
2017-03-06,2.4027390480041504,2.4133173533771104,2.341237589029916,2.385272609256085,883568000
2017-03-07,2.4290614128112793,2.448495989322442,2.3899466237088065,2.4027389378502355,603400000
2017-03-08,2.424633741378784,2.4920393882643728,2.4224197318084273,2.4772789334462084,638712000
2017-03-09,2.424140691757202,2.446527117490369,2.3960959573274043,2.4086423970188555,478060000
2017-03-10,2.4384100437164307,2.4622726424854178,2.4202057562294006,2.4504645130745133,499740000
2017-03-13,2.5055692195892334,2.5154094423751507,2.44800381071738,2.4487418919439135,774136000
2017-03-14,2.503847360610962,2.527709720704154,2.4716204703843276,2.5183617078253775,522016000
2017-03-15,2.52278995513916,2.5336141315556318,2.467930522493065,2.515409845519268,615036000
2017-03-16,2.553786039352417,2.5542782498889673,2.5193453783583473,2.5333677480242502,523100000
2017-03-17,2.6093835830688477,2.610613640210726,2.553786079459228,2.571252515498846,1119688000
2017-03-20,2.6925342082977295,2.696470486204517,2.610860312788367,2.6268508259347967,748568000
2017-03-21,2.605447292327881,2.7050798087983305,2.5975752081935815,2.675313036109779,913484000
2017-03-22,2.6585853099823,2.663259434357664,2.590441583155476,2.594377626153292,616764000
2017-03-23,2.634476900100708,2.6706398417046002,2.624882779562048,2.6507132845580488,533940000
2017-03-24,2.643825054168701,2.688598162483514,2.617994550107934,2.6807260758962754,439500000
2017-03-27,2.6630125045776367,2.6669485463568803,2.5481278041741775,2.5973289129382024,506644000
2017-03-28,2.6492373943328857,2.6787580724424793,2.6389051921859523,2.6642437214428836,432444000
2017-03-29,2.6406266689300537,2.6689172834919868,2.638412659595463,2.6566169448882717,349992000
2017-03-30,2.6913034915924072,2.7060639436038483,2.6421023759033133,2.6477604514204383,525532000
2017-03-31,2.679741144180298,2.7033578665958182,2.6667029604053623,2.6817092825847304,440808000
2017-04-03,2.6662113666534424,2.6974540726673606,2.642594640852505,2.680233738945386,445232000
2017-04-04,2.479246139526367,2.5687923176445575,2.468421966471733,2.543699671199006,1271280000
2017-04-05,2.4607961177825928,2.5183615265136807,2.4477576994531915,2.4605500125045445,747048000
2017-04-06,2.478754758834839,2.4908089917733762,2.4209432394930213,2.4659624446034902,635120000
2017-04-07,2.4681766033172607,2.502617505550727,2.453170278908304,2.485151066423069,429068000
2017-04-10,2.4051995277404785,2.4755570348136016,2.4010173790966816,2.4689150057406444,756332000
2017-04-11,2.413809299468994,2.4329977713229933,2.370266255793701,2.3751862504537433,618148000
2017-04-12,2.393882989883423,2.4280777891136123,2.3887168893904707,2.4138095450772874,414092000
2017-04-13,2.349109649658203,2.391422636094446,2.349109649658203,2.3697742841750764,506892000
2017-04-17,2.4411160945892334,2.4413619653004024,2.3567359879856755,2.3619020882337147,497292000
2017-04-18,2.442591667175293,2.448741953201232,2.40101676592141,2.426847263402083,370116000
2017-04-19,2.452186107635498,2.484166657681701,2.445543845410722,2.4600581925002243,380828000
2017-04-20,2.4910550117492676,2.4957291354279074,2.4455438322056087,2.4667004414056484,404016000
2017-04-21,2.501387119293213,2.504093104362313,2.4689143600263215,2.480722486826468,341896000
2017-04-24,2.5326290130615234,2.5456671928980863,2.5119646217993425,2.532874883656923,371820000
2017-04-25,2.5766654014587402,2.59117975111838,2.5257422422861238,2.5471447260744773,388440000
2017-04-26,2.558952808380127,2.5926553939114743,2.556984669727375,2.590195513857343,327004000
2017-04-27,2.5988059043884277,2.60716996651171,2.548374722488999,2.566333138782757,319700000
2017-04-28,2.56584095954895,2.5988056985974466,2.56018264886158,2.591917565179204,348248000
2017-05-01,2.6234066486358643,2.6285729843075605,2.569531393607616,2.576665633716631,307732000
2017-05-02,2.545668363571167,2.597821810729194,2.5230358240910626,2.5965917533584926,629972000
2017-05-03,2.5646119117736816,2.57420603435171,2.524020942002136,2.5387811666774938,336904000
2017-05-04,2.5547709465026855,2.581831507004431,2.5468986256194412,2.570761224387928,209788000
2017-05-05,2.5550167560577393,2.5621509953665464,2.52771009087208,2.5432086269297973,228428000
2017-05-08,2.5282015800476074,2.5683003150262858,2.5168851955937694,2.5668243872850383,365240000
2017-05-09,2.532383680343628,2.5813389238364275,2.5254955478217216,2.533859842803704,847672000
2017-05-10,2.98380446434021,2.9968428832950087,2.8049584129302483,2.8116004404431463,2129096000
2017-05-11,3.1119730472564697,3.2086534678183343,2.949855373992859,2.9532994399245296,1939792000
2017-05-12,3.1461684703826904,3.1882355858148634,3.0942613656837508,3.115171870746878,962620000
2017-05-15,3.3041043281555176,3.306564442825433,3.1828234433201725,3.18725169664791,1087540000
2017-05-16,3.3656065464019775,3.381105084630778,3.2807346826310004,3.3550282386228276,1120700000
2017-05-17,3.1419873237609863,3.317635468387003,3.1378051748059503,3.298938968077077,1271368000
2017-05-18,3.2736005783081055,3.2824568527196667,3.1255049670766257,3.1857763849315224,1156032000
2017-05-19,3.349202871322632,3.4038734765702734,3.3299941914250475,3.3745680800301447,1018372000
2017-05-22,3.4206202030181885,3.4349034741420885,3.3819564728882208,3.392792284636819,836608000
2017-05-23,3.374568223953247,3.442537347676648,3.342061261948861,3.440321006604809,681248000
2017-05-24,3.412492036819458,3.4740582479472684,3.400424877189796,3.471349178712957,815996000
2017-05-25,3.4048590660095215,3.4484479710604523,3.360038808092816,3.4477091123696786,608228000
2017-05-26,3.4930217266082764,3.5777368276352832,3.3765385214102763,3.3967321909276316,779140000
2017-05-30,3.567640542984009,3.60260998083549,3.5228202814004006,3.5388274002519786,989652000
2017-05-31,3.5548338890075684,3.6200939363580624,3.4981928406124054,3.6124596907371465,887316000
2017-06-01,3.5550801753997803,3.5715800200361327,3.509767428628041,3.5705947969452563,503340000
2017-06-02,3.5373499393463135,3.5782297777456886,3.531439539013338,3.5521257053221857,487456000
2017-06-05,3.6449673175811768,3.657773105835991,3.5095217873907476,3.521096222752997,817376000
2017-06-06,3.6284680366516113,3.6863402187444705,3.6151697529974345,3.6402886027572285,758728000
2017-06-07,3.672302722930908,3.691018911034461,3.6373332873532505,3.652847910980725,612612000
2017-06-08,3.9387612342834473,3.9402387167076354,3.738055193131496,3.779181389644678,1161744000
2017-06-09,3.6841225624084473,4.149563263614324,3.515431018642801,4.05696780531323,3692928000
2017-06-12,3.693234920501709,3.7358388340906044,3.4996708673292556,3.5925127059467448,1697532000
2017-06-13,3.7284512519836426,3.8114425099218288,3.5868487245161536,3.8023305456195797,1672504000
2017-06-14,3.7363314628601074,3.7939575066201057,3.6570342670629152,3.7314062864358495,1184640000
2017-06-15,3.752338409423828,3.7826287930745965,3.60778070405063,3.6191090078591093,963824000
2017-06-16,3.7338688373565674,3.8097185756842524,3.6998843912445447,3.7619431186039427,924960000
2017-06-19,3.874239921569824,3.8794114624953737,3.7742563272961287,3.7779501508963578,778176000
2017-06-20,3.868576765060425,3.9830900267567184,3.864390446099055,3.9163522348162574,1095444000
2017-06-21,3.9271864891052246,3.9308805473789987,3.8343446518377187,3.8961572450890074,682652000
2017-06-22,3.9000980854034424,3.948612405783685,3.876210354588148,3.9353138877161493,469132000
2017-06-23,3.7882933616638184,3.923492750322967,3.773270998606998,3.9077317634806783,1088588000
2017-06-26,3.7469213008880615,3.8565091299188716,3.6528480962717063,3.821046963502574,1063960000
2017-06-27,3.6097514629364014,3.73805547321653,3.6040874276011583,3.7294362379549546,999492000
2017-06-28,3.7370710372924805,3.7417500849628085,3.5893119585595548,3.677228640937001,994948000
2017-06-29,3.612213611602783,3.71170446597166,3.5481846811678057,3.7087495013575937,1064424000
2017-06-30,3.5600063800811768,3.642997646172157,3.5339023071979487,3.6294529980752643,731060000
2017-07-03,3.4312093257904053,3.5868487609261623,3.412739502193934,3.572072995991605,709072000
2017-07-05,3.522820472717285,3.551633382157519,3.4755375026328075,3.494499822662514,820188000
2017-07-06,3.5334091186523438,3.580199586980964,3.4417986283599933,3.493760637684429,746284000
2017-07-07,3.6141839027404785,3.632407595253228,3.5671473064511754,3.5900500456284203,654972000
2017-07-10,3.7850918769836426,3.792479758989265,3.6614669200732775,3.6875709890259074,958492000
2017-07-11,3.838777780532837,3.846412027139257,3.7469209264610814,3.7887859831142303,757956000
2017-07-12,4.0020527839660645,4.014119717577054,3.8555252632622175,3.898375324982581,1145208000
2017-07-13,3.9557535648345947,4.095385643293909,3.9094558249090023,4.014118233911097,1369132000
2017-07-14,4.062139987945557,4.063617235487492,3.965111363227694,3.9720067508002272,941948000
2017-07-17,4.044899940490723,4.124936203975414,3.9833337284910897,4.096123073966858,930792000
2017-07-18,4.087012767791748,4.101542401794374,3.97225294333607,3.984073742137029,776640000
2017-07-19,4.0658345222473145,4.122475349985745,4.0537675918855784,4.096124912992245,687044000
2017-07-20,4.124936103820801,4.125182233385502,4.036527209663386,4.086272625081782,699596000
2017-07-21,4.139713764190674,4.169265765479871,4.090214455601973,4.104497962034511,648332000
2017-07-24,4.091691017150879,4.156458802298689,4.081101807441751,4.14685458073541,652524000
2017-07-25,4.071989059448242,4.0862725590897,4.02840017184169,4.068787496307193,496556000
2017-07-26,4.119027614593506,4.184780406725558,4.084304071654176,4.1293706976577464,640404000
2017-07-27,3.983088493347168,4.1554741135415485,3.880149709281552,4.14389944513966,782856000
2017-07-28,4.048347473144531,4.072727921351592,3.922506454564863,3.9473789270373487,513348000
2017-07-31,4.0020527839660645,4.097849863611612,3.9555088971808186,4.061895192526099,559672000
2017-08-01,4.050811767578125,4.052535614606998,3.964865545792006,3.9926932279115017,431384000
2017-08-02,4.048347473144531,4.085779833774857,3.9715132456834707,4.081839881948235,478444000
2017-08-03,4.099820137023926,4.103513961932302,4.030865763883714,4.047858110003429,442420000
2017-08-04,4.117796421051025,4.188228024354341,4.099819090857304,4.122475233426843,589096000
2017-08-07,4.244376182556152,4.244868441857209,4.137250600728978,4.146855293656474,717412000
2017-08-08,4.193892478942871,4.298801029766987,4.154736252219313,4.282301416320592,755336000
2017-08-09,4.238465785980225,4.24092849162649,4.129124097794025,4.147840284935183,530784000
2017-08-10,4.056969165802002,4.252010968334462,4.046872212293063,4.239697438550463,1328088000
2017-08-11,3.8407480716705322,3.9156125916748663,3.7656374219947937,3.8698073431420967,1497196000
2017-08-14,4.147100448608398,4.150794271350456,3.9205367494072405,3.9321111813882195,1279020000
2017-08-15,4.1121320724487305,4.178377121466455,4.0779012598572395,4.152273285101129,764532000
2017-08-16,4.06706428527832,4.150548251270074,4.034803928406367,4.127153257098159,596632000
2017-08-17,3.9764389991760254,4.075683719239546,3.9742228932482884,4.058691851512568,525444000
2017-08-18,3.9771788120269775,4.047610883938748,3.9313735636881906,4.030618542421544,601204000
2017-08-21,3.919306516647339,4.012887222171991,3.875471481265143,4.001559151403666,623672000
2017-08-22,4.0065598487854,4.012475450989227,3.93655918287551,3.95578477250631,450456000
2017-08-23,4.086666584014893,4.097758279365605,3.964657935157053,3.9732852272089723,579520000
2017-08-24,4.071630477905273,4.123145526709849,4.045257322883334,4.118708473034191,469700000
2017-08-25,4.037618160247803,4.105893718517991,4.031209393272156,4.095787875288201,357200000
2017-08-28,4.06620979309082,4.069414176529954,4.001138619297182,4.0565971129000955,389496000
2017-08-29,4.059553146362305,4.081243842851111,3.999411743635115,4.007545872350043,324096000
2017-08-30,4.083710193634033,4.0948018921779195,4.048956079496078,4.079273138115142,384400000
2017-08-31,4.176387310028076,4.1803307326422825,4.0965273605702075,4.103921513035186,612684000
2017-09-01,4.201528072357178,4.237021694936312,4.180330531382972,4.1889578257212285,445432000
2017-09-05,4.089377403259277,4.155188059878258,4.031454528879489,4.150258313510386,695364000
2017-09-06,4.086912631988525,4.135962810356963,4.052159000519317,4.122159896283915,397672000
2017-09-07,4.105892658233643,4.138181420776897,4.0657161121993095,4.103674130978046,352868000
2017-09-08,4.034660816192627,4.10909833771504,4.010505702946524,4.094309560031455,498856000
2017-09-11,4.165541172027588,4.176140176089492,4.074835887232931,4.0802587974948095,567444000
2017-09-12,4.180576801300049,4.190189479860947,4.115505638539201,4.190189479860947,411488000
2017-09-13,4.199310302734375,4.22814834416494,4.123147427953092,4.155436199304922,580960000
2017-09-14,4.175399303436279,4.253287501463289,4.135962276849928,4.160363719616754,513712000
2017-09-15,4.439382076263428,4.439382076263428,4.255506645978332,4.260682739411377,1364792000
2017-09-18,4.62276554107666,4.712731803788158,4.556462164672332,4.563363624370527,1684460000
2017-09-19,4.61783504486084,4.679455473129059,4.550545360424358,4.5724824058944185,874280000
2017-09-20,4.580616474151611,4.668856886411097,4.540439925009208,4.621532532436422,724920000
2017-09-21,4.455403804779053,4.503221320582178,4.37776192818237,4.477094035298645,1075600000
2017-09-22,4.412023067474365,4.493608839626062,4.402164042305567,4.444065957057835,491232000
2017-09-25,4.214838027954102,4.382445693529425,4.194133651174554,4.381213021505902,874580000
2017-09-26,4.238500118255615,4.404136078485692,4.198816728052844,4.349170751522688,1125620000
2017-09-27,4.331423759460449,4.3447339845095545,4.257972115591346,4.3287125392054975,713720000
2017-09-28,4.330190658569336,4.3425145553974716,4.28286584166587,4.3385706639466735,435244000
2017-09-29,4.40635347366333,4.430015411810157,4.368888150606031,4.413994440079661,619092000
2017-10-02,4.412023067474365,4.485474708994688,4.362727001377151,4.456389856050485,503480000
2017-10-03,4.421144008636475,4.450968377182958,4.377023556874145,4.418185971358231,390332000
2017-10-04,4.458115577697754,4.480298973762148,4.390825880285539,4.42730535762239,427848000
2017-10-05,4.455649375915527,4.485966894228168,4.425825020310832,4.48251616565208,437364000
2017-10-06,4.468714237213135,4.482024463272777,4.412023543527492,4.428044990047925,318800000
2017-10-09,4.569523334503174,4.602552068384927,4.4867053886011945,4.5054380472055975,563492000
2017-10-10,4.656778812408447,4.7558645641129464,4.615616412395926,4.718399239271726,974876000
2017-10-11,4.706323623657227,4.707802642384587,4.627449520056826,4.673294869464357,529508000
2017-10-12,4.708542346954346,4.759317447473613,4.681429196420128,4.709774549193737,528292000
2017-10-13,4.796288967132568,4.806394810588388,4.723823638221145,4.770654838910016,628728000
2017-10-16,4.87861442565918,4.881572463213534,4.763014487280645,4.82611396033696,576640000
2017-10-17,4.87417459487915,4.902519928563801,4.839667313893741,4.857906809539394,478596000
2017-10-18,4.869986534118652,4.88378945268088,4.764985626448378,4.883050413580749,567316000
2017-10-19,4.87540864944458,4.880337926607632,4.743540965269748,4.792590681459801,570772000
2017-10-20,4.8532257080078125,4.919529075749701,4.844352068036117,4.8924164033890305,451620000
2017-10-23,4.846324920654297,4.901290252292392,4.826113234163269,4.874916615325976,428696000
2017-10-24,4.897100448608398,4.898825813700001,4.8295643935037225,4.85544486987776,407244000
2017-10-25,4.773365497589111,4.910409763953196,4.7119918750405025,4.857662495132704,828160000
2017-10-26,4.82340145111084,4.834985841433453,4.777062949567125,4.8009717095300655,322744000
2017-10-27,4.975481033325195,4.975727379689853,4.849528462240865,4.875409404456083,572192000
2017-10-30,5.024284362792969,5.07974238241726,4.959705886243587,4.975480985837473,504056000
2017-10-31,5.097488880157471,5.124108859578023,5.050410870882183,5.0560801277536385,411908000
2017-11-01,5.1071014404296875,5.175376987141525,5.0430161321556355,5.160095051692335,502576000
2017-11-02,5.076044082641602,5.12213622811897,5.019599750923524,5.077523100712141,342308000
2017-11-03,5.143826961517334,5.143826961517334,5.06125580977878,5.10710114333277,353640000
2017-11-06,5.166996002197266,5.175622824566019,5.094777040616968,5.107100938250456,389944000
2017-11-07,5.226150989532471,5.24759534009355,5.17759444322321,5.189671993227905,427700000
2017-11-08,5.155411720275879,5.2254126261958485,5.1080873694274995,5.221715080728075,522988000
2017-11-09,5.060762882232666,5.085657496100263,4.938754686660239,5.059530680413185,978564000
2017-11-10,5.327454566955566,5.389814489570356,5.216291287963085,5.2520312407469945,1253256000
2017-11-13,5.240941047668457,5.352843397467768,5.225659112995033,5.327456091914961,582376000
2017-11-14,5.279144287109375,5.294426218520052,5.206432174833721,5.250059442199113,529292000
2017-11-15,5.175622940063477,5.225412634722664,5.121890293860892,5.224179962855872,501948000
2017-11-16,5.215801239013672,5.2796402175421315,5.20692806714848,5.249569501635953,441768000
2017-11-17,5.209637641906738,5.307983891199637,5.19460252376764,5.272737091154528,515664000
2017-11-20,5.276681423187256,5.288758976022154,5.188440537360121,5.2251663586878525,396100000
2017-11-21,5.3252387046813965,5.336823566394491,5.284569455748084,5.316365533673648,399176000
2017-11-22,5.30131196975708,5.3523693121000955,5.268753787221783,5.3523693121000955,356640000
2017-11-24,5.351382732391357,5.352369743235232,5.293172615263456,5.317591489358466,180752000
2017-11-27,5.281827449798584,5.36124984326041,5.278620840230842,5.3600167852092,422896000
2017-11-28,5.197225570678711,5.296380190043431,5.136302338755271,5.287007348943417,512752000
2017-11-29,4.8447585105896,5.182672873572862,4.716745348963363,5.179959769477037,1396788000
2017-11-30,4.950571537017822,4.999162296178996,4.850430868043166,4.913327168227459,823768000
2017-12-01,4.87583589553833,4.936266081069458,4.7473297188750925,4.91604035658032,811548000
2017-12-04,4.604022979736328,4.94045760399661,4.550746052833658,4.934290905324338,1240844000
2017-12-05,4.630662441253662,4.753002373757933,4.454059030090378,4.498949670472915,981488000
2017-12-06,4.668153762817383,4.689859060043696,4.559132830419592,4.580345092739146,467032000
2017-12-07,4.735490798950195,4.775202229266021,4.68936662021728,4.73475077596875,542600000
2017-12-08,4.7231574058532715,4.804306343503524,4.714771107654795,4.785313678599973,466876000
2017-12-11,4.801347255706787,4.804307347667616,4.721431829563426,4.737217418510287,372748000
2017-12-12,4.707126140594482,4.781122328823099,4.683694273071402,4.757936978829324,455016000
2017-12-13,4.592184543609619,4.74930225525574,4.584784785886698,4.748069197528499,554280000
2017-12-14,4.599337577819824,4.670127139033691,4.553213406647107,4.585771589774533,438164000
2017-12-15,4.724884033203125,4.745109756138681,4.578372212011946,4.643242059521665,670036000
2017-12-18,4.881263256072998,4.884222877643476,4.735737943659035,4.765336041176935,477704000
2017-12-19,4.837111473083496,4.877069416582788,4.808746437616341,4.871889726726696,373100000
2017-12-20,4.854131698608398,4.8854563623917,4.7986346728484985,4.876330508912359,288820000
2017-12-21,4.8316850662231445,4.88249542230185,4.823298767625337,4.857583514434146,300904000
2017-12-22,4.81639289855957,4.825765738247542,4.717238294132747,4.794934115410073,466276000
2017-12-26,4.869917392730713,4.877563670684669,4.73129831938221,4.761143408111739,355080000
2017-12-27,4.863255500793457,4.932318489325759,4.842043710499492,4.856596236873765,329488000
2017-12-28,4.868929386138916,4.917766661050343,4.862763156214111,4.886935040973131,240248000
2017-12-29,4.772734642028809,4.895074575851764,4.772734642028809,4.895074575851764,279964000
2018-01-02,4.917026519775391,4.920726634003717,4.797400156664809,4.828971328392026,355616000
2018-01-03,5.240636348724365,5.270974939410014,5.025554991711063,5.034187809275287,914704000
2018-01-04,5.268260955810547,5.378268447512615,5.246062149382652,5.321784891005477,583268000
2018-01-05,5.312905311584473,5.350149681258216,5.206350951554219,5.2830602300766145,580124000
2018-01-08,5.475697040557861,5.549692755787042,5.391341473561443,5.436232596375194,881216000
2018-01-09,5.474216938018799,5.520587635932108,5.392821463925591,5.4811231921568115,497000000
2018-01-10,5.517134189605713,5.520587316474899,5.327704776355258,5.381968265792931,582664000
2018-01-11,5.526999473571777,5.581016435129786,5.505540223060041,5.5496913113668205,406032000
2018-01-12,5.499867916107178,5.549445214940854,5.459416938847152,5.515160467737318,359916000
2018-01-16,5.429078102111816,5.611601231975617,5.344723025023054,5.526259614577801,702348000
2018-01-17,5.542787075042725,5.552652951882488,5.349904501814696,5.443632448832442,538408000
2018-01-18,5.535880088806152,5.590143580389749,5.492469013267313,5.523547156319014,408632000
2018-01-19,5.67573356628418,5.6999054611304,5.59902473073804,5.625909730247127,609380000
2018-01-22,5.764033317565918,5.76575988088546,5.62615429903697,5.683624394010229,550944000
2018-01-23,5.892786026000977,5.915477864876936,5.798811120688782,5.817309810335952,475228000
2018-01-24,5.816078186035156,5.931758418408328,5.760581162508873,5.8959936176410235,579972000
2018-01-25,5.829643249511719,5.913505300502726,5.814844202411313,5.870340746651141,409884000
2018-01-26,6.001806735992432,6.002053253470751,5.860474596136924,5.873300561807577,516356000
2018-01-29,6.088629722595215,6.119708338361881,5.934718571671923,5.987255503575934,455116000
2018-01-30,5.986762046813965,6.078023872790346,5.880454653575084,5.947051083034607,570832000
2018-01-31,6.0627312660217285,6.148319894822336,6.029433051574925,6.061991242973582,478576000
2018-02-01,5.932004928588867,6.089863180918438,5.871821719816534,5.883167642036899,519224000
2018-02-02,5.75984001159668,5.869600979057125,5.701876883222296,5.845675610720848,718464000
2018-02-05,5.270973205566406,5.752686149007625,5.056384954170529,5.599021576457881,1165204000
2018-02-06,5.563998699188232,5.566958320760447,5.031721274056116,5.041587620203389,1114800000
2018-02-07,5.6434197425842285,5.795604767983694,5.59162284473863,5.662658926393454,802932000
2018-02-08,5.365195274353027,5.801770646973157,5.364948286435471,5.768719429525478,1144000000
2018-02-09,5.72432279586792,5.892293426499166,5.3651961867749325,5.8765078379370985,1674604000
2018-02-12,5.62442684173584,5.808183488222218,5.550431148244483,5.805223397028802,1093172000
2018-02-13,5.737887859344482,5.784012030050489,5.5558577625449335,5.588169427876423,625524000
2018-02-14,5.954695701599121,5.98355424041519,5.68658396527138,5.697683367088854,744988000
2018-02-15,6.079995632171631,6.126119805426468,5.957162652265348,6.037818090864681,698900000
2018-02-16,6.014386177062988,6.166324213744753,6.005259855390745,6.052864074029387,637656000
2018-02-20,6.143632411956787,6.212448425008004,6.033131422201149,6.0368315366604435,686240000
2018-02-21,5.956914901733398,6.214914229774236,5.953215258192458,6.208007977589469,892292000
2018-02-22,5.976414680480957,6.062303168703216,5.911011160653015,5.990729585433222,534364000
2018-02-23,6.069706916809082,6.069706916809082,5.9855460736450565,6.03614134197423,415300000
2018-02-26,6.08574914932251,6.120301875973909,6.023553770604395,6.115859449796671,469312000
2018-02-27,6.072915077209473,6.143254823898359,6.049961993267326,6.059093516110488,455436000
2018-02-28,5.97271203994751,6.123263547506034,5.961111926603054,6.083774581187836,523116000
2018-03-01,5.731089115142822,6.024294924446665,5.630145243043967,5.97049105070678,1040120000
2018-03-02,5.837955474853516,5.844372679038136,5.475397090045217,5.623727620192027,913428000
2018-03-05,5.815989971160889,5.855478937290603,5.6646975107328945,5.787853976875706,620776000
2018-03-06,5.976660251617432,5.995911392079758,5.858193360641316,5.901137596851519,636808000
2018-03-07,5.968761444091797,6.020837664118047,5.872753842537775,5.8739876664716855,581208000
2018-03-08,5.952474117279053,5.996158841962189,5.908295580419141,5.996158841962189,411912000
2018-03-09,6.054898262023926,6.067731728206355,5.983818032172269,5.999860100273098,505524000
2018-03-12,6.16423225402832,6.244197324313273,6.087969126491726,6.0961139654327345,605060000
2018-03-13,6.1136369705200195,6.281218608014698,6.072420376179461,6.20692978749437,619772000
2018-03-14,6.1390581130981445,6.183729979108367,6.076862745441587,6.1565811439989675,505496000
2018-03-15,6.153867721557617,6.234819962080704,6.111910635589565,6.15263389729927,401952000
2018-03-16,6.182003021240234,6.201007019603322,6.13264158303472,6.170156238411266,399456000
2018-03-19,5.948031425476074,6.1541144427405,5.849309007901929,6.125238435700395,713772000
2018-03-20,6.159790992736816,6.198539475828768,5.9509927205505395,5.9509927205505395,554696000
2018-03-21,6.134616851806641,6.219518174550689,6.1042594095338,6.153373710251023,438688000
2018-03-22,5.9690093994140625,6.117833735683708,5.931741883046754,6.071434225556255,551196000
2018-03-23,5.749846935272217,5.985053134889505,5.7387406322745536,5.9825850152516145,735620000
2018-03-26,6.0339202880859375,6.035154112432693,5.822160535960724,5.873989631946145,611424000
2018-03-27,5.565974235534668,6.17015588887546,5.4260352393156515,6.1146243917264735,1409000000
2018-03-28,5.4630560874938965,5.661488041282639,5.355695506698765,5.531668190938318,945904000
2018-03-29,5.715785980224609,5.812286936723993,5.4470138036293445,5.531174636059601,916628000
2018-04-02,5.455652713775635,5.791309405666721,5.368036597236471,5.645446991905177,922092000
2018-04-03,5.561779022216797,5.685182152012148,5.463056612529633,5.622246762944575,667432000
2018-04-04,5.583745002746582,5.594110820550993,5.281653908568248,5.306581299585368,789168000
2018-04-05,5.463797092437744,5.655071849370176,5.39247019266676,5.641991241895627,701240000
2018-04-06,5.287825107574463,5.469227899635087,5.258701954889067,5.361373472253945,662988000
2018-04-09,5.316453456878662,5.478358388800338,5.296461834531142,5.350759510146956,499524000
2018-04-10,5.624962329864502,5.651864031344383,5.4892185858877935,5.546231061922054,761676000
2018-04-11,5.583745002746582,5.651369959907921,5.551166583719694,5.610153359377357,460244000
2018-04-12,5.790073871612549,5.807844044270657,5.632364707292455,5.676543232912156,593920000
2018-04-13,5.713565349578857,5.86189588403577,5.665438199778203,5.853504372510021,503036000
2018-04-16,5.713318824768066,5.746637730268352,5.619285500628079,5.720229370731476,350792000
2018-04-17,5.862636089324951,5.883861537842281,5.709863135630631,5.765394640750435,447224000
2018-04-18,5.833758354187012,5.904838571259422,5.744908435905625,5.812286239604914,391364000
2018-04-19,5.65285062789917,5.753054007156208,5.5975662645825155,5.719735104302074,471996000
2018-04-20,5.644706726074219,5.728373760812661,5.613609269131381,5.644212913898424,386200000
2018-04-23,5.525498867034912,5.713565029221949,5.4995843217869025,5.662476421553817,427508000
2018-04-24,5.459355354309082,5.646927720878305,5.394198508665177,5.551167230375891,414596000
2018-04-25,5.347306251525879,5.468735113883122,5.190337498409244,5.4297394786826985,588492000
2018-04-26,5.5585713386535645,5.566716180055462,5.442819217675992,5.508716548831038,375824000
2018-04-27,5.58596658706665,5.683948996221032,5.543762828458782,5.6642045119618345,400848000
2018-04-30,5.5506720542907715,5.651862570896132,5.531421386783354,5.60225446595979,327844000
2018-05-01,5.60595703125,5.608671820767293,5.484034407669387,5.54252783597705,253788000
2018-05-02,5.58547306060791,5.6469274892657895,5.559311372689677,5.602502754213488,268248000
2018-05-03,5.750339031219482,5.776500717117908,5.572144880373844,5.617310565547473,443144000
2018-05-04,5.900151252746582,5.903359855054719,5.704434043880585,5.721710409008019,400660000
2018-05-07,6.137579441070557,6.194591921954311,5.994678468124128,6.00455094666938,687616000
2018-05-08,6.180028915405273,6.18274370515324,6.088957063660716,6.137824691360849,506616000
2018-05-09,6.312811374664307,6.3150328234467255,6.172872340759179,6.2000211846200886,596760000
2018-05-10,6.420170783996582,6.42930230598553,6.347856266346499,6.3656264397437985,994080000
2018-05-11,6.281958103179932,6.411778407736942,6.1834828569283316,6.238767205701159,1214456000
2018-05-14,6.302445411682129,6.379696185414173,6.278752312270738,6.319968918578257,523140000
2018-05-15,6.060574054718018,6.241730123647981,5.960370685970159,6.239014863309367,963528000
2018-05-16,6.07167911529541,6.133627334191552,5.985296853557507,6.02207101775663,553828000
2018-05-17,6.1136369705200195,6.207176458144405,6.057364993108059,6.073407529525116,519784000
2018-05-18,6.069952964782715,6.228649299168576,6.065016726733699,6.165467240974338,483716000
2018-05-21,6.0279974937438965,6.170898469455609,5.935445123946759,6.167196525302346,640624000
2018-05-22,5.989987373352051,6.066497173587623,5.929519639285764,6.041323114883037,518264000
2018-05-23,6.11322021484375,6.114455273058823,5.933187163680392,5.9339281044020975,442956000
2018-05-24,6.11692476272583,6.159155088782999,6.0564200960958585,6.109516297200285,437372000
2018-05-25,6.156192302703857,6.172491588898087,6.093958921436868,6.129520786298463,292112000
2018-05-29,6.139151096343994,6.207065170517283,6.09247606783913,6.138163332343845,352684000
2018-05-30,6.247813701629639,6.256457226198308,6.148042463158842,6.172738449513654,390996000
2018-05-31,6.228057384490967,6.302392171326767,6.205337395971548,6.215956449360895,493868000
2018-06-01,6.362154960632324,6.368329309955514,6.264112435698902,6.272755959507304,421968000
2018-06-04,6.54070520401001,6.562684243665887,6.364129590978997,6.396234033786173,642024000
2018-06-05,6.546139717102051,6.583677576345183,6.499217393048136,6.543916894763945,391712000
2018-06-06,6.548115253448486,6.551325839817572,6.439947320258317,6.456246604314873,371356000
2018-06-07,6.49254846572876,6.556263706551306,6.402408069951201,6.544409598715337,369448000
2018-06-08,6.47723913192749,6.5197158164454185,6.401175640209652,6.4199445721025,360456000
2018-06-11,6.436243534088135,6.506132672057842,6.423401658757259,6.464643753775056,265372000
2018-06-12,6.484646320343018,6.496747253066128,6.41253437046188,6.462667277065748,319160000
2018-06-13,6.4802021980285645,6.560957684380621,6.471064555678711,6.486129253737014,338208000
2018-06-14,6.591579437255859,6.648133043170649,6.510329849227607,6.525147721117693,430016000
2018-06-15,6.550830364227295,6.605655260236894,6.50366122664477,6.534531083549756,432260000
2018-06-18,6.546633243560791,6.564167113288093,6.479707408653355,6.506872565569409,356268000
2018-06-19,6.425130844116211,6.51082562715143,6.297947139695928,6.4436524821473435,594932000
2018-06-20,6.477980613708496,6.530829532732184,6.42784769303673,6.466126500887742,369780000
2018-06-21,6.349559783935547,6.528110946159926,6.341904024848245,6.5098361362595965,359516000
2018-06-22,6.197433948516846,6.383641374257668,6.182122898633195,6.370305381508679,434160000
2018-06-25,5.905280590057373,6.094944913252802,5.816869364654443,6.091240680979333,665816000
2018-06-26,5.976159572601318,6.066546828493868,5.924792065020964,6.01838990789649,478884000
2018-06-27,5.821315288543701,6.08580805821022,5.8158818800001555,6.019623159983516,453892000
2018-06-28,5.948251724243164,5.960105833447963,5.8037805337442965,5.8114362929792005,338012000
2018-06-29,5.8504557609558105,6.025796332521215,5.84922070282554,6.013201754227096,392300000
2018-07-02,5.982333183288574,5.986037416403463,5.760563893225749,5.781061529063429,357572000
2018-07-03,5.848973274230957,6.022832417496514,5.840576575546182,6.016905363780003,222732000
2018-07-05,5.99443244934082,5.999371268440468,5.865272791393209,5.904045229786084,306216000
2018-07-06,6.108034610748291,6.116431311579673,5.948746002347929,5.969984577675324,296352000
2018-07-09,6.155449867248535,6.191753135209769,6.076917218855485,6.182121848214617,303880000
2018-07-10,6.254233360290527,6.276212401284289,6.127543343666752,6.167797664497549,360016000
2018-07-11,6.112973213195801,6.196198329275567,6.102353691210243,6.161624236849754,367508000
2018-07-12,6.204347610473633,6.25225769246666,6.1482881230165365,6.158166704103899,345508000
2018-07-13,6.157180309295654,6.222871574256367,6.115197269200693,6.222871574256367,246988000
2018-07-16,6.129519462585449,6.182368837422584,6.117171706725446,6.129519462585449,197036000
2018-07-17,6.265101909637451,6.280166610121834,6.054939870039645,6.080376801925008,362136000
2018-07-18,6.215953350067139,6.271519177271104,6.165079989023526,6.257689544017949,277640000
2018-07-19,6.2241058349609375,6.257692642102961,6.182123268106984,6.197187495628709,235752000
2018-07-20,6.195951461791992,6.260407649798234,6.185085116662928,6.221635207706742,222352000
2018-07-23,6.159402847290039,6.171256959174944,6.008016804034138,6.1695282541515954,301584000
2018-07-24,6.142115116119385,6.293747965843255,6.124580773514485,6.207312253221584,354620000
2018-07-25,6.220154762268066,6.232749814913697,6.09371153133264,6.151500208499941,319112000
2018-07-26,6.293500900268555,6.330297820610557,6.183357433539448,6.200150835964377,325124000
2018-07-27,6.223857879638672,6.336965096782798,6.170020739729758,6.330050277990525,295420000
2018-07-30,6.029007434844971,6.243861877359639,5.994186046553237,6.237934822521967,340340000
2018-07-31,6.047035217285156,6.121616811170615,5.97986255945442,6.018635002297088,283988000
2018-08-01,6.086795330047607,6.13347082570906,6.02308008248585,6.078399101225965,283556000
2018-08-02,6.18928337097168,6.19323442656727,5.956895074195045,6.015671029991152,269668000
2018-08-03,6.225833415985107,6.249541635325923,6.196939553579779,6.213732483082271,214288000
2018-08-06,6.273496627807617,6.276954037180822,6.166810583699202,6.213238787007001,207508000
2018-08-07,6.345609664916992,6.364131773180749,6.2954772204199765,6.322148736014776,258132000
2018-08-08,6.3819122314453125,6.426859030354189,6.312023093891665,6.346844486555111,262100000
2018-08-09,6.3335089683532715,6.4024103469793685,6.325853207279617,6.399693877766806,204280000
2018-08-10,6.292265892028809,6.324617636340362,6.240651571905884,6.251764741346821,256396000
2018-08-13,6.3251118659973145,6.445628036180224,6.299181291923259,6.300909996861529,375208000
2018-08-14,6.456246852874756,6.470323786169073,6.347337974711382,6.43031627974937,466220000
2018-08-15,6.398211479187012,6.510824584219622,6.319678352245854,6.47699095833535,591136000
2018-08-16,6.35770845413208,6.470322005345035,6.297697446537704,6.4678523603408955,801260000
2018-08-17,6.046048164367676,6.247319809341985,6.019129356595547,6.246578868545709,1143188000
2018-08-20,6.120628356933594,6.252998129799402,5.895401719260707,6.005545628542428,854388000
2018-08-21,6.255964279174805,6.260409453587615,6.11717328195806,6.136929979043626,673988000
2018-08-22,6.490573406219482,6.495512697038599,6.219906769638315,6.223364179004357,749856000
2018-08-23,6.589850425720215,6.655047551682693,6.438217601904657,6.452047238195284,720684000
2018-08-24,6.722716331481934,6.737286912789674,6.593803922367403,6.59824909664087,531512000
2018-08-27,6.813595771789551,6.88768324992913,6.720986188596728,6.752349696120892,505776000
2018-08-28,6.776059627532959,6.830390898199077,6.6562843856046365,6.807670437311817,475384000
2018-08-29,6.881320953369141,6.906277405595587,6.747643010485658,6.768398815747922,420108000
2018-08-30,6.864516258239746,6.961130166168544,6.827699222510005,6.850184671308197,346608000
2018-08-31,6.935434341430664,6.948283240284816,6.834619759253662,6.844503745123495,306592000
2018-09-04,7.010056972503662,7.047614894699558,6.893922491121525,6.922338244505937,391720000
2018-09-05,6.879592418670654,7.027848945350346,6.798792745949157,6.99251458234158,393156000
2018-09-06,6.738748550415039,6.8657548728339,6.705885186125259,6.863283875860269,322796000
2018-09-07,6.717498302459717,6.842774964385727,6.602105156365267,6.6468291141332205,295420000
2018-09-10,6.788412094116211,6.818063575972018,6.696246249083393,6.739981890261761,220140000
2018-09-11,6.740725040435791,6.8296785672237945,6.721451454247189,6.742207261454575,243112000
2018-09-12,6.627060413360596,6.720462001123825,6.471885331108481,6.700941459984335,419092000
2018-09-13,6.704649448394775,6.795085669010563,6.6754923459834,6.692788852279225,305536000
2018-09-14,6.830420017242432,6.896394170650843,6.758021649203096,6.7948387002450765,386936000
2018-09-17,6.768645763397217,6.8538934938683935,6.749372650339453,6.804968893843612,205528000
2018-09-18,6.696741104125977,6.875142994119169,6.6900699321559305,6.772599233888098,299520000
2018-09-19,6.720463275909424,6.738254170118639,6.628297404478133,6.678210314545184,224860000
2018-09-20,6.579619884490967,6.640899004004836,6.525753284236876,6.5986460418229385,430584000
2018-09-21,6.509690761566162,6.6369444822962675,6.476580447109337,6.591479186009431,435128000
2018-09-24,6.565288543701172,6.568747845167265,6.391828611194954,6.478805535754361,293912000
2018-09-25,6.632249355316162,6.657205805582055,6.5457663688896774,6.631261051042418,280388000
2018-09-26,6.59543514251709,6.677470559281357,6.579621324759781,6.637194197246372,268548000
2018-09-27,6.607294082641602,6.651771081947571,6.575913413356341,6.630520886744471,214428000
2018-09-28,6.943835258483887,6.966073755699648,6.711072855092552,6.7389946913903485,709396000
2018-10-01,7.1499104499816895,7.216625455584431,6.9828747995319205,7.021421488097252,622060000
2018-10-02,7.07874870300293,7.233923319338518,7.0565102065126695,7.122484349927857,383964000
2018-10-03,7.084926128387451,7.156336182864405,6.981146632707836,7.1489231934250075,320552000
2018-10-04,6.901087760925293,7.073064954441898,6.824241331969578,7.04884985073549,391220000
2018-10-05,6.668078422546387,6.9383992134025885,6.610752530205606,6.876378757707457,426636000
2018-10-08,6.567017555236816,6.70020112001253,6.426421000343381,6.585055407024952,408612000
2018-10-09,6.561334133148193,6.640898052408182,6.493630337263265,6.546508154164182,273500000
2018-10-10,6.070852279663086,6.501290152029572,6.06862824147266,6.455577424705536,684940000
2018-10-11,5.809920310974121,6.117058105975861,5.788423163183892,5.983874101671465,725436000
2018-10-12,6.091854572296143,6.165983046094796,5.921607030514667,6.066404206318019,608236000
2018-10-15,5.816098213195801,6.078512091682682,5.815109908898005,6.078512091682682,449760000
2018-10-16,6.07431173324585,6.085430981888948,5.879354680244968,5.928526238278297,408712000
2018-10-17,6.005866050720215,6.174384415634932,5.956941455350333,6.136331638373234,329668000
2018-10-18,5.918641567230225,6.113351639433158,5.858350767531739,6.075052376213033,524020000
2018-10-19,5.66265344619751,5.993265073204709,5.626330784670169,5.973745000606559,613608000
2018-10-22,5.713306903839111,5.814615397268397,5.61076314788748,5.714789595901414,368844000
2018-10-23,5.4622602462768555,5.539600601257539,5.3547740157676325,5.446692920678344,626436000
2018-10-24,4.92730188369751,5.47041453216551,4.913464678805898,5.423960923945256,884288000
2018-10-25,5.135601043701172,5.182795987035481,4.785715900332007,4.829945931009748,951720000
2018-10-26,4.899626731872559,5.061472989970796,4.771879092966843,4.900120648375631,664784000
2018-10-29,4.586558818817139,5.043929763659891,4.349101379465867,5.040470462799425,758016000
2018-10-30,5.016008377075195,5.025892364016905,4.586559230158848,4.6095390756333305,807192000
2018-10-31,5.209482192993164,5.252970878575338,5.040963830921203,5.18032509711425,745772000
2018-11-01,5.389366626739502,5.398756223719272,5.119539781804047,5.245804717629337,566528000
2018-11-02,5.310544013977051,5.485486598792226,5.194162582349934,5.379977456977233,452960000
2018-11-05,5.232710361480713,5.320676059903765,5.072346292181324,5.297448783381337,379332000
2018-11-06,5.215165615081787,5.3088141591849825,5.1781011421070176,5.224802170685713,299012000
2018-11-07,5.282622337341309,5.372070241015222,5.218130885168222,5.28163403301866,483812000
2018-11-08,5.089888095855713,5.224306877113344,5.0365154336918385,5.223565531227062,511352000
2018-11-09,5.081981658935547,5.172170903514571,4.967577310306825,5.001182011826007,413240000
2018-11-12,4.683419704437256,5.012796045461431,4.661675123678761,4.990804506440388,617116000
2018-11-13,4.924830913543701,5.045906928294173,4.774844754820169,4.781022482432553,644712000
2018-11-14,4.872445583343506,5.111879587806843,4.7647128884577805,5.097547999153058,526580000
2018-11-15,5.000934600830078,5.072839031740589,4.830686599283498,4.866515335628465,840708000
2018-11-16,4.062966346740723,4.216905690296646,3.9932854776721305,4.03553890097599,1963520000
2018-11-19,3.5754499435424805,3.9984745737201535,3.573720293229498,3.9977336989811865,1697820000
2018-11-20,3.6836774349212646,3.811672043149815,3.294010270898075,3.312542274195283,1692032000
2018-11-21,3.5756969451904297,3.837369476002701,3.548516691992622,3.8205671248087554,1025496000
2018-11-23,3.582862138748169,3.69627816699659,3.5282544476263897,3.541103343848825,411968000
2018-11-26,3.7817740440368652,3.792151947612099,3.621409983899726,3.7036923376414577,814832000
2018-11-27,3.7985758781433105,3.8796227224228974,3.7200000302761524,3.755828535667613,738060000
2018-11-28,3.955232620239258,3.96042157026556,3.7837493685798425,3.915944586443382,804524000
2018-11-29,3.8921618461608887,3.994561012134455,3.8619862784330445,3.9574599197400886,549172000
2018-11-30,4.042297840118408,4.052933331893238,3.8515975377799516,3.901807824656327,729564000
2018-12-03,4.205789566040039,4.3205560529829405,4.139007330833629,4.269109039647563,890804000
2018-12-04,3.8859775066375732,4.166214928685318,3.8708894903957574,4.16126799171103,812112000
2018-12-06,3.915163993835449,3.9201106952041593,3.7301527393398577,3.7457351670932777,692308000
2018-12-07,3.651003360748291,3.929509650956116,3.60178260931714,3.919368571213714,681676000
2018-12-10,3.7561237812042236,3.780857997862722,3.602524809979828,3.606235013243494,629472000
2018-12-11,3.6653494834899902,3.8558020941995017,3.5864475764226538,3.847639836085052,671912000
2018-12-12,3.6829111576080322,3.7788794438540028,3.581995933326017,3.671038695027917,654136000
2018-12-13,3.6826634407043457,3.7937197381178542,3.6467990861594393,3.729658404997222,471384000
2018-12-14,3.622312068939209,3.724711218599533,3.5988145883619054,3.6411098175180965,471820000
2018-12-17,3.5513248443603516,3.6643597162474855,3.4934469535251655,3.5923835734899243,662868000
2018-12-18,3.6344313621520996,3.7182799599646668,3.5678965714705533,3.595104016374004,564372000
2018-12-19,3.4259233474731445,3.6542193866108357,3.374476326159526,3.600793542984009,745364000
2018-12-20,3.3415794372558594,3.507298048652878,3.281970168780476,3.4175132200268785,749588000
2018-12-21,3.204800605773926,3.4009422769050137,3.177345711205671,3.368045797324086,863740000
2018-12-24,3.143212080001831,3.214941020052393,3.0793979566137915,3.128618945125404,463840000
2018-12-26,3.292112112045288,3.2931014053280694,3.078409194686885,3.189218062380206,695100000
2018-12-27,3.2443735599517822,3.2743019088533307,3.0962162264501822,3.2399215063477858,637044000
2018-12-28,3.3057146072387695,3.3982203386389527,3.223102748867108,3.2649033245277814,628728000
2018-12-31,3.302004814147949,3.3814011207784276,3.2713343722678054,3.348999534086877,465140000
2019-01-02,3.3692822456359863,3.4251813233405146,3.2166727958069883,3.231265932474815,508752000
2019-01-03,3.1657207012176514,3.3430643846937267,3.158300529541503,3.3091786116658763,705552000
2019-01-04,3.368540048599243,3.4066304289007823,3.208015561696313,3.2386857717405726,585620000
2019-01-07,3.546873092651367,3.5837269755322927,3.374476139704022,3.4256759528263236,709160000
2019-01-08,3.4585721492767334,3.630474453555184,3.3861011187874763,3.6282481901467687,786016000
2019-01-09,3.5265910625457764,3.573833229853513,3.459314176096234,3.5097716640211716,617260000
2019-01-10,3.5921366214752197,3.6007935267759525,3.4469473460181335,3.507298713645063,523156000
2019-01-11,3.6811792850494385,3.703934678034914,3.5421734584487603,3.569875552926927,874764000
2019-01-14,3.7210018634796143,3.7462307306964666,3.605493492266632,3.6289909781981615,730168000
2019-01-15,3.706902503967285,3.7929771318155847,3.6885991673420664,3.7536497847506585,617012000
2019-01-16,3.6814262866973877,3.7670062699675806,3.6759849389447896,3.7341100345948863,470104000
2019-01-17,3.7526605129241943,3.792482506736649,3.621322307234073,3.648529989064555,493436000
2019-01-18,3.881526231765747,3.9074971859100516,3.7509300807763277,3.8023771065316745,651336000
2019-01-22,3.679694890975952,3.8629747583201457,3.6495193296018464,3.851349739237238,661552000
2019-01-23,3.692556619644165,3.8234001796369337,3.6613917654151993,3.7348520822329716,591020000
2019-01-24,3.904033899307251,3.9215949145072884,3.772201031450973,3.7769005278220016,708972000
2019-01-25,3.9611706733703613,3.979226576514194,3.742273807400327,3.844672993690522,1154572000
2019-01-28,3.4135560989379883,3.5033409413140952,3.240170086234414,3.3774443033526267,2511528000
2019-01-29,3.2550103664398193,3.4157822984496677,3.240417230914424,3.3675506009052305,1153932000
2019-01-30,3.398221254348755,3.4125669495165596,3.25154780236145,3.330944362099958,974228000
2019-01-31,3.555529832839966,3.5911469796792517,3.3732392490819145,3.3950053487845215,842852000
2019-02-01,3.5797691345214844,3.6307215036138554,3.5265909738818233,3.5740803453368715,625048000
2019-02-04,3.689836263656616,3.7269373511870465,3.573585827707394,3.5955991333519037,528592000
2019-02-05,3.7088816165924072,3.7454880591567816,3.668070324166557,3.7017086512924178,542424000
2019-02-06,3.784320831298828,3.848629607118048,3.7365840139771294,3.742025362473618,702464000
2019-02-07,3.64630389213562,3.7402935768076477,3.603514017221112,3.738067549401441,637120000
2019-02-08,3.6648552417755127,3.675490733915483,3.5649293111998634,3.579275006850071,461604000
2019-02-11,3.622312068939209,3.674995583440222,3.574080373450749,3.620827893385403,495180000
2019-02-12,3.7390570640563965,3.7546397285891064,3.646304108199021,3.660650038347677,591060000
2019-02-13,3.781353235244751,3.8543189263160476,3.75488763343821,3.7684914783141155,605372000
2019-02-14,3.8221631050109863,3.85036007755925,3.7373249820655343,3.780362528555757,827264000
2019-02-15,3.891667127609253,4.053180691522947,3.8689117316041908,4.030425531400873,1516748000
2019-02-19,3.874352216720581,3.954738290641775,3.8619853461631073,3.8810305343986,551892000
2019-02-20,3.9215943813323975,3.9886238199317057,3.8924083497895876,3.903538486120398,540988000
2019-02-21,3.8528337478637695,3.958695655777153,3.8382406134468496,3.93420911878508,448548000
2019-02-22,3.937425136566162,3.9562231237306023,3.8909250511661164,3.9045288949113806,401740000
2019-02-25,3.9250574111938477,4.088055115967229,3.916400271491458,4.020778471494383,656020000
2019-02-26,3.885730266571045,3.976257189293156,3.8523391479150044,3.9203581195346744,488464000
2019-02-27,3.8439297676086426,3.897850016459146,3.7870411676496665,3.8713846565324657,500256000
2019-02-28,3.8194174766540527,3.8600233649660747,3.7971340252599255,3.8377396774458985,324944000
2019-03-01,3.8736422061920166,3.915733337999445,3.8110003107422297,3.869185325885127,357188000
2019-03-04,3.881812572479248,3.9347980865330774,3.825360491292353,3.912019238718915,409992000
2019-03-05,3.875375509262085,3.9135051546914212,3.8119907588256883,3.866214288161222,362924000
2019-03-06,3.7646994590759277,3.8748796707694346,3.761975980751839,3.8664615395285744,403524000
2019-03-07,3.695620059967041,3.750834131965574,3.6495672080075923,3.7411777555157997,450104000
2019-03-08,3.729788064956665,3.7404347531295925,3.5851917822764676,3.6064851586223226,422416000
2019-03-11,3.989764451980591,4.012543063609408,3.706266746069921,3.7533101469366255,859728000
2019-03-12,4.023933410644531,4.070233493127263,3.9414835993356263,4.01749566802252,579576000
2019-03-13,4.174964904785156,4.204181249254392,4.053890344509894,4.061318396786696,768900000
2019-03-14,4.099201679229736,4.196011956175132,4.091526164801752,4.184127258205856,519384000
2019-03-15,4.20443058013916,4.247016866170139,4.138817277165164,4.142283608263641,661484000
2019-03-18,4.1831374168396,4.289603845788803,4.1561491471070315,4.2358752387379175,486992000
2019-03-19,4.3505120277404785,4.394831953089924,4.260634876252912,4.277471139770868,854972000
2019-03-20,4.318077087402344,4.432713945030418,4.2834133044747515,4.379480733777656,719148000
2019-03-21,4.55428409576416,4.580529514806113,4.3361521961830345,4.341104233323366,824312000
2019-03-22,4.394830226898193,4.575575244016056,4.380964907475675,4.527046626037242,747644000
2019-03-25,4.3027262687683105,4.418353444907615,4.236618042843589,4.354226317013071,525212000
2019-03-26,4.3792338371276855,4.500060519744834,4.323029207869375,4.444103822917671,703508000
2019-03-27,4.370071887969971,4.451035744697865,4.300745269243785,4.404735669585235,474372000
2019-03-28,4.388641834259033,4.454254662605151,4.335656084598918,4.396069416485582,480264000
2019-03-29,4.445836067199707,4.470100855017658,4.404982950293312,4.4552447468224665,456896000
2019-04-01,4.513182640075684,4.543389305207008,4.465891780679068,4.537446956234204,483824000
2019-04-02,4.531009674072266,4.575329599601486,4.49436573598606,4.537199956058425,440920000
2019-04-03,4.6701579093933105,4.729086001487653,4.5755761988086,4.580528234564855,783504000
2019-04-04,4.661243438720703,4.703582247501318,4.598601571848377,4.65480569942255,457376000
2019-04-05,4.727848529815674,4.7451806577978,4.667930587471102,4.704327064503946,481744000
2019-04-08,4.748647689819336,4.773654864242328,4.67337823410891,4.6973950955229125,424192000
2019-04-09,4.686005592346191,4.726363797358077,4.643914221577702,4.715221950029587,439972000
2019-04-10,4.756321907043457,4.782071929810852,4.680805476521032,4.685262120413046,444772000
2019-04-11,4.742456912994385,4.790243170654756,4.693185422101398,4.7587982565709135,374600000
2019-04-12,4.704574108123779,4.78504304231926,4.69590828102607,4.7810813189665256,471708000
2019-04-15,4.573101043701172,4.701851164141336,4.5334856946814615,4.696899127450819,440092000
2019-04-16,4.660006523132324,4.6788238817913825,4.579538064717605,4.612220746124993,394964000
2019-04-17,4.637228488922119,4.7157163316119775,4.6149447968110735,4.6949183449089205,351004000
2019-04-18,4.612715244293213,4.677833141029692,4.584984601333956,4.643912689874471,380988000
2019-04-22,4.666443347930908,4.682041832959751,4.557748872871617,4.589193303000604,279936000
2019-04-23,4.720916271209717,4.75211372644348,4.669911612521351,4.679567754074835,346856000
2019-04-24,4.73329496383667,4.773900616188951,4.670653083973578,4.731313866275317,318204000
2019-04-25,4.627819061279297,4.715468110164845,4.548340918566325,4.693184421651426,499296000
2019-04-26,4.409440040588379,4.478767135766609,4.290841456651692,4.474310019505192,868988000
2019-04-29,4.440141677856445,4.467872324386639,4.3453120284149875,4.41736259516939,391920000
2019-04-30,4.481489658355713,4.506991743956133,4.3888885777669655,4.407953395005332,362920000
2019-05-01,4.468367099761963,4.575823812477557,4.468119167414932,4.533732455985197,354280000
2019-05-02,4.5357136726379395,4.5773096421118185,4.434942147363374,4.4780238221047926,394684000
2019-05-03,4.531257629394531,4.554036242671163,4.469853507557636,4.544132641497214,336824000
2019-05-06,4.453017234802246,4.465149394147996,4.308173230879485,4.345312561647405,422176000
2019-05-07,4.286137580871582,4.404736171127655,4.238103862569298,4.404736171127655,555220000
2019-05-08,4.306191444396973,4.386164973810182,4.246768436734894,4.258653132717726,419168000
2019-05-09,4.21383810043335,4.247016172854094,4.095240009746013,4.237360033834992,660248000
2019-05-10,4.179917812347412,4.248502045374708,4.060576392127971,4.1831366828979535,569500000
2019-05-13,3.923161029815674,4.071223656609961,3.9073148442360175,4.048197112847471,656912000
2019-05-14,4.0120463371276855,4.047205023815409,3.924149620408376,3.962774400407555,524880000
2019-05-15,3.951139450073242,3.987535925842952,3.8974110830490076,3.9565864067558403,502320000
2019-05-16,3.9662418365478516,4.0088285863067945,3.903352732938615,3.9456915503457264,781088000
2019-05-17,3.875622510910034,4.053396648854302,3.8362548609050107,3.9243990771998547,1022068000
2019-05-20,3.7572715282440186,3.83204557498286,3.7325118194211386,3.7770792008518894,572064000
2019-05-21,3.8392255306243896,3.8550717152495353,3.7793073589998123,3.8179323897499655,361848000
2019-05-22,3.7684133052825928,3.826598312997593,3.7575189202575143,3.800600831718363,325868000
2019-05-23,3.6475861072540283,3.7062662664840973,3.5879153992055115,3.7062662664840973,591844000
2019-05-24,3.593857526779175,3.701561699555245,3.5871723262011903,3.6664030037492,357584000
2019-05-28,3.548795461654663,3.644120030658878,3.5468146000057823,3.6114373482718416,428356000
2019-05-29,3.474764108657837,3.536167747284733,3.4401005662304702,3.501256744741537,559800000
2019-05-30,3.4482412338256836,3.5136812064222056,3.410067837679183,3.477986654424504,394300000
2019-05-31,3.3577654361724854,3.4665842397642948,3.356030292484083,3.399409121089743,389720000
2019-06-03,3.3161211013793945,3.4075882072459476,3.286871409080441,3.3689190984715136,478644000
2019-06-04,3.5446667671203613,3.5498721990499233,3.3580139727479894,3.3800751227917,641836000
2019-06-05,3.502031087875366,3.6237395991365746,3.465840812619028,3.618286189030962,511616000
2019-06-06,3.5640010833740234,3.588541076371301,3.5037665336174677,3.506245378096939,408140000
2019-06-07,3.6066360473632812,3.6408432012813723,3.5508632311542514,3.56995004908132,348856000
2019-06-10,3.6792638301849365,3.7476783604791355,3.662655860005159,3.662655860005159,402780000
2019-06-11,3.736772298812866,3.776680841998807,3.697359713615589,3.7390031641794126,383872000
2019-06-12,3.6239871978759766,3.6995902902123228,3.6088666266878255,3.6933931797938406,358892000
2019-06-13,3.6750504970550537,3.693393377526362,3.6284491225164235,3.6460485388141843,308080000
2019-06-14,3.585318088531494,3.606387791213942,3.5407000753888216,3.5820957802225886,394428000
2019-06-17,3.594985008239746,3.6319189777669725,3.560777625103327,3.583582468395753,276040000
2019-06-18,3.7895700931549072,3.844846944658722,3.6453047255230837,3.6562113084451453,581920000
2019-06-19,3.7955191135406494,3.8361711148415587,3.7694917244333177,3.8247688107189526,331644000
2019-06-20,3.8198111057281494,3.8998759223738366,3.805434236160283,3.8859947743227137,350168000
2019-06-21,3.761807680130005,3.854018743770108,3.7553628271980513,3.8049387644565194,434428000
2019-06-24,3.784116744995117,3.8136144224712325,3.7360282095377864,3.7831253019121576,282948000
2019-06-25,3.7548668384552,3.8639336089880127,3.75214025193033,3.7890742232735475,311868000
2019-06-26,3.9477171897888184,4.008695675277993,3.869139759890773,3.8820294672374502,584072000
2019-06-27,4.046125411987305,4.065211995295478,3.997293166334973,4.033235703770046,445440000
2019-06-28,4.070913791656494,4.09917205550745,4.0243126433231895,4.09000037687062,397668000
2019-07-01,4.119001865386963,4.31185152757884,4.081571927225259,4.277644134618608,709756000
2019-07-02,4.021337509155273,4.123463733399671,4.008200058086192,4.102393790372585,400228000
2019-07-03,4.034225940704346,4.050338189355726,3.9744873640486977,4.04463680121385,246636000
2019-07-05,3.9717612266540527,3.9804369447260943,3.908551883224979,3.9759752144020695,396552000
2019-07-08,3.8969011306762695,3.931108513697286,3.866907971291888,3.912269678781106,329788000
2019-07-09,3.8993802070617676,3.9273904821647414,3.842120234864202,3.8547619609457935,342860000
2019-07-10,3.9675469398498535,4.024806674809341,3.9288778253043866,3.9427589731733534,452076000
2019-07-11,4.121726989746094,4.162378985890485,4.003240815109876,4.040422524666223,682560000
2019-07-12,4.154695510864258,4.225589129805736,4.149490079981708,4.149490079981708,506392000
2019-07-15,4.146266937255859,4.191876622939585,4.118009158135677,4.175764847460104,289840000
2019-07-16,4.1415581703186035,4.16857676853829,4.086033099999635,4.131395050866482,341444000
2019-07-17,4.20674991607666,4.2136904899657095,4.114043138797341,4.143292835270089,348204000
2019-07-18,4.218400001525879,4.281113382454656,4.1606443085040645,4.217160815944709,442192000
2019-07-19,4.175268650054932,4.2630177296338445,4.1693195198469475,4.256573114369994,344896000
2019-07-22,4.246658802032471,4.259548508575528,4.189150844164121,4.1965873769820705,315940000
2019-07-23,4.354238986968994,4.3562218736358655,4.270207899975725,4.285824669049029,428176000
2019-07-24,4.428600788116455,4.4343021761491705,4.321517383331165,4.397368207185931,366236000
2019-07-25,4.2977213859558105,4.399847588394193,4.274420818683589,4.387205625277258,392700000
2019-07-26,4.339613437652588,4.386214576385118,4.324740844455043,4.324740844455043,274160000
2019-07-29,4.333416938781738,4.3495291919370125,4.245420084948997,4.3324254955214725,248160000
2019-07-30,4.349033355712891,4.3611793633760145,4.27268654903913,4.287063658693779,197772000
2019-07-31,4.182209491729736,4.318543064630112,4.140070092511964,4.317551148872514,359416000
2019-08-01,4.088016033172607,4.282848534973914,4.03596125562201,4.192620600599716,421212000
2019-08-02,3.995558023452759,4.064716511124463,3.9482134154985826,3.995558023452759,428348000
2019-08-05,3.7377634048461914,3.8136142340433463,3.6909142937551334,3.8123748120530925,589156000
2019-08-06,3.7764322757720947,3.857736514280389,3.728839700701017,3.81237480422896,361272000
2019-08-07,3.814605712890625,3.8265039749923058,3.698350624022929,3.715702059258234,372560000
2019-08-08,3.92292857170105,3.924167993635669,3.814853484795221,3.8721134543594764,309300000
2019-08-09,3.8217949867248535,3.8854998239839995,3.7714755786567715,3.88202953628245,341816000
2019-08-12,3.754124402999878,3.821795254313785,3.732310995637398,3.769740698750248,279200000
2019-08-13,3.868147850036621,3.914005523627661,3.713719586465195,3.7526364487941066,351956000
2019-08-14,3.7199161052703857,3.7913052062117063,3.6762895375376137,3.7801506444149013,419880000
2019-08-15,3.6876916885375977,3.7585850650011694,3.653484540473427,3.7387547862750132,477200000
2019-08-16,3.955153465270996,4.004233210635845,3.888721810046788,3.9499480341505486,1007960000
2019-08-19,4.233273506164551,4.2491380163327985,4.052074371012667,4.068186623792393,815112000
2019-08-20,4.161140441894531,4.228315555656023,4.140070503796948,4.2278195977279545,463188000
2019-08-21,4.24442720413208,4.299456311294305,4.205510346462788,4.227075769043297,427244000
2019-08-22,4.250625133514404,4.2964825715091655,4.211460055121014,4.254095421008157,303488000
2019-08-23,4.0265421867370605,4.228563495368226,4.006711906139541,4.1742780845028475,568056000
2019-08-26,4.101154327392578,4.129164844397191,4.0629811626875,4.105120573103637,318208000
2019-08-27,4.010678291320801,4.142053727566777,3.9814285909595064,4.139327140718047,290968000
2019-08-28,4.000256538391113,4.052858819281227,3.945172959795155,3.9843768009846867,255612000
2019-08-29,4.143673419952393,4.1759293506395405,4.088093380399166,4.091567103292539,357976000
2019-08-30,4.156327247619629,4.239449078910096,4.138214197129242,4.189824062623916,290616000
2019-09-03,4.073453903198242,4.1166274499411415,4.050626717378443,4.083627083659792,296140000
2019-09-04,4.187343597412109,4.194787493313513,4.133996859933692,4.133996859933692,227728000
2019-09-05,4.459782600402832,4.465985607967333,4.287584422300351,4.289321283348777,695676000
2019-09-06,4.432737350463867,4.493279507064552,4.394774390362867,4.4364590608238235,376976000
2019-09-09,4.478640556335449,4.564988124663979,4.462264366813369,4.463753240386079,417524000
2019-09-10,4.545138359069824,4.571687256838014,4.436211588828107,4.445888320844689,352812000
2019-09-11,4.573672771453857,4.621808918966737,4.530747208573242,4.559777879101155,361512000
2019-09-12,4.572184085845947,4.674659394421699,4.564244214640552,4.620072247467901,327840000
2019-09-13,4.514370441436768,4.542656671511425,4.470700447290319,4.5056861348251465,324592000
2019-09-16,4.4714460372924805,4.505935284805151,4.429016917866971,4.439438088488698,231832000
2019-09-17,4.492781162261963,4.4969993192998645,4.431742588946205,4.4781418431041695,223048000
2019-09-18,4.465736389160156,4.501466501744262,4.379389326970494,4.485834754960863,258152000
2019-09-19,4.390308380126953,4.4900543855638855,4.379638751098391,4.471692874494908,245476000
2019-09-20,4.284854888916016,4.412887110911916,4.2746821831396336,4.3893154916235115,350244000
2019-09-23,4.338202953338623,4.383609818109418,4.281382493719975,4.285104678215491,249712000
2019-09-24,4.280884742736816,4.398991761132083,4.245403086988729,4.369465124848046,317268000
2019-09-25,4.422314643859863,4.441916559901854,4.235725169746649,4.280387571560181,308432000
2019-09-26,4.400232791900635,4.421323587396591,4.349367368157565,4.412639281386251,234564000
2019-09-27,4.261780261993408,4.409165963125771,4.2012376289244715,4.358548522555069,362056000
2019-09-30,4.31909704208374,4.329270223253226,4.256321566821999,4.287585547154962,186184000
2019-10-01,4.31735897064209,4.491046018894349,4.3126448364203664,4.342171473715146,366008000
2019-10-02,4.293539047241211,4.307433934350846,4.2213348532172725,4.295523895897131,293372000
2019-10-03,4.498739242553711,4.504942251858928,4.267735711769522,4.298006794716774,450588000
2019-10-04,4.515114784240723,4.5443934382819275,4.4359631285480425,4.500971432868056,265524000
2019-10-07,4.573672771453857,4.673170328447725,4.571191473068121,4.57987578078856,480984000
2019-10-08,4.39750337600708,4.482113596779682,4.379390327827567,4.482113596779682,444436000
2019-10-09,4.483850479125977,4.533227501509764,4.445391545825268,4.474173748849353,292412000
2019-10-10,4.541414737701416,4.5922801532266915,4.476406447032556,4.481617029796941,309124000
2019-10-11,4.614861965179443,4.697983340303621,4.606425644419669,4.625283135555872,446404000
2019-10-14,4.628257751464844,4.649100080245665,4.575159032015465,4.606174537441894,200040000
2019-10-15,4.872413635253906,4.9448663136536535,4.704433577189583,4.7183289420364085,664124000
2019-10-16,4.818817138671875,4.943127626771624,4.807403549548295,4.838419056319575,428944000
2019-10-17,4.820804119110107,4.908143638282121,4.766464493366643,4.863233229602868,263436000
2019-10-18,4.726516246795654,4.853804039838178,4.652327188895104,4.821299651818596,307440000
2019-10-21,4.863480567932129,4.876879481697929,4.768945154666601,4.787802639758155,261868000
2019-10-22,4.853555679321289,5.0252574148366165,4.845863798218304,4.920300838221016,328720000
2019-10-23,4.8406548500061035,4.854797731475823,4.73991639824175,4.771676357837233,279916000
2019-10-24,4.884571075439453,4.918067411363147,4.8478485319089915,4.881841316678145,232020000
2019-10-25,5.075129985809326,5.095972317401238,4.957270954640952,4.964962835098794,423092000
2019-10-28,5.1309590339660645,5.1833128612970585,5.089521876933053,5.118800531489562,330792000
2019-10-29,5.034934043884277,5.123514432062237,5.015580584244966,5.1170629633430345,211236000
2019-10-30,5.036919593811035,5.067439134059727,4.968933541298537,5.061732101187581,205960000
2019-10-31,4.987790107727051,5.036918664499523,4.908142489595868,5.016076332521951,209732000
2019-11-01,5.02674674987793,5.059002677306178,4.927496723078887,4.952557217600477,283640000
2019-11-04,5.223012924194336,5.235419415070301,5.0845599881369195,5.107635161973665,376716000
2019-11-05,5.200929641723633,5.248817319143139,5.153041491044939,5.222764400863678,300868000
2019-11-06,5.151799201965332,5.202416146680701,5.064459250703844,5.176859686599033,269012000
2019-11-07,5.169416904449463,5.252786703715959,5.124754495083158,5.238147379457408,280340000
2019-11-08,5.15552282333374,5.187034786552671,5.1150785661477896,5.152545549764464,189100000
2019-11-11,5.165448188781738,5.188523361182357,5.068679459008743,5.1547785599665294,243436000
2019-11-12,5.200929641723633,5.256757661793327,5.168673242012615,5.20365892745874,283504000
2019-11-13,5.175125598907471,5.197208349649521,5.108876400162783,5.169666553241721,300188000
2019-11-14,5.2053961753845215,5.207629485656896,5.124259667709916,5.184057390287869,518080000
2019-11-15,5.0664472579956055,5.254773210795405,4.97836282360961,5.203163341307691,1053628000
2019-11-18,5.267179012298584,5.293727907130065,5.05602542646545,5.0590027001184295,574588000
2019-11-19,5.160732746124268,5.259734296826919,5.10267189625571,5.236162679329766,414564000
2019-11-20,5.239885330200195,5.3235031346345885,5.125252009839649,5.137906487994394,472588000
2019-11-21,5.215073585510254,5.290999519024441,5.193486809771108,5.235419948664998,288388000
2019-11-22,5.23268985748291,5.2840512599401555,5.209117762671569,5.23765198031653,224100000
2019-11-25,5.4887542724609375,5.493716868933194,5.347571573662198,5.360474040534517,506476000
2019-11-26,5.384294033050537,5.475851712081747,5.377842563094921,5.4711371035358365,385244000
2019-11-27,5.419057369232178,5.46400092163158,5.392737050345772,5.4297348729082495,215784000
2019-11-29,5.381809711456299,5.4165725647475265,5.357972055708968,5.388265940558016,141556000
2019-12-02,5.195828914642334,5.38826740849526,5.18068244169978,5.374858605082308,372036000
2019-12-03,5.156348705291748,5.160321333465781,4.975332691476216,5.012578685454581,465232000
2019-12-04,5.200051307678223,5.262128132335208,5.17149602516904,5.2397804375700066,273424000
2019-12-05,5.183165550231934,5.237544802595156,5.152623486406264,5.221901514415001,184884000
2019-12-06,5.268333911895752,5.30111093009585,5.2422617681542905,5.252194284022518,232236000
2019-12-09,5.268333911895752,5.322961801954157,5.236799168591819,5.245489883172307,211880000
2019-12-10,5.313277244567871,5.364925183754723,5.245737376765178,5.298378472688952,256388000
2019-12-11,5.39670991897583,5.4021729932890965,5.32122477174814,5.323707901234439,233796000
2019-12-12,5.56381893157959,5.581945344521159,5.358965790344056,5.367904674619111,404348000
2019-12-13,5.561831951141357,5.685737356651781,5.507949060344299,5.566798207857901,454704000
2019-12-16,5.59063720703125,5.662894702865185,5.5812015056423645,5.609260438974921,320976000
2019-12-17,5.668605327606201,5.6912011848591,5.599824125402804,5.609259825760161,321196000
2019-12-18,5.698898792266846,5.759237451477673,5.694925691278481,5.703368234873497,343548000
2019-12-19,5.846640586853027,5.8600493863918635,5.728446414003654,5.733412671137176,445360000
2019-12-20,5.943729877471924,5.969057035341422,5.893820074180725,5.912939646392922,603044000
2019-12-23,5.93007230758667,6.004316104397407,5.919395280275833,5.9722845488565195,355060000
2019-12-24,5.925107479095459,5.942240739969773,5.880412098311769,5.914678620060397,138864000
2019-12-26,5.939259052276611,5.967317503415552,5.909710155763721,5.928581552767337,182852000
2019-12-27,5.881652355194092,5.967814978639957,5.855331570059291,5.954406178482756,254644000
2019-12-30,5.768672466278076,5.865015772917134,5.73738589814169,5.859801344894404,258056000
2019-12-31,5.842669486999512,5.852105188575858,5.714294595558479,5.733414169550202,231004000
2020-01-02,5.9571380615234375,5.9571380615234375,5.87792847479062,5.9283346184940875,237536000
2020-01-03,5.861787796020508,5.905490008291012,5.812871155604805,5.837701968795054,205384000
2020-01-06,5.886370658874512,5.89158508763454,5.742601138143197,5.7686732819433395,262636000
2020-01-07,5.9576334953308105,6.003322015009585,5.869732740939853,5.914676274753172,314856000
2020-01-08,5.968808174133301,6.010027258014917,5.913435777645766,5.953413060374501,277108000
2020-01-09,6.034360885620117,6.106618363369138,5.9807266351536645,6.0549704262952675,255112000
2020-01-10,6.066641330718994,6.171675359974287,6.052488017299634,6.141381945898443,316296000
2020-01-13,6.256845951080322,6.281924941159547,6.126981083807574,6.1495774182111,319840000
2020-01-14,6.140141010284424,6.2394638021876485,6.126980379230819,6.214136170566636,359088000
2020-01-15,6.097679615020752,6.175151528370707,6.0718556439041,6.152803842842512,263104000
2020-01-16,6.181112289428711,6.187071705108498,6.127726192769971,6.15106704017893,284192000
2020-01-17,6.189802169799805,6.207680414425977,6.142375495222458,6.200231027429631,253792000
2020-01-21,6.156528949737549,6.190050478993046,6.122510605265829,6.1533008348531135,217916000
2020-01-22,6.210412502288818,6.296823318534112,6.182850382595907,6.201721786494521,239240000
2020-01-23,6.278695583343506,6.287138126517481,6.161743200933652,6.250388957043602,244516000
2020-01-24,6.219598770141602,6.443571968511958,6.165467698754059,6.393910339538206,373512000
2020-01-27,5.964338302612305,6.015241253223924,5.766437269511233,5.91566983614164,470536000
2020-01-28,6.157273292541504,6.1895530171885635,5.977001849970545,6.030139760177138,310976000
2020-01-29,6.096935272216797,6.1788766302299125,6.057205684032846,6.142871972143197,258848000
2020-01-30,6.103639125823975,6.117047926796072,5.944474498630881,5.999350082914366,290504000
2020-01-31,5.870724678039551,6.069866983602195,5.82900926710593,6.0579481594473865,370420000
2020-02-03,5.96756649017334,5.98693422980452,5.846392374463058,5.852599959031598,255564000
2020-02-04,6.136415958404541,6.155536003954367,6.059192684593247,6.109102487177571,271544000
2020-02-05,6.226551532745361,6.267273804534784,6.143368372698854,6.257093118185327,208220000
2020-02-06,6.313210487365723,6.313210487365723,6.179869829185719,6.26081803092759,218284000
2020-02-07,6.2471604347229,6.2953320882230726,6.221832806853207,6.273232574934326,189752000
2020-02-10,6.529733657836914,6.530478170125203,6.264789582604499,6.269755839509713,529608000
2020-02-11,6.6519012451171875,6.766370970308543,6.575919305118348,6.637747932218731,638556000
2020-02-12,6.767365455627441,6.773821686363239,6.665807695826979,6.704543659416336,374644000
2020-02-13,6.723663330078125,6.790706399592257,6.682196065816272,6.709510014197988,528016000
2020-02-14,7.195693492889404,7.324316519639701,7.101585147569159,7.132871714549635,1041924000
2020-02-18,7.364048004150391,7.382423066476067,7.073280332123801,7.092648077851575,620164000
2020-02-19,7.814227104187012,7.831857176120988,7.486213518147479,7.486213518147479,694332000
2020-02-20,7.665244102478027,7.8544539884658295,7.358584533715632,7.766305038885918,810052000
2020-02-21,7.3019700050354,7.578336145082304,7.217297345134649,7.553257158608696,768180000
2020-02-24,6.785738468170166,6.999034626035026,6.654632306032912,6.709011544937188,856916000
2020-02-25,6.506890296936035,6.9225565056275835,6.4053325514422745,6.860727875099218,1055496000
2020-02-26,6.645941257476807,6.8396210206918395,6.505648047340765,6.507137545574785,747732000
2020-02-27,6.275991439819336,6.633767803366144,6.183814297198913,6.333136140736128,906416000
2020-02-28,6.710043430328369,6.769424425321909,6.007410894172658,6.024057286664083,1133252000
2020-03-02,6.868061542510986,6.896882687253615,6.4846945394968625,6.87973918151174,890744000
2020-03-03,6.606189250946045,6.983344943140282,6.520968837432035,6.923715627771662,652792000
2020-03-04,7.068813323974609,7.078254667313152,6.6387362744594425,6.7132732703781945,597408000
2020-03-05,6.7900471687316895,7.036266618537501,6.745573378098731,6.869801250527407,540328000
2020-03-06,6.609916687011719,6.668303938946586,6.41015805499431,6.6109104379638275,515412000
2020-03-09,6.098097801208496,6.444941989409287,5.917718976759138,5.960453109775377,614160000
2020-03-10,6.486681938171387,6.486681938171387,6.111762534362907,6.373882922902069,580648000
2020-03-11,6.123688220977783,6.375373996903059,6.026790637877311,6.347049964055862,499964000
2020-03-12,5.374344348907471,5.866534746366801,5.361672962773965,5.601681024554422,816540000
2020-03-13,5.98380708694458,5.988279202422606,5.456335828036192,5.726903790319086,634836000
2020-03-16,4.879670143127441,5.617583927857783,4.820040827756893,5.277447705392959,726972000
2020-03-17,5.398197650909424,5.487393549135659,4.745504698988345,4.991724142434878,833632000
2020-03-18,5.039178371429443,5.2160788021116335,4.489097754797849,4.971598580707773,874268000
2020-03-19,5.291362285614014,5.384781510391298,4.804885885483796,5.017812074847171,765512000
2020-03-20,5.1119771003723145,5.722432568837711,5.096572776070153,5.44118067542152,804636000
2020-03-23,5.2844038009643555,5.378568908515311,4.9323421367905205,5.110981742226345,643876000
2020-03-24,6.191019058227539,6.277482011070205,5.666032412800152,5.689635534109391,1101644000
2020-03-25,6.102568626403809,6.50506657225424,6.053871050370559,6.305805100753528,793432000
2020-03-26,6.391274452209473,6.515005185894308,6.211392299943983,6.309283618914253,696108000
2020-03-27,6.279221057891846,6.537366419164007,6.178596329213779,6.211392473893671,638828000
2020-03-30,6.598735332489014,6.607928356954407,6.300588285202859,6.344564958091358,602252000
2020-03-31,6.54929256439209,6.84247037341055,6.403945729901024,6.6387362963410945,949960000
2020-04-01,6.039213180541992,6.497862621026077,5.994739866838938,6.351770816048918,656912000
2020-04-02,6.347297668457031,6.3604656947871625,6.02032998749771,6.068281658432572,675764000
2020-04-03,6.060081958770752,6.351271727230636,5.922934428283792,6.3097796790793605,663212000
2020-04-06,6.668551921844482,6.70532354856808,6.2841906824190685,6.341584180506852,727884000
2020-04-07,6.435749053955078,6.9132812099097904,6.39276612718909,6.889677611131811,784520000
2020-04-08,6.632525444030762,6.657371111088002,6.474756003192719,6.54457209541664,542444000
2020-04-09,6.533143520355225,6.780853821789025,6.470284155436127,6.757996129395736,525564000
2020-04-13,6.7045769691467285,6.713272880415038,6.385311444319896,6.473513100836527,398408000
2020-04-14,7.054900169372559,7.088938386369082,6.804953590184453,6.832532189824277,530948000
2020-04-15,6.977630615234375,7.060366418638952,6.841973904473054,6.887192650096263,366148000
2020-04-16,7.321990013122559,7.4288260502279275,7.119498939335271,7.132666967595268,745620000
2020-04-17,7.262856483459473,7.425346330441237,7.129187301845266,7.403979032140469,539120000
2020-04-20,7.131921291351318,7.292175341512701,7.087696299119069,7.136642200158554,449388000
2020-04-21,6.696131229400635,7.0752744872539814,6.636501903969476,7.014154772258565,735160000
2020-04-22,7.109560012817383,7.152294614390537,6.842470411605959,6.887937472455997,483356000
2020-04-23,7.056390762329102,7.283230864116009,7.031296775991979,7.151549634129626,424160000
2020-04-24,7.195030212402344,7.197017714405314,6.971668444026048,7.046205455838458,352328000
2020-04-27,7.381123065948486,7.540631698077307,7.304598558829222,7.3291959080035864,479388000
2020-04-28,7.239006042480469,7.5580232971718875,7.2335401756686055,7.52820840117151,442904000
2020-04-29,7.415410041809082,7.468082631149315,7.298387223684967,7.373420867111231,379160000
2020-04-30,7.26186466217041,7.415410319910699,7.247951201131384,7.361495184492748,375916000
2020-05-01,7.0258307456970215,7.177885523416327,6.9776302758674795,7.064838190964827,342096000
2020-05-04,7.237267971038818,7.25093311405807,6.978625426385622,6.978625426385622,317556000
2020-05-05,7.29813814163208,7.460379689479762,7.237266284339808,7.341121062746931,368896000
2020-05-06,7.3987627029418945,7.503362917200423,7.339630499507867,7.37739587501728,323464000
2020-05-07,7.574669361114502,7.6377770415196595,7.486467694868089,7.537649417392085,373732000
2020-05-08,7.7642412185668945,7.770452516763413,7.612434759096941,7.646224657266343,339216000
2020-05-11,8.015680313110352,8.062389929650758,7.730701230129176,7.7592735868249,469060000
2020-05-12,7.754302024841309,8.122016340245983,7.744612362664973,8.073319236258097,493060000
2020-05-13,7.7319416999816895,8.028597396671517,7.547835743178876,7.868592147324393,625852000
2020-05-14,7.980893611907959,7.986359477537312,7.6400120159335625,7.793309311665908,602312000
2020-05-15,8.438302993774414,8.447992184242215,7.825362416366955,7.841015060461227,987660000
2020-05-18,8.696196556091309,8.861419800060519,8.626877592669787,8.706383329298868,774460000
2020-05-19,8.751108169555664,9.031365836913162,8.70862188133378,8.735952164581962,717320000
2020-05-20,8.914589881896973,8.987138893483177,8.83384159798782,8.935460067603975,587536000
2020-05-21,8.721044540405273,8.996581270452394,8.683527484566827,8.995587993509218,761068000
2020-05-22,8.970494270324707,9.036832475277743,8.659427960573646,8.770735645480487,1038764000
2020-05-26,8.663898468017578,9.125032953045377,8.61843140772294,9.100186813930394,770780000
2020-05-27,8.472589492797852,8.579424587408813,7.9473535129374895,8.571722899357706,1175892000
2020-05-28,8.43457317352295,8.70638315643376,8.327487897378179,8.360284036781087,734896000
2020-05-29,8.82067584991455,8.82067584991455,8.432587896373802,8.501658565221103,745256000
2020-06-01,8.751852989196777,8.786140002346322,8.63582439463739,8.778686633499351,389876000
2020-06-02,8.770736694335938,8.78266265454262,8.60452010486707,8.741916492638026,391320000
2020-06-03,8.715328216552734,8.811480823540192,8.646257567101596,8.767752949429001,365440000
2020-06-04,8.716324806213379,8.892062399305495,8.627833505931573,8.678044382274448,424280000
2020-06-05,8.868946075439453,8.945505028883574,8.658159572680956,8.744164653127928,481748000
2020-06-08,8.754606246948242,8.838870419678996,8.636038460046933,8.82644215114005,387736000
2020-06-09,8.994222640991211,9.057608018513038,8.701160447107585,8.749631339266706,468488000
2020-06-10,9.313138961791992,9.44562653759529,9.10110934363464,9.11527853442806,632180000
2020-06-11,8.745903015136719,9.208240685971829,8.735711592301131,9.097627526364212,583652000
2020-06-12,8.881372451782227,9.134664575727575,8.653434667947968,9.11005648138736,570908000
2020-06-15,9.12124252319336,9.129693970720945,8.69370339239362,8.764794924642382,400004000
2020-06-16,9.016593933105469,9.213709970031696,8.788159278394854,9.172198981222923,535716000
2020-06-17,9.183135986328125,9.245775120270508,9.018334188607051,9.061586102861485,408304000
2020-06-18,9.165242195129395,9.22937289230721,9.062334201940955,9.174190510142289,254408000
2020-06-19,9.208240509033203,9.390938922555518,9.174435670130153,9.18959858782948,524160000
2020-06-22,9.472223281860352,9.476697912993025,9.220174203686891,9.246771661468518,398468000
2020-06-23,9.39591121673584,9.587309525836865,9.353654927459205,9.496332960119092,375108000
2020-06-24,9.182641983032227,9.501804874068604,9.092162257590573,9.422013440147458,449372000
2020-06-25,9.435685157775879,9.450599648847081,9.129696769818231,9.302203828855783,376072000
2020-06-26,9.102599143981934,9.445624728572614,9.0727711208658,9.445624728572614,592084000
2020-06-29,9.147342681884766,9.151817312552694,8.849059572517856,9.117266222856149,342248000
2020-06-30,9.443388938903809,9.47172542178639,9.213462711530727,9.260690499073652,367892000
2020-07-01,9.475454330444336,9.520943092607503,9.359124357158036,9.466257584270018,326648000
2020-07-02,9.557235717773438,9.681768727246737,9.5234299184089,9.583832230349895,364056000
2020-07-06,9.782936096191406,9.85203829270246,9.65691153897511,9.685994274981349,315892000
2020-07-07,9.81524658203125,10.012361669196572,9.79436687152817,9.889320247098922,357800000
2020-07-08,10.1575288772583,10.16647813998509,9.908462873664314,9.936550928389142,365480000
2020-07-09,10.44884967803955,10.50950040463489,10.174926255888597,10.320836753485086,494548000
2020-07-10,10.419271469116211,10.594263768223163,10.319346579441985,10.528144672391011,497676000
2020-07-13,9.994715690612793,10.73048006085884,9.967621368178744,10.534359608582058,457076000
2020-07-14,10.317605972290039,10.343208748675954,9.729491205941963,10.017334456489614,542676000
2020-07-15,10.16871452331543,10.373286429515986,9.998195897240302,10.354644503548622,403984000
2020-07-16,10.076743125915527,10.148330579277705,9.838862314759108,9.957678504058652,344964000
2020-07-17,10.143109321594238,10.189840238076629,10.030010888799213,10.16697211899285,266284000
2020-07-20,10.450590133666992,10.470972981230924,10.098616209013986,10.215443985468063,284852000
2020-07-21,10.269384384155273,10.499560010526949,10.227873386769945,10.452828136180505,277036000
2020-07-22,10.379002571105957,10.541815020884213,10.232595203292092,10.308160418707741,367292000
2020-07-23,10.071770668029785,10.486632138396008,9.97383420149178,10.390187215275384,411660000
2020-07-24,10.136150360107422,10.305425850353402,9.721040433377166,9.818479092225905,473292000
2020-07-27,10.361851692199707,10.381985159654809,10.15926726913902,10.17368489136173,292132000
2020-07-28,10.157032012939453,10.322579150159058,10.150818353408443,10.31487394684012,271636000
2020-07-29,10.405598640441895,10.456057943379921,10.287777140002785,10.33127653908729,284508000
2020-07-30,10.553251266479492,10.562199580657735,10.236325247506235,10.315618860396064,308880000
2020-07-31,10.553996086120605,10.704878102033073,10.37328604155994,10.50279052923152,386080000
2020-08-03,10.94723129272461,11.03522477261038,10.653919693105369,10.671071020858617,412720000
2020-08-04,11.16348934173584,11.16348934173584,10.843581144648935,10.986757033542842,310336000
2020-08-05,11.222148895263672,11.306662426415594,11.102338977036846,11.179644171241007,249924000
2020-08-06,11.270621299743652,11.292992559456534,11.114768727732969,11.284789542978082,244316000
2020-08-07,11.135397911071777,11.438900929592537,10.974325440445547,11.247751053622988,342516000
2020-08-10,11.101095199584961,11.342952810941906,10.794360663161397,11.269376954121983,427796000
2020-08-11,10.787899017333984,11.073007607753555,10.733958811085435,11.010367521177148,354512000
2020-08-12,11.374772071838379,11.401368581220279,10.895530452075002,10.927844703678472,464412000
2020-08-13,11.377503395080566,11.654658327351312,11.290753031765972,11.479913541646958,374460000
2020-08-14,11.497812271118164,11.637756604352083,11.375019266250126,11.464006479493863,366436000
2020-08-17,12.266386985778809,12.338720679866736,11.749612219421017,11.783417060907157,621300000
2020-08-18,12.190573692321777,12.424477676202287,12.01707295308066,12.378740485765862,503448000
2020-08-19,12.069024085998535,12.244513237961666,12.028755255290813,12.226119746907969,622624000
2020-08-20,12.071512222290039,12.304173155870258,11.810763232147556,11.906462887694214,921388000
2020-08-21,12.610904693603516,12.73543767305914,12.125448525163229,12.13191156434554,999868000
2020-08-24,12.647445678710938,12.83859558466308,12.435912922611479,12.810009718297657,490564000
2020-08-25,12.677023887634277,12.688209041803288,12.501782219926314,12.558456133077177,289076000
2020-08-26,12.699892044067383,12.79484543135099,12.605187089337212,12.725991685415721,321244000
2020-08-27,12.555970191955566,12.776451226157715,12.494573218918223,12.708342781689355,317604000
2020-08-28,13.072498321533203,13.07274675410688,12.570140159294503,12.602454409975303,537160000
2020-08-31,13.29794979095459,13.497301743517985,12.963127187794592,13.107296770619834,500840000
2020-09-01,13.746004104614258,13.9178162444731,13.36358999116668,13.406853896827913,511316000
2020-09-02,14.268653869628906,14.646840546330916,13.824575879843783,14.623964634932472,874012000
2020-09-03,12.944872856140137,13.809156805036086,12.80886469526864,13.753709432652316,945128000
2020-09-04,12.554008483886719,13.1035102928297,11.64123800223023,12.714382677983597,1463684000
2020-09-08,11.848359107971191,12.481902772745954,11.640742031689909,11.670827490333822,795728000
2020-09-09,12.646007537841797,12.739745856584113,12.165379076629385,12.332716222048454,736200000
2020-09-10,12.244946479797363,12.994357950704119,12.100981305836067,12.918770116551691,698684000
2020-09-11,12.098494529724121,12.583846512984273,11.831202602456209,12.417752852588826,636928000
2020-09-14,12.802406311035156,13.24275397953798,12.562714722288677,13.010024379273764,1201744000
2020-09-15,12.92050838470459,13.226588220643817,12.758144242528516,13.207939772230896,727556000
2020-09-16,12.446596145629883,13.021708500069288,12.44585062487237,12.88694376690276,556384000
2020-09-17,12.395872116088867,12.52143733948817,11.969448508524536,12.066419314288503,792512000
2020-09-18,12.123109817504883,12.563954399639542,11.923698214828766,12.525414964806158,698460000
2020-09-21,12.449326515197754,12.454548003858891,11.839901485749845,11.860290426759802,721044000
2020-09-22,12.569175720214844,12.579370193536365,12.089543202829288,12.506766345855947,646452000
2020-09-23,12.057965278625488,12.657942495758004,12.013707338704753,12.507263849012158,647012000
2020-09-24,12.280996322631836,12.501294804313572,11.948809052122478,12.006743398377193,731240000
2020-09-25,12.803895950317383,12.81359341042278,12.179304208660158,12.37995930307491,588016000
2020-09-28,12.964269638061523,12.980929083477617,12.680816250113036,12.969491127871112,573808000
2020-09-29,13.153987884521484,13.369810463799372,12.863075426348399,12.867301941188636,621460000
2020-09-30,13.457082748413086,13.548583556057018,13.078896040511102,13.086106534449147,689184000
2020-10-01,13.540628433227539,13.688073664153643,13.387712255881137,13.683350135517532,525004000
2020-10-02,12.991373062133789,13.446141621282568,12.980183612538768,13.153240207178108,552496000
2020-10-05,13.568471908569336,13.57021240499254,13.15099937684781,13.164177827694674,479820000
2020-10-06,13.661964416503906,14.065264550133465,13.590852555868134,13.754957214450531,784420000
2020-10-07,13.88823127746582,14.042639439434828,13.788276482852954,13.92378768544491,418084000
2020-10-08,13.763660430908203,14.008077409272373,13.683349068361048,13.998628455737617,378900000
2020-10-09,13.688070297241211,13.749237132534198,13.586624482486123,13.692297759480711,346892000
2020-10-12,14.148807525634766,14.269151250700197,13.837009167737346,13.913591020870141,434744000
2020-10-13,14.170936584472656,14.270642853771273,13.942682072541785,14.218924969070205,344604000
2020-10-14,14.018765449523926,14.264921915709506,13.884249261938908,14.212955529548118,276100000
2020-10-15,13.894196510314941,13.92975196281535,13.693043477475365,13.735810371723643,267224000
2020-10-16,13.736555099487305,14.044873382772966,13.717658144910136,13.960583081994502,242392000
2020-10-19,13.424510955810547,13.907624505901477,13.334004171483173,13.82756165113079,298068000
2020-10-20,13.57145881652832,13.724871990223454,13.43371011402251,13.509794959370556,229212000
2020-10-21,13.451362609863281,13.716665521672029,13.404369199715683,13.551068882438022,219596000
2020-10-22,13.288503646850586,13.537892674582903,13.159954430178722,13.449127329584885,290480000
2020-10-23,13.51650619506836,13.519490174370686,13.21912885025494,13.37701701892779,233484000
2020-10-26,13.069945335388184,13.618453219253427,12.967753030635334,13.35414524503633,336896000
2020-10-27,13.32405948638916,13.369063898523823,13.119922439853289,13.233801206707778,250520000
2020-10-28,12.558483123779297,13.18804870574498,12.540581144576285,13.126384857490965,376520000
2020-10-29,12.95333194732666,13.121166120183615,12.680818504298344,12.768838326092173,320080000
2020-10-30,12.465989112854004,12.86630429338477,12.233258625540165,12.780274436354883,416820000
2020-11-02,12.512487411499023,12.767097924979993,12.327745281962157,12.589069276227741,299652000
2020-11-03,12.948854446411133,13.033890278158362,12.534365826303068,12.63954209787184,272900000
2020-11-04,13.719400405883789,13.752470792021674,13.264631851760678,13.316598246406535,410228000
2020-11-05,14.083166122436523,14.261194749998864,13.915083461408287,14.085653088319836,319028000
2020-11-06,14.48298454284668,14.50958900610018,13.819603973147315,14.033188045302696,383348000
2020-11-09,13.55678939819336,14.611783787458327,13.536898411202461,14.473538060697685,582976000
2020-11-10,12.700709342956543,13.53266964084014,12.55972815670973,13.53266964084014,644068000
2020-11-11,13.345192909240723,13.362100862954051,12.877991414086402,12.982919181366613,404744000
2020-11-12,13.383731842041016,13.691303689939454,13.243745638126441,13.405861285173073,365812000
2020-11-13,13.224849700927734,13.594582444204104,12.988389691984729,13.553307534360247,346312000
2020-11-16,13.441914558410645,13.575435787930013,13.084613831121814,13.101023821758483,413776000
2020-11-17,13.34941577911377,13.522471379290437,13.23155904607959,13.478958972421209,312028000
2020-11-18,13.355884552001953,13.531924181183586,13.11345753865842,13.392186477279536,510924000
2020-11-19,13.367321014404297,13.414314421945354,13.028917261135884,13.141055511077486,565936000
2020-11-20,13.016733169555664,13.421275773566174,12.994105766643468,13.380995847364288,341088000
2020-11-23,13.06870174407959,13.309885276431308,12.94487701698277,13.099782179302716,361356000
2020-11-24,12.887439727783203,13.090580823661265,12.815084388554446,13.071186853481274,346500000
2020-11-25,13.16293716430664,13.197498593327106,12.949353072197923,12.961785056669386,259916000
2020-11-27,13.18929386138916,13.334751028195774,13.099036529844811,13.302427107961007,167276000
2020-11-30,13.328782081604004,13.339723024481057,12.901861463493518,13.19302333396702,286952000
2020-12-01,13.317343711853027,13.455340904435158,13.156470608275669,13.419038982985601,296948000
2020-12-02,13.471006393432617,13.599306136815693,13.162439563503987,13.278058816081627,283360000
2020-12-03,13.327248573303223,13.589893604205523,13.260592994303533,13.517765463078833,199520000
2020-12-04,13.488666534423828,13.490407545452614,13.320036096172974,13.379479051472986,202244000
2020-12-07,13.536914825439453,13.660776120123055,13.430713167655274,13.531443212803179,223244000
2020-12-08,13.28148365020752,13.528956715154852,13.213334699311595,13.515277208917487,271920000
2020-12-09,12.864385604858398,13.34515509436293,12.802206372644868,13.232237965404359,401300000
2020-12-10,12.905672073364258,13.001677197887197,12.78355178644564,12.802952434607922,207764000
2020-12-11,12.946462631225586,12.953178094559908,12.757188653902821,12.900698238186449,209264000
2020-12-14,13.240447044372559,13.320036392826733,13.01038405434784,13.020830120753207,270156000
2020-12-15,13.29193115234375,13.394899381914428,13.119072953503997,13.370773808172196,193016000
2020-12-16,13.174537658691406,13.368288003309102,13.14469094040639,13.353613224501983,223116000
2020-12-17,13.27277946472168,13.310833124873806,13.110864499454864,13.2981479389699,231384000
2020-12-18,13.203885078430176,13.336201912214122,13.003419287690592,13.310335327964504,342064000
2020-12-21,13.263822555541992,13.301379048495297,12.900944707248117,13.007644464663455,302332000
2020-12-22,13.210103034973145,13.26880025003233,12.98700409143935,13.25089297888134,185580000
2020-12-23,12.942482948303223,13.206868984202535,12.938255185424696,13.187966443845962,179144000
2020-12-24,12.927062034606934,13.065100006417657,12.872344955272986,12.970338727219502,97884000
2020-12-28,12.83379077911377,12.99545713252303,12.697743372819765,12.99545713252303,212564000
2020-12-29,12.876819610595703,13.005406770053444,12.776338151206707,12.858663762892384,170372000
2020-12-30,13.07828140258789,13.145932243119045,12.830559761023274,12.923579073766286,225396000
2020-12-31,12.987996101379395,13.08350310484441,12.848714303542376,13.069077859414788,192424000
2021-01-04,13.046197891235352,13.582432117374609,12.89597283811847,13.036995675741743,560640000
2021-01-05,13.335953712463379,13.374504535235,13.019834498908478,13.032518736692339,322760000
2021-01-06,12.549758911132812,13.177022849780169,12.521405575778882,13.154638288108194,580424000
2021-01-07,13.27551555633545,13.309092875319838,12.820364039094777,12.900947707097602,461480000
2021-01-08,13.208609580993652,13.35211916574799,12.975064589250893,13.293920064625954,292528000
2021-01-11,13.551589965820312,13.889347964433247,13.293919414175052,13.349880341033488,518344000
2021-01-12,13.415541648864746,13.683907795701348,13.276509362154492,13.681917255790076,291476000
2021-01-13,13.462302207946777,13.555073904431215,13.316305857858495,13.420766522441607,210028000
2021-01-14,13.132503509521484,13.529953094168745,13.112855226974897,13.505330358708365,283120000
2021-01-15,12.793500900268555,13.25686026552302,12.782557674546371,13.16010939853899,277780000
2021-01-19,12.958398818969727,13.026795392870795,12.77807850862047,12.949444236932546,226188000
2021-01-20,13.29715347290039,13.36157087660753,12.989739333786316,13.04445641294081,258572000
2021-01-21,13.796327590942383,13.927401511527409,13.184981367786673,13.349631654463508,337780000
2021-01-22,13.642123222351074,13.77071039880611,13.557310847947868,13.669482236438519,246820000
2021-01-25,13.583176612854004,13.75752722329833,13.168565561333795,13.71101709190849,251112000
2021-01-26,13.366297721862793,13.574721885748612,13.318792314418362,13.510801637996689,163980000
2021-01-27,12.851452827453613,13.164835741319445,12.728088683861888,13.162099460401164,371272000
2021-01-28,12.984018325805664,13.271287026648704,12.89398291811221,12.9295498263929,228316000
2021-01-29,12.923083305358887,13.266312945852967,12.845234971987278,13.00789568264157,271552000
2021-02-01,13.169062614440918,13.202638977790059,12.83652767812877,12.986255544880906,217204000
2021-02-02,13.48717212677002,13.502343114382933,13.217313559304229,13.329983047797578,220440000
2021-02-03,13.461058616638184,13.860249190894029,13.447130528740699,13.566016436499996,245408000
2021-02-04,13.594121932983398,13.603324148408923,13.26929767552563,13.461555570894452,201340000
2021-02-05,13.521246910095215,13.666747036533561,13.476229206080044,13.654559959985026,169152000
2021-02-08,14.364645957946777,14.399466174887932,13.65679743774099,13.65679743774099,434624000
2021-02-09,14.190045356750488,14.508402678677383,14.14950400191793,14.2671469869661,287560000
2021-02-10,14.688472747802734,14.828500284484402,14.26789297724074,14.389017977701,485352000
2021-02-11,15.172477722167969,15.19386796154073,14.848400177999755,14.903366783802442,450828000
2021-02-12,14.884465217590332,15.212771494540394,14.699170418654422,14.972759615299346,374756000
2021-02-16,15.25157356262207,15.293607361803607,14.87327506266809,14.986938903535481,321960000
2021-02-17,14.829497337341309,15.14536793027898,14.704143611075722,15.093136657546811,274756000
2021-02-18,14.752893447875977,14.796915880160729,14.500196394226357,14.653406299348754,233868000
2021-02-19,14.849892616271973,15.099106694714642,14.770551858754157,14.947389223018012,271724000
2021-02-22,14.282073020935059,15.055582861112889,14.251480563869782,14.698922288674808,325884000
2021-02-23,14.069418907165527,14.165672613131727,13.320780447752483,14.003010965897,391780000
2021-02-24,14.42458724975586,14.43229798344174,13.68540047372523,14.050268938182565,448320000
2021-02-25,13.239201545715332,14.300974328312286,13.148420401177352,13.973413810504649,824436000
2021-02-26,13.644115447998047,13.78339633869806,13.292429301420695,13.681919583488115,500932000
2021-03-01,13.770710945129395,13.853533731594203,13.483691763689485,13.80379015389627,353184000
2021-03-02,13.337446212768555,13.849056772712135,13.327248726912291,13.828661800999605,264116000
2021-03-03,12.739031791687012,13.382461933778034,12.733062069739823,13.357342042126135,377592000
2021-03-04,12.30675983428955,12.90840660411172,12.021730309210714,12.735050337073638,573344000
2021-03-05,12.39754581451416,12.485591641546508,11.619310040664693,12.485591641546508,542840000
2021-03-08,11.533750534057617,12.40724370649822,11.507137260717878,12.386102995034543,543112000
2021-03-09,12.460290908813477,12.55632821655255,12.001498194954765,12.072158275042783,521824000
2021-03-10,12.40854263305664,12.917841248683985,12.397844294613398,12.779009616841924,384376000
2021-03-11,12.9312744140625,12.983772381108242,12.673514929162938,12.887982786943063,299916000
2021-03-12,12.794432640075684,12.827025929600989,12.529706717484979,12.587677234677724,243964000
2021-03-15,13.12807559967041,13.143501436917228,12.70610639173423,12.803139302382466,221988000
2021-03-16,13.2275972366333,13.447787232885492,13.053932469656843,13.292534194238696,272128000
2021-03-17,13.277359008789062,13.388822153481435,12.92729317177526,12.977302577062947,243864000
2021-03-18,12.66157341003418,13.120863512138007,12.656099908286295,13.07359132528923,293896000
2021-03-19,12.784233093261719,12.85962068483066,12.552100433738472,12.688941772839797,299208000
2021-03-22,13.1231050491333,13.33035785281536,12.844943476614104,12.850915260869746,297804000
2021-03-23,13.00815486907959,13.280593244475526,12.958891459690443,13.190775433395043,222048000
2021-03-24,12.582454681396484,13.096233063845542,12.576235180945393,13.088271002303621,245840000
2021-03-25,12.475220680236816,12.653861664457352,12.21323193641956,12.439642442353005,295144000
2021-03-26,12.777766227722168,12.794685017145731,12.314246825391695,12.494379826753573,363968000
2021-03-29,12.886241912841797,12.999944962976231,12.639180750258788,12.758854634186175,273520000
2021-03-30,12.810107231140137,12.913111935410978,12.644155840330791,12.78049983259111,200204000
2021-03-31,13.284327507019043,13.405991674241122,12.92032872070121,12.953170680778484,314776000
2021-04-01,13.74560832977295,13.803578856697488,13.446546506677153,13.507255208263642,308276000
2021-04-05,13.920513153076172,13.94688599230823,13.667231582702074,13.801087954683728,255672000
2021-04-06,13.795119285583496,13.986946213948366,13.707541356464933,13.932707577763324,191744000
2021-04-07,14.07576847076416,14.175289010956332,13.645837117597932,13.814276132527263,251284000
2021-04-08,14.24843978881836,14.402199933838368,14.180764634468144,14.184497473888925,244416000
2021-04-09,14.331038475036621,14.339000535339244,14.107116562396575,14.145929352242257,195172000
2021-04-12,15.136164665222168,15.278977778996202,14.071537799554179,14.221317360385132,869324000
2021-04-13,15.604413032531738,15.624815043568274,15.053314813963015,15.158558477798532,676212000
2021-04-14,15.203840255737305,15.645215941609269,15.154576843590075,15.550173290053323,385500000
2021-04-15,16.05997085571289,16.13660177459163,15.556642200301264,15.587493880373994,598480000
2021-04-16,15.836297988891602,16.08833533705713,15.789273517405002,15.976124276327353,335208000
2021-04-19,15.28818416595459,15.731799760759175,15.16005088533594,15.462097636720497,404420000
2021-04-20,15.098597526550293,15.422786959373079,14.891344758656516,15.249869097697879,334132000
2021-04-21,15.286938667297363,15.28892894500283,15.02992519507416,15.046345697974633,216776000
2021-04-22,14.779133796691895,15.364566882387335,14.712702932237502,15.301370575475275,277788000
2021-04-23,15.192147254943848,15.261563065807191,14.828895411965819,14.86273203688158,227500000
2021-04-26,15.403877258300781,15.404872871832849,15.05256804757207,15.11228113181427,197796000
2021-04-27,15.308088302612305,15.59545520137398,15.28096851185869,15.503895773425132,164572000
2021-04-28,15.203590393066406,15.457867612223833,15.14263398051159,15.290920597634818,209416000
2021-04-29,15.251360893249512,15.362575381790093,14.999323566610313,15.326250200272115,173196000
2021-04-30,14.937621116638184,15.291418896124943,14.925181167243966,15.101831865428135,201912000
2021-05-03,14.765697479248047,15.173733855204558,14.716683684629688,15.052567032150492,203912000
2021-05-04,14.282525062561035,14.567404395065287,13.94315842316622,14.567155728925739,405324000
2021-05-05,14.38925838470459,14.742558788944459,14.318598303856616,14.63855847088675,292024000
2021-05-06,14.453451156616211,14.501470291554716,14.1499124041879,14.42583403228446,193380000
2021-05-07,14.741315841674805,14.89905652104171,14.601488612944612,14.737335285779373,229328000
2021-05-10,14.197432518005371,14.73509513395343,14.181758011696585,14.716434736221853,268904000
2021-05-11,14.237739562988281,14.286007365956934,13.684153723804577,13.758794372476588,285584000
2021-05-12,13.692608833312988,14.19195587900272,13.643595047309507,13.94240621462719,303408000
2021-05-13,13.599807739257812,14.013318571765083,13.394545268670152,13.966542771255337,285404000
2021-05-14,14.174789428710938,14.259382396455385,13.682657460128112,13.823480278695746,258616000
2021-05-17,14.097661972045898,14.101393861667164,13.787156796805611,14.089202579320993,216980000
2021-05-18,13.948629379272461,14.335269089608653,13.936935429096572,14.19867642444646,186256000
2021-05-19,13.998392105102539,14.012076335077285,13.478394213384284,13.501532501812244,344000000
2021-05-20,14.542524337768555,14.613433100183471,14.20216208835548,14.234008437809646,321592000
2021-05-21,14.919957160949707,15.149104894905113,14.79829298748573,15.09113341773736,672992000
2021-05-24,15.537236213684082,15.669598713415175,15.10332335245462,15.139648534960056,554816000
2021-05-25,15.57281494140625,15.742746908648106,15.408356475957715,15.690498551838248,435408000
2021-05-26,15.6248140335083,15.718115073854618,15.511609264757215,15.658900271738665,370440000
2021-05-27,15.413830757141113,15.674576171257446,15.385964965433507,15.624566756037233,581476000
2021-05-28,16.166706085205078,16.199548993346383,15.426767817068965,15.426767817068965,644536000
2021-06-01,16.186609268188477,16.30976731502325,15.827089363864259,16.19208371844466,472804000
2021-06-02,16.69789695739746,16.837725105726086,16.1577468358446,16.174416952438033,594168000
2021-06-03,16.888484954833984,17.17635111968771,16.503587746671425,16.62077403418186,580008000
2021-06-04,17.494070053100586,17.576422190681168,17.013631964827372,17.030548852392332,617120000
2021-06-07,17.53462028503418,17.727194109995963,17.11041308265878,17.48710039214021,575756000
2021-06-08,17.373397827148438,17.537109310398737,17.1683831012285,17.44331095416556,323848000
2021-06-09,17.279081344604492,17.4948438746544,17.17704981871262,17.435864226348606,381656000
2021-06-10,17.34552574157715,17.412221498632054,17.09766275489283,17.27086894747683,287772000
2021-06-11,17.74395179748535,17.857432176144524,17.364191530157925,17.39977791669959,416308000
2021-06-14,17.93657112121582,17.957226532251276,17.582195733025387,17.82433623634231,321376000
2021-06-15,17.707366943359375,17.93407895613419,17.647143687325773,17.83329105855584,243032000
2021-06-16,17.729019165039062,17.872860848959444,17.50429881095447,17.709609271497378,307124000
2021-06-17,18.572162628173828,18.74910163060046,17.675272586289328,17.693438870683032,809656000
2021-06-18,18.553741455078125,19.286633450241315,18.499240721357857,18.698329309981435,968856000
2021-06-21,18.34320640563965,18.451959152942997,17.741463607959098,18.3511693418325,672384000
2021-06-22,18.800609588623047,18.877259967462265,18.30214384565627,18.387254606653663,580144000
2021-06-23,18.970327377319336,19.06539273563711,18.82150936552973,18.921053636974563,332356000
2021-06-24,19.117904663085938,19.331426768379632,19.001188991925353,19.14005430634004,320924000
2021-06-25,18.9442081451416,19.25727465447557,18.80833125377538,19.19257055916544,278364000
2021-06-28,19.893856048583984,19.987178487793155,19.230893075901268,19.272950069531685,495436000
2021-06-29,19.935413360595703,20.00708358846568,19.56734872951691,19.791820384449192,367632000
2021-06-30,19.911273956298828,20.070544083019442,19.77315668561849,19.90803865725093,326568000
2021-07-01,20.11981964111328,20.36270632131494,19.927699060494447,20.03321652568688,480136000
2021-07-02,20.39356231689453,20.411730494811923,20.195221786226497,20.3470264154675,342764000
2021-07-06,20.604097366333008,20.746942264644705,20.257436236959123,20.642919053523535,446708000
2021-07-07,20.278837203979492,20.779792073320536,20.239269348710295,20.758390496324644,418428000
2021-07-08,19.811975479125977,20.041174738555355,19.610897115936638,19.765937028513026,503300000
2021-07-09,19.958805084228516,19.988668945478935,19.664155534759942,19.871455805781903,296624000
2021-07-12,20.4189453125,20.4391013746128,20.09567556838624,20.14768717026247,321984000
2021-07-13,20.157644271850586,20.36793111155692,20.022264856454754,20.30745722182195,290708000
2021-07-14,19.751005172729492,20.324627057304227,19.66266101165078,20.264901240088385,380100000
2021-07-15,18.87974739074707,19.756481081917247,18.77248888227508,19.72139214020743,550564000
2021-07-16,18.078166961669922,19.069624493243037,17.99056898289551,18.943702280089244,688224000
2021-07-19,18.6940975189209,18.95515041008201,17.784016036287866,17.83354040544613,749060000
2021-07-20,18.527114868164062,18.752083971986252,18.081158128932074,18.644576730253064,434687000
2021-07-21,19.321474075317383,19.43794103502016,18.656521440989437,18.795882316770854,371017000
2021-07-22,19.50463104248047,19.79629393162419,19.188080660166136,19.552412447205178,323826000
2021-07-23,19.468795776367188,19.610148306398543,19.16220001414079,19.56634836932359,195672000
2021-07-26,19.206003189086914,19.353326995509125,18.82773525659861,19.222925851749505,203943000
2021-07-27,19.12039566040039,19.532507034154946,18.655524613503584,19.17713490295772,248863000
2021-07-28,19.41404914855957,19.556396591410255,18.90836665974405,19.23088833780953,202191000
2021-07-29,19.572322845458984,19.762451684848866,19.23984467559429,19.429973514984173,190781000
2021-07-30,19.410070419311523,19.540471578419623,19.175146696320255,19.329438564431676,183497000
2021-08-02,19.659923553466797,19.869961658246222,19.27269777815783,19.610152354563404,217444000
2021-08-03,19.724628448486328,20.129771796246487,19.132340904279957,19.649969748387328,301811000
2021-08-04,20.181533813476562,20.225333759526567,19.737566897497963,19.89882869548474,231309000
2021-08-05,20.542877197265625,20.63844002549978,20.249222567431012,20.4065028973456,211435000
2021-08-06,20.27311134338379,20.476181384713264,20.117822711619997,20.430391658316715,178497000
2021-08-09,20.202434539794922,20.414462393227705,20.0511273868057,20.352744901947933,146443000
2021-08-10,19.845077514648438,20.336823982919242,19.744536419810593,20.229316742427432,179238000
2021-08-11,19.609153747558594,19.957557803565333,19.341381532525443,19.951584652682246,185925000
2021-08-12,19.81421661376953,19.937649714347675,19.53051661292987,19.779376396027782,151652000
2021-08-13,20.095930099487305,20.121812495694318,19.76046713192301,19.814221709491452,183063000
2021-08-16,19.859010696411133,20.194473564961584,19.36427582596979,20.043166397287347,210876000
2021-08-17,19.36924934387207,19.679826538770975,19.17912053853161,19.595213249143583,204585000
2021-08-18,18.953161239624023,19.544451924086907,18.91334276455746,19.41106231099318,285913000
2021-08-19,19.707704544067383,20.40152612998121,18.67642838900111,19.405090193128377,766555000
2021-08-20,20.7210636138916,20.76983992496617,19.84209132480141,19.899825465212288,675741000
2021-08-23,21.85785484313965,21.896676532709122,20.854452674261367,20.875356807002596,575807000
2021-08-24,21.693603515625,21.85884677029652,21.436780805743606,21.65378693903574,297299000
2021-08-25,22.111684799194336,22.367512579613624,21.622925048155796,21.63785602487588,347701000
2021-08-26,21.96735191345215,22.23811072383032,21.6906199517518,22.098749850642953,237940000
2021-08-27,22.532760620117188,22.61836882879445,22.06589978843184,22.0828224516965,304722000
2021-08-30,22.584524154663086,22.937904612772638,22.448149850901924,22.725876717636822,262580000
2021-08-31,22.28683853149414,22.595478601704784,22.02300120526445,22.595478601704784,259850000
2021-09-01,22.342592239379883,22.597470150724345,22.258960958809393,22.386399914481622,201767000
2021-09-02,22.29778480529785,22.493921385599155,22.197227896388572,22.419249529951113,187834000
2021-09-03,22.742828369140625,22.885200930384197,22.102648427978476,22.227100272958122,280532000
2021-09-07,22.562620162963867,22.798580352130667,22.423232818730735,22.73286979951559,198107000
2021-09-08,22.241037368774414,22.510848859948066,21.88062343636692,22.414274113005263,254434000
2021-09-09,22.079748153686523,22.43916513590544,22.033950346554978,22.21415637158111,196856000
2021-09-10,22.379426956176758,22.52677674082894,22.1723389246809,22.249995986999718,248376000
2021-09-13,22.054859161376953,22.863298640935614,21.76214779147206,22.584525817265025,297500000
2021-09-14,22.14446258544922,22.311725124711973,21.989146556569096,22.177316913239693,199755000
2021-09-15,22.243026733398438,22.268913686849235,21.86967123574188,22.21116747444568,166538000
2021-09-16,22.14446258544922,22.179308947795626,21.830843425347233,22.08572130335323,156033000
2021-09-17,21.803958892822266,22.223112159489396,21.734266176153632,22.202204344488806,294503000
2021-09-20,21.020414352416992,21.33901075751113,20.57139190308022,21.053268680937446,349440000
2021-09-21,21.15282440185547,21.331038336025543,20.858123002450913,21.323073997901687,204688000
2021-09-22,21.84478759765625,21.863703385380997,21.103053624526165,21.27230824194603,268726000
2021-09-23,22.383405685424805,22.43617275293961,21.794000940465747,22.042904567100518,248555000
2021-09-24,21.984169006347656,22.0518716003552,21.765134441649685,21.973217562960425,217655000
2021-09-27,21.56501579284668,21.703406185279654,21.231485755998357,21.614795771814215,245215000
2021-09-28,20.608226776123047,21.32507053002053,20.560436939331986,21.12096960542121,343069000
2021-09-29,20.427026748657227,20.924834092595493,20.37724487487281,20.84817209585024,218394000
2021-09-30,20.625154495239258,20.973620032961403,20.59727740414024,20.676926507135207,221009000
2021-10-01,20.651042938232422,20.767528549150793,20.11440509795195,20.65900727941029,240978000
2021-10-04,19.64546775817871,20.451915057453423,19.469243927312622,20.4140815960762,345635000
2021-10-05,20.361316680908203,20.557453280437706,19.766934576510337,19.86251425727249,279282000
2021-10-06,20.609224319458008,20.629135169524517,19.991942391773726,20.031767889875287,297202000
2021-10-07,20.98257827758789,21.22849482345153,20.880029336594305,20.99950202415533,256919000
2021-10-08,20.73965072631836,21.113006266424186,20.683896542065902,21.00846717095083,151258000
2021-10-11,20.6042423248291,20.97062850101373,20.42104923673679,20.484769645064205,163388000
2021-10-12,20.580350875854492,20.964657828842242,20.437978323976292,20.73666197268602,162134000
2021-10-13,20.8471736907959,20.8979506288575,20.622164953970238,20.826265874944212,180652000
2021-10-14,21.650638580322266,21.6595979888479,21.029374431188767,21.194646843821843,243589000
2021-10-15,21.76612663269043,21.834824285475865,21.56700484536949,21.71435462616983,226994000
2021-10-18,22.12455177307129,22.193249435993522,21.54908541210571,21.653626407282953,189494000
2021-10-19,22.192256927490234,22.280865453012563,21.940366100720357,22.178316480739,161473000
2021-10-20,22.00606918334961,22.33462191107961,21.885599533351265,22.20718298956857,146276000
2021-10-21,22.59248924255371,22.611406925381793,21.986160606952357,22.00009915262171,187590000
2021-10-22,22.626340866088867,23.02856856064082,22.46206541817937,22.72291561933294,249384000
2021-10-25,23.06441307067871,23.25258344955109,22.67014969676888,22.872258622224397,230235000
2021-10-26,24.608606338500977,25.148231194964065,23.819084651019782,23.88380013492317,485898000
2021-10-27,24.343772888183594,24.979970559191603,24.17551339728853,24.36667273808714,245990000
2021-10-28,24.83162498474121,24.840586291381936,24.415458790011783,24.768901535208865,234204000
2021-10-29,25.454879760742188,25.596257241681755,24.890366803732874,24.89136187149755,292503000
2021-11-01,25.713741302490234,25.78044692731383,25.11637208457716,25.536522381847643,265740000
2021-11-02,26.285219192504883,26.56100485226317,25.686855006308992,25.708759787654955,294112000
2021-11-03,26.481361389160156,26.666546557874828,26.119954258485805,26.553046154370787,239910000
2021-11-04,29.67031478881836,31.227455386633288,26.999079939655886,27.109593234066324,1153631000
2021-11-05,29.621530532836914,31.26230243845938,29.28102933486203,30.054622412775466,851260000
2021-11-08,30.668914794921875,30.963616262925747,29.775847185212836,30.016786509890455,503101000
2021-11-09,30.522558212280273,32.16831102221569,29.832598362114123,32.14043393327905,646746000
2021-11-10,29.329809188842773,30.714709797083966,28.65179591122643,29.227262149282613,636206000
2021-11-11,30.256732940673828,30.45585665879576,29.646422105832695,30.334391912355496,332172000
2021-11-12,30.256732940673828,30.545462142052177,29.500065470388805,29.87840015502357,413054000
2021-11-15,29.893333435058594,30.50961846828987,29.11874525657836,30.4180228502872,384909000
2021-11-16,30.070547103881836,30.256727308905166,29.575726902303593,29.628495874144114,264484000
2021-11-17,29.132680892944336,30.375209109979387,28.673702083946914,30.28460666991569,428508000
2021-11-18,31.536096572875977,32.616337669436994,31.183648858814088,32.225063319518526,781711000
2021-11-19,32.84035110473633,32.94290005570085,31.765087317217567,32.10160442864808,533867000
2021-11-22,31.815860748291016,34.49505972389229,31.760106571634346,33.37001411954836,754335000
2021-11-23,31.60678482055664,32.21809257052514,30.744581358909567,31.39670967652622,532163000
2021-11-24,32.53071212768555,32.71091813220103,30.792368699348174,31.323032237725272,435162000
2021-11-26,31.36484718322754,32.56655284259445,31.21251827008266,32.457034628286934,283069000
2021-11-29,33.22964096069336,33.26548239676256,31.89551689877383,32.22407162500823,454964000
2021-11-30,32.5327033996582,33.20673647061269,31.724265919380148,33.023541458568594,622066000
2021-12-01,31.30097770690918,33.14707524856972,31.246211893152907,33.07737399441328,484368000
2021-12-02,31.989032745361328,32.33953320579173,30.89272694054253,31.08092223246618,472890000
2021-12-03,30.562143325805664,31.992021860446783,30.001542011299605,31.86357023241154,544325000
2021-12-06,29.90894317626953,30.11207202986678,27.918465014907625,29.752611029224973,658938000
2021-12-07,32.28874969482422,32.310659060877626,30.520322375117104,30.82501943857468,593053000
2021-12-08,31.69031524658203,32.15233775708551,31.287041214384153,31.86257802352817,475551000
2021-12-09,30.360008239746094,32.06769853366914,30.298272298007166,31.598704034532002,488507000
2021-12-10,30.069250106811523,31.171530737037585,29.733687020196054,31.017190899282223,488825000
2021-12-13,28.040937423706055,30.16484489291169,27.9961292011688,30.12003667037444,598344000
2021-12-14,28.216188430786133,28.555734222401295,27.13382283364954,27.580907982463,667035000
2021-12-15,30.32914161682129,30.369967183258264,27.71931562363803,28.27891988260038,698297000
2021-12-16,28.265975952148438,31.027154448930762,27.97323064778504,31.01918913294205,707366000
2021-12-17,27.682472229003906,28.798693182569515,27.64164666608465,27.86568776813946,713758000
2021-12-20,27.600820541381836,28.024007803925517,27.029268369795737,27.188586061521594,461847000
2021-12-21,28.9510498046875,28.995858039109333,27.28418462372573,28.2530380569607,524385000
2021-12-22,29.274654388427734,29.428994238441074,28.327708710251994,28.767825605381404,395184000
2021-12-23,29.513633728027344,29.93084800774143,29.30552513261703,29.628143214986842,343022000
2021-12-27,30.81307029724121,30.95446509890773,29.51363366651382,29.53354885530447,403686000
2021-12-28,30.19272232055664,31.196424124096993,29.884042641533675,31.178501216751027,420591000
2021-12-29,29.873092651367188,30.41776144298987,29.240799693853926,30.143934262767104,343139000
2021-12-30,29.459861755371094,30.32714857163771,29.414058345471055,29.699833486975336,308864000
2021-12-31,29.28561019897461,29.901972573947273,29.205951342168785,29.547489426670328,266530000
2022-01-03,29.992582321166992,30.58006706522169,29.658014384020838,29.687887165643172,391547000
2022-01-04,29.165124893188477,30.33810206507223,28.228136800951273,30.147916396398475,527154000
2022-01-05,27.48631477355957,29.290589869699456,27.415618321755158,28.825579893631648,498064000
2022-01-06,28.057870864868164,28.316762659075174,26.949616846915596,27.52216436362774,454186000
2022-01-07,27.130834579467773,28.300826210955492,26.941644095796043,28.02102409273095,409939000
2022-01-10,27.28318214416504,27.351888211869046,25.534668178229204,26.467673635110437,594681000
2022-01-11,27.69840431213379,27.94534808174242,26.72457518291045,27.206510950592097,404089000
2022-01-12,27.879629135131836,28.473086907923104,27.49029538667551,27.947338113635016,383413000
2022-01-13,26.461702346801758,28.358579457679358,26.385029059468522,28.2580102227296,540171000
2022-01-14,26.827133178710938,27.08104705883841,26.098253685229988,26.18787012536713,395832000
2022-01-18,25.79256820678711,26.524435305727852,25.660135800028776,26.148046566250244,424270000
2022-01-19,24.960132598876953,26.429839877619013,24.945197155347234,25.967819225021024,488315000
2022-01-20,24.047040939331055,25.469949535319014,23.975347395495497,25.196122322501015,435181000
2022-01-21,23.274349212646484,24.717171038870582,23.163822382731063,23.40678161092132,718958000
2022-01-24,23.272354125976562,23.280319440924885,20.798945308150216,22.234796834896894,913982000
2022-01-25,22.228824615478516,22.845186990931126,21.906206530046255,22.449878275649777,664616000
2022-01-26,22.674915313720703,23.954436811095526,22.204927473512953,23.140920495841154,755959000
2022-01-27,21.85044288635254,23.892699123335404,21.58258875418974,23.46751957498949,573353000
2022-01-28,22.742624282836914,22.760547192328307,21.205206336859245,21.91815335328116,543774000
2022-01-31,24.381607055664062,24.404509712140047,22.953720720505,23.083165646073763,564680000
2022-02-01,24.532955169677734,25.037793520024238,23.788143210267442,24.996967960877434,518925000
2022-02-02,25.134387969970703,25.70693546964293,24.448324260936168,25.684034709186335,543419000
2022-02-03,23.845901489257812,24.970087889771477,23.678618459668993,24.35372741378853,410178000
2022-02-04,24.21531867980957,24.529971431012495,23.531247360390374,23.869797957184883,354829000
2022-02-07,24.622575759887695,25.074638756833302,24.098817325743227,24.268092626990843,376868000
2022-02-08,25.000957489013672,25.122437111146983,23.877766205134343,24.25515013515638,410359000
2022-02-09,26.591142654418945,26.61105783985489,25.24490764594495,25.51275986295692,524282000
2022-02-10,25.71390151977539,26.810207355807123,25.490857492439208,25.884173907605756,513200000
2022-02-11,23.84689712524414,26.040506046365,23.671648776457072,25.805512129420663,605472000
2022-02-14,24.16353988647461,24.768947532154037,23.653721722186578,23.831959421608797,440424000
2022-02-15,26.38204574584961,26.431831823132374,24.678339744131332,24.842635318538136,699869000
2022-02-16,26.397972106933594,26.468670452357063,25.443061093040882,26.147047583163317,732676000
2022-02-17,24.40251922607422,25.675070604494053,24.061978217389743,25.52073073259493,810595000
2022-02-18,23.54120445251465,24.87947428103264,23.00151540777712,24.562829258106373,761255000
2022-02-22,23.290279388427734,23.96140567068865,22.901942706800956,22.936793337243518,633422000
2022-02-23,22.291553497314453,24.052017284731818,22.20592161177353,23.700521640999543,566511000
2022-02-24,23.646751403808594,23.698529751346676,20.800936466850946,20.925403538862675,735801000
2022-02-25,24.05401039123535,24.113754059814244,23.28131966006848,23.6198702807105,528866000
2022-02-28,24.281036376953125,24.559843299003468,23.605927486955995,23.889712256178317,477319000
2022-03-01,23.376907348632812,24.27307180434672,23.033378906753704,24.187438016478104,412056000
2022-03-02,24.120851516723633,24.309078898961875,23.31914848717471,23.658752163102065,389642000
2022-03-03,23.616920471191406,24.22641458306048,23.37292261489187,24.16267550692926,365095000
2022-03-04,22.84210777282715,23.583061545150027,22.389965840443992,23.288273750720784,431415000
2022-03-07,21.264591217041016,22.938711412053266,21.24268191605436,22.723594140609173,450821000
2022-03-08,21.42593002319336,22.281412867963464,20.565466582728256,21.221769289134286,557467000
2022-03-09,22.91978645324707,23.124942518382856,22.15592615939423,22.295352427006858,492742000
2022-03-10,22.565244674682617,22.694711650925896,21.79242045485743,22.438763775975826,428066000
2022-03-11,22.0095272064209,23.050249252253458,21.955747421099613,22.927751696595113,367209000
2022-03-14,21.2426815032959,22.170865393438028,21.072381995476352,21.779474563363422,385354000
2022-03-15,22.878955841064453,22.943690284803075,21.234715406611926,21.429912197555932,491996000
2022-03-16,24.395721435546875,24.496307806427332,23.077142064193676,23.40379845485764,671422000
2022-03-17,24.664615631103516,24.74030282145656,23.808135623978337,24.021260266549067,471941000
2022-03-18,26.344711303710938,26.460237571454236,24.523199913712308,24.697482775125827,730719000
2022-03-21,26.62455940246582,27.040849423539733,25.860699040597943,26.398489377058596,591727000
2022-03-22,26.415420532226562,27.12649837424718,25.965271190591476,26.617588642474022,547007000
2022-03-23,25.529064178466797,26.50305932852309,25.47030568855705,26.019048781115384,502120000
2022-03-24,28.034761428833008,28.204065572576116,25.80094361026962,26.058884112048176,877379000
2022-03-25,27.57863426208496,28.241908164028267,27.15935821789396,27.77184031036565,579016000
2022-03-28,28.103483200073242,28.13435643593802,27.094629507787083,27.64237917989263,425494000
2022-03-29,28.538692474365234,28.827504327820737,27.865459189769126,28.577532381283703,488984000
2022-03-30,27.57664680480957,28.37934706350977,27.390412047597884,28.188133610446798,463487000
2022-03-31,27.174297332763672,28.13235904221387,27.15836398762896,27.668267123207887,523440000
2022-04-01,26.602649688720703,27.383440643848896,26.15947167732759,27.26293568960486,517235000
2022-04-04,27.247995376586914,27.44518476682431,26.50405367248858,26.618582662321668,397120000
2022-04-05,25.824848175048828,27.20716672096827,25.714302505747888,27.142432274200335,436615000
2022-04-06,24.307086944580078,25.19643100477937,23.90474143009996,24.831930039640117,703833000
2022-04-07,24.108901977539062,24.620797799219233,23.381890771561523,24.340947967952697,557992000
2022-04-08,23.02435874938965,23.825068318317854,22.967592876759955,23.81909236344926,524781000
2022-04-11,21.8272762298584,22.228626311058377,21.57132836419141,22.12306125571871,575207000
2022-04-12,21.41596794128418,22.63197015423266,21.194876629839,22.44474005075557,662258000
2022-04-13,22.112104415893555,22.407889437860018,21.36716738576446,21.639050491837658,516943000
2022-04-14,21.170976638793945,22.683759389398876,21.076366219253643,22.412871600546225,569097000
2022-04-18,21.69382667541504,21.9975764845038,20.992708207900467,21.113213152266766,525701000
2022-04-19,22.107126235961914,22.28140906472453,21.226744362071575,21.631082424341212,512781000
2022-04-20,21.394060134887695,22.577196581632325,21.11321496007185,22.424823034682213,468974000
2022-04-21,20.10037612915039,22.30033264038632,19.918124725646763,21.620128118741523,656209000
2022-04-22,19.43511199951172,20.402137743310213,19.420174011970897,20.219886317241535,624713000
2022-04-25,19.820528030395508,19.863351272784346,19.01782777863427,19.12339284572606,641566000
2022-04-26,18.711088180541992,19.706994507674615,18.593571203547693,19.637281368701824,653143000
2022-04-27,18.339614868164062,19.088535288837406,18.21512658445252,18.52186437824128,499460000
2022-04-28,19.701017379760742,19.954974541798094,18.414306664090166,18.88935323961421,570327000
2022-04-29,18.47107696533203,20.045604367770206,18.441199089362883,19.322576485275174,500435000
2022-05-02,19.45303726196289,19.493867882415657,18.315712153889976,18.46509770793821,572049000
2022-05-03,19.521760940551758,19.743849591874316,19.054680870396393,19.320588136708288,475751000
2022-05-04,20.25075912475586,20.316488927908352,18.67423920836695,19.84144231861461,648855000
2022-05-05,18.76685905456543,19.84343319196136,18.424267408174938,19.785671961147454,626331000
2022-05-06,18.598546981811523,19.43212034048371,17.916351786613728,18.659298078838052,633297000
2022-05-09,16.880613327026367,18.180269513135514,16.75811575231476,17.9601754415391,644455000
2022-05-10,17.52297019958496,18.12350232079174,16.955303927577983,17.61658525253339,761474000
2022-05-11,16.561918258666992,17.68032194709463,16.500173704044624,17.275983917823066,670167000
2022-05-12,16.108781814575195,16.71927317338393,15.503272000214082,16.15260230985151,708728000
2022-05-13,17.63351821899414,17.854609562915,16.52507542137206,16.719276866807252,670437000
2022-05-16,17.19332504272461,17.715180072849822,17.035972816221634,17.437322904145635,521446000
2022-05-17,18.102588653564453,18.295794716695035,17.561812268275418,18.00000966759252,585830000
2022-05-18,16.86865997314453,18.043829664901942,16.794963502496497,17.63252027278685,545161000
2022-05-19,17.05390167236328,17.614596699783718,16.665496886231242,16.86766690277533,621310000
2022-05-20,16.625659942626953,17.33872845520384,15.69050380184821,17.26104864553038,739105000
2022-05-23,16.828826904296875,16.845757510491026,16.112770346149613,16.20738076943158,639889000
2022-05-24,16.087873458862305,16.529060843009862,15.71540481837536,16.442417081048603,588550000
2022-05-25,16.905508041381836,17.040950964789868,15.934499121271301,15.954417701062567,781132000
2022-05-26,17.777921676635742,18.017934299435986,15.95640873833212,15.970351364556697,996575000
2022-05-27,18.733991622924805,18.80370475029721,18.025901901467446,18.11155027204223,738379000
2022-05-31,18.595561981201172,19.121400348314285,18.27487967412374,18.902299762323565,664100000
2022-06-01,18.24500274658203,18.97500185230617,18.047813348721185,18.6473501146243,544514000
2022-06-02,19.51179313659668,19.53868302922962,18.12350080401456,18.217115849128234,648656000
2022-06-03,18.643362045288086,19.252858009305765,18.446172677395946,19.003881477132655,598779000
2022-06-06,18.709095001220703,19.25783996366541,18.488003681659272,19.06065056239769,422406000
2022-06-07,18.84852409362793,18.92222057056187,18.11354434422296,18.396382141540013,388914000
2022-06-08,18.575592041015625,19.10552591772429,18.463029944487918,18.72600479307587,363252000
2022-06-09,17.97791290283203,18.859476330241662,17.970940116964524,18.40923195713273,395574000
2022-06-10,16.908084869384766,17.62827677855805,16.8034911776423,17.53165334233973,465248000
2022-06-13,15.5862398147583,16.248657445936082,15.545398661343508,15.937868732069086,604153000
2022-06-14,15.774507522583008,16.00361395146763,15.352153223730667,15.669914755070089,469680000
2022-06-15,16.46282386779785,16.80249932387109,15.864156848634643,16.032500272176392,563936000
2022-06-16,15.54041862487793,15.88009502147224,15.341195447240926,15.79841271116568,545749000
2022-06-17,15.818334579467773,15.932887781168011,15.26847807134145,15.58723513693202,630334000
2022-06-21,16.501672744750977,16.94195585735891,16.343289760595702,16.41102650097026,483089000
2022-06-22,16.29647445678711,16.597301831379568,16.11717309578013,16.162994005831898,437135000
2022-06-23,16.16199493408203,16.5205956784527,15.79143880496092,16.454851986991518,463680000
2022-06-24,17.059494018554688,17.07343959152511,16.24666280838682,16.43592551294382,472153000
2022-06-27,16.80349349975586,17.2627037776178,16.561437091028537,17.24477402510874,427968000
2022-06-28,15.919940948486328,17.13520290564429,15.883083968904495,16.83437555051828,461149000
2022-06-29,15.481648445129395,15.758568817578366,15.111093222281093,15.752592549454855,482352000
2022-06-30,15.100136756896973,15.506552451888224,14.804290100614665,15.301352039966417,686070000
2022-07-01,14.466604232788086,15.004507273555733,14.336113363533372,14.84114455708728,577610000
2022-07-05,14.905890464782715,14.912863251478607,14.000420913948414,14.119954807294123,651397000
2022-07-06,15.071247100830078,15.259513302763182,14.731570721690755,14.951713200390376,529066000
2022-07-07,15.796420097351074,15.883082152996206,15.329241452564782,15.395981666093258,492903000
2022-07-08,15.776498794555664,15.974726402731946,15.329241976596508,15.37008313178978,467972000
2022-07-11,15.093160629272461,15.466704390913305,14.97960300654342,15.465707871427929,437321000
2022-07-12,15.023431777954102,15.37107648181063,14.819227931417547,15.208709354081796,458483000
2022-07-13,15.10511302947998,15.315294091621414,14.408828056730547,14.53334264284129,521918000
2022-07-14,15.312307357788086,15.412914988487683,14.67080807841094,15.049332580525368,456235000
2022-07-15,15.70079517364502,15.720717018310008,15.385025718454648,15.598195441188166,385935000
2022-07-18,16.038476943969727,16.83138547101321,15.939862350377403,16.23869663998441,670517000
2022-07-19,16.92601776123047,17.0435595776271,16.109202264221235,16.421982128219415,702366000
2022-07-20,17.737855911254883,17.863368015089698,16.735763519951277,16.881196521270358,760538000
2022-07-21,17.979907989501953,18.073542834559365,17.476869827222348,17.815549700814543,557049000
2022-07-22,17.251745223999023,17.897227654554197,17.070450876572462,17.823515612161977,536671000
2022-07-25,16.95789337158203,17.057505436276674,16.584349553933702,16.95291172337914,480748000
2022-07-26,16.468799591064453,16.853300347202065,16.414012864423395,16.823416159959134,397865000
2022-07-27,17.720918655395508,17.86635161594308,16.84732342255859,16.965860804114296,569776000
2022-07-28,17.914167404174805,18.069561793152403,17.37228103230231,17.905203475930218,474646000
2022-07-29,18.092472076416016,18.173156925324996,17.623300329186787,17.743830767643395,435460000
2022-08-01,18.36939239501953,18.772820437934747,17.920143444250357,18.111397333511174,476469000
2022-08-02,18.454059600830078,18.864460391381805,18.021744878238078,18.051629067336524,489527000
2022-08-03,18.819631576538086,18.894341085493743,18.066566870045985,18.11338523431243,418146000
2022-08-04,19.140384674072266,19.199155581116848,18.68715160109545,18.77580669644715,409652000
2022-08-05,18.915260314941406,19.154328094688672,18.59351466678954,18.736954574661173,386068000
2022-08-08,17.723905563354492,18.168174706690454,17.175046511530418,17.43403710855411,981859000
2022-08-09,17.019651412963867,17.379249624350564,16.65905763199982,17.18500716001782,668263000
2022-08-10,18.026729583740234,18.047647949674293,17.249757634884343,17.62927873105072,597422000
2022-08-11,17.872329711914062,18.634360468808346,17.806586008570317,18.06059689418251,509327000
2022-08-12,18.636348724365234,18.645314550682862,17.883283911712684,18.089480817540075,478094000
2022-08-15,18.958093643188477,19.08958102425809,18.54072200021173,18.628379620944163,457666000
2022-08-16,18.805688858032227,19.067668063926604,18.42915644764587,18.846530011794016,451240000
2022-08-17,18.263805389404297,18.615435350085825,18.074544515897863,18.451077023099447,446799000
2022-08-18,18.700105667114258,18.791747491250643,18.112396469035968,18.229938308651626,415447000
2022-08-19,17.779687881469727,18.448081715081848,17.700994191090388,18.33452409224492,441588000
2022-08-22,16.967849731445312,17.489814971564844,16.900113015575588,17.42207825569512,409593000
2022-08-23,17.114282608032227,17.397180176245477,16.904101521089547,16.923028743581053,369986000
2022-08-24,17.155122756958008,17.338408253803493,16.829392914726995,16.94593725189229,522661000
2022-08-25,17.843441009521484,17.877309377171127,16.767634901441976,16.7785918674599,770691000
2022-08-26,16.196857452392578,17.8543951679038,16.173946054363714,17.787655912695254,769127000
2022-08-29,15.739639282226562,16.27455364227297,15.70577186993532,15.957789648026925,496132000
2022-08-30,15.407934188842773,15.97671599783805,15.12304454959439,15.898023253937998,530181000
2022-08-31,15.035385131835938,15.479653272888758,14.90090915114216,15.32425893297207,573710000
2022-09-01,13.882880210876465,14.32415979672276,13.218470483091595,14.153823343963365,1178865000
2022-09-02,13.594005584716797,14.115969978398423,13.53822233999636,14.045246540395883,743157000
2022-09-06,13.412713050842285,13.725493859595561,13.299155414870102,13.67767991813969,535751000
2022-09-07,13.664806365966797,13.788362113873305,13.298126385508025,13.514347994091015,512657000
2022-09-08,13.939815521240234,13.957751553071784,13.321043803751946,13.410720161896329,624873000
2022-09-09,14.335390090942383,14.422077892391746,14.07532668659429,14.10621466793855,486612000
2022-09-12,14.452967643737793,14.49481679850031,14.147068757337559,14.317455823482035,484159000
2022-09-13,13.083898544311523,13.872061584656505,13.052013739126558,13.752492139832665,714956000
2022-09-14,13.080906867980957,13.242325437341442,12.866677974239867,13.20645432739914,588507000
2022-09-15,12.882620811462402,13.185530199582288,12.744119495023593,12.968312751976555,523625000
2022-09-16,13.150655746459961,13.164605464480621,12.571739597842733,12.6962911946005,670751000
2022-09-19,13.333996772766113,13.414706540772462,12.963331449798705,12.965324131066843,569685000
2022-09-20,13.128735542297363,13.434634451270144,13.01016292838732,13.167596153339607,524818000
2022-09-21,13.21342945098877,13.980667741595738,13.062971099601787,13.165602253694058,807679000
2022-09-22,12.51594066619873,13.101831671038127,12.383418345633107,13.0231145909362,759162000
2022-09-23,12.471102714538574,12.565762199000392,12.213031967666868,12.375447364597502,663309000
2022-09-26,12.184136390686035,12.61359104915648,12.170186671175692,12.446193464778984,547343000
2022-09-27,12.368474960327148,12.690316321128362,12.214031207840627,12.462137647648099,553854000
2022-09-28,12.690313339233398,12.77700114543241,12.309683684312093,12.365482557221197,542414000
2022-09-29,12.176164627075195,12.455159943744142,11.903147353863744,12.403346432766009,532763000
2022-09-30,12.095454216003418,12.58768254393533,12.031683671272111,12.043640707800058,565638000
2022-10-03,12.467117309570312,12.632522202880898,12.061576751367282,12.3027092319889,547478000
2022-10-04,13.119767189025879,13.172577516081788,12.832800195456576,12.832800195456576,584182000
2022-10-05,13.161616325378418,13.273215022829856,12.57572625208159,12.864685926402442,507131000
2022-10-06,13.082901000976562,13.60701418955063,13.055997427970787,13.172578310658011,644157000
2022-10-07,12.03268051147461,12.624549544676155,11.978874322115674,12.460141479897947,672478000
2022-10-10,11.628137588500977,12.080508526082841,11.367077348214593,11.993820717893747,698699000
2022-10-11,11.544438362121582,11.803504950434311,11.242524855590247,11.519527473651838,667482000
2022-10-12,11.458745956420898,11.69290259691748,11.304302255253075,11.537463030403634,492590000
2022-10-13,11.917096138000488,12.034672869060671,10.774210439470531,10.931643641216205,850103000
2022-10-14,11.186728477478027,12.067557354538815,11.163811215184015,12.013751153814267,713432000
2022-10-17,11.845354080200195,11.90513926216049,11.475685618444233,11.476681483829186,580774000
2022-10-18,11.924072265625,12.44718861782601,11.576324213052954,12.299719755620746,659362000
2022-10-19,12.007769584655762,12.305697731615245,11.791548012253855,11.836386661619711,523131000
2022-10-20,12.15025806427002,12.72319524071747,12.061576624677791,12.069548299667495,652398000
2022-10-21,12.421282768249512,12.453168520670618,11.844360180299446,12.054602792053803,609494000
2022-10-24,12.553805351257324,12.664407237339118,12.020724633774568,12.463132178101741,517457000
2022-10-25,13.21342945098877,13.252290058434822,12.618570904437151,12.648463971781274,505482000
2022-10-26,12.849740028381348,13.339974778311161,12.662414686166759,12.82283740595862,532953000
2022-10-27,13.128735542297363,13.788361512216962,13.074929346453251,13.581107454000612,583113000
2022-10-28,13.784375190734863,13.800318541551777,13.014148282801942,13.056994256397354,521040000
2022-10-31,13.448582649230957,13.78835995245815,13.24930028897117,13.728574769253589,486341000
2022-11-01,13.49441909790039,13.875048766316969,13.470505022876246,13.761457385078938,432817000
2022-11-02,13.171578407287598,14.159023497576108,13.16360768400867,13.800315293189843,672628000
2022-11-03,13.372856140136719,13.731565367636188,12.909524971705448,12.996212781616933,500065000
2022-11-04,14.105218887329102,14.177956971752689,13.647864854214127,13.935828645472183,612576000
2022-11-07,14.249698638916016,14.360300516988321,13.90394423701555,14.176960552458848,410061000
2022-11-08,14.5496187210083,14.837581555139764,14.16500278149727,14.747904258620336,595292000
2022-11-09,13.726583480834961,14.160023489846735,13.709644264687311,14.111198522670565,454414000
2022-11-10,15.693504333496094,15.716421596225008,14.49481945789081,14.746912198669245,700819000
2022-11-11,16.268430709838867,16.330208574296904,15.426462616385566,15.750296571579392,655487000
2022-11-14,16.236543655395508,16.48066558256314,15.864881605151144,16.159820218444786,527852000
2022-11-15,16.606216430664062,16.93702431634431,16.323234794348377,16.66201530534491,545876000
2022-11-16,15.852925300598145,16.303303489339243,15.816058328582624,16.104022097240293,649547000
2022-11-17,15.620763778686523,16.20765162732223,15.47927296101109,15.658627572163233,710894000
2022-11-18,15.353724479675293,15.94459765168975,15.065760685221573,15.908725591523805,492072000
2022-11-21,15.262054443359375,15.42148033094182,15.025904158444272,15.092664200239714,404739000
2022-11-22,15.980469703674316,16.0003984171812,15.067755150531777,15.273016528487188,472866000
2022-11-23,16.45973777770996,16.467710400746597,15.990428704993901,16.040248571568963,427241000
2022-11-25,16.211637496948242,16.427858142364496,16.11398946353445,16.259465648152826,167934000
2022-11-28,15.770225524902344,16.29832500895063,15.668592130839407,15.968511085101463,303741000
2022-11-29,15.58289909362793,15.874848252781751,15.464326492119582,15.770224418844657,298384000
2022-11-30,16.866607666015625,16.873584309435355,15.54502609510109,15.644692293883454,565298000
2022-12-01,17.077903747558594,17.20746973093648,16.579569825193857,16.942357240042217,470977000
2022-12-02,16.819765090942383,16.876576265200864,16.390201516412013,16.603489123219873,371389000
2022-12-05,16.554651260375977,16.93836855658918,16.41711062983356,16.623421575647185,352255000
2022-12-06,15.933728218078613,16.51777502605684,15.766287810992363,16.474919041618143,352694000
2022-12-07,16.066286087036133,16.132066147916248,15.614794545863099,15.719445161170468,372388000
2022-12-08,17.11178970336914,17.12175660926792,15.905820703517822,16.218775465562125,515456000
2022-12-09,16.944347381591797,17.524408725344184,16.91843494852363,17.102817944678048,465338000
2022-12-12,17.4765682220459,17.47955848372448,16.741028482869503,16.9802285062354,457328000
2022-12-13,18.011781692504883,18.727389611689624,17.651984541709513,18.469251865722775,656589000
2022-12-14,17.61510467529297,18.191179623464766,17.36195136904166,17.927061390913362,496888000
2022-12-15,16.8955135345459,17.26228734409324,16.64435432424313,17.08886734621949,478542000
2022-12-16,16.515779495239258,16.98421452775994,16.355316696171542,16.80780430040909,478232000
2022-12-19,16.19983673095703,16.55365331311345,16.091200695343332,16.516777854754576,354039000
2022-12-20,16.031402587890625,16.25565325018952,15.799180110626692,16.01047265280894,403260000
2022-12-21,16.446014404296875,16.571595897427166,16.048343794868938,16.060304842306547,325025000
2022-12-22,15.287885665893555,16.084223899243984,14.832408745526728,16.040369896727526,565045000
2022-12-23,15.155328750610352,15.287884971363319,14.833405142358366,15.145361845900647,349326000
2022-12-27,14.073945999145508,15.04968384623769,14.009162061218975,15.02377046116637,464902000
2022-12-28,13.989229202270508,14.214475953122395,13.837735273982746,13.880592209011148,351066000
2022-12-29,14.554339408874512,14.634072755943127,14.179592867751314,14.354009920900088,354923000
2022-12-30,14.565303802490234,14.580253211433105,14.18557284700013,14.286236129267657,310490000
2023-01-03,14.267297744750977,14.946029157402801,14.049027654749226,14.801511884284999,401277000
2023-01-04,14.699853897094727,14.803507446014843,14.1935472009812,14.518461136981063,431324000
2023-01-05,14.217466354370117,14.515469810414057,14.100855645137985,14.442713107430109,389168000
2023-01-06,14.809484481811523,14.95998131637067,13.987233879252056,14.425767217118333,405044000
2023-01-09,15.575923919677734,16.002497216572273,15.090546259586656,15.233070349137327,504231000
2023-01-10,15.855986595153809,15.908809480593666,15.42044254309106,15.455325759984621,384101000
2023-01-11,15.947680473327637,15.974590928995806,15.511140262906103,15.787217661590548,353285000
2023-01-12,16.455978393554688,16.581557963434708,15.440374057820266,16.046348710283624,551409000
2023-01-13,16.842683792114258,16.865607858764474,16.111130612182066,16.22375300248187,447287000
2023-01-17,17.64301109313965,17.668925426357585,16.842687440869174,16.842687440869174,511102000
2023-01-18,17.319095611572266,17.81344118394388,17.224410962438323,17.60812825910423,439624000
2023-01-19,16.709131240844727,17.139692742246442,16.67524604897352,16.979228061683155,452932000
2023-01-20,17.779556274414062,17.796499823469546,16.768935260471654,16.954314377855656,564967000
2023-01-23,19.129043579101562,19.180870344101777,17.75862551866824,18.00380415598392,655163000
2023-01-24,19.200803756713867,19.430038785893963,18.757286908397305,18.76426355229002,496204000
2023-01-25,19.258609771728516,19.30545403532492,18.518085645970668,18.849976169985318,449537000
2023-01-26,19.736013412475586,20.0988007667648,19.213759381728458,19.635350144248754,489535000
2023-01-27,20.297138214111328,20.559262315315294,19.34033810009434,19.39714737022937,542142000
2023-01-30,19.098146438598633,20.072886152093297,19.08618539248616,19.883520664577752,488611000
2023-01-31,19.47189712524414,19.621396897100432,18.88685330332513,19.106119508648174,498017000
2023-02-01,20.87321662902832,21.121385582722432,19.545654255705372,19.625387611698173,660477000
2023-02-02,21.636655807495117,21.875855795019138,20.631019359616392,20.93001886877329,564276000
2023-02-03,21.029685974121094,21.67253700894129,20.7197215405838,20.93001883755329,429366000
2023-02-06,21.018722534179688,21.498118619101376,20.71673086922874,20.736664676346177,452197000
2023-02-07,22.09911346435547,22.184827328430092,21.079521682438997,21.310748940899305,664150000
2023-02-08,22.13100814819336,22.801765903840348,21.934664092168923,22.31240089472821,559651000
2023-02-09,22.2625675201416,22.943292158985646,22.046291560362647,22.530672149758068,523876000
2023-02-10,21.19413948059082,22.00443010232316,20.74165374341449,21.6177244226343,550737000
2023-02-13,21.715396881103516,21.974530722285284,20.89214911284721,21.466229945466377,474919000
2023-02-14,22.89445686340332,22.972196070287414,21.294803588437638,21.506097057062863,675474000
2023-02-15,22.688142776489258,22.778839139042542,22.032336407803555,22.47385907538401,420575000
2023-02-16,21.928686141967773,22.47485853992091,21.85393529520588,22.059248242228534,412026000
2023-02-17,21.316734313964844,21.66756071286323,20.905110349706753,21.558924652966695,465888000
2023-02-21,20.586172103881836,21.422375105842487,20.549294744904135,20.930021777294268,410015000
2023-02-22,20.684839248657227,21.03367329167558,20.352948752679065,20.637996890010594,513184000
2023-02-23,23.585145950317383,23.808400461151948,22.94827529850247,23.361893340475753,1117995000
2023-02-24,23.208404541015625,23.395779705379205,22.870535374988126,23.14760888799269,589716000
2023-02-27,23.422685623168945,23.800422369181604,23.375843263094975,23.59112307758857,452994000
2023-02-28,23.13863754272461,23.745609343959064,23.128670637340598,23.294117844928124,455963000
2023-03-01,22.62236785888672,23.178509107575795,22.43300042635941,23.11472128246458,460026000
2023-03-02,23.236310958862305,23.302091014748385,22.35725003920354,22.413065090524846,389415000
2023-03-03,23.81039047241211,23.82035737741727,23.05292280095457,23.24229019406714,412393000
2023-03-06,23.475515365600586,24.167201195099672,23.408737281422425,23.81139232423808,437429000
2023-03-07,23.214340209960938,24.04869267419401,23.167487988654617,23.525353628386604,515154000
2023-03-08,24.10451316833496,24.123454073591056,23.34990765503741,23.412708106815042,513573000
2023-03-09,23.361873626708984,24.37665338080257,23.309039864365545,24.098534615353046,501257000
2023-03-10,22.892362594604492,23.55226936391661,22.654118224508185,23.334958480231546,474866000
2023-03-13,22.893360137939453,23.224310780832916,22.226477404613806,22.680038203014842,421890000
2023-03-14,23.98689079284668,24.14239751688331,23.385797384475328,23.421684721601242,474910000
2023-03-15,24.151369094848633,24.20918430620047,23.286114490388712,23.68584522635948,524486000
2023-03-16,25.460214614868164,25.507064935559395,23.818422785484607,23.951003432054158,583253000
2023-03-17,25.643630981445312,26.3154988744337,25.58681016478867,25.89981804779798,848547000
2023-03-20,25.818078994750977,25.941687335476704,25.050514016475315,25.533980590026932,432747000
2023-03-21,26.116134643554688,26.3085249951989,25.300723004441352,26.09719563603672,547408000
2023-03-22,26.384281158447266,27.501735683439474,26.1540109224766,26.341415997809847,797295000
2023-03-23,27.10499382019043,27.412020167294642,26.60557904977676,27.029233998126443,564889000
2023-03-24,26.694297790527344,27.08107103959281,26.27163910855887,26.945501524795564,454920000
2023-03-27,26.447084426879883,26.914600875564393,26.281609108296,26.752116326767855,361026000
2023-03-28,26.32646369934082,26.42913854404045,25.768235539667923,26.36334732054611,356104000
2023-03-29,26.89864730834961,26.99234984404029,26.51287227864152,26.74015174035028,393694000
2023-03-30,27.296388626098633,27.412022850595726,27.016277275445294,27.142876388177367,364516000
2023-03-31,27.68914031982422,27.745959234891043,27.019265008815836,27.054154149877146,433933000
2023-04-03,27.876548767089844,27.911437912375046,27.24953854012971,27.421991687577037,398716000
2023-04-04,27.366165161132812,27.911435879998983,27.220627051021687,27.877543026671038,368592000
2023-04-05,26.795978546142578,26.912607163282487,26.31151565571502,26.74414297141955,515015000
2023-04-06,26.95148277282715,26.994346033960124,26.34341159102696,26.49991459021249,397654000
2023-04-10,27.49176788330078,27.5336348544528,26.584646372375655,26.738158599933065,395279000
2023-04-11,27.08306312561035,27.702099147015957,27.040197966487828,27.63630792496598,314378000
2023-04-12,26.411197662353516,27.381119656216434,26.364345440236946,27.2834300542219,446259000
2023-04-13,26.379295349121094,26.801953999694348,26.24572032443633,26.649438069211914,353615000
2023-04-14,26.67336082458496,26.797965435367647,26.137062473302613,26.420164544474495,395660000
2023-04-17,26.91659164428711,26.920578703015185,26.34939118660513,26.480973631209377,321471000
2023-04-18,27.57948875427246,28.0210883307405,27.270469820475103,27.445913723508724,604812000
2023-04-19,27.842655181884766,27.91143718116391,27.145866682608375,27.274458372050166,358660000
2023-04-20,27.018272399902344,27.941344132346945,26.91460125196495,27.583478463404116,427713000
2023-04-21,27.03322410583496,27.097022758549475,26.637480426106034,26.866752496922075,345103000
2023-04-24,26.956466674804688,27.27944127802104,26.586639849155418,26.92755907031357,339282000
2023-04-25,26.157995223999023,27.160813620648227,26.142046990265335,26.99234756795708,378527000
2023-04-26,26.87073516845703,27.24355272101591,26.620529651196374,26.91659109618502,406337000
2023-04-27,27.139883041381836,27.40803318885761,26.540784192741274,27.27645073990056,377161000
2023-04-28,27.66123390197754,27.67020431051468,26.98537693252425,27.13889108167587,292216000
2023-05-01,28.818559646606445,28.966092248398787,27.69213458998084,27.751944282030347,570329000
2023-05-02,28.120773315429688,28.74479468571271,27.994176100521553,28.589287963225,402730000
2023-05-03,27.714059829711914,28.27727321647942,27.38510372531901,27.75193973878234,383387000
2023-05-04,27.474821090698242,27.77088065437449,27.153839081492926,27.563538380203276,321850000
2023-05-05,28.589284896850586,28.66404652957751,27.64328719583459,27.737986024481625,361494000
2023-05-08,29.058794021606445,29.127576016939173,28.260328904734493,28.43178384704761,344979000
2023-05-09,28.48063087463379,28.881359799846795,28.360015202328924,28.807594450396753,314869000
2023-05-10,28.793638229370117,29.020917714127965,28.37097953587767,28.9132576098521,369350000
2023-05-11,28.487607955932617,28.858432976365187,28.15665923092003,28.80460292458763,322149000
2023-05-12,28.2503604888916,28.688969297483915,27.957289789783168,28.438761858901234,274222000
2023-05-15,28.861421585083008,28.877371722844355,28.062956433881705,28.417829411901007,293926000
2023-05-16,29.120595932006836,29.77551927102902,28.74080245431232,28.74977286090327,449405000
2023-05-17,30.08254623413086,30.103479719693794,29.336912970483333,29.49042519794485,432535000
2023-05-18,31.577802658081055,31.727327831009532,30.224098180923058,30.31381366494329,748725000
2023-05-19,31.165109634399414,31.48011008821705,30.818210809592202,31.436248639784157,473908000
2023-05-22,31.077392578125,31.420304387689416,30.582961110509476,30.803260867315778,372000000
2023-05-23,30.590932846069336,31.189035411939713,30.534113929383956,30.901946256374558,356253000
2023-05-24,30.441410064697266,30.510192064798854,29.71172499125114,30.114446491845936,721419000
2023-05-25,37.859867095947266,39.3551225285011,36.51912017458201,38.40114883242656,1543911000
2023-05-26,38.822818756103516,39.04610930402264,37.43123418725733,37.77015897004827,714397000
2023-05-30,39.984134674072266,41.805355798351464,39.82264830428926,40.466605006926684,923401000
2023-05-31,37.714332580566406,40.16754710014043,37.702369501651916,39.363100391824844,1002580000
2023-06-01,39.64420700073242,39.92332013723305,38.21872982052202,38.367256795979486,635873000
2023-06-02,39.202606201171875,40.37189627228211,38.934456059073696,39.970171105133474,482731000
2023-06-05,39.04710388183594,39.439854864368684,38.58457081030142,38.78593155134608,396094000
2023-06-06,38.53173828125,39.03613834073106,38.02733822176895,38.70718409484521,388729000
2023-06-07,37.3603401184082,39.37814956493506,37.24170472754461,38.79593673409392,511998000
2023-06-08,38.39216613769531,38.74508306628558,37.39024395636986,37.60857182578051,417772000
2023-06-09,38.65137481689453,39.589493696488056,38.44899682390139,38.91755616586712,427717000
2023-06-12,39.36119079589844,39.40904425940009,38.49983605891858,39.08005597622932,388701000
2023-06-13,40.89647674560547,40.975237387752834,39.618401830821284,40.063036270092226,613208000
2023-06-14,42.865440368652344,42.86842954641151,40.42791802705582,40.69908893155934,740465000
2023-06-15,42.522491455078125,43.15654702262012,42.018039182120376,42.47164881165265,568622000
2023-06-16,42.561370849609375,43.587221609742976,42.53046366608263,43.317050916384595,655709000
2023-06-20,43.6739501953125,43.85539630398405,42.543421257103255,42.86643115503074,451153000
2023-06-21,42.91328811645508,43.481547516431846,41.95124449603973,43.367894115226505,551603000
2023-06-22,42.893348693847656,43.293118838626924,42.10476872123709,42.12370778383283,417737000
2023-06-23,42.07985305786133,42.67801572091921,41.88644639488769,42.334073901022386,358140000
2023-06-26,40.50767135620117,42.633147684220695,39.97729771593512,42.33107342513513,594322000
2023-06-27,41.74787521362305,41.81167857711361,40.32424674056934,40.67417074852631,462175000
2023-06-28,40.991188049316406,41.716961105450416,40.39402188289312,40.53558567810239,582639000
2023-06-29,40.697086334228516,41.472705590731,40.475765515924735,41.43083429013432,380514000
2023-06-30,42.17256546020508,42.41980774252162,41.37401761190044,41.55247077216965,501148000
2023-07-03,42.28321838378906,42.76673493754276,42.07286548445585,42.38690024476898,198209000
2023-07-05,42.1875114440918,43.04487665210042,41.95621911201376,42.006065351557105,323618000
2023-07-06,41.97417068481445,42.04993834721711,41.219487041278335,41.7159643183622,303582000
2023-07-07,42.37294387817383,43.08177063947781,42.05093416959679,42.19249796154775,355881000
2023-07-10,42.050933837890625,42.680003559932054,41.521556604913506,42.52647545344216,353908000
2023-07-11,42.27523422241211,42.62715463752813,41.938271099975246,42.351001865953144,298244000
2023-07-12,43.76766586303711,43.80056583036438,42.64610822063504,42.90132541025079,481277000
2023-07-13,45.8363151550293,46.01376808541058,44.35585853064173,44.38177994624532,478204000
2023-07-14,45.32987976074219,47.940865860168145,44.922130787066145,46.44046966052176,772075000
2023-07-17,46.31883239746094,46.353725148743315,45.123503715655524,46.147361621458764,510488000
2023-07-18,47.34868240356445,47.749452832749014,45.59406913731243,46.558109470626306,569164000
2023-07-19,46.93294906616211,47.67168281088611,46.59897504315981,47.31876592185892,427502000
2023-07-20,45.38071823120117,46.942924858819666,44.92411943835553,46.36469771901338,537865000
2023-07-21,44.17341613769531,45.72565485492813,43.965056025974754,45.6478906079313,963769000
2023-07-24,44.47549819946289,44.970979149441135,43.9052497727291,44.59413357267698,382516000
2023-07-25,45.53923416137695,46.04168985274926,44.78554682129327,44.80349329728166,348081000
2023-07-26,45.31292724609375,45.912090061766605,44.49344377208364,45.88018648344698,364237000
2023-07-27,45.75954818725586,47.2499724441027,45.6100056638695,46.37665353902674,455976000
2023-07-28,46.606956481933594,46.88310935590441,46.23908604851757,46.52520665161332,331194000
2023-07-31,46.58601760864258,46.98579159307672,46.363700375175576,46.61094263427025,251055000
2023-08-01,46.36469268798828,46.75649169459333,45.88616190163857,46.31783562150429,237858000
2023-08-02,44.133541107177734,45.699733110392835,43.254239992985966,45.69076177542876,530142000
2023-08-03,44.378787994384766,44.97994351428875,43.665975669938696,43.665975669938696,324176000
2023-08-04,44.54328918457031,45.502343664999096,44.257168589781394,44.84735625489334,362666000
2023-08-07,45.27802658081055,45.4006513036196,44.42663967720104,44.97296316545108,322154000
2023-08-08,44.527339935302734,45.10357050648728,43.92119857113271,44.71576081749796,353843000
2023-08-09,42.42379379272461,44.17641407263371,42.005076934408166,44.138528337331145,586449000
2023-08-10,42.25830078125,43.440672654633964,41.70699146291927,42.03099778159967,492705000
2023-08-11,40.72998809814453,41.889431464332574,40.51464942799337,41.623246353337215,533085000
2023-08-14,43.61912155151367,43.665978621737146,40.187655955736346,40.36211972462702,690286000
2023-08-15,43.805545806884766,45.12948515568442,43.5762500445296,44.423651395520004,676512000
2023-08-16,43.35293960571289,44.53830062758481,43.27318256792619,44.38377612065419,527451000
2023-08-17,43.21137237548828,43.927173858554056,42.86941961752367,43.83545631480397,452395000
2023-08-18,43.16651153564453,43.44465716941068,41.53252668330837,42.504541812711565,583768000
2023-08-21,46.82328414916992,46.92098385181181,44.08668467367108,44.35785173857862,692573000
2023-08-22,45.52826690673828,48.03956041703018,45.194292833514275,47.987717576539744,755293000
2023-08-23,46.97182846069336,47.05557105969461,45.06966590460551,45.72565339980645,779046000
2023-08-24,47.01869201660156,50.112198303952155,47.01470644607622,50.062352051208165,1156044000
2023-08-25,45.87718963623047,47.658720291728024,44.8862279220612,46.86814754737519,925341000
2023-08-28,46.69169235229492,46.836249134555814,44.750651224061855,46.33977183033874,685192000
2023-08-29,48.634727478027344,48.93081957760332,46.249048206065815,46.5232082617889,701397000
2023-08-30,49.113258361816406,49.7742278710723,48.276824895402335,48.89393031688107,735206000
2023-08-31,49.2039794921875,49.59178914058814,48.8081949008338,49.228904516562515,528570000
2023-09-01,48.360565185546875,49.64761519313272,47.994687598350154,49.60973326514342,463830000
2023-09-05,48.399444580078125,48.70151880661507,47.71355011794706,48.07543831193929,382653000
2023-09-06,46.92085647583008,48.40442428205269,46.44128986405677,48.29674799789352,468670000
2023-09-07,46.10330581665039,46.20599974475195,45.01754791417301,45.38943829933542,433330000
2023-09-08,45.43629455566406,46.46721591183993,45.136192180115536,45.80519551015305,473069000
2023-09-11,45.04347229003906,46.02553600450633,44.180049901886676,46.01058127939669,473966000
2023-09-12,44.73638916015625,45.536999459957386,44.39839790348207,44.60478224808882,349256000
2023-09-13,45.34955978393555,45.79323440179784,44.37048163678398,44.46719292129203,398355000
2023-09-14,45.44527053833008,45.85005979000756,44.99660978408658,45.813171215808374,370097000
2023-09-15,43.76927947998047,45.4632178335496,43.67755057038964,45.20598666420072,506831000
2023-09-18,43.83509063720703,44.1102698195922,41.87494480679798,42.62071872871877,500271000
2023-09-19,43.390403747558594,43.83507476757458,42.873944730153006,43.70247140180037,373064000
2023-09-20,42.113216400146484,43.772262694137574,42.09726520219276,43.47016358744601,367108000
2023-09-21,40.89485549926758,41.97463066173917,40.85796692750404,41.45917191816058,450736000
2023-09-22,41.4860954284668,41.98959271748376,41.10822239223327,41.44820657571994,479236000
2023-09-25,42.09627914428711,42.409343350786685,41.054388777119094,41.46715750384496,419091000
2023-09-26,41.786197662353516,42.69249125804407,41.53095945617028,41.875929814501234,402282000
2023-09-27,42.3415412902832,42.744341431006085,41.50504268914909,42.20395553022343,444935000
2023-09-28,42.96070098876953,43.31663645116769,41.98960209746007,42.33357225596652,424663000
2023-09-29,43.36948013305664,44.012560070194034,43.178050483736484,43.69650261452956,397830000
2023-10-02,44.648651123046875,45.04047860898654,43.73039221652358,43.89888769595612,433298000
2023-10-03,43.387413024902344,44.995612589410996,43.117220102153354,44.67456903988094,470850000
2023-10-04,43.90986251831055,44.0115599865903,43.16309221624776,43.611753042966086,361821000
2023-10-05,44.554927825927734,44.76629832762735,43.75731082612685,43.91882717512689,393483000
2023-10-06,45.625728607177734,45.65264863116873,43.89489809603468,44.061400612321464,434436000
2023-10-09,45.138187408447266,45.46919952767431,44.235883483851424,44.708471059532506,409675000
2023-10-10,45.66162109375,46.12124684777387,44.95373627488307,45.17507531550578,368582000
2023-10-11,46.6666259765625,46.71946955859621,45.91287659330196,46.05844175921358,378137000
2023-10-12,46.805213928222656,47.46723822927066,46.19204731268838,46.63771490362162,481325000
2023-10-13,45.32563018798828,46.97570471236393,45.145169391645375,46.82016719199545,474115000
2023-10-16,45.95774459838867,46.08735476029038,44.77826474104746,44.928816083518186,375099000
2023-10-17,43.807159423828125,44.620731393430276,42.35350093093971,43.86897507163302,812333000
2023-10-18,42.07035446166992,43.09031094806606,41.70046078038666,42.46417874850183,627294000
2023-10-19,41.97562789916992,43.16806544282242,41.757278301113345,42.68351265599775,501233000
2023-10-20,41.26376724243164,42.34354268783243,40.955685402910255,41.7652678682802,477266000
2023-10-23,42.84703063964844,43.11922033673946,40.82307664352765,41.10623136446677,478530000
2023-10-24,43.532981872558594,43.5668810255137,42.56387990123347,42.9487282788918,401463000
2023-10-25,41.65459442138672,43.52002535417708,41.43126239759443,43.26877302407248,398379000
2023-10-26,40.20592498779297,42.130178498809435,39.76125385517592,41.72837859858881,541001000
2023-10-27,40.3794059753418,41.08330504631517,39.895849517473295,41.00753113322634,416784000
2023-10-30,41.03843688964844,41.64163496442114,40.36046137678986,40.96465972958588,388028000
2023-10-31,40.658565521240234,40.757273552176585,39.11318181784756,40.329550161466386,517969000
2023-11-01,42.19896697998047,42.25479998188949,40.747301323669774,40.762256048704266,437593000
2023-11-02,43.37645721435547,43.7533300399268,42.76627999009409,43.198985826861175,409172000
2023-11-03,44.87099075317383,45.17408258825645,43.59280664299351,43.88892315557369,424610000
2023-11-06,45.614768981933594,45.798223011195105,44.765304753189504,45.15015696243412,400733000
2023-11-07,45.81816101074219,46.080374555632474,45.02353336587058,45.582863690228386,343165000
2023-11-08,46.43531799316406,46.72744479735544,45.83111967900613,45.96272659241924,346719000
2023-11-09,46.81019973754883,48.08638711878528,46.610794508396026,47.32565858468725,540496000
2023-11-10,48.191070556640625,48.32766364227746,47.14220498356334,47.35855787314543,421245000
2023-11-13,48.4752197265625,48.96974494304787,47.9557712363459,48.176113818422,384136000
2023-11-14,49.50813674926758,49.6856081153753,48.89397370012533,49.532067353089744,416954000
2023-11-15,48.7424201965332,49.81122656013526,48.0564692193451,49.786303287958084,475497000
2023-11-16,49.33266067504883,49.37752865421783,48.186087364869636,48.534047157885986,339756000
2023-11-17,49.15120315551758,49.568954199838785,48.86106931599939,49.3765281147281,325205000
2023-11-20,50.25889587402344,50.39748190834169,49.0345518906684,49.16516232495467,414120000
2023-11-21,49.79528045654297,50.3665722694878,49.075430256470796,49.976737718443786,565747000
2023-11-22,48.57093811035156,50.18511670142029,47.547992253967436,49.703557028583894,899420000
2023-11-24,47.63373947143555,48.77533048753054,47.60282974083701,48.32567320692598,294645000
2023-11-27,48.09834671020508,48.38548731555285,47.510103445888454,47.65766154840481,395662000
2023-11-28,47.6786003112793,48.17910819028839,47.33163699319086,48.09236545909725,401491000
2023-11-29,47.99665069580078,48.616800180789156,47.71748568176772,48.2349412356402,382005000
2023-11-30,46.6307373046875,47.96674744990859,46.283773941411816,47.88100118212253,526247000
2023-12-01,46.62574768066406,47.05945375436282,46.04946966832762,46.38646445632827,369317000
2023-12-04,45.374488830566406,45.939801883597575,44.87597761870049,45.939801883597575,437543000
2023-12-05,46.431419372558594,46.46531769952222,45.14016013303565,45.33459625037478,371718000
2023-12-06,45.37149429321289,47.25005219470193,45.280757679582,47.07854839373765,380590000
2023-12-07,46.46133804321289,46.49424361639184,45.47220434901942,45.56792757808214,350823000
2023-12-08,47.36870574951172,47.60302719608969,46.41546736033398,46.46033928594401,359224000
2023-12-11,46.49224090576172,47.393627560593224,45.69754725900702,47.353746056504626,509728000
2023-12-12,47.51927185058594,47.52824471452688,45.912927610504205,45.912927610504205,372387000
2023-12-13,47.94902420043945,48.45356234904266,47.47041188410191,47.49135110162281,447792000
2023-12-14,48.21025848388672,48.52933332337193,47.28494297084845,48.2501437897404,391232000
2023-12-15,48.748695373535156,49.261209727379025,47.98092040479684,48.05470783522104,479948000
2023-12-18,49.93227767944336,50.28724783914224,49.00795855556237,49.25723605827901,412587000
2023-12-19,49.46064376831055,49.55636699628033,48.75369315436852,49.281163666785375,464444000
2023-12-20,47.971954345703125,49.85449831929735,47.95899143016388,49.511490749608875,397894000
2023-12-21,48.848419189453125,48.953115280045736,48.27906644393615,48.66993565248791,300425000
2023-12-22,48.68887710571289,49.24027646361489,48.32692345139222,49.05282008065704,252507000
2023-12-26,49.1365852355957,49.45665670800159,48.8185068878219,48.826483190023204,244200000
2023-12-27,49.27418899536133,49.53642943515857,48.94314771611391,49.36791910846013,233648000
2023-12-28,49.378875732421875,49.73982902864742,49.26919303504833,49.49952822100173,246587000
2023-12-29,49.378875732421875,49.85250521620105,48.610104092310245,49.66903507790819,389293000
2024-01-02,48.02879333496094,49.152535199799544,47.457451257375006,49.101683898702085,411254000
2024-01-03,47.431522369384766,48.04474284454288,47.183241449788504,47.34776550065434,320896000
2024-01-04,47.85927963256836,48.35982768135906,47.3706941328935,47.62894445792347,306535000
2024-01-05,48.955108642578125,49.4038088927802,48.16639428593929,48.3219454810566,415039000
2024-01-08,52.101985931396484,52.1239255155236,49.336004592518634,49.36891016503661,642510000
2024-01-09,52.98642349243164,54.16800018278708,51.54061326714163,52.24956080282397,773100000
2024-01-10,54.19292449951172,54.442201988108685,53.334412767924995,53.46104844034716,533796000
2024-01-11,54.6635627746582,55.18605048150879,53.40521272938546,54.840053191345746,596759000
2024-01-12,54.55188751220703,54.811138243808735,54.172988448593486,54.46214745952533,352994000
2024-01-16,56.219051361083984,56.67074127144449,54.74133601464206,54.858995015384636,449580000
2024-01-17,55.8910026550293,56.30779386315222,54.58179762947745,56.18415168775575,474394000
2024-01-18,56.94196319580078,57.43353849056932,55.944853126147336,57.09452091474022,491650000
2024-01-19,59.319061279296875,59.32803414176751,57.05960778546638,57.82139962518428,543501000
2024-01-22,59.48160171508789,60.15664716031092,58.89928981630902,59.87546063771517,452955000
2024-01-23,59.69997024536133,59.73686206906665,58.415690511418234,59.39784450488147,294654000
2024-01-24,61.18465805053711,62.667360005652704,59.76477374613349,60.12971710051197,560271000
2024-01-25,61.43892288208008,62.53773920716308,60.67413746929077,62.169802358134476,482777000
2024-01-26,60.854618072509766,61.60444749366959,60.39794531790314,60.78382411519858,390309000
2024-01-29,62.284481048583984,62.30840995593272,60.73098488909143,61.05504262084827,348733000
2024-01-30,62.59257507324219,63.30949885561756,62.08006064595033,62.718214176475605,410735000
2024-01-31,61.34919357299805,62.08904984564926,60.52458385469484,61.262443198929965,453795000
2024-02-01,62.844844818115234,63.00837229900728,61.47182560913307,61.920522012090565,369146000
2024-02-02,65.96879577636719,66.40751896695984,63.50592925992764,63.789108872006786,476578000
2024-02-05,69.13162994384766,69.29615400361993,67.01077810938553,68.02782694293316,680078000
2024-02-06,68.02584075927734,69.552414531284,66.10840153882174,69.42877233327619,683111000
2024-02-07,69.89640045166016,70.01705293105977,67.40462245828914,68.12154618534456,495575000
2024-02-08,69.43974304199219,70.58941086100856,69.25428354620854,69.87149037468448,414422000
2024-02-09,71.92453002929688,71.97637408306973,70.00907672049794,70.32914813919767,436637000
2024-02-12,72.03919219970703,74.39536169687851,71.04407549243956,72.39017224345903,613710000
2024-02-13,71.91954040527344,73.23771827831571,69.41879318637284,70.19653768234375,602580000
2024-02-14,73.68640899658203,74.02143639810524,71.7300817563933,72.99042836736871,504917000
2024-02-15,72.44800567626953,73.76120070674112,72.19075571305264,73.65551186894326,420122000
2024-02-16,72.40314483642578,74.18697602398943,72.29146900724291,73.8858468671519,495327000
2024-02-20,69.25128173828125,71.74804279084927,67.53824458047887,71.73906612377016,704833000
2024-02-21,67.27699279785156,68.6889006450619,66.0565313718467,67.80944602494424,673755000
2024-02-22,78.31101989746094,78.34790791274914,74.00549852714776,74.80817230671141,865100000
2024-02-23,78.5892105102539,82.15586840169918,77.3458128505141,80.55650787145979,829388000
2024-02-26,78.8634262084961,80.41293598535317,78.27811704521838,79.46966317926245,503973000
2024-02-27,78.4735336303711,79.25028909109805,76.93898781736908,79.1515685887392,391705000
2024-02-28,77.43856048583984,78.70488691297152,76.9021132659983,77.39568548362723,393110000
2024-02-29,78.88336944580078,79.75883042270817,78.1235705564048,78.8654237167532,507289000
2024-03-01,82.04122161865234,82.06216464323185,79.20543871655194,79.7688083599449,479135000
2024-03-04,84.99066162109375,87.44155809825308,83.47705094561937,83.88685863778845,615616000
2024-03-05,85.71956634521484,85.85219139788603,83.17981142157878,85.0275394255119,520639000
2024-03-06,88.44779205322266,89.4688825349032,86.78254226902789,87.77172605056263,582520000
2024-03-07,92.40552520751953,92.50324615104638,89.34724386412462,89.90166281939615,608119000
2024-03-08,87.27913665771484,97.12306982330983,86.26003928547323,94.86750020038097,1142269000
2024-03-11,85.5301284790039,88.5445284611464,83.92669865835357,86.18326495849031,678364000
2024-03-12,91.65167236328125,91.69853581019218,85.90505740123257,87.79866017993605,668075000
2024-03-13,90.62957763671875,91.24382347923168,88.18354935724443,90.7961026211969,635713000
2024-03-14,87.69396209716797,90.38828336998239,86.35378152826699,89.32232245586333,602318000
2024-03-15,87.58726501464844,89.29140572149215,86.01176295929899,86.68284605628648,642086000
2024-03-18,88.2034912109375,92.14225684199752,86.8373838940454,90.13099363074502,668976000
2024-03-19,89.14381408691406,90.28655172899164,84.7682901573293,86.4534797466604,672171000
2024-03-20,90.11505126953125,90.15294523438696,87.97215934887909,89.54168157483528,479063000
2024-03-21,91.17503356933594,92.38458987226002,90.14796323755638,92.03757971668344,480372000
2024-03-22,94.02091979980469,94.50852789687556,90.5757411997652,90.88186754884678,586719000
2024-03-25,94.73188018798828,96.49086455465545,93.24412560987103,93.67389990625729,552136000
2024-03-26,92.29782104492188,96.10097979295517,92.23899068459922,95.57846759747075,513648000
2024-03-27,89.99340057373047,92.97489725482532,88.8696059634602,92.8472628285773,586067000
2024-03-28,90.09909057617188,91.04040671298513,88.93939536436407,89.74410000319172,435212000
2024-04-01,90.10607147216797,91.96277679415357,88.9503702442798,90.04225806770008,452441000
2024-04-02,89.19766235351562,89.83783523468522,87.37087059473389,88.19651163521841,433064000
2024-04-03,88.71105194091797,90.11704664082849,88.14866014711569,88.23242095077572,370067000
2024-04-04,85.6607437133789,90.3763015666953,85.63581327474101,90.1489453998678,434965000
2024-04-05,87.75777435302734,88.22942906906539,85.68169327218381,86.61901544259366,399678000
2024-04-08,86.88525390625,88.57742734725042,86.48539311445134,88.44779211337963,283220000
2024-04-09,85.1113052368164,87.38582540473588,82.7859427996773,87.19337337953033,501700000
2024-04-10,86.79151916503906,87.15149277673736,83.47098569296867,83.68737154662665,431929000
2024-04-11,90.35834503173828,90.48099639616545,86.6788421374309,87.17143320524475,431637000
2024-04-12,87.93526458740234,89.91861544290224,87.2811315064311,89.44396327846418,426805000
2024-04-15,85.75647735595703,90.35536381330797,85.6846834695675,88.84467194132365,443077000
2024-04-16,87.16645812988281,87.86745463811035,85.81930143123056,86.18724795044986,370453000
2024-04-17,83.79607391357422,88.52259493497695,83.7113088922385,88.08882656112145,495400000
2024-04-18,84.43025970458984,85.94494566791495,82.16771376078896,84.72841317391251,447260000
2024-04-19,75.98334503173828,84.08424741361141,75.3910397359179,82.91358934859076,875198000
2024-04-22,79.29191589355469,79.84533824784792,76.18278461859053,77.8819346514722,596341000
2024-04-23,82.18864440917969,82.53366130187051,80.03578647084935,80.53934787289336,438559000
2024-04-24,79.45045471191406,83.84292866853282,78.95785602564062,83.71130021339918,512208000
2024-04-25,82.39705657958984,83.08608614140688,78.00058847000186,78.64375119701494,424641000
2024-04-26,87.48554992675781,88.07985603184983,83.1499127117647,83.57968703669025,551011000
2024-04-29,87.50748443603516,87.74180926182623,85.0235621625501,87.34594249418755,388971000
2024-04-30,86.15634155273438,88.56646933597486,86.05463417701857,86.99195638809022,363709000
2024-05-01,82.80488586425781,85.75547203094351,81.02396098069623,84.83509991070004,559863000
2024-05-02,85.57300567626953,85.99180970266082,82.96344197206183,84.20889135183461,377898000
2024-05-03,88.53655242919922,89.02715032615576,86.79252471992756,87.53939567590184,398341000
2024-05-06,91.87800598144531,91.95778033309345,88.80177886820988,89.13582540707296,376203000
2024-05-07,90.2965316772461,91.52004037192769,88.75791956813879,90.83898366205493,437342000
2024-05-08,90.15494537353516,90.93471969755814,89.16576142158716,89.22858583150523,325721000
2024-05-09,88.49466705322266,90.81305333122494,87.9801353538175,90.27159797496299,378013000
2024-05-10,89.6224594116211,91.14113187208739,88.97330934521258,90.04824732317125,335325000
2024-05-13,90.14197540283203,90.73927132421963,88.27728953555432,90.22074555223655,289680000
2024-05-14,91.09625244140625,91.39041184902159,88.68113417048747,89.34424430460986,296507000
2024-05-15,94.3609390258789,94.59228164011105,91.3385587292716,92.20907765380471,417735000
2024-05-16,94.0906982421875,95.54654592606171,93.8354218382871,94.64013400931879,323952000
2024-05-17,92.21605682373047,94.47062985340762,91.54497378951851,94.10069011001252,359691000
2024-05-20,94.510498046875,94.92930197847484,93.1743119009991,93.4834280017941,318764000
2024-05-21,95.11479187011719,95.1287520032466,92.915062881723,93.33287026664621,328946000
2024-05-22,94.68002319335938,95.74698053068366,92.98386328100148,95.18757861855156,548648000
2024-05-23,103.50386810302734,106.01769615650826,101.23134112874065,101.73789993945216,835065000
2024-05-24,106.16627502441406,106.1722546778935,102.70713677897801,104.15201429523188,429494000
2024-05-28,113.5771484375,114.61219912037285,109.57057499198291,109.93054862844438,652728000
2024-05-29,114.4985122680664,115.16361558831227,110.58567348866953,112.72856525449089,557442000
2024-05-30,110.18582153320312,115.4896985615827,109.35120333690087,114.32402359196342,484553000
2024-05-31,109.32129669189453,112.39652795451796,106.63595258887534,112.20008185341744,613263000
2024-06-03,114.67301177978516,114.67301177978516,111.68453173387806,113.29793498606988,438392000
2024-06-04,116.10594177246094,116.26848033786769,113.72074443192332,115.38699866419654,403324000
2024-06-05,122.09187316894531,122.10084264977675,117.13400975669744,118.03444216742467,528402000
2024-06-06,120.65396881103516,125.22991785379394,117.98358173920542,123.69529221491227,664696000
2024-06-07,120.54427337646484,121.34598817369331,117.68642510058785,119.42944840947749,412386000
2024-06-10,121.44371795654297,122.74999082651334,116.6773100476689,120.02775723865274,313434100
2024-06-11,120.57612609863281,122.53071289546243,118.41211249470811,121.43374431859081,222551200
2024-06-12,124.85427856445312,126.52963983604721,122.23154359875069,122.72018841720352,299595000
2024-06-13,129.25209045410156,129.44156821528892,126.8088590238474,129.03269675342705,260704500
2024-06-14,131.5158233642578,132.47316384016574,127.9656566008486,129.60112719578945,309320400
2024-06-17,130.61831665039062,133.36072299109455,129.2221885999668,132.62277611443673,288504400
2024-06-18,135.2056121826172,135.95354113797538,130.3291160023479,130.7778703322321,294335100
2024-06-20,130.4188690185547,140.3713064535189,129.16235380151105,139.41396587386305,517768400
2024-06-21,126.22048950195312,130.2692833981682,123.95676122395307,126.76897377617152,649445800
2024-06-24,117.78385162353516,124.1163152101961,117.71404522588668,122.89968290118539,476060900
2024-06-25,125.7418212890625,126.1506927991438,118.99051878494626,120.86532476106613,414192600
2024-06-26,126.05095672607422,127.7662006748868,122.26144711805412,125.78169805160451,362975900
2024-06-27,123.6476058959961,126.0609289734585,122.58056095000113,123.75730274535012,252571700
2024-06-28,123.1988525390625,127.35733550568747,122.41103316415149,124.23598155381904,315516700
2024-07-01,123.95675659179688,124.49525872121755,118.50186042748064,123.12904675738962,284885500
2024-07-02,122.33126068115234,123.06922274393042,120.69578993975959,120.79551228090267,218374000
2024-07-03,127.9257583618164,127.9257583618164,121.02486950892705,121.32404411348101,215749000
2024-07-05,125.4825439453125,128.4942089959331,125.33295662282136,127.02825932218164,214176700
2024-07-08,127.84597778320312,130.40888813496693,126.68918503314605,127.13793933281039,237677300
2024-07-09,131.0172119140625,133.4504765285805,128.29473958471138,129.99005737514514,285366600
2024-07-10,134.5374755859375,134.72695337207693,132.0543457649315,133.6599006676726,248978600
2024-07-11,127.04820251464844,135.7740328866088,126.69917051710233,135.37514352274295,374782700
2024-07-12,128.88311767578125,131.5557097271737,126.86869151292463,127.90581292565753,252680500
2024-07-15,128.08535766601562,131.0272091690287,126.82883461080432,130.19949911473634,208326200
2024-07-16,126.0110855102539,128.68367798100022,124.23600180257188,128.08534387784246,214769500
2024-07-17,117.66416931152344,121.51351055723977,116.39767975528693,121.01489130373585,390086200
2024-07-18,120.75562286376953,122.0620106514847,116.23813305693453,121.51352635797906,320979500
2024-07-19,117.60435485839844,121.26421889531369,117.04590364640599,120.01767057688257,217223800
2024-07-22,123.1988525390625,123.72738775820278,119.52901433620336,120.0176590999692,258068900
2024-07-23,122.25148010253906,124.34568731396223,121.76283530375956,122.44095787706307,173911000
2024-07-24,113.93450927734375,119.6187662154648,113.1267484514862,118.84092133007209,327776900
2024-07-25,111.96995544433594,116.30794209044977,106.00647252262672,112.72785895570485,460067000
2024-07-26,112.74779510498047,115.87912373985303,111.27188621900741,115.86915683172242,293399100
2024-07-29,111.28185272216797,115.95890423286832,110.99266022089631,113.3760598876514,248152100
2024-07-30,103.44357299804688,111.68075912626112,102.25685651841964,111.21205572310322,486833300
2024-07-31,116.69686126708984,118.01321595584747,110.57381668062193,112.58824297616627,473174200
2024-08-01,108.90843200683594,119.82819978465332,106.51505772619602,117.20545726694776,523462300
2024-08-02,106.9737777709961,108.4197782586363,101.09007631034588,103.47347587762454,482027500
2024-08-05,100.17261505126953,103.12444802394918,90.43957172286065,91.80578374541406,552842400
2024-08-06,103.96212005615234,107.41256456659957,100.27234042123098,103.55324859386288,409012100
2024-08-07,98.63687896728516,108.4995686514933,98.41748524596572,107.51229690555586,411440400
2024-08-08,104.68014526367188,105.20868054576371,97.2507125463917,101.71834517220758,391910000
2024-08-09,104.46074676513672,106.30563671378638,103.14439207443418,105.348288539487,290844200
2024-08-12,108.71896362304688,110.7633060746513,105.96659019039194,106.02642207987165,325559900
2024-08-13,115.81929016113281,115.90904559128121,111.27188458899278,112.1295103919247,312646700
2024-08-14,117.75393676757812,118.2724974965541,113.75500781546704,118.20269109826258,339246400
2024-08-15,122.5207290649414,122.89967697557265,117.14561388018961,118.4320525248231,318086700
2024-08-16,124.23599243164062,124.6548308372553,120.84537951120186,121.60328301302395,302589900
2024-08-19,129.6410369873047,129.6410369873047,123.07920421225627,123.93683014253082,318333600
2024-08-20,126.89862060546875,129.52136317375601,125.54237540722741,128.04543898793298,300087400
2024-08-21,128.1451416015625,128.9928003758598,126.31022649443915,126.9683999190984,257883600
2024-08-22,123.3982925415039,130.388936708764,122.76006049629918,129.66095684860522,376189100
2024-08-23,129.0127716064453,129.24214747384983,124.87423690023081,125.51246908853835,323230300
2024-08-26,126.11080932617188,130.89755068200412,124.02658402514162,129.21223000436956,331964700
2024-08-27,127.9457015991211,128.8432101554862,123.53790168104443,124.70467649930566,303134600
2024-08-28,125.26315307617188,127.97564354365645,122.30135293496008,127.76621672239743,448101100
2024-08-29,117.2652816772461,124.08639756190335,116.38771446055243,121.02487540717718,453023300
2024-08-30,119.04037475585938,121.41379989153823,116.89631023816276,119.19992897597831,333751600
2024-09-03,107.70176696777344,115.8890948214911,106.99372848681783,115.68965014821475,477155100
2024-09-04,105.91670989990234,112.95721192187169,103.83248489547353,105.11892359162538,372470300
2024-09-05,106.91395568847656,109.34722045042044,104.47072401794104,104.70008464878364,306850700
2024-09-06,102.54605102539062,107.85136027800363,100.67123751563678,107.74166341909986,413638100
2024-09-09,106.17599487304688,106.25577578698045,103.4036727846321,104.59038154400555,273912000
2024-09-10,107.8014907836914,109.09790400275718,104.66018768236026,107.5122906776436,268283700
2024-09-11,116.58717346191406,116.86639906475774,107.12337325723898,109.0879346022382,441422400
2024-09-12,118.82117462158203,120.46676065848584,115.07123444451854,116.52732649632485,366052700
2024-09-13,118.78128051757812,119.6389797203674,117.28529459768677,118.76133738659651,238358300
2024-09-16,116.46749877929688,117.8637539403752,114.05397645754886,116.47747415009144,248772300
2024-09-17,115.28067016601562,118.48208669803358,114.52270945275087,117.85376774830212,231925900
2024-09-18,113.0666275024414,117.3850347497377,112.91702737683093,115.57988069857915,310318900
2024-09-19,117.55458068847656,119.33979153223306,116.93623707940027,117.0359679559666,293506400
2024-09-20,115.68958282470703,118.30257441739377,115.0812145821692,116.74674381909426,382462400
2024-09-23,115.94888305664062,116.67692526968904,114.55262802291854,116.23810791147417,206228500
2024-09-24,120.54654693603516,121.47405850127808,115.07123304654733,116.20818172536411,354966800
2024-09-25,123.17947387695312,124.60564732192762,121.28455699350084,121.69345582540069,284692900
2024-09-26,123.70806121826172,127.32834434574869,121.47405774507013,126.46067739619816,302582900
2024-09-27,121.07512664794922,123.6980858451405,118.94085404604166,123.63824884420143,271009200
2024-09-30,121.11502075195312,121.17485775300766,117.83382410218941,117.99339197466074,226553700
2024-10-01,116.68689727783203,122.11234177416986,115.48013626179672,121.44412897274735,302094500
2024-10-02,118.53194427490234,119.06052472572213,114.83187351018621,116.12839762685847,221845900
2024-10-03,122.521240234375,124.02720146176961,120.01795510176126,120.59640479294298,277118000
2024-10-04,124.58570861816406,124.70539023390367,121.50398120040512,124.60565935860969,243678100
2024-10-07,127.37821197509766,130.29039598837593,124.61562046227938,124.65551433206126,346250200
2024-10-08,132.53436279296875,133.12278019873037,129.07364789501582,129.91139625758697,285722500
2024-10-09,132.29501342773438,134.16001952786942,131.02842299164354,133.75111306364067,246191600
2024-10-10,134.44921875,134.63871270645942,130.64941751515693,131.55698582348705,242311300
2024-10-11,134.4392547607422,135.4166278489941,133.30230620805418,133.65136041631004,170209500
2024-10-14,137.70053100585938,139.22643549757692,135.93526327737888,136.104806530019,232347700
2024-10-15,131.2478485107422,138.19919822128062,128.3955011745818,137.5010592255131,377831000
2024-10-16,135.35682678222656,136.25441237650753,131.2279056562099,133.62147738626442,264879700
2024-10-17,136.5635528564453,140.51296215395072,136.50371585796043,138.96710708195366,306435900
2024-10-18,137.6306915283203,138.52827690762766,136.91261713769273,138.2988966827743,176090200
2024-10-21,143.325439453125,143.325439453125,137.63071268872676,137.76036967912168,264554500
2024-10-22,143.2057342529297,144.03351491090646,141.40058044009385,142.52756130979012,226311600
2024-10-23,139.1865234375,142.04883820987033,137.09215234233463,141.649914730207,285930000
2024-10-24,140.03427124023438,140.97175826689335,138.08949241788707,140.4431777464081,172354900
2024-10-25,141.16122436523438,143.74430494634163,140.4232143860229,140.55285615055817,205122100
2024-10-28,140.1439666748047,142.7569505719539,139.67522319765803,142.6173258267159,173586700
2024-10-29,140.87200927734375,141.8793009979601,138.52829188537018,139.91457158033694,157593600
2024-10-30,138.9670867919922,139.95444277669785,136.4438589379193,139.16654849713757,179418100
2024-10-31,132.40472412109375,137.24175143875112,131.756469630996,137.2317836775648,270039600
2024-11-01,135.0376434326172,136.94253564166783,134.2098780275083,134.33951978002003,207127800
2024-11-04,135.68592834472656,138.58814473225323,135.207217103038,136.84282779526694,187528200
2024-11-05,139.5355987548828,139.99435925396384,136.9625011145287,137.08217511986183,160537400
2024-11-06,145.22032165527344,146.09797148430005,141.58009580907174,142.577419626437,242043900
2024-11-07,148.48159790039062,148.53145192465237,145.77884323892675,145.9982557303204,207323300
2024-11-08,147.2349395751953,149.369212218998,145.8685954157921,148.37188826922187,175665800
2024-11-11,144.87127685546875,148.45168153400843,143.18581210072784,148.28212306443757,182325600
2024-11-12,147.89315795898438,149.2495191040209,145.6192606302401,146.38720431256547,198634700
2024-11-13,145.8785858154297,148.93039482211316,145.50956558703103,148.67109606044525,191903300
2024-11-14,146.3672637939453,148.60127501764129,145.16051028397845,147.24491377788954,194463300
2024-11-15,141.6000518798828,144.85133773586546,139.70514243904907,144.4823175216733,250132900
2024-11-18,139.77493286132812,141.1711953957962,136.7829612819808,139.1266784396513,221205300
2024-11-19,146.61659240722656,146.73628163269873,140.61271302151263,140.9418317601378,227834900
2024-11-20,145.49960327148438,147.16513258851916,142.34805565960622,147.0155400700263,309871700
2024-11-21,146.2774658203125,152.48082047581386,140.32344209077837,148.9503012600165,400946600
2024-11-22,141.57012939453125,146.7661937868221,140.72241318136372,145.539474391015,236406200
2024-11-25,135.656005859375,141.66986796819967,135.45654411602544,141.61003096699034,344941900
2024-11-26,136.5535888671875,138.9272246590056,135.30693397114106,137.33150030488406,190287700
2024-11-27,134.97781372070312,136.85278753282546,131.44729379106425,134.64869500572706,226370900
2024-11-29,137.88002014160156,138.977082446908,135.68591074894266,136.41395288721657,141863200
2024-12-02,138.259033203125,140.07415499884576,137.45120318506554,138.45849496272686,171682800
2024-12-03,139.88465881347656,140.16390831614373,137.58084280749418,137.89001081273594,164414000
2024-12-04,144.7515869140625,145.39984134699782,139.91456002292938,141.61999054867616,231224300
2024-12-05,144.6817626953125,146.15789942663562,143.5746563420695,144.73163536724292,172621200
2024-12-06,142.06861877441406,145.3201135010368,140.94156015213164,144.2229906612707,188505600
2024-12-09,138.44805908203125,139.58508599383495,136.77244688316378,138.6076455444956,189308600
2024-12-10,134.7178192138672,141.4502189353748,133.44114274667672,138.64753308216282,210020900
2024-12-11,138.94676208496094,139.8045203384501,134.85746151474785,137.00184953896905,184905200
2024-12-12,136.9818878173828,138.07902569919474,135.44591000184846,136.7225712357738,159211400
2024-12-13,133.8999481201172,139.23600428177866,132.1944001851312,138.5777215546611,231514900
2024-12-16,131.65582275390625,134.04955889819416,130.07994062496547,133.8301313094174,237951100
2024-12-17,130.05001831054688,131.24688636654815,126.52922370948323,128.75340490862754,259410300
2024-12-18,128.5738983154297,136.3435808551527,127.94553603601128,133.51098920213212,277444500
2024-12-19,130.33926391601562,133.68053537391728,129.212220572867,131.41644980197495,209719200
2024-12-20,134.34877014160156,134.9272596326742,127.88567083765561,129.4715213006466,306528600
2024-12-23,139.3058319091797,139.42551415908295,134.76769223262775,135.92467137837366,176053500
2024-12-24,139.85440063476562,141.53001300601622,138.28848684636677,139.63497303105362,105157000
2024-12-26,139.56515502929688,140.48276971800976,137.37089410442982,139.33575896662117,116205600
2024-12-27,136.6527557373047,138.65752461945982,134.35876491420703,138.1887488761999,170582600
2024-12-30,137.13153076171875,139.90428131004603,133.67057680049638,134.4784624698932,167734700
2024-12-31,133.93984985351562,137.71000800391963,133.48105776544256,137.67010377599792,155659200
2025-01-02,137.94937133789062,138.51789243847597,134.27897378808947,135.64539681236818,198247200
2025-01-03,144.0933074951172,144.52217900012494,139.36566117903786,139.64492988439244,229322500
2025-01-06,149.04037475585938,151.7632676182901,147.43458721714921,148.2025685915748,265377400
2025-01-07,139.77459716796875,152.73073241075815,139.6449312609891,152.63098706400407,351782200
2025-01-08,139.7447052001953,143.57468988273558,137.20135052761552,142.2082666228464,227349900
2025-01-10,135.55563354492188,139.55517244006612,133.870037595658,137.09161147098868,207602500
2025-01-13,132.8826141357422,133.1419459563911,129.17231238202828,129.6510717959939,204808900
2025-01-14,131.4164581298828,136.02442280388445,129.71092511662002,135.6952813829554,195590500
2025-01-15,135.884765625,136.09420953652403,130.9476603587566,133.3015073705183,185217300
2025-01-16,133.2217559814453,138.38824308482273,133.14196273572836,138.27852927433761,209235600
2025-01-17,137.3509521484375,138.13888566634566,135.10681862678206,136.33360735729912,201188800
2025-01-21,140.4628143310547,141.4602070208564,136.7325601923546,138.79717036536638,197749000
2025-01-22,146.68655395507812,147.40466270866227,143.2954095914058,144.2828338584672,237651400
2025-01-23,146.8361358642578,146.84610431115016,143.3452618575768,144.67179580639592,155915500
2025-01-24,142.2481231689453,148.58157206293976,141.5100624088345,147.98313043457708,234657600
2025-01-27,118.11123657226562,128.06521102414737,116.39571998533557,124.47460659166907,818830900
2025-01-28,128.6536865234375,128.66365497133788,115.94689837533355,121.49239920882492,579666400
2025-01-29,123.3774642944336,126.55914919357254,119.73698731182846,126.17016667976266,467120600
2025-01-30,124.32499694824219,124.67408285834512,117.79207196266405,122.77903527699785,392925500
2025-01-31,119.7569351196289,127.51664871512425,118.8792323275003,123.45726093608867,388161100
2025-02-03,116.35582733154297,118.26084328911304,112.71534272693829,114.45080376447106,371235700
2025-02-04,118.34063720703125,120.88398385074507,116.39571701060105,116.65504122535879,256550000
2025-02-05,124.50452423095703,124.67407915232373,120.44513651813745,121.44252915135603,262230800
2025-02-06,128.344482421875,128.43425932928383,124.88353622330139,127.08777312720079,251483600
2025-02-07,129.50144958496094,130.03006643749526,124.67407312607986,128.88307105233656,228186300
2025-02-10,133.2217559814453,134.64802029874645,129.6211675706223,129.75081827828257,216989100
2025-02-11,132.4537353515625,134.12934755153938,130.67837780772868,132.23430777027943,178902400
2025-02-12,130.79808044433594,131.89521852186024,128.7434538800678,129.68100547013307,160278600
2025-02-13,134.937255859375,136.14410776005724,130.8280026783839,131.2169852346524,197430000
2025-02-14,138.48797607421875,138.8869270481558,135.1467045962306,136.12414513567924,195479600
2025-02-18,139.03652954101562,143.06600437599374,137.57036112568994,140.90166414837108,219176600
2025-02-19,138.86697387695312,140.99142508356047,136.86222013681927,139.1462426003846,167536000
2025-02-20,139.7447052001953,140.29327428157626,136.4333538136822,139.6649119502666,143903600
2025-02-21,134.07949829101562,141.09118323158302,133.68054728393315,139.67487215272783,228217600
2025-02-24,129.94032287597656,138.22865397806314,129.74084737496105,136.20394796569565,251381100
2025-02-25,126.2998275756836,129.86051900489684,124.11554286315072,129.64109140603463,271428700
2025-02-26,130.93771362304688,133.38132271635274,128.1549946612343,129.6510837247691,322553800
2025-02-27,119.83673095703125,134.6579790491402,119.69709659183455,134.64801060127058,443175800
2025-02-28,124.59429168701172,124.76384661623277,116.09650940652436,117.71228067710521,389091100
2025-03-03,113.7625961303711,123.37746006808273,111.98723854159262,123.1879606508602,411381400
2025-03-04,115.68756866455078,118.99891188150963,109.82290275774469,110.36149568941593,398163300
2025-03-05,116.9941635131836,117.97160407078815,114.21143704412195,117.27343224392774,284337900
2025-03-06,110.28170013427734,115.04923557314471,109.93261424409908,113.2339813347161,321181900
2025-03-07,112.39617919921875,113.18412029909872,107.27955007853643,110.95993136050063,341755500
2025-03-10,106.70105743408203,111.55835424093472,105.18501650973491,109.61344182887889,366487400
2025-03-11,108.4764175415039,111.94733940770921,104.4968157267925,106.71102843945867,354865700
2025-03-12,115.44884490966797,116.46628328215824,112.59603885298675,113.83292501602207,323857500
2025-03-13,115.28925323486328,117.46376961532557,113.50375517662202,116.73560262668995,299033100
2025-03-14,121.36392211914062,121.57339292473429,117.85278046649132,118.31162236591584,277593500
2025-03-17,119.22931671142578,122.58086511779604,117.73309001608916,122.43124092622188,255501500
2025-03-18,115.13963317871094,118.72059878873276,114.25187260535502,117.70316797338417,299686900
2025-03-19,117.224365234375,120.1469948780257,115.38899756160431,116.97499413034406,273426200
2025-03-20,118.23181915283203,119.89761619602571,116.17700382075364,116.25680439544837,248829700
2025-03-21,117.4039077758789,117.6931791575635,115.1296446207881,116.64582513098318,266498500
2025-03-24,121.10458374023438,121.91254366285413,119.03978374206928,119.57842622721644,228452500
2025-03-25,120.38639831542969,120.9848874515059,118.6208466122723,120.24675110401866,167447200
2025-03-26,113.47382354736328,118.5410383402261,112.42646191953317,118.4313220614094,293463300
2025-03-27,111.1496810913086,114.16208047077859,110.38162149260253,111.0698805170997,236902100
2025-03-28,109.39411163330078,112.58606625933987,108.79562251910656,111.20953292547101,229872500
2025-03-31,108.10735321044922,110.68086470981991,103.38925640513808,104.86552901006266,299212700
2025-04-01,109.8729019165039,109.92277156753886,106.20215922942107,108.24699756669231,222614000
2025-04-02,110.14221954345703,111.69830029652357,106.5213541109438,107.0200962834212,220601200
2025-04-03,101.54391479492188,105.36427425680411,101.344413349133,103.24961220285616,338769400
2025-04-04,94.07276153564453,99.87812106911886,91.87829866162578,98.66119636165205,532273800
2025-04-07,97.39437103271484,101.49403230771996,86.40209687721266,87.23998007579976,611041300
2025-04-08,96.05775451660156,105.58372634261488,94.2223791915971,103.54885717389794,476243400
2025-04-09,114.04239654541016,114.8104562069238,97.28465510127192,98.6412345329499,612918300
2025-04-10,107.29940032958984,110.58112503277279,98.90058321638736,109.09487535601897,437812400
2025-04-11,110.65094757080078,111.26939065397997,107.20962934859612,108.22706011361765,313417300
2025-04-14,110.43150329589844,114.00249947758738,108.7956293956101,113.82295197096049,264705000
2025-04-15,111.9177474975586,113.33418114021705,110.22202704858428,110.69084593782598,228966900
2025-04-16,104.22714233398438,106.52135948725393,100.1973044637503,104.2869965726397,397016900
2025-04-17,101.23468780517578,104.20719461222582,99.79831546993584,104.1872406628714,292517500
2025-04-21,96.66621398925781,99.18984822876095,94.80091547691985,98.52152791683338,288501100
2025-04-22,98.64122772216797,99.55891150664588,97.03527729423074,98.53150383378456,241004800
2025-04-23,102.45161437988281,104.53636058197965,101.76334775853866,104.25705857766793,247526000
2025-04-24,106.16226196289062,106.2719858525715,102.85061415392688,103.21968611105362,220815000
2025-04-25,110.73074340820312,111.63845023877658,105.46402708737592,106.5812047250048,251064700
2025-04-28,108.45648956298828,110.0923634818257,105.75329995750923,109.41407373912219,207708500
2025-04-29,108.7457504272461,109.9227823722281,107.16973079396023,107.39914795371472,170444300
2025-04-30,108.64599609375,108.64599609375,103.81817538074749,104.20719367744803,235044600
2025-05-01,111.32923889160156,114.65086390129245,111.02002115064856,112.79554223516973,236121500
2025-05-02,114.21196746826172,115.10970497913567,113.08481279973248,113.8927727544179,190194800
2025-05-05,113.5336685180664,114.38152869431376,112.37659062829633,112.62596171602799,133163200
2025-05-06,113.25437927246094,114.45135750397539,110.54122049681273,111.19956385128708,158525600
2025-05-07,116.7655258178711,117.38396890879066,111.99755142427854,112.7656187028628,206758800
2025-05-08,117.07474517822266,118.38144728921775,115.55856464909375,117.95252869863282,198428100
2025-05-09,116.35655975341797,117.9325869721132,114.92017974547274,117.05479580716789,132972200
2025-05-12,122.6905746459961,122.6905746459961,119.97741600529791,121.66316698651148,225023300
2025-05-13,129.6031494140625,130.88991289915035,124.15689275092413,124.66561195964681,330430100
2025-05-14,134.99954223632812,135.099296769805,131.34874548490453,132.8649261154048,281180800
2025-05-15,134.49081420898438,135.9571173935552,132.32627503661865,133.9521641466833,226632600
2025-05-16,135.0593719482422,136.00699423634137,133.12426513669956,135.87731640314823,226542500
2025-05-19,135.2289581298828,135.52819125301625,132.05695004104146,132.05695004104146,193154600
2025-05-20,134.04197692871094,134.24147079199417,132.28639440284374,133.95219175288827,161514200
2025-05-21,131.46844482421875,137.0543482410567,130.26148202288624,132.72526966841644,270608700
2025-05-22,132.495849609375,133.9122755767364,131.21907084385478,131.89735290411087,187344000
2025-05-23,130.959716796875,132.3462194682512,128.8350854296202,129.67296865108418,198821300
2025-05-27,135.1591339111328,135.31873506532702,132.9746406768617,133.81252390577552,192953600
2025-05-28,134.47085571289062,136.9047198340945,134.4509017652276,135.68778777349254,304021100
2025-05-29,138.83984375,143.12902933343943,137.56306504893934,141.89214330786072,369241900
2025-05-30,134.79006958007812,139.26876471984463,132.58562239610197,138.37103486307464,333170900
2025-06-02,137.03440856933594,137.7725372671851,135.05937854437917,135.14916370580715,197663100
2025-06-03,140.86476135253906,141.64279803963134,137.60298279794105,138.4308967537763,225578800
2025-06-04,141.56297302246094,142.03179187100486,139.1889554677409,141.83229805086768,167120800
2025-06-05,139.63784790039062,143.63775490128222,138.48076233301106,141.8123566062966,231397900
2025-06-06,141.36349487304688,142.9095987862069,141.15401644541944,142.1515008770834,153986200
2025-06-09,142.2711944580078,144.6352274429253,141.58292783698045,142.82978324597119,185114500
2025-06-10,143.5978546142578,143.92701105784593,141.17395971410352,142.3310452201821,155881900
2025-06-11,142.4805908203125,144.6353103750697,141.52293261104455,144.25623511410478,167694000
2025-06-12,144.645263671875,144.645263671875,141.50297610137997,141.62267765562083,162365000
2025-06-13,141.62269592285156,143.22875794239724,140.50544068193668,142.13144281545507,180820600
2025-06-16,144.33602905273438,145.82237413621124,142.84966874779792,142.99931091676874,183133700
2025-06-17,143.76742553710938,144.8647406282524,143.42826095310537,144.13653073401778,139108000
2025-06-18,145.12411499023438,145.29369730081095,142.76988753620614,143.65770976302605,161494100
2025-06-20,143.4980926513672,145.84233449814036,142.30101614416546,145.09416929186932,242956200
2025-06-23,143.8173065185547,144.42581484809375,141.68254233682853,142.1513937655616,154308900
2025-06-24,147.53817749023438,147.59804349475166,145.1440548392029,145.20390562225958,187566100
2025-06-25,153.9324951171875,154.0721520137232,148.8948463426075,148.90483162044157,269146500
2025-06-26,154.64077758789062,156.33661581991106,153.6232685600938,155.59842060814296,198145700
2025-06-27,157.3640899658203,158.32174817747665,154.880175871103,155.65826650868465,263234500
2025-06-30,157.603515625,158.2718747820143,155.57848281781088,158.01250107649778,194580300
2025-07-01,152.92498779296875,156.81544119896878,151.1194180014287,155.9076636637482,213143600
2025-07-02,156.8653106689453,157.21446053326332,152.59578228626097,152.6057523429847,171224100
2025-07-03,158.9501953125,160.58618269349765,157.3840439934681,157.98256705200242,143716100
2025-07-07,157.8529052734375,158.92027983286837,156.9550977974466,157.8129946008361,140139000
2025-07-08,159.60858154296875,159.82804456030718,158.0025195823342,158.94022243433284,138133000
2025-07-09,162.48155212402344,164.01777813022636,160.7657585360006,160.8256093227867,183656400
2025-07-10,163.69857788085938,164.0975932957291,161.21466354212765,163.91804092547642,167704100
2025-07-11,164.51657104492188,167.47930705179942,163.0701210776715,163.31950952793753,193633300
2025-07-14,163.66864013671875,165.08516454052796,161.62365204151925,164.96544774793,136975800
2025-07-15,170.28240966796875,171.97824787505814,168.78607915204378,170.77121644956358,230627400
2025-07-16,170.9507598876953,171.32983513615645,168.48680121561864,170.64152069930245,158831500
2025-07-17,172.5767822265625,173.7339481189201,170.4120926228971,171.59918390717252,160841100
2025-07-18,171.98822021484375,173.82371518980958,170.8410244393951,173.21520688358655,146456400
2025-07-21,170.9607391357422,172.95584631586675,170.58166390065136,172.32738268326037,123126100
2025-07-22,166.6213836669922,170.97071815657463,164.17738028748298,170.9208374301641,193114300
2025-07-23,170.36219787597656,170.84101932871772,167.5590747729789,169.11525591048226,154082200
2025-07-24,173.31497192382812,173.4047480967394,170.88093864849802,172.01814916975516,128984600
2025-07-25,173.0755615234375,174.29257821699642,172.53688923976992,173.18529303585547,122316800
2025-07-28,176.31761169433594,176.56700011257405,173.54441370124516,173.594294429185,140023500
2025-07-29,175.0806427001953,178.9411858321479,174.5918511336965,177.52466141853475,154077500
2025-07-30,178.83145141601562,179.4499298230835,175.60934208925488,176.07819353379378,174312200
2025-07-31,177.43487548828125,182.85160010862035,175.49961883405416,182.45256948733228,221685400
2025-08-01,173.2950439453125,176.10813769082318,170.47196492026188,173.664133973185,204529000
2025-08-04,179.5596466064453,179.75915428060495,174.09305718288007,174.7314908730668,148174600
2025-08-05,177.8238983154297,179.81900550487381,175.4696712230272,179.18057181311008,156407600
2025-08-06,178.9810791015625,179.4599006050506,175.81883576850015,175.898641889325,137192300
2025-08-07,180.3278045654297,183.43019749017932,178.3626223630485,181.12585064917982,151878400
2025-08-08,182.2530517578125,182.85159004607542,179.95867528141937,181.10587113034643,123396700
2025-08-11,181.61460876464844,183.39025298215157,179.80903915640334,181.6046387082212,138323200
2025-08-12,182.71194458007812,184.02870758664506,179.02099882862018,182.51243687865426,145485700
2025-08-13,181.14578247070312,183.51996527523906,178.9112718042809,182.17326161923742,179871700
2025-08-14,181.57470703125,182.57226061200618,179.02097229994772,179.31025614092474,129554000
2025-08-15,180.00856018066406,181.45500998578265,177.6044521364236,181.43506987144983,156602200
2025-08-18,181.5647430419922,182.49247589603021,180.14821861780752,180.15820389652,132008000
2025-08-19,175.2103271484375,182.0535459787435,175.06070018553257,181.98370991508045,185229200
2025-08-20,174.97091674804688,175.5694550698242,168.38707131580557,174.74148365399904,215142700
2025-08-21,174.55194091796875,176.4672421817212,173.38480492387563,174.42226928848822,140040900
2025-08-22,177.55458068847656,178.15310374912357,170.78118284108405,172.1877371490149,172789400
2025-08-25,179.37013244628906,181.46500135257926,176.13806812642193,177.91371253514103,163012800
2025-08-26,181.3253173828125,181.94379572773957,178.37255210674027,179.61949407406715,168688200
2025-08-27,181.15574645996094,182.04356858750407,178.6618623689453,181.53480649120215,235518900
2025-08-28,179.729248046875,184.01873199506826,175.97845161993425,180.37766708382995,281787800
2025-08-29,173.75389099121094,177.714180280125,172.72641192849127,177.67428483075477,243257900
2025-09-02,170.36219787597656,171.95828968039308,166.81090959368234,169.58410730722488,231164900
2025-09-03,170.20260620117188,171.9882358353705,168.46687251736884,170.64153226145447,164424900
2025-09-04,171.2400665283203,171.43957421789176,168.99557077235426,170.15273668191406,141670100
2025-09-05,166.6114044189453,168.6164816497661,163.66862438059468,167.61892806242963,224441400
2025-09-08,167.8982391357422,170.54176523233733,166.94059623139324,167.14010390134433,163769100
2025-09-09,170.3422393798828,170.56170237945196,166.33208505275803,168.67632677148754,157548400
2025-09-10,176.89620971679688,178.851406558282,175.04075911822534,176.20789518840485,226852000
2025-09-11,176.7465362548828,179.84910351407555,176.05818301908454,179.25053151190707,151159300
2025-09-12,177.39500427246094,178.1731387966239,176.02826832324598,177.3451207317183,124911000
2025-09-15,177.32516479492188,178.4225418052247,174.0929031464731,175.2501343169162,147061600
2025-09-16,174.46202087402344,177.0757538913052,173.96321593348455,176.5769489507663,140737800
2025-09-17,169.8829803466797,172.78602876073558,168.00748411706098,172.22736966160153,211843800
2025-09-18,175.81878662109375,176.67673180432445,172.54662713675344,173.56417834624654,191763300
2025-09-19,176.24774169921875,177.65437533147113,174.76129744715922,175.34989886544702,237182100
2025-09-22,183.17115783691406,184.10891359634738,174.2924356467209,174.88102184557565,269637000
2025-09-23,178.0035400390625,181.98400930831284,175.78885990523673,181.53508786527138,192559600
2025-09-24,176.54702758789062,179.35030900890538,174.98077271717747,179.34033838980653,143564100
2025-09-25,177.26528930664062,179.82913859886173,172.7161910154847,174.06295512355928,191586700
2025-09-26,177.7641143798828,179.3403398828169,174.51189629291883,177.74415791919978,148573700
2025-09-29,181.4153594970703,183.56021461148362,179.8890176259668,179.99874009736317,193063500
2025-09-30,186.13406372070312,186.90222763381766,181.04624695721463,181.6448190078555,236981000
2025-10-01,186.79249572753906,187.69033860903804,183.46046686832446,184.7972757932568,173844900
2025-10-02,188.43853759765625,190.59337868298996,187.6105195355423,189.146847340247,136805800
2025-10-03,187.17156982421875,189.90502650703218,184.93693332773543,188.73782471792558,137596900
2025-10-06,185.09654235839844,186.78250559975277,182.8918329061041,185.0566446584491,157678100
2025-10-07,184.59771728515625,188.60811308659447,183.56020975393224,185.784875425114,140088000
2025-10-08,188.65802001953125,189.14685437964263,186.0941551173159,186.12409742063042,130168900
2025-10-09,192.1097412109375,194.83321191134357,190.60334055524348,191.77054228398893,182997200
2025-10-10,182.7222442626953,195.15245586263575,181.61489659616785,193.04749823427522,268774400
2025-10-13,187.8699188232422,189.6556339904095,185.51555866051012,187.52074924115996,153482800
2025-10-14,179.59971618652344,184.35831986008523,179.2705030798172,184.32839277968645,205641400
2025-10-15,179.40017700195312,184.4281238318171,176.86623951707475,184.3582990595379,214450500
2025-10-16,181.3754425048828,182.84193018690272,179.34032512988762,181.79443681084305,179723300
2025-10-17,182.78208923339844,183.65999082680747,179.3203816221287,179.74934657743225,173135200
2025-10-20,182.20347595214844,184.75735492260156,181.2956472677441,182.69231029505525,128544700
2025-10-21,180.72702026367188,182.35311411361405,179.37027013728058,182.35311411361405,124240200
2025-10-22,179.84910583496094,183.00155667206866,176.33751483638122,180.7070509305708,162249600
2025-10-23,181.72463989257812,182.59255571493648,179.3602938591047,179.98879302554099,111363700
2025-10-24,185.81480407714844,187.0219186862977,183.06140638753934,183.40059008116805,131296700
2025-10-27,191.03233337402344,191.54110896467577,187.9796341631504,189.5359184602369,153452700
2025-10-28,200.54953002929688,202.6644582837766,191.45133202040452,192.58860677151606,297986200
2025-10-29,206.54513549804688,211.68283533037862,204.29054272961417,207.48289118740504,308829600
2025-10-30,202.40505981445312,205.66724825327245,200.92860151360617,204.6596525726598,178864400
2025-10-31,202.0060577392578,207.47295636791884,201.5870633589687,205.95658488045288,179802200
2025-11-03,206.3855438232422,210.83487551397138,205.06869143040765,207.58267267525224,180267300
2025-11-04,198.21511840820312,203.4824975937368,197.4569251230167,202.51481474882632,188919300
2025-11-05,194.74342346191406,202.43498679977526,194.18474916506034,198.29491205487744,171350300
2025-11-06,187.63047790527344,197.1476699621838,185.9345440647224,195.95054108781363,223029800
2025-11-07,187.70028686523438,187.86989393508227,178.48238160939712,184.45805485831954,264942300
2025-11-10,198.5742645263672,199.46213677715232,193.32682642239038,194.6436788693004,198897100
2025-11-11,192.69834899902344,194.9529420926121,190.84279381183833,194.69356897568184,176483300
2025-11-12,193.33680725097656,195.4218083488666,190.673190567689,195.25221648764446,154935300
2025-11-13,186.4134063720703,190.98246202725863,183.4106057333689,190.59339473372378,207423100
2025-11-14,189.71546936035156,190.55345800755302,180.14839424900484,182.42294356130517,186591900
2025-11-17,186.15402221679688,188.54828000089623,183.87947275520656,185.52552307898492,173628900
2025-11-18,180.92652893066406,184.35830936263392,179.22060933347112,182.94170515591497,213598900
2025-11-19,186.07420349121094,187.41099710874653,182.39302051116815,184.3483273978252,247246400
2025-11-20,180.208251953125,195.53154064523628,179.42014682895694,195.4816571057099,343504800
2025-11-21,178.4524688720703,184.11888595894638,172.51667761994415,180.80682891210233,346926200
2025-11-24,182.1136932373047,183.06141961318156,176.0581937395723,179.0610093294625,256618300
2025-11-25,177.39500427246094,177.73418799379976,169.1447659257062,174.49195573568102,320600300
2025-11-26,179.82916259765625,182.47283807635972,177.81400147563977,181.19589856886267,183852000
2025-11-28,176.57696533203125,178.86148547381688,176.0781603452176,178.58215589898685,121332800
2025-12-01,179.48997497558594,179.8690716163194,173.2648835948944,174.3423041351479,188131000
2025-12-02,181.02630615234375,185.2162648499111,179.56978894419797,181.32557695606172,182632200
2025-12-03,179.1607666015625,182.01393165685582,178.68191808959097,180.6472109015755,165138000
2025-12-04,182.95188903808594,184.08922700452197,179.53987513877786,181.19598816136636,167364900
2025-12-05,181.98416137695312,184.22890867632069,180.48766317737477,183.46070200471706,143971100
2025-12-08,185.1168212890625,187.5610985176648,181.97416608957425,182.21361127014939,204378100
2025-12-09,184.53819274902344,185.28644189022677,182.89205072764324,185.12681175320978,144719700
2025-12-10,183.3509521484375,185.04698034073257,181.61500881382975,184.53817644999398,162785400
2025-12-11,180.50759887695312,180.89670300875093,176.20766331092784,179.85912243695617,182136600
2025-12-12,174.61141967773438,182.39321360477518,174.21234434473615,180.6871989054384,204274900
2025-12-15,175.87843322753906,178.0034654802094,174.6213802569945,177.52459033283526,164775600
2025-12-16,177.3050994873047,178.0733061224419,174.4916756985292,175.84850127733236,148588100
2025-12-17,170.5409393310547,175.71882560019336,169.91240520818417,175.68889685369163,222775500
2025-12-18,173.73345947265625,175.7387615308714,171.41888356310693,174.1225483861358,176096000
2025-12-19,180.56747436523438,181.0263919449467,175.92832091222974,176.2575523358494,324925900
2025-12-22,183.26116943359375,183.73007341419415,181.9243013805983,183.49062822521734,129064400
2025-12-23,188.76829528808594,188.88801027625055,182.47301321780614,182.54285710968043,174873600
2025-12-24,188.169677734375,188.4689804086018,186.154389299292,187.50124372172942,65528500
2025-12-26,190.085205078125,192.240166195598,187.5611125998212,189.47662851874142,139740300
2025-12-29,187.7805938720703,188.31932652162573,185.47598909796272,187.2717899684254,120006100
2025-12-30,187.10218811035156,188.5488153175326,186.49361152385626,187.80056616478433,97687300
2025-12-31,186.06460571289062,190.11512498868174,186.05463453876877,189.12744593978846,120100500
2026-01-02,188.4091339111328,192.47959571470966,187.8204997023152,189.39681300359115,148240500
2026-01-05,187.6808319091797,193.1779786425506,185.7154296257417,191.31233377676458,183529700
2026-01-06,186.8029022216797,191.72138605392453,186.38388451934557,190.07524399309986,176862600
2026-01-07,188.66851806640625,190.9232365533545,186.12446806753155,188.12978540958392,153543200
2026-01-08,184.60800170898438,189.10748247384038,183.2811201033086,188.66850725549676,172457000
2026-01-09,184.42843627929688,185.9049768874807,183.2412119543349,184.64792389684447,131327500
2026-01-12,184.5082550048828,186.6831584288149,182.59273912358015,182.79226917353867,137968500
2026-01-13,185.376220703125,187.6708543554723,182.97184323887342,184.5681140987238,160128900
2026-01-14,182.7124481201172,184.02937380837906,180.37791464347094,183.88970125566945,159586100
2026-01-15,186.6133270263672,189.25713440169068,185.895006678512,186.06460797964908,206188600
2026-01-16,185.7952423095703,189.99542077422674,185.64559857342888,188.63859508159712,187967200
2026-01-20,177.65428161621094,181.95421697054311,177.19534884297914,181.47532662721457,223345300
2026-01-21,182.8920440673828,184.94723253133864,177.9835164834521,178.6320081827799,200381000
2026-01-22,184.40847778320312,185.7353746560278,183.5005985718231,184.31869154642928,139636600
2026-01-23,187.23187255859375,189.15737478680413,186.38386606278428,187.06227125943187,142748100
2026-01-26,186.03466796875,188.67847518398236,185.5557928402329,186.7230595290241,124799600
2026-01-27,188.07989501953125,189.55643562401056,185.2664711415707,186.80288446054914,143711600
2026-01-28,191.0728759765625,191.9009400606663,189.39679023846315,190.82345963399504,148552700
2026-01-29,192.06057739257812,193.0283141326731,185.62563804704834,190.89331059974717,171764400
2026-01-30,190.68380737304688,194.0359639826301,189.0276790286862,190.76362243793778,179489500
2026-02-02,185.1766815185547,189.8557348322644,184.44839001538193,186.7629659025267,165794100
2026-02-03,179.91897583007812,185.8351396091497,175.81857039871747,185.8052108647954,204019600
2026-02-04,173.78335571289062,179.16077214377114,171.50867959294058,179.04105715530034,207014100
2026-02-05,171.47874450683594,176.40721432559468,170.63072277473634,174.52161198787914,206312900
2026-02-06,184.97715759277344,186.56344202919422,174.19239634754115,176.27751351666032,231346200
2026-02-09,189.59634399414062,193.20790343822367,183.52056478242866,183.82983865020864,196387400
2026-02-10,188.09983825683594,192.0306425866914,187.6808205923615,190.93321971968697,136764800
2026-02-11,189.60633850097656,192.80883635229745,188.32932783046314,192.0007297023972,144192700
2026-02-12,186.50360107421875,193.15802849168205,186.07459697001164,192.57938064366328,189932500
2026-02-13,182.38320922851562,187.0622623874058,181.16605622339495,187.04230481693136,161888000
2026-02-17,184.53819274902344,186.71309627900055,178.7617008539599,181.32570855160378,162276900
2026-02-18,187.5411376953125,189.92555739322245,186.3239846890322,188.3093443160685,164749100
2026-02-19,187.46131896972656,187.99008040371612,185.22655825948098,186.62328370338446,126554500
2026-02-20,189.37686157226562,189.88566546751952,185.5059147845697,186.13444888465776,178422300
2026-02-23,191.10281372070312,193.49720463285962,189.13741163084848,190.9531547742145,171584800
2026-02-24,192.39979553222656,193.31764595479845,186.96250644177093,191.04296985904048,175123600
2026-02-25,195.10345458984375,197.16862939564908,193.33758246616242,193.9960453222018,250637100
2026-02-26,184.4583740234375,193.83642365132246,183.8897126034445,193.81648130196652,360807900
2026-02-27,176.77633666992188,182.16372380185732,175.96823012244815,180.82685580423004,311636500
2026-03-02,182.05397033691406,183.03169334881736,174.23227758067924,174.60140889187144,209095300
2026-03-03,179.62966918945312,180.4776756968921,176.50697142699124,178.07331350693755,178099400
2026-03-04,182.61268615722656,184.26881453838726,179.63964723402094,180.01876499488523,177731200
2026-03-05,182.91197204589844,183.63029235671348,177.46472744924466,180.74703993972415,198779700
2026-03-06,177.40487670898438,182.3333312190456,176.40721126414203,179.42014994688597,189021900
2026-03-09,182.2235870361328,182.48298979408452,175.1501427003192,176.4171820751478,177213600
2026-03-10,184.33865356445312,186.00475307627937,181.5850871183009,181.97417604353973,179118500
2026-03-11,185.60574340820312,187.1921136401388,184.02934488988058,185.4860219488843,145280400
2026-03-12,182.7223358154297,184.5182338343672,181.3355064165816,183.63026415055788,155762700
2026-03-13,179.8389434814453,185.66562182453413,179.52965286608148,184.49829181300376,160988400
2026-03-16,182.80215454101562,188.44925014875608,180.99628481489137,182.55272468439094,217307400
2026-03-17,181.51510620117188,184.9771941770484,181.2656763194747,184.63797319169822,182497800
2026-03-18,179.98858642578125,182.96180140975886,179.91875397930713,182.06384475172882,156683100
2026-03-19,178.15277099609375,179.56953069628346,175.3890840362079,177.6040222894031,170968500
2026-03-20,172.30615234375,177.85347025510498,171.32839150930033,177.59406866914642,241323500
2026-03-23,175.23944091796875,177.96321071223454,174.36144294367455,176.85574153065542,182836300
2026-03-24,174.80044555664062,175.81812366395545,173.58322660302642,174.4312942297872,147667800
2026-03-25,178.2725067138672,180.8067226806179,176.44669348987364,176.69612335614488,162602100
2026-03-26,170.8494873046875,176.10745794358192,170.74970926821888,175.66847416549638,186152200
2026-03-27,167.13796997070312,170.58009909933227,166.629123297364,169.61230999497113,196212700
2026-03-30,164.79331970214844,169.0635577295173,163.89537828689438,168.3950875250076,185627000
2026-03-31,174.00225830078125,174.22175778800025,166.57923870897636,166.58921042239905,226181300
2026-04-01,175.34918212890625,176.9654826629128,174.35146274268203,175.5986119754623,168132000
2026-04-02,176.98545837402344,177.0852364118599,170.97918282725632,171.78733317216196,143143200
2026-04-06,177.23487854003906,177.3845303646084,175.35916114415525,176.75597747742694,107564300
2026-04-07,177.69383239746094,177.8235255680002,173.26395579650787,175.32922705160684,132534900
2026-04-08,181.66476440429688,184.83750503722598,179.8888249511496,184.079243714486,147732700
2026-04-09,183.4906005859375,183.66021107746678,180.2080948395415,181.42531387192042,116428500
2026-04-10,188.1998291015625,189.56669990817062,183.87970195572368,183.88967366981893,160459500
2026-04-13,188.87826538085938,189.2274732756209,185.3164148846483,185.605746824658,133648200
2026-04-14,196.0618438720703,196.0618438720703,190.33494396561244,190.40477641072036,161307000
2026-04-15,198.41647338867188,199.94298301571828,195.2936216855987,196.09178511161633,185338400
2026-04-16,197.8976593017578,199.39423847906178,195.36344336942167,196.97974400923295,134012900
2026-04-17,201.2200469970703,201.2400056483541,198.8155547450397,199.44410763257105,160324400
2026-04-20,201.59918212890625,201.70893187328167,197.38880498867078,199.52392392325544,119381400
2026-04-21,199.42417907714844,202.28762917830338,198.54618104306965,201.66904795828867,107945300
2026-04-22,202.03819274902344,202.03819274902344,198.54617460274403,200.53164182940822,107501000
2026-04-23,199.18470764160156,203.3651545152774,196.77022843278436,201.99828375930824,113561800
2026-04-24,207.79502868652344,210.46890943516505,199.35431566144254,199.50398270942756,214134400
2026-04-27,216.1160125732422,216.33551207209098,206.90706623150768,209.17187844164343,187172400
2026-04-28,212.68385314941406,214.2402930542568,207.72518626919629,209.01225288404052,180275400
2026-04-29,208.77279663085938,212.23488436877426,207.10660696252424,212.2149257168926,123711800
2026-04-30,199.1148681640625,209.82039307402036,198.24684193288383,209.45122654333912,225239200
2026-05-01,197.9974365234375,202.5370634031337,196.6704677294345,200.82098460367052,128647000
2026-05-04,198.02734375,201.2699318245734,194.29588290907526,199.04502180842945,125368100
2026-05-05,196.05186462402344,199.7833407086998,195.58293528206713,198.84548202478717,113406600
2026-05-06,207.3560333251953,207.7950323152332,198.15705885791613,199.43413852494058,188362800
2026-05-07,211.01766967773438,213.7115092245668,206.02907228582575,207.86487247229027,168307900
2026-05-08,214.709228515625,217.30330524675068,212.40449895841255,212.5441790763045,136421400
2026-05-11,218.93955993652344,221.79303819063418,213.40221390900197,213.55186573785767,160685800
2026-05-12,220.27650451660156,223.23973257586303,214.42986778297353,218.05159434962442,159176600
2026-05-13,225.3149871826172,227.32039781394542,221.0647077692387,224.41703053540263,150405400
2026-05-14,235.202392578125,236.00055597235212,228.77707677625682,229.32582552778115,180782900
2026-05-15,224.80615234375,230.97205119780003,223.72861351776262,229.23601388526635,180977600
2026-05-18,221.81300354003906,229.4754818886306,217.8719993892805,229.34577348371204,146280900
2026-05-19,220.1068878173828,223.96805720569674,217.41304835521052,219.11914008419038,140948200
2026-05-20,222.9603729248047,225.61431038954527,219.9971448577806,222.6710257508039,184201600
2026-05-21,219.0093994140625,226.8814055684356,217.43300079554024,221.78305837384474,203381800
2026-05-22,214.83892822265625,220.50596731800164,214.3101381389001,220.39621757095847,169275700
2026-05-26,214.37001037597656,217.68243116855118,211.5165320236786,216.04617181279934,187202600
2026-05-27,212.1151580810547,213.66161102691768,208.30386252985457,213.63168066177133,167601200
2026-05-28,213.7613983154297,215.0285063161196,210.73830951283205,210.79817024571656,143996000
2026-05-29,210.6584930419922,217.36316924965476,210.64852132770383,214.09065053210412,289410600
2026-06-01,223.8483428955078,224.35717434911126,215.20808855445495,215.23801892090273,212850700
2026-06-02,222.3118438720703,231.75026086454594,220.84519513709748,226.66188583823322,193362900
2026-06-03,214.26025390625,222.31185725112735,214.02079575535723,221.2143597561905,160907000
2026-06-04,218.4156036376953,221.35231998810906,210.73419644348996,213.67091279390368,169022200
2026-06-05,204.87075805664062,214.62982678346356,204.10161444712602,214.2902104723603,219655500
2026-06-08,208.40679931640625,210.23475572682116,205.76975069388217,209.94507132882276,138372800
2026-06-09,207.95730590820312,211.16370951624515,199.11719156565087,210.3845825512031,180962500
2026-06-10,200.19598388671875,206.98838641050182,199.696542748819,204.20149632565034,161746600
2026-06-11,204.64100646972656,205.43013200106668,199.31696212361035,201.26479475008583,158643200
2026-06-12,204.96066284179688,206.83856645475237,203.21261880599855,204.6310298517525,112001800
2026-06-15,212.21253967285156,212.47225882321928,208.10713284720606,208.68648640498938,149936700
2026-06-16,207.1781768798828,211.25361840198772,207.05830064217733,210.94395209283806,125694100
2026-06-17,204.42124938964844,208.9761653200819,202.8530121596522,208.29691745433288,128363500
2026-06-18,210.4545135498047,211.1537281092123,206.26919428756833,207.09826842291386,241272000
2026-06-22,208.41677856445312,213.7508214450341,207.48782537372824,211.2036686200953,122041400
2026-06-23,199.81640625,203.54224815949766,199.77645766483005,201.94403040148535,153496200
2026-06-24,198.77757263183594,201.44458647582786,196.36027935647695,199.89631590195674,151810700
2026-06-25,195.52122497558594,200.5755669254449,191.9152592982058,199.85637045714446,149550000
2026-06-26,192.31480407714844,195.33143282930595,191.0062707295152,192.90414096411192,179304100
2026-06-29,194.7520751953125,195.96071419295149,189.58785574691487,193.63333194293918,148835700
2026-06-30,199.86634826660156,200.4057532237791,194.89191886651452,197.0195429632178,166476700
2026-07-01,197.35916137695312,199.62662840490702,193.23377271109229,195.98069896251877,146147600
2026-07-02,194.61224365234375,199.8363939026278,192.1350197738411,196.9196593659626,142068700
2026-07-06,195.33143615722656,197.32920075051607,193.77318221313826,194.20269428466304,108999000
2026-07-07,196.7098846435547,198.18824142626735,190.92636281467173,192.15498377986222,124154600
2026-07-08,203.891845703125,204.93069180759116,194.84197470333905,194.9618356993413,147419100
2026-07-09,202.5533447265625,204.36131918975943,198.73762239526957,204.23147485952867,132037400
2026-07-10,210.72421264648438,210.7641612313501,201.69430829342895,201.7742207048944,148421000
2026-07-13,203.30250549316406,210.33464515051216,202.77309911383117,208.3069001369788,121411000
2026-07-14,211.5632781982422,212.31243993744155,203.57221964678251,207.96729575339148,124379600
2026-07-15,212.26248168945312,213.57101502024952,205.80969553973085,211.7230919717581,124797200
2026-07-16,207.16818237304688,210.84407715298516,205.61992700554663,209.93509060438328,122986100
2026-07-17,202.58331298828125,206.41901728963356,197.74872640584337,202.41350482950477,144281900
2026-07-20,203.05279541015625,207.50781723343968,202.05391309694542,205.63989694335598,88701500
2026-07-21,207.0583038330078,208.4167843613107,203.78197113093626,207.30802440628602,108685600
2026-07-22,211.82298278808594,214.15038042761168,204.72092886821054,205.57996827489498,137645600
2026-07-23,208.5266571044922,210.63429930291466,205.72979894313582,209.22588688656515,110505300
2026-07-24,206.6088104248047,211.6731509810223,204.5810805834776,207.21812923496972,114836800
2026-07-27,196.2903594970703,208.51668459839084,195.22156333884286,207.96729627325774,154353700
2026-07-28,196.789794921875,198.47790843456414,192.52457850774027,194.78204700134697,134111500
2026-07-29,189.79762268066406,196.84974460884015,189.79762268066406,195.63110696844683,147680800
2026-07-30,194.82199096679688,197.02952748682713,191.3059363552755,193.23377181769484,129010200
2026-07-31,200.52561950683594,201.77422236802423,194.73209918257555,198.2182038580375,139961200
2026-08-03,206.40904235839844,208.50670133078404,196.62999113475112,197.46904862701152,128406900
2026-08-04,211.70310974121094,212.82185300096492,208.8163406042335,211.06382570110384,134922000
2026-08-05,218.9749755859375,221.9716224388697,216.15812022814887,216.6176127852948,158187400
2026-08-06,218.7452392578125,223.38005249670454,216.75745800384053,221.28239358061882,113940600
2026-08-07,223.70968627929688,224.50877992471257,220.41337164588714,221.29237770419127,105669400
2026-08-10,217.3068389892578,223.88946943306019,216.5277120448001,223.15029107269072,115846600
2026-08-11,217.25689697265625,221.9516406634887,215.95834695389817,221.92167541427946,101273100
2026-08-12,223.8395233154297,224.84840415873398,219.95387191061064,220.7929293559802,108783600
2026-08-13,225.04818725585938,226.97602279610956,223.45996804263754,224.80845001468583,98867200
2026-08-14,224.90834045410156,227.23573802273873,224.24907448357243,226.51654155338588,75680900
2026-08-17,224.7584991455078,227.66525027466162,224.60867289832842,225.72741618855906,93678700
