Date,Close,High,Low,Open,Volume
2017-01-03,64.61886596679688,64.76468238888228,64.081656814599,64.37328380362918,8792700
2017-01-04,64.8490982055664,64.92584152945618,64.64956087934077,64.81072361605138,8096700
2017-01-05,65.27885437011719,65.5628110607347,64.7569916594743,64.78001992234002,6852400
2017-01-06,65.25584411621094,65.42468294450308,64.94119472678135,65.186776880168,4799900
2017-01-09,64.77236938476562,64.9719067556694,64.273528885077,64.5114349989466,11000600
2017-01-10,64.07398986816406,64.79539013703209,63.88212859283887,64.72631703324146,10918200
2017-01-11,64.27350616455078,64.27350616455078,63.91280614835725,63.99722555023827,9572300
2017-01-12,64.34259796142578,64.37329646975458,63.98190366263144,64.24283220071354,6545400
2017-01-13,64.47306060791016,64.48073084274641,64.03561716145839,64.35026658883685,6762800
2017-01-17,65.39398956298828,65.67794632872273,64.37328627941561,64.38863845872064,13145100
2017-01-18,65.69564056396484,65.98184764461702,65.43263834631706,65.59508419043179,10520400
2017-01-19,65.51773834228516,65.74979881637191,65.19285839979811,65.46359168520398,14074500
2017-01-20,67.64495849609375,68.05493291312905,66.84822633934134,67.21178510637473,22944400
2017-01-23,67.26594543457031,67.56762066386884,67.18085694409677,67.36650187715448,9408900
2017-01-24,67.96210479736328,68.03171941726553,67.4670478284653,67.4670478284653,8704700
2017-01-25,67.42063903808594,67.99304755995306,67.3432815905935,67.94663191114866,8082900
2017-01-26,66.98748016357422,67.47480626442824,66.97974323615924,67.38971776750282,6542300
2017-01-27,67.0802993774414,67.18085581834053,66.53882663790642,66.87144366739854,9332300
2017-01-30,67.10347747802734,67.18856593312009,66.91009569855176,67.12668234731744,7350000
2017-01-31,67.76099395751953,67.80740961107568,66.93331993790238,67.01067149176893,9712400
2017-02-01,67.55213928222656,67.75325212741316,67.10349204011212,67.32007873587914,8291000
2017-02-02,67.88475036621094,68.34112859250715,67.49024983223765,67.76872010309593,8997200
2017-02-03,67.61400604248047,68.20188238414148,67.59853219575375,68.16320957041144,7161900
2017-02-06,67.60627746582031,67.90795259725913,67.39742182002783,67.68362900437363,7483000
2017-02-07,68.07814025878906,68.28699003597264,67.66817172841556,67.79193302930896,6646100
2017-02-08,68.3256607055664,68.33339172864844,67.92342324661597,68.12454197609118,6815800
2017-02-09,68.58866882324219,68.67375730400862,68.09361179053495,68.32567235654255,9914100
2017-02-10,68.04718780517578,68.63507012163343,68.04718780517578,68.50356601424373,11057600
2017-02-13,68.31016540527344,68.3488441147149,67.79190374739584,68.10131571830003,6905100
2017-02-14,67.96210479736328,68.24057508006148,67.47478475341374,68.07039814046318,20123400
2017-02-15,70.48379516601562,70.50700003598334,69.47047059892382,69.47047059892382,25847700
2017-02-16,70.2285385131836,70.48380391761076,70.03515670404988,70.3290949293771,12408500
2017-02-17,70.46057891845703,70.66943453502205,69.96552205914163,70.08928922474212,12152400
2017-02-21,70.90924835205078,71.00981068112753,70.06610640190186,70.06610640190186,9018700
2017-02-22,70.7313461303711,71.00981646171473,70.58437403839928,70.73907715512547,6749900
2017-02-23,70.49154663085938,71.00981445045868,70.32137556789867,70.86284236264964,7611600
2017-02-24,70.42967224121094,70.65398999420295,70.13572805176011,70.3677886327428,6643400
2017-02-27,70.30590057373047,70.32137442564083,69.66387145499344,70.02743025479742,11840300
2017-02-28,70.44511413574219,71.00205460285837,70.12023416377227,70.31361594254629,10535600
2017-03-01,70.9015121459961,71.07942011259134,70.16665770121162,70.42966004086918,8792200
2017-03-02,70.32135009765625,70.84734284973206,70.29813932782056,70.7003767166993,7031200
2017-03-03,70.00419616699219,70.32134508181528,69.53234420689235,70.32134508181528,8334900
2017-03-06,69.90367889404297,70.0119722666435,69.30032251613777,69.53238311545101,9533800
2017-03-07,69.84175109863281,69.99645413261202,69.66383729816852,69.72572087237718,5363000
2017-03-08,69.7257308959961,69.88817087548901,69.43179272856271,69.63290552133873,5503700
2017-03-09,69.88043975830078,69.99647001087716,69.69479489510486,69.72573668922816,5587400
2017-03-10,70.44511413574219,70.51473464490347,70.12023416377227,70.23626441134539,6797800
2017-03-13,70.63075256347656,70.7699876675851,70.27493083109763,70.43737080230044,7397500
2017-03-14,70.39097595214844,70.84735417228377,70.2517408185989,70.59209467872982,6686400
2017-03-15,70.70038604736328,70.99432425376453,70.18212424862526,70.39097399236276,7855300
2017-03-16,70.7313461303711,70.947932854406,70.46834375008183,70.7313461303711,6601200
2017-03-17,70.39097595214844,71.1645031604138,70.32909235911659,70.73906083525016,37010100
2017-03-20,70.56114196777344,70.70811400310428,70.34455532720797,70.3600232723012,7772900
2017-03-21,70.53793334960938,70.9711066077131,70.41416618926945,70.62302179695733,8211000
2017-03-22,70.38323974609375,71.00980080423462,70.19759486664742,70.63076821920363,7798000
2017-03-23,70.21305847167969,70.7467941063142,70.08156026943593,70.32135770466485,6831400
2017-03-24,70.05835723876953,70.32909057448359,69.77988697873677,70.21306031587925,9252000
2017-03-27,69.99645233154297,70.1743661274294,69.75666086458251,69.96551054523479,10072000
2017-03-28,70.20532989501953,70.43738451267365,69.71800398501199,69.74894578100803,11855800
2017-03-29,70.08155059814453,70.29040620963322,69.91911062339952,70.05060880749646,4252800
2017-03-30,69.77214050292969,70.05834764810072,69.69478897496391,70.00420098837034,3691900
2017-03-31,69.50140380859375,69.880430408188,69.4936668857122,69.64063891274677,6942400
2017-04-03,69.36991119384766,69.66384936996059,69.19199736255334,69.50914630917346,6967400
2017-04-04,69.54785919189453,69.58653202531836,69.16882647413489,69.42409196122696,5680800
2017-04-05,69.59426879882812,70.00423742180232,69.43182873509569,69.61747367914042,6320100
2017-04-06,69.1533203125,69.4704633381517,69.0836998083296,69.43952154758077,7231500
2017-04-07,69.02183532714844,69.31577354146484,68.9831566061528,69.19974328002218,4739100
2017-04-10,69.22296142578125,69.36993351189406,68.65055283485852,68.94449110553876,5956000
2017-04-11,69.46276092529297,69.47822887617744,69.06826030996507,69.354467564465,5186000
2017-04-12,69.85724639892578,69.94233487139945,69.27710094199338,69.38539428849718,6286300
2017-04-13,69.64066314697266,70.03516372961211,69.45501824401381,69.6561369981205,5040100
2017-04-17,69.91911315917969,70.07381621648757,69.71799446344477,69.79535189364205,6931700
2017-04-18,70.23625946044922,70.49151890526481,69.88043181922868,69.92684745591225,7087800
2017-04-19,69.83873748779297,70.50126897562902,69.76079365629458,70.22846259201808,6919000
2017-04-20,69.62830352783203,69.91669636109391,69.61271119013794,69.91669636109391,6983500
2017-04-21,69.07489776611328,69.58933194657912,69.06710159689472,69.50359192537903,9061200
2017-04-24,69.79977416992188,69.88551417549904,69.37887030983407,69.46461031541124,8338500
2017-04-25,70.15054321289062,70.34540583292643,69.73743540989236,69.82317543844692,9088400
2017-04-26,68.38896179199219,70.15052098400932,68.28763540250596,70.0336022596893,11951300
2017-04-27,68.3499984741211,68.77869256960163,67.99145205096629,68.26425846567822,8517500
2017-04-28,68.06938171386719,68.27203446731109,67.92908045170385,68.21747319573272,8295400
2017-05-01,67.88231658935547,68.2798378653758,67.8745263688282,68.10835786604416,4546600
2017-05-02,67.2042236328125,68.03823543703342,67.04832996344595,68.03823543703342,13197500
2017-05-03,67.36788177490234,67.52376943794698,66.95477411577421,67.26655538859664,6122000
2017-05-04,67.38347625732422,67.99924270976923,67.26656346936254,67.69525756760109,5986200
2017-05-05,67.42244720458984,67.50818720856557,67.1340484687866,67.45362592846588,4506200
2017-05-08,67.46145629882812,67.5160176065902,67.21982255296477,67.28997620393689,4634600
2017-05-09,67.3445053100586,67.67187300009597,67.20420402193777,67.6562866110753,9577600
2017-05-10,67.4146499633789,67.64848741535866,67.3367061282968,67.40685974258409,6178500
2017-05-11,67.16523742675781,67.5237838858644,66.93919610426431,67.50819749491822,6064700
2017-05-12,67.18083953857422,67.28216596130248,66.97038457640782,67.21980849497649,5892400
2017-05-15,67.2899398803711,67.58612882737519,67.22758243466498,67.53936371646226,5820700
2017-05-16,67.21978759765625,67.812171450122,67.18081865336866,67.71863527971158,6554500
2017-05-17,67.23539733886719,67.52379019884248,66.9781772636987,67.21980499972881,7805800
2017-05-18,66.93138885498047,67.2041952276457,66.65857653558231,67.17301650695069,6985600
2017-05-19,67.21978759765625,67.32891015643501,66.77550119499031,67.03272120356887,7320700
2017-05-22,67.1964111328125,67.34450859603672,67.05610983784587,67.22758985910886,4260000
2017-05-23,67.0950927734375,67.45363924871482,67.01714892172238,67.25098047686774,4394200
2017-05-24,67.42244720458984,67.53936593244163,67.1964059165387,67.38347231306142,4878800
2017-05-25,67.70304870605469,67.79658487620911,67.4614210332392,67.48480358909445,4368000
2017-05-26,68.00702667236328,68.10835305265589,67.67186286464737,67.75760285825373,4337000
2017-05-30,68.12397003173828,68.28765391145849,67.89013251971802,68.00705127572814,4594500
2017-05-31,68.66178131103516,68.86444007548535,68.16293354218429,68.3344135777395,10146600
2017-06-01,68.69294738769531,68.70074355516674,68.1005694880013,68.60720738570977,6251300
2017-06-02,69.05149841308594,69.12165203156515,68.59942176390331,68.90340690160102,6136400
2017-06-05,69.16841888427734,69.18401122065735,68.5916273196296,68.82546479145827,4115300
2017-06-06,69.21517944335938,69.34768454881228,68.94236711871356,69.18400072206462,6503000
2017-06-07,69.1917953491211,69.28533151896261,68.9034025655599,69.12164768179002,4781600
2017-06-08,68.4747085571289,69.21518991980959,68.09277957024203,69.19180141524865,7712100
2017-06-09,68.71633911132812,68.75530805704524,68.2408739677502,68.47470548225388,9696900
2017-06-12,68.7786865234375,69.10606013904706,68.66176779977218,68.71633502465153,7867700
2017-06-13,68.63839721679688,68.90341343311323,68.41235589741169,68.87223470491516,6419300
2017-06-14,68.93461608886719,69.17624388285446,68.63842104154196,68.97358505259032,6183900
2017-06-15,69.66726684570312,69.8543392025,68.77090374300407,68.77090374300407,7047500
2017-06-16,69.8855209350586,69.9712550021946,69.22298338301884,69.93228605290264,13855000
2017-06-19,70.0414047241211,70.0414047241211,69.52696466955604,69.83874598019541,5246200
2017-06-20,69.86212158203125,70.31420414011029,69.84653519408138,69.97124413788022,5674200
2017-06-21,69.682861328125,70.11155544550205,69.59712131530276,69.85434135376947,4164500
2017-06-22,69.39447021484375,69.69066518152232,69.29314380066859,69.58153665129589,4536700
2017-06-23,69.69844055175781,69.99463545531891,69.293129034692,69.39445542727508,8782100
2017-06-26,69.65165710449219,69.90108088319856,69.58150350752966,69.86210600191583,4373300
2017-06-27,69.06712341308594,69.65171140770292,69.06712341308594,69.65171140770292,5180400
2017-06-28,68.88002014160156,69.53475549154491,68.79428013909946,69.43342910073942,4875000
2017-06-29,67.80439758300781,68.76312431815002,67.75763245578858,68.6072306495269,8123500
2017-06-30,67.92910766601562,68.17853157126194,67.81218890958314,67.85116381063897,6070300
2017-07-03,68.38896179199219,68.591620517698,67.95247156437969,68.12395156715128,3607400
2017-07-05,68.33443450927734,68.5916546413993,68.1941331596414,68.4825320302087,4974300
2017-07-06,68.1005859375,68.55266266557307,68.09278976814544,68.31883110554938,6038900
2017-07-07,68.3188247680664,68.45132990112836,68.03042599604838,68.35000349585762,5142200
2017-07-10,67.88231658935547,68.49029275427671,67.72642892454482,68.30322042042407,5356400
2017-07-11,67.63290405273438,68.1629305270348,67.27435760640383,67.99145644579914,5838600
2017-07-12,67.781005859375,68.17852722722313,67.67967944851492,67.99925101921801,4374200
2017-07-13,67.57832336425781,67.85113566501214,67.42243571816893,67.63288463506217,5448900
2017-07-14,67.89012908935547,68.03822656926755,67.60173624540205,67.7810065083891,4577700
2017-07-17,68.24088287353516,68.5214854849466,67.60952402449222,67.8667440760751,5227800
2017-07-18,69.09048461914062,69.18402081018384,68.17073288745402,68.28765163957435,7492300
2017-07-19,69.40473175048828,69.451869770272,68.81555744701488,69.02766355256423,6008500
2017-07-20,69.60112762451172,70.15887861483597,69.37331282676385,69.38117016279413,7285000
2017-07-21,69.60897064208984,69.66395999620802,68.98051574354777,69.25546850752873,5714800
2017-07-24,69.27116394042969,69.60110000206501,69.10619590961203,69.56182532428306,6202000
2017-07-25,70.02529907226562,70.07243107824387,69.5539610323182,69.65608237640049,6766700
2017-07-26,70.15099334716797,70.24525736038008,69.81319998191822,69.91532132736081,6987000
2017-07-27,71.23507690429688,71.29006624734164,69.91532667783368,70.92870685113478,11089200
2017-07-28,70.8658676147461,71.4864651190523,70.66947622705639,71.14081435883378,6137500
2017-07-31,71.34503173828125,71.54142303969618,70.86583648335787,70.86583648335787,7835700
2017-08-01,71.56503295898438,72.05994317806199,71.2665201552448,71.5100436005747,8662100
2017-08-02,71.51786804199219,71.72211670502571,71.11722804733854,71.46287870887407,7167700
2017-08-03,71.37646484375,72.07561749309484,71.34504151201243,71.37646484375,6413200
2017-08-04,71.2271957397461,71.54928035080633,71.11721709045403,71.24291040015176,5824400
2017-08-07,71.83210754394531,71.92637156332877,71.10938276613543,71.22721878375357,5011300
2017-08-08,71.94210052490234,72.22490462602822,71.66715375808273,71.8006984743394,5623400
2017-08-09,72.20919036865234,72.2249050373544,71.89496292190181,71.89496292190181,5572800
2017-08-10,72.06776428222656,72.27201295350469,72.02848961034988,72.16203428282908,6338200
2017-08-11,71.7535400390625,72.33486274446803,71.71426536548967,72.22488406904283,7094200
2017-08-14,71.99707794189453,72.23274399150176,71.68285054902921,71.91066525902184,5398400
2017-08-15,72.42914581298828,72.55483918562513,72.17776506110447,72.20133706351628,5293400
2017-08-16,72.61766815185547,73.01830219424589,72.42127680007601,72.49983214211011,7965500
2017-08-17,72.32703399658203,72.79837221945044,72.32703399658203,72.58627211684639,5711400
2017-08-18,72.6412353515625,72.88475871389568,72.15418263350763,72.25630997388362,6815000
2017-08-21,72.94761657714844,73.02617193252793,72.55483380686157,72.5705424805817,4334300
2017-08-22,72.89262390136719,73.02616859875471,72.73550720439144,72.98689391955264,4731500
2017-08-23,72.61766815185547,72.79049350036354,72.49197480989018,72.66480015839825,3631900
2017-08-24,72.4841079711914,72.71977995977312,72.30343130754804,72.61765862786112,5173700
2017-08-25,72.67263793945312,72.94758455929762,72.59408261855282,72.78261658739092,4933000
2017-08-28,72.6412353515625,72.82976937422725,72.25630997388362,72.6805100265322,5386500
2017-08-29,72.52340698242188,72.81406837609265,72.4605603037813,72.64910033970301,3676300
2017-08-30,72.16989135742188,72.3348593628475,72.00492335199627,72.3348593628475,4709600
2017-08-31,72.4841079711914,72.57837796530163,72.14631465069768,72.18559531325718,5864400
2017-09-01,72.68838500976562,72.79051237494116,72.47628493193717,72.60197231310478,4960700
2017-09-05,72.83763122558594,72.85333989787071,72.30344646706999,72.41342515323014,6532100
2017-09-06,72.83763122558594,72.98689058254136,72.55482717734873,72.892620568666,6747200
2017-09-07,73.03401947021484,73.34038951047481,72.53125807115292,72.85333678302604,7735400
2017-09-08,72.93186950683594,73.17539879171999,72.67263754859782,72.86902884648575,6070100
2017-09-11,73.83528900146484,73.99240567480308,72.97902560697746,73.12827895491345,10177300
2017-09-12,73.45822143554688,73.82743812848513,73.22254942074723,73.62318944855132,5804000
2017-09-13,73.48963165283203,73.6624509736642,73.41107033299613,73.45035099291408,5369300
2017-09-14,73.48963165283203,73.5681869792807,73.19897035224602,73.23825101216397,5492300
2017-09-15,73.26969909667969,73.70176256354962,72.916196982615,73.70176256354962,12428800
2017-09-18,73.17542266845703,73.45036937653637,72.94760796936593,73.19113134032354,6177700
2017-09-19,73.97669982910156,74.19665720460664,73.32467904214793,73.32467904214793,6587200
2017-09-20,74.15736389160156,74.36946388085737,73.70959192016157,73.97668123947535,5941500
2017-09-21,72.77474975585938,74.235901308708,72.62549047026522,73.96095472476036,9376700
2017-09-22,72.4605712890625,73.05760283988171,72.33488390611585,72.70410070736735,6837700
2017-09-25,72.83763122558594,73.12828661327107,72.53126117222712,72.60981652042881,6436200
2017-09-26,72.78263854980469,72.939749239014,72.4291305090008,72.91618323497147,4885200
2017-09-27,71.38432312011719,72.68050110947344,70.96796846412282,72.68050110947344,9631200
2017-09-28,71.40007019042969,71.58075294914212,71.19582141827455,71.37650417698697,4999800
2017-09-29,71.47074127197266,71.82424329741023,71.25077793001095,71.4628839399841,6634500
2017-10-02,72.0913314819336,72.58624150158548,71.6749827941166,71.69069745783884,7302400
2017-10-03,72.36628723144531,72.539106586016,71.92636652935259,72.24059388987928,5909900
2017-10-04,72.60193634033203,72.90045496030143,72.28770905302123,72.3662703698892,6140700
2017-10-05,72.29557800292969,72.78263067621121,72.22487999845016,72.6569373437303,6912800
2017-10-06,72.53126525878906,72.5469739319589,72.17775718188074,72.27202720106746,5241900
2017-10-09,72.36628723144531,72.75906993375656,72.21702788668274,72.58624458579747,5149000
2017-10-10,71.97349548339844,73.08899677935132,70.59089886688086,72.56266946281706,17125600
2017-10-11,71.84780883789062,72.0599148464996,71.5414388195783,71.55714749006613,7115400
2017-10-12,72.38984680175781,72.51553413876631,71.79281546915081,71.8085301321443,5984900
2017-10-13,73.08900451660156,73.45822120839811,72.73549649549521,72.82190916776199,6956700
2017-10-16,73.16756439208984,73.34824707986218,72.82977101412398,73.03401970608648,4159100
2017-10-17,72.90046691894531,73.12827559639385,72.58623958008845,73.08900092490423,5316100
2017-10-18,72.87692260742188,73.01832466395184,72.27989702953114,72.88477994205972,7399700
2017-10-19,72.48906707763672,72.80564900361063,72.13291618485232,72.576127258237,8585000
2017-10-20,69.84564208984375,71.19902434511897,69.32328084835166,71.00907754743994,19997800
2017-10-23,69.09375762939453,70.32842073876488,68.75343304946563,70.14638413346836,13358200
2017-10-24,68.84051513671875,69.1887499993006,68.68222107345328,69.14918101221005,11519000
2017-10-25,68.74552917480469,68.9433921977489,68.28648551238203,68.7771879830718,9024300
2017-10-26,69.25204467773438,69.46573404445978,68.93546269440492,69.00669650884612,6233800
2017-10-27,68.88798522949219,69.27579503241944,68.42102539313916,69.27579503241944,7433800
2017-10-30,68.27855682373047,68.91963700696493,68.19150266477925,68.78509162514133,5387100
2017-10-31,68.33396911621094,68.46060434633388,67.84327269523484,68.45268813487617,7119000
2017-11-01,68.76929473876953,68.9671578277954,68.15196286713716,68.32608335160829,4884100
2017-11-02,68.46852111816406,68.8879897543542,68.24691550193533,68.68221052287029,5021200
2017-11-03,68.5239028930664,68.98294641707263,68.42892649690354,68.68219084837276,5106500
2017-11-06,68.10443115234375,68.57138482519647,68.0885987345837,68.50015706017074,5186700
2017-11-07,68.84051513671875,68.85634152389476,67.60584559645244,68.09654813512377,6875100
2017-11-08,69.31536102294922,69.3311874045936,68.69802948773507,68.84840124740327,6910000
2017-11-09,69.4736557006836,69.78232149809419,69.09376212154729,69.13333109862839,5280000
2017-11-10,69.77439880371094,69.95642934987524,69.47364323271142,69.63984739854345,7227300
2017-11-13,70.4392318725586,70.76373010878243,70.14639244267124,70.1780512490077,6873500
2017-11-14,70.33635711669922,70.47881875003641,70.01977503836092,70.23346446921626,5035500
2017-11-15,69.829833984375,70.39176435172648,69.64779731182102,70.2255601054649,6688100
2017-11-16,70.6371078491211,71.15155297949198,70.25720814165153,71.10406174212015,7205100
2017-11-17,69.98809814453125,70.5104533062777,69.71109116191576,70.39965051323149,5941800
2017-11-20,69.86146545410156,70.09098725893062,69.41825426590728,69.98810067261397,4926200
2017-11-21,70.21762084960938,70.6054306302889,69.66360083891064,69.7902360544873,6196400
2017-11-22,69.90896606445312,70.36800973573115,69.69527061410284,70.04351147345864,6006900
2017-11-24,70.00393676757812,70.40757903471014,69.98019417038807,70.11473957999861,2196700
2017-11-27,70.40756225585938,70.51836504187442,69.7664881313011,69.90894971879172,6199700
2017-11-28,70.75580596923828,70.85077633930608,70.36799620209659,70.81912357481629,4841300
2017-11-29,70.739990234375,71.08031489675632,70.46298319250663,70.75582265865356,5158900
2017-11-30,71.22274780273438,71.523503359739,70.60541634742752,70.71621911949295,9789900
2017-12-01,71.51560974121094,71.65015514431954,70.53421086221272,71.37314812665474,7953200
2017-12-04,72.34664916992188,72.74237527358416,71.09615323315681,72.62365623482525,9003700
2017-12-05,72.33869934082031,72.68693404417121,72.07751878458338,72.43366969705313,8683000
2017-12-06,72.22000122070312,72.63946985070632,72.07753960690015,72.3308040271832,6737400
2017-12-07,71.309814453125,72.07752375655537,71.14361027995432,72.06169737552429,7273600
2017-12-08,71.52351379394531,71.52351379394531,70.89826603847719,71.2465007850715,5883400
2017-12-11,71.41273498535156,71.49187899804876,71.03283527078347,71.41273498535156,4856000
2017-12-12,71.1119613647461,71.63432258586543,71.08821877074968,71.58683135957303,6558900
2017-12-13,71.92718505859375,72.34665986264646,71.20696658339783,71.2465355766316,7141000
2017-12-14,72.02215576171875,72.36248047553146,71.94301174326728,71.97467055830818,5853500
2017-12-15,72.72652435302734,73.02727394153914,72.40203217046194,72.47325995262278,15924000
2017-12-18,72.7186050415039,73.71583621733076,72.6632036449746,72.79775506937379,7405700
2017-12-19,72.5603256225586,72.91647663679203,72.48118162365117,72.81359004204239,5644400
2017-12-20,72.44161224365234,72.78985311191096,72.29915061921022,72.65530769946577,6938500
2017-12-21,72.55242156982422,72.87691986951556,72.441618745125,72.5445113954179,4860400
2017-12-22,72.91649627685547,73.15393437583177,72.59200398244299,72.71863320714245,4919400
2017-12-26,73.1934814453125,73.4229972047995,72.93230084386944,73.09058882385345,3431900
2017-12-27,72.89274597167969,73.40719110622992,72.75820054768532,73.20141184474961,4276700
2017-12-28,72.86901092529297,73.24099446173086,72.74238170084911,73.05104760591425,3005400
2017-12-29,72.7186050415039,73.17764863463208,72.7186050415039,73.0035282345973,4346700
2018-01-02,71.74513244628906,72.75819014519628,71.66598844574322,72.75027393365164,7558900
2018-01-03,71.6580581665039,72.09335310320033,71.6422257465228,71.80843596482941,5863600
2018-01-04,72.16459655761719,72.63155035836127,71.71346914066959,71.88758955393004,6322500
2018-01-05,72.21211242675781,72.25960367492365,71.68184078894124,72.23585503168954,5949700
2018-01-08,72.59198760986328,72.63155659190039,71.9667397259939,71.9667397259939,4860700
2018-01-09,72.06170654296875,72.53657653219615,72.03004773858032,72.39411493159797,6630100
2018-01-10,71.60267639160156,71.9509172670125,71.23860913017224,71.9509172670125,6564700
2018-01-11,71.34938049316406,71.64221379266485,71.16734392354904,71.54724344182048,5469700
2018-01-12,70.92202758789062,71.49978427548055,70.71624833833086,71.27026846586857,8111000
2018-01-16,71.40478515625,71.8400800403046,70.94574164509577,71.34146756058081,9465300
2018-01-17,72.180419921875,72.59989455368164,71.57100453925706,71.6738911253797,8345500
2018-01-18,71.91725158691406,72.29207079207127,71.51053222766556,71.96509877588484,7699800
2018-01-19,72.62701416015625,72.7785383728357,71.96509964452032,71.99699979899664,9364000
2018-01-22,73.28094482421875,73.30486841661238,72.38775884075582,72.4754827357536,8658000
2018-01-23,71.01611328125,71.94119365005355,70.65724101884304,71.63017467323449,18756300
2018-01-24,70.42595672607422,71.1038244049106,69.93948998646194,71.02407097140086,15141900
2018-01-25,70.44987487792969,71.01609500729343,70.18670925441666,70.72102314537607,11264400
2018-01-26,69.96341705322266,70.3143065933585,69.56467423790227,70.3143065933585,11503100
2018-01-29,69.26959991455078,69.971385054337,69.134028822376,69.93151442481445,11685800
2018-01-30,69.34136962890625,69.73214194879385,69.08617448343486,69.2376986925477,9662900
2018-01-31,68.85491180419922,69.70822733655808,68.64756990476589,69.22973105335383,11798100
2018-02-01,68.46414947509766,68.98251642230535,68.23287788067167,68.70339763052685,8606300
2018-02-02,67.18814849853516,68.27272918656364,67.15624835073066,68.23285248072526,12846300
2018-02-05,64.64419555664062,67.28387763300807,63.878609935866486,66.98082914180559,17462200
2018-02-06,65.69686889648438,65.75269265136401,63.89455561932272,64.22152158809408,19955500
2018-02-07,65.2662353515625,66.50234078287261,65.25028831257163,65.63308417602481,11851800
2018-02-08,63.974300384521484,65.56927169868325,63.91847663189913,65.41774747685142,14596100
2018-02-09,63.735050201416016,64.62025973901895,62.67439285141142,64.58038910804835,18838800
2018-02-12,64.8595199584961,65.13066220326132,64.26140562339599,64.2853292233066,10769000
2018-02-13,64.99507904052734,65.25825075945886,64.52456543789148,64.71596028605416,9278700
2018-02-14,64.34113311767578,64.80367618757201,64.01416112830134,64.6441754301948,9412000
2018-02-15,65.72080993652344,65.72080993652344,64.19760908617243,64.57242839842986,8910700
2018-02-16,65.87232208251953,66.39068903963563,65.49750280453814,65.56130312511657,10371700
2018-02-20,64.86747741699219,65.56926865663712,64.65215897667632,65.54534506152785,7087700
2018-02-21,63.990234375,65.24228635799042,63.95036375087392,64.84354361074084,9134500
2018-02-22,64.4687271118164,64.81962269084374,63.93441326872056,64.17366136066316,10277700
2018-02-23,64.63623046875,64.69205423478381,64.18166377837927,64.60433030468295,10321800
2018-02-26,65.09876251220703,65.14661579670761,64.63622538048183,64.95521482737267,9422200
2018-02-27,64.22950744628906,65.39383599113307,64.20558384563938,65.30611206586168,8919600
2018-02-28,62.61857604980469,64.42887204121477,62.6026290125132,64.34114812527861,16862000
2018-03-01,62.76211929321289,63.22466243835274,62.124134412916014,62.522877244726345,13504200
2018-03-02,63.40010452270508,63.52770513782143,62.53881862366633,62.586671896501066,9317700
2018-03-05,64.03013610839844,64.10988347214978,63.12100277609873,63.22467374054208,8177000
2018-03-06,63.81477737426758,64.13377274285263,63.29641674518878,64.12580226977768,9085300
2018-03-07,63.12894821166992,63.511737802673196,62.92160030068349,63.42401392049935,9089500
2018-03-08,63.77494430541992,63.79089134528974,63.01732909841914,63.13695319261234,7951700
2018-03-09,64.03013610839844,64.39697884912167,63.71911713073453,63.942412182971815,7662200
2018-03-12,63.687217712402344,64.29330863579419,63.60747034771935,63.98228965449675,7182000
2018-03-13,63.5755500793457,63.95036926758732,63.28845478981305,63.798845063575094,9620200
2018-03-14,63.001373291015625,63.671258390338835,62.88972577446176,63.551640397126356,8898100
2018-03-15,62.73820114135742,63.11302040928002,62.63453018644974,63.07314368890529,6996900
2018-03-16,62.977455139160156,63.31239771779023,62.87377809029809,62.945554976766736,17715400
2018-03-19,62.73021697998047,63.45592567468552,62.41919201444178,62.97743555623916,8368200
2018-03-20,62.45109176635742,63.081106083931495,62.171973039414965,62.7940107978387,8465500
2018-03-21,61.43830871582031,62.39528927251818,61.31070806328246,62.24377110304698,9822800
2018-03-22,60.93587875366211,61.821082188596044,60.90397859894692,61.27082125167305,10481600
2018-03-23,60.53716278076172,61.54996728350617,60.45740931645492,61.23894824258193,11728300
2018-03-26,60.93587875366211,61.302721406388244,60.62485376627209,61.063473288190494,12937000
2018-03-27,62.036407470703125,62.55477434358426,60.848155593605725,61.03157388004627,11288200
2018-03-28,62.873783111572266,63.11303130646297,62.16402117355332,62.16402117355332,12857800
2018-03-29,63.224666595458984,64.18962358176726,63.14491924071997,63.34429066973407,10036400
2018-04-02,61.72539520263672,63.29644302563864,61.45424689724394,63.208719110746834,12017200
2018-04-03,62.57072067260742,62.841868945776184,61.54994005808772,61.85298240166938,11933100
2018-04-04,63.04125213623047,63.41606533481691,61.87691756550026,62.06034196849663,9030800
2018-04-05,62.84189224243164,63.256582239188894,62.610620598040896,63.073157802487735,7864700
2018-04-06,62.546817779541016,63.28847989093219,62.124151236852335,62.49897057375268,8300800
2018-04-09,62.331459045410156,62.88171980988481,61.86093951623449,62.841849192235316,9031200
2018-04-10,62.49895095825195,62.87376409318156,62.15603189428157,62.770093151732844,6779000
2018-04-11,62.419185638427734,62.754134163024524,62.235767385852945,62.355391424328126,7143500
2018-04-12,62.036407470703125,62.762116225270745,62.036407470703125,62.71426903477886,8282300
2018-04-13,62.49895095825195,62.554774708929344,61.98058408234335,62.25172627582423,6198500
2018-04-16,62.690338134765625,62.889709517694065,62.23577162506205,62.650461424447236,5962200
2018-04-17,62.546817779541016,62.95353728174505,62.28364597903637,62.945560719335525,6492400
2018-04-18,62.3633918762207,62.74618776648351,62.219844177913934,62.66644039727625,7349400
2018-04-19,60.32466506958008,60.94441492587999,59.72101596158307,60.6788078446086,16955600
2018-04-20,59.3990592956543,60.300504466733855,59.35076320389312,59.59222524079497,14085000
2018-04-23,58.75518035888672,59.54395123544764,58.56201436201649,59.23004804715858,13653400
2018-04-24,58.352725982666016,59.020765560771466,58.07102439570409,58.80344852180509,16551700
2018-04-25,58.19178771972656,58.55397479830646,57.91007983567835,58.280323430603865,14208800
2018-04-26,58.55394744873047,58.763214134935225,58.24810086168857,58.40907145684018,11204300
2018-04-27,58.60222625732422,58.81954327415926,58.119308423050185,58.37686501070523,8144800
2018-04-30,58.22396469116211,58.69078813381757,58.07909480272024,58.682743900439355,13076500
2018-05-01,57.91810989379883,58.21591228415724,57.676653972993755,57.99055096848506,8103800
2018-05-02,57.09714126586914,57.95834681460417,56.92812030478669,57.90200649424335,10830900
2018-05-03,57.43518829345703,57.724940292678596,56.9361695968788,56.99250992224772,9386500
2018-05-04,58.29640579223633,58.449332195371284,57.41909924350969,57.45129459894001,8107400
2018-05-07,57.934207916259766,58.932239184737355,57.86176684497876,58.48956080645071,6633600
2018-05-08,57.49958038330078,58.04688904612162,57.233973354144695,57.99054871938867,8084100
2018-05-09,58.248104095458984,58.392980095392375,57.74103502537465,57.76518000192439,7528400
2018-05-10,58.87589645385742,59.028816681409495,58.50565916197302,58.70687548195159,7618500
2018-05-11,59.052982330322266,59.640530690494344,58.79542562299281,59.26224293334001,7586200
2018-05-14,58.98051071166992,59.3829432423343,58.827584385014866,59.3829432423343,8646900
2018-05-15,58.71491622924805,59.08515963979632,58.43321462612166,59.00466820407358,11502800
2018-05-16,59.181758880615234,59.503706306828285,58.72298579396846,58.739086542629146,8325000
2018-05-17,59.527854919433594,59.560050278081945,59.077132179630254,59.173712114938525,8053600
2018-05-18,59.117366790771484,59.61638559681451,58.84371547627568,59.54395065143724,7042700
2018-05-21,59.60832977294922,59.76125616450154,59.093216406351175,59.358823463057085,6428400
2018-05-22,59.584190368652344,60.31662090131986,59.42321972926683,59.93028276990385,7744200
2018-05-23,59.704925537109375,59.80151161178521,59.33468812847375,59.57614410420827,6592500
2018-05-24,59.37492370605469,59.84174715780119,59.230047674155294,59.624436180270244,6508900
2018-05-25,59.80953598022461,60.05904838843619,59.358813396050905,59.47954441413591,7546500
2018-05-29,59.60028839111328,60.12344601550736,59.37492090939011,59.60833262426925,8905600
2018-05-30,60.27638244628906,60.3810127604545,59.60029831050556,59.825659689100064,8128600
2018-05-31,58.891990661621094,60.11538931762087,58.59419444006126,60.09928857337536,15526000
2018-06-01,59.117366790771484,59.35077851582534,58.64249910715714,59.02078686360179,7209300
2018-06-04,59.704925537109375,60.059068336950716,59.117370995612305,59.18981208677835,8743800
2018-06-05,59.535884857177734,59.865876423931674,59.238082497385676,59.78539112525765,6910100
2018-06-06,59.84174728393555,59.898087621979826,59.33468424153705,59.61638593175844,7002900
2018-06-07,60.976600646972656,61.48366360694036,59.64052121821365,59.70491191997837,13476100
2018-06-08,62.119503021240234,62.1436479973195,60.960495044357266,61.0490307170711,13625300
2018-06-11,62.40121078491211,62.52999219085624,61.87804706937604,61.950488145378465,9049400
2018-06-12,62.16780471801758,62.69096848089758,62.06317442169596,62.634628145857334,8786000
2018-06-13,61.54806900024414,62.296594200185034,61.330751865073395,62.296594200185034,8022400
2018-06-14,61.16171646118164,61.620489466811904,60.92830477191216,61.620489466811904,8895200
2018-06-15,62.28048324584961,62.38511967920804,61.105380483547066,61.29855260329996,14943500
2018-06-18,61.04097366333008,62.055105532096505,60.67878678051628,61.86193960397142,7384900
2018-06-19,61.43537139892578,61.717073033026075,60.823672035854365,60.83976664038792,8514000
2018-06-20,61.049041748046875,61.451474463776435,60.79953542929805,61.451474463776435,6603500
2018-06-21,61.5239143371582,62.01488273195452,60.791483861413084,60.791483861413084,8691200
2018-06-22,62.32072448730469,62.48169510154437,61.789510407170155,61.80561115297531,11446400
2018-06-25,62.610469818115234,62.73120083621755,62.11950151429786,62.19998681282119,11300500
2018-06-26,62.779483795166016,63.02899003499009,62.264370573225634,62.610462844901264,9558500
2018-06-27,62.529991149902344,63.35095110690551,62.425354724155795,62.8680331239251,7873300
2018-06-28,62.81974792480469,63.03705888437925,62.505850905066,62.66682153137043,5714400
2018-06-29,62.82780456542969,63.214142741747686,62.20806077706613,62.723174251732125,7679900
2018-07-02,62.88414001464844,63.02901605191027,62.31268624007023,62.37707695455027,6092800
2018-07-03,62.699005126953125,63.39118974340275,62.60241908490156,63.2141184032922,5897200
2018-07-05,63.753395080566406,63.78559043722181,62.876094639093054,62.89218924710256,7956100
2018-07-06,63.8338737487793,64.08338620169408,63.503882123568566,63.890214081895074,7244000
2018-07-09,62.66680908203125,63.44752935984562,62.60241838804697,63.14972700564424,9095900
2018-07-10,64.24434661865234,64.3409326632036,62.77144167757817,62.83583237394567,12773500
2018-07-11,63.7131462097168,64.260448771229,63.60850978066905,64.09142777888515,7851600
2018-07-12,63.4958381652832,64.00290121455544,63.23828145349845,63.85802518038675,8556800
2018-07-13,63.8338737487793,63.962655161978645,63.503882123568566,63.64875814309995,6021300
2018-07-16,64.01094818115234,64.09143349793102,63.44754482306554,63.75339148307894,6931200
2018-07-17,64.41336059570312,64.79164821998587,64.02702874072415,64.11556440345561,8983400
2018-07-18,64.16386413574219,64.5582464221984,63.84996715296184,64.16386413574219,9105100
2018-07-19,63.94214630126953,64.31574375463748,63.259920284762394,63.690369389808836,8010600
2018-07-20,63.90153884887695,64.21016123267933,63.60915713943654,63.60915713943654,8234700
2018-07-23,63.76347351074219,64.11270688639681,63.54418412332151,63.74722663948429,5881600
2018-07-24,64.15331268310547,64.16955955461947,62.97566854934361,62.97566854934361,8297100
2018-07-25,64.54314422607422,64.6487240844795,63.93401678897856,63.93401678897856,6208400
2018-07-26,65.04671478271484,65.5989908212393,64.5431731745441,64.6162655255234,9771100
2018-07-27,65.44466400146484,65.64770651360911,64.53503131636691,64.7055862830042,7492900
2018-07-30,65.13602447509766,65.37967792728558,64.84364281101801,65.03044461721072,7090700
2018-07-31,65.68831634521484,65.76953831340562,64.51067216284312,65.29035472581813,9878200
2018-08-01,65.50150299072266,65.63957038515434,65.0629305057357,65.31470118927163,7556700
2018-08-02,66.59793090820312,66.77660927522882,65.45276839028271,65.62332951979961,9261700
2018-08-03,66.865966796875,67.49133505660899,66.53297407675505,66.71165249278368,7102800
2018-08-06,67.02025604248047,67.35324866888327,66.71975715133736,66.76036192768306,5669200
2018-08-07,67.11773681640625,67.15022436409028,66.37866524478449,66.93094116268074,6418000
2018-08-08,66.8822021484375,67.24768238750126,66.6791596366351,66.6791596366351,4891300
2018-08-09,66.11064910888672,66.95530677854893,66.02943333603514,66.95530677854893,5167400
2018-08-10,66.135009765625,66.40302737876124,65.78577638388062,66.02942988607101,5566000
2018-08-13,66.20809936523438,66.66291880412267,65.90760041415297,66.3542902212403,5068100
2018-08-14,66.03753662109375,66.37052927469479,65.9725677343612,66.10251170419126,6226900
2018-08-15,66.84160614013672,66.89845780305133,65.63146814952111,66.02943598628994,8753500
2018-08-16,67.97050476074219,68.22227546115491,66.84970626963536,66.97153300080326,12368000
2018-08-17,67.97050476074219,68.38470697180215,67.89740624349547,68.00299230214462,8409300
2018-08-20,67.9299087524414,68.1816795083288,67.66189112409052,68.13295128367093,6795800
2018-08-21,68.14105224609375,68.22226799252628,67.4831904483524,67.87303470613854,8534500
2018-08-22,67.72685241699219,68.10044985474319,67.45883484326916,68.06796231280418,5132600
2018-08-23,67.60502624511719,67.89740792863077,67.28015701939486,67.4182306228733,4323200
2018-08-24,67.70248413085938,67.85679839645373,67.43446657367909,67.58878083927344,5356000
2018-08-27,67.7674560546875,68.07607837513851,67.42633999945133,67.81618426413651,3941500
2018-08-28,67.7999496459961,68.10857199399958,67.66999948071152,67.99486869755803,5405200
2018-08-29,67.80807495117188,68.0273643320872,67.64564342160662,67.8243218219478,4520400
2018-08-30,67.74309539794922,68.01110675992437,67.56441702572266,67.72684852972971,4549700
2018-08-31,67.36949157714844,67.84055161222415,66.91467841024205,67.69436078052357,6674900
2018-09-04,67.16645812988281,67.37762406992188,66.65479324832155,66.98778593055107,5800700
2018-09-05,67.64564514160156,67.79183600047368,66.68728422152115,66.68728422152115,7651900
2018-09-06,67.1258544921875,67.66188349206072,66.9959043126027,67.33702043582997,7541100
2018-09-07,66.52484893798828,66.76037278966088,65.98881375355018,66.67915702739114,11110900
2018-09-10,66.90655517578125,67.49131850432828,66.87406763571033,67.06899287613581,6783000
2018-09-11,66.6060791015625,66.9390656577751,66.29745046329538,66.70353555881165,5210300
2018-09-12,67.49944305419922,67.5562947011719,66.3542804841377,66.51671818717735,5925200
2018-09-13,67.77558135986328,67.80806890215132,67.1258491031979,67.62939051774967,5328400
2018-09-14,67.90552520751953,67.9542534182328,67.38573697202956,67.79182191827888,5004100
2018-09-17,68.42530059814453,68.44154126654539,67.68622316045615,67.81617329311653,7098800
2018-09-18,68.2222900390625,68.45782011728512,67.88118007599509,68.45782011728512,6022800
2018-09-19,68.2222900390625,68.45782011728512,68.03548818517343,68.15731494237359,6157600
2018-09-20,69.32682800292969,69.55423459939814,68.4090781825063,68.45780639707382,10053000
2018-09-21,69.70040893554688,70.07400628362115,69.45675552767239,69.69228550292078,17402500
2018-09-24,68.44154357910156,69.61107002710847,68.40906224120234,69.54609495858284,6389400
2018-09-25,67.50758361816406,68.55528383225064,67.47509606931258,68.44969774939172,5657200
2018-09-26,67.62127685546875,68.21415749357466,67.43447502652518,67.61315342037587,6581000
2018-09-27,67.29640197753906,67.92177010729357,67.25579100184017,67.4425928151442,6277600
2018-09-28,67.59691619873047,67.64564441904541,67.23955939277887,67.4344784704044,5125800
2018-10-01,67.95425415039062,67.99486512399892,67.54816919976604,67.66187249023176,4899900
2018-10-02,68.51464080810547,68.57961587542464,67.71059448821202,67.79993365668501,7390900
2018-10-03,67.43448638916016,68.64461817455647,67.28829551468255,68.57964927196258,7958700
2018-10-04,66.532958984375,67.00401902952834,65.86697989157247,67.00401902952834,7029900
2018-10-05,66.7197494506836,66.96339666972989,66.58168207358764,66.58168207358764,5454600
2018-10-08,66.92281341552734,67.1989482585039,66.39490164331045,66.5817034813684,7192300
2018-10-09,66.76036834716797,67.18270019705176,66.6466650482835,66.91468262266763,6268100
2018-10-10,66.14311981201172,67.15020877089229,66.14311981201172,66.4436187146683,9295800
2018-10-11,64.05584716796875,66.57357281224537,63.893409457662635,66.30555523751408,12560300
2018-10-12,64.21016693115234,64.47006111856808,63.74723021618162,64.46194387884954,9878700
2018-10-15,65.07916259765625,65.41215518353722,64.09643790202983,64.16953640473987,9691500
2018-10-16,65.79388427734375,65.85885315906327,64.89237520711266,64.90049864096429,9462600
2018-10-17,66.48423767089844,66.74413182685595,65.28222332686656,65.59085189706734,10375300
2018-10-18,65.74436950683594,66.64564951761504,65.54772807293033,66.12946340944336,9869500
2018-10-19,71.52896118164062,71.90585987014728,69.52975346327455,69.52975346327455,30276400
2018-10-22,70.95540618896484,71.4797874528602,69.83290547615033,71.06192523548961,14124100
2018-10-23,71.41425323486328,71.52896125970273,70.47200338700907,70.47200338700907,16269500
2018-10-24,73.29875183105469,74.31473994437512,71.4634170535135,71.51257585300867,26703500
2018-10-25,72.92183685302734,73.1922226921888,71.5371392989437,72.19261898458647,14647000
2018-10-26,71.98780059814453,73.0611427604139,71.60270665412202,72.66785985030688,14335900
2018-10-29,72.29914093017578,73.26597015078916,71.64366741266467,72.34011075988451,12878900
2018-10-30,73.07754516601562,73.27418665328194,72.27458252873787,72.79896399552817,13844000
2018-10-31,72.6596450805664,73.18402632034545,71.50436355938236,72.73338326219903,13362400
2018-11-01,73.40525817871094,73.60190586160147,72.24998273454155,72.76616883711276,9732400
2018-11-02,73.58550262451172,73.70021062734496,72.90544982231955,73.64285662592835,11336000
2018-11-05,74.72439575195312,74.92104340605351,73.59369987090463,73.65105387390453,12270100
2018-11-06,74.97837829589844,74.99476247067147,74.0934828313728,74.44580197459416,8857800
2018-11-07,74.79814910888672,75.06853497719528,74.24918840737654,75.04394932916139,9019800
2018-11-08,74.8554916381836,74.99477903342196,74.29014059135841,74.51955659554332,6614400
2018-11-09,75.71580505371094,75.928830620365,74.69981100041302,74.84729360485194,10713500
2018-11-12,75.95341491699219,76.56792476664785,75.175038274542,75.55193689886337,12522100
2018-11-13,76.58430480957031,76.66623819485505,75.043929661304,75.35528527694929,13438700
2018-11-14,76.6007080078125,76.93664309735158,76.19103472854133,76.54335399875926,11623000
2018-11-15,76.8792953491211,76.93664936284507,75.96982009498464,76.46962203648732,12506000
2018-11-16,76.87108612060547,77.68223738145163,76.74818289899423,76.87108612060547,13013500
2018-11-19,76.43683624267578,77.17424934779575,76.12548682101078,76.7891554900599,9458300
2018-11-20,75.4618148803711,76.84651252959645,75.26517346161418,76.39586943336394,12074000
2018-11-21,74.89646911621094,75.68304103286431,74.7571754556177,75.10130574818685,8911800
2018-11-23,75.00298309326172,75.37168653616614,74.25737474061401,74.76537184630095,4399600
2018-11-26,75.3307113647461,75.7076099653584,74.68342694702594,74.68342694702594,8171400
2018-11-27,75.96981811523438,76.08452613969308,75.25698431942514,75.32253354800683,9023400
2018-11-28,76.2073974609375,76.37945942555719,75.55191795190605,75.89604188114541,8093700
2018-11-29,76.0517578125,76.44504696538432,75.9206655956179,76.08453242950029,6126900
2018-11-30,77.43645477294922,77.55116280553528,75.99440289757149,76.34672221226268,16291800
2018-12-03,76.46141815185547,77.56753472034775,75.59291282788816,77.56753472034775,13934700
2018-12-04,76.45321655273438,77.7232060723357,76.3385085478679,76.60069916629378,11123600
2018-12-06,76.64984893798828,76.71539189120202,74.62606257489438,75.95339958143622,14199200
2018-12-07,75.74858093261719,76.83831327080836,75.49458551962438,76.68263543646172,7996800
2018-12-10,76.22378540039062,76.52694578223618,74.86367379098023,76.40404258683306,9307600
2018-12-11,76.94481658935547,77.44461209792992,76.5269482121629,76.78913878682725,8743800
2018-12-12,77.04314422607422,77.46920787258576,76.28115179204129,77.19062683431018,9644000
2018-12-13,79.05876159667969,79.30456810794819,77.674069919817,77.73142393896376,18541300
2018-12-14,79.18163299560547,79.3946648029223,78.67363599388587,79.02595518436047,12657300
2018-12-17,76.01078033447266,79.06694586287699,75.70762609716496,78.65727256825068,12427600
2018-12-18,75.78136444091797,76.4532283954014,75.26517833906115,76.30574575899682,12250600
2018-12-19,75.18323516845703,76.48599307828293,74.79814132056104,75.8305196413498,10825600
2018-12-20,74.54415130615234,75.56833448591246,73.84770174302103,74.97840397419175,14439200
2018-12-21,74.53594970703125,76.33850944858794,74.03614785802264,74.24098447643216,24030000
2018-12-24,71.57810974121094,74.28195565392564,71.18482067620754,74.10988739034327,7396300
2018-12-26,73.81493377685547,73.81493377685547,71.07012385820069,71.62727980819689,8630900
2018-12-27,75.39624786376953,75.42083350504025,72.26634507809939,73.42162642427874,11360100
2018-12-28,74.70802307128906,76.42864967722475,74.42944197732928,75.83871912636259,9611800
2018-12-31,75.31432342529297,75.52735525046053,74.6834294156379,75.07671220705171,7239500
2019-01-02,74.78994750976562,74.88007612484293,73.68383098513789,74.58511088479317,9843900
2019-01-03,74.26558685302734,75.78957226570293,74.05255495364274,74.51139337163416,9820200
2019-01-04,75.78136444091797,75.78136444091797,74.04435366895119,74.4294413157291,10565700
2019-01-07,75.47821807861328,75.78956756523517,74.88828747143997,75.30615602670757,9012500
2019-01-08,75.75677490234375,76.27296093510238,75.23239365446013,75.95341630752071,9551300
2019-01-09,74.51956176757812,76.16644998494695,74.40485375752435,75.94522918016258,15015600
2019-01-10,74.69981384277344,75.00297427763245,74.24098183422339,74.47039783849841,11102300
2019-01-11,75.19141387939453,75.36348211866076,74.6506485239414,75.10948049234003,7166600
2019-01-14,74.68344116210938,75.30614630609263,74.4376346904765,74.97021121160223,7952000
2019-01-15,75.38807678222656,75.8796834552629,74.67524304309715,74.68343825879785,7834500
2019-01-16,74.86368560791016,75.50277482354466,74.55232996359383,75.1668397864912,7964500
2019-01-17,74.85296630859375,75.6127257129158,74.61347569842602,74.91077395238867,8044500
2019-01-18,75.4970703125,75.84391599098478,75.18325845585528,75.45578276061788,9100300
2019-01-22,74.68778228759766,75.76961344430205,73.56465726819327,75.47231527442683,13518500
2019-01-23,78.3214111328125,79.61796526471662,77.32216145520103,77.77636871800556,22869000
2019-01-24,77.87547302246094,78.09018346305315,76.95880473201662,77.86721298995855,12146400
2019-01-25,77.29740905761719,78.36272668665312,76.85146170356306,77.97458697290821,10618000
2019-01-28,77.23131561279297,77.6029414341166,76.77711467636384,77.06615278146568,9765600
2019-01-29,77.24786376953125,77.72684497535626,76.8844978477936,77.45432053405302,9769800
2019-01-30,78.05715942382812,78.17278099168706,77.27262635278797,77.30566018638201,7750200
2019-01-31,79.66751861572266,79.94829672534671,77.693792913877,77.98283105630146,16044400
2019-02-01,80.49335479736328,80.60897006771575,79.27112812434628,79.56842633398394,12720800
2019-02-04,80.95580291748047,81.11271203093415,79.87397178929022,80.27862517073747,11887500
2019-02-05,80.46857452392578,80.9475493337612,80.27863156616269,80.9227755350441,9772300
2019-02-06,80.86497497558594,81.19530702200393,80.20431718330968,80.31167242065764,8693900
2019-02-07,80.22083282470703,80.60071248176756,79.56016871643489,80.53464481082837,8732500
2019-02-08,80.69154357910156,80.69980361204688,79.85745666727826,80.1134672841106,7483200
2019-02-11,81.15401458740234,81.25311609324669,80.46032294817148,80.50987055081373,8494100
2019-02-12,81.97158813476562,82.03764950501078,80.9145306041248,81.24485635703016,11238800
2019-02-13,81.9550552368164,82.33493483363576,81.76511858868618,81.996349099745,11587200
2019-02-14,81.31092071533203,81.6082189212832,80.79890573829178,81.50911741911294,7930100
2019-02-15,81.32743835449219,81.92202844808256,81.13749538947678,81.71557171681162,12069100
2019-02-19,82.5744400024414,82.58270003660186,81.31918573413145,81.39350713989559,10098200
2019-02-20,81.98810577392578,82.76438519114346,81.70732761058503,82.40101928511643,8947400
2019-02-21,82.40101623535156,82.46708390683126,81.41828009891086,81.839453628894,7444800
2019-02-22,82.78913879394531,82.91301407719013,82.08718725630288,82.32667779042723,7925400
2019-02-25,82.22758483886719,82.95431024848027,82.02938814543803,82.87998885115407,7436100
2019-02-26,82.44229125976562,82.73132938071845,82.27712211882223,82.45054499139393,7115300
2019-02-27,81.68255615234375,82.27714633305285,81.6082284419049,82.03765573362153,6013600
2019-02-28,81.38525390625,81.9220364193374,80.997114205604,81.6825521322529,10575400
2019-03-01,81.2944107055664,81.57518885718542,80.79065573889945,81.43479978137592,7733200
2019-03-04,81.6495132446289,81.65776697776944,80.83194002342103,81.40176263810052,6895300
2019-03-05,81.8311767578125,82.31841785902405,81.68253397840678,81.68253397840678,6274600
2019-03-06,81.69908142089844,81.8394705263591,81.26139403295564,81.64127377155809,4622300
2019-03-07,81.38525390625,82.25236848162507,81.13750328439426,81.73209973640003,8408600
2019-03-08,81.26963806152344,81.90552207902083,80.72458921747426,81.60822385509582,5144500
2019-03-11,82.23583984375,82.3184212692494,81.3522053597327,81.58343587135458,7544400
2019-03-12,82.6240005493164,83.01213397822163,82.3597361399764,82.40102371297799,7597500
2019-03-13,83.55718231201172,83.89576813084378,82.54967228916432,82.57444609291295,9883300
2019-03-14,83.67278289794922,84.05266252333676,83.17728800833761,83.35897093799238,8590200
2019-03-15,84.59770202636719,84.96932157764495,84.01136573628787,84.03613953296522,30802700
2019-03-18,83.82966613769531,84.47380992530468,83.57365558835916,84.28386702099446,8442800
2019-03-19,84.1517562866211,84.34995296413649,83.64800140999375,84.16001631918054,7334100
2019-03-20,84.00311279296875,84.49034763689812,83.44981028528514,84.01137282607783,7513800
2019-03-21,84.63900756835938,84.98585969720509,83.63975765321626,83.63975765321626,8221000
2019-03-22,83.95356750488281,85.18404784849832,81.76512491215607,84.6307453255941,11035900
2019-03-25,84.20130920410156,84.5151211550535,83.62323289956927,83.95356491668451,6955500
2019-03-26,85.07666778564453,85.45655362965634,84.5646592403867,84.59769306597721,6909400
2019-03-27,84.97760772705078,85.07670294421612,84.26739593474969,84.86199243998415,6037100
2019-03-28,85.51437377929688,85.62172900277774,85.15100794511713,85.31617079671214,6793700
2019-03-29,85.92731475830078,86.00989621057502,85.15103524568887,85.77040558858707,7535400
2019-04-01,85.58870697021484,86.07594816053346,85.17579348375084,86.07594816053346,6626500
2019-04-02,85.6795425415039,85.90251303659471,85.27488911678981,85.56392727729987,6088800
2019-04-03,85.63001251220703,85.7951754090838,84.8537330356528,85.53917102875661,5226500
2019-04-04,85.4152603149414,85.61345696918505,84.88673170325302,85.45655417233127,4786100
2019-04-05,85.59698486328125,85.63001870515781,85.2005850613236,85.56395102140469,4281800
2019-04-08,86.68704986572266,86.82743892523557,85.47308332633168,85.82818914193203,8468600
2019-04-09,86.43106842041016,86.51364987135871,86.00163479458038,86.34022693419851,5820300
2019-04-10,86.42279815673828,86.71183635113003,86.0842060571936,86.4310581910238,5394300
2019-04-11,86.50537109375,86.75312169347856,86.19155912791203,86.36498202749824,5078400
2019-04-12,86.7613754272461,86.7613754272461,86.02638996208613,86.505371094601,6707900
2019-04-15,87.314697265625,87.35598483802373,86.53841781802814,86.69532697460038,5639200
2019-04-16,87.88451385498047,87.95058153164578,87.24862979361797,87.52115423444208,8136100
2019-04-17,88.03089141845703,88.57978807932132,87.615062922059,88.38018583262196,6778100
2019-04-18,88.19718933105469,88.74607941478892,88.01422385479773,88.17223430198968,7248900
2019-04-22,88.1639404296875,89.15360772148715,87.93938953719326,88.26373518631789,9057200
2019-04-23,85.7937240600586,86.58379553293626,84.93711217104777,86.50063111658676,15979800
2019-04-24,86.23451232910156,87.03290225037352,85.48601979508439,85.92679696927254,10094800
2019-04-25,85.89352416992188,86.13470543387963,85.31967887481413,85.74382567315631,6085300
2019-04-26,88.0391845703125,88.05581491359192,86.4174564364752,86.45071712303405,7747400
2019-04-29,87.14099884033203,87.94770695479245,87.09110146254285,87.79800847638704,4787600
2019-04-30,88.55481719970703,88.67124864192655,87.04120210581544,87.2075309246897,8251300
2019-05-01,87.26575469970703,88.47997295565708,87.16595359214902,88.28037708557936,6733800
2019-05-02,87.7896957397461,87.95603091806531,87.36555531136823,87.49029876380979,6270300
2019-05-03,88.2221450805664,88.4965933169317,87.80631672669311,88.14729267744991,4793400
2019-05-06,87.88949584960938,88.00592730059273,87.35723597510307,87.42377004567591,4890400
2019-05-07,87.074462890625,87.80632492257813,86.57547008840825,87.34891115260743,6021700
2019-05-08,87.38218688964844,87.96434415938425,86.62538243899186,87.31565281738195,5392600
2019-05-09,86.69190216064453,87.35723013179283,86.30934079799748,87.04951483475513,6901700
2019-05-10,88.1639404296875,88.28037187578158,86.42577439293233,86.47567811628547,5815800
2019-05-13,88.24711608886719,88.64630785634105,87.19922659543047,87.4404078630887,7575500
2019-05-14,87.82296752929688,88.57146000965378,87.79801883745807,87.96434767974245,7004000
2019-05-15,88.73780059814453,88.98730023963593,87.73981472225786,87.83129750113541,5535600
2019-05-16,89.9104232788086,90.38446743329109,88.64630130349639,88.77105110099984,9284200
2019-05-17,89.36150360107422,89.81891729196461,89.2034931537966,89.21180515178614,6370200
2019-05-20,89.26172637939453,89.92704801619243,89.10370955607502,89.3532091355229,6565300
2019-05-21,88.46333312988281,89.43637003040209,88.39679906530773,89.37815431015832,5226400
2019-05-22,88.75439453125,89.0288427356582,88.105703389948,88.230446805555,4889700
2019-05-23,88.78768157958984,89.01222612335586,88.06413788072099,88.72114751290442,6175600
2019-05-24,88.72948455810547,89.35322728840606,88.60473474303753,89.11204600461846,4372100
2019-05-28,86.8748550415039,89.19517791366953,86.84158801327854,88.73776420686673,7615500
2019-05-29,86.65032958984375,87.1659527781492,86.24281316323288,86.45904572173679,7137300
2019-05-30,87.5984115600586,87.63167859319474,86.8000217999046,86.8000217999046,4729200
2019-05-31,85.58580017089844,87.24079534579224,85.16997179112349,87.23247700158622,10282300
2019-06-03,86.32596588134766,86.45902765066577,85.16164526088878,85.78538777059494,8532900
2019-06-04,87.0578384399414,87.40713279063415,86.36756173854516,86.50062987883086,6906400
2019-06-05,88.76272583007812,88.77935617290768,87.23247414322874,87.52355273052589,6481700
2019-06-06,89.30329895019531,89.55279851158822,88.43006317539499,88.86252189076696,6681600
2019-06-07,90.45930480957031,90.9666159509588,89.60269934477792,89.60269934477792,8063400
2019-06-10,90.41773986816406,90.66723313303093,89.369850389615,90.08507583663625,4767000
2019-06-11,90.96663665771484,91.1496022054428,90.54249617347904,90.60071190729802,8074400
2019-06-12,91.21610260009766,92.03112891761924,91.1329382032167,91.14956854457819,7687800
2019-06-13,92.2390365600586,92.27229724042968,91.36579459196415,91.46559566818635,8611400
2019-06-14,92.48026275634766,92.93767667846342,92.02285517927174,92.28898518531004,6438100
2019-06-17,92.30560302734375,92.48856857139826,91.68186031536099,92.44698953095613,6020000
2019-06-18,91.14960479736328,92.77965173568565,91.00822463193109,92.68816895922026,7731200
2019-06-19,91.83154296875,92.08936089316008,90.86682437349293,91.06642023026373,7028000
2019-06-20,92.92933654785156,93.16219945542016,91.89808380931703,92.13094671688563,7044200
2019-06-21,92.48026275634766,93.53647077830955,92.33056423138612,92.8295635446178,13799400
2019-06-24,93.42001342773438,93.56139356631432,92.64657232045131,92.99586666695642,5518100
2019-06-25,92.91270446777344,93.66950890324289,92.57172211302911,93.23705013226581,6805600
2019-06-26,91.25769805908203,92.6798303415764,91.19948234032626,92.63824496602052,7170300
2019-06-27,91.2992935180664,91.70680362268446,90.89178341344837,91.41572497652871,5613300
2019-06-28,91.1911849975586,93.11231050397197,90.6672370630539,93.02914607874487,12152000
2019-07-01,91.8897476196289,92.06439476639,91.15789200295812,91.41570355126679,6775900
2019-07-02,92.71311950683594,92.72974985400604,91.72344570668115,91.98957567667584,6578200
2019-07-03,94.87542724609375,95.03343775341166,93.0125110926362,93.11231221176256,6223300
2019-07-05,94.10197448730469,94.35146773698071,93.33685170290369,93.95227599948377,8694800
2019-07-08,94.85047149658203,95.00016999161585,94.22672882478084,94.25998951697629,5317800
2019-07-09,93.9023666381836,94.73402338774135,93.41168585652505,94.72570504363529,7537700
2019-07-10,94.60095977783203,95.22470236977378,94.30988117060011,94.35977854754336,5600700
2019-07-11,95.12491607666016,95.14155276825585,94.34316288770877,94.5261284250289,4625300
2019-07-12,95.6322021484375,95.81516763762822,94.86707950731002,94.86707950731002,7058600
2019-07-15,96.03972625732422,96.37238388813691,95.46588105760841,95.69874393719233,6240700
2019-07-16,96.3807144165039,96.90465596180245,96.01478336230521,96.239334271032,7644300
2019-07-17,96.42228698730469,96.71336558490846,96.24763982874242,96.24763982874242,7861700
2019-07-18,96.62820434570312,96.90442356327547,96.08412535281221,96.20131081144982,5828700
2019-07-19,96.26828002929688,97.05509580277754,96.26828002929688,96.67842915273788,6547000
2019-07-22,96.51101684570312,96.63656813006743,95.90834513624087,96.29338397592433,4018800
2019-07-23,95.29729461669922,97.1387920888383,95.28892240294492,96.85419429634396,8194600
2019-07-24,94.25100708007812,95.32242071813184,93.98315367056469,95.29731045882261,9635900
2019-07-25,94.3932876586914,94.56907221790412,93.22979899913439,93.31350836490348,7809400
2019-07-26,96.03392028808594,96.15947159530472,94.48538604700543,94.76161169514592,5559600
2019-07-29,97.09695434570312,97.27273254844175,95.94183770507968,96.03391291405644,7768700
2019-07-30,100.7883071899414,101.9183134749465,99.44066803076107,100.29444871232778,18788800
2019-07-31,98.80451202392578,101.01430403862038,97.99257965751745,100.16052337272272,12641800
2019-08-01,97.70799255371094,99.75037230242164,97.70799255371094,99.2397757687118,11308600
2019-08-02,97.46524810791016,98.00095489246115,96.8374661210649,97.5238408379039,12266100
2019-08-05,94.65279388427734,97.34807250927851,94.4435332007975,97.1722879153617,12974800
2019-08-06,95.65725708007812,96.25992896144366,94.73651121071646,95.1299223769484,9490600
2019-08-07,96.6951675415039,97.2978392926215,94.3179693966832,95.21360480844717,9507600
2019-08-08,98.30229187011719,98.34414017137023,96.54449717814401,96.69516511213804,7416600
2019-08-09,97.74986267089844,98.80453844645086,96.9714125675838,98.4529819833101,6939500
2019-08-12,97.12205505371094,98.49480445201489,96.75375425402456,97.74983702437902,4996200
2019-08-13,98.14324188232422,98.82961653812436,97.38153007401547,97.52383216516996,6722000
2019-08-14,96.92117309570312,98.72081614258207,96.81235984584677,97.48199016101714,10148300
2019-08-15,98.26043701171875,98.84636431727091,97.46524904187957,97.76658490934317,7758000
2019-08-16,99.75875091552734,100.06008680347448,98.43622189466262,98.82126077678859,8302400
2019-08-19,100.6460189819336,100.82179719398887,99.70016296864681,100.42002024818522,5867100
2019-08-20,99.52439880371094,100.66277762104392,99.43232357685824,100.48699938417886,6744300
2019-08-21,99.77548217773438,100.15215520512872,99.3402228059134,99.83407490828968,4037400
2019-08-22,99.95964813232422,100.26935626264934,99.35697630365354,99.67505664996843,4558400
2019-08-23,98.20183563232422,100.53718520642363,97.45686824396358,99.72525287871801,7336800
2019-08-26,99.87592315673828,100.11029406384992,98.11813496727281,98.561766525181,5661500
2019-08-27,100.90548706054688,101.32400835671484,100.26096068821643,100.4367388662716,6996300
2019-08-28,101.61698150634766,101.64209176468957,100.13541240288698,100.83015935228089,4600300
2019-08-29,101.43281555175781,102.11919018113673,100.71295845434481,101.94341201355371,5011500
2019-08-30,100.63763427734375,102.11919686458101,100.03496258554276,102.08571439435559,6007100
2019-09-03,101.58349609375,101.73416402557052,100.13540950535683,100.26933939414332,4959300
2019-09-04,103.13202667236328,103.19061940385676,101.66720199889747,101.9936481295224,5586900
2019-09-05,102.75537109375,103.31618821075939,102.269884759863,103.15714804266172,7491900
2019-09-06,102.8474349975586,103.27432216056371,102.57120938422908,102.95624824547835,5306900
2019-09-09,102.26151275634766,102.77210935233502,101.9350665898809,102.71351661440842,7662400
2019-09-10,100.34465789794922,101.43281575984146,100.09354896637026,101.30725810098808,9582200
2019-09-11,101.50814819335938,101.56674091697114,99.909400228451,100.32792150742873,7565500
2019-09-12,102.76373291015625,103.13203375405011,101.80113888182689,102.66329186991553,6194300
2019-09-13,102.21965026855469,102.60468911953004,101.70068152882519,101.96853492020493,6777400
2019-09-16,100.2358627319336,102.08572632165301,99.62481875465221,101.96016864017011,9626700
2019-09-17,101.41609191894531,102.1108324744384,99.97637751957973,100.13541128267566,6377100
2019-09-18,101.62535858154297,102.08572824079634,101.08964537140291,101.50816672679456,5684200
2019-09-19,102.0354995727539,102.31172517792291,101.4830483624159,101.60860603623168,4525800
2019-09-20,102.3200912475586,102.6214271109754,101.90994213918015,102.22801604561853,15362000
2019-09-23,103.140380859375,103.6007504160337,102.09407770406747,102.28659390841257,6060400
2019-09-24,103.46683502197266,104.40432502142708,103.25757437455117,103.54216578970288,7633200
2019-09-25,102.97299194335938,103.651000884774,102.91439920878074,103.42499577559276,5812600
2019-09-26,104.05278015136719,104.6303416810077,103.39988784105837,103.49196305262801,6984800
2019-09-27,104.27040100097656,104.52988217479916,103.55891603698882,104.13647749988792,5589800
2019-09-30,104.11136627197266,104.93167090852604,103.90210560190718,104.27040642478366,5206900
2019-10-01,103.667724609375,104.32898902892326,103.12364564279699,104.09461812298277,5415700
2019-10-02,101.34913635253906,103.50033593593648,100.62090687073366,103.12366287177674,6755100
2019-10-03,101.9015884399414,102.57122523279027,101.14824864451887,101.84299569952687,5171000
2019-10-04,103.79328918457031,103.843509700292,102.1108316604786,102.27824402309865,4377900
2019-10-07,102.82231903076172,103.70121639310081,102.68839552368011,103.3998805195062,4749700
2019-10-08,101.22355651855469,102.89764162999286,101.18170183631757,102.671642949845,5545300
2019-10-09,102.10247802734375,102.44566223598056,101.64210195781087,101.96017590558759,3775600
2019-10-10,102.06897735595703,102.27823800732737,101.11474929659855,101.55838085572314,3943400
2019-10-11,101.35749816894531,102.16943061526356,101.1314994483007,102.15269257104616,6292200
2019-10-14,100.48696899414062,101.80112565090134,100.09355794131757,101.80112565090134,7360200
2019-10-15,98.10140991210938,100.91387412511276,97.68288852786637,100.60417238789582,11113900
2019-10-16,98.37762451171875,98.57851296548169,97.52384379362964,98.49480997525787,7973100
2019-10-17,98.24789428710938,99.09870956145525,98.18050800524904,98.82071945791812,5956900
2019-10-18,98.95551300048828,99.19138107367215,97.86040388707983,98.18051606662047,9016700
2019-10-21,100.31175994873047,100.34545630558644,98.85442304259378,98.913390060361,6731600
2019-10-22,102.92317199707031,104.6416477261468,102.43458443718202,104.45632096709102,14410500
2019-10-23,103.61393737792969,104.22888471216542,102.63676220066165,102.76312194626335,8249300
2019-10-24,105.12177276611328,105.94731076936931,103.90030429426567,104.25411272258212,6725600
2019-10-25,103.82452392578125,105.14707541364126,103.75713121160321,105.14707541364126,6093300
2019-10-28,104.01826477050781,104.55739356995385,103.27695785107785,104.01826477050781,5459500
2019-10-29,104.11937713623047,104.92807056633251,103.6981822397029,103.7824199336236,5659800
2019-10-30,105.24813079833984,105.44187675593611,104.0350880390832,104.44785703419434,4734500
2019-10-31,104.88591003417969,105.67775173037839,103.91716090147521,105.12177804695892,6399500
2019-11-01,104.34678649902344,105.41661830357776,103.82450271124667,105.15547962315021,6010200
2019-11-04,100.3033218383789,104.38890980438408,99.94109408066336,104.38890980438408,10351400
2019-11-05,100.1601333618164,100.74137786562756,99.60415309295347,100.1011663418088,9239600
2019-11-06,101.35630798339844,101.38157864098864,99.9579447057238,100.32859172858343,6756300
2019-11-07,100.76665496826172,101.37317013402756,100.08431496302502,101.37317013402756,8909700
2019-11-08,100.83403778076172,101.58376404950565,100.37915302885301,100.96039751270212,4249900
2019-11-11,100.5223617553711,101.08676129681675,100.32018360539276,100.64872149237675,3850400
2019-11-12,100.47179412841797,100.74978420945195,99.86527907923738,100.65712084910729,4759600
2019-11-13,101.6343002319336,101.97125733645288,100.97723741292819,101.00250807105574,7262800
2019-11-14,101.50794219970703,102.07234166366727,101.17941078474973,101.60903126081786,5188300
2019-11-15,101.5416488647461,101.92072163529167,101.06148702282431,101.92072163529167,7108600
2019-11-18,102.67887878417969,103.24327833393144,101.22996748929445,101.29736020694568,7493700
2019-11-19,102.28292846679688,103.42857866644385,102.03863474792433,102.71254889839491,5989000
2019-11-20,103.01583099365234,103.09164297717331,101.87018055634458,102.2829496850013,6480000
2019-11-21,101.37315368652344,103.226414522045,101.32261237097393,102.58619667508867,7094200
2019-11-22,101.33104705810547,101.60061147649452,100.57289512297294,101.28050573807087,4414900
2019-11-25,101.51636505126953,101.86174141994307,101.10358955015438,101.45739804067053,5134300
2019-11-26,102.99055480957031,103.06636678902584,101.43213532717667,101.70169974344518,8235200
2019-11-27,102.56936645507812,103.14219167902239,101.89545215858263,103.12534028680233,3751400
2019-11-29,102.82207489013672,103.30223671613082,102.52723980872327,102.76310787385403,2927300
2019-12-02,103.37806701660156,103.42860834296597,101.89545931631822,102.72100406617017,6146200
2019-12-03,103.57178497314453,103.58021066756217,102.60304220353513,103.03265621500788,6396200
2019-12-04,104.90275573730469,104.9448777799939,103.35276225554642,103.40330356523638,6857300
2019-12-05,104.97859191894531,104.98701118737283,104.16989869225398,104.68375042399828,7029200
2019-12-06,104.61637115478516,105.67777747082361,104.36365169272483,105.07126233034002,7150900
2019-12-09,105.1891860961914,105.41662844830296,104.60793524635193,104.7174435748616,7452800
2019-12-10,104.68374633789062,105.18918520840113,104.55739304718522,105.11336680705567,4740100
2019-12-11,105.01227569580078,105.52612736599957,104.5152625604402,104.6837378857262,4823300
2019-12-12,104.93647766113281,105.93892339377504,104.35522675035061,105.11337871508327,5897800
2019-12-13,105.69464111328125,105.92208351395914,104.27942610094205,104.63322824729593,5471600
2019-12-16,105.77041625976562,106.43590469004319,105.59351524821155,105.69460429492304,8281900
2019-12-17,105.55986022949219,106.12426626096332,104.71747045783702,105.79572833724781,8832200
2019-12-18,104.46472930908203,106.03157437744717,104.19516491167094,105.55983186178612,8607600
2019-12-19,105.2313232421875,105.46719133763655,104.3720885477769,104.59111167651827,6629100
2019-12-20,105.60195922851562,106.64652051772819,105.32396912211246,106.26744777403115,16250500
2019-12-23,105.21443939208984,105.98943611270457,105.03753838587917,105.73671671702006,6619500
2019-12-24,105.4840087890625,105.55982075523798,104.94488005096511,105.12178106562942,2022100
2019-12-26,105.4840087890625,105.93047417277549,105.18917376462197,105.38291974057367,4760400
2019-12-27,106.21690368652344,106.39381116172535,105.62723352559286,105.77043821797275,5192000
2019-12-30,104.85220336914062,106.12421308652736,104.57421334132194,105.9388864013149,3884300
2019-12-31,105.21443939208984,105.29025135464248,104.4141655903697,104.81851533808067,4798900
2020-01-02,103.95928955078125,105.0712434152094,103.56336546405912,104.87749100558645,8130800
2020-01-03,103.26011657714844,104.06038410984618,102.6535950493713,102.90631449491927,7970500
2020-01-06,103.40332794189453,103.77398143879037,103.09164146251184,103.2516975501574,6674400
2020-01-07,102.76309967041016,103.79081595237241,102.66201703737927,103.512825857693,7583400
2020-01-08,103.20116424560547,103.97616122938972,102.77154369782193,102.93159979790123,5385100
2020-01-09,104.3299331665039,104.3552038219555,103.20113437685595,103.20113437685595,5944000
2020-01-10,104.43102264404297,104.7258576703914,103.86662324690148,104.37205563877329,3927100
2020-01-13,105.19758605957031,105.21443744666233,104.29622965777952,104.45628570054834,8409200
2020-01-14,105.03755950927734,105.46717357064811,104.86065846749129,105.00386315461488,7829700
2020-01-15,106.1073989868164,106.24218441503324,105.30713139427863,105.34924702040416,4843700
2020-01-16,106.20006561279297,106.79816150823632,105.79571574268822,106.23376197087863,6233700
2020-01-17,106.48646545410156,106.9834722006623,106.03999359669676,106.43591771110124,11315200
2020-01-21,106.21690368652344,106.66337558199687,105.16391666563116,106.4864745337177,8553100
2020-01-22,106.40222930908203,106.71391577767332,105.9978858963977,106.41908070031545,7396700
2020-01-23,105.91580963134766,107.23774910921668,104.78030439527735,105.33111197229734,11096500
2020-01-24,106.04293060302734,107.44113260204493,105.72939235969909,106.11072370403441,9508600
2020-01-27,106.50901794433594,107.10219151481195,105.71246503674783,105.71246503674783,9338400
2020-01-28,106.79711151123047,107.60214004250675,106.53442132513182,106.71237336717664,6200200
2020-01-29,105.97513580322266,106.83100591067584,105.94971500702898,106.69542617594101,5271000
2020-01-30,106.72931671142578,106.82253060793334,105.43280437922799,105.74634261885397,5894400
2020-01-31,105.60228729248047,107.57671123446902,105.46670109185838,106.76321342605414,6612900
2020-02-03,106.01751708984375,106.72932530400148,105.49213021860372,105.63619218441731,6052300
2020-02-04,106.48360443115234,107.91569685362947,106.229383474917,106.52597028045324,6512200
2020-02-05,107.45807647705078,107.66992506656636,106.26325379403794,106.69542672687938,6125400
2020-02-06,107.73771667480469,108.542738717773,107.28012295197541,107.53434384191583,9102700
2020-02-07,106.83949279785156,107.84788778754842,106.81407199900887,107.7801011456701,5915100
2020-02-10,106.9157485961914,107.47503199664104,106.56832025827164,107.16149374501569,5216100
2020-02-11,105.21248626708984,107.00048240904185,105.10232086322284,107.00048240904185,6105700
2020-02-12,104.61083984375,105.0514885680046,104.1024044785463,104.80574340738309,6031700
2020-02-13,105.89039611816406,106.16156204878897,104.67014619779913,104.84810469877381,7159000
2020-02-14,106.89031982421875,106.89879557771307,105.74633877650001,106.17003593973699,5889100
2020-02-18,105.81411743164062,106.92420177897196,105.78022088739554,106.62761509820841,6767600
2020-02-19,106.29713439941406,107.16994942287752,105.62769218114964,105.79716844129801,4734000
2020-02-20,107.26318359375,107.41571484277597,106.03445784740016,106.32257530227417,6094600
2020-02-21,107.36485290527344,108.52579186374484,106.75473445313831,106.88183842330898,8723900
2020-02-24,104.48372650146484,107.27164823862537,104.3481403014868,106.14461866056072,7533900
2020-02-25,102.89910888671875,105.04301582256547,102.43303935061876,104.24646296636061,8903200
2020-02-26,101.82291412353516,103.71260001352204,101.56021746347892,102.89062641178084,6894200
2020-02-27,96.17926025390625,101.6195305157617,96.11994290706755,100.94161890404881,13298900
2020-02-28,95.95045471191406,95.95045471191406,90.39154398119696,92.75577473766556,22784300
2020-03-02,101.31446838378906,101.50937193271892,95.374238529859,95.91657040717777,12399800
2020-03-03,100.1365737915039,103.24650903863717,99.26375877613289,101.4585131758033,12510900
2020-03-04,105.5006103515625,105.66161736792111,101.34837620133108,101.58564561589745,9459300
2020-03-05,103.06857299804688,104.1447674485922,101.92459191263012,102.78893777457584,9363500
2020-03-06,103.09398651123047,103.89900845451267,99.6111956618932,100.01794127730346,9817400
2020-03-09,98.34858703613281,101.71274366891886,97.55204073656931,97.67914471807538,13116500
2020-03-10,102.15339660644531,102.38219024778375,96.97581635083233,100.8060361604554,11419100
2020-03-11,94.56072998046875,100.365386300716,93.78960450366266,99.65357170317395,16456000
2020-03-12,86.29864501953125,94.55227136250583,85.58683680676565,87.28162565442437,20988000
2020-03-13,96.66227722167969,97.13681600836392,89.32384521070011,90.24750198693994,17378700
2020-03-16,91.9422836303711,98.25536872217462,85.58682623656664,86.22237197594708,17367400
2020-03-17,100.1958999633789,101.4330948623757,93.86586352428634,94.44209190540454,19451400
2020-03-18,99.5264663696289,102.95841616103928,94.98443202013097,95.77250904441229,23139200
2020-03-19,93.91673278808594,99.99254972392235,93.0354417435199,98.81467190116267,16428100
2020-03-20,86.79859924316406,92.95915301882175,86.086784662457,92.52698657653745,19922900
2020-03-23,82.79043579101562,87.91717483745953,79.9431899007578,84.90045264199142,17776800
2020-03-24,87.51042175292969,88.12902254428164,81.40918431667589,85.78174276923949,14625500
2020-03-25,85.51904296875,88.7221928289725,83.55308818090883,85.17161461981105,13789100
2020-03-26,90.99321746826172,91.78129459788482,86.88335550919568,88.02733677087906,15796000
2020-03-27,93.35742950439453,96.84869638616493,90.23901818755165,90.23901818755165,16073100
2020-03-30,97.45035552978516,98.11979787836772,93.38285984336905,96.5182229873041,14571600
2020-03-31,93.21336364746094,96.84868560552448,92.32359713569325,96.17924339988015,21691000
2020-04-01,92.6456298828125,95.06070259275371,90.67119940946688,91.47622149107858,11095800
2020-04-02,96.9419174194336,97.441876995506,91.0948949614452,91.25590196090866,9168800
2020-04-03,97.51814270019531,98.21300580396358,95.76403666598115,96.38263091690231,7768700
2020-04-06,99.83151245117188,100.83991365657116,97.09443270095227,99.14512519175484,16848400
2020-04-07,95.56066131591797,101.73816711727397,95.3318676781371,98.8993972394351,14438400
2020-04-08,97.53508758544922,99.39935901909682,94.78953172438219,96.93343837773703,12564500
2020-04-09,97.16224670410156,100.55182436329746,96.77243958400048,97.67068205995969,12747300
2020-04-13,98.25537872314453,98.93329683352812,95.89115402129846,96.27247891769782,7926700
2020-04-14,102.5008316040039,102.93300458250181,98.50960453169387,100.63656640536071,10474200
2020-04-15,102.72111511230469,104.58537956941896,101.33985857448174,102.41605271530723,14192900
2020-04-16,102.95841217041016,103.80580650926126,101.60258252126953,103.67869606541245,12020200
2020-04-17,105.66160583496094,105.91582026634597,102.14491791406721,103.76343779540164,15899800
2020-04-20,102.19577026367188,104.4244218241768,102.14492866506487,102.93300576900681,10832000
2020-04-21,101.41615295410156,101.94153976241533,100.35691004911016,101.26362171717858,9465400
2020-04-22,101.17888641357422,101.92459111215025,100.65349959053526,101.678845975492,10259400
2020-04-23,101.85365295410156,102.08397241834125,100.70204261645937,101.21386871005346,17277000
2020-04-24,101.32476043701172,102.16074803079229,101.18827651840327,101.59773478245035,12751100
2020-04-27,100.19020080566406,101.67450480134565,99.72102964141911,101.67450480134565,10635700
2020-04-28,99.7125015258789,100.58261169873575,99.0983076410909,99.89164032423848,9958000
2020-04-29,99.87458038330078,100.70203565639524,98.1684891837564,100.24991602160996,8707900
2020-04-30,100.54850769042969,100.8982530733759,98.66327731151222,98.88506452675703,10026400
2020-05-01,99.65279388427734,100.97501726246885,99.22627105366355,100.31816845871936,7366400
2020-05-04,98.75709533691406,99.97695091750519,98.10025302808286,99.88311537221188,5636000
2020-05-05,98.96183776855469,100.0281449397711,98.2793985756872,98.78269894477702,5425200
2020-05-06,96.47946166992188,99.07272122574105,96.30032286448915,98.56089513761583,7892200
2020-05-07,95.68614196777344,97.36664316736312,95.38757725145051,97.29839794413998,8762800
2020-05-08,98.91064453125,99.20921572745327,96.72684966119094,96.83774325723479,9279900
2020-05-11,98.36470031738281,98.96183622890726,98.03201300579704,98.7400425184426,6947500
2020-05-12,97.71637725830078,98.86798753050428,97.36662543414882,98.27085169839103,6734400
2020-05-13,97.17896270751953,98.39881829531835,97.01688845323692,97.48605967425364,9312600
2020-05-14,97.08511352539062,97.63106216551962,94.90131896487462,96.85479408680105,9310000
2020-05-15,97.76756286621094,97.92111134416655,95.58376807592843,97.18749156151442,10694800
2020-05-18,99.13245391845703,99.79782861645435,97.85288518900892,98.97890541059434,10020800
2020-05-19,95.91645050048828,98.64619385003802,95.83114073288486,98.17701616110533,8047600
2020-05-20,96.63300323486328,97.05099375097345,95.65199950633337,96.39415151137176,6593800
2020-05-21,95.21694946289062,96.56475652568648,95.05486872094441,96.22354350212575,6552700
2020-05-22,96.0529556274414,96.90600142610114,95.33640028051424,95.78851351248824,5571900
2020-05-26,95.56670379638672,97.3751629299913,95.26813911844351,97.3751629299913,10432400
2020-05-27,97.15335845947266,97.22160366635231,95.38755440784374,95.96762564987851,8279700
2020-05-28,99.00447845458984,99.79781118863589,98.01494886089546,98.55236529045364,6586700
2020-05-29,98.88506317138672,99.5675023842918,97.77610758569429,99.0642020004242,7868000
2020-06-01,100.01960754394531,100.23286896727994,98.32204843650379,98.95330042727211,5105600
2020-06-02,100.71057891845703,100.77882414026517,99.65280401332119,99.86606545030469,6327900
2020-06-03,101.11150360107422,101.67451687488985,100.61673554376146,100.74469369764884,6171000
2020-06-04,98.99594116210938,101.3674068092345,98.58647642422893,100.65937742301477,6895800
2020-06-05,100.9408950805664,101.36741791297827,98.99595200608378,99.16655853575976,7337800
2020-06-08,101.55508422851562,101.61479716191852,99.6698476706065,100.18168025202745,6926700
2020-06-09,100.9494400024414,102.16077002254154,100.78736572096865,101.85367300428777,5563200
2020-06-10,101.70862579345703,102.27163248327155,100.75321241567882,101.51242244947518,6678200
2020-06-11,99.17508697509766,101.99866593371696,98.9532932885282,101.35034943124867,8937500
2020-06-12,98.62914276123047,100.70204400077053,98.32204579920808,99.45659159466757,7998500
2020-06-15,99.54190063476562,100.0451944526801,97.04247657841519,97.71638343409705,8786000
2020-06-16,100.77027893066406,101.48684065126243,99.74662676777695,101.11149848770035,8165200
2020-06-17,100.59967803955078,101.60627220965225,100.18168747559146,100.99207827423818,6320800
2020-06-18,101.75127410888672,102.33134535431061,100.1219604614977,100.19873143852,6274400
2020-06-19,101.4441909790039,103.91802475936372,101.36741999154209,102.7834724399106,17506200
2020-06-22,100.44613647460938,101.5806888774425,100.09638459520957,101.32477255065129,5695600
2020-06-23,100.4290771484375,101.67452313935124,100.36083192772985,101.2309357129739,5340400
2020-06-24,99.31156921386719,100.62526024562507,99.19214334809116,99.99400831106298,6547800
2020-06-25,100.56555938720703,100.684985267322,98.9788938277111,99.79781693773766,5489300
2020-06-26,98.29644775390625,101.06031368691566,98.13436700661207,100.30962939058169,23201700
2020-06-29,100.36935424804688,100.70204153070716,99.25186002156728,99.3883504494391,6866900
2020-06-30,101.9986572265625,102.3569347993598,100.48876945079033,100.63378563384337,7818000
2020-07-01,102.34841918945312,102.69816451907673,101.42712833233152,102.06691256507345,6501200
2020-07-02,103.11614227294922,104.55779131455483,102.81757763634417,103.21851008045137,6150900
2020-07-06,103.75593566894531,104.42131671465012,103.11615145856194,103.87536153422582,6023300
2020-07-07,104.25921630859375,105.13785208388214,103.12466429411326,103.47441605379444,6866300
2020-07-08,104.83079528808594,105.1293600091695,104.07158506523507,104.19954323376312,6494100
2020-07-09,104.48104095458984,105.7606095138359,103.90949538521102,104.77107337073893,5341000
2020-07-10,105.68383026123047,106.20418865400828,104.47250694056369,104.55781020811926,6752600
2020-07-13,105.8203125,107.13399703669835,105.21464437835412,105.77765761541481,7681500
2020-07-14,106.70748138427734,107.19372367157966,105.35114187197742,105.76913243443046,6272100
2020-07-15,106.20417022705078,108.25148083427669,105.9994411187945,107.46668049577674,8145000
2020-07-16,106.42597198486328,107.07428196168463,105.70088451896848,106.69894631937267,3959300
2020-07-17,107.16810607910156,107.54344818963723,106.4856735696613,106.70746071841346,4868600
2020-07-20,106.83544921875,107.34727537338647,106.45158122982832,107.03165260727569,4242100
2020-07-21,106.6904296875,108.02971122950653,106.56247152575978,107.04870733379468,5162300
2020-07-22,107.60317993164062,107.82497362739765,105.95680153374289,107.05723122533254,5929200
2020-07-23,108.29937744140625,109.17497191057154,107.81865287369365,108.26503950447737,6664800
2020-07-24,108.12769317626953,109.68144724175005,107.57829925645459,109.01187381130633,6014200
2020-07-27,108.43670654296875,108.71140344833073,107.76713324547963,107.91306454379581,6464600
2020-07-28,109.77587890625,110.27377576003688,108.41098017933048,108.47965605911435,7644400
2020-07-29,110.1449966430664,110.94334223405977,109.3294919071453,109.50117504651018,6702000
2020-07-30,112.814697265625,113.33833929231406,111.29527481136623,112.16229617441502,10400700
2020-07-31,112.55718231201172,112.63445086047845,110.96909685945097,112.16231239133393,8487000
2020-08-03,112.70309448242188,113.24390873684308,111.99918978327585,111.99918978327585,7769400
2020-08-04,114.84918975830078,114.96936927302272,112.19664776284769,112.25674406950101,7773700
2020-08-05,114.54873657226562,115.58742804338799,114.27403307996596,114.67749564766643,5680000
2020-08-06,113.92208099365234,114.48863399293022,113.41559809482273,114.04226049029708,3974100
2020-08-07,114.64313507080078,114.72039049637104,113.69885842967503,114.07656908612533,4934900
2020-08-10,115.11531066894531,115.40717332577749,114.33413729455535,114.77193127980361,5812700
2020-08-11,114.36846923828125,115.66470515337173,113.99075845768758,115.26124255579072,5329900
2020-08-12,116.28276824951172,116.72056221162332,114.77192521430243,114.83202151619538,5920400
2020-08-13,116.55744934082031,116.63470478115653,115.82777969698012,115.95655186278978,4989500
2020-08-14,115.97374725341797,116.43729308654343,115.50160874837383,116.41154126795787,5845200
2020-08-17,116.31709289550781,116.48877602176246,115.59601590608855,115.83637490256164,5603800
2020-08-18,117.18409729003906,118.05111866137874,116.24841314935318,116.58319981889136,8670700
2020-08-19,116.54887390136719,117.02101232891006,116.31709447355831,116.35142585984184,6827700
2020-08-20,117.4759750366211,117.58756186267681,116.05098022424855,116.09390427976969,4352200
2020-08-21,117.982421875,118.54898786102166,116.66902724286446,117.26134503747072,5706600
2020-08-24,118.90097045898438,119.13274990665516,117.77643080702438,118.02538249860002,7420500
2020-08-25,119.37309265136719,119.45034809052952,118.29147720734731,119.32158902525896,4718300
2020-08-26,118.79793548583984,119.5962809089172,118.6777560037034,118.95245944777595,4746200
2020-08-27,118.64344024658203,119.91391109627239,118.61767533404874,119.18424143812334,6156100
2020-08-28,119.12413787841797,119.24431735584041,117.56179157334553,118.73784763660159,4166300
2020-08-31,118.7464370727539,119.08980329432295,118.30864317546613,118.62625758534658,5596800
2020-09-01,118.6176528930664,118.65199737089131,117.66480976000184,118.34296256336916,5671800
2020-09-02,120.61785125732422,121.41619701994308,118.12841245490306,118.55762694487821,8384800
2020-09-03,118.68633270263672,121.6393291620604,117.68197281938754,120.81524504694454,7277900
2020-09-04,118.42884063720703,119.48470437243638,116.84932172194819,118.30006846063817,7437700
2020-09-08,116.69480895996094,119.01256401666991,115.92221520866894,118.90955675593105,6847500
2020-09-09,118.59191131591797,119.80229884135854,116.97807438057876,117.1068334370803,6002900
2020-09-10,117.34719848632812,119.08122809565909,117.18409494059046,118.56616564581196,5242500
2020-09-11,118.58336639404297,119.02975308464782,117.74210974906813,118.19707601308613,4398000
2020-09-14,119.00398254394531,119.81948724179901,118.74645129762747,118.8408789846579,4767400
2020-09-15,119.00398254394531,119.9825908010864,118.79795492717439,119.14132118987595,4046500
2020-09-16,118.20561218261719,120.32593181119907,118.11977718424748,119.8108825252392,6049900
2020-09-17,118.05113983154297,118.36017474335007,116.90942788232739,117.65625679478423,4648500
2020-09-18,117.9223403930664,118.40305834510131,116.96948406007516,117.52747054614423,10192800
2020-09-21,117.35576629638672,118.00816724255483,115.63031662391433,117.60470479864394,7092600
2020-09-22,118.42884063720703,119.34735262352974,116.95234208292003,117.16694927861774,4722800
2020-09-23,117.01242065429688,118.82370583822589,116.82356528167239,118.82370583822589,6373700
2020-09-24,117.53602600097656,117.73346088392762,116.49733487457486,117.32141888081003,5708200
2020-09-25,118.13695526123047,118.45458279199526,116.6518772557243,116.6518772557243,4969900
2020-09-28,118.47175598144531,120.12853040480304,118.2743210217009,118.9438944491682,5810800
2020-09-29,117.82788848876953,118.82366866956198,117.3128392597445,118.79791686303969,4492100
2020-09-30,119.31303405761719,120.05128341409694,118.30008117380302,118.60053651950187,8727800
2020-10-01,119.5276107788086,120.17143227081871,118.64343031100123,119.81947337819355,5713400
2020-10-02,118.56616973876953,119.42459845242662,117.56180971562067,118.40306618740146,6077900
2020-10-05,119.6563491821289,119.87953587867543,118.72066525225604,119.08120365371404,6333900
2020-10-06,119.84522247314453,120.84100283520588,119.15847694418562,119.68211893642638,6042900
2020-10-07,120.78092193603516,121.37323986651684,119.63921013208613,120.24870030509018,4640900
2020-10-08,121.59645080566406,121.83680985444241,120.48908326654849,120.66076643016363,4569800
2020-10-09,122.6866455078125,123.3047153067302,121.63936129845666,121.75954080943598,6551700
2020-10-12,124.03435516357422,124.75543205574,123.03857482758463,123.03857482758463,5791500
2020-10-13,123.79402923583984,124.33483049999467,123.15020760346798,123.45924251094986,4509400
2020-10-14,123.64804077148438,124.5579860239927,122.82395671073343,123.76822024278472,3860700
2020-10-15,123.4677963256836,123.94851428179228,122.66087128568034,122.8068025867432,4997100
2020-10-16,123.94857025146484,125.21904158038082,123.54510754927736,123.97432207512891,6806100
2020-10-19,121.81959533691406,124.80692294147384,121.15002213414341,124.01717026893871,6427600
2020-10-20,122.30892181396484,125.06448380134354,121.81103157860802,124.99580793109608,7582100
2020-10-21,122.96993255615234,123.9056168574219,122.30035910216269,122.31753134673761,5649700
2020-10-22,122.09895324707031,123.22110959392202,121.7795752513843,122.13348842954674,4502900
2020-10-23,122.90174865722656,123.33334629889816,122.36655862505974,122.36655862505974,4278100
2020-10-26,121.96945190429688,122.61684813184482,120.8559230169808,122.14208826404766,5315500
2020-10-27,122.88448333740234,123.7304110427633,122.27160887950977,122.52194289224765,6806700
2020-10-28,118.8274154663086,121.65869374110189,118.52529197675618,121.23572348999033,8192200
2020-10-29,118.74977111816406,120.06181835132492,117.2219119116326,118.55986711864881,5476900
2020-10-30,118.34404754638672,119.11229062002514,116.25510391834302,118.4130915601713,6422000
2020-11-02,119.5525131225586,120.84730568345273,118.63752848693652,119.56114033129259,6682800
2020-11-03,121.90038299560547,123.14338574029243,120.26031797883218,120.26031797883218,6244200
2020-11-04,121.39977264404297,123.43691384697141,121.08039463422428,121.24440382996258,5820600
2020-11-05,122.90174865722656,123.89441796454534,122.38382621869474,122.95353826681679,5673100
2020-11-06,123.63545227050781,124.3605462924718,122.90174420901023,123.15206503674135,4702300
2020-11-09,119.11233520507812,126.82066362477111,118.7756895337952,126.15599949432978,12664700
2020-11-10,121.07174682617188,121.38249760658509,118.38720938661443,119.20725531500531,7854000
2020-11-11,122.63416290283203,123.43692821162747,121.40841398298032,122.4442588826474,5554300
2020-11-12,122.70314025878906,123.04842609481983,121.77090142977568,122.82398700857286,5631700
2020-11-13,124.54180908203125,124.71444549702782,122.47014575944404,122.75500177127977,6466800
2020-11-16,122.94486999511719,124.97338371934481,121.93493332326082,124.97338371934481,7976600
2020-11-17,122.47015380859375,123.84263117929446,122.35793420437915,122.47878101995063,6396800
2020-11-18,120.58834838867188,122.66002445505963,120.55382638132224,122.56507247070878,6097100
2020-11-19,120.44161987304688,120.95090185739716,119.50936751773915,120.73510306694573,5284100
2020-11-20,120.24308776855469,121.1494453158898,119.66474859505641,120.44161896630776,4726900
2020-11-23,119.77693939208984,120.8041436003873,119.00006912212778,120.2603396799383,4770600
2020-11-24,119.3885269165039,120.70921452888652,119.18136849656221,119.8373921119002,7101800
2020-11-25,119.70790100097656,120.32077537292975,119.15545661373295,119.25904899161891,8411300
2020-11-27,119.6474609375,119.88915448674575,118.7152087455619,119.63019334932228,4252200
2020-11-30,119.87191009521484,120.15676608437263,118.03331332347004,119.12093450554357,11640400
2020-12-01,120.30350494384766,120.45024654013574,119.25904617870523,120.12224133662062,7169700
2020-12-02,119.43167877197266,120.79552865859614,118.68070322332592,120.30350111202591,6963000
2020-12-03,118.55126190185547,119.42309775041232,116.99750743190427,119.19865850005868,8742500
2020-12-04,118.6634521484375,119.00009776930403,117.2823344790129,118.43902612496456,6617200
2020-12-07,118.84469604492188,118.89649881525943,117.87792173961383,117.92108412923909,6918000
2020-12-08,119.1640853881836,119.79421411898021,117.76570037909208,118.27499549486544,6493500
2020-12-09,117.74845123291016,119.15545034295992,117.61033685053948,118.97418674099681,6773400
2020-12-10,116.97156524658203,118.18867351937462,116.56586248898451,117.84340074203348,6800500
2020-12-11,117.83477020263672,118.08510418273192,115.8407914286363,116.06523060683381,6548000
2020-12-14,117.26506805419922,119.06050240083218,117.1960108606652,118.2750048134226,6485300
2020-12-15,117.95563507080078,118.72387837784498,117.60173500021646,117.73120902953814,5397000
2020-12-16,118.49080657958984,119.35400176347287,118.00741938402547,118.00741938402547,5382500
2020-12-17,119.33671569824219,120.08769117714753,119.07775454890239,119.12954414450812,7405300
2020-12-18,120.01862335205078,120.90772629259797,118.64614650493439,119.34533232624614,19988800
2020-12-21,118.70661163330078,119.49210928184458,117.58445520083458,119.0864196416414,6732400
2020-12-22,117.86929321289062,119.18135344922496,117.72255162685437,118.5080491554823,5023100
2020-12-23,117.68801879882812,118.73249068318546,117.50675520064244,118.59437630369302,6004200
2020-12-24,118.8792495727539,119.23316278246652,117.56718911925479,117.56718911925479,2588200
2020-12-28,119.70790100097656,120.32077537292975,119.07777220880334,119.25040861019575,3714700
2020-12-29,119.48347473144531,120.79553508748295,119.29357073894067,120.1740335067974,5139300
2020-12-30,118.9223861694336,119.91505521210665,118.73248220402134,119.63883964415962,3261400
2020-12-31,120.10498046875,120.2344544811599,118.59438885783794,119.38852686701695,4076400
2021-01-04,118.9655532836914,120.72646546684697,117.69665545133788,120.55382908360612,8330900
2021-01-05,119.72513580322266,119.91503974413901,117.62757841670512,119.11227477042772,6856400
2021-01-06,120.98543548583984,121.7450382619796,119.6388531581288,119.78559475319345,10578000
2021-01-07,119.85466003417969,120.95954884795776,119.15546085100956,120.63153045372835,7355400
2021-01-08,119.80284881591797,120.03591519388516,118.25773529611277,119.5266332175936,7448500
2021-01-11,118.99140167236328,120.3638781650916,118.7756029846523,119.7682716796002,7239900
2021-01-12,118.30088806152344,119.33671952075045,117.601702155828,118.99144675811199,6333500
2021-01-13,118.48212432861328,119.18132324437705,118.34402315819258,118.34402315819258,6078800
2021-01-14,117.2219009399414,118.81880402290881,116.77303578570772,118.62890004116811,6172800
2021-01-15,116.3414306640625,117.56716608483491,116.2378514703191,116.74713340130616,7757600
2021-01-19,115.32286071777344,117.70527424735849,115.28832554080667,117.1355623692042,9184900
2021-01-20,113.8813247680664,115.49550858349032,113.302985623766,114.39924710362816,12506600
2021-01-21,113.76933288574219,114.62037632372532,113.33513191766335,113.45670765869495,8761600
2021-01-22,112.89221954345703,114.16877108604756,112.88354029684203,113.77799297624107,7202800
2021-01-25,114.83744049072266,115.49742098321107,112.80537053217147,112.84879326539941,9640000
2021-01-26,115.57560729980469,115.90560426664238,114.13405694555338,114.84615287383231,5996700
2021-01-27,111.48541259765625,115.58426961228142,110.89489256126544,114.96769858539258,10826700
2021-01-28,113.20482635498047,114.32505852184163,110.6690954242914,111.01645074327388,8242000
2021-01-29,111.33779907226562,113.14406313067686,111.21622335197334,113.05723090233076,8344100
2021-02-01,111.99776458740234,112.59696386061243,111.32909159040985,112.023815577476,6534200
2021-02-02,111.84146118164062,113.51748353389698,111.75462895272545,112.54487776518435,6825600
2021-02-03,111.98040008544922,112.19750051727475,110.9383206628385,111.98040008544922,7309400
2021-02-04,112.04987335205078,112.42329298364665,111.65909522652672,112.35381925565768,6613700
2021-02-05,112.51881408691406,112.97906592563453,112.04986975075015,112.12802272319136,5063700
2021-02-08,112.17145538330078,112.97907592226159,111.25095162441173,112.8314359602425,7011200
2021-02-09,111.73724365234375,112.84011750678462,111.35514478934009,112.42328840657981,5917800
2021-02-10,111.34647369384766,112.162773460793,111.12068738323688,111.80672556231528,8594100
2021-02-11,111.44200134277344,112.31040311751576,111.33779737004741,111.624358295044,6139200
2021-02-12,110.825439453125,111.26832622364176,109.92230079136017,111.15542975005872,8407300
2021-02-16,111.08594512939453,111.30304555684819,110.27833127425177,111.12936786503697,8246000
2021-02-17,111.55490112304688,112.44935391750495,110.38255339206285,110.45202712619432,8845200
2021-02-18,112.48406982421875,112.76196472532976,110.79936842581826,110.99041785764253,6936400
2021-02-19,110.39122772216797,112.4059194236562,110.30438225089459,112.32776644996527,8277900
2021-02-22,109.92229461669922,110.49543632395535,109.74861029224317,110.10465818834342,6975500
2021-02-23,110.73858642578125,112.83143116370569,110.45201888827704,110.96437273217865,10145300
2021-02-24,110.86015319824219,111.36382772433863,110.20885198789013,110.59094419270595,7263000
2021-02-25,109.92229461669922,112.01514600508274,109.6704573152726,110.71253676049075,7790800
2021-02-26,107.2736587524414,110.2262257972817,105.78869267078181,109.8875496712214,17718800
2021-03-01,107.93366241455078,108.97574194271886,107.6818250930778,107.82077256370292,7740200
2021-03-02,107.59498596191406,108.428650907396,107.18683604971997,107.56893496758337,10206500
2021-03-03,106.95234680175781,107.85547865708917,106.63103581691396,107.48206569511659,7537000
2021-03-04,106.07526397705078,108.35047208349823,105.54553843500487,106.90024290298909,10228100
2021-03-05,109.40126037597656,109.70519967728005,106.42264197244275,106.60500555322483,10490900
2021-03-08,110.55624389648438,111.93699973889532,108.82812596859634,109.2102249251592,9224700
2021-03-09,109.57492065429688,111.95433932436622,109.47071007097765,110.85147214209758,8859700
2021-03-10,110.582275390625,111.5201508683906,108.95836836239447,109.54888181594545,9070900
2021-03-11,110.2088851928711,111.02517845053038,110.04388671641483,110.39992804014929,6941500
2021-03-12,111.27701568603516,111.86753585118447,110.85150062256926,110.85150062256926,6521900
2021-03-15,111.64171600341797,112.0585450926714,110.45200996185238,111.49408931036484,7172600
2021-03-16,111.97172546386719,112.87485746723478,111.59830581530723,111.59830581530723,6485200
2021-03-17,111.52014923095703,112.7532781047025,111.45936799989492,112.11934854829481,6192900
2021-03-18,111.76329803466797,112.05855143749166,110.32175463342541,111.33778967493932,6871300
2021-03-19,111.1640853881836,112.66642971487134,111.06856730637823,112.11065321418987,20262100
2021-03-22,113.04852294921875,113.66509396475581,111.16409291692689,111.16409291692689,8077600
2021-03-23,115.15005493164062,115.74924089184692,112.88352627538266,113.24825334928255,9503800
2021-03-24,115.11534118652344,115.61901582367148,113.43063956417726,113.70853450222857,8318000
2021-03-25,115.91426849365234,116.03584421555888,114.67246028066133,115.57559232185845,7517300
2021-03-26,117.62501525878906,117.76396272000066,115.04586098212032,115.68848305215455,10821200
2021-03-29,119.46602630615234,119.49207729667229,117.23422761271671,117.23422761271671,11176000
2021-03-30,117.62501525878906,118.97104063141309,117.3558128344161,118.63236447643433,8090600
2021-03-31,117.60763549804688,118.75393209877934,117.46000879960556,117.82473592235908,9202600
2021-04-01,116.6089859008789,117.65106535046739,115.78400688873633,117.27765895842482,9117800
2021-04-05,118.49342346191406,119.18814755500965,116.99977129952455,117.19951325491799,8279100
2021-04-06,118.53683471679688,118.98840732116852,117.79000870796473,118.10263385702838,6180600
2021-04-07,118.74524688720703,119.25760068266503,118.31972530665713,119.07523050507002,10244500
2021-04-08,119.19676971435547,119.51808723834097,118.61494237464333,118.88414468472992,6190300
2021-04-09,118.42393493652344,119.20550441267386,117.72053168351884,118.5455106438235,5855400
2021-04-12,118.90156555175781,119.00576952110461,117.85080685882008,118.53683840828495,6440900
2021-04-13,117.32975769042969,118.44131083927513,117.09528551427609,118.120006441006,9161200
2021-04-14,117.75529479980469,117.92028001875956,116.86952121282559,117.68582106251608,7584000
2021-04-15,119.17947387695312,119.63103329542238,117.98975433979538,118.07659982452593,7945300
2021-04-16,119.18811798095703,119.75257371298676,118.8668136335638,119.50074308274063,7708500
2021-04-19,118.63233947753906,119.04048927711592,117.5728884978829,118.91891358686472,9149400
2021-04-20,119.62230682373047,120.35176090476105,115.9576514275819,117.09525527435096,10040500
2021-04-21,118.84076690673828,120.33441875206059,118.62366650190373,119.74389876051688,8465900
2021-04-22,117.66094207763672,118.67472298370298,117.16277973398154,118.30766231047487,7338300
2021-04-23,117.05789184570312,118.0542030509087,116.45485892284844,117.92310139976796,6708300
2021-04-26,114.71570587158203,116.90060055907968,114.63705286336145,116.66464153441791,9910600
2021-04-27,114.64575958251953,115.26627538953879,113.86793779755871,114.69820824403565,8296800
2021-04-28,114.8380355834961,115.23132721397192,114.38358718449449,115.1089736703121,6262800
2021-04-29,115.8081283569336,116.2276376484728,114.7593817991576,114.7593817991576,6786800
2021-04-30,116.6034164428711,116.821905833598,115.58962246937007,116.01786647598708,9188600
2021-05-03,117.98431396484375,118.57859892301536,117.1365737532162,117.1365737532162,8070300
2021-05-04,117.58228302001953,118.70969611201113,117.29388866540987,117.96682660688369,9624000
2021-05-05,116.63838958740234,117.95806079003286,116.5597232667613,117.43368088492228,8295900
2021-05-06,118.10663604736328,118.30764257250455,117.04040664968905,117.11905963750057,9771100
2021-05-07,118.11538696289062,118.88447406578938,117.77454396693089,118.05421685363488,6299100
2021-05-10,120.31774139404297,120.9732095951451,118.58730907708305,118.76209793027002,8852700
2021-05-11,119.72347259521484,121.29658581925926,119.26901084788337,121.03440917227618,10973700
2021-05-12,118.45622253417969,119.73220666259961,118.41253531696552,119.2864930298312,8853700
2021-05-13,120.36145782470703,121.06936144163019,118.32513474429581,118.76211360269642,8753600
2021-05-14,120.61489868164062,121.56752271995853,120.31775626095329,120.31775626095329,5989500
2021-05-17,120.37018585205078,121.541299261909,120.26531519928629,120.57994049311547,7690700
2021-05-18,119.1379165649414,120.45758785237817,118.98933202503478,119.26027010592537,9239100
2021-05-19,119.38262939453125,119.58363593535317,118.49992356622336,118.91068475977454,9806800
2021-05-20,120.6061782836914,121.22669419901955,119.48751334906252,119.54868346153829,8768200
2021-05-21,120.6061782836914,121.42770076220842,120.41390649784539,120.7809671793138,10161000
2021-05-24,120.57122039794922,121.3053417277585,120.37020050829355,120.60617284128129,6981300
2021-05-25,120.98194122314453,121.02564176918813,119.51369889192725,120.64984641138882,8142400
2021-05-26,120.71105194091797,121.35778553981581,120.49256248209902,121.29660209028815,8122900
2021-05-27,117.96682739257812,120.85089097772958,117.68716781379331,120.7110545205679,33095700
2021-05-28,117.85321044921875,118.97187532636691,117.66967345014632,118.11538711141188,10477100
2021-06-01,116.1314926147461,118.85823611712061,115.78190156602183,118.67469914959851,9993900
2021-06-02,116.63838958740234,116.78696078222552,115.81686729264541,116.23636321541291,8254100
2021-06-03,118.72718048095703,118.77961581881155,116.41118415325282,116.43740182218008,11249800
2021-06-04,118.81456756591797,119.40011772774328,118.33388807918419,118.59607810245157,6894400
2021-06-07,119.22528839111328,119.59234896499066,118.57855499778607,119.17285307134995,8418000
2021-06-08,117.84443664550781,119.51369882041999,117.76578366399703,119.4525153888887,6911500
2021-06-09,117.80076599121094,119.24280436249498,117.75707876964229,118.46498245393731,6200700
2021-06-10,118.67467498779297,119.16410235636101,117.65214638258627,118.00173736013487,6515500
2021-06-11,117.86193084716797,118.74462328511817,117.02292562389536,118.63975263303495,10641400
2021-06-14,117.90563201904297,118.01050267167912,117.0753749027568,117.96680212123549,6302000
2021-06-15,117.67840576171875,118.54362873544167,117.59101798799753,118.15908519156481,5543400
2021-06-16,116.0440902709961,118.49117424361555,115.93047151444044,118.14158319865001,8936400
2021-06-17,117.10160827636719,117.25017949937941,115.93049471082458,116.07907926937426,7875600
2021-06-18,115.38864135742188,116.54227199539574,115.30998835997922,116.53352388309963,13997600
2021-06-21,116.29756164550781,116.46360241251887,115.71199823056484,115.96545344041239,8014800
2021-06-22,116.34123992919922,117.12780982788324,116.13149862464533,116.27132171583604,6550900
2021-06-23,116.1751937866211,116.55100254221423,115.64209237738822,116.19267667504175,5796000
2021-06-24,116.2538833618164,116.50732528467742,115.9742104333112,116.19269990787868,6056700
2021-06-25,117.91441345214844,118.4562631525525,116.19271510059382,116.46363995079585,24504900
2021-06-28,118.26396942138672,118.99809073266006,117.77454187833418,117.89689543021306,6065400
2021-06-29,117.45992279052734,118.70968937692943,116.95303900264315,118.43001648033623,5792300
2021-06-30,117.92311096191406,118.23773628041424,117.3637785440845,117.6172337555207,5776600
2021-07-01,118.19403839111328,118.98059494858266,117.91436553967984,118.3600791441744,5922300
2021-07-02,118.77086639404297,119.4176000033645,118.35137036030011,118.50868970766523,5572000
2021-07-06,118.84076690673828,119.12043977790184,118.29891738827949,118.43875382386126,6534400
2021-07-07,119.73220825195312,120.24784010885976,118.88446819237738,118.88446819237738,5532700
2021-07-08,119.71475219726562,120.081812923553,118.76214126460029,119.72350031121455,7585200
2021-07-09,119.7584228515625,120.30027235949129,119.5923687544782,119.94195983663889,5948700
2021-07-12,119.85457611083984,120.14298379461476,119.23406018474145,119.64482143112951,6807300
2021-07-13,119.70598602294922,120.23036597185053,119.19908896182089,119.19908896182089,5603800
2021-07-14,120.58869934082031,120.80718880138483,119.18162668136326,119.7409591669869,5903600
2021-07-15,121.61995697021484,121.70734473906391,120.34397285808521,120.6148976119289,7357100
2021-07-16,122.79979705810547,123.03576938149355,121.57626155819835,121.74231566222934,9346300
2021-07-19,122.73863220214844,123.98838542084201,121.31407675981497,122.63376153639439,9544100
2021-07-20,122.08316802978516,124.08452553749441,122.0394674723862,122.73863638415608,8136300
2021-07-21,121.65489196777344,122.52884954417344,121.47136834462864,122.31036015007344,6954700
2021-07-22,121.18881225585938,121.65492198835277,120.23021023389434,120.74028194841252,6013800
2021-07-23,122.93891906738281,123.10601754287123,120.55560526689351,120.90738164309437,7906000
2021-07-26,123.369873046875,123.84478597965919,122.43765344770426,122.7894298709878,5925800
2021-07-27,123.87116241455078,124.54833266685358,123.12362077777895,123.25553357513412,7075400
2021-07-28,122.03306579589844,123.71282661887193,121.98910381932134,123.71282661887193,8520000
2021-07-29,122.66630554199219,123.281920986226,122.0067146904395,122.91255171968572,5430500
2021-07-30,125.08479309082031,127.11633056770046,124.48677055191573,124.88252234023892,14394300
2021-08-02,124.77698516845703,125.26067431649997,123.82717287766438,124.68024465496681,7009500
2021-08-03,126.59747314453125,126.8261399039537,124.46040514150633,124.75941645215487,8455700
2021-08-04,125.26068115234375,126.72057864671862,125.19033661088302,125.79714886199191,6628000
2021-08-05,125.322265625,126.24569552927687,124.4164285680704,126.06980731403618,5363300
2021-08-06,124.36361694335938,125.86747605366598,124.1965185045685,125.78832839931418,6030100
2021-08-09,125.04084014892578,125.40141973125282,124.61870572684684,124.83856936201045,4743800
2021-08-10,125.11994934082031,125.33100975457967,124.583481756839,124.8033453007755,5253500
2021-08-11,125.42778778076172,125.97305865807425,125.29587498269163,125.53333143862757,4205000
2021-08-12,125.7179946899414,125.8938828733194,125.19033013980743,125.8938828733194,4956100
2021-08-13,126.32482147216797,126.63263586042092,125.48934252900635,125.71799582752593,4888800
2021-08-16,127.20426177978516,127.24823717602706,126.09615425928608,126.35119008643818,6040800
2021-08-17,127.41532897949219,128.04853707798534,126.54466448921256,126.99318130089266,7577000
2021-08-18,126.02584075927734,127.41538057029845,125.92029708718948,127.25707177187246,7162000
2021-08-19,127.5120849609375,127.76712080574414,125.90268196680411,125.90268196680411,5787200
2021-08-20,127.60009002685547,128.3828042394778,127.32746119383414,127.74080601145192,5273800
2021-08-23,126.94921875,127.8198698169207,126.84367512112621,126.89644022586006,4522200
2021-08-24,125.9202651977539,126.77333697594337,125.74437701470012,126.65021390586489,4560400
2021-08-25,125.47176361083984,125.87631855863899,125.10239435558486,125.82355343923254,3861500
2021-08-26,125.25190734863281,125.50695666660694,124.41642826372534,125.37503044094116,4749400
2021-08-27,125.1551742553711,125.55972925094675,124.56594132006305,125.30467991781539,4741200
2021-08-30,125.70044708251953,125.75322563399412,124.92653611326173,125.41023885618101,3845800
2021-08-31,125.22551727294922,126.22809479855843,124.92650598377325,125.79715729163323,9642400
2021-09-01,126.50072479248047,126.80853921756228,125.084802592042,125.17275340475392,6214200
2021-09-02,126.59747314453125,127.28344658397708,126.27207927232024,126.61506599204316,5392500
2021-09-03,126.6854019165039,126.96682033066726,126.21929218413301,126.43035263990342,5466400
2021-09-07,126.21051025390625,127.08117503844468,126.01702919067549,126.92287967002534,6520600
2021-09-08,127.16909790039062,127.46810914350243,125.77075535636496,125.83232359904501,6897800
2021-09-09,126.63260650634766,127.4153201545223,126.33358189986566,127.14269151810493,6354700
2021-09-10,126.75578308105469,127.04600468028053,126.04342707359619,126.69421482391093,5750000
2021-09-13,128.11891174316406,129.48206875973364,127.38897639345019,127.38897639345019,9952500
2021-09-14,127.89903259277344,128.71693207104906,127.47689828559669,128.51466133919047,5831800
2021-09-15,127.62639617919922,128.19804949205968,127.29221269014633,127.82868031821795,6237100
2021-09-16,126.73818969726562,127.68800217632943,125.60369928637353,127.38018773073448,6142100
2021-09-17,126.9404296875,128.64657316647322,126.84368917829819,126.96681224279071,18737400
2021-09-20,125.66522979736328,127.3889662040718,124.8561334168783,126.83490567702117,10238700
2021-09-21,125.85871124267578,127.10753479622336,125.65644050173572,125.74437788416657,6651300
2021-09-22,126.2896728515625,126.94926373326757,125.63887168395891,126.48315391708218,6332500
2021-09-23,126.80853271484375,127.24825991703439,126.19291731565869,126.69419934806322,5171200
2021-09-24,126.24566650390625,127.03717000021862,125.84111162439505,126.46553007726052,5009400
2021-09-27,124.58348846435547,125.91145951024323,124.46036540989837,125.89386666834751,5749700
2021-09-28,123.64250183105469,124.32847525028467,122.73666479234302,124.04705679544152,7015300
2021-09-29,124.90011596679688,125.48054566424501,123.28190969379433,123.3610707874814,5460000
2021-09-30,122.94770812988281,125.53330579924291,122.71025172244583,125.44535500555305,6934900
2021-10-01,122.75422668457031,123.32586658330885,121.64611915280038,123.06202762258069,5587200
2021-10-04,122.0594482421875,123.47537010741848,121.01290896737048,122.58712615471593,5816000
2021-10-05,122.53434753417969,123.58090011298899,121.9978799693869,122.06823791125869,6902700
2021-10-06,124.17015838623047,124.23171321093409,121.90995432798316,122.2353615536727,5332900
2021-10-07,125.16397857666016,125.7883837951799,124.66268303952232,124.66268303952232,5334600
2021-10-08,124.64505004882812,125.42776381310011,124.03822445484283,125.1375422933938,6131800
2021-10-11,125.16397857666016,125.55973044210967,124.68027588803896,125.20794056883446,5995600
2021-10-12,124.979248046875,125.79713408451516,124.61866857205398,125.41018547430065,6734800
2021-10-13,125.26948547363281,125.55090390037364,124.02945156292688,125.23429978315956,5689800
2021-10-14,126.6854019165039,126.91405521672465,125.59487369052587,125.61246653497622,6777800
2021-10-15,127.01081848144531,127.40657032630776,126.36001731429958,127.09876930004178,6923700
2021-10-18,125.18152618408203,126.37758461035145,124.97046573318092,126.24567182853825,9119000
2021-10-19,123.70405578613281,123.84477170699337,122.06827010950303,122.3145162613046,9555300
2021-10-20,124.187744140625,124.8473348472114,122.99168578923872,123.25551133634745,7352700
2021-10-21,123.29400634765625,124.9133866276326,123.16126229038626,124.64791201569228,6545500
2021-10-22,124.62136840820312,124.78064507700714,123.28516462148082,123.3471010473713,5265000
2021-10-25,124.63907623291016,124.70101266174055,123.04624195626391,124.24971524277434,5382100
2021-10-26,126.40888214111328,126.7008893650503,124.98418232518486,125.32043756876683,6234900
2021-10-27,125.50629425048828,127.14336322264789,125.38240787690538,126.66551963957157,9643500
2021-10-28,126.25843048095703,126.43542255155646,125.40008375102606,125.55936041144649,4538500
2021-10-29,126.5327377319336,126.96633311227886,125.67437766938535,125.79826399271208,6239500
2021-11-01,126.22306060791016,127.2495553721723,126.09033003606652,126.86019435796243,5038900
2021-11-02,127.47962188720703,127.9397770250418,125.90448947578128,126.29385047682602,9954300
2021-11-03,128.3556365966797,128.40872880395665,127.00173130073345,127.54152457904244,7620100
2021-11-04,128.5946044921875,128.6565409188176,125.95757369907541,126.4000268989479,6402500
2021-11-05,129.231689453125,129.52371010575723,128.1344144581879,128.7007538595544,6062700
2021-11-08,128.26715087890625,129.2848011095872,127.44419459486228,128.7538519890061,5854400
2021-11-09,128.6565399169922,129.0459008902641,127.93976789919616,128.3379730754606,4873100
2021-11-10,129.9219970703125,130.35559267458441,128.83355220047073,128.96629629568739,7334900
2021-11-11,129.55026245117188,130.05466546708897,129.3821416151299,129.95732524485567,4096300
2021-11-12,129.69187927246094,130.15203437923356,129.17863194232996,129.8511694451361,5687400
2021-11-15,130.43516540527344,130.7448879690137,129.6122091399129,130.1077544398199,5510200
2021-11-16,130.24932861328125,131.48819172935717,130.0900384968742,130.42630712949278,7603900
2021-11-17,130.1697235107422,130.77145331987276,129.56798019901288,130.05468136969128,4900200
2021-11-18,130.18743896484375,131.03695513950018,129.64764546386243,130.11664482507226,5509300
2021-11-19,129.9219970703125,131.1697051486865,129.89543744918635,130.92193237407295,6274300
2021-11-22,130.78912353515625,131.79791594330337,129.93076354284037,130.05464985603052,6625400
2021-11-23,132.24038696289062,132.29347917538826,130.674099181224,130.81568741628254,7912800
2021-11-24,131.55020141601562,131.74488192309437,130.6829833380826,131.647541669555,5665200
2021-11-26,130.4971160888672,132.48815500369383,130.35552785874518,131.47936249361888,6299800
2021-11-29,131.8687286376953,132.43506807818773,129.89537804593502,130.78028426561673,7113300
2021-11-30,127.93974304199219,131.4439641154101,127.53268023922276,130.79798635486037,11696400
2021-12-01,129.55026245117188,130.85107564710881,128.17866864142624,128.17866864142624,8313500
2021-12-02,130.31130981445312,131.37320828195794,130.0281467916918,130.09008321748962,9468800
2021-12-03,132.6297607421875,132.73594517749797,130.66526767335264,130.98383448188258,11200800
2021-12-06,134.63845825195312,134.85084057773614,132.9040498504762,132.9040498504762,11935100
2021-12-07,134.28453063964844,135.01900448685257,133.85977939759493,134.46150919862086,7913400
2021-12-08,134.88629150390625,135.08982972106637,132.9837479272648,134.21376742389475,8329300
2021-12-09,135.67384338378906,136.44370756090427,134.15180343407704,134.78007935945186,8334300
2021-12-10,137.5675048828125,137.86836970883166,135.7711331213564,136.14280555655088,7172300
2021-12-13,139.523193359375,140.10723483610357,137.0808565056924,137.42596946874104,8944000
2021-12-14,140.03643798828125,140.3727067415654,138.62944005101355,139.7267153468248,8677500
2021-12-15,140.5762481689453,141.26647416383787,139.49666115075917,139.49666115075917,9152600
2021-12-16,142.56724548339844,142.75308173574552,140.1868455270827,140.46116430225408,10852900
2021-12-17,139.3373565673828,143.1070526696618,139.20461251641441,142.16905412092095,24349400
2021-12-20,139.69131469726562,140.2222638997388,138.54979146532716,138.5763375751909,9202600
2021-12-21,139.60279846191406,139.94791134280354,138.74443836026128,139.5054582389659,6946000
2021-12-22,140.98330688476562,141.21337770864534,139.16924590011774,139.6116991401489,6626300
2021-12-23,141.67352294921875,142.39913919076164,141.0894814726059,141.14257369727974,5640900
2021-12-27,143.32827758789062,143.34597949500068,142.12480445378503,142.17789667251634,4548600
2021-12-28,144.09814453125,144.576001514204,143.3017342297922,143.31943613724212,5929400
2021-12-29,145.29275512695312,145.9918251030011,144.31050867788488,144.42555080787403,5346100
2021-12-30,144.03622436523438,145.6467470573661,143.89463609485338,145.47861267411375,5911500
2021-12-31,144.75296020507812,144.8856907362297,143.76186956555384,144.11582665035615,5327000
2022-01-03,144.1512451171875,144.18664893414208,141.47883754891183,143.08051594980947,9317300
2022-01-04,144.6556396484375,145.46975185624558,143.51410291494423,143.6114431518886,9253800
2022-01-05,145.31045532226562,146.29270175977555,144.5936699468417,144.6290737568513,9330200
2022-01-06,144.08929443359375,146.18651804353343,143.89461396740708,145.4254980855125,7556000
2022-01-07,144.0096435546875,144.70871352953375,143.31056007724388,144.3547564414643,6098500
2022-01-10,142.04513549804688,144.34588333011146,141.73541295209782,143.80609005173474,8055000
2022-01-11,140.39923095703125,141.779682567179,138.85064499646327,141.779682567179,11957900
2022-01-12,140.70895385742188,141.01867648097232,139.6647708456335,140.04527409489896,7127500
2022-01-13,140.07180786132812,141.09830237752732,139.620510523519,140.97441603954454,6551000
2022-01-14,141.41685485839844,142.01859808382105,139.4258159478651,139.87712674258125,10708000
2022-01-18,138.6913604736328,140.28419451249138,138.08077296685383,140.28419451249138,10988400
2022-01-19,143.35484313964844,145.2927904017672,138.9037648310143,139.47010441195582,14088300
2022-01-20,144.1288604736328,146.20182657740682,142.45624960051782,142.45624960051782,10799100
2022-01-21,144.6804656982422,147.10931376565628,144.21783960726364,145.0185500978469,10900400
2022-01-24,143.50608825683594,146.0149910625927,141.21070100658693,145.4011066894963,14838100
2022-01-25,141.94024658203125,143.50609985163464,140.47227271728497,142.74986266342782,9369600
2022-01-26,140.7035369873047,141.96690037372676,139.12880588225443,139.98289502812878,10707100
2022-01-27,141.57545471191406,143.55055477248092,141.08612567429543,141.21957287750786,9083000
2022-01-28,142.79432678222656,143.19468199268326,139.96513729119482,141.11282403790463,9494200
2022-01-31,142.7498321533203,142.92776628442508,141.34412943923581,141.77118764449207,8950100
2022-02-01,142.11814880371094,143.50605388410196,140.32987500162804,143.0523062863185,6284100
2022-02-02,144.6626739501953,144.87618949584984,141.8779577212392,142.47404457870007,7558800
2022-02-03,146.03273010253906,146.78006139871573,143.79072263850867,144.11100941908444,10474500
2022-02-04,143.71072387695312,146.34419574437825,143.60396609026932,145.13422438510298,8959900
2022-02-07,142.6342010498047,144.36017727983236,142.0558980788599,144.0132009274678,6430500
2022-02-08,142.3139190673828,143.47940343039403,142.03810550679833,143.3459426284003,5048700
2022-02-09,141.99363708496094,142.91890289695695,141.7000396009749,142.66979234851547,8077400
2022-02-10,139.83169555664062,141.90466183826032,139.36905586737404,141.5398879760404,7033000
2022-02-11,139.0487518310547,141.08613645919831,138.41708358689152,140.57900989721765,9341400
2022-02-14,139.44911193847656,139.7338038345316,136.44197487877756,138.91529596705521,9472200
2022-02-15,139.52027893066406,141.74448936961355,138.88859719278102,140.36547618236423,6659200
2022-02-16,140.57904052734375,141.264101381642,139.03099821243308,139.52921935173802,9315700
2022-02-17,142.18931579589844,142.68753670726585,139.991795038223,140.90816855209556,7925500
2022-02-18,142.26052856445312,143.29256571521884,141.29968136947147,141.90466023857152,8063200
2022-02-22,140.50782775878906,143.13240716925486,139.37793853024402,142.44734649233467,8179500
2022-02-23,138.75518798828125,141.10395431189187,138.43490105435677,140.837046271037,6273000
2022-02-24,135.01844787597656,138.77291569014346,133.95082972051947,138.47042636827254,13145100
2022-02-25,140.78366088867188,141.40643723828904,135.4544465762563,135.52562295557058,8888800
2022-02-28,138.69285583496094,139.8494478969815,136.85121678028008,139.04872404996624,8669200
2022-03-01,136.39749145507812,138.25692829662938,135.53449663856784,137.28717571329454,8311900
2022-03-02,136.82452392578125,137.9722241190619,135.765811156112,136.0860980035969,6111300
2022-03-03,137.3316650390625,138.66619144968743,136.80675457567114,136.80675457567114,7451200
2022-03-04,138.02561950683594,138.21245918000955,135.72134046555576,136.22845344901862,8639100
2022-03-07,135.97933959960938,137.47401622181982,134.46687906648899,137.4473267799504,8374500
2022-03-08,130.5967559814453,136.07721467686312,130.4099298756387,135.39215394605952,9517200
2022-03-09,132.35830688476562,133.87076713425597,131.5042041785994,132.4116857584944,7044100
2022-03-10,128.95083618164062,131.92237829120234,128.06115193981947,131.49533365626934,9221000
2022-03-11,127.42057800292969,130.03625184192597,127.251535825164,129.36008313086322,7086100
2022-03-14,129.04867553710938,129.9294540676357,127.53621535115887,128.51485967124384,7964600
2022-03-15,133.69285583496094,133.93306080771393,130.68571873060586,130.79247649627385,9868400
2022-03-16,133.23910522460938,135.0451631231239,131.70884726495606,134.01313973504702,6908900
2022-03-17,133.65724182128906,133.87077089770895,132.11809209166486,133.4437263203715,6003800
2022-03-18,133.58609008789062,134.22666385973204,131.88680341932988,134.22666385973204,15570300
2022-03-21,134.0932159423828,134.7159922240934,132.77648700740826,133.84410542969857,6937500
2022-03-22,135.12527465820312,136.65553295348883,133.91530329857042,136.50427465496614,7292100
2022-03-23,134.18218994140625,136.1305871157644,134.0665266405727,135.4099450193504,5531900
2022-03-24,134.41348266601562,134.8405272557786,133.5949748791771,134.2444405058691,4203100
2022-03-25,135.970458984375,136.94021165452227,134.79606914215563,134.9028404940428,5047700
2022-03-28,136.90463256835938,136.92241648105312,135.79252712723482,136.69110343648134,4234000
2022-03-29,138.310302734375,139.20887883091183,137.02915539739,138.23022084418645,5643400
2022-03-30,137.3583526611328,137.39393405838928,135.17862893442936,135.67684994904675,5779300
2022-03-31,135.94374084472656,137.31384846260235,135.5878590393997,137.10033295490902,7538600
2022-04-01,137.98114013671875,138.31033257172552,135.2853976900597,136.58434279124958,5742600
2022-04-04,137.08258056640625,137.32279916708802,134.5736639216366,136.84236196572448,5992000
2022-04-05,137.56297302246094,140.0096046856236,136.60211241295838,136.6643968260809,7653000
2022-04-06,139.52920532226562,139.93845254175633,136.95801796326865,137.38506267180443,8884700
2022-04-07,141.3352813720703,141.80681307489655,139.65377819630112,140.45448882266427,6889700
2022-04-08,142.43846130371094,142.82101903497392,141.3886267745499,142.0825794397983,6045400
2022-04-11,141.89576721191406,143.42602543757798,141.1306380990821,142.30501442604142,6158400
2022-04-12,141.46868896484375,142.90998669401887,141.19288901696893,141.73559695732095,7221500
2022-04-13,141.8690643310547,142.71426170023778,141.20180110661988,141.53097995317944,5247700
2022-04-14,141.0772247314453,142.61637453762177,140.97045340017374,142.33166908823492,7806500
2022-04-18,139.73382568359375,141.44201805353273,139.26229405116038,140.99717586629322,6034500
2022-04-19,141.82456970214844,142.37616959357638,139.05765113867204,139.47580382265915,7897000
2022-04-20,145.59681701660156,146.3352565474698,142.34947504728686,142.79431715680963,10196100
2022-04-21,145.4832305908203,147.532032140832,145.32218184993738,146.56579430221097,9365700
2022-04-22,144.26644897460938,146.29736652837764,143.96226252914053,146.04685843779538,9394600
2022-04-25,145.42953491210938,146.091586180053,142.96917678537986,144.66905512136233,6986800
2022-04-26,142.960205078125,146.40471152556592,142.92442406161882,145.54581696109173,7769500
2022-04-27,142.5755157470703,144.445384626607,142.35184682889604,143.33599552952975,6754900
2022-04-28,146.19895935058594,146.46736479080417,142.49500250024406,143.63123080955506,9306800
2022-04-29,143.6401824951172,145.78739865659585,143.32704054788732,145.35795815463362,10637000
2022-05-02,141.69871520996094,144.9374362691713,139.73937360946312,144.57957151682706,10351600
2022-05-03,139.7572784423828,142.24447546414177,138.68365682440592,141.55557144466198,10344000
2022-05-04,140.78619384765625,140.95618444528967,138.80895419071473,139.4173408742622,7771000
2022-05-05,138.1916046142578,140.72352464830686,137.01062622304048,139.83780450656064,8217100
2022-05-06,139.56942749023438,139.78415460097423,137.66376363096808,138.4689800574904,7304800
2022-05-09,139.22047424316406,140.2493457489627,136.6617014152794,137.74426492585877,8540800
2022-05-10,138.4868621826172,140.12412054790914,137.72639593753803,139.16682453312256,7447400
2022-05-11,136.53646850585938,139.47994575440146,136.30385772247476,137.8069064489638,7692200
2022-05-12,135.9817352294922,137.43110518236298,134.09396936357282,137.35058766312903,9600800
2022-05-13,137.44007873535156,137.53849360990043,134.57711918256817,136.50962200007245,5675500
2022-05-16,138.7821044921875,139.47995051784252,136.01755957119494,137.30589489599475,5971000
2022-05-17,138.38841247558594,140.2403974831875,136.94799789411715,138.79102740883218,6509100
2022-05-18,129.76376342773438,138.4600127196957,129.31642555737287,138.37949517943105,9670700
2022-05-19,126.77552795410156,128.31437105595415,125.79139299935046,128.30542921468347,9694100
2022-05-20,126.85607147216797,127.44656075700404,124.52096716546974,127.1781552955632,7786900
2022-05-23,129.77272033691406,130.29163391039052,127.11553226586612,127.79548092162739,7134500
2022-05-24,132.0809783935547,132.35832567719922,129.56694185256035,129.62956205289888,7207400
2022-05-25,129.91586303710938,131.64258056714496,128.38596159946906,131.61574138856074,8217800
2022-05-26,131.0520782470703,131.85729447918547,129.76374319701907,131.0520782470703,5702600
2022-05-27,133.05613708496094,133.05613708496094,131.18626862773334,131.4904550113498,6028800
2022-05-31,132.30462646484375,133.29771688463845,130.765783406213,131.7767575080467,12416700
2022-06-01,130.300537109375,132.5193284900502,129.468495460996,132.41197180036633,7036000
2022-06-02,131.7052001953125,131.74992305367815,127.60758433672201,130.59579754418772,6479800
2022-06-03,130.5242462158203,131.70522477304718,129.83534205743797,130.9447449155903,4720700
2022-06-06,130.01426696777344,132.08990729639612,129.36114393940667,131.84834105779927,4751100
2022-06-07,131.463623046875,131.67833643453392,128.32330323571276,128.53803027503673,4918600
2022-06-08,129.82640075683594,131.0073656673281,129.71904403360995,130.8910671010562,4369600
2022-06-09,127.48233795166016,131.41890534075873,127.34812841350887,130.09478920466805,4625700
2022-06-10,126.99920654296875,128.07281459902464,124.76251740465769,126.05085253259159,6630800
2022-06-13,123.59942626953125,125.6929775079799,123.13420479580131,124.80724376664908,8549500
2022-06-14,119.74337005615234,123.08946146405536,118.58028913295979,123.02682762394824,9980200
2022-06-15,118.55345153808594,120.691725544294,115.86048306258222,120.28018243857963,12178100
2022-06-16,119.27816009521484,120.84384242869238,116.84464131904785,117.22934528247382,9683300
2022-06-17,118.4192886352539,120.11916718311942,117.5872330479986,118.59822106371303,17113300
2022-06-21,122.00688934326172,122.57053925728398,119.3765412800435,120.44120727245699,9017000
2022-06-22,123.91258239746094,124.97724864709221,121.38064857020079,121.38959041245228,8374500
2022-06-23,127.31233978271484,127.47337483686819,124.27043457148957,124.40464410161688,6418300
2022-06-24,129.14645385742188,129.94271475280377,128.04599282262268,129.0122442998842,19440600
2022-06-27,128.16226196289062,129.51321701732437,127.67914321248536,128.94062525863527,5618500
2022-06-28,126.07769775390625,128.91381807903977,125.77351129291426,128.42174371468934,6077300
2022-06-29,127.22284698486328,127.81333606162853,126.28343502667565,126.6860499028018,5174600
2022-06-30,128.64540100097656,129.22694834320404,126.35503360502388,126.7665903957028,7410100
2022-07-01,130.72105407714844,130.84630811662933,128.29647716445922,129.04801505301094,5937200
2022-07-05,129.45956420898438,130.71211831370297,127.5270615228474,129.35220749919912,5760900
2022-07-06,130.66737365722656,131.95570870102569,129.7011223743772,130.1842411899688,5485200
2022-07-07,130.62265014648438,130.7926407110788,129.37010964684265,129.9874244027369,6623400
2022-07-08,129.74588012695312,131.34734370086326,129.3432787727673,130.61371669016197,4294200
2022-07-11,130.65843200683594,131.1415645252793,129.44167252007864,129.86217118730363,5482900
2022-07-12,129.50428771972656,131.44573205286903,129.1643066373179,130.49737814053512,5204400
2022-07-13,130.35427856445312,131.48157895856747,129.0212201832712,129.2001526365949,5075600
2022-07-14,129.9695587158203,130.20216951177395,128.3591395278005,128.61858950591534,4867000
2022-07-15,129.79058837890625,130.35422469135136,128.92275200469317,130.0321409478118,6264600
2022-07-18,128.2159881591797,129.8085100089995,128.0907340918344,129.67431409815435,6047500
2022-07-19,128.86907958984375,129.73691609595022,128.51121477670745,129.3432702621673,5943600
2022-07-20,126.64131927490234,129.03010121264043,125.82716129659143,128.83327151125394,8635300
2022-07-21,126.76110076904297,127.29238288150187,125.12221375601742,126.60802018106116,8310200
2022-07-22,128.78720092773438,128.92226800581716,126.67105843581903,126.7520986826687,5292700
2022-07-25,129.66064453125,130.0478459018907,128.3459323684745,128.58906679904538,5262100
2022-07-26,129.9127960205078,130.11090354711112,127.60755979126017,128.49003002958023,5375700
2022-07-27,131.1464385986328,131.6597208758898,129.2464175422731,129.5615923167597,5500000
2022-07-28,133.3256378173828,133.82090668734276,130.64219976781789,131.59671045885347,7115700
2022-07-29,125.08619689941406,128.31893015800551,124.47386082458587,127.35540598183022,18694700
2022-08-01,128.67913818359375,129.61564909318176,124.50990725241611,124.57293397770559,12590000
2022-08-02,127.82366943359375,129.4175295666207,127.66158894902763,128.86823391288212,7495000
2022-08-03,130.46206665039062,130.8132547001638,126.88714570614825,127.5625083972728,6811000
2022-08-04,130.25498962402344,131.88487701217133,129.6786804821254,130.43509739485526,6124700
2022-08-05,130.31802368164062,130.42607734658964,128.56208292475375,129.4445532491879,4580300
2022-08-08,130.81326293945312,131.8938405652549,130.32699407665385,130.5971419181768,4486800
2022-08-09,130.507080078125,131.4165772976342,130.1108788404445,131.08340276629116,3977300
2022-08-10,131.74078369140625,131.92087770471937,130.92134012949512,131.3715820329242,4641300
2022-08-11,130.80426025390625,132.63224110674707,130.50709897739588,132.20001276831886,5954300
2022-08-12,132.07394409179688,132.12797091594825,130.53412464231891,131.3895814187279,5038700
2022-08-15,133.77586364746094,133.9649712806128,132.14599025906665,132.25404391212965,6008000
2022-08-16,135.009521484375,135.61285768583895,133.59576914766748,133.59576914766748,7093000
2022-08-17,134.38818359375,134.84742530437572,134.06400893322305,134.26211643356118,4834600
2022-08-18,134.8654327392578,135.0635402306572,133.73982823825648,134.05498925436325,3829000
2022-08-19,134.8293914794922,135.639834878905,133.9199080851153,134.36114994947187,6502500
2022-08-22,134.46923828125,135.18962801990583,134.0279963030041,134.154063476747,6380700
2022-08-23,131.87582397460938,133.6677913327088,131.31752852467343,133.65877770268423,5268200
2022-08-24,131.30853271484375,132.6052176317306,130.67818316628433,132.0199087541141,5903200
2022-08-25,131.2004852294922,131.27252558140344,130.1109075400281,130.77725674969605,5097600
2022-08-26,128.1298065185547,131.94786196244138,127.88668583743731,131.47060674949174,6086600
2022-08-29,127.58952331542969,128.49000691425093,126.98620095305415,127.23833526150096,5272100
2022-08-30,126.22982788085938,128.23791689273202,125.98670711822423,128.23791689273202,5203700
2022-08-31,124.21273803710938,126.86016261750243,124.14069768400364,126.427920498868,8406900
2022-09-01,125.74356079101562,125.8516144531371,123.1501629777584,124.11368726598398,7446500
2022-09-02,123.5103530883789,127.10327441755045,122.9610574573125,126.44592513456655,7077800
2022-09-06,122.13261413574219,124.2127293781032,121.8264392213135,122.35773507089453,8217200
2022-09-07,123.97857666015625,124.0506169976926,122.48378431221752,122.49278420180103,6609400
2022-09-08,124.14068603515625,124.70799517494721,122.51981259310426,123.37526937798718,7380500
2022-09-09,126.03173065185547,127.04926809900253,123.63644021891567,124.22174924833394,6434300
2022-09-12,127.05825805664062,127.68859391093795,125.2662905120108,125.53643837536424,5818700
2022-09-13,124.42881774902344,127.35538946069791,124.14067014082443,126.77008061447876,6350200
2022-09-14,124.72599792480469,125.76156247034412,123.96959488060834,124.8610787300271,6137800
2022-09-15,123.76248931884766,125.06818801377958,123.0420995677602,124.9691342512514,5320700
2022-09-16,124.51887512207031,125.22125125348504,123.46531092494823,123.76247217136057,9321500
2022-09-19,124.25777435302734,124.68100287178169,123.5733978170194,124.44686827144488,6056000
2022-09-20,123.81651306152344,124.23974151448432,122.9430427428843,123.73547282337127,5589800
2022-09-21,122.22264862060547,124.44684445640635,122.20464883963447,124.3387908094171,6413900
2022-09-22,122.6549072265625,123.42932386174441,121.78143682152152,122.23167873173676,5061600
2022-09-23,122.08757781982422,122.91602114869487,120.6197850385183,122.17761794279188,6523600
2022-09-26,122.20466613769531,123.2042037347028,121.55631668340435,122.08759884335888,7396400
2022-09-27,118.8458480834961,123.31225377747946,118.60272735049271,122.42978350071098,7722200
2022-09-28,118.8458480834961,119.78235893011322,118.13447192718415,119.78235893011322,10455100
2022-09-29,115.89226531982422,118.74679739107603,115.49605023909402,118.74679739107603,7128500
2022-09-30,113.68608856201172,116.19843251301934,113.65006838280217,116.16241920395652,9431900
2022-10-03,115.72116088867188,116.25245673976553,114.07328085997584,114.58655631877868,8477700
2022-10-04,117.15293884277344,117.84630142229965,115.89225337580604,116.25245511220729,7211600
2022-10-05,116.34249877929688,117.14392877426219,115.34296125835886,116.34249877929688,5071100
2022-10-06,113.89318084716797,116.21642356060372,113.77611356984197,116.06334298118014,5530800
2022-10-07,111.90312194824219,113.9832442564047,111.44388014384016,113.91120390154488,6095400
2022-10-10,111.44387817382812,111.88511331678859,110.02111210615578,111.09269003777747,6923300
2022-10-11,111.86711120605469,113.19081668868783,111.29980198620824,111.38084910482053,5516200
2022-10-12,112.04719543457031,113.28986056013217,112.02918878208938,112.41639020666972,6823500
2022-10-13,113.74010467529297,114.13631973910623,110.68746519401257,111.21875419959365,6910500
2022-10-14,112.63251495361328,114.37944884772193,112.35336030490333,114.136321245448,5516800
2022-10-17,114.66758728027344,115.51404412881622,113.33487529548819,113.4699492200645,6664600
2022-10-18,115.59510040283203,117.12593384703698,114.95576460274894,116.45957089202668,7114200
2022-10-19,116.66667175292969,119.76433803282688,116.621644817641,118.53967959054873,9993700
2022-10-20,115.16397857666016,117.68509523056362,114.88284972559106,116.64218136373334,8168000
2022-10-21,116.60591125488281,116.94145035260497,114.70147641103752,114.75588666063516,6394600
2022-10-24,117.32234191894531,118.29270421225802,116.39733995301665,117.43117626149429,6946000
2022-10-25,118.67359924316406,118.9637918914651,116.50616971209534,117.53094233917955,6776000
2022-10-26,119.50792694091797,120.22436558368457,118.25643563540146,118.48315427261488,6612800
2022-10-27,119.59861755371094,120.72313311574122,119.25400080389795,119.70743806931202,6676700
2022-10-28,122.62755584716797,122.89054333104258,120.5417419872957,120.76846058428605,6996400
2022-10-31,122.12876892089844,123.03564328476148,121.75694711064149,122.60941122672148,8346300
2022-11-01,122.3192138671875,123.58883239208015,121.37605681629232,122.15596929238468,6428300
2022-11-02,120.55989837646484,123.82463827736662,120.4420002632372,122.17413388121328,7318100
2022-11-03,119.73462677001953,120.28782071143598,118.76427835082985,119.46256168053836,5204000
2022-11-04,121.92019653320312,122.42804398308412,120.17899934598032,120.90450163344111,5555400
2022-11-07,123.7883529663086,124.41409850304422,122.4824516440438,122.74545296361916,6746800
2022-11-08,124.06950378417969,124.71339079715337,123.15356547905536,124.0785813857896,5266200
2022-11-09,123.77022552490234,125.12147348574213,123.64326365083599,124.12390601964478,5690700
2022-11-10,128.03253173828125,128.44063632227608,125.33004967736854,126.47272037206395,8068700
2022-11-11,127.84209442138672,128.44063488928208,126.15530736319465,128.05067167372377,7175200
2022-11-14,127.85112762451172,130.1908648451819,127.19817705884549,127.42489562087395,8516200
2022-11-15,127.40680694580078,129.8644291583553,126.69036832217718,128.85779788251224,7732400
2022-11-16,128.5403594970703,129.60140069517016,127.85112621988215,128.3227046983052,6193700
2022-11-17,127.75138854980469,128.4950321781218,126.8354504143016,127.96904338102537,5186300
2022-11-18,129.2930908203125,129.46538533384899,128.11415132390513,128.7036141532062,5671400
2022-11-21,130.93450927734375,131.66907520935354,129.52885141547418,129.7374286193997,6377200
2022-11-22,132.05905151367188,132.2132185079223,131.3516905575554,131.88674315603734,5372900
2022-11-23,132.81173706054688,132.9749816284755,132.01369709470708,132.31295343326983,4296000
2022-11-25,133.05661010742188,133.4919059351279,132.76640366374795,133.1200841183475,2411100
2022-11-28,132.9477996826172,133.61887791829824,132.53063134768075,132.7573499598013,6628200
2022-11-29,131.93209838867188,132.45808725922166,131.07057038121195,132.1769583782638,5634200
2022-11-30,135.2694091796875,135.2694091796875,131.6147059047718,132.0862707005106,12396800
2022-12-01,135.3510284423828,136.35765976019022,134.73436038207944,135.60495221283804,6927400
2022-12-02,136.5843505859375,136.7294538074501,134.28995951726282,134.64363997107182,4938300
2022-12-05,135.20591735839844,135.73190623467136,134.46228745594837,134.86131445434899,5402500
2022-12-06,135.37820434570312,136.10370660657986,134.47132997905837,135.77723128107556,6866700
2022-12-07,136.24884033203125,136.4211348765141,135.13337464808936,135.13337464808936,6175500
2022-12-08,137.228271484375,137.2826817464725,135.1333795289643,135.54148417031192,5187100
2022-12-09,136.86550903320312,137.79958873730064,136.2306995990312,136.6659955199194,5868200
2022-12-12,138.2711639404297,138.35277932897094,136.9743261364418,137.1375707513318,6142400
2022-12-13,138.06256103515625,139.86723220094322,136.7475821096992,139.12360240261918,7680600
2022-12-14,138.606689453125,140.05769412746963,137.99908522411243,138.56134296246307,7385600
2022-12-15,137.0377960205078,137.8449137117552,135.7953824763352,137.59098997773168,7117200
2022-12-16,136.43019104003906,137.00152635726457,135.14243101397042,136.35763942532745,19966400
2022-12-19,136.3939208984375,137.28266788230266,135.34195698257145,136.23069012862973,5881800
2022-12-20,136.44834899902344,136.84736217175987,135.369166085364,135.41451257979983,5646100
2022-12-21,137.69981384277344,138.4162524109611,136.68411888188618,136.71132400849524,5024700
2022-12-22,138.01722717285156,138.21674066236463,136.82922383662765,137.05594245309194,5904900
2022-12-23,138.4071807861328,138.67924590177608,137.54565278476792,138.12605190716383,3401800
2022-12-27,139.61334228515625,139.94889529778567,138.44348013658495,138.47974903204874,4215100
2022-12-28,137.8086395263672,140.24812003177317,137.7542154387634,139.91258093281132,4197500
2022-12-29,138.37997436523438,138.96945108325414,137.97188361448622,138.57948785898796,3809100
2022-12-30,137.4458770751953,138.46157193981327,136.43018221057739,138.23485334768927,4532000
2023-01-03,137.45498657226562,137.58194845980506,135.23313278361334,136.8927149236127,6447300
2023-01-04,138.05349731445312,139.10547502545822,137.14662284037416,137.83585629687022,7313400
2023-01-05,136.3394775390625,138.28018796759565,136.14904168719062,138.03534187233183,5373800
2023-01-06,139.5861358642578,140.0758558942476,137.61821965558477,137.70891265011863,7882200
2023-01-09,137.88121032714844,140.38419311985967,137.844941431197,139.150843090384,5727000
2023-01-10,137.7451629638672,138.47972907195313,136.88363498324546,137.93561269157397,4716400
2023-01-11,136.62969970703125,138.35275552285384,135.4416964633235,138.13511452419294,8691300
2023-01-12,135.8588409423828,137.60003799261563,135.59585347574415,137.57283286978418,7801600
2023-01-13,136.8292236328125,136.98339063124183,135.50518082599854,135.67748918830372,5535800
2023-01-17,136.43019104003906,137.96281103603374,136.39390831378046,136.74758878687112,9611800
2023-01-18,132.77548217773438,135.96767005329252,132.43992924520091,135.72282393228767,10461200
2023-01-19,129.96754455566406,133.4352953792186,129.80328949029365,130.77972709193565,12683700
2023-01-20,130.4694366455078,130.63369168369059,127.8959963168681,129.8762748858851,8603300
2023-01-23,128.71731567382812,131.13560772294161,128.38879166671848,130.82533891751552,7473100
2023-01-24,129.41998291015625,129.93101711351267,127.58571823604909,128.3887799411164,6822500
2023-01-25,129.32872009277344,129.35609593032206,126.60014557844595,128.115006904446,6902600
2023-01-26,128.80853271484375,129.34695659964243,128.4343916808702,129.3378220386879,5398600
2023-01-27,128.2792510986328,129.0001712226841,127.11115524855093,128.73553353590538,6870800
2023-01-30,128.6807861328125,129.69373384369987,128.01461757914473,128.63516902234625,6369300
2023-01-31,129.93104553222656,130.01317306330668,128.45268034958076,128.88158713363126,9373400
2023-02-01,130.67018127441406,131.50061874533228,128.99106505877737,129.65723359303735,7207900
2023-02-02,129.73936462402344,130.23215752275058,128.86331002016587,129.73936462402344,6444300
2023-02-03,130.1409149169922,130.84359397231214,128.8268188900288,130.29604931953105,5993100
2023-02-06,129.0366668701172,130.16825232022452,128.6807671282936,129.59333199703457,6108100
2023-02-07,127.77735900878906,128.48002405400163,126.64577336217972,127.73172797250113,6278300
2023-02-08,126.45415496826172,127.3393303212364,126.30814120760334,126.9013029638999,7123800
2023-02-09,125.06703186035156,127.14767887693131,125.0214008269473,126.73702742556569,6547400
2023-02-10,126.17123413085938,126.20774452930529,123.95370782525035,124.97577618754221,8108900
2023-02-13,127.82299041748047,128.16975566007707,126.60927725679915,126.79178747784535,5081600
2023-02-14,127.10203552246094,127.97810393513446,126.49973935903758,127.88684187717273,5253500
2023-02-15,126.8100357055664,127.13855965524287,125.99785343062133,126.94691488266638,5530300
2023-02-16,125.14920043945312,126.11651739669523,124.61079027263209,125.37734175671365,7595700
2023-02-17,127.76820373535156,127.7955795677592,124.6472335191646,124.6472335191646,8034700
2023-02-21,127.67696380615234,128.57127354641486,126.72788847292054,126.72788847292054,6899500
2023-02-22,128.21539306640625,129.200965018585,127.64960717566285,127.74085532840064,6126300
2023-02-23,127.80476379394531,128.7994565569929,126.93782960665942,127.96901885222161,5835400
2023-02-24,127.08382415771484,127.23895857004831,126.0070039104685,126.78267597213582,5260700
2023-02-27,126.97428131103516,128.18799431506937,126.41761615767564,127.40318793368769,5820900
2023-02-28,125.53245544433594,126.47239640220583,125.2769383251852,126.34463784263046,6709900
2023-03-01,125.62371063232422,126.23512755707141,124.57425244909479,125.97961045194236,7101800
2023-03-02,127.69522094726562,128.1515034729252,125.73321165678446,125.93397708204569,5924600
2023-03-03,128.6260528564453,128.89070454311147,127.73174292399588,128.84507350148223,5259400
2023-03-06,128.07850646972656,128.79942671061616,127.70435146861203,128.42527170950163,4943100
2023-03-07,125.53245544433594,128.32490247836796,125.33169000434056,128.15151287795024,5606800
2023-03-08,125.55069732666016,125.65108003600884,124.6563875045047,125.20391816261252,5518800
2023-03-09,124.62903594970703,126.44503178450778,124.20012919207352,126.07087671088877,4467200
2023-03-10,125.1948013305664,125.9248561548707,124.42825003113381,124.97578070588384,5928000
2023-03-13,126.06172943115234,128.9636933924086,125.05790235422538,125.05790235422538,8337100
2023-03-14,127.62223052978516,127.85949243496758,125.3864349699688,126.1986173247769,9219700
2023-03-15,129.4291229248047,129.72113654559556,126.67317214452206,126.67317214452206,8823500
2023-03-16,130.3964385986328,130.60632469207602,129.22835627695986,129.5295044586686,7063400
2023-03-17,130.4329071044922,130.85269312598442,129.15532169062303,130.0405108433169,16018800
2023-03-20,132.44058227539062,132.68696483568567,130.70670016702732,130.95309665196126,8379200
2023-03-21,131.48240661621094,132.5318511135883,130.3508206612794,132.2398374661279,7753200
2023-03-22,131.4002227783203,133.00633196273756,131.25420905483645,131.44583988285333,5729100
2023-03-23,131.21771240234375,132.43142549720872,130.67018176889624,131.62837778322506,5788400
2023-03-24,133.89154052734375,133.9280370012159,131.68313485519522,131.68313485519522,6144800
2023-03-27,133.18887329101562,134.5303450992768,133.11586641220651,134.04668671122488,5917200
2023-03-28,133.5630340576172,133.9828201476333,133.05199980865075,133.73642366165342,4213800
2023-03-29,133.97369384765625,134.41172124169552,133.47178020623636,134.22009034883322,4987700
2023-03-30,134.5576934814453,134.6398209816079,133.50824940256211,134.074035192085,4117700
2023-03-31,135.6892852783203,135.6892852783203,134.66721698542167,134.82235135669123,7685900
2023-04-03,136.43760681152344,136.94865497816622,134.22920088021246,135.4520348056705,5721700
2023-04-04,137.09466552734375,138.44527204347142,136.95778631776855,136.95778631776855,6714300
2023-04-05,138.0345916748047,139.0292982140918,137.93420895706518,138.09847791547452,6094800
2023-04-06,138.9106903076172,139.58599363873336,138.18063528674807,138.59128688453652,5399700
2023-04-10,137.76083374023438,138.408747163989,136.43760320439608,138.3904919630747,4891800
2023-04-11,137.48704528808594,138.1988448691768,137.35928674595775,138.03457592950528,6311800
2023-04-12,137.86122131347656,139.08405524967094,136.82088369429877,137.16766290069137,6137900
2023-04-13,138.50001525878906,138.5912634180466,136.7205160199191,137.70607411787864,5489500
2023-04-14,137.79733276367188,138.33574284116634,137.35017084315825,138.1167361247014,4478800
2023-04-17,137.84298706054688,138.2262628036632,137.19505959086678,137.9524904372541,4296400
2023-04-18,137.98898315429688,138.3357484442912,136.97603527570243,137.77908314299805,4158400
2023-04-19,138.016357421875,138.61863983432218,137.53269900941942,137.95247117795418,3837600
2023-04-20,138.5223388671875,138.990655930747,138.0815550301455,138.0815550301455,5370900
2023-04-21,143.3157196044922,145.189001414386,141.87401576073376,142.27806050705627,14876900
2023-04-24,143.57286071777344,144.3993058300381,142.53520144487882,142.53520144487882,8109800
2023-04-25,143.6095733642578,145.03290783478005,143.05860066217892,143.71976229994644,8341800
2023-04-26,141.94749450683594,143.25144831650388,141.72710261901753,142.60865615847294,4843700
2023-04-27,143.6830596923828,143.8116181413048,142.34236671492215,142.60867536671626,4805600
2023-04-28,143.60040283203125,144.50948962073267,143.0310606081517,143.50856937313563,5754700
2023-05-01,143.77487182617188,144.5370306526566,143.06779345611452,143.27899358832772,3844600
2023-05-02,143.64630126953125,144.10544052669164,142.94841464290195,143.79322919465892,5262900
2023-05-03,143.462646484375,144.69315032638167,142.72802088020543,143.83914403313688,5775000
2023-05-04,142.8014678955078,143.80240199316893,142.41579265174605,143.3432627965264,4892600
2023-05-05,143.2789764404297,143.5360932693478,142.0484867574908,142.70045656945584,3989200
2023-05-08,142.60865783691406,143.00351087727384,142.21379078473598,142.65457456556058,4950700
2023-05-09,141.1486053466797,143.23308761482838,141.02922464863963,143.11372092860734,4472100
2023-05-10,141.44244384765625,141.70875247360922,139.98238431690007,140.90984060756898,4754900
2023-05-11,141.77301025390625,142.2321494818821,140.85473179795457,142.15868552398788,3495300
2023-05-12,143.21475219726562,143.29739391741708,141.77304791279224,142.05771206786127,5252900
2023-05-15,143.2606201171875,143.94015123425427,142.00258308778936,143.81159280797866,5414900
2023-05-16,143.01271057128906,144.09627256605958,142.26889315427678,143.1320772582162,5591500
2023-05-17,142.40664672851562,143.76569513090715,141.32307069620254,143.49020874900927,4286900
2023-05-18,140.0650177001953,141.09348513065785,139.2110254256472,140.78127380524143,6997600
2023-05-19,140.65272521972656,140.79047541068658,139.43141305467233,140.00993303070297,4754100
2023-05-22,136.97042846679688,140.12930884195157,136.66739487143187,140.03747538451307,7876200
2023-05-23,135.4920196533203,136.71333195765826,135.05124981798238,136.6306762289283,6116000
2023-05-24,134.3717041015625,136.08888053437764,134.15131220170161,135.5287300492395,5755400
2023-05-25,133.50851440429688,134.2615095216824,132.55351090195887,133.6003478616721,6510300
2023-05-26,133.51766967773438,134.07782004510042,132.9024248499415,133.45339747784172,4716400
2023-05-30,131.47911071777344,132.2688307991385,130.71695188266102,132.1035473925314,5561000
2023-05-31,130.8546905517578,132.21373885312659,130.3037178289178,131.46075774451816,19854800
2023-06-01,132.19540405273438,132.34231799156683,130.8087942876548,131.5434200290994,6091100
2023-06-02,134.5461883544922,134.69310228583254,132.59025039515416,132.70043934661436,6124400
2023-06-05,134.0135498046875,135.76746488360493,133.82070517855794,134.1145609875523,4753700
2023-06-06,132.6820831298828,134.3533429356864,131.81889898335817,134.13296503398297,4635900
2023-06-07,132.9667205810547,133.26056239497328,131.74540857749813,132.24127276865565,6194400
2023-06-08,134.47271728515625,134.66554794003363,133.0769299224467,133.46260524402058,4863700
2023-06-09,134.58290100097656,134.7849234013532,132.90244958610825,133.77481139946997,5569500
2023-06-12,133.52687072753906,134.99610781789423,132.73715071218953,134.98693007778928,5354000
2023-06-13,133.20550537109375,133.77483367870806,132.48924910931416,132.70044928603866,5321200
2023-06-14,134.454345703125,134.88593774929066,132.99428614872738,133.43505593628123,5693300
2023-06-15,136.31845092773438,136.79595970749133,134.56453549602287,135.14305547896265,5863000
2023-06-16,137.31935119628906,137.8244071386071,136.7316535575418,136.75002304957616,11244900
2023-06-20,136.05213928222656,137.99888512342554,136.00622255710414,137.5121986631258,5340700
2023-06-21,137.2275848388672,137.37451280833943,135.7858804105877,136.14400857878732,4649700
2023-06-22,137.6958770751953,138.75190590148824,137.2642850003154,138.0631969324441,6666800
2023-06-23,136.32763671875,138.22846598956153,135.86849745378453,137.97134912212633,13843300
2023-06-26,136.46534729003906,136.79592805926376,134.72980175456337,135.99703037189397,4353100
2023-06-27,137.76014709472656,137.89788326760035,136.26334862767976,136.30926535591044,5445400
2023-06-28,137.73263549804688,138.0172996701875,135.8685307464598,137.12656815694774,6733300
2023-06-29,137.17247009277344,137.46631197649484,135.07879587840978,136.34601089542758,7343000
2023-06-30,139.33958435058594,139.64261793638715,137.54893006977701,137.58566905632026,7058300
2023-07-03,140.03746032714844,140.06500755905432,138.17335623849306,139.1008124068975,3996100
2023-07-05,139.79876708984375,140.00078954322535,139.06414126043995,139.23861647125335,8279800
2023-07-06,139.5691680908203,139.7528210066571,138.43967533537656,138.84372015730904,7958300
2023-07-07,136.6398468017578,139.50487130506005,136.5939300733191,139.31204066216299,9169500
2023-07-10,136.69496154785156,138.03565455331568,136.58477259270833,136.76842552188717,5529200
2023-07-11,135.9787139892578,136.8694454650023,134.95024631079872,136.57558955011612,5150300
2023-07-12,136.685791015625,137.19083309455237,135.57466761597843,135.9327957509053,6764600
2023-07-13,136.77757263183594,137.30099807518187,136.08886379279164,136.82348935680233,5561400
2023-07-14,137.7877197265625,138.32032304620847,136.5755851345777,137.07146347196084,6128900
2023-07-17,136.8143310546875,137.8887153148237,136.79596155972763,137.42038427017155,4625300
2023-07-18,137.07142639160156,138.18253545519127,136.2541591420871,136.4929064917618,5351200
2023-07-19,138.00807189941406,138.4947724033964,136.6949403482061,137.32855476565481,6203600
2023-07-20,139.1271514892578,139.30272600358768,136.89091704907358,138.19385140268471,6445400
2023-07-21,141.31716918945312,142.00098195664717,139.25650941953802,139.67233560089602,9938400
2023-07-24,141.7699737548828,142.25972681138003,140.7350260279612,141.23401465341118,5549500
2023-07-25,142.10260009765625,142.17652693011618,140.8735929457004,141.82537800095693,5883800
2023-07-26,142.25047302246094,143.08212532505823,141.2802026026951,141.49273346222935,7013800
2023-07-27,140.5594482421875,142.8603738672929,140.38387373543864,142.45378324115975,7191600
2023-07-28,144.5329132080078,145.52165476356774,142.86035893450958,142.91580054134985,9397300
2023-07-31,144.4312744140625,145.7064737498545,143.28542943542345,144.5236723977581,7955200
2023-08-01,144.3850555419922,145.23519305701106,144.0339065748811,144.04315624250174,5718800
2023-08-02,144.69924926757812,145.75268217967604,144.12633381892448,144.12633381892448,5636000
2023-08-03,145.07809448242188,145.72493666964792,144.3480898925744,144.85631397532916,5792700
2023-08-04,143.4886932373047,145.75264779231676,143.3685603747604,145.47542570188438,4785900
2023-08-07,145.00416564941406,145.2166964865533,143.68276049228942,143.84908529524134,4107400
2023-08-08,145.1612091064453,145.6602115581359,144.64373552698657,145.33678352092542,4625500
2023-08-09,144.97645568847656,146.08533009136997,144.86557247821813,145.3645610244841,4293200
2023-08-10,144.25567626953125,146.35330614704253,143.9692185968517,145.2351821567976,4307800
2023-08-11,145.09658813476562,145.50317870464124,143.9599788325852,144.5513794523762,3862300
2023-08-14,143.95997619628906,145.56785321132458,143.6920037438345,145.19823311826258,4297600
2023-08-15,143.03590393066406,144.12630711489717,142.73097512585596,143.9599682121726,6921100
2023-08-16,141.57589721679688,143.9045290943045,141.26170463958525,143.00818559776704,6356800
2023-08-17,140.5594482421875,141.89933891459546,140.26374084132522,141.5759248075204,6419500
2023-08-18,140.9567413330078,141.28016943035723,139.6907779407147,140.1066039943781,5448200
2023-08-21,140.2452392578125,141.1785391014759,139.7739574525126,140.54093249437736,4504700
2023-08-22,140.30067443847656,140.59636766151098,139.46900816723345,139.92180471824696,4195600
2023-08-23,141.61285400390625,141.825384844921,140.8920849777673,140.8920849777673,4522500
2023-08-24,140.9567413330078,142.93423807940954,140.90129973919937,140.96599099870932,4088900
2023-08-25,141.88084411621094,142.37984679651393,140.88286695581294,141.75147566207758,3541500
2023-08-28,142.10260009765625,142.64779462443394,141.42803713909908,142.0379229318173,3614700
2023-08-29,142.18576049804688,142.34284972727806,140.48548567567263,142.25968732946768,4034600
2023-08-30,142.3428497314453,143.1098247448445,142.03792093946495,142.39830543008856,3712200
2023-08-31,142.62008666992188,143.3778261958061,142.14881893315913,142.41679138737257,5451400
2023-09-01,142.77719116210938,143.4887247270137,141.89933276650513,143.13757572873027,4126300
2023-09-05,140.86436462402344,143.09136297857341,140.82739415584126,142.12109264027424,5097000
2023-09-06,140.58714294433594,140.8736006231663,140.03269872072065,140.7257469501886,3877400
2023-09-07,141.92703247070312,142.48147669081328,140.7996728965541,140.9105702006375,4824800
2023-09-08,141.31716918945312,141.80693631872884,140.78122421799003,141.76996584476998,3384700
2023-09-11,142.9989471435547,143.32237528117375,141.45576148997895,141.68677755967775,4288500
2023-09-12,140.48550415039062,143.36858045443734,140.06044243894948,143.22074087225528,4537800
2023-09-13,141.46499633789062,141.92702847494047,140.14359119397702,140.43928442963596,4040600
2023-09-14,143.01742553710938,143.1560295322589,141.72372714860828,142.1672881332893,4606800
2023-09-15,141.81614685058594,143.52567141671503,141.59436634629992,142.33362059381798,10262400
2023-09-18,142.3521270751953,142.74946800873394,141.85312439109552,142.7217472040733,3536500
2023-09-19,141.936279296875,142.3613409703631,140.21751916905768,142.07488329907721,4704200
2023-09-20,141.81614685058594,143.026668807097,141.71449921530095,142.09336895591795,5446400
2023-09-21,140.58714294433594,142.03793067273799,140.52246577497215,141.79766492912358,5096400
2023-09-22,140.06967163085938,141.69601976165958,139.8848615864666,140.86436751184073,6327000
2023-09-25,139.21954345703125,139.79245886299404,138.6281428153622,139.7000467845662,5527000
2023-09-26,137.98130798339844,138.9423287902283,137.4915408615293,138.59117979345186,6366500
2023-09-27,136.15164184570312,138.3324343381867,135.49556403446425,138.07369744078213,5403700
2023-09-28,135.2275848388672,136.74304993487084,134.61769893313172,136.59521034265657,6237100
2023-09-29,134.78399658203125,135.62489833693417,133.82297607649923,135.41235343178298,6683300
2023-10-02,134.16490173339844,134.54377149104195,132.9728508569303,133.78603197575492,5153800
2023-10-03,134.44215393066406,135.3662184633098,133.99859280291795,134.14644651216665,4670600
2023-10-04,134.88568115234375,135.19985966328545,133.92464628344666,134.53453216946554,4727800
2023-10-05,132.88043212890625,134.99653290064333,132.7787845049302,134.61766320217805,5205700
2023-10-06,133.14842224121094,133.58273359230097,130.70889304152135,132.695639756106,7406700
2023-10-09,132.47386169433594,133.0375414944554,130.84751356453174,132.47386169433594,5062200
2023-10-10,133.78602600097656,134.19261654223087,132.80652011528323,133.04677175325077,5988900
2023-10-11,132.1411895751953,134.50679183185386,131.73459904356307,134.11868653350535,5469100
2023-10-12,132.43690490722656,133.00057060546317,130.90295475435576,131.94713784628377,5965600
2023-10-13,133.70286560058594,134.01704407803874,132.31676915289188,132.31676915289188,7078900
2023-10-16,134.9780731201172,135.89288771273286,134.41439335795636,134.78401342162508,6509800
2023-10-17,135.1536407470703,135.6711286041533,134.21110530404235,135.01503674077279,6160100
2023-10-18,138.6373748779297,139.81094056379462,137.4730588597358,138.66509568073644,10508500
2023-10-19,137.857177734375,139.7448667901463,136.86218151264208,139.12183774017666,8146000
2023-10-20,137.67120361328125,139.3729162070171,137.55031250673974,138.60110027505405,7284200
2023-10-23,137.76419067382812,139.01955689669487,137.215555025238,137.49452687355256,5981800
2023-10-24,139.39149475097656,139.54958965947935,137.6897964583237,137.73627993707575,6322000
2023-10-25,140.04244995117188,140.59108560370717,138.66619260668296,139.14974286796547,6172900
2023-10-26,139.2985382080078,140.76777679911686,139.24274667237432,140.4609091640341,7582100
2023-10-27,136.84359741210938,139.43800287914559,136.02528380170213,138.53600197379137,8131800
2023-10-30,138.79638671875,139.06606472782212,137.1969631399524,137.5317265445635,5412800
2023-10-31,139.5124053955078,139.7262776706577,138.21984950717902,138.9823716372497,6762100
2023-11-01,139.12184143066406,140.11682348969413,138.74988843813074,140.11682348969413,5896900
2023-11-02,140.8235626220703,141.01883298886614,138.47092503763866,139.05675032712412,5859200
2023-11-03,139.5496063232422,141.61396396906363,139.131141451736,141.14901561325476,6587700
2023-11-06,140.35861206054688,140.6468777711776,139.5775022273995,139.81927026458385,6480800
2023-11-07,140.0331573486328,140.6468926492132,139.59610471238005,140.340024998923,6003800
2023-11-08,139.49380493164062,140.60038432307002,139.02885656139958,140.37721818637715,4832600
2023-11-09,139.80996704101562,139.80996704101562,138.66618394505605,139.24272951679808,6581500
2023-11-10,140.795654296875,140.8235500610719,139.4101031890094,140.26560639894026,5387200
2023-11-13,141.77207946777344,142.18122216141032,140.832874571737,140.832874571737,6297500
2023-11-14,141.4558868408203,142.73914887611372,141.04673000701092,141.85574981535152,7982600
2023-11-15,140.80496215820312,141.70696312786453,139.8378757953085,141.400095502084,7672600
2023-11-16,142.11611938476562,142.17191091848116,140.7026723778801,141.33500953455183,7590500
2023-11-17,140.4794921875,142.12539902382156,140.31210341400316,142.0138159675548,8495600
2023-11-20,139.73556518554688,140.44228148907527,139.16832769551223,139.67977366014938,6856500
2023-11-21,139.12184143066406,139.4937944231974,138.39652316285608,139.34502173964233,7310400
2023-11-22,140.43299865722656,140.86074317825558,139.57749542607147,139.57749542607147,4372700
2023-11-24,140.7677764892578,141.10253989142043,140.44230694664745,140.58178578542413,2132500
2023-11-27,140.63758850097656,141.00954152248855,140.17264012953746,140.89795845385459,6021300
2023-11-28,141.6139678955078,142.0603285456107,140.55388618243526,140.55388618243526,6110400
2023-11-29,140.53529357910156,141.76274985147506,140.40510860795442,141.61396297327897,5342700
2023-11-30,142.75775146484375,142.86004067378408,139.55890440972533,140.3214123580185,9771300
2023-12-01,141.95802307128906,142.72983897758803,141.55816014169238,142.5810521112685,5685400
2023-12-04,141.40008544921875,141.83713801949156,141.02813245664908,141.13042165797032,6578300
2023-12-05,136.4716339111328,141.91153525495366,135.9322921251,141.47448267298049,11895800
2023-12-06,136.36936950683594,136.84362598876734,135.4301787817425,136.70413294562866,7610000
2023-12-07,136.2298583984375,136.78780206069095,135.7835119820928,136.294957974309,6119600
2023-12-08,134.97451782226562,135.9881161403437,134.38869247392813,135.69054234701085,6385300
2023-12-11,135.5975341796875,135.64401766017846,134.50954262990547,134.64903563866818,8471200
2023-12-12,135.7091064453125,135.97877020492513,134.9093948349191,135.63471301770667,6069200
2023-12-13,138.16404724121094,138.22913262898427,135.2534661592033,135.63472719462288,9055500
2023-12-14,134.51885986328125,138.13615745430454,134.25848992272668,138.05247015679004,10565200
2023-12-15,133.86795043945312,134.13761426999852,132.51029485944395,133.1426178767775,14550000
2023-12-18,135.92300415039062,137.15047465224393,134.044608771387,134.0632106790479,8421800
2023-12-19,135.92300415039062,136.081084892763,135.19768583169483,135.45805578255494,5233600
2023-12-20,133.82144165039062,135.83002199003317,133.75634206860593,135.36507362562136,7663800
2023-12-21,134.14688110351562,134.6397251762913,133.09610757298637,134.38866330539557,6104700
2023-12-22,135.09539794921875,135.4208674855376,134.17479506379271,134.37007962340368,4413800
2023-12-26,135.7091064453125,135.9229786814946,134.807105645598,134.91868869245903,3634900
2023-12-27,135.82069396972656,136.0531681177479,135.169769193086,135.43943296158855,4569400
2023-12-28,135.51385498046875,135.77422494605418,134.87222392631216,135.76493108624717,5023000
2023-12-29,136.26702880859375,136.65759783056254,135.51381490311564,135.7648909346399,5300900
2024-01-02,138.31285095214844,138.93588008659205,136.05319441823625,136.0996920946482,7238400
2024-01-03,137.4759063720703,138.740566282825,136.86217122660943,137.9408546600081,7697500
2024-01-04,138.22915649414062,138.8057021706143,137.41085694185767,137.67122691609762,7067400
2024-01-05,137.08538818359375,138.43373574148077,136.27638248668143,138.29425689342673,5294200
2024-01-08,138.266357421875,138.4802297128648,137.29925680426194,137.54103905321477,8255300
2024-01-09,138.8335723876953,138.92655353903956,137.6712015776662,138.15475180758543,9786800
2024-01-10,139.42868041992188,139.48447193844217,138.79634343547195,138.8800449023466,8591100
2024-01-11,139.958740234375,140.2284182098308,138.82426518178136,139.5309957195854,6659400
2024-01-12,140.04244995117188,140.69337480918813,139.3822170450497,140.36790528563114,5684700
2024-01-16,139.28921508789062,140.8793446268819,138.4430199071789,139.6239784545679,8120100
2024-01-17,139.42868041992188,140.04241550183363,138.56386931557455,138.70336230096953,6541400
2024-01-18,138.62489318847656,138.86818811819316,137.48325325593584,138.7091090166043,6526200
2024-01-19,138.09149169921875,139.07403810702957,137.8481825265585,138.72780801203746,7848100
2024-01-22,138.36285400390625,138.69037898159667,136.88433674586682,137.53001986955505,11084100
2024-01-23,144.08975219726562,146.35431218009722,143.0697670915348,143.27563747894732,19101600
2024-01-24,142.3492431640625,144.3237172608298,142.32117122305655,144.0429835720617,11592700
2024-01-25,145.62442016601562,145.66185893570295,142.293083599193,142.61124174800034,10352500
2024-01-26,146.1110382080078,146.12975759464345,145.36241980837397,145.8022325827073,8356600
2024-01-29,146.12973022460938,147.22457853904208,145.41853645274475,146.61631995633124,8987400
2024-01-30,147.3743133544922,147.77668730287252,145.81158032466664,146.2981700838187,7794700
2024-01-31,147.04681396484375,148.31946101536687,146.6350731133938,147.84222372593655,8870000
2024-02-01,148.95578002929688,149.0680820772157,146.5602124280964,146.70058641831767,7601100
2024-02-02,147.93577575683594,149.34879663894594,147.4117471960696,148.75925736873012,7937700
2024-02-05,148.04811096191406,148.78736264462262,147.4398521700399,148.0106721827809,6931900
2024-02-06,148.74990844726562,148.85284365126566,147.72990896082615,148.14164977682626,6185400
2024-02-07,148.8996124267578,149.56401493907163,148.54402978799763,148.8809073206752,7209300
2024-02-08,148.45045471191406,148.88091491178074,147.6363399158946,148.60018124045095,6121600
2024-02-09,147.30882263183594,148.1697287979339,146.87837668814115,148.09486552974604,5978000
2024-02-12,147.0187225341797,147.48660720722097,145.5027807627122,147.25266487070033,5482000
2024-02-13,146.2327117919922,148.7592867249727,145.4934458503253,147.61764672999385,6046800
2024-02-14,145.63381958007812,146.12977629909193,144.9600643620386,146.12977629909193,5727300
2024-02-15,146.92515563964844,147.30882453956437,146.12039334459215,146.260767328778,6249200
2024-02-16,147.39303588867188,148.27266142618416,146.60699300444276,146.95322311991575,6617600
2024-02-20,148.3288116455078,149.52659540943708,147.97322896099394,148.50661012711913,6622100
2024-02-21,150.09738159179688,150.09738159179688,148.9651087983647,148.9651087983647,7121000
2024-02-22,150.24713134765625,150.7430879832937,148.44110327424215,149.21779358331966,6619500
2024-02-23,150.6869659423828,151.35136858985476,149.87285102225945,150.284591899148,5486500
2024-02-26,149.92897033691406,150.81794838702007,149.7886106422106,150.68694124572767,4531900
2024-02-27,149.06808471679688,149.53596946840094,148.74992651259637,149.17101993329814,3868200
2024-02-28,149.7698974609375,149.83539389494314,148.450459161237,148.85284743390176,3802900
2024-02-29,148.73118591308594,149.8260343622517,148.01999205370115,149.65758845076837,8348100
2024-03-01,148.64697265625,148.81540429192614,147.48661347744175,147.8983542918159,4819800
2024-03-04,149.31138610839844,149.49853716139668,147.54278224195124,147.60829296379117,3841600
2024-03-05,149.0867919921875,149.71375579495347,148.58146850543335,149.21779914084445,4481600
2024-03-06,149.32073974609375,149.71376120627014,148.7031284749414,149.42366067924368,5405700
2024-03-07,150.30325317382812,150.57463425386217,149.2271242420252,149.6762894864023,4783900
2024-03-08,150.0506134033203,150.89280006428962,148.12291664559493,149.58272875195817,5080200
2024-03-11,151.17355346679688,152.17481932663384,150.49044578457477,150.97703560491223,5170900
2024-03-12,151.52914428710938,152.0812591293755,150.87410851011714,151.42622335238326,4229100
2024-03-13,151.87538146972656,152.27775547117767,150.96768397958292,151.95024473763317,5410500
2024-03-14,151.1267547607422,152.17481189639807,150.78052465957893,151.8192292417763,5848100
2024-03-15,151.01449584960938,151.1267836273898,150.00386301345466,150.3781651251963,10956900
2024-03-18,150.8553924560547,152.2683991209544,150.65887459786074,151.10803991539376,6086300
2024-03-19,151.43557739257812,151.75373559042316,150.81796610590774,151.40750545033939,6148100
2024-03-20,151.5852813720703,151.96893595179202,151.0986773145194,151.6039864783056,4870300
2024-03-21,151.46363830566406,152.02510566697254,150.77116379721136,151.67886127339213,5211500
2024-03-22,151.27647399902344,151.97830099969832,151.09867554092605,151.78178315687833,6393200
2024-03-25,149.9009246826172,151.2765070467449,149.47046441220095,150.81797483246567,7145600
2024-03-26,150.23779296875,150.78989353542366,149.854124054807,150.0599944828394,5842700
2024-03-27,152.1654815673828,152.2871361736495,150.97705028402822,150.99576967238687,6599700
2024-03-28,151.82859802246094,152.66143228792268,151.31392195308365,152.3619934794635,7191500
2024-04-01,150.26583862304688,151.66014004557897,149.53593969815267,151.388758947599,5971900
2024-04-02,150.25650024414062,150.38750738971805,149.38622727239158,149.38622727239158,6771200
2024-04-03,146.12039184570312,150.54659156246345,145.68057906810785,150.31264920326205,9601800
2024-04-04,145.46533203125,146.99064053009693,145.42790754260065,146.80348952943802,6801700
2024-04-05,146.07359313964844,146.97192366971663,144.75415500248528,145.31560801410131,5121200
2024-04-08,146.01744079589844,146.63505198407898,145.63378622024712,145.9519443673558,5476800
2024-04-09,146.59762573242188,146.68184154469668,145.6992808987038,146.23267626719098,4608100
2024-04-10,147.140380859375,147.4585390182425,145.65249670945718,145.65249670945718,7784900
2024-04-11,145.83030700683594,147.4772703698203,145.7648105705583,147.43047904178852,8209800
2024-04-12,145.3530731201172,145.95196500825082,144.80097256110676,145.25013790752973,6770500
2024-04-15,145.46533203125,146.74734565711094,145.3530442865959,146.37302937708705,5754000
2024-04-16,145.93324279785156,146.85965969321748,145.67122849428094,145.83967442012414,6103300
2024-04-17,146.8783721923828,147.02808444546767,145.7367323752015,146.2607609577684,6621900
2024-04-18,148.13758850097656,148.45781547118736,146.8849913113022,147.24287006367663,7819300
2024-04-19,148.9381103515625,148.97577649856112,144.58694464242444,145.9619817569307,12034200
2024-04-22,151.1984405517578,151.90479931067284,148.0998864525158,149.211217335174,8926300
2024-04-23,152.1026153564453,152.66770822068406,151.0854568233607,152.27213459317184,7707300
2024-04-24,153.1385955810547,153.38346146138127,150.1436267572117,151.8200505146867,7217600
2024-04-25,153.09152221679688,154.75853324918054,152.64886948858816,153.48708147736258,7094600
2024-04-26,151.90481567382812,153.81670680847324,151.15137774654985,153.04441425083354,5659800
2024-04-29,152.25331115722656,152.37573692875517,151.07604631350975,151.79181816496242,4621000
2024-04-30,153.7036895751953,153.84496997388857,152.19679925215812,152.42282489661417,8106100
2024-05-01,153.89202880859375,154.68316157275822,152.78069788057488,153.7790160012444,7543000
2024-05-02,154.30641174316406,154.91859791621303,153.17624067794915,154.02386538413415,5647500
2024-05-03,154.89036560058594,155.1258185363718,152.72419571717444,154.02388615049594,5581500
2024-05-06,154.87152099609375,155.38009299992152,153.7601756974978,155.19173353075962,5472400
2024-05-07,156.11471557617188,156.37842172506296,155.0127975173968,155.38010353698849,6433000
2024-05-08,155.46487426757812,156.68921806000503,155.3330068249833,156.32191204809556,4579400
2024-05-09,156.37840270996094,156.65153614082644,155.4460183579378,155.4460183579378,4671100
2024-05-10,157.1412811279297,157.62159990072425,156.05818909701662,156.42549506936666,4879400
2024-05-13,156.2183074951172,157.89473122955255,155.73798868499466,157.1412933401619,5725500
2024-05-14,156.11471557617188,156.40668929971523,154.41003855265896,155.89810289049146,6009800
2024-05-15,156.8210906982422,156.9811969930605,155.51197276210766,155.69091931834836,5102700
2024-05-16,158.09251403808594,158.54457963452506,156.896409143874,157.21662167589727,6793600
2024-05-17,157.8853302001953,158.22438302436956,157.16955840289754,157.91358340463418,4700800
2024-05-20,157.57452392578125,158.11136352926354,157.08477778467747,157.80056392265385,3804600
2024-05-21,158.55401611328125,158.73294827676142,157.5556835725372,157.99833625099808,5147100
2024-05-22,158.04544067382812,158.62935940892794,157.87592144269902,158.23380016538536,4536700
2024-05-23,155.86044311523438,158.32798548256764,155.70033683049752,157.55569289287556,4729800
2024-05-24,155.7097625732422,156.63273420795994,155.54022895899905,156.19950878327793,3820100
2024-05-28,153.61891174316406,155.17289534816877,152.81836602488497,154.9186165283068,6466200
2024-05-29,152.24386596679688,153.27045171188155,152.027253284839,153.18567773119625,4360400
2024-05-30,153.11976623535156,153.2327790541866,152.0837674930044,152.24387377665664,4748200
2024-05-31,154.9656982421875,155.1823252906506,152.54524952973603,152.98790219968166,10341400
2024-06-03,155.06930541992188,156.56679708737832,154.10866774151728,154.39119978169074,5828400
2024-06-04,157.29196166992188,157.39556152835058,154.83383263893694,155.2011386150195,6277000
2024-06-05,156.3878631591797,157.29199450245912,155.3801175649379,157.29199450245912,5243300
2024-06-06,158.6670379638672,158.77063783857625,155.4742964789889,156.1806553417576,6302000
2024-06-07,157.3390655517578,159.13792940778848,157.13186582117277,158.60108982284365,4558200
2024-06-10,157.61221313476562,157.96067890794825,156.4161081047523,157.07537350168207,4110600
2024-06-11,157.734619140625,157.75345939843672,156.35958210939677,157.25430034822162,3947700
2024-06-12,155.56846618652344,157.8853295371354,154.6643349064609,157.75347646000512,5474500
2024-06-13,156.72689819335938,157.2825636819005,154.8997810823802,154.8997810823802,4902200
2024-06-14,157.08477783203125,157.2166309041866,155.63439403832254,156.3313399173762,3695000
2024-06-17,157.75344848632812,158.89304688515892,155.77563830918228,156.19946504064572,6759400
2024-06-18,158.7517852783203,158.83654488626752,157.22605485164374,157.31081445959092,5112600
2024-06-20,157.91355895996094,158.95897047509513,157.15069381638568,158.57282424632814,8483600
2024-06-21,158.46925354003906,159.05318664758528,157.45209503786072,157.73464146139494,14682000
2024-06-24,158.648193359375,159.55233900216,157.73463477220434,158.9401527153127,7565200
2024-06-25,157.1412811279297,159.08141084705596,156.24654855472593,158.81770473208184,7968200
2024-06-26,157.70639038085938,158.04544321948677,156.02055350354232,156.38785954781298,5164000
2024-06-27,156.9246826171875,158.3185744735409,155.8698579655973,157.7440686820338,5007000
2024-06-28,155.3236083984375,157.5086187859547,155.00339581882466,156.34076691977396,9253100
2024-07-01,153.25161743164062,156.538545791156,152.7618712711922,155.95461270223024,7638600
2024-07-02,154.36294555664062,154.49479863148525,152.30038982248004,153.1197614753782,5449200
2024-07-03,154.2970428466797,154.6549359616766,153.49649699605254,153.71312407666062,2980500
2024-07-05,155.5967254638672,155.99228467416305,153.98622104896342,154.4665398676998,6509200
2024-07-08,156.83050537109375,156.97177139310114,155.9828661263265,156.2936657456504,5144500
2024-07-09,156.02052307128906,157.0565072749229,155.5307769841518,156.93408153131767,4393100
2024-07-10,157.09420776367188,157.2072205785711,155.90751572360082,156.2465685392058,5037100
2024-07-11,155.9075164794922,156.93410224646414,155.19174469681462,156.6233026330771,5831500
2024-07-12,156.91526794433594,157.88533296950627,156.35960241941467,156.54796190928027,4684600
2024-07-15,155.00338745117188,156.9246771960391,154.8903746340937,156.78341117469134,5752500
2024-07-16,157.2354736328125,157.34850081851158,155.031637518929,155.31418392681573,6378300
2024-07-17,159.58059692382812,160.26811552790048,157.5933734107384,157.988932650242,7982300
2024-07-18,158.63876342773438,160.97445239603465,158.4880701082554,158.9778162111091,5926300
2024-07-19,159.13809204101562,160.16135350606817,158.35168514351167,159.14756159736942,6597100
2024-07-22,159.41287231445312,159.83923371743694,158.89175750754418,159.1096729877644,6383000
2024-07-23,157.8684844970703,159.57394459909017,157.58425319451692,159.2802292815584,4863400
2024-07-24,159.17599487304688,159.4412870412482,156.88310430082768,157.58424186383905,5907000
2024-07-25,158.13375854492188,161.15620967898195,158.10533541792694,159.47918735692753,7338300
2024-07-26,160.22772216796875,160.42669855778294,158.2569696737801,158.46541562221725,5581600
2024-07-29,161.00462341308594,161.58258447225452,159.28022425025895,159.98136184153643,6797800
2024-07-30,153.20692443847656,153.8512158807493,149.73915749297177,153.29219384106884,15746300
2024-07-31,152.31625366210938,154.30595926850924,150.84767726304162,152.36363035889755,9660900
2024-08-01,156.98733520507812,157.574765827646,152.24047015065204,152.42997695810968,12532700
2024-08-02,161.14675903320312,161.40258166351694,156.47569369858996,158.64542236274573,11899000
2024-08-05,159.23284912109375,161.90473896579726,157.9158577709473,161.90473896579726,10338800
2024-08-06,159.26126098632812,161.3836127456826,159.03387596530558,159.08123820645957,7454900
2024-08-07,161.08990478515625,162.70061140582268,159.18546840340625,159.7160672103919,8385500
2024-08-08,161.89524841308594,162.5490092830414,160.12347260294035,160.52141085914388,6386900
2024-08-09,161.58258056640625,162.2647645691755,160.7393273487247,161.1846423076807,5377300
2024-08-12,158.0485076904297,160.73933671518424,157.4705466115534,160.50246765756836,7208100
2024-08-13,158.50328063964844,158.9865027345382,157.71688814834175,158.55065733917434,3770000
2024-08-14,159.93397521972656,160.56878249823416,157.11050037241282,157.7547772076724,5476600
2024-08-15,159.10018920898438,160.76774198469752,157.991643877379,160.55931053790442,9491400
2024-08-16,159.07179260253906,159.5076380540256,158.0390469236493,159.0054767805346,5640800
2024-08-19,159.57394409179688,160.3508815358793,159.3370750355288,159.34654459313717,3885300
2024-08-20,161.4594268798828,161.60154253061577,159.2802286721583,159.90556645006305,4513600
2024-08-21,161.22254943847656,162.8616791734839,160.69196509354973,161.25097256714486,4082000
2024-08-22,161.2130584716797,162.24581844566617,160.25611278065793,161.90472645901727,4097300
2024-08-23,160.28456115722656,161.17519117696006,159.41288471121996,161.11834491312018,4771300
2024-08-26,161.40257263183594,161.99000323558028,159.8392282644434,159.8392282644434,6472400
2024-08-27,160.36033630371094,162.11317294136936,160.19926709518458,161.85735033613878,4456400
2024-08-28,160.1803436279297,162.2079423653462,159.72555904442407,160.5214356798942,5644800
2024-08-29,161.099365234375,161.6394335680211,160.06661972239095,160.83407307455045,4413200
2024-08-30,162.5300750732422,162.85222799674116,160.77725262572886,161.22256763491146,7301600
2024-09-03,165.35353088378906,165.8083153578589,162.00894145058612,162.04683413286787,10101400
2024-09-04,166.6610565185547,166.7558099207636,164.51029597033826,164.51029597033826,7517500
2024-09-05,166.2536163330078,167.2768921568523,165.4956326349004,166.7463079053781,6061900
2024-09-06,166.36732482910156,167.74116228180705,166.13045580424412,166.52839403112407,5785700
2024-09-09,166.8126220703125,167.55165219294358,165.48616145465067,166.31993050277964,6450200
2024-09-10,168.45181274414062,168.593942870066,166.67056704941106,166.67056704941106,6396300
2024-09-11,164.78506469726562,167.70329322958784,164.51030295094392,167.32430851934961,6828200
2024-09-12,164.35867309570312,165.43879522456703,163.38277391161282,164.7660808615125,4838900
2024-09-13,164.93666076660156,165.37249172813492,163.7238923714849,164.2639462946614,3918000
2024-09-16,167.93067932128906,167.9969951344826,165.16405067690653,165.53356579995292,6892300
2024-09-17,166.64212036132812,167.67486595997195,166.14942868430904,167.35272751848777,4757100
2024-09-18,164.78506469726562,166.66106359042277,163.50598045720665,165.85571746683155,5102900
2024-09-19,162.5300750732422,164.0649964812646,161.4310135735646,163.79970427885888,8692000
2024-09-20,165.06930541992188,165.3724902873898,162.49216898841638,162.5016385458143,28647500
2024-09-23,164.64295959472656,165.98837419682138,163.52493005040833,164.87034465250315,10265000
2024-09-24,164.14076232910156,165.33457699271685,163.55331732484265,163.79967035987752,5422400
2024-09-25,163.21224975585938,165.50514049168805,163.02275740181418,164.92719387191917,8916500
2024-09-26,164.1123504638672,165.43881129223413,162.35951380171065,162.49215988454733,4957200
2024-09-27,164.4344940185547,165.2872167980758,163.51544096687522,163.92284878497065,4599500
2024-09-30,164.1028594970703,164.86084327716858,163.63860545548042,164.6050206792011,6296600
2024-10-01,163.95127868652344,164.86086221861427,163.15540213178133,164.1407854963247,7130600
2024-10-02,162.8900909423828,163.3922521236212,162.09421448049608,162.97536032244108,6212700
2024-10-03,161.18466186523438,162.36900722800465,160.8530538380632,162.36900722800465,4794300
2024-10-04,160.00978088378906,161.15621895816415,159.42233582494669,159.98135775515755,6002800
2024-10-07,158.34222412109375,160.6730220256378,158.10535506181384,160.27508374092835,6325300
2024-10-08,159.32760620117188,159.73501404027922,157.53687670595,158.08641465386728,7473000
2024-10-09,160.37928771972656,160.89091846597512,159.17598899297494,159.53603454680731,8758800
2024-10-10,160.07611083984375,160.87198742651475,159.5265728755213,159.9339951841312,6932300
2024-10-11,162.1036834716797,162.40688276505819,160.0950387537304,160.55930725021443,7036500
2024-10-14,163.44912719726562,163.76179610328225,161.7721045977318,162.03739679847186,5909000
2024-10-15,164.4534454345703,165.72306003004698,163.74283830850425,163.80915412245415,7172200
2024-10-16,163.325927734375,163.5248896107263,161.9141832013256,162.8521897047079,6117000
2024-10-17,163.231201171875,164.55766209000626,162.73850949199496,163.13644776743433,7045600
2024-10-18,163.2378692626953,164.12421042756347,160.55028460961736,162.30388738746097,8372500
2024-10-21,161.57955932617188,163.4284725737092,160.54074173198765,162.9519491405229,5522500
2024-10-22,161.73204040527344,162.7136774541028,160.6551074010505,160.6551074010505,7511400
2024-10-23,161.61767578125,162.17996989505906,160.8075801958818,161.58908554104548,4837800
2024-10-24,161.65579223632812,161.97983919784832,160.99818762294828,161.46518578635977,5861200
2024-10-25,160.32154846191406,161.4461368080214,160.14999246027142,160.98867837421005,4877900
2024-10-28,161.350830078125,161.69392751617465,160.47402874585154,161.33176506980547,5753800
2024-10-29,159.3208465576172,160.93149812547313,158.99681410578646,160.93149812547313,5681000
2024-10-30,158.3582763671875,159.46381426116116,158.16766989568828,159.24460300371254,5518100
2024-10-31,157.42428588867188,159.19695377110617,157.3385151546046,157.9770548565645,6056500
2024-11-01,157.34803771972656,158.5393462592692,157.24320198655317,157.548169410659,5454800
2024-11-04,157.32896423339844,158.4630922287038,156.85244084325936,157.93891359108287,5130200
2024-11-05,157.97703552246094,158.5107539568029,156.61418555126698,156.61418555126698,4397400
2024-11-06,153.48818969726562,158.24388391128628,152.30640643272727,157.8340807685472,11473700
2024-11-07,155.7373809814453,156.25201985449607,153.89799309657076,154.35546603077154,9056700
2024-11-08,159.83547973632812,159.87359520838925,156.2329495771211,156.31873483835287,7506200
2024-11-11,158.234375,160.60746700659053,157.99611327596912,159.15883165262713,6364400
2024-11-12,158.05328369140625,159.21600199397292,157.7959715163354,158.33920065049227,6507500
2024-11-13,158.75856018066406,158.96823166975577,157.90080921374104,158.262971702598,5412300
2024-11-14,159.2350616455078,160.14997843299443,158.69181798728627,158.88243898182444,7444300
2024-11-15,161.57955932617188,162.5612109774894,159.04446571380012,160.05469306538046,9939400
2024-11-18,162.73275756835938,163.3998874874041,160.90290927226175,161.16976123987962,6681000
2024-11-19,162.74227905273438,163.13303176143734,161.6939362161997,162.6755733335375,5683700
2024-11-20,162.8661651611328,163.03772114513862,161.5509559390013,162.02747933341536,7081100
2024-11-21,164.6388702392578,165.36318072836642,162.22766247815716,163.60005249317825,6240400
2024-11-22,168.00308227539062,169.070489996765,165.71577586034851,165.97308801596157,10609800
2024-11-25,169.06100463867188,170.42386939368376,168.5940063792558,169.14677537743924,19357000
2024-11-26,170.89083862304688,171.03380438454846,168.87990906692835,168.87990906692835,6276700
2024-11-27,170.9384765625,171.95822908801352,170.33805241816216,171.54842593970312,5522900
2024-11-29,170.84320068359375,171.19583796382955,169.90921869162935,170.30949668818553,3823700
2024-12-02,171.2625274658203,171.70093544470765,169.65187585505817,170.7097585108501,5728200
2024-12-03,167.1834716796875,171.1862654214533,166.97380021557373,170.37618434859593,8127300
2024-12-04,166.88804626464844,166.92616174270876,165.31552466809154,165.992179835641,6823500
2024-12-05,167.76483154296875,168.17464923998398,166.25901581347588,166.64976850212426,5022200
2024-12-06,165.6586151123047,168.44151024759068,165.59189485060222,167.1358261375306,5741200
2024-12-09,162.7708740234375,165.6014244862776,162.42777655696167,165.48706351156622,7164300
2024-12-10,164.19088745117188,164.8103620010779,161.95122184642454,162.41821997359324,6219900
2024-12-11,162.61837768554688,165.24878157864254,162.39916645436733,164.8866191465545,5237500
2024-12-12,162.8280487060547,163.75250524902893,162.037018131018,163.3808030429817,4072800
2024-12-13,163.02821350097656,163.72393372208364,162.1323470161397,162.75183627637549,3884500
2024-12-16,163.10443115234375,164.6674273454767,163.06631567841674,163.3998733378841,5943600
2024-12-17,162.3324737548828,163.87640501782448,162.03703155442767,162.65650619781164,6069200
2024-12-18,161.1411590576172,162.55166428800075,161.08397857484144,161.78922391886297,7517100
2024-12-19,161.24600219726562,162.11327833877894,159.49239944733233,161.0744461987172,8585200
2024-12-20,160.16905212402344,161.8940646047935,159.63534821199966,160.9410177497965,21999300
2024-12-23,160.2167205810547,160.7599497711612,158.54888844733938,160.1690653259087,6983900
2024-12-24,161.0077362060547,161.2364581415932,159.55910093083415,159.7497073912298,2460800
2024-12-26,162.1704559326172,162.30388191029087,160.1785915007954,160.40731343832692,3629400
2024-12-27,161.57003784179688,162.74228144278015,161.3127111100498,161.46520210236966,4367900
2024-12-30,159.2445831298828,161.04584096408414,158.88243524193308,160.7503987887805,4354500
2024-12-31,159.7783203125,160.18813807574497,158.76809284090203,159.50194308704772,3957600
2025-01-02,158.18670654296875,160.7885348226987,158.1200008278256,160.19763590763188,5401700
2025-01-03,157.3766326904297,158.68230223545459,156.5379467998403,158.44404052038632,5256600
2025-01-06,153.059326171875,155.8231561521326,152.9068351894543,155.16555151499134,8731700
2025-01-07,153.72645568847656,154.97494470170093,153.19275179357214,153.87894667054653,8447400
2025-01-08,154.48890686035156,154.77480929380116,153.03074628039263,153.43102422956358,4974800
2025-01-10,151.11509704589844,153.6406797706565,150.07627953255212,152.6304379553493,8501500
2025-01-13,151.3819580078125,152.57326656908464,150.9721548430585,151.86802120790966,6772200
2025-01-14,152.23971557617188,152.55422279522622,150.8768509602697,151.39150442502827,5982200
2025-01-15,152.15390014648438,153.58347019938213,151.85845799565968,153.04976637307448,8059200
2025-01-16,152.96401977539062,153.04026526864618,151.66787547472794,152.1253338919204,5774400
2025-01-17,153.56443786621094,154.15532223762233,152.1062774034865,152.23970337581616,7262700
2025-01-21,154.126708984375,154.72713304138117,153.40239874877855,153.40239874877855,13914700
2025-01-22,157.0049285888672,160.24528175822692,156.71901165219674,159.25411952575413,14356700
2025-01-23,158.34872436523438,158.66323156297918,155.651614644194,156.185318540122,7614300
2025-01-24,157.36781311035156,159.0841775908773,156.48566526597054,159.0841775908773,6199800
2025-01-27,162.67990112304688,162.94838027398046,159.2759512646192,159.860855407228,9170800
2025-01-28,159.35264587402344,162.61275788678628,159.2759354626506,161.9607413366397,6716300
2025-01-29,159.39100646972656,160.40739389715955,159.05541485311127,159.8608522902073,4850300
2025-01-30,160.52247619628906,160.70466161956537,159.10335533656666,160.5895886711179,4136500
2025-01-31,159.160888671875,159.7649594297241,158.41298039566868,159.1704719873591,5464700
2025-02-03,161.81689453125,162.41139652747765,158.43212646560642,158.66225768650236,8668600
2025-02-04,161.2128448486328,162.32510931695919,159.43895120518133,162.32510931695919,6410900
2025-02-05,162.05662536621094,162.1812816189444,159.75537144984548,161.17447754390366,7536800
2025-02-06,161.9320068359375,162.93879642353048,161.11697136586753,162.4018380752095,4957900
2025-02-07,161.05943298339844,162.16211419763965,160.96354129910927,162.13334961855625,4535600
2025-02-10,160.6375274658203,161.54843991121908,159.55401292083164,160.79094830300772,7062900
2025-02-11,162.45933532714844,162.59358951887677,159.64988786685308,160.7909314484254,5438100
2025-02-12,162.60317993164062,163.08260904526227,161.0594176005383,161.42378840881568,6037400
2025-02-13,163.98394775390625,164.32913732123438,162.18128949885755,162.65113532497583,6328300
2025-02-14,156.18844604492188,163.0059299350951,155.62272309365034,162.80456323105668,13179500
2025-02-18,158.62393188476562,158.94035690011128,155.52682347058962,156.6295193660701,7075300
2025-02-19,159.64031982421875,160.00467602043184,158.44174697782367,159.26636568138414,7910700
2025-02-20,160.3306884765625,160.87723005067357,156.10212023937504,156.43771183582493,6162600
2025-02-21,163.22645568847656,163.53329738875001,159.0937784684099,160.55124728267367,9813700
2025-02-24,163.523681640625,165.86329814196625,162.8045379437873,163.21685460476922,8564100
2025-02-25,165.54689025878906,166.79340905492919,163.77301106864363,164.23325898547378,7314900
2025-02-26,164.25242614746094,165.54687604572626,163.62915948739285,165.1921031643598,5519000
2025-02-27,164.89488220214844,165.96879894114176,163.61001544213596,163.82096546315512,5467000
2025-02-28,166.6879119873047,167.46458481634903,164.77979346434776,166.43861411348044,10240100
2025-03-03,168.3659210205078,169.03711888690304,166.37149405249326,166.43862115464086,7615300
2025-03-04,166.05506896972656,172.58490610970335,165.79618776992027,169.47820003288243,12117600
2025-03-05,167.42623901367188,168.6343951371472,165.9016579131163,166.2468474671115,6989100
2025-03-06,167.4741973876953,168.60564318041457,165.7290682254807,167.69473070422222,6702500
2025-03-07,168.71112060546875,171.53016644278338,166.88929562689984,166.92764352253604,9566700
2025-03-10,169.0083465576172,172.58489829418616,168.59604454110453,169.48777567319866,11047000
2025-03-11,165.99754333496094,168.7494765904781,165.23046840383657,168.59605575184665,11032300
2025-03-12,161.44296264648438,164.76061870672632,160.8676564616383,162.71824590453323,10158800
2025-03-13,161.65391540527344,162.32511328126307,160.39781338784647,160.80053211344025,6609000
2025-03-14,161.05943298339844,161.6539204591441,159.7649684005789,160.8868308778813,6790500
2025-03-17,162.77577209472656,164.05105532954434,161.21284308823368,161.44295970557377,9931700
2025-03-18,160.81011962890625,163.25519640204817,160.68546337751698,163.0730256290379,6099900
2025-03-19,161.634765625,161.80735311209764,160.23482593968598,160.96355304801696,7569200
2025-03-20,160.6566925048828,162.24840061018259,159.19922396081225,161.94155896679305,8789200
2025-03-21,159.8320770263672,161.22241850171096,157.3678044090142,160.26356029374767,16027300
2025-03-24,158.83486938476562,160.0046776653547,158.55680691919048,159.5827776781237,6102100
2025-03-25,156.15008544921875,158.56639791509505,155.52681875388805,158.49928543988477,8366700
2025-03-26,159.72662353515625,159.95675480320526,156.2843256167278,156.62951520329275,7756000
2025-03-27,161.76898193359375,162.07580896572813,159.76495706980666,160.96352988333243,6211700
2025-03-28,161.11695861816406,162.72784816668974,160.72382320459937,162.41142317267548,5479100
2025-03-31,163.4086151123047,164.09899419702705,161.1840716634333,161.1840716634333,11520100
2025-04-01,163.54286193847656,164.01270775147322,162.1045745532798,163.5524598848947,7021100
2025-04-02,162.52647399902344,163.84970307102904,161.38543033617987,163.07303022650953,6274500
2025-04-03,165.29757690429688,167.60842885097355,163.70586866153081,167.06187261311374,9393300
2025-04-04,157.01303100585938,166.45779017373235,156.74455187904812,164.70307790356338,13454200
2025-04-07,153.63784790039062,157.92394529771406,152.6406417930897,156.92673919041314,15708000
2025-04-08,151.8735809326172,156.56239790923217,150.26270584836521,155.63230409355646,11541100
2025-04-09,155.6418914794922,157.90478309732836,150.24351438818601,150.88594771493024,10670200
2025-04-10,156.8308563232422,158.27874167500485,154.13646692510954,156.1980063535055,10581600
2025-04-11,160.04302978515625,161.10736299974096,155.92951980810645,156.6486634765822,8602800
2025-04-14,162.1717071533203,163.1113841801618,158.95952603171744,160.1676822090851,9877300
2025-04-15,161.53884887695312,163.15932164365276,161.3566634703752,162.18128214208562,8765000
2025-04-16,159.54443359375,162.69907099556946,158.96911275542232,162.32511683996148,5897500
2025-04-17,163.6099853515625,164.58801021712011,160.46493151063655,160.6375189700824,7227100
2025-04-21,159.9214324951172,163.97373734240534,158.50312359023386,163.91584958664956,8062400
2025-04-22,161.97653198242188,162.8352346891698,158.75397134699128,160.02756082965539,7907400
2025-04-23,159.90213012695312,160.7511897957603,157.37426666855274,160.5485679303526,9309200
2025-04-24,153.920166015625,155.29988807653487,151.07390497698984,154.8560573844486,20077700
2025-04-25,155.35775756835938,156.11032779592298,152.22204337943904,154.25784610328827,12892800
2025-04-28,156.15855407714844,156.84357869779146,154.7498884683587,155.37702534328136,8127000
2025-04-29,156.5541534423828,156.6795867288435,153.6017601012058,155.61826212544543,8266200
2025-04-30,156.853271484375,157.42252074065007,154.32539315331638,156.7374812448725,12475500
2025-05-01,154.3543243408203,155.67615851741277,153.4570347112056,155.010419903329,6792800
2025-05-02,154.8753204345703,156.1199511237718,154.27711271530598,155.27089160108306,5750200
2025-05-05,153.24476623535156,155.25162508251148,152.46325213167523,155.232324257594,7576200
2025-05-06,153.64999389648438,154.0938245324532,152.10625180518446,152.48253691563414,7703800
2025-05-07,153.68858337402344,154.42186750455582,152.96495701713445,153.42808848553886,6430000
2025-05-08,153.07110595703125,154.37363942859704,152.45361198820558,152.8106110404921,7230800
2025-05-09,152.1159210205078,153.53422994093484,151.87471222073745,152.4632622810658,6453200
2025-05-12,155.24197387695312,155.38670798663398,151.18002603180958,151.89399463958932,7378400
2025-05-13,153.1482696533203,155.06829678166355,151.8264502916484,154.39291516337187,7780800
2025-05-14,152.46324157714844,153.56315296584887,152.02906874096414,152.55971625062563,5988900
2025-05-15,156.69886779785156,157.18128533453194,153.1193231979086,153.9780258243111,8727300
2025-05-16,157.5382843017578,157.68300368738093,156.15857708476327,156.93043343770822,7100800
2025-05-19,158.97589111328125,159.34251845761898,157.66371472595938,157.72160247915923,8119900
2025-05-20,159.81529235839844,160.16263359846445,158.81187028832764,158.8215133397515,5576600
2025-05-21,159.6126708984375,160.51961828988152,158.8311567868958,159.0241355935812,6424200
2025-05-22,159.22674560546875,160.35560097833135,158.25226739185646,158.6574963932264,6245600
2025-05-23,160.0275421142578,160.37488332143369,157.73122998224974,159.03376318971294,5349800
2025-05-27,161.8607635498047,162.0730284921682,159.4583330910276,159.4583330910276,11423800
2025-05-28,161.47482299804688,162.9027750013373,161.18536948762147,161.75461873405396,5385900
2025-05-29,162.63259887695312,163.04748561728172,160.58715321660418,160.87660668531007,4842500
2025-05-30,163.9158477783203,164.9771723628566,162.6712168766518,162.81593626444473,12587500
2025-06-02,161.88003540039062,163.09572235267868,160.38453801861195,163.07643625025668,7574400
2025-06-03,160.9827423095703,161.52304760996782,160.06613718687962,160.915196785913,6223000
2025-06-04,160.1143798828125,162.14053945616516,160.08543600795448,160.82836314781247,4939000
2025-06-05,157.07518005371094,159.62234449902658,156.79536958960279,159.61268672440514,10351800
2025-06-06,158.2522735595703,159.4293736808519,157.53829021187298,157.54793326387085,5697700
2025-06-09,156.8435821533203,158.25224779314533,156.3708224047123,157.64439700526142,6544200
2025-06-10,157.11375427246094,157.7601920644408,156.2261076899416,156.96903488702375,7680000
2025-06-11,156.40943908691406,157.04623386945164,156.0042100586312,156.9111575266907,5960100
2025-06-12,157.44180297851562,157.56723626730536,155.99455015912739,156.2743606153173,6509900
2025-06-13,154.64378356933594,157.29708035031024,154.2867992590051,157.03657072595755,7104500
2025-06-16,155.22268676757812,156.2550527433062,154.38327015907464,155.22268676757812,6332000
2025-06-17,152.9456787109375,154.73061498225755,152.7430568429046,154.43151842838438,6809700
2025-06-18,152.46324157714844,153.07107765892053,152.11590036375804,152.97460298544334,7211200
2025-06-20,153.48597717285156,153.7368290114357,152.29923406255,152.47289732259685,16173400
2025-06-23,155.36740112304688,155.52177827848718,153.40878697032252,153.4763324966586,6588200
2025-06-24,154.72097778320312,156.05245510923004,154.03593829340483,155.512135014775,7470100
2025-06-25,153.37985229492188,154.7016718024103,153.12900044394513,154.19996810045683,5933700
2025-06-26,153.05181884765625,153.94910855428188,151.64315291933934,153.93946550187917,7410400
2025-06-27,154.23854064941406,154.4990502502803,152.72374246617977,153.10002756866865,19257000
2025-06-30,153.71754455566406,154.27713599217773,152.56938836121975,153.65964207947863,11238200
2025-07-01,155.55072021484375,156.81465187453895,153.77542711606904,154.25784467914147,10664900
2025-07-02,155.5314178466797,155.67615194749453,154.2385423238073,155.47353009523997,8848700
2025-07-03,155.17442321777344,156.32257928548856,154.1709865190079,156.1006566234798,6999600
2025-07-07,154.85606384277344,155.51214477245193,153.68860666562202,155.23234901649332,7225700
2025-07-08,152.33782958984375,154.16136753435052,151.9036566930025,153.91051568160634,12034800
2025-07-09,151.98085021972656,152.63693111234554,150.46605183530522,152.5404564222519,18770900
2025-07-10,152.91671752929688,153.99732811061546,151.51769488186443,152.21237731905921,7200500
2025-07-11,151.52737426757812,152.49220948771907,150.93882419440345,152.49220948771907,8053800
2025-07-14,148.35305786132812,150.32132995104223,147.4847120537712,150.1090650252453,11491700
2025-07-15,147.31103515625,148.63286942623503,146.5584648581702,148.16009486576246,9142600
2025-07-16,148.32412719726562,148.3530710786151,146.91547589753014,147.36894966829635,8479000
2025-07-17,150.14764404296875,150.2730773258427,148.4688402738744,148.6232027117774,8320000
2025-07-18,150.6693115234375,151.12588636258516,149.24130337936217,149.38701244594296,7337300
2025-07-21,150.60130310058594,151.4853109598331,150.46530303169374,150.64016873335274,6328400
2025-07-22,153.79734802246094,153.8459078357279,150.47503264188117,150.49446546092665,8187000
2025-07-23,153.7584686279297,154.3413345639638,153.1756026918956,153.70018499890557,4804800
2025-07-24,154.27333068847656,154.47733821768315,153.53504666557512,154.33161431885077,7027400
2025-07-25,153.77789306640625,153.91389313435116,152.53445963865397,152.8453105841442,5799900
2025-07-28,152.62188720703125,153.5738876959294,151.76702115493734,153.1270366762591,7885000
2025-07-29,152.1361541748047,154.11787138242312,150.41671325892628,154.11787138242312,11466100
2025-07-30,148.5127410888672,152.5150419037794,147.70644959814413,152.5150419037794,8162900
2025-07-31,146.17156982421875,147.65786158725882,145.62756954792903,147.46357789185475,11845400
2025-08-01,146.34642028808594,149.1053021174228,146.22014403902418,147.44414465720405,8594200
2025-08-04,146.45327758789062,147.13329274978167,145.73442643933652,145.9578519458145,7679400
2025-08-05,146.21041870117188,147.73557607686698,146.02585882786025,146.40471721690304,6670100
2025-08-06,148.49330139160156,149.09558532088482,145.91900896202327,146.55043470576243,7376200
2025-08-07,149.1053009033203,149.61043554124578,148.33786030399077,148.74586050672855,6719000
2025-08-08,149.12474060058594,149.396740775332,148.2116056270229,148.40588934857038,5811000
2025-08-11,150.552734375,150.95102560055176,148.93044248141928,149.1538679984547,7331700
2025-08-12,150.6595916748047,151.0967337089651,149.90187486282096,150.6304498607204,6938000
2025-08-13,150.970458984375,152.5247434352289,150.52359312573043,150.7761752808803,5812400
2025-08-14,149.34815979003906,150.2807274504224,148.89158495653416,150.2224438245104,6343700
2025-08-15,149.95045471191406,151.1550374199343,149.8047456364223,150.05731297490695,7121700
2025-08-18,151.2716064453125,152.43732353153825,149.76588174844315,150.00874009236088,8274500
2025-08-19,153.87501525878906,154.1664481877391,151.2230067334224,151.2812903546335,7868100
2025-08-20,154.9533233642578,156.429906159423,153.88475560718643,154.04989749265482,7840400
2025-08-21,154.1956024169922,154.51617718236628,152.68987784856074,153.41845281816668,6417500
2025-08-22,154.13731384277344,156.08988936239084,153.7875972756738,154.82703798059876,5797300
2025-08-25,151.68930053710938,154.16645836232877,151.4367332208943,153.86531641760047,4692500
2025-08-26,151.5144500732422,152.2235922181947,150.9024423626843,151.4658754445971,6338000
2025-08-27,152.4761962890625,152.64133819189217,151.33960614229167,151.68932276678322,4551200
2025-08-28,151.20359802246094,152.52474799780023,150.60131407674197,152.5150390003488,5857400
2025-08-29,152.5538787841797,153.05902825017412,151.20358709120853,151.63102011451954,5318200
2025-09-02,153.4767608642578,154.32190313852297,152.49560369051432,152.8647531081918,6432800
2025-09-03,153.65162658691406,154.1082014929954,152.02933450860516,153.14647704388616,6592500
2025-09-04,154.64248657226562,155.18648690901549,153.30190372606242,153.99162796773294,6934900
2025-09-05,155.4487762451172,155.97334375710776,153.88476788396935,154.0207679665519,6436200
2025-09-08,154.4676055908203,155.69162105048235,153.72932161001006,155.05047150712568,7178400
2025-09-09,154.90476989746094,155.30304630911894,153.68075437886807,154.07904561342278,4984900
2025-09-10,152.85504150390625,154.39961695221885,151.43674230983228,154.06933317513875,6205500
2025-09-11,154.09848022460938,154.79791343683286,152.8938975095807,153.21447230042455,5819500
2025-09-12,153.3893280029297,154.58420175797733,153.27276073820204,153.41846981911158,5957000
2025-09-15,152.34988403320312,153.9916086583258,151.73787631965206,153.3698919481564,5995000
2025-09-16,153.53504943847656,153.86533323182672,152.40818315456733,152.65104150077724,6559600
2025-09-17,155.74990844726562,157.05162555923857,153.90417621622237,153.90417621622237,6764200
2025-09-18,152.82591247558594,154.47734632204768,152.67047957116898,153.63218916859148,7651500
2025-09-19,151.5824432373047,153.11730960602793,151.51445061527477,153.10760060942238,17224800
2025-09-22,148.69732666015625,151.62133603503162,148.67789384056786,151.62133603503162,8712900
2025-09-23,148.14356994628906,148.9109956881993,146.65727826643,148.82357025359465,8853400
2025-09-24,148.0658721923828,149.24131308990073,147.45386442713078,147.70644658949988,6483300
2025-09-25,147.8035888671875,149.48417935562964,147.4441632452525,148.85273873913306,7511400
2025-09-26,148.14356994628906,148.31842081549837,147.2012785122745,147.8812788195801,5721100
2025-09-29,149.1441650390625,149.32873975217544,147.4538656284933,148.06587339873155,8139700
2025-09-30,149.26071166992188,149.96986860890365,148.47385311574547,149.07615180521594,7762600
2025-10-01,148.8041534423828,149.4938776429776,147.0847270853178,149.3093029348087,7566000
2025-10-02,147.70643615722656,148.4350111318697,147.2984359501739,148.35729468916026,6892100
2025-10-03,147.920166015625,149.04701747934675,147.65787485067642,147.65787485067642,5212600
2025-10-06,146.11329650878906,147.96873780005848,146.10357268845038,147.1721553229241,6737000
2025-10-07,148.18243408203125,148.79444182509968,145.7635745697061,146.45328393525963,6844400
2025-10-08,146.38528442382812,148.42528543326645,146.3270007982578,148.42528543326645,5254700
2025-10-09,146.27842712402344,146.56013625708366,145.30699383045672,146.4338600084891,6134500
2025-10-10,145.41384887695312,147.18184972432596,145.18069955539934,146.62814046711688,7374000
2025-10-13,143.27670288085938,145.16127103330547,142.77155341399862,144.74356182892342,7511100
2025-10-14,144.8990020751953,144.98642751921926,142.87841892800566,143.35442660585258,8585300
2025-10-15,143.2086944580078,145.14185204978645,143.0629853930302,144.28698600752924,10003100
2025-10-16,145.32643127441406,146.10356607569742,143.6944155813474,143.78184102305738,8809700
2025-10-17,147.0749969482422,147.68700467580112,146.1327054533545,146.26872034649733,8612900
2025-10-20,147.6190185546875,148.0367277806686,146.9778689854687,147.25957813521214,5601300
2025-10-21,147.28872680664062,147.92987640570686,146.56015175940098,147.6190254267912,6013400
2025-10-22,147.85215759277344,149.07617313923217,146.48243296835392,146.97787347921465,6394400
2025-10-23,147.8618621826172,148.92072087247794,146.27842123452967,147.99786224532505,8205400
2025-10-24,149.1697540283203,153.9728344665201,148.23065008567193,152.99460803426382,11968500
2025-10-27,148.4360809326172,148.45563471371477,146.8611358143341,148.3089067227305,7775300
2025-10-28,148.0741424560547,149.83495316428636,147.34047257150416,147.8295858278712,5819300
2025-10-29,145.53074645996094,147.68284156577917,145.23727555313337,147.37959376845916,7405500
2025-10-30,146.3231201171875,147.51655762871852,146.08834038610624,146.21551460626088,6760700
2025-10-31,147.09591674804688,147.81003285336692,145.29598353714172,145.47207207220424,7930300
2025-11-03,144.79708862304688,146.94918390672686,144.5525320015707,146.83180150491484,8946400
2025-11-04,143.96559143066406,146.2448609544514,143.06562484674595,145.36446307986137,9295400
2025-11-05,142.61563110351562,144.21014503293102,142.478679994192,143.67211748681987,11199900
2025-11-06,142.9482421875,143.4862548173669,141.3146057355029,142.70368556426897,10024500
2025-11-07,143.7797088623047,144.71881275288823,142.8210511912767,143.75036326508803,8500100
2025-11-10,142.3319549560547,143.42756385344666,140.9526520163762,143.1927990477494,10208100
2025-11-11,145.3057403564453,145.41334585563237,142.49823541386064,142.78192942378558,7332500
2025-11-12,144.78729248046875,145.90247004402823,144.29817925212598,145.29597441737957,7851100
2025-11-13,144.73838806152344,145.75573697338695,144.42534844153425,144.9535841420777,7566800
2025-11-14,144.45469665527344,146.12747043595405,144.39600545710059,145.85356822678017,9150800
2025-11-17,142.64498901367188,144.75794681497158,141.85261304581445,144.53295890947066,9902300
2025-11-18,143.78952026367188,144.18080489755508,142.34173427988958,143.14388718386778,10735200
2025-11-19,143.78952026367188,144.3275329036233,142.68411952945138,143.7601746624582,6367000
2025-11-20,144.96337890625,145.4231465283615,142.94823482289357,143.44712493502374,9021300
2025-11-21,147.63394165039062,148.2013148118135,145.07099299581822,145.1492529070371,12018000
2025-11-24,143.7797088623047,147.13503310072764,143.34928686772682,146.83178531178868,13846900
2025-11-25,145.25685119628906,145.4133560843928,144.01449942311194,144.112328038909,10477700
2025-11-26,145.02206420898438,145.7263884130947,144.39599990828077,144.69924770488794,9238500
2025-11-28,144.9340362548828,145.4720637945254,143.9753635745919,144.58187413134868,4707200
2025-12-01,144.22972106933594,145.64814654365367,144.14168426455913,144.87535415747024,8240700
2025-12-02,142.6841278076172,143.00694436624823,139.40706283414838,142.12653149910372,16376800
2025-12-03,143.515625,145.0612098274382,142.6841264544524,142.7428176597282,9125300
2025-12-04,142.19500732421875,144.210151564052,141.35373192125851,143.47648167518736,10479300
2025-12-05,140.3265838623047,142.45912532454915,140.1309415539968,141.9993576904224,12791700
2025-12-08,135.3278350830078,139.7983368458492,135.13219279050176,139.7983368458492,17507500
2025-12-09,136.58975219726562,137.81253515419436,135.9734648104776,136.15933020817874,10375700
2025-12-10,136.775634765625,138.2038370797448,136.50171761645993,136.60932312724032,13650400
2025-12-11,137.69515991210938,138.75164634743118,137.30387527379114,137.92993965103162,11798000
2025-12-12,139.72987365722656,139.99399899918353,137.77342060150548,137.92994042833573,10268800
2025-12-15,141.97000122070312,142.15586662365797,140.0820165200331,140.15049953230076,13877700
2025-12-16,142.04827880859375,143.34930693815744,141.50045942189865,142.91889980986795,10251700
2025-12-17,144.59165954589844,145.21772392169242,143.26127088151722,143.49605061989703,9833300
2025-12-18,142.3515167236328,144.2884009089423,142.18522001885609,143.42755685922654,12239900
2025-12-19,141.3146209716797,142.86999768075333,140.80593896107987,142.34174695875072,19345600
2025-12-22,139.5831298828125,141.25588869764735,139.31900457068835,140.58092500796434,11731400
2025-12-23,140.06246948242188,140.6004970672291,138.98642923935992,139.3875057049937,9541600
2025-12-24,141.3439483642578,141.58850498234676,139.72008883777474,139.78855692903292,3259200
2025-12-26,141.58851623535156,142.4689141598225,141.16787105700027,141.16787105700027,4711500
2025-12-29,141.42222595214844,141.91133924946945,140.81571531341413,141.64721388948118,7662100
2025-12-30,140.9135284423828,141.31460488443864,140.44398390804153,141.14829324627766,6006400
2025-12-31,140.18963623046875,141.00156601030568,140.11137631989453,140.8646148984387,5293200
2026-01-02,138.70272827148438,140.21898232528127,138.164715640037,139.9939944106823,8946100
2026-01-05,137.3136444091797,138.2723170940466,136.56042077663597,138.02776047727366,12297300
2026-01-06,136.86366271972656,138.34077924808673,136.47236319375153,137.3332072243459,10421800
2026-01-07,135.0343780517578,136.75606622638384,134.62352471732706,136.75606622638384,14369100
2026-01-08,138.44837951660156,138.69293611363173,134.81916797554175,134.88763606090416,9297100
2026-01-09,138.78097534179688,139.2309660559118,137.7636264479789,138.61467864408385,9528500
2026-01-12,140.33639526367188,140.7472486464177,138.624498705621,139.1820801084355,12812000
2026-01-13,141.09939575195312,141.1972094460348,139.85704391735666,140.86461601836388,15549200
2026-01-14,143.16343688964844,143.7014494581827,141.22653790734503,141.52978569733344,13475000
2026-01-15,141.4809112548828,143.1634621215703,141.20700901393857,142.50803719514735,10102800
2026-01-16,141.38307189941406,141.57871421001954,140.5320196386769,140.6298333307039,11729300
2026-01-20,143.79930114746094,143.79930114746094,140.98200394032003,141.31461230756202,12901400
2026-01-21,142.87974548339844,144.16121967814271,141.81348229060896,143.85797188262922,14126800
2026-01-22,146.6654815673828,147.62415421643684,144.2883985058945,144.85577162679866,18501900
2026-01-23,147.92355346679688,149.401311303758,147.57875232435734,148.6033244770038,14562600
2026-01-26,147.27334594726562,148.6427342237785,146.31772804575706,147.8939939935073,12655700
2026-01-27,146.14039611816406,147.42112259537095,145.73647203113578,145.87441052844025,9546000
2026-01-28,145.15521240234375,146.50490801834093,144.61336489464628,145.80542941158075,7465800
2026-01-29,147.67726135253906,147.90386171227883,144.9286383741246,145.1059620999764,11035600
2026-01-30,149.51954650878906,149.71657788628465,146.9383858562462,148.19940471125457,12651400
2026-02-02,150.91848754882812,151.45047376679855,149.0072516350481,150.15990096775937,10554900
2026-02-03,153.01690673828125,154.20895631917858,149.94316018786608,150.3273766276017,12424700
2026-02-04,154.54391479492188,156.02167267984566,153.45037335877703,153.81489719251235,12178500
2026-02-05,156.25811767578125,157.2826898506833,153.80503420142952,156.4847030065954,13077700
2026-02-06,156.809814453125,157.6176626521585,155.6670114053594,155.89361177291113,10441700
2026-02-09,154.99710083007812,156.9181830781391,153.7065280129841,156.40588946781264,11439900
2026-02-10,156.72116088867188,157.77528709376142,154.3961544070585,155.19414130823176,9910100
2026-02-11,157.6275177001953,158.75061316250793,155.8443588114169,156.28768319844238,10217300
2026-02-12,158.81956481933594,160.72093932530024,157.2826840647245,157.64720788113706,13512900
2026-02-13,157.6964874267578,160.15941739819442,157.34182490956968,159.34172284377368,13998900
2026-02-17,157.18417358398438,159.765319051939,156.52411024036732,157.57823631576093,13319100
2026-02-18,154.53407287597656,156.62263260223827,153.46023905691038,156.62263260223827,14434300
2026-02-19,156.2088623046875,157.58811205701292,154.50451903682776,154.50451903682776,10724600
2026-02-20,158.39593505859375,158.6717819848204,155.8147895206744,156.77040745529172,11508100
2026-02-23,162.72084045410156,162.90802551977148,157.92305812522147,157.94276577227362,14772400
2026-02-24,162.8292236328125,164.39564347302232,161.50909678757395,162.4548534700461,9709500
2026-02-25,160.9672393798828,162.5533667721119,159.69637421761428,162.10018107467624,7878500
2026-02-26,161.3218994140625,162.06077834267654,160.44509702007508,161.7849314119297,7028600
2026-02-27,164.72073364257812,164.76999524257963,161.26278579090197,161.6075869258529,14878500
2026-03-02,161.08544921875,164.08038016205148,161.0263413109597,162.83905396833535,9095500
2026-03-03,157.35166931152344,159.78504529642643,156.26797412420703,159.78504529642643,10161000
2026-03-04,155.9527130126953,157.24328578189423,154.97738743101527,157.075808364692,8752700
2026-03-05,151.7066192626953,154.7705043310175,151.4898802521365,154.61287322651478,10060300
2026-03-06,151.35195922851562,152.14008469864805,149.63775476266505,151.3815131820191,8187900
2026-03-09,152.9183807373047,153.91339892648327,150.63277475529094,150.8790677258081,12494900
2026-03-10,153.6966552734375,154.8197505838155,151.32240253399604,153.18437673363664,7756800
2026-03-11,151.04656982421875,153.07602162573,149.18458041692423,152.92823681446026,8855100
2026-03-12,148.26837158203125,150.78056294424613,148.10089416222095,149.9530221525258,8489300
2026-03-13,148.4161376953125,150.28797328665797,147.9531057091528,149.12546265144954,7298900
2026-03-16,149.86434936523438,150.3766429785721,148.41614542375342,149.60821007483085,6944000
2026-03-17,149.2338409423828,151.18449220282605,148.95799400237624,150.74115280475118,6147700
2026-03-18,144.53457641601562,147.4014152272885,144.2882834404146,147.09601434274808,10059300
2026-03-19,142.69229125976562,145.1946362491204,142.6430296593396,144.0518332623683,10340300
2026-03-20,142.14059448242188,143.6577675620949,142.11104052928158,142.84007311597782,60620900
2026-03-23,141.8549041748047,143.98286400731013,141.3524568960289,143.98286400731013,10315600
2026-03-24,141.03721618652344,143.07651425140372,140.12099848068462,141.20469360962718,8567600
2026-03-25,141.7859344482422,141.9632732026604,140.1209915742622,141.60861072635382,8418100
2026-03-26,140.3081817626953,142.4263103908934,140.1308580343274,141.55935429879148,6443200
2026-03-27,140.59388732910156,141.94356801080363,139.90425497864086,140.60373363631126,11558300
2026-03-30,142.57408142089844,143.4114835656516,140.45596780656587,140.91898477889455,11616300
2026-03-31,142.29823303222656,142.77111133974066,140.1702580996175,142.67260316829584,10407500
2026-04-01,141.95343017578125,142.82038634804553,141.08648903604873,141.7859527393269,8061700
2026-04-02,140.997802734375,142.07165156982936,140.4658165030053,141.95342071533437,5941700
2026-04-06,140.6529998779297,141.53964859701762,139.8155977290451,140.8894315190035,6823100
2026-04-07,139.2047882080078,140.6529920592033,138.65309436612947,140.40669909175548,7207500
2026-04-08,142.75140380859375,142.95829652409785,139.766334122587,141.02735296533763,10849700
2026-04-09,144.48532104492188,144.76116798688773,140.87958811882837,142.24897652091994,6794800
2026-04-10,143.00755310058594,144.71189623663125,142.61347533074348,144.71189623663125,9790300
2026-04-13,141.4509735107422,142.93857756606974,140.51506327639626,142.84991570895394,7121400
2026-04-14,142.2391357421875,142.57409060866175,140.65300824796367,141.1160402826616,6621600
2026-04-15,141.2539520263672,142.25881654232523,140.15054927473156,142.21941628058443,7698200
2026-04-16,140.9879608154297,142.15045652101287,140.54463643673324,141.07662268466274,6947100
2026-04-17,144.75131225585938,145.40152937248862,141.03722470313383,141.2835176988996,10886000
2026-04-20,142.3474884033203,144.48530954973714,141.46082470394612,143.894200416821,8084700
2026-04-21,140.2096710205078,142.47555434827277,140.2096710205078,142.47555434827277,11197200
2026-04-22,140.7318115234375,141.175135870657,140.1111484178121,140.38699534641668,7236300
2026-04-23,143.54940795898438,144.06168653710807,141.27364818248435,141.27364818248435,11288800
2026-04-24,147.08203125,151.29061979953673,146.5261830755894,150.88365411979794,13786200
2026-04-27,147.30039978027344,148.59077024600995,146.3276654919543,146.3276654919543,9166400
2026-04-28,148.064697265625,150.06973396702963,147.33017497116106,148.91832555270014,7965700
2026-04-29,145.37478637695312,147.64781156823693,144.80900261897824,147.2011489489405,9002400
2026-04-30,146.00010681152344,146.62544356094526,144.86855445040024,146.00010681152344,9491700
2026-05-01,146.16883850097656,148.17387509806076,145.37477839724775,146.77431917479143,6814800
2026-05-04,142.3572998046875,144.97773760551402,142.20841731714523,144.97773760551402,9642800
2026-05-05,143.82632446289062,144.8189147356386,141.12647770935808,142.31759815323613,7664300
2026-05-06,146.80410766601562,147.8463305694715,144.85863904890977,145.31522213128636,9399500
2026-05-07,144.9777374267578,146.89344458988742,144.93804047870418,146.89344458988742,9545800
2026-05-08,145.33506774902344,146.42692312109028,145.12663227072707,145.46410933273836,5741000
2026-05-11,142.29774475097656,144.86854997018716,140.91804485205006,144.70973188862237,7489500
2026-05-12,142.8436737060547,144.77922176188346,141.80145086192348,143.280415861365,9051200
2026-05-13,141.18605041503906,143.59803758588825,140.61034622073603,142.0892960817053,6685900
2026-05-14,141.65257263183594,143.2109315738657,141.57316358796368,142.11907615278005,9636200
2026-05-15,140.52101135253906,142.33743821269604,140.1537426546991,142.33743821269604,6989400
2026-05-18,141.33493041992188,143.35980794213955,140.58056725394388,141.0470859006894,7731200
2026-05-19,140.2530059814453,142.64515212961857,139.80634339609261,141.41433476165247,8355800
2026-05-20,141.3845672607422,142.15878649680377,139.57804561278098,140.40189739386727,8375600
2026-05-21,142.3374481201172,142.65508429757702,139.0519765313656,140.82872171436264,6297300
2026-05-22,143.3697509765625,143.5682660152007,142.46649013317318,142.80396721343075,4616700
2026-05-26,141.9007110595703,144.53106920558864,141.47388936950904,143.43921385494397,8157200
2026-05-27,146.39715576171875,147.43936350970256,142.39701787414097,142.39701787414097,10048900
2026-05-28,144.828857421875,145.612997111615,143.93551704523207,145.612997111615,10196700
2026-05-29,142.4962615966797,144.56085124616453,142.13892848146642,144.44174525633545,12355800
2026-06-01,139.24057006835938,140.76916765583465,137.8310936193964,140.47138752814354,11093800
2026-06-02,139.77658081054688,140.07434579993173,137.99983559667405,139.08175544671062,9599500
2026-06-03,139.1512451171875,141.3944938803485,138.96265052530114,139.88575229098456,9351000
2026-06-04,139.7368621826172,142.07937591254404,138.85345741537546,141.64263375422658,8194000
2026-06-05,145.4541778564453,147.13165790934903,140.7493094643581,141.16619557848443,10963200
2026-06-08,144.0248565673828,145.4641094530425,143.94544752700992,144.70973114236304,7200700
2026-06-09,147.5684051513672,148.37240090955876,143.45908171837834,143.59804376120496,8259300
2026-06-10,147.94558715820312,149.31535147231375,147.28055347507657,148.7992154215363,7345900
2026-06-11,147.2408447265625,148.51135912703037,146.67507611881535,147.598177848302,6684700
2026-06-12,148.50143432617188,149.08705896400699,147.20114346579274,148.2731427996088,6832000
2026-06-15,149.3451385498047,150.37742576552802,147.65772297578928,147.65772297578928,9158900
2026-06-16,151.360107421875,151.88617909397178,149.43447972594635,150.38735797717848,8518900
2026-06-17,149.44439697265625,151.80676679379997,148.6602572796902,151.25091863487825,7055800
2026-06-18,149.26573181152344,151.16156774393545,149.06720163806705,149.75209135760457,17076100
2026-06-22,146.58572387695312,149.77194530936566,146.47655348709506,148.99772611003655,10533000
2026-06-23,149.74217224121094,150.24838783829253,148.2632072518497,148.55106691849042,7259600
2026-06-24,150.91342163085938,152.21372763836797,149.8017253482469,150.8638042327417,8618500
2026-06-25,147.399658203125,151.16156874163084,146.72470407524094,150.44691766622896,11197200
2026-06-26,147.9158172607422,149.76203590587528,147.3202569962244,149.22602863866396,16724600
2026-06-29,147.3500213623047,147.94558157778496,145.95046545793386,147.62794542400204,10387700
2026-06-30,145.55343627929688,146.4368410119005,143.1017371059213,146.4368410119005,9353800
2026-07-01,146.33758544921875,146.40707404244185,144.47152592322945,145.44426020826734,9571700
2026-07-02,150.28810119628906,150.54616922223693,146.64529660699972,147.4790688253476,9256000
2026-07-06,148.2036590576172,150.09951021404746,145.8710808804345,149.56350295674108,8323100
2026-07-07,151.6181640625,152.35268631631146,149.49402148604588,151.5288345729856,8061400
2026-07-08,147.30039978027344,149.95062930520396,147.25078238006273,149.84144376243256,14272300
2026-07-09,145.7618865966797,146.56588228869282,144.5211487643815,145.68247755792555,7748000
2026-07-10,145.95046997070312,147.4889879534934,145.62292850235943,146.01003811067335,12473000
2026-07-13,147.27061462402344,148.93817416597793,146.01995632685183,146.98277010767168,7816100
2026-07-14,144.99758911132812,147.64780332666248,144.5112144243791,147.2706141757336,7668100
2026-07-15,146.9530029296875,147.48899504939956,143.5881222814616,144.20352344589517,6180000
2026-07-16,150.37742614746094,150.3972821936961,147.08201917579933,148.38232515400534,6485400
2026-07-17,148.86868286132812,153.17653609779785,148.20364920502914,151.72734765498078,8917400
2026-07-20,148.02499389648438,148.98780768360248,147.33016858111816,148.45180044864716,5788300
2026-07-21,147.00262451171875,147.3103250709858,145.7916631750561,146.76439739532225,7027600
2026-07-22,148.02499389648438,149.3451407916641,147.71729333176688,148.3922474549245,5371200
2026-07-23,145.88099670410156,146.51625388635964,144.51121725190643,145.05714494268898,6499200
2026-07-24,147.41000366210938,147.99000549316406,145.39999389648438,146.4499969482422,6620700
2026-07-27,148.6300048828125,150.25,147.85000610351562,147.85000610351562,7301800
2026-07-28,148.8800048828125,153.67999267578125,148.52000427246094,151.5,12848800
2026-07-29,146.10000610351562,146.3800048828125,140.1999969482422,141.3800048828125,14616800
2026-07-30,143.9600067138672,144.4499969482422,142.25,143.75999450683594,9571100
2026-07-31,144.49000549316406,144.6999969482422,141.4600067138672,143.50999450683594,9152600
2026-08-03,144.97000122070312,147.14999389648438,144.25999450683594,145.85000610351562,8843600
2026-08-04,148.00999450683594,148.25,143.7899932861328,144.0399932861328,7362300
2026-08-05,146.8000030517578,147.85000610351562,144.66000366210938,147.85000610351562,9753300
2026-08-06,146.97000122070312,148.5,145.4499969482422,147.82000732421875,8766700
2026-08-07,145.7899932861328,146.0,143.8800048828125,144.89999389648438,7565500
2026-08-10,146.44000244140625,146.4600067138672,144.14999389648438,144.72999572753906,7386500
2026-08-11,145.2100067138672,145.7100067138672,143.92999267578125,145.41000366210938,7936700
2026-08-12,144.0800018310547,144.94000244140625,143.7899932861328,144.0500030517578,7195000
2026-08-13,144.25999450683594,145.8000030517578,144.0,144.58999633789062,7491300
2026-08-14,144.5500030517578,144.91000366210938,143.4199981689453,144.3300018310547,7249600
2026-08-17,143.1199951171875,143.97000122070312,142.47999572753906,143.63999938964844,9867500
