Date,Close,High,Low,Open,Volume
2017-01-03,59.52922058105469,59.823950119756404,59.04455234078993,59.561970528439495,10360600
2017-01-04,58.87429428100586,59.69954444305749,58.78260037377159,59.67989646249917,9434200
2017-01-05,57.996639251708984,59.14281785354559,57.92459333983817,59.07077194167477,14443200
2017-01-06,57.963890075683594,58.27827269508764,57.51851761307749,58.15382884618613,16518100
2017-01-09,57.00765609741211,57.78050824452533,56.68672745067014,57.78050824452533,13762300
2017-01-10,56.28064727783203,57.18448922346409,56.26755029178334,57.09279533029601,13283100
2017-01-11,56.85701370239258,56.94870760216714,56.2348043829305,56.26100335385791,11183700
2017-01-12,56.549171447753906,57.23032957344829,56.37233467329623,57.15828366612876,10407000
2017-01-13,56.55571746826172,56.771855171225674,56.43782463000332,56.50331954082657,8415600
2017-01-17,57.21723175048828,57.23687972547991,56.49022669414739,56.706364412938846,13237300
2017-01-18,56.50988006591797,57.249987174229126,56.35924224530149,57.02074745225601,11831700
2017-01-19,55.49467086791992,56.39196138021584,55.40297202296346,56.30681852046906,16382900
2017-01-20,56.254451751708984,56.300298701098974,55.70428835902912,55.9597220766223,18739700
2017-01-23,55.65188980102539,56.24790013649044,55.50779796255572,56.11691028166855,11433900
2017-01-24,55.73047637939453,55.97936407544684,55.560190583818105,55.658435463999695,11858100
2017-01-25,55.89421844482422,56.24789702963908,55.83527451249293,55.89421844482422,9578500
2017-01-26,56.06449508666992,56.21513787060198,55.75011753307251,56.12344400105764,8779400
2017-01-27,56.00556564331055,56.162754460733154,55.697734003023726,55.86802480344796,10947900
2017-01-30,55.579833984375,55.96625748514682,55.13446156157085,55.94660951011662,12789200
2017-01-31,54.94453430175781,55.717386461914295,54.44676384345124,55.697738482773985,19128100
2017-02-01,54.322322845458984,55.12137394543585,54.06033814099963,55.01657806487506,15111800
2017-02-02,54.656349182128906,54.70874712309044,54.066889835610965,54.49916035618696,12200100
2017-02-03,54.71530532836914,54.83319821260374,54.2961317393002,54.820096227164704,12746300
2017-02-06,54.56465148925781,54.787340224386284,54.31576878241289,54.7218453012105,9938200
2017-02-07,54.210960388183594,54.767679598963696,54.00137368425807,54.512245959708885,11705200
2017-02-08,53.854061126708984,54.27706756793602,53.64916375734607,54.191141075332865,14006300
2017-02-09,54.092002868652344,54.23080643997754,53.854066135637034,53.854066135637034,9603000
2017-02-10,54.541446685791016,54.7066837462144,54.28367727494133,54.36960377364783,8739800
2017-02-13,54.858699798583984,54.977670674551355,54.429082466333234,54.70667949604559,9071600
2017-02-14,54.73973083496094,54.92479552790112,54.237408780812814,54.7992187963401,11370500
2017-02-15,54.964447021484375,54.977663764870975,54.501780320811285,54.62075118182621,11768500
2017-02-16,54.396053314208984,55.1363122673936,54.31012679811726,54.93803078034883,10615000
2017-02-17,54.039119720458984,54.32332761385545,53.82761652369655,54.25722876772708,15646000
2017-02-21,54.12505340576172,54.296901367832476,53.735096347078795,54.27707372656183,16419600
2017-02-22,53.490543365478516,53.999471311504756,53.450888083164415,53.96642692378804,12917400
2017-02-23,54.05236053466797,54.343179450711354,53.55664922375922,53.81441870202087,13847000
2017-02-24,53.58966827392578,54.0655516693739,53.378165102908106,53.933359035842,11338700
2017-02-27,53.893714904785156,54.006074884532595,53.41122051728972,53.622723732016695,13465900
2017-02-28,53.74831771850586,54.19115188710439,53.569863889079855,53.887116261978434,16834200
2017-03-01,54.871917724609375,55.076815097017494,53.99946629628288,53.99946629628288,17482100
2017-03-02,55.05698776245117,55.68488654321397,54.71990276431716,54.72651365833714,14170300
2017-03-03,54.50178909301758,55.255269653175475,54.36960146734011,55.05698821465927,12190400
2017-03-06,54.74636459350586,54.79263078606368,54.415890348768,54.48859508602127,9617200
2017-03-07,54.541446685791016,55.050379655770584,54.29028816929604,54.93140877056035,12711500
2017-03-08,53.5566291809082,54.448908198093235,53.543412436323436,54.429080559898914,16817700
2017-03-09,53.979637145996094,54.01268657235332,53.08074720953194,53.29886132116688,14721800
2017-03-10,53.93999099731445,54.50840693694336,53.64256628030099,54.48857929482717,11355200
2017-03-13,53.81441116333008,54.15810711462248,53.569863511493516,53.86728823931899,9571400
2017-03-14,53.530189514160156,53.68882070162014,53.16667105549135,53.53680040762954,11335700
2017-03-15,54.19775390625,54.23740918570902,53.56985511585343,53.768136555783265,11970300
2017-03-16,54.2440185546875,54.32994000531116,53.9796382662464,54.21758002157993,9923800
2017-03-17,54.19775390625,54.36960185496363,54.0787830252382,54.217581545979506,18834100
2017-03-20,54.19775390625,54.22419244010092,53.82762451760652,54.01268921192826,7700300
2017-03-21,54.08540725708008,54.42909819662846,53.933386910607005,54.303521433162146,13387700
2017-03-22,54.039119720458984,54.25722876772708,53.82100563055692,54.17130732744777,11168400
2017-03-23,54.105224609375,54.34316638481301,53.84084429859555,53.95320429182044,8928000
2017-03-24,53.68882751464844,54.217583078710646,53.635950445451755,54.217583078710646,9128500
2017-03-27,53.70203399658203,53.821004858218274,53.3979984707636,53.41782610726399,8481200
2017-03-28,54.092002868652344,54.21097375647751,53.51037021852657,53.74831199417689,11028600
2017-03-29,54.210968017578125,54.38281595794113,53.90032660585294,53.99285894851737,8495500
2017-03-30,55.321372985839844,55.43373803389987,54.15810756032366,54.21759048932407,44704900
2017-03-31,54.204368591308594,55.06359830970002,54.10522534309245,55.030553922051354,21750400
2017-04-03,54.2440185546875,54.402644710698326,53.76813504402043,54.21096912764439,11438700
2017-04-04,54.44229507446289,54.47533945282777,53.75490846728931,54.26383626928464,9270900
2017-04-05,54.54806900024414,55.2222391717903,54.50841371108353,54.75957228016067,13809100
2017-04-06,54.86531066894531,54.99749828990381,54.50178714735766,54.69346272759165,9554900
2017-04-07,54.70008087158203,55.09664882965464,54.64720379913631,55.017333220986046,8909600
2017-04-10,54.944618225097656,55.16934321962102,54.80581971787774,54.93801237425449,8885300
2017-04-11,54.75296401977539,54.97107820592889,54.47536689701797,54.911595269324955,8576500
2017-04-12,54.83887481689453,55.09003332604677,54.66041597297906,54.766170109023,9516100
2017-04-13,53.99285888671875,54.68024560474955,53.91354328911096,54.673634710956954,8667900
2017-04-17,53.92015075683594,54.1779201293896,53.82761842015689,54.09860453682149,9577200
2017-04-18,53.569854736328125,54.07878264210731,53.55663294817898,53.748308535264165,8821400
2017-04-19,53.19974136352539,53.873911632189774,53.07416458221472,53.64918652842275,10764400
2017-04-20,53.54342269897461,54.0259121296296,53.338525298880505,53.50376237234994,11649100
2017-04-21,53.33191680908203,53.536809156407784,53.186507384798574,53.49054297982987,9816700
2017-04-24,53.6095085144043,53.80118409612244,53.41122203879669,53.72186849735248,8729700
2017-04-25,54.019309997558594,54.15149764838345,53.7218802192492,53.82102347868567,10733800
2017-04-26,53.801185607910156,54.415867648404564,53.794574713834926,53.88049616627415,9445900
2017-04-27,53.708656311035156,53.73509484620259,53.49715307233062,53.58307452964856,12385300
2017-04-28,53.96642303466797,54.521617117595326,53.90693507284877,54.50178947786716,12072200
2017-05-01,54.23741912841797,54.33656238787501,53.85407292389203,53.873900567256314,8664100
2017-05-02,54.230804443359375,54.587712051059555,54.1316612000494,54.29028736376446,9102900
2017-05-03,54.660423278808594,54.9049759691207,54.13827855086547,54.17793383586484,10289000
2017-05-04,53.95981216430664,54.4356956885309,53.8011860037768,54.38942951493325,16164500
2017-05-05,54.210968017578125,54.35637742537494,53.93998188338499,53.95319862835085,10213000
2017-05-08,54.78599548339844,54.81904491020422,54.1977519932242,54.1977519932242,8097100
2017-05-09,54.402645111083984,54.85870098593544,54.30350691449421,54.832262452633294,8647100
2017-05-10,54.64952850341797,54.956435254175005,54.476057699857876,54.78963777505128,9520300
2017-05-11,55.11652755737305,55.183245492415644,54.77625947132798,55.103180916213226,10047300
2017-05-12,55.076507568359375,55.18325526528194,54.87634863753159,54.96975478118374,7480200
2017-05-15,55.24330520629883,55.496835441497026,55.14322574047611,55.37674110056039,10881500
2017-05-16,55.076507568359375,55.5301967333497,55.00978453124807,55.31002292748975,9574200
2017-05-17,54.702880859375,55.403432064873556,54.68286598326132,55.07651054442578,11151100
2017-05-18,54.54275131225586,54.80962817770584,54.32257751649066,54.55609286491459,9905800
2017-05-19,54.66286087036133,54.76960859211801,54.5027367425992,54.70956395305255,13028500
2017-05-22,54.903045654296875,54.929733855378146,54.66285693481933,54.7829512945581,9218700
2017-05-23,55.096534729003906,55.30336193745941,54.869687550799064,54.923063956288935,6857200
2017-05-24,54.903045654296875,55.069843093364405,54.71623333698187,54.98977849012059,8136000
2017-05-25,54.54275131225586,55.18325273518412,54.38929546028995,54.9297225126457,12370900
2017-05-26,54.40931701660156,54.576114426106464,53.92893966278695,54.44934676600178,8227100
2017-05-30,54.109107971191406,54.26923214588797,54.06907820008121,54.22920237477776,8973600
2017-05-31,53.708770751953125,54.00900408030366,53.68875587543021,54.002335848298316,13572300
2017-06-01,53.842201232910156,53.97564221337916,53.50193818578327,53.622032523078914,9884100
2017-06-02,53.041595458984375,53.82887972097949,52.88147131305879,53.76882998484813,21687300
2017-06-05,53.45523452758789,53.635373486424754,52.97485718368575,53.00154537948619,11527100
2017-06-06,54.18246841430664,54.25585967970646,53.52195211596106,53.5753285072069,12208600
2017-06-07,53.98231506347656,54.309236554827635,53.602012090151206,54.075721203862585,13096500
2017-06-08,53.78885269165039,54.09575944121686,53.702114745079264,53.98233837751394,11720700
2017-06-09,54.79627990722656,54.80295322848413,53.83553034649692,54.14243695106012,13553900
2017-06-12,55.33005142211914,55.83711710551246,54.79629753536256,54.79629753536256,18172900
2017-06-13,55.35005569458008,55.5568828681903,55.0898521244726,55.27666442195968,12175500
2017-06-14,54.75627136230469,55.256663755072275,54.416003109951426,55.24999043123074,13714000
2017-06-15,54.883033752441406,54.976439916164466,54.429344489963306,54.56278041235221,11862600
2017-06-16,55.703670501708984,55.73703202513054,54.842995118021854,55.11654535736789,39726100
2017-06-19,55.21663284301758,55.70367857796265,55.076523586790046,55.70367857796265,10445700
2017-06-20,54.9163932800293,55.023146096154555,54.31592650521524,54.75626914609584,13232600
2017-06-21,54.33592987060547,55.129882138698456,54.135770927916234,54.736242665730565,11422300
2017-06-22,54.09573745727539,54.429332278659295,53.97564311796706,54.342594367337554,8139900
2017-06-23,54.44935607910156,54.50273248093343,53.882245807836085,53.94229044220655,10611200
2017-06-26,54.20248031616211,54.542748428879044,53.982311622288854,54.42265410028793,7718700
2017-06-27,54.115760803222656,54.52942027898269,54.115760803222656,54.342602873951385,9221600
2017-06-28,54.39597702026367,54.54943289547117,54.16913495893927,54.31591751168028,9189700
2017-06-29,53.842201232910156,54.60279700569826,53.648720719172715,54.289222154665175,20525100
2017-06-30,53.86223220825195,54.20249532493584,53.84221223939941,54.09574760899206,14000600
2017-07-03,54.77627944946289,55.036483054207615,53.85555939346263,53.90226247405132,8422300
2017-07-05,53.94227600097656,54.496044568658085,53.72210222005463,54.496044568658085,9830800
2017-07-06,53.45523452758789,54.09573595603978,53.43521456304791,53.94895342426381,9822400
2017-07-07,53.521968841552734,53.77549914381933,53.24841856862307,53.50862219444403,10777800
2017-07-10,53.48192596435547,53.648723380526356,53.34848497726684,53.37517317468457,6338300
2017-07-11,53.77549743652344,53.87557692564359,53.40187277341272,53.595358428310554,9681100
2017-07-12,54.01567840576172,54.38930301513765,53.875569177245744,54.169134279043135,7974000
2017-07-13,54.02234649658203,54.10240599640755,53.86222240667795,54.02234649658203,5582300
2017-07-14,54.22917556762695,54.31591348249616,53.888907410628015,54.04236327445207,7497200
2017-07-17,53.94894790649414,54.329245749811896,53.9289330342541,54.04235403711588,7914700
2017-07-18,53.77549743652344,54.095750783657095,53.64873483454188,54.05571593385647,8046100
2017-07-19,53.94227600097656,53.95562264298833,53.55530482667483,53.66873092276498,9393200
2017-07-20,53.94894790649414,54.36927549429197,53.875556648112436,54.02233916487584,9681000
2017-07-21,53.45523452758789,53.935606781237155,53.375169940186574,53.80884421400116,12268600
2017-07-24,53.288448333740234,53.52196373331105,53.21505705241027,53.41521092764785,9403000
2017-07-25,53.555301666259766,54.075713778706174,53.555301666259766,53.88889643333321,11465300
2017-07-26,53.622047424316406,53.975657212882645,53.50862128683409,53.76215667505467,10465100
2017-07-27,53.9289436340332,53.96230006423872,53.30845702137314,53.53529907168269,11149700
2017-07-28,53.10830307006836,53.32180358641044,52.22093948110595,53.141664593662426,22800800
2017-07-31,53.40187072753906,53.63538613303708,53.10830559476781,53.26176148424026,12820200
2017-08-01,53.488590240478516,53.73545223064686,53.35515435351081,53.48192200930709,10421200
2017-08-02,53.77549743652344,53.80218563963909,53.24174864497302,53.30846660763504,10410100
2017-08-03,53.70210266113281,53.922276504840134,53.57534006738787,53.60202317851549,10136700
2017-08-04,53.5152702331543,53.74878554468118,53.40852255799287,53.66872606087312,8292200
2017-08-07,53.48192596435547,53.48859419602001,53.281767028849124,53.48859419602001,7893800
2017-08-08,53.348487854003906,53.52195860144666,53.261755025409244,53.38851760716244,9028400
2017-08-09,53.5152702331543,53.60867635776505,53.22837853892069,53.541958424507655,8087100
2017-08-10,53.198665618896484,53.74432585196806,53.15824786521482,53.73085498060493,12580300
2017-08-11,52.68668746948242,53.38729102204331,52.679949463706045,53.36034413853029,10192400
2017-08-14,52.700157165527344,53.07740321031594,52.626054529645025,52.96288282380396,8862500
2017-08-15,52.57217025756836,52.71363754989681,52.32965343083591,52.62606402786286,10350900
2017-08-16,52.18818664550781,52.659744291183785,52.08039910387167,52.57217076829907,9117100
2017-08-17,51.37305450439453,52.06018198499625,51.33936961806642,52.04671111422024,13400400
2017-08-18,51.62904357910156,51.945663016721106,51.23158863542917,51.319162146850495,14324300
2017-08-21,51.45390701293945,51.615588353237044,51.251813046958105,51.514538800449486,10084900
2017-08-22,51.6963996887207,52.09385970643989,51.55493243686547,51.56840844538007,9503600
2017-08-23,51.60883712768555,51.87830081957228,51.514525606464055,51.66946376007403,7054300
2017-08-24,51.42021560668945,51.63578553865874,51.33263694896929,51.53473600876226,8678300
2017-08-25,51.68294143676758,51.95913800364655,51.4875803823446,51.575153900702794,6844900
2017-08-28,51.5145263671875,51.83114582436055,51.37305908326619,51.8041989408147,8229700
2017-08-29,51.50104522705078,51.52799210791321,51.25179557335933,51.33936908146822,7060400
2017-08-30,51.2652702331543,51.5010490336376,51.23832335030015,51.35958175334762,8218000
2017-08-31,51.42021560668945,51.5279980028778,51.2315925586654,51.3797927109753,15641700
2017-09-01,51.58189392089844,51.770516976785025,51.41347974391502,51.44716463514882,7361100
2017-09-05,51.99281692504883,52.11407531940556,51.60883286618453,51.62904174197865,12784800
2017-09-06,53.07067108154297,53.367081657891994,52.26228514189057,52.471117062722406,18574400
2017-09-07,53.239097595214844,53.44119669679778,52.95616296467365,53.232359587937104,9836400
2017-09-08,53.097618103027344,53.24582339158765,52.96962169207209,53.225614513982606,8436000
2017-09-11,53.38729476928711,53.50181517756121,53.15151594648959,53.495082310904756,12955800
2017-09-12,53.55571365356445,53.68371008558246,53.38056145284403,53.48834900393147,7644400
2017-09-13,53.73759460449219,53.73759460449219,53.47486889333662,53.55570955045869,8369700
2017-09-14,53.953163146972656,54.04747981429123,53.73759320651475,53.79148697652742,9072600
2017-09-15,53.939701080322266,54.03401262344511,53.58940179723652,53.973385976977696,16043700
2017-09-18,53.953163146972656,53.98684803812877,53.69043744265186,53.751069218814315,8594400
2017-09-19,54.040733337402344,54.15525372603391,53.885790057801046,53.9329458142724,9277100
2017-09-20,54.26303482055664,54.33713744903145,54.06767381272227,54.081144681721604,10606900
2017-09-21,53.81842041015625,54.249560183312965,53.73084691046837,54.22261330504173,11984200
2017-09-22,53.8386344909668,54.09462728950611,53.67022034017704,53.70390522617179,10205800
2017-09-25,54.552734375,54.566205250677605,53.87907752005336,53.912757279044335,10496600
2017-09-26,54.492088317871094,54.56619096368054,54.269780380442775,54.37082991014588,8755100
2017-09-27,54.855857849121094,54.86932871987388,54.42471803074328,54.4920826636913,9724500
2017-09-28,55.36784362792969,55.54299066249603,54.94343663437518,54.990592395926505,15581700
2017-09-29,55.22639465332031,55.2802832989651,54.95693086671935,55.199447760700785,9944000
2017-10-02,54.99060821533203,55.11860466476092,54.734620456068264,54.76830535526346,6777900
2017-10-03,55.07816696166992,55.21963423581591,54.76828553169411,54.842388171426606,6082000
2017-10-04,55.098365783691406,55.152259537224545,54.8693199009712,55.105103787780855,6357100
2017-10-05,55.25331497192383,55.40152025404078,54.963642413129485,55.05122106506709,7375900
2017-10-06,55.04448699951172,55.165745408141895,54.80870818817321,55.08490475585757,6070600
2017-10-09,55.260047912597656,55.361097426560626,55.07816289913773,55.13205151893844,7489900
2017-10-10,55.41499328613281,55.73834557555896,55.30046775818541,55.468881907975856,7218500
2017-10-11,55.64404296875,55.73835449655998,55.33416150028966,55.34763751260125,7023700
2017-10-12,55.529510498046875,55.57666625170708,55.35435835319825,55.44866986051866,6647500
2017-10-13,55.516048431396484,55.96739716508446,55.48236354218709,55.73161835939615,7180000
2017-10-16,55.785526275634766,55.87983783052015,55.60364117395418,55.711423605425644,5734000
2017-10-17,55.88655090332031,55.893288908404145,55.603616364903026,55.66424299188159,6444100
2017-10-18,55.7518196105957,56.17622140277924,55.60361434169587,55.88654886981822,6367100
2017-10-19,55.73834991455078,55.94718697147054,55.46215335998157,55.47562423159299,7945500
2017-10-20,55.98762130737305,56.00109218297404,55.65753088941276,55.812469086996735,9574100
2017-10-23,56.07518768310547,56.42549207910012,55.94045838593413,56.014561041256336,9829900
2017-10-24,56.23012924194336,56.45917006789024,56.12234169590265,56.28402301496371,7551200
2017-10-25,56.02802276611328,56.405273987858095,55.87981747966986,56.21664580718949,9153300
2017-10-26,56.23012924194336,56.351387661442615,55.98761240294485,56.16276459546445,9154500
2017-10-27,56.39180374145508,56.74884098279061,55.246589366651335,55.913508084232674,14866200
2017-10-30,56.27727508544922,56.55347162919079,56.18970157442719,56.39179547823006,7811100
2017-10-31,56.14928436279297,56.37159230510067,56.02802595240628,56.351383426635,9754200
2017-11-01,56.49958038330078,56.546736139292314,56.08864944983512,56.17622295679313,9430000
2017-11-02,56.27054977416992,56.391808199643165,55.85288586166801,56.31770554298767,7775500
2017-11-03,56.03476333618164,56.344644794930346,56.02129246388502,56.196439501704305,6903500
2017-11-06,56.41875457763672,56.49959524041945,55.95392976092425,56.115611086489714,9276700
2017-11-07,56.304229736328125,56.46590590959769,55.93371648550947,56.41201213864354,8471800
2017-11-08,56.23012924194336,56.25033812192772,55.81919821695105,56.15602658893864,8691600
2017-11-09,56.56695556640625,56.681475975234456,55.96740149713753,56.115606797782455,10528800
2017-11-10,56.39018249511719,56.485366856090145,56.03663613679596,56.43777467560367,8693700
2017-11-13,56.35617446899414,56.49215061800363,56.15900542192007,56.19300205275124,6720400
2017-11-14,55.91425323486328,56.26099921414637,55.8122685130555,56.03663386360094,9251700
2017-11-15,55.21396255493164,55.81226493082654,55.17317074369006,55.58110441758013,9663600
2017-11-16,54.77204513549805,54.96921424815904,54.49329238115618,54.69046149381717,10527200
2017-11-17,54.55448913574219,54.84004749033463,54.50010176134568,54.608881697298855,9536400
2017-11-20,54.765235900878906,54.82642361643527,54.398094046066774,54.54767093363742,8468600
2017-11-21,54.98281478881836,55.24117163184224,54.82643749754121,54.86043413956298,8838400
2017-11-22,55.1391716003418,55.34994138553404,55.105180154906684,55.179968596884926,7941600
2017-11-24,55.35674285888672,55.547111573881985,55.22076668736394,55.370343588334066,3851300
2017-11-27,55.14597702026367,55.343146095632726,55.08478411341753,55.28875355336022,9127500
2017-11-28,55.52671813964844,55.75108350109532,55.281956870280695,55.34995014622848,9794600
2017-11-29,55.93464660644531,55.96184287683856,55.397537124442835,55.513117383245486,9725000
2017-11-30,56.62814712524414,56.70293558338298,56.02984464729239,56.0570357346529,18592700
2017-12-01,56.74372100830078,57.199246884070625,56.02983833444319,56.73012546615232,13779300
2017-12-04,56.81850814819336,57.23324220079871,56.43097036641635,56.57374689789648,12597700
2017-12-05,56.35617446899414,56.95447678665651,56.233793860022566,56.70972075587095,9357200
2017-12-06,55.941463470458984,56.56696231251649,55.8938712800233,56.32900136033806,13398900
2017-12-07,56.12502670288086,56.172618884540015,55.86666469916653,56.02304197442303,11359600
2017-12-08,56.1998176574707,56.3629901179652,55.927860098540556,56.08423219359307,11988600
2017-12-11,56.45136260986328,56.60093949613467,56.2541935495199,56.45816297391869,8760700
2017-12-12,56.26778793334961,56.68931708841407,56.22699094077501,56.356171907472756,11307000
2017-12-13,56.5125617980957,56.63494242891613,56.07743181899163,56.165815812911404,10172700
2017-12-14,56.36299133300781,56.655344807407296,56.35619096741924,56.451375337022874,9492400
2017-12-15,56.45136260986328,56.621335401142964,56.34258272076641,56.5397517811098,26582300
2017-12-18,56.39018249511719,56.88650020773921,56.36978658735993,56.553354944333876,9363500
2017-12-19,56.05023193359375,56.54654960253339,55.97544348696041,56.45136524993789,10285100
2017-12-20,56.34259796142578,56.52616634331355,56.104631839538094,56.15902439237867,10620300
2017-12-21,57.00886535644531,57.29441836180102,56.40376271726702,56.6689198204055,13578100
2017-12-22,57.09046936035156,57.124460810715924,56.83890772929398,57.029276450241944,10161400
2017-12-26,57.097267150878906,57.35562394806537,57.04287460815806,57.08366642161951,4777200
2017-12-27,57.04286575317383,57.17884190170947,56.93408068461925,57.104053463867594,7000600
2017-12-28,57.12446594238281,57.144867039024454,56.97489421045765,57.097274854512115,7495300
2017-12-29,56.86611557006836,57.24685308941714,56.86611557006836,57.11087688598105,8523400
2018-01-02,57.81114959716797,57.926729859630996,56.87970194570216,56.988481843561964,11469300
2018-01-03,58.946571350097656,59.130144898790526,57.66837762302352,57.899543353385134,13957700
2018-01-04,59.02814865112305,59.300106144940735,58.7629915211192,59.00775274683933,10863000
2018-01-05,58.98058319091797,59.0689672118956,58.273495461616626,58.98058319091796,11047600
2018-01-08,59.245731353759766,59.25253171961041,58.87858940521486,58.946577502243336,10927100
2018-01-09,58.994163513183594,59.25252551686866,58.91257988015359,59.10974897190738,8131600
2018-01-10,58.52503967285156,59.27971937052646,58.457051585715504,59.15053837395696,10822300
2018-01-11,59.10295486450195,59.402108716375984,58.42306351908592,58.71541700510119,14366000
2018-01-12,59.50408172607422,59.823631453231215,59.272921183884996,59.28651672694841,9834500
2018-01-16,59.13014221191406,59.6672569161456,58.87858058471949,59.65365618648182,10882800
2018-01-17,59.83042907714844,59.97320561498716,59.102945658355814,59.286514010674594,10546000
2018-01-18,59.44288635253906,59.959605104156864,59.38169344873105,59.67404686498293,9223700
2018-01-19,59.252525329589844,59.66725942004409,58.88538342063894,59.53807841860986,13090000
2018-01-22,60.00039291381836,60.02758918179063,59.18452562328108,59.26610924004017,10270400
2018-01-23,60.03438949584961,60.143169380490875,59.65364693171087,60.00039286412299,10281800
2018-01-24,60.1907844543457,60.455941683797114,59.83724321079705,60.16358817604816,10316100
2018-01-25,60.08198928833008,60.42193490008154,59.96640383809421,60.204369916046936,11271900
2018-01-26,60.51031494140625,60.51031494140626,60.14997344641957,60.26555370195152,10514400
2018-01-29,59.83722686767578,60.71428715137441,59.796429867792355,60.23155982738819,9315700
2018-01-30,59.0009651184082,60.08879014132865,59.0009651184082,59.51768394947999,12408000
2018-01-31,59.35450744628906,59.47008771240358,58.69501211221675,58.851384192922616,14404700
2018-02-01,60.55790328979492,60.68028390178904,59.38848970566395,59.49047441351866,17971000
2018-02-02,57.47122573852539,58.477467407145156,56.43099260834138,57.87915958741869,29822100
2018-02-05,54.200927734375,57.104060899615874,53.11989802026843,56.62133876615232,30452700
2018-02-06,53.26948165893555,54.62926424212297,52.28364136098822,53.378266755426814,36262800
2018-02-07,52.310829162597656,53.99016121078685,52.297228434159635,53.330665934810554,21994500
2018-02-08,51.719329833984375,52.74596712657054,51.692133560129776,52.65078276165885,25650800
2018-02-09,52.04900360107422,52.52979723223136,50.75773960807591,52.3718209093739,29491600
2018-02-12,52.488582611083984,53.31279801171402,52.09021209612282,52.92129739947988,19340400
2018-02-13,52.40616989135742,52.715247421854706,52.014669240633765,52.26879802431347,11926600
2018-02-14,52.51605224609375,52.653424087244616,51.63002352142037,52.055868368688174,17188400
2018-02-15,52.344364166259766,52.680916153268875,51.82236142299916,52.6259726330853,14432400
2018-02-16,52.571014404296875,52.96938498504126,52.097090601680236,52.303145795913885,13722400
2018-02-20,52.02840042114258,53.20977219983032,51.829215157042846,52.52292862991425,13387300
2018-02-21,51.43772888183594,52.502338808289714,51.42399431229422,52.07649378966779,11715000
2018-02-22,52.10395431518555,52.77705808800314,51.643770374965264,51.719323587861204,14020200
2018-02-23,53.2509880065918,53.312806660763215,52.165773768482545,52.261931461459184,13378800
2018-02-26,54.150760650634766,54.21257931522702,53.27160145796116,53.39523354694352,16940400
2018-02-27,53.23037338256836,54.85819442925576,53.23037338256836,54.26063867384387,14629500
2018-02-28,52.02153396606445,53.74551290807164,51.9940595926228,53.6836994979786,17087800
2018-03-01,51.650634765625,52.66716556274045,51.41711046532316,51.8772944031184,15696700
2018-03-02,51.89104080200195,52.11083056441104,51.1561182926777,51.43772146941999,15630300
2018-03-05,52.38556671142578,52.58475201331884,51.59570064831391,51.67125387455616,14891000
2018-03-06,52.323760986328125,52.873238123382755,52.10397117954674,52.66031298166786,10754300
2018-03-07,51.005008697509766,51.67811251071671,50.52421501930385,51.51327150914372,27255500
2018-03-08,50.90885925292969,51.35530348613518,50.613516238848106,51.16985798436386,19299800
2018-03-09,51.21105194091797,51.55447370605867,50.970657753359525,51.38963272604721,19714100
2018-03-12,51.678123474121094,51.91165307940985,51.30036254703344,51.423994634491706,14226700
2018-03-13,51.190452575683594,52.0764814468827,50.998137206468435,51.739929550756166,13739700
2018-03-14,50.55168533325195,51.36903085242234,50.503606493312546,51.26600326963775,14820700
2018-03-15,51.114906311035156,51.51327691012179,50.89511653916003,51.066827462193764,15640600
2018-03-16,51.59569549560547,51.59569549560547,51.073692868299375,51.073692868299375,32109700
2018-03-19,50.92945098876953,51.520136869199696,50.730265727675594,51.51326696634805,12744800
2018-03-20,50.81956100463867,51.30721937507179,50.792086629377486,50.97753735234015,13003200
2018-03-21,51.5407600402832,51.952865277515585,50.81270727983259,50.98441823202961,15418500
2018-03-22,50.483009338378906,51.30721963965968,50.40745611607135,51.114904252040915,17737000
2018-03-23,50.06404113769531,50.97067468930445,49.912934672393455,50.69593613786489,20157300
2018-03-26,50.82643508911133,50.92946269476474,49.967880442335805,50.58604083605452,15032700
2018-03-27,50.6203727722168,51.43771835808075,50.33189970904163,50.826427954599616,15821900
2018-03-28,50.00907516479492,50.8332905353948,49.98847069756496,50.647839849924736,18163900
2018-03-29,51.24540710449219,51.43772249541095,50.31816918959019,50.366248037319885,14882900
2018-04-02,50.29069137573242,51.10116706791373,49.562638805539414,51.01187404237615,17891100
2018-04-03,51.52701950073242,51.60944264309396,50.20828066416171,50.44867494579664,15999200
2018-04-04,51.42399597167969,51.554492727244146,50.44180915138847,50.86078427865829,13122200
2018-04-05,52.21385192871094,52.41990711963908,51.527008279218705,51.554482654022536,14200000
2018-04-06,51.42399597167969,52.28255070129781,50.977546464237825,51.95286337943548,14299600
2018-04-09,51.42399597167969,52.0558909950301,51.375917116429164,51.664390247932324,11103100
2018-04-10,52.935035705566406,53.415824126426834,52.241322206724284,52.255062013149306,19006100
2018-04-11,53.18230438232422,53.601279430822984,52.715250487614185,52.96251462247251,13734000
2018-04-12,53.03805923461914,53.66995403659928,52.893822719397605,53.47763868297057,13270400
2018-04-13,53.463897705078125,53.70429713204217,53.29905672561156,53.436428575333906,10925000
2018-04-16,53.944705963134766,54.31560219777164,53.374624422477986,53.65623286070664,10743600
2018-04-17,53.80046081542969,54.09580377506767,53.601275541236554,53.94469734359696,10478100
2018-04-18,54.41175842285156,54.78265464742917,54.219443026448694,54.28812634799236,12061400
2018-04-19,54.54911804199219,54.82385653299202,54.13014302226264,54.48043472929244,11291500
2018-04-20,54.26065444946289,54.535392988386604,53.8004704098817,54.48044423256151,12072200
2018-04-23,54.65214538574219,54.672749855439505,54.088933839811865,54.205695994897226,11729800
2018-04-24,53.8141975402832,54.89941173691743,53.55319884649313,54.810123951194754,14102000
2018-04-25,54.60408020019531,54.68650333980045,53.223522742971504,53.71118119518044,13867500
2018-04-26,55.538177490234375,55.56565186482701,54.624674185783554,54.67275303127038,14554400
2018-04-27,53.42955780029297,54.020243643952526,52.52979447015581,52.85260652128123,16346800
2018-04-30,53.402095794677734,53.95843749522408,53.395225890663184,53.51199329810492,15028800
2018-05-01,52.85260772705078,53.06553278545093,52.18637390232862,53.06553278545093,16231000
2018-05-02,52.749595642089844,53.04493862806227,52.40617380910801,52.50919616684151,13883700
2018-05-03,52.571014404296875,52.61909325092456,51.78801305053102,52.46798680718005,12243100
2018-05-04,52.81827926635742,53.03806903112988,52.15890997204004,52.28940670599156,9887200
2018-05-07,53.395225524902344,54.31559876909561,53.1617011920213,53.395225524902344,15071500
2018-05-08,53.6356201171875,53.6837042050772,52.454253396817165,53.43644006262259,17430400
2018-05-09,54.8994255065918,55.11234540913484,54.226316272452316,54.24692598835854,17142100
2018-05-10,56.128868103027344,56.176946952505446,55.290917949093306,55.38707564804951,17710300
2018-05-11,56.39250564575195,56.87123309600994,56.13580101917399,56.32312616000968,14751000
2018-05-14,56.77408218383789,57.114045258077965,56.621444189150665,56.683884117897044,11852100
2018-05-15,56.746360778808594,56.91287264103091,56.475777017703585,56.787987421035005,12595700
2018-05-16,56.90593719482422,56.9267558107511,56.316203449838504,56.725551536660994,9570000
2018-05-17,56.808799743652344,57.086323038022776,56.50352888382979,57.030817320485376,11224100
2018-05-18,56.4063720703125,56.75327471454981,56.378619223575804,56.57982339243116,10030900
2018-05-21,57.08631134033203,57.134877509896306,56.55901771840885,56.70472152041716,8822400
2018-05-22,56.642269134521484,57.34301402984863,56.44106494503884,57.19731553952979,10753400
2018-05-23,56.996124267578125,57.05162997932167,55.899910280565294,56.16355447137308,15140900
2018-05-24,55.69175720214844,56.4480078416664,55.469739685589204,56.44106830552904,13360500
2018-05-25,54.60942840576172,55.039589706672295,54.17926710485114,55.00489731553013,14562000
2018-05-29,54.40822219848633,54.62330548775666,53.79073577054498,54.22089705577012,14644800
2018-05-30,56.54514694213867,56.65615836036266,54.96327128565722,54.98408460324527,16627500
2018-05-31,56.3647575378418,56.57984084305968,55.98316768747753,56.06642096005073,15803100
2018-06-01,56.77408218383789,57.13485856766009,56.57981756998642,56.80183502771863,9906100
2018-06-04,56.177433013916016,57.259767916084265,56.066421591480314,56.926744235409096,10954700
2018-06-05,55.97623062133789,56.64922283536462,55.78890545646301,55.913785370835505,12059300
2018-06-06,56.933685302734375,56.95449862360652,56.10806024601188,56.5312820814675,11603300
2018-06-07,57.50260925292969,57.78707210471355,57.280591660961505,57.398542642098455,13502500
2018-06-08,58.00212478637695,58.04375670581537,57.23893997865777,57.66216165529847,14350400
2018-06-11,57.65522384643555,58.13395123445413,57.537278206676255,58.085385071417086,10831600
2018-06-12,57.18344497680664,58.106207512778454,57.11406548918585,57.662172440026644,12351800
2018-06-13,56.55208969116211,57.308335170832265,56.5243368350298,57.1973290396191,12049300
2018-06-14,56.815738677978516,57.1002015073477,56.54515492450449,56.85043107439991,11477300
2018-06-15,55.962364196777344,56.76717596843984,55.85829229446908,56.69779646467327,23797500
2018-06-18,56.07337188720703,56.4619013536451,55.712595281702676,55.78197478737847,9192600
2018-06-19,55.99009704589844,56.17048794292687,55.30323114052252,55.42811633180136,8759700
2018-06-20,55.81665802001953,56.28844603651783,55.691772801143024,56.094181316780286,8917700
2018-06-21,55.28936004638672,55.76808222511303,55.0395896516966,55.51831183042291,10990700
2018-06-22,56.46188735961914,56.85042202307625,56.14273747795787,56.30925460228906,16012200
2018-06-25,55.32403564453125,56.36474364164674,55.01876489816463,56.045593824395745,10557200
2018-06-26,55.94846725463867,56.2051771592512,55.48361890518895,55.60850408941732,10382800
2018-06-27,56.690834045410156,57.225067124757174,56.23985951296928,56.23985951296928,12725900
2018-06-28,56.871238708496094,56.940618201085265,56.219059832862726,56.70472686761889,9390700
2018-06-29,57.398521423339844,57.96050208734643,57.093245362242456,57.20425147053198,17323200
2018-07-02,56.725528717041016,56.982233317050856,56.42025265939157,56.815721509839754,9998300
2018-07-03,57.058555603027344,57.898059516383,56.94754948962683,57.294452195640666,7197300
2018-07-05,57.10712432861328,57.42627419724653,56.92673872459152,57.30138900575391,9035700
2018-07-06,57.12102127075195,57.37772597728543,56.65617274884588,56.86431127090137,7637100
2018-07-09,57.51648712158203,57.67605945038216,57.2805904575809,57.45404186307824,7158600
2018-07-10,58.04375457763672,58.36290438395165,57.9396827228284,58.07150213182548,8806200
2018-07-11,57.3013916015625,57.953570441492204,56.91286222968047,57.60666770422163,10405300
2018-07-12,57.370784759521484,57.75237465023995,57.107135252982275,57.5928023320555,9762200
2018-07-13,57.800926208496094,58.1062022785067,57.28057215824081,57.3638307118751,8720000
2018-07-16,57.232025146484375,57.44016895357455,56.8920618686662,57.25283846853001,8306900
2018-07-17,57.10712432861328,57.4124004174431,56.91979918803208,57.072437232446994,7373300
2018-07-18,57.044681549072266,57.11406103127781,56.53820127167299,56.7532845478199,8711900
2018-07-19,56.89899826049805,57.3222200964107,56.69779400298903,57.03081772393618,8659100
2018-07-20,56.47575378417969,56.84346975474966,56.371681928111045,56.697771273579356,9196300
2018-07-23,56.47575378417969,56.89203591513976,56.32311576772094,56.85734353201205,8425900
2018-07-24,57.5927848815918,57.59971912406122,56.5312635191356,56.55901107564301,11121000
2018-07-25,57.99518966674805,58.099261533296335,57.245883872893415,57.592786565844364,9523600
2018-07-26,58.446163177490234,58.55717457803376,57.84255589030832,58.16170572689857,13210100
2018-07-27,56.836544036865234,57.15569392463292,56.06641952537434,56.17743094371916,18220800
2018-07-30,56.71165466308594,56.982238358737824,55.99703591337374,56.982238358737824,11282800
2018-07-31,56.55208969116211,56.99612480264691,56.503523516259584,56.64228250360506,11716800
2018-08-01,55.77501678466797,56.1496723432691,55.65707113473295,56.12191949152288,8936300
2018-08-02,55.441993713378906,55.68482455198034,55.122838561713834,55.42811464070723,8364300
2018-08-03,55.64319610595703,55.7125808870226,55.24772720313515,55.483623813463716,7811100
2018-08-06,55.629329681396484,55.802781070364006,55.32405354295242,55.677895858574736,10041800
2018-08-07,56.38557052612305,56.607588073879256,55.719517882854426,56.135805416548706,10698100
2018-08-08,56.010929107666016,56.35783191194328,55.7472795886926,56.212128076028115,7275000
2018-08-09,55.72644805908203,56.1357959869019,55.5807495640897,56.0109108064349,9828500
2018-08-10,55.67036819458008,55.740463283997926,55.277831415510114,55.7334575185949,12954300
2018-08-13,55.06755447387695,55.90170068445072,54.97643136979705,55.69141001606467,10308500
2018-08-14,54.89231872558594,55.42505120923688,54.73110050089948,55.368972979817975,8005900
2018-08-15,53.932003021240234,54.604925712704876,53.63058923098807,54.520808370803984,16307800
2018-08-16,54.675010681152344,54.74510577910965,54.114239201667566,54.170317419198675,11519900
2018-08-17,54.85725021362305,55.01846836886551,54.53480855522611,54.91332307097451,10178400
2018-08-20,55.2427864074707,55.37597083346564,54.794171375387066,54.85726070535262,8152100
2018-08-21,55.25680923461914,55.782530482409825,55.14465280142551,55.41102165630383,9192200
2018-08-22,56.04890823364258,56.111997580325784,55.39000239095842,55.45309173764163,10098200
2018-08-23,55.43205642700195,55.81758218043033,55.305883098191245,55.76851507188803,7203900
2018-08-24,55.810577392578125,56.11199116402987,55.67038183148788,55.740476938076085,6545200
2018-08-27,56.357322692871094,56.40638979877583,55.97880272678596,56.01385295153796,6671900
2018-08-28,56.27321243286133,56.65173244650695,56.217134205377356,56.483503111969156,8823400
2018-08-29,56.679771423339844,56.80594476091695,56.147038959357175,56.385368751631304,8004800
2018-08-30,56.43442916870117,56.62368647865796,56.16105452770055,56.392367829222515,7450900
2018-08-31,56.19609832763672,56.399377862828125,55.91571257744466,56.24516543282682,10700000
2018-09-04,56.280216217041016,56.56060197002284,55.94375224388015,56.36433354730959,8855000
2018-09-05,57.03025436401367,57.07932147772164,55.79656005775207,56.00685074388011,13878400
2018-09-06,56.39937973022461,57.226514779325456,56.31526239800783,56.85500592088342,13320600
2018-09-07,57.359683990478516,57.42977907476017,55.95074980039504,56.18206839164542,16417800
2018-09-10,57.275577545166016,57.99756721125396,57.24053267033361,57.64708637545102,10817900
2018-09-11,58.08171081542969,58.31302955521602,57.21952521618773,57.45084395597406,11891900
2018-09-12,58.270938873291016,58.726565006256855,58.088692698434976,58.35505619485656,11556300
2018-09-13,57.70316696166992,58.3550615569433,57.48587054588325,58.2849664564876,11162700
2018-09-14,58.12375259399414,58.284976165019295,57.668126343268376,57.773271685422664,9442600
2018-09-17,58.467227935791016,58.60741816053561,58.17281990716453,58.17983102277604,8403300
2018-09-18,58.62141036987305,58.971891132130146,58.49523708154402,58.810672976322614,9219900
2018-09-19,59.322383880615234,59.420518086042506,58.6284333285472,58.6284333285472,10413600
2018-09-20,59.45555877685547,59.820056431734486,59.259290397465826,59.48359788075574,11198200
2018-09-21,59.700904846191406,59.88315637993115,59.24527868579863,59.588753758599154,26639400
2018-09-24,60.703285217285156,61.04675497022229,60.08644081536959,60.135507922932035,13549500
2018-09-25,60.6331901550293,61.236017675733194,60.542067054611685,61.00469901938815,12200700
2018-09-26,60.12847900390625,60.63317215962921,60.065395033396904,60.296708273176556,10275500
2018-09-27,60.121482849121094,60.54906991532823,59.9953095287991,60.34579037992538,7895400
2018-09-28,59.595760345458984,60.23363804837446,59.57473235049048,59.756983886739654,9884900
2018-10-01,60.14951705932617,60.30372947692611,59.76399136323928,59.82707534430492,8566900
2018-10-02,60.60515213012695,60.752353455553965,60.0163468284189,60.1425201570583,8453100
2018-10-03,60.387855529785156,60.906565724772676,60.26869331638097,60.640202186355026,10206700
2018-10-04,59.98830032348633,60.33878115452154,59.756981691503945,59.93222210702155,10204600
2018-10-05,59.82006072998047,60.07240733530249,59.53266925319922,59.79903273752241,9217400
2018-10-08,60.37381362915039,60.499986916325796,59.33639357718543,59.4345277618872,13242400
2018-10-09,60.64019775390625,60.899550158485994,60.100454253728614,60.549069310858606,10177900
2018-10-10,59.245269775390625,60.85748353187084,59.23125289701716,60.79439955732167,16573400
2018-10-11,57.19847869873047,58.99995021281104,56.89706492721128,58.838732002413465,20320100
2018-10-12,57.04426574707031,57.64709328473623,56.26619777049951,57.56998706378498,15216300
2018-10-15,56.651737213134766,57.29662083971801,56.651737213134766,57.04427414272203,10558800
2018-10-16,56.91808319091797,56.96715029194118,56.0839424735234,56.43442329452145,9781800
2018-10-17,57.12838363647461,57.142400518640734,56.31526542507952,56.73584676085702,12247700
2018-10-18,57.37369918823242,57.808297254712805,56.918073131874465,56.918073131874465,17448600
2018-10-19,57.45783615112305,57.80130591508053,57.13539438423649,57.24053971750497,12098700
2018-10-22,56.88302993774414,57.60501946697293,56.525538055575055,57.478846176084545,9474100
2018-10-23,55.96479797363281,56.39939629586612,55.179724034005055,56.11901045403544,15465100
2018-10-24,54.40864562988281,56.25918397273045,54.359578527910074,56.1680555348432,16085700
2018-10-25,54.89231872558594,55.41103432583931,54.4927706998263,55.018492067821306,12315500
2018-10-26,54.34554672241211,54.962396293259886,53.94599886307302,54.58387642421568,18160100
2018-10-29,54.009098052978516,54.97642321872348,53.427298591562895,54.724076593239914,15707000
2018-10-30,55.221763610839844,55.397004041363154,54.268455240959945,54.408650794126714,17758200
2018-10-31,55.852638244628906,56.322281382321464,55.305888878609004,55.61430844400411,16629100
2018-11-01,56.54657745361328,56.60265567152387,55.58626337448222,55.95777220929175,14159300
2018-11-02,57.443817138671875,57.79429803725539,56.23816733979244,57.31063803379173,19350400
2018-11-05,57.22650909423828,58.0886942830886,57.08631890238421,57.82933654545424,15815000
2018-11-06,57.47185516357422,57.54896138763503,57.023240049718915,57.296614717602175,9063200
2018-11-07,58.20084762573242,58.277953838618515,57.2405335436454,57.626059260162656,12699800
2018-11-08,57.275577545166016,58.70553999699156,57.15641534449217,58.270941835347195,16865500
2018-11-09,57.26142120361328,57.636696117771756,56.42590132973868,56.82949959241637,15070100
2018-11-12,56.5250358581543,57.87036533225528,56.454230181017806,57.82080081804704,11906600
2018-11-13,55.22926330566406,56.53918706005266,54.974358581313986,56.50378692741446,15530200
2018-11-14,54.79735565185547,56.00106851029434,54.34419278264595,55.83821597405241,18552100
2018-11-15,55.36381149291992,55.36381149291992,53.74941810911522,54.2875456356318,18976000
2018-11-16,55.90900421142578,56.07186209897065,55.300065783063644,55.49124701636092,13704900
2018-11-19,56.093109130859375,56.19223815030896,55.533735148464466,55.55497630947132,9430800
2018-11-20,54.49995040893555,55.86652075131744,54.07511103558965,55.52664601136528,15533700
2018-11-21,54.917701721191406,55.49831672982139,54.705284758302476,54.82565491081872,9685300
2018-11-23,53.4520149230957,53.95474220793552,52.89264094083343,53.84853640292643,10875400
2018-11-26,54.50703430175781,54.74777464007591,53.8980958667903,53.98306050284332,13741100
2018-11-27,54.556602478027344,54.83982515343043,54.09635752730793,54.21672770456687,10344500
2018-11-28,55.547916412353516,55.547916412353516,54.407926829095146,54.549543629513664,11482100
2018-11-29,55.97981643676758,56.31260903571141,55.36380115135164,55.3850423126244,10255200
2018-11-30,56.29136276245117,56.36216842763912,55.45584294813101,55.54788977266274,14040100
2018-12-03,57.50925064086914,57.6791853502185,56.744536345606484,56.815342024324806,19415100
2018-12-04,56.24180603027344,58.02613388941668,56.18515932944305,57.62253559972197,18540700
2018-12-06,55.50541305541992,55.54081859264991,54.46455292552594,55.22926715183089,23218100
2018-12-07,54.97438049316406,56.90032566606859,54.75488121608966,56.213499074041636,16224700
2018-12-10,54.195472717285156,55.13012135318761,52.96343710680575,55.13012135318761,17946200
2018-12-11,54.29460525512695,55.087642641255194,53.586537896766984,55.01683158371901,15742400
2018-12-12,53.827274322509766,55.37086126846571,53.82727432250977,55.25757330840579,14559800
2018-12-13,54.50703430175781,54.67696897598976,53.77772029550536,53.83436698762464,13749700
2018-12-14,53.51575469970703,54.42916262356597,53.16879765897695,54.32295139481447,12669300
2018-12-17,52.42532730102539,53.52991106097678,52.02881116199201,53.28917066288573,15464100
2018-12-18,50.980873107910156,52.297879428701386,50.71180933349549,52.135021484892704,18681200
2018-12-19,50.117027282714844,51.88011421439957,49.777157836719624,51.29949895887425,21679600
2018-12-20,48.59467315673828,50.03205479573478,48.18399809058017,49.62845111329433,28723700
2018-12-21,48.23355484008789,49.82670654317767,47.9149212581945,48.24771381162448,47287300
2018-12-24,46.38550567626953,47.81579971836333,46.335941164962485,47.348477954914955,14262800
2018-12-26,48.60175323486328,48.615917610190124,45.77656539531031,46.85990781638036,24887700
2018-12-27,48.81418991088867,48.81418991088867,46.78911581754765,47.96450541317661,22077000
2018-12-28,48.26896286010742,49.267340683593666,48.021140301764724,48.98411258743346,19710600
2018-12-31,48.28312683105469,48.962871014861086,47.907851902694276,48.3751736656308,15807000
2019-01-02,49.3452262878418,49.472678655177376,47.624622029874665,47.68834551247927,16727200
2019-01-03,48.587589263916016,49.7417372365249,48.4034902184881,49.56472037803193,13866100
2019-01-04,50.37900161743164,50.46396625654938,49.11156019670649,49.30981822414934,16043600
2019-01-07,50.6409797668457,51.05166016910802,50.088688040691565,50.44980393937917,10844200
2019-01-08,51.00919723510742,51.398631224851975,50.9383915462564,51.363231081490355,11439000
2019-01-09,51.278236389160156,51.405688728738966,50.7330269044829,51.405688728738966,13473500
2019-01-10,51.01625442504883,51.03749558108252,50.35775157737874,51.030413395029576,13151100
2019-01-11,50.78261184692383,50.90298204883823,50.322366801932276,50.87465869507119,9790100
2019-01-14,50.71887969970703,50.825090918994235,50.357769117108354,50.42149260740447,11012400
2019-01-15,50.7472038269043,51.2357722018129,50.499381246199604,50.94546189146805,10298300
2019-01-16,50.72595977783203,51.24992826182226,50.492296185546884,50.57018404964194,12595600
2019-01-17,51.07290267944336,51.221596194103604,50.201982750415404,50.40732295698218,10141700
2019-01-18,51.68183517456055,51.89425754374257,51.07289681183903,51.880093171330294,15759200
2019-01-22,50.902976989746094,51.48359217894647,50.75428344884284,51.257010773456734,15035600
2019-01-23,50.485206604003906,51.19327398749835,50.22321972734581,50.98793379802991,13187200
2019-01-24,50.55602264404297,50.95962091943217,50.01788980948186,50.343600224521694,11272500
2019-01-25,50.78261184692383,51.17204580643409,50.65515945603582,51.03043443972624,8996200
2019-01-28,50.44272232055664,50.471045666079085,49.82670711235226,50.28694662124608,13678400
2019-01-29,50.6339111328125,51.11539727452681,50.61266997102205,50.768440291527526,10513200
2019-01-30,51.18620300292969,51.384461049355906,50.633911187277604,50.818004857743894,11524700
2019-01-31,51.887176513671875,52.035870014562335,50.99501010620375,51.186191323152464,19876700
2019-02-01,53.75649642944336,54.16009478690664,52.62358923324182,53.048428756551445,22968700
2019-02-04,52.97760009765625,53.643185150245955,52.68021310050458,53.643185150245955,15483800
2019-02-05,53.52281951904297,53.55822505475264,53.112144476292805,53.23251465430361,12786700
2019-02-06,53.28916931152344,53.6502798995026,53.19711706577702,53.51575072838622,10866900
2019-02-07,52.878501892089844,53.239617971568,52.32620988943409,53.06967781526743,14418900
2019-02-08,52.964385986328125,53.02881692119031,52.06947547701811,52.806880862753516,11959500
2019-02-11,53.05031204223633,53.136225446867854,52.5491641704745,52.892806864796285,10434800
2019-02-12,53.98100662231445,54.01679976781925,53.565766807334185,53.751909735101314,12599200
2019-02-13,54.589569091796875,54.79718909199182,54.05978332770469,54.109898123468774,13214600
2019-02-14,54.60386657714844,54.875922914280125,54.20294834824011,54.59671122456166,12772900
2019-02-15,55.63480758666992,55.67060619941045,54.94751682644281,55.08354500033512,14330300
2019-02-19,56.00707244873047,56.18605452097068,55.44864379517754,55.52739634393118,13551500
2019-02-20,56.221866607666016,56.42232572220364,55.842425360562494,56.05720610448206,12633100
2019-02-21,55.713558197021484,56.31494100479067,55.56321386060449,55.992769887810354,10266000
2019-02-22,56.14310073852539,56.52254189578295,55.57036132719132,56.35072061859272,9519300
2019-02-25,56.20039749145508,56.450971419697225,55.98561671747497,56.15028270580665,9274400
2019-02-26,56.31494903564453,56.651430905837636,56.1216452454698,56.329265205015766,10990600
2019-02-27,56.894840240478516,57.095299351727085,56.31493988835214,56.47243957426093,12398200
2019-02-28,56.57984161376953,57.09531112735094,56.35074465907804,56.880530342657934,14597900
2019-03-01,57.274288177490234,57.274288177490234,56.57983655940188,56.83041047775805,15419400
2019-03-04,57.496219635009766,57.66804641832528,56.56551580484002,57.44610485540141,18089900
2019-03-05,57.41030502319336,57.56064934451915,57.09529475254846,57.3601902494181,13745500
2019-03-06,56.75881576538086,56.830407529468275,55.74219851387564,56.45096626391362,18633600
2019-03-07,57.38883972167969,57.46043148991286,56.78745685189708,56.952122834724996,16541700
2019-03-08,56.56551742553711,56.78745353271851,56.021410186984376,56.47960403141779,16211300
2019-03-11,57.11679458618164,57.48191977669679,57.02372581538882,57.259983612904676,11060900
2019-03-12,57.274288177490234,57.689528077681466,57.19553559427805,57.35304076070243,11320000
2019-03-13,57.782588958740234,57.81838756881555,57.41746389195587,57.69667557182009,10260200
2019-03-14,57.589290618896484,57.92577788976678,57.524854213233596,57.84702531734603,9976700
2019-03-15,57.38167190551758,57.6680444056139,57.34587329471762,57.40314888715711,25316400
2019-03-18,58.047481536865234,58.169188065606015,57.58928775399344,57.58928775399344,9840600
2019-03-19,57.89714813232422,58.70614548793547,57.732482150191814,58.405456785365104,13936500
2019-03-20,58.21931076049805,58.6488668076177,57.67520352102568,57.81123169641914,13133600
2019-03-21,58.5557975769043,58.62738934048285,57.84702983190417,57.85418518479102,10117000
2019-03-22,57.61792755126953,58.30521824947084,57.48906020397548,58.154873921311264,12497700
2019-03-25,57.21699523925781,57.58928105837026,56.98073756121724,57.27427082098282,11320400
2019-03-26,57.96159362792969,58.183529802831494,57.40317005101345,57.51056046090576,9472800
2019-03-27,57.51771545410156,58.21216724331855,57.145434892534304,57.968754080390546,7258700
2019-03-28,57.804073333740234,57.839871948394595,57.28860387048698,57.29576468583819,7412300
2019-03-29,57.84702682495117,58.3338584389213,57.61792991614765,58.22646806808502,10889200
2019-04-01,58.51286315917969,58.54865632187604,58.047508347301,58.154898759596584,10816400
2019-04-02,58.262264251708984,58.6703433124618,58.068965943816146,58.52715978528944,7646000
2019-04-03,57.918643951416016,58.54149854327575,57.71102393342825,58.54149854327575,8562900
2019-04-04,58.74193572998047,58.76341271108824,57.825542659941426,58.0761220051347,9360600
2019-04-05,59.056949615478516,59.085587415382115,58.670347509932604,58.81353650945063,10059100
2019-04-08,59.42206954956055,59.56525307447798,59.12853622274804,59.18581181755556,9108200
2019-04-09,58.65602111816406,59.121375726815074,58.51999295785508,59.07841630339594,8561600
2019-04-10,58.39112091064453,58.76340675243241,58.283736015994606,58.64885558200524,10324300
2019-04-11,58.670352935791016,58.75626634344713,58.004539047237515,58.37682501831169,9115100
2019-04-12,57.93294143676758,59.286046063975164,57.68952833274588,59.286046063975164,16638700
2019-04-15,57.73964309692383,58.03317098473811,57.64656888251055,57.91146443276882,8536100
2019-04-16,58.133392333984375,58.24078270199354,57.76827272969463,57.85418065442115,7005700
2019-04-17,58.298057556152344,58.491355846444165,58.047483675366294,58.38397094189367,8311400
2019-04-18,58.083282470703125,58.58443574310689,58.04032850470621,58.39113197191781,9493900
2019-04-22,59.3504753112793,59.57957221885116,58.44840384804584,58.61306981072302,10770600
2019-04-23,59.694122314453125,59.77287489427192,59.192974499334916,59.55809960012191,10595100
2019-04-24,58.53431701660156,59.47934243954513,58.51284003505074,59.42922766189286,11684000
2019-04-25,58.863651275634766,59.3075235187494,58.2765900330462,58.455572185812244,11135000
2019-04-26,57.62510299682617,57.72533258388168,56.959289047327275,57.46759779942386,18053500
2019-04-29,57.252811431884766,57.546339319724375,57.030875312144936,57.36020181508532,10023700
2019-04-30,57.474761962890625,57.653744159069085,57.22418798066141,57.53919839380851,13721500
2019-05-01,56.32208251953125,57.46041144715499,56.28628937895056,57.231314591459,13909800
2019-05-02,55.33412170410156,56.20039464767725,55.29832308954899,56.042889483008636,15360400
2019-05-03,55.462989807128906,55.99277544452191,55.44151282295243,55.692086741847646,12180700
2019-05-06,55.21956253051758,55.59900921881645,54.91887387527779,55.06921820289769,13367100
2019-05-07,54.92603302001953,54.976147794369524,54.24589769715456,54.76852788289079,13498800
2019-05-08,55.01194763183594,55.33411875935889,54.71125894916231,54.79717234225538,11352900
2019-05-09,54.96182632446289,55.040578893254015,54.38192601072893,54.661137677497194,13221600
2019-05-10,55.43976974487305,55.606323213467235,54.43322261105625,55.1646004540557,11056000
2019-05-13,54.824249267578125,55.20080248641776,54.57080317299982,54.780802944139126,12176100
2019-05-14,54.89665603637695,55.61355344809822,54.860452612115544,55.12837894554778,10548400
2019-05-15,55.302181243896484,55.43252573967737,54.46218215448402,54.72287114604578,8918000
2019-05-16,55.29493713378906,55.722174039918755,55.19355869759861,55.3239031905164,8105200
2019-05-17,54.96907424926758,55.251486373790435,54.73734581405911,54.780797658015686,9279400
2019-05-20,54.96184158325195,55.294942983791536,54.79528812062666,55.07046292629358,7154300
2019-05-21,55.215301513671875,55.3673692220883,54.9835785020784,55.22978178483479,8489900
2019-05-22,54.71562576293945,55.19355740064421,54.59252416827378,55.04872712041082,7858300
2019-05-23,53.43391036987305,54.16528810332098,52.89080924126238,54.14355941741984,14657200
2019-05-24,53.65840148925781,53.767022842366515,53.180475270175656,53.68736755173423,7056400
2019-05-28,52.57943344116211,53.767014187983825,52.49253526772005,53.75977129235267,14912900
2019-05-29,52.253578186035156,52.44909218246592,51.86254466846266,52.05805866489342,13645200
2019-05-30,52.11598205566406,52.23184074996051,51.79736097810626,52.152185480571056,9362100
2019-05-31,51.24702072143555,51.81185054318428,51.145642284772805,51.55116155613423,13983300
2019-06-03,52.050819396972656,52.144960478421794,51.39185945038543,51.478752110539894,11831000
2019-06-04,53.28907775878906,53.339772498966084,52.26080765948341,52.46356452135099,10423000
2019-06-05,52.84736251831055,53.325288635015966,52.55770748030496,53.325288635015966,10617800
2019-06-06,53.81045913696289,54.03494469810608,53.289081159058114,53.37597933027907,11738900
2019-06-07,54.0059814453125,54.28115071473474,53.897360106823726,53.95529222397918,9095500
2019-06-10,54.24495315551758,54.54908851643154,53.911846208179774,54.447710062793554,7760400
2019-06-11,54.19426345825195,54.89667532733159,54.17978318840094,54.67943813129509,9415100
2019-06-12,53.607696533203125,54.0276960288208,53.448385998678496,53.93356049692438,7920800
2019-06-13,54.078399658203125,54.43322424578093,53.861156957810216,54.09287992669734,8986400
2019-06-14,53.839439392089844,54.172540849213654,53.75254672266482,54.078405282432556,8575900
2019-06-17,54.37528610229492,54.44770401088248,53.61494778452231,53.70184596000093,9355700
2019-06-18,54.84597396850586,55.193561139904084,54.563561808805716,54.61425102914393,10091500
2019-06-19,54.541839599609375,54.92563020669278,54.433218261354824,54.5997717166399,9757400
2019-06-20,55.47595977783203,55.736648711662426,55.092169271000984,55.20802795008709,16229700
2019-06-21,56.25803756713867,56.30872678502201,55.6642472184866,55.85976119469077,23108100
2019-06-24,55.72217559814453,56.308728595032235,55.620797159119114,56.14217514537015,10011800
2019-06-25,55.22976303100586,55.91769445896688,55.17183644131134,55.81631602111334,9740000
2019-06-26,55.46871566772461,55.85250616614076,55.37458014773681,55.52664776835212,11365500
2019-06-27,54.90392303466797,55.57736889833334,54.86047669659678,55.46150463052699,8147800
2019-06-28,55.490447998046875,55.5628658981581,54.990798740482134,55.171832441339966,14781300
2019-07-01,55.43976974487305,56.43183661063049,55.244255740160156,55.85252644345468,11437900
2019-07-02,54.83149719238281,55.22976808476218,54.60701713441061,55.13563253377309,10475400
2019-07-03,55.35287094116211,55.39631726522745,54.76631794272709,54.90390533521478,5246100
2019-07-05,55.128379821777344,55.287690360247545,54.73734637045324,55.171831666175606,6880800
2019-07-08,55.38185501098633,55.54116009260796,54.97633559721455,55.13564620354857,7876100
2019-07-09,55.34563446044922,55.591837691636584,54.83874220523332,55.36011472857914,7863000
2019-07-10,56.127685546875,56.214578180329234,55.57009870023194,55.61355054166871,8077400
2019-07-11,56.17113494873047,56.20010100304269,55.79458729209152,56.05527625619155,6404000
2019-07-12,56.2145881652832,56.39562188341466,56.120452620750676,56.301486338882135,6139000
2019-07-15,55.81632995605469,56.294256207437535,55.678742531170705,56.21460091142174,7116400
2019-07-16,54.98356246948242,55.80907580286817,54.88218402676563,55.700454464325674,10197400
2019-07-17,54.65769958496094,55.005281210704,54.56355852092651,54.84597066360912,7419300
2019-07-18,54.19426345825195,54.50564174481163,53.71633720720215,54.33185088304006,11424500
2019-07-19,54.3028678894043,54.4911444870425,53.9770094345818,54.237698408323865,11243100
2019-07-22,54.36081314086914,54.52736661840834,53.94805642011977,54.48391476247422,8368800
2019-07-23,54.578041076660156,54.86769057270887,54.12907551824865,54.41873053900736,8551200
2019-07-24,54.57081604003906,55.0704709762412,54.20150562959783,54.59253920688057,8260200
2019-07-25,54.25942611694336,54.87493965248651,54.165290572588496,54.87493965248651,9083900
2019-07-26,54.17253494262695,54.36805447693909,54.02046726300159,54.21598679731373,7677300
2019-07-29,54.55632400512695,54.585290065839565,54.09287808314748,54.223222593998656,7091900
2019-07-30,54.563575744628906,54.71564344448244,54.230474279514695,54.353575913961066,6961200
2019-07-31,53.8466796875,54.788057408670035,53.774267291574226,54.33909171439158,13104600
2019-08-01,52.47081756591797,53.781500051312605,52.33323015816098,53.39770941358122,17132800
2019-08-02,51.9566764831543,53.05012167452709,51.543919831732985,52.579432908065115,21376700
2019-08-05,50.89218521118164,51.35563097155104,50.407016294030754,51.25425255676456,19080900
2019-08-06,51.38460159301758,51.42081054068049,50.89218973823454,50.89943263270907,12282400
2019-08-07,51.051513671875,51.32668296234511,50.25496633654685,50.58806774860367,15231100
2019-08-08,52.412872314453125,52.43460099816461,51.13839910553663,51.30494700768932,14304100
2019-08-09,51.29771041870117,52.31874321496498,51.02978405846693,52.23184504356684,13686600
2019-08-12,51.048439025878906,51.437007184785166,50.828500800535906,51.36368884960051,9542600
2019-08-13,51.6789436340332,51.77425524156085,50.52791613803193,50.78451355559829,12403300
2019-08-14,49.59682846069336,50.65254426357198,49.59682846069336,50.637883952358614,18114400
2019-08-15,49.30357360839844,49.530844797224475,48.775712891921515,49.457532051803554,12874400
2019-08-16,50.0733757019043,50.19067498593029,49.318238138605956,49.69214044365987,12649000
2019-08-19,50.91648483276367,51.06311594134835,50.48393564759982,50.56458135897017,10032800
2019-08-20,50.608558654785156,50.80650921688164,50.37395451728831,50.80650921688164,9743500
2019-08-21,51.11442947387695,51.3050470961191,50.85783205551497,51.29038119026743,10134200
2019-08-22,51.004451751708984,51.29037535584549,50.769847625407145,51.253721782194205,8972000
2019-08-23,49.47952651977539,50.97513005504217,49.14228340791191,50.45460227846567,15371900
2019-08-26,49.743465423583984,50.04405501014764,49.50886123621444,49.94141602776128,7343900
2019-08-27,49.25958251953125,50.17600573596305,49.09829113849471,49.94872897477364,9490900
2019-08-28,49.61882400512695,49.83876783726422,49.23759436861356,49.50885208905832,9647400
2019-08-29,50.16868591308594,50.344637650533976,49.91941582441341,50.073379887260934,9004100
2019-08-30,50.205345153808594,50.64522729470159,49.897422621119084,50.30065117975719,9180800
2019-09-03,50.26397705078125,50.35195569014854,49.58215797754361,49.772775566137796,9849700
2019-09-04,50.79917526245117,51.03377939532056,50.652544183530466,50.953133700265106,6959200
2019-09-05,51.51765060424805,51.72293412522481,51.099761796430954,51.20240076021732,9901500
2019-09-06,52.001529693603516,52.01619000692251,51.40768911960473,51.57630789309361,10418500
2019-09-09,52.41208267211914,52.83730444897731,52.038185972534,52.17015115868294,12840200
2019-09-10,52.83729934692383,53.40914656721602,52.50738921011025,52.88861882583714,13810800
2019-09-11,52.73467254638672,53.4018259260632,52.456081824260984,53.35783938925518,10525700
2019-09-12,52.771339416503906,52.90330463957291,51.832916945009984,52.038200531321834,9100700
2019-09-13,53.25518798828125,53.313840419283764,52.82996625361854,52.97659733112482,7337200
2019-09-16,54.054325103759766,55.117374105131766,53.95901348188714,55.014735122657434,19830200
2019-09-17,53.64375305175781,54.31091190030222,53.24785751417166,54.12029428737469,14452200
2019-09-18,53.38716125488281,53.49713318133347,53.02792484898825,53.26252901516086,7292200
2019-09-19,53.02791976928711,53.658419454241916,52.92528080600646,53.497128056685476,8050200
2019-09-20,52.844627380371094,53.152544225189914,52.68333600639843,53.14521127362666,19736600
2019-09-23,52.881290435791016,53.0499147915702,52.390088867614516,52.434075398076835,7495200
2019-09-24,52.155487060546875,52.69068077664699,51.92088289852868,52.646688650803036,13307100
2019-09-25,52.309444427490234,52.39742308394046,51.92088181662594,52.03818669189291,8035200
2019-09-26,52.03084945678711,52.30944012251216,51.81823858291648,52.2141341142545,8420200
2019-09-27,52.40475082397461,52.54404335774246,51.78157852456714,51.832898004040295,8224000
2019-09-30,51.76692581176758,52.38275965583875,51.74493254496569,52.22880119482095,9768900
2019-10-01,50.5499153137207,51.98687220691221,50.5205946854885,51.9282197636381,10279100
2019-10-02,49.23025894165039,50.2859747399985,49.12761998338605,50.05137060776518,14503700
2019-10-03,49.838768005371094,49.853428317307824,48.61442220600309,49.12028966558271,10788400
2019-10-04,50.5645751953125,50.63788794396582,49.72146460228886,49.93407548876642,10534800
2019-10-07,49.86809158325195,50.60856323151034,49.86809158325196,50.3666261196926,10993000
2019-10-08,48.90033721923828,49.79476711173976,48.856350697771994,49.51617648678153,9748700
2019-10-09,49.44287872314453,49.633490769479224,49.266921397198274,49.340239746378245,8580900
2019-10-10,50.03671646118164,50.11736216595407,49.39888377618275,49.43554294868091,7100100
2019-10-11,50.57190704345703,50.94580373144245,50.50592165572756,50.57190704345703,10101900
2019-10-14,50.71853256225586,50.85783069710496,50.28597784565269,50.29331079838266,6234600
2019-10-15,50.89448547363281,51.31970724752935,50.593901525467466,50.63055510317318,6645700
2019-10-16,50.022064208984375,50.97514132007078,50.00739830026003,50.74053712112894,9765800
2019-10-17,49.95607376098633,50.498594867481366,49.912087226066525,50.20534384347632,9757200
2019-10-18,49.567508697509766,49.96340427265293,49.567508697509766,49.75812632852043,13472700
2019-10-21,50.395938873291016,50.41793213332449,49.721452796384334,49.721452796384334,10199300
2019-10-22,50.652557373046875,51.14376462358295,50.32998010223229,50.42528613329486,9536000
2019-10-23,51.13642120361328,51.143754156318906,50.42527581307717,50.55724099475814,8641800
2019-10-24,50.652557373046875,51.356375548327335,50.601237880412384,51.29039014728002,9003600
2019-10-25,50.76985549926758,50.938479863106785,50.51325807029874,50.51325807029874,7607200
2019-10-28,50.322635650634766,51.07776755261686,50.278649122256446,50.923809109888815,11209600
2019-10-29,50.17600631713867,50.608555395470944,50.02937524476914,50.205332531612584,13894400
2019-10-30,49.64815139770508,50.12469264968175,49.31823564168855,50.12469264968175,12840600
2019-10-31,49.53818130493164,49.648153227657204,49.222931442934,49.45753560115985,16169100
2019-11-01,51.026458740234375,51.033791694298564,50.08070902853725,50.13936147424058,14108700
2019-11-04,52.54404830932617,52.69067940264164,51.275721514222,51.37102752982384,15858200
2019-11-05,53.58509826660156,53.60709712333872,52.676007957261646,52.815306082911846,14930400
2019-11-06,52.41208267211914,53.42381763039576,52.19947178369005,53.32117866265817,13996500
2019-11-07,53.526451110839844,53.54111142184049,52.78597955372485,52.807972816927645,13073800
2019-11-08,52.50993347167969,53.27417779217293,52.42832086200929,53.13319975019253,12106000
2019-11-11,52.19087600708008,52.391213798365975,51.916347000970994,52.094420634779425,8674000
2019-11-12,51.47116470336914,52.242824733574345,51.181792899649594,52.138942305270085,13918600
2019-11-13,51.04823684692383,51.307928768587765,50.89983741964492,51.21146772564164,11773700
2019-11-14,50.82564163208008,51.17437321762895,50.58820820417481,51.09275494608094,11279800
2019-11-15,51.337615966796875,51.4192342482115,50.951783061771316,50.98146295145483,11252800
2019-11-18,50.84048843383789,51.063084791547325,50.67725752049291,50.97404511629145,10095600
2019-11-19,50.32109451293945,50.87015824944315,50.29141462706636,50.75144436681019,12605500
2019-11-20,50.47690963745117,50.85532110602886,49.950104400457604,50.20979632561508,16930700
2019-11-21,51.69374084472656,51.75310059828384,50.39527595516388,50.469472816681645,14080900
2019-11-22,51.47116470336914,52.07216680942369,51.441484818262104,51.72343523549007,12143600
2019-11-25,51.12986373901367,51.52311238111457,50.98146428670937,51.47117398802314,10670000
2019-11-26,51.00370788574219,51.226304168724496,50.78111726361851,51.137264523359846,15457000
2019-11-27,50.97404098510742,51.263412830161265,50.758871693850004,51.018563649557294,8393900
2019-11-29,50.55110549926758,50.84789869095611,50.454650117834,50.69950492554148,7980800
2019-12-02,50.76627731323242,51.10758748147459,50.72918170457982,50.825637080107306,11116900
2019-12-03,50.36561965942383,50.640154402519364,50.098506304212044,50.454659331447864,12245800
2019-12-04,50.93695068359375,51.018568972597436,50.558539131018534,50.64015742002222,11049700
2019-12-05,50.75886917114258,51.17437627962361,50.61046973178522,51.11501650388066,13109000
2019-12-06,51.57505798339844,51.84217137402317,51.0185726964071,51.0185726964071,13710800
2019-12-09,51.68634796142578,51.91636003203072,51.211475383978545,51.25599804924995,12397700
2019-12-10,51.241146087646484,52.04990737490811,50.97403278734532,51.68633869538787,14281800
2019-12-11,51.16696548461914,51.76055204320857,50.951790498652,51.003728897964,13748400
2019-12-12,52.19087600708008,52.22055588952461,51.12242854337076,51.166945536608175,17068500
2019-12-13,51.3672981262207,52.339290497649166,51.285679841199645,52.29477349158691,12274500
2019-12-16,51.938629150390625,52.124124254499165,51.71603276111585,51.71603276111585,15208700
2019-12-17,51.70118713378906,52.220571075460235,51.4266523869855,51.923783486425506,14450700
2019-12-18,51.8421516418457,52.15378192534137,51.40438043905605,51.6640723419691,13652300
2019-12-19,51.48600769042969,51.975717359286435,51.37470952379316,51.93119469611588,13273200
2019-12-20,51.894107818603516,52.109282800767375,51.48601635917881,51.83474803162158,35092000
2019-12-23,52.15378952026367,52.161210907387336,51.58988297691977,51.834737804263014,14172500
2019-12-24,51.95345687866211,52.3096099049638,51.8718442555962,52.19831173044076,3979400
2019-12-26,52.035072326660156,52.3096070540734,51.946038320582346,52.07959499055906,8840200
2019-12-27,51.85700225830078,52.168632622955,51.84958087032509,52.0870143378036,10516100
2019-12-30,51.55278396606445,52.26508423978774,51.493424194706,52.00538665530936,12689400
2019-12-31,51.77538299560547,51.7902257712766,51.2040606711929,51.21147639816819,13151800
2020-01-02,52.606388092041016,52.69542207748616,52.116678528657985,52.116678528657985,12456400
2020-01-03,52.18349075317383,52.955151164744436,52.05735542477551,52.93288699426645,17386900
2020-01-06,52.58413314819336,52.947701821993505,52.10926632420895,52.17604181780407,20081900
2020-01-07,52.15378952026367,52.32444179808975,51.57504586353218,52.309604684702165,17387700
2020-01-08,51.3672981262207,52.153795424575925,51.32277545929806,52.02023874552877,15137700
2020-01-09,51.76054763793945,51.864424427722646,50.92210627072591,51.30051781114211,14811800
2020-01-10,51.30051040649414,51.908933942059726,51.285673293321175,51.886675441870445,11995600
2020-01-13,51.79022216796875,51.84216055748355,51.2782539992801,51.34502950257346,9953900
2020-01-14,51.345027923583984,51.626984024444795,51.11501587150046,51.47858458692339,16261000
2020-01-15,51.26342010498047,51.63441028316974,51.11502629804911,51.34503839705098,11390300
2020-01-16,51.063087463378906,51.62699411445101,51.04825034715685,51.41924052217729,13340300
2020-01-17,50.870155334472656,51.2559881678544,50.66982319238301,51.011133369076646,18144100
2020-01-21,50.14303207397461,50.76629283413511,50.091093677294566,50.736612941623555,17982600
2020-01-22,49.85364532470703,50.232051104399034,49.712667292551785,50.12817434202958,17033100
2020-01-23,49.542015075683594,49.66073462396757,49.007794090984625,49.497498075506925,19605900
2020-01-24,49.208133697509766,49.475247060701584,49.000380117440685,49.37137027066704,18238600
2020-01-27,48.035797119140625,48.770361601464735,48.00611723149382,48.540343887416896,21231000
2020-01-28,47.96902847290039,48.377114249429695,47.954185696525904,48.3103387383262,19664700
2020-01-29,47.56835174560547,48.3251690694987,47.41253658071156,48.25097218062442,14202800
2020-01-30,48.07290267944336,48.13967818695667,47.063809052933685,47.32350101691921,18544700
2020-01-31,46.0918083190918,46.893148277835586,45.89889471629965,46.893148277835586,34282900
2020-02-03,45.06045913696289,45.572424477943294,44.79334580064965,45.54274741979846,27389300
2020-02-04,44.496559143066406,45.935999894670445,44.43719936093171,45.594689638686525,31922100
2020-02-05,46.54440689086914,46.69280346279117,44.963988636193555,45.07528677274237,32099200
2020-02-06,45.91373825073242,46.752173887803096,45.83953852813988,46.69281694015907,16055400
2020-02-07,45.60952377319336,45.75049899215657,45.3053120045876,45.565003942264525,15112500
2020-02-10,45.12783432006836,45.549309463143075,44.87193921017738,45.519203480552484,20934500
2020-02-11,45.55683517456055,45.82778327962043,45.28588706950067,45.59446908886908,14908700
2020-02-12,46.11378860473633,46.30947177018747,45.579420276903555,46.16647264432182,17862100
2020-02-13,45.8578987121582,46.22668703143232,45.579425489492934,45.95574174160579,16949400
2020-02-14,45.64714813232422,46.03098932514479,45.36867212642684,46.02346426574465,10855300
2020-02-18,45.067630767822266,45.45147204432662,44.74399859283835,45.27084186870041,18948500
2020-02-19,45.413841247558594,45.62457741064018,45.029999968936444,45.24073613201802,12804900
2020-02-20,45.05257797241211,45.564368257374085,44.947209890990216,45.331051169179254,14817200
2020-02-21,44.503150939941406,44.78914916115135,44.24725583023574,44.78914916115135,20315700
2020-02-24,42.41836166381836,43.50215126427348,42.41836166381836,43.3666772053335,32096600
2020-02-25,40.79269027709961,42.711902963815625,40.619585111818196,42.711902963815625,36414500
2020-02-26,39.89704513549805,41.259310911238906,39.836836032113375,41.056099804068836,29801000
2020-02-27,37.496150970458984,39.468047319197794,37.48109797591104,38.91862593799086,48141300
2020-02-28,38.71540832519531,38.71540832519531,36.13387905000838,36.7058812626388,62446700
2020-03-02,40.551841735839844,40.55936679791113,38.482102267338746,39.580945077923666,38127600
2020-03-03,38.610042572021484,40.755046691673414,38.36920042730521,40.60451963345953,50580700
2020-03-04,39.45298767089844,39.49814664692621,38.474566158813914,39.30998855340747,24079600
2020-03-05,37.71441650390625,38.15846981105131,36.90909992721244,37.94773075051561,40788200
2020-03-06,35.89303970336914,36.88651428544276,35.52425141892168,36.7585681499183,55640500
2020-03-09,31.50519371032715,33.54482688916678,30.707402307751586,31.392297698364576,72896300
2020-03-10,32.67177200317383,34.81677317071999,31.19661320475385,34.74903614063618,60445900
2020-03-11,31.595510482788086,32.724459178380606,31.422405360658367,31.904089678074108,51986100
2020-03-12,27.98287582397461,30.594511447185152,27.847401747948037,30.03003708742945,65725300
2020-03-13,28.690345764160156,30.210663529135918,26.34213352261384,30.11282051501095,79891500
2020-03-16,25.958293914794922,28.509717406966274,25.02502843326332,25.890556880884848,48924700
2020-03-17,27.70439910888672,28.133399338395318,25.740028125839594,26.50018557096712,41204400
2020-03-18,24.927183151245117,27.62913345929314,23.504708439262174,26.00344766401769,54036400
2020-03-19,25.913135528564453,26.266873699424707,24.347658651711804,25.386292238428855,49412400
2020-03-20,24.641185760498047,26.477607762138938,23.753077873327822,26.22171263419134,76534600
2020-03-23,23.670289993286133,24.611080510737374,22.661762443735814,24.483131507410302,56952500
2020-03-24,26.67329216003418,27.222713486819625,25.085240151905495,25.905606740520792,61835600
2020-03-25,28.06566619873047,29.044087860038427,26.477611187860617,27.478610905093618,56607700
2020-03-26,29.217195510864258,29.77414486398377,27.63666829620039,28.22372076946434,46722000
2020-03-27,27.809764862060547,28.359186112394212,27.245290620764585,27.945238909656734,51558600
2020-03-30,28.22371482849121,28.71292703394429,26.98939815936222,27.267871341771876,45835000
2020-03-31,28.57745361328125,29.691349238938354,28.12587244327012,28.855926801929325,41491600
2020-04-01,28.246295928955078,29.126877419558898,27.350664315356028,27.742033547728273,36045900
2020-04-02,30.406347274780273,31.580451871881003,28.524766450129622,29.156977722054823,62000200
2020-04-03,29.51070785522461,31.746026406622867,28.991392671119478,31.196605245480452,48425700
2020-04-06,30.459030151367188,30.729978239196733,29.525764834517023,30.014976978771966,41301900
2020-04-07,31.038555145263672,32.60402872686293,30.97834318736238,32.28792456107369,48921800
2020-04-08,33.0029182434082,33.14592018771794,31.211655814506518,31.572918897757205,33355600
2020-04-09,32.461036682128906,35.155459219874636,31.414878090473522,34.21466870636227,60107300
2020-04-13,32.182552337646484,33.63513274623164,31.587975068188317,33.45450262193632,29651900
2020-04-14,31.934194564819336,32.92766915300775,31.542825352644368,32.36319482467047,30769000
2020-04-15,30.466564178466797,30.90309241980283,29.63866955181151,30.857933434851276,33125000
2020-04-16,29.465560913085938,30.466560556453977,29.29998085901375,30.466560556453977,30934000
2020-04-17,32.528770446777344,32.604032531873145,30.00745040116495,30.014978332313234,40829100
2020-04-20,30.993404388427734,32.167512039000876,30.511720081853607,30.66977220662357,39260800
2020-04-21,30.82783317565918,31.708414883987313,29.826833227205395,30.406360722022118,44381600
2020-04-22,31.708410263061523,32.31051573127263,31.50519912921552,32.0621456106613,27074200
2020-04-23,32.70188522338867,33.61256992962649,32.2202008455791,32.461043034483886,35271000
2020-04-24,32.91261291503906,33.785666341954936,32.46103464531398,33.41687809159453,28653800
2020-04-27,33.07066345214844,33.35666454062952,31.783662860580307,32.80724328582671,28274400
2020-04-28,33.84588623046875,34.161990519044664,33.198621786929166,33.394304983990644,26545100
2020-04-29,35.71992874145508,35.82529680547861,34.7415073127252,34.816769395295026,29502500
2020-04-30,34.97482681274414,35.8855112825383,34.44798358465124,35.8855112825383,37076300
2020-05-01,32.46855926513672,34.914614413598656,32.363191195034844,34.34261508830366,35399300
2020-05-04,33.77814483642578,33.82330094551178,31.776142653440317,31.994403879840803,27465600
2020-05-05,33.740509033203125,35.48661582470498,33.61256004300743,34.81677063333128,29276200
2020-05-06,33.108306884765625,34.07167562266296,33.040569840940634,33.81578044277582,22659000
2020-05-07,33.29645919799805,34.071669664265706,33.0932481020603,33.83835258276722,22160300
2020-05-08,34.756568908691406,34.78667489759893,33.8534093389217,34.10177944081105,19977400
2020-05-11,34.42540740966797,34.771617626326105,34.25229943027413,34.70388059514823,22258000
2020-05-12,33.8499870300293,35.039185927156595,33.8499870300293,34.84737955901564,25439100
2020-05-13,32.169761657714844,33.65817789867105,31.916575867722653,33.55844070267352,30827900
2020-05-14,32.4536247253418,32.64543102150425,30.84245300826986,31.50993809943031,24856500
2020-05-15,32.22346878051758,32.998365194381876,32.10838379275118,32.51501526992174,22445600
2020-05-18,34.7860107421875,34.9701461841194,33.80396285650688,34.06481969198249,32026100
2020-05-19,33.711883544921875,35.77572177602096,33.70421257856533,34.947116926345636,21771600
2020-05-20,34.809017181396484,34.97013674713251,34.195237418479756,34.233598104899656,19352400
2020-05-21,34.187564849853516,35.131251739879055,34.057135010058495,34.8627210940576,19130700
2020-05-22,34.2182502746582,34.27195581633069,33.335942856658384,33.796276907203286,15406400
2020-05-26,35.22332000732422,35.52253746212502,34.88574186568048,35.09289308671168,20356500
2020-05-27,35.47650909423828,36.16701030155977,34.83971051208429,35.7987424056417,20788300
2020-05-28,34.55583953857422,35.64529841676503,34.471444259640215,35.622282586776926,19698000
2020-05-29,34.8857421875,35.054529796512526,34.041792435506046,34.38704447374299,25874700
2020-06-01,35.507198333740234,35.63762820214003,34.37170484484372,34.77066249122357,19031000
2020-06-02,36.29744338989258,36.40485450324867,35.86779600973485,35.95219129215274,22319000
2020-06-03,37.77818298339844,37.90093894007611,36.78846143639745,36.82682212409681,23418000
2020-06-04,37.670772552490234,37.7091361705806,36.94958160408173,37.50198492517182,18731400
2020-06-05,40.72431945800781,41.00819199345263,39.588823462764175,39.62718706832963,41328900
2020-06-08,41.997920989990234,42.47359993329976,41.01587045726811,41.98257613030506,33579400
2020-06-09,41.0619010925293,41.40715308545416,40.24097020198153,40.57087733669502,27276900
2020-06-10,38.8599739074707,41.046565477148945,38.82161028993735,41.046565477148945,31156800
2020-06-11,35.43046188354492,37.471280908689174,35.369082459398854,36.466214788787546,39183000
2020-06-12,36.19002151489258,37.30249895488402,35.22331877723939,36.85750973492706,30978100
2020-06-15,36.16700744628906,36.64268640845493,34.3333390788469,34.7936731807193,27929300
2020-06-16,36.98027038574219,38.16946934791867,36.24373459420834,38.03136852116444,26203400
2020-06-17,35.77572250366211,36.92656064490735,35.752703750658945,36.826820519847594,19279400
2020-06-18,35.99821853637695,36.31278379650727,35.115910980132206,35.37676776344217,21478700
2020-06-19,35.27702713012695,37.02630028355596,35.27702713012695,36.99561348875047,48899900
2020-06-22,35.614601135253906,35.62994599423437,34.832033814378605,35.05452695276379,17565400
2020-06-23,35.829437255859375,36.22839493187824,35.675991545585426,35.982882966133324,18916600
2020-06-24,34.141536712646484,35.261685304622965,33.949730326620376,35.22332461276438,27626900
2020-06-25,34.655574798583984,34.709283276749325,33.520081397720766,33.796283048934285,19353600
2020-06-26,33.466373443603516,34.479110807522595,33.37430720871983,34.43307915344717,31518600
2020-06-29,34.00343322753906,34.20291349241286,33.404998286383574,33.61214951833731,17052100
2020-06-30,34.31032943725586,34.502135835403784,33.11345645918878,33.320607720396545,22153600
2020-07-01,33.53542709350586,34.816695245907866,33.50473737000007,34.133864994936246,17290100
2020-07-02,33.81930160522461,34.67091945580779,33.7042166089856,34.23360115287239,18216600
2020-07-06,34.05714416503906,34.586531706023834,33.63517066729667,34.27196639805699,22692000
2020-07-07,33.17483901977539,33.75792923701558,33.075098863907876,33.681207841261276,17407600
2020-07-08,33.09809875488281,33.70420744029105,32.867931751751094,33.10577264680214,18291400
2020-07-09,31.732439041137695,33.06740943110324,31.678733503997258,32.91396671169186,25882000
2020-07-10,32.72216033935547,32.76819198442079,31.53295877847547,31.54830363574133,18951000
2020-07-13,32.72984313964844,33.21319607473931,32.399935905969485,32.975355091214176,20028300
2020-07-14,33.81163024902344,33.90369649688506,32.42295092958319,32.630102182321785,21444100
2020-07-15,34.241275787353516,34.594198824243406,33.91903954695567,34.54816423940569,17332400
2020-07-16,33.972740173339844,34.37937163028057,33.59680136190706,33.995758925787634,14673700
2020-07-17,33.389644622802734,34.287296797883194,33.28990451666085,34.01109815482687,17958900
2020-07-20,32.60708236694336,33.38197880131295,32.59173750638626,33.15181174642228,18553900
2020-07-21,34.25661087036133,34.67091030870598,33.07508320406004,33.105772918524764,28821800
2020-07-22,33.45871353149414,33.87301611545433,33.274578074156125,33.87301611545433,21345400
2020-07-23,33.52775192260742,33.619818154849284,33.00603839534895,33.29758487863639,17934400
2020-07-24,33.320613861083984,34.08016569875762,33.136478397164794,33.665866026723776,16415300
2020-07-27,33.81163024902344,33.826975111455916,32.96768330236983,33.16716066052556,18547900
2020-07-28,33.412662506103516,33.94972082196698,33.34361210939632,33.688864092932285,19190500
2020-07-29,33.780941009521484,33.82697559748034,33.2515564182944,33.535429060540814,14143200
2020-07-30,32.12373352050781,33.128800062199396,32.093046722288676,33.09043936937553,29901100
2020-07-31,32.28483963012695,32.35388709233389,31.38718457392031,31.578990884669455,32116200
2020-08-03,32.415279388427734,32.60708577534151,31.816844397811384,32.261833693550074,23033600
2020-08-04,33.351295471191406,33.45103268507308,32.40760839940415,32.48432978342593,17724000
2020-08-05,33.64284896850586,33.99577504833188,33.39733695533457,33.87301904174624,17175100
2020-08-06,33.481719970703125,33.681200237403544,33.182502497385485,33.29758749176903,14434900
2020-08-07,33.328269958496094,33.38964939465761,32.84492006902084,33.167153328671006,18757900
2020-08-10,34.14920425415039,34.21825466326132,33.45102919613229,33.75024958676824,24367800
2020-08-11,34.50212478637695,35.61459919798729,34.31798941536013,34.90875328367639,28987500
2020-08-12,34.494300842285156,35.159306580102,34.13441545439535,34.783773612155585,22503200
2020-08-13,33.649356842041016,34.32218801040692,33.57894420850339,34.032715176739515,17338700
2020-08-14,33.798011779785156,33.860599137457775,33.17994558123221,33.32859316711749,13595700
2020-08-17,33.35988998413086,33.77454057564469,33.2268899772196,33.77454057564469,15554600
2020-08-18,33.195594787597656,33.790188144642556,33.08606466796875,33.32077249352668,13014000
2020-08-19,32.82788848876953,33.37554214675861,32.75747583296418,33.133009002435244,14473100
2020-08-20,32.32716751098633,32.77311319714038,32.31151992741426,32.6166403458911,15678500
2020-08-21,32.08462905883789,32.34280966774973,31.849921313581337,32.311514505856614,25517700
2020-08-24,33.031280517578125,33.25816292662233,32.147211801640374,32.295859308872124,18208900
2020-08-25,31.98292350769043,32.91393216859712,31.842098266952163,32.593164227909035,31285600
2020-08-26,31.30226707458496,31.951628236244535,31.294444776557985,31.79515541546758,26795000
2020-08-27,31.091033935546875,31.52915427683251,30.754618396647693,31.29444652479078,32034300
2020-08-28,31.83427619934082,32.01421891746289,31.106680043537473,31.169270372173564,33477100
2020-08-31,31.24749755859375,31.85774117375576,31.216205386497805,31.795150860623085,25259600
2020-09-01,30.8485050201416,31.098860387015208,30.551206902802424,31.098860387015208,22464100
2020-09-02,30.660741806030273,31.075395372256878,30.472976743695682,30.69203697790999,26413400
2020-09-03,30.5981388092041,31.31790948775918,30.41819613956533,30.668551417712344,28817200
2020-09-04,30.57468032836914,31.13015612222993,30.238264738403547,30.87197546666364,24632500
2020-09-08,29.87055206298828,30.2617326788111,29.2211908081762,29.925317110445775,38496400
2020-09-09,29.69060707092285,30.38690803640842,29.66713420632522,30.0035497490047,25886100
2020-09-10,28.947362899780273,30.019196852579725,28.86912797762331,29.940961930422763,34381200
2020-09-11,28.86913299560547,29.189901007357907,28.548364983853027,29.04907573542059,26838600
2020-09-14,28.681358337402344,28.95518353368149,28.548358380486988,28.876948616021963,26129900
2020-09-15,28.376243591308594,29.24466507761423,28.32930084074807,28.790894108943345,23724200
2020-09-16,29.581073760986328,29.847076649829216,28.376236971258496,28.524884503314254,30890900
2020-09-17,29.57324981689453,29.714075057622622,28.923891637511307,29.22118671507431,24696200
2020-09-18,29.09601402282715,29.588902449532075,28.712658678867694,29.362016969123466,46853800
2020-09-21,28.50141716003418,28.720477328746473,27.914646292865434,28.50141716003418,35351800
2020-09-22,27.79729652404785,28.822190919526943,27.750356755282052,28.52489278463342,27303200
2020-09-23,26.905405044555664,28.000712075241626,26.874109875799707,27.891181969067343,31251400
2020-09-24,26.85063362121582,27.241814184443875,26.412510315990897,26.913223943878318,26796000
2020-09-25,27.100994110107422,27.335701895900403,26.506400853800443,26.60028337122335,23486000
2020-09-28,27.625179290771484,28.086772589070012,27.460881145330482,27.49217631441178,23396500
2020-09-29,26.819345474243164,27.468706811582354,26.592462956429657,27.38264658764857,20770500
2020-09-30,26.858461380004883,27.320051622078367,26.70198854339345,27.100991441505034,22223700
2020-10-01,25.919628143310547,26.678516499877627,25.770977600938217,26.435986430905878,36890200
2020-10-02,25.802270889282227,26.091743684968883,25.19985243349524,25.231147596399474,32694300
2020-10-05,26.39687156677246,26.404693866602507,25.950922880200494,26.068278268951776,22965200
2020-10-06,26.12303924560547,26.92887030359703,26.060451903315087,26.694162547183776,26731800
2020-10-07,26.209102630615234,26.396870649196018,25.98221714530095,26.318632731257605,23779300
2020-10-08,27.5860595703125,27.648649910138495,26.412517558820156,26.506403068559145,34413700
2020-10-09,27.179229736328125,28.12588608372875,27.108817108080984,27.914648198987333,29228600
2020-10-12,27.093168258666992,27.171403182184427,26.78022259565519,27.022755633712887,17912800
2020-10-13,26.772403717041016,27.28093675380722,26.678518215461775,27.171406653102853,20995100
2020-10-14,26.717639923095703,27.249645852510202,26.623754417101463,26.6472272858358,17743000
2020-10-15,26.952348709106445,26.96017100932417,26.029162090888327,26.365577705212132,23251600
2020-10-16,26.678512573242188,27.10098828758545,26.506395159024056,26.88975043041382,22627200
2020-10-19,26.14651107788086,26.88975484906912,26.123041195828698,26.678516957185852,23645800
2020-10-20,26.36557388305664,26.54551660669509,26.076101065418374,26.3342787177792,23040600
2020-10-21,25.94309425354004,26.30297964738595,25.927446673224463,26.216919447885672,28619300
2020-10-22,27.273115158081055,27.35135009361135,25.833570259234587,25.958747946765957,31831500
2020-10-23,26.72545623779297,27.445230033529246,26.490748494313856,27.359169831210366,27429100
2020-10-26,26.09174919128418,26.420342502181857,25.77880644961246,26.295164808618843,30888700
2020-10-27,25.677095413208008,25.97439351722519,25.583212900955147,25.93527605249244,27100700
2020-10-28,24.699142456054688,25.332856092478785,24.66002499356529,25.113792930490224,42136400
2020-10-29,25.794450759887695,25.919628437560014,24.339258391652432,24.57396616422913,38622800
2020-10-30,25.520620346069336,25.927448509677806,25.043379558288805,25.356325217824857,47885700
2020-11-02,26.592458724975586,26.96016646262993,25.481504259700547,25.92744990869604,40130300
2020-11-03,26.13869285583496,26.98364455516472,25.919632630588758,26.98364455516472,36773000
2020-11-04,25.99786376953125,26.70981238190617,25.45021030205717,26.02915893555178,35410100
2020-11-05,25.950923919677734,26.53769491799453,25.927454034775984,26.107396782789873,30824100
2020-11-06,25.64580535888672,26.334284216388976,25.52062765611102,25.896160764438115,33985600
2020-11-09,28.892602920532227,29.7375515688864,28.211949428181434,28.493596987985157,76879400
2020-11-10,29.533588409423828,29.99029313274681,28.828499182206887,29.685822298372898,49055400
2020-11-11,29.229116439819336,29.741907473705975,28.99675704744081,29.71787134914118,34124500
2020-11-12,28.227575302124023,29.076887506884493,27.93912953233835,28.732355399248956,30933700
2020-11-13,28.90862464904785,29.044833435291192,28.34775828865742,28.363783391122947,29241500
2020-11-16,30.575197219848633,30.583208243275454,29.725885082236527,30.118492472621387,38596800
2020-11-17,30.983823776245117,31.015873979924283,29.950230687635038,30.29476273599695,26521100
2020-11-18,29.814022064208984,31.352398385414855,29.806011040663424,31.264261844033793,31068000
2020-11-19,29.966259002685547,30.046381463999154,29.293219935632926,29.533590376049727,26954400
2020-11-20,29.597686767578125,29.97426904770556,29.46948899977583,29.926193738601246,18351000
2020-11-23,31.536684036254883,31.592770373248616,29.87010986136649,30.04638295276172,29367600
2020-11-24,33.63592529296875,33.71605081827839,32.22574966875798,32.45810605096527,46979300
2020-11-25,32.69847106933594,33.419582270787686,32.57027331864615,33.38753206899637,28178200
2020-11-27,32.20170211791992,32.80262964749664,31.945306616485226,32.610334549658354,14971900
2020-11-30,30.551158905029297,31.953323252947687,30.422961144050074,31.889222844220214,45614300
2020-12-01,30.847618103027344,31.769041684539324,30.823581976084306,31.216186313041753,32472900
2020-12-02,32.00139617919922,32.385989470263254,30.719418542319104,30.759479770382402,29369500
2020-12-03,32.21773147583008,32.562263549496,31.83313817286074,32.10555881119017,27038900
2020-12-04,33.395545959472656,33.459643306218574,32.57027313508791,32.666420683444514,28723600
2020-12-07,32.77058410644531,33.28337513441819,32.586296965321665,33.18722452431656,24899400
2020-12-08,33.8442497253418,34.12468143204036,32.402020786673816,32.474132233607214,32573800
2020-12-09,34.29293441772461,35.038084886004086,33.95641642894076,34.22082298348867,37824800
2020-12-10,35.2624397277832,35.6310110780495,34.260893457826576,34.613439700996366,38058700
2020-12-11,35.09417724609375,35.19833890376696,34.621447330778544,35.01405477494596,25478800
2020-12-14,33.828216552734375,35.62298516055954,33.79616634919002,35.526837606402104,30595000
2020-12-15,34.485233306884766,34.62945617833591,33.70002159369291,34.004489383222314,27138400
2020-12-16,35.01405334472656,35.342560353376136,34.421136690432185,35.05411457866408,34273000
2020-12-17,34.8377799987793,35.286473762512564,34.77368263623238,35.254423553001,21204600
2020-12-18,34.23685073852539,35.07814883213464,33.988466211031735,34.66951937745908,46596800
2020-12-21,33.61188507080078,33.71604671278175,32.47412720175518,32.93884602253496,27869500
2020-12-22,33.04299545288086,33.57181143419367,33.03498137604936,33.315415992131385,21792900
2020-12-23,33.46766662597656,33.96443266220781,33.219282079622786,33.25934331446015,19085900
2020-12-24,33.33145523071289,33.5317644642063,33.1551851836426,33.37151952259264,8039000
2020-12-28,33.44363784790039,34.09263794176641,33.2673647080963,33.40357354777985,23877500
2020-12-29,33.067047119140625,33.74809725927147,33.010960780846375,33.68399989685356,20287700
2020-12-30,33.33145523071289,33.988469272053166,33.067048631869284,33.11512394823919,23807300
2020-12-31,33.0269889831543,33.39555725693467,32.8266797400376,33.227298226271,22786500
2021-01-04,33.25132369995117,33.85225123669728,32.850705342120435,33.2112624754632,27764700
2021-01-05,34.85380554199219,35.89541291241164,33.51574137105189,33.523752395292455,44035100
2021-01-06,35.7431755065918,36.13577984200858,35.01405011291325,35.58292752915648,36484800
2021-01-07,36.02360916137695,36.51236414409436,35.67907706065734,36.05565936992671,29528100
2021-01-08,36.42422866821289,36.71267444067707,36.01559919487278,36.21590841947554,28628200
2021-01-11,37.52993392944336,37.770304371567356,35.85534880169723,36.08770822022336,38246200
2021-01-12,38.363216400146484,38.5955727344484,37.58601577549944,38.02669537617974,36915100
2021-01-13,38.79589080810547,39.02825025210613,38.21098821410389,38.884027359724776,29000300
2021-01-14,40.31023025512695,40.92718304585944,38.85999034004337,38.85999034004337,35474800
2021-01-15,38.37123489379883,39.32470876695288,37.89049397335944,39.18849690372677,42411300
2021-01-19,39.13240432739258,39.61314517120441,38.739796961648175,38.81992247326731,24932600
2021-01-20,39.68526077270508,39.853522836544784,39.25259519040945,39.3487427579778,22342400
2021-01-21,38.54750061035156,39.573082674376295,38.202968562629074,39.525010425422415,29044500
2021-01-22,38.00267028808594,38.17092932069538,37.36969233896298,37.66614916639054,23264800
2021-01-25,37.578006744384766,37.69819042922571,36.9850901738184,37.578006744384766,26395800
2021-01-26,36.75273132324219,38.34719390716547,36.73670622039399,37.86644999114713,23976800
2021-01-27,36.33608627319336,37.38570754153954,35.67907236674024,36.05565462646668,32410300
2021-01-28,36.90496826171875,37.32962278941147,36.60850844382398,36.80881764465652,24967200
2021-01-29,35.927459716796875,36.88894452776748,35.663050094777674,36.49633713471726,38961100
2021-02-01,35.991546630859375,36.520365721456976,35.486769773157235,36.520365721456976,24412400
2021-02-02,36.56044006347656,37.65012272043784,36.28000531872779,36.70466294786709,31940400
2021-02-03,37.99464416503906,38.194953346988385,36.39217070944449,36.56043274520334,28459300
2021-02-04,38.72377395629883,38.763835182877884,37.85843679110804,38.363216804136,25280300
2021-02-05,40.02177810668945,40.157986893319155,39.292652753056416,39.404825414157536,34980100
2021-02-08,41.74444580078125,41.952769129031466,40.63072687786957,40.798985911587906,36998700
2021-02-09,41.25552749633789,41.52442423642001,40.554761585243135,41.288118874142704,28977000
2021-02-10,41.654808044433594,41.89926052671718,41.05997253113681,41.255536381992854,25723800
2021-02-11,40.61180114746094,41.49998070829714,39.74806589753448,41.46738622149659,26972200
2021-02-12,41.16590118408203,41.3207203571094,40.26142424374223,40.277721489594875,19756700
2021-02-16,42.40446853637695,42.803740224147184,42.06223255276317,42.339279545828745,28060100
2021-02-17,43.06448745727539,43.406723420923775,42.20890221072738,42.65706561526377,25509700
2021-02-18,42.38816452026367,43.13781914157145,42.257789668367465,43.03189171141817,20627600
2021-02-19,42.673362731933594,42.82818502079076,42.30668245356394,42.461504742421106,22607200
2021-02-22,44.24600601196289,44.661577980707335,42.852624228627825,42.852624228627825,36435100
2021-02-23,44.85713577270508,45.02825216825249,43.789692736153825,44.80009697418927,33527900
2021-02-24,46.201637268066406,46.44608975033917,44.71047184195323,44.97122157082844,28728600
2021-02-25,45.4356803894043,46.64979879113225,45.101594618466834,46.42979063343463,29670900
2021-02-26,44.30303955078125,44.86528354659325,43.28448519127399,44.33563403629698,35291000
2021-03-01,45.957176208496094,46.943136131063,45.73716808299762,46.01421500676814,36998300
2021-03-02,45.68827819824219,46.41348846989976,45.647536641884855,46.16088895545542,30302600
2021-03-03,46.054962158203125,47.228335861738486,45.533462734409625,45.97347593049679,35358900
2021-03-04,47.839473724365234,48.4587566879767,46.527574846896236,46.54387209418939,52137500
2021-03-05,49.64841842651367,49.74619878349889,48.16540339398159,48.75209175265591,51429800
2021-03-08,49.59953308105469,50.20251876160682,48.74394785339689,50.17807444630805,38154600
2021-03-09,48.83358383178711,50.0232549034185,48.45875647087016,49.3876778037435,35645900
2021-03-10,50.33289337158203,50.45511805584521,48.91506403210312,49.31433879414605,31579100
2021-03-11,49.958065032958984,50.968469412853764,49.917320363971726,50.34103943270825,24802600
2021-03-12,50.4958610534668,50.82179664242375,50.11288355035105,50.153625110422944,20422700
2021-03-15,49.208412170410156,50.406233443641774,48.78469305941406,50.10474213503418,31243600
2021-03-16,48.165401458740234,48.613564777662326,47.61945467838027,48.51578442460583,30624800
2021-03-17,48.377262115478516,48.670606299444074,47.76612943501079,47.823168236517255,25575500
2021-03-18,46.29127502441406,48.051337417868886,46.054969588513835,47.920962540886386,38622800
2021-03-19,46.030513763427734,46.829060073867254,45.47641989767272,46.20977723172625,84439400
2021-03-22,45.55790328979492,46.33200529303845,45.549756221887336,46.0386611142614,29315100
2021-03-23,44.99567413330078,45.86755672161538,44.36824405517473,44.76751576319347,33493300
2021-03-24,45.90828323364258,46.67423500995277,45.69642528985679,45.69642528985679,29781800
2021-03-25,45.777915954589844,46.03866567078036,44.40897839039875,44.98751662892259,31495900
2021-03-26,47.024627685546875,47.081666494062404,46.054964832400884,46.6905419035065,34226500
2021-03-29,46.77202224731445,47.1142550553203,46.2342256144613,46.72313051400724,21144400
2021-03-30,46.193477630615234,46.73942440065589,46.03051141472854,46.33200264417651,20303400
2021-03-31,45.49271774291992,46.14459197348645,45.46827032226138,45.916433661502026,23686500
2021-04-01,46.76387405395508,46.81276578933557,45.74531954639069,45.891991644150494,23194500
2021-04-05,46.03866958618164,46.70684117929283,45.74532535342413,46.69054393209718,23264800
2021-04-06,45.90828323364258,46.88609606211984,45.84309426116615,46.31570498647633,18926300
2021-04-07,46.11199951171875,46.25867160859089,45.82680549467939,45.94903016981841,22385000
2021-04-08,45.6312370300293,45.69642600352381,45.077143188851295,45.57419823241227,21999300
2021-04-09,45.52532196044922,45.989782674970925,45.24827494578869,45.63125252415593,20020700
2021-04-12,45.223812103271484,46.27496091438602,45.06899296463785,46.25051349684725,20238800
2021-04-13,45.39493942260742,45.614947583183294,44.88973722520091,45.0608536472993,19370600
2021-04-14,46.70683288574219,47.26907382643776,45.834950520075274,45.96532536610823,28051100
2021-04-15,46.42979049682617,46.78832058143676,46.26682114622797,46.78832058143676,23250300
2021-04-16,46.16904830932617,47.00018933539126,45.98978168359184,46.739439575258956,22752000
2021-04-19,46.02237319946289,46.56016993344611,45.598654089600025,46.2423813781445,21123300
2021-04-20,45.05270004272461,46.014215667957274,44.63712809690669,46.014215667957274,21782100
2021-04-21,45.6312370300293,45.737167557767215,44.246002427084285,44.40897175243923,16625600
2021-04-22,45.036407470703125,45.623095874655085,44.832696564706666,45.623095874655085,21600100
2021-04-23,45.28085708618164,45.58234833773323,44.963068590170295,45.03640463604842,15337900
2021-04-26,45.37049102783203,45.86754611165456,45.174927199889126,45.199374621120484,16083800
2021-04-27,45.965328216552734,46.14459480660796,45.476423290706116,45.63938952706718,19278600
2021-04-28,47.35056686401367,47.63576090939493,46.27497345231583,46.37275382382055,24729800
2021-04-29,48.02688217163086,48.46689847544618,47.38315806980668,48.0105849261138,27318400
2021-04-30,46.64164733886719,47.98613736504102,46.57645836120997,47.529826954966694,30518400
2021-05-03,47.929100036621094,48.067625064208706,47.049070569876605,47.24463129209465,20509600
2021-05-04,48.2305908203125,48.48319345142976,47.67649693219706,48.075771657720274,23522200
2021-05-05,49.68101119995117,49.746197066230565,48.401707101856516,48.70319833870916,31526200
2021-05-06,50.15362548828125,50.22696154031589,48.91506278079719,49.59138449493687,26836800
2021-05-07,50.87069320678711,50.90328770129032,49.58323864934926,49.762505260734805,33610600
2021-05-10,50.9929084777832,52.166278907775066,50.952163815474314,51.53070507141858,31956600
2021-05-11,49.37137222290039,50.83809003293587,49.20840288658944,50.21881028501211,34563800
2021-05-12,49.63592529296875,50.99173618477125,49.396177398922916,49.61112172049406,34426500
2021-05-13,49.0241584777832,49.974881205940434,48.56946623314207,48.776144812857574,24268200
2021-05-14,50.23942184448242,50.33036091022167,49.54498179680424,49.54498179680424,20735400
2021-05-17,51.413352966308594,51.46295695170166,49.95833741841895,50.0492764814741,25282500
2021-05-18,49.958343505859375,51.504298305179276,49.933543086973046,51.25628465532194,25170800
2021-05-19,48.75960922241211,49.48711869222614,48.29664807731868,48.85881405576614,28889800
2021-05-20,48.64385986328125,48.900142380628076,48.147832643402914,48.73479892278058,20692500
2021-05-21,48.71000289916992,49.462315906588955,48.652133153009174,49.12336003098365,20792700
2021-05-24,49.280433654785156,49.43750821647215,48.51985495569191,48.84227614073002,18400300
2021-05-25,48.16436767578125,49.22256399125044,48.048628192916894,49.18949466652794,25616100
2021-05-26,48.726539611816406,48.87534843781988,47.86675913827552,48.156107881246285,21698700
2021-05-27,48.412391662597656,49.35484548180051,47.96596517339688,48.96628874264448,33556000
2021-05-28,48.255306243896484,48.610793596833396,48.04036194274745,48.55292385599849,19246800
2021-06-01,49.98313903808594,50.18155183077255,49.14815909601061,49.14815909601061,28474200
2021-06-02,50.37996292114258,50.685849450082436,49.74339259975116,50.22288835625292,22978300
2021-06-03,50.57837677001953,50.768520664202825,49.892202446360066,50.05754592285213,20272800
2021-06-04,50.80159378051758,51.00827235313672,50.24769356599262,50.809859535809856,20427800
2021-06-07,50.470916748046875,51.03308282863774,50.446116323618426,50.702398939485406,15477900
2021-06-08,51.36375427246094,51.653102981803194,50.156749140305394,50.84292344198047,28953400
2021-06-09,51.79364776611328,52.43021494792887,51.41335682356388,51.81017927548696,29133000
2021-06-10,51.87632369995117,52.89318193746262,51.46296653899539,52.587298521381506,27488700
2021-06-11,51.39682388305664,52.24007280427831,51.37202346450044,52.09126398561187,17631700
2021-06-14,51.314151763916016,51.901118107592495,50.90079465084843,51.50429565748736,16997200
2021-06-15,53.18252944946289,53.240399194923484,51.5456324520603,51.65310618805766,30717100
2021-06-16,52.99238586425781,53.571089664069106,52.54596253486692,53.17426402113195,24803200
2021-06-17,51.24802017211914,53.29000232183153,50.65278487475728,52.79397500980647,28491800
2021-06-18,49.93354034423828,50.884259808748006,49.801266194668905,50.42956761670731,39590700
2021-06-21,51.744041442871094,51.834980508646716,50.346895592645225,50.37169600925153,33145400
2021-06-22,52.73611068725586,52.917988858753226,51.44643512818057,51.958997157159885,25140400
2021-06-23,53.124656677246094,53.488406639132776,52.56249076451703,52.951047450755645,20701600
2021-06-24,53.339599609375,53.372668935618776,52.75263641370287,53.03371937944591,19568400
2021-06-25,53.455345153808594,53.67855522074433,53.20732836180975,53.41400691936578,18438300
2021-06-28,52.09126663208008,53.372673165773776,51.876322301788754,53.372673165773776,20570000
2021-06-29,51.76884841918945,52.7195711226475,51.744047999440646,52.25660998079288,19579300
2021-06-30,52.14913558959961,52.27314083296487,51.62830473720481,51.834983296478114,17875500
2021-07-01,52.297943115234375,53.25693153830218,51.89285489067016,53.18253028182948,22530300
2021-07-02,52.223541259765625,52.347549667282344,51.60350552951165,52.09126709679137,14555300
2021-07-06,50.73545455932617,51.884586905723516,50.34690099161505,51.876321150523154,22110800
2021-07-07,49.941810607910156,51.099211886387806,49.28870555571684,50.57838099570639,21671400
2021-07-08,49.71860122680664,50.1898281608602,49.03242994624261,49.14816945233787,18935900
2021-07-09,50.619712829589844,50.80159097261465,49.80126749330737,50.181555289027806,20086000
2021-07-12,50.570106506347656,50.84292370829745,49.73512654525463,49.95007085136842,21809400
2021-07-13,50.33037567138672,50.85120349464828,50.02448905988546,50.42958052053197,17147300
2021-07-14,49.214298248291016,51.033070227359566,49.073758339678626,50.570109112463975,21573600
2021-07-15,48.73480987548828,49.3548456165157,48.58600104534851,48.916684881697556,15851100
2021-07-16,47.38726043701172,48.991084942607536,47.24672052862868,48.924949442681566,27049500
2021-07-19,45.75863265991211,46.461341667434645,45.138596969920535,45.99838055025502,37969100
2021-07-20,46.2629280090332,46.79202461685188,45.494083515276515,45.88264021637159,26756100
2021-07-21,47.751014709472656,48.197441170860934,46.98217334196794,47.00697376082352,20908700
2021-07-22,47.21365737915039,47.734488306494136,46.84163528819057,47.72621939688114,13493800
2021-07-23,47.15577697753906,47.36245551988067,46.68455015329336,47.36245551988067,14088200
2021-07-26,48.34624481201172,48.486787862354525,47.122708205467376,47.254982347967726,18387600
2021-07-27,47.80888748168945,47.957693148089504,47.29632236650453,47.957693148089504,16861400
2021-07-28,48.13130569458008,48.47025841833072,47.63527524155606,47.94942754643814,16855300
2021-07-29,48.71827697753906,49.04896397954634,48.41239355056456,48.77614672984059,18607800
2021-07-30,47.59394073486328,48.676937574423924,47.38726216535157,48.676937574423924,28652800
2021-08-02,47.602210998535156,48.825747786428636,47.4534021719582,47.57740742499581,20873800
2021-08-03,48.114776611328125,48.28838587087335,47.06484899070008,47.593945679027435,18208200
2021-08-04,46.99043273925781,47.85021621812238,46.96563232375772,47.27978143230635,20868300
2021-08-05,47.28805160522461,47.701408694162474,46.9821682424366,47.230181865066456,15180200
2021-08-06,47.83369064331055,48.007299892119406,47.56087340632676,47.668347150017176,14888500
2021-08-09,47.28805160522461,47.5525998898517,46.9821682424366,47.230181865066456,17828200
2021-08-10,48.098236083984375,48.24704490364957,47.37072664936171,47.46993147791696,16340200
2021-08-11,48.23877716064453,48.36278556458371,47.7179494328953,48.106503001486274,18278600
2021-08-12,48.12968063354492,48.498942665738674,47.72685194502269,48.17164455640173,19225500
2021-08-13,47.64292526245117,47.894692764914055,47.24848748104091,47.86112291087968,20063000
2021-08-16,46.94636154174805,47.072246883875366,46.38408093674642,47.01350124458855,16959500
2021-08-17,46.62746047973633,47.248486762946435,46.15749213459015,46.577105699450065,16243700
2021-08-18,45.645565032958984,46.83726927305177,45.57842852442566,46.50996798923502,21890500
2021-08-19,44.25244140625,45.07488352074742,43.7237274750027,44.873470824060796,30923500
2021-08-20,44.26084518432617,44.5965341529506,43.73213113703039,43.86640736475972,16918300
2021-08-23,46.08195877075195,46.20784411313604,45.27630154340608,45.27630154340608,21632600
2021-08-24,46.45960998535156,46.870829446937535,46.16587859710731,46.400864347982136,17915600
2021-08-25,46.54353713989258,46.80369870984161,46.04839299153638,46.358909343171604,13270300
2021-08-26,45.91412353515625,46.610683711415994,45.846987017754174,46.32534630931169,11842600
2021-08-27,46.80369567871094,47.17295444963625,46.493182548582894,46.493182548582894,15822500
2021-08-30,46.29175567626953,47.28204367438821,46.25818583193412,47.19812226494625,14086100
2021-08-31,45.75465774536133,46.41764786284084,45.7043029714044,46.098740697241055,27104100
2021-09-01,45.125244140625,45.95607722451884,44.982573860711426,45.72948871174598,21644100
2021-09-02,46.224639892578125,46.69460511818065,45.544864646605625,45.561649576291146,23293300
2021-09-03,46.04839324951172,46.42604611078004,45.821801532750726,46.25820003894995,13840000
2021-09-07,45.779842376708984,46.3840869753493,45.712705866525425,45.88054874268315,14354400
2021-09-08,45.3602294921875,46.30855712400324,45.32665963587243,45.98125902842554,18756700
2021-09-09,45.393802642822266,46.15749932172581,44.7308123387747,44.999364805989266,19110800
2021-09-10,45.301483154296875,46.3505171376811,45.2763073631429,46.31694728187737,15123700
2021-09-13,46.4680061340332,46.937974487855385,45.83858577512372,45.86376476643039,22052300
2021-09-14,45.80501937866211,46.8036985345498,45.662349098451,46.736558825886334,19940300
2021-09-15,47.34919357299805,47.44150907036988,46.41765413931243,46.46800571868073,23240900
2021-09-16,46.84566116333008,47.38276604896462,46.57710872051281,47.38276604896462,17907200
2021-09-17,46.29175567626953,47.62612657533477,46.24140090976641,46.442816774382315,30000400
2021-09-20,45.058109283447266,45.46093797376744,44.44547378349797,45.133639862969666,27555100
2021-09-21,45.016151428222656,45.74627827583173,44.68885329658404,45.62878696718177,19696800
2021-09-22,46.33373260498047,46.921192280965876,45.62878163407752,45.679136418212615,25690600
2021-09-23,47.90308380126953,48.03736000752226,46.39247247917977,46.50996375947625,23069400
2021-09-24,48.33109664916992,48.52411852928168,47.56739999246783,47.58418492135552,22328600
2021-09-27,49.76616668701172,50.18578023951839,49.363338060772996,49.38851384947625,32972200
2021-09-28,50.28649139404297,50.75645977019765,49.94240837621114,50.26970966757106,37619300
2021-09-29,50.2529296875,50.51308809159868,49.55636951862089,50.219359828455666,23422800
2021-09-30,49.363338470458984,50.496293791070904,49.35494760795404,50.45433307575146,31289600
2021-10-01,51.13411331176758,51.184468096034074,49.85848758959564,49.85848758959564,24407300
2021-10-04,51.7971076965332,52.090835958022474,51.15090231985887,51.46141551077581,33946700
2021-10-05,51.713172912597656,52.61953971563819,51.20963793406224,52.4684785817981,29641600
2021-10-06,50.764854431152344,51.293565258964634,50.14382489827422,50.748069503085624,25284900
2021-10-07,50.90752410888672,51.26000121343417,50.4711255611316,50.86556338728288,19513600
2021-10-08,52.183135986328125,52.384548676904636,51.40265460720091,51.40265460720091,22186900
2021-10-11,51.66282272338867,52.92166340494047,51.612467943623535,52.89648441435919,22121500
2021-10-12,51.3942756652832,52.01530200688869,51.066974364742336,51.671218979405175,20198600
2021-10-13,51.2515983581543,51.520150772037034,50.52986254532047,51.008221732636414,14991700
2021-10-14,52.03208923339844,52.21672025189975,51.33552908279648,51.78871256380995,18594500
2021-10-15,52.527225494384766,52.93005412724597,52.40134014600429,52.64471677879461,16092600
2021-10-18,52.502052307128906,52.98880239543419,52.25867566227748,52.946841677693705,18282800
2021-10-19,53.290924072265625,53.3832395710711,52.594364000477015,52.76221007090538,18933200
2021-10-20,53.58465576171875,53.60144068998742,52.63633132502152,52.778998413208676,14305200
2021-10-21,52.611148834228516,53.40841526629929,52.32581147542626,53.26574818759692,16564600
2021-10-22,52.97202682495117,53.05595147665402,52.325821413130775,52.6782985474865,14266800
2021-10-25,54.0042610168457,54.06300665600694,53.35805898607213,53.4755502643946,17939800
2021-10-26,55.25471496582031,55.33864280682808,54.01266231356735,54.12175954296399,25585100
2021-10-27,53.81964111328125,54.75957793611842,53.69375894691051,54.68405055713471,21764500
2021-10-28,53.970699310302734,54.104978735961,53.400027758243674,53.5594797741163,16626400
2021-10-29,54.10497283935547,54.85188445549033,53.987481556106935,54.59172610012496,23966300
2021-11-01,55.0784797668457,55.456135854939795,54.566550653923755,54.60851457575494,19656400
2021-11-02,54.39870071411133,54.92741148548969,54.26442770670502,54.574937637904114,16300000
2021-11-03,53.65179443359375,54.088189754519455,53.425202708460596,53.74410993658107,17372800
2021-11-04,54.054630279541016,54.4574557742265,53.567876937566574,54.28121881995213,17720100
2021-11-05,54.566551208496094,54.82671600146161,54.18050745434873,54.59173340352805,18565100
2021-11-08,55.154014587402344,55.707901229822475,54.86867399971056,55.01134749495427,17696000
2021-11-09,55.69111633300781,55.69951039761399,54.8099252304216,55.19596896596743,18781300
2021-11-10,54.593971252441406,55.835708984404405,54.23675711708004,55.55504050344745,20177200
2021-11-11,54.696022033691406,55.13828865200721,54.44937459056217,54.593965497806096,13319300
2021-11-12,54.279273986816406,54.747054721424725,54.075154433916225,54.39834426674514,18158900
2021-11-15,54.74705123901367,55.087248309259806,53.76896843994809,54.2282390269706,18849200
2021-11-16,55.29988098144531,55.59756318486723,54.721536812189235,54.721536812189235,17028700
2021-11-17,54.696022033691406,55.48699263102176,54.58545862353437,54.755557175905786,15497000
2021-11-18,54.10067367553711,54.883137442910545,53.675420781680565,54.56845445431699,16948200
2021-11-19,51.60017776489258,52.75686600244759,51.379047716852554,52.637795727008985,32035500
2021-11-22,52.314605712890625,53.19062881577526,51.30250506821596,51.30250506821596,21994400
2021-11-23,53.69243621826172,53.90506268471912,52.66332165484686,52.89295862795154,21185900
2021-11-24,53.990108489990234,54.30479473160477,53.224655206785506,53.224655206785506,15869700
2021-11-26,52.09347152709961,52.23805593156674,50.63910763128993,51.47260278639293,24979600
2021-11-29,52.382652282714844,53.70093562209237,52.12750119193567,53.216147576285294,18946400
2021-11-30,50.89426803588867,52.04244958693749,50.74117672982587,51.42158073209266,34979800
2021-12-01,50.851741790771484,52.756872937051604,50.817720780625244,51.795803733586034,30630600
2021-12-02,52.118988037109375,52.37414234156645,50.298906365923216,50.80921173041561,29216000
2021-12-03,51.787296295166016,52.92697416728362,51.328022396456966,52.66331620815315,22014700
2021-12-06,52.37413787841797,52.86742945319336,52.23805386394588,52.49320814665956,19210500
2021-12-07,52.960994720458984,53.60737767851884,52.81640705236882,53.02052986484258,19800400
2021-12-08,53.11408615112305,53.74345860601062,53.02052999702359,53.25016694497079,18214400
2021-12-09,53.25017166137695,53.38625246727748,52.569767631874335,52.773887218513956,16910300
2021-12-10,53.59036636352539,53.8795384509116,52.9269729107543,53.81149967739707,17942400
2021-12-13,52.41667175292969,53.343723176240495,52.17852793003508,53.13109673276941,17793700
2021-12-14,52.340118408203125,53.13108892117697,52.067956860128426,52.101974620321585,22551100
2021-12-15,52.11048889160156,52.306104829274716,51.03884980505228,52.04244687271245,19961900
2021-12-16,52.19552993774414,53.11407758132811,52.13599480281794,52.25506507267034,21187800
2021-12-17,51.055850982666016,52.11898300042549,50.76667894405858,51.83831783483614,44338100
2021-12-20,50.31591796875,50.392463612875545,49.295310461883346,50.00123176264358,21819300
2021-12-21,51.455604553222656,51.60869586764554,50.79221102033842,50.817725157934774,19798900
2021-12-22,51.87234115600586,52.19553096786319,51.00482500141818,51.31951118429889,14058300
2021-12-23,51.89786148071289,52.5952759392013,51.880850976308054,52.0254353971162,13543300
2021-12-27,52.63779830932617,52.68882982034123,51.38755386704272,51.82131359961617,12593700
2021-12-28,52.46769332885742,52.99500917737215,52.22104915165975,52.654805613454364,12781000
2021-12-29,52.00843048095703,52.39115549183691,51.81281129369658,52.289095705230416,12733600
2021-12-30,51.702247619628906,52.39115523132483,51.685237114542055,52.06796536794096,11940300
2021-12-31,52.042442321777344,52.28058612264233,51.62569634800167,51.659717354471205,14072000
2022-01-03,54.041133880615234,54.09216214705774,52.059454008411535,52.08497138605462,24282400
2022-01-04,56.07384490966797,56.29497822372356,54.51741781450666,54.54293194904308,38584000
2022-01-05,56.77125930786133,57.502694778351035,56.541625608448975,56.558632868506045,34033300
2022-01-06,58.10655975341797,58.24264380486196,57.043427434679465,57.8343981393747,30668500
2022-01-07,58.58282470703125,58.83797898829583,57.817374840923335,58.276642165050916,23985400
2022-01-10,58.23412322998047,58.82947459288099,57.79185665567449,58.65937605743604,22760300
2022-01-11,60.68357467651367,60.72610255304193,58.3276769646983,58.59133163041331,32936100
2022-01-12,60.50495910644531,61.07479621863578,60.07970636800314,60.50495910644531,23045100
2022-01-13,60.071224212646484,60.879208641436676,59.79906260761635,60.48797673975864,21043200
2022-01-14,61.1258430480957,61.363983590504034,60.045697245088206,60.0882251228796,23012900
2022-01-18,62.154964447021484,62.83536518304938,61.24492351484047,61.93383112561143,32841200
2022-01-19,62.18047332763672,62.818352613731605,61.70419220378251,62.72479646599687,26431600
2022-01-20,62.316551208496094,63.25211269095833,61.457545103826135,61.66166465961622,26774600
2022-01-21,61.381004333496094,62.24001704062789,60.41993507939249,62.24001704062789,35995200
2022-01-24,61.9083137512207,62.154961195111284,59.373803784462595,60.28384466903081,41507000
2022-01-25,63.7283821105957,63.99203675876003,60.71759163818459,61.73819571849506,39278400
2022-01-26,63.082000732421875,64.63842758555425,62.50365664710267,64.1536396382163,35252400
2022-01-27,63.889991760253906,64.64694132884077,62.92891614773708,64.17916058922252,29174700
2022-01-28,64.02606201171875,64.31523729661018,62.89488798021457,63.76240734604594,30595700
2022-01-31,64.60441589355469,64.99564775930126,63.16705910180019,63.76241701920542,36085500
2022-02-01,68.74639129638672,69.32473554978641,64.86808010171153,65.02117141845982,61033100
2022-02-02,68.56777954101562,68.72937122968011,67.31753498392933,68.09149188331726,30299300
2022-02-03,67.76827239990234,68.30408848069176,67.20693570578268,68.11697624931854,28529400
2022-02-04,69.23966979980469,70.19223199858946,68.78039595874345,68.78039595874345,32197500
2022-02-07,70.07316589355469,70.66001691797274,68.58478088054147,69.01003374140238,34949200
2022-02-08,68.2615966796875,70.16672783680436,67.97242133622167,69.9711086495618,34356300
2022-02-09,67.93480682373047,68.82053806550529,67.6854250999956,68.43357027120021,40106100
2022-02-10,67.28125762939453,68.51956511779588,66.89428981965813,67.69402897912099,28527700
2022-02-11,68.975341796875,69.06993511171687,67.27267525127972,67.60804916361757,42002100
2022-02-14,67.9176254272461,68.65716301483943,66.25795168414676,68.43358478265549,34652800
2022-02-15,67.0662841796875,67.2382750016959,65.71618739062197,66.12895880266309,25075100
2022-02-16,67.3758544921875,68.56256808495922,67.10927694518672,67.7542277027267,21733800
2022-02-17,67.27266693115234,68.03800797601428,67.03187980265716,67.48765051815353,23738800
2022-02-18,66.5245361328125,67.2210810065072,66.12036585175711,66.35255185017523,23394800
2022-02-22,65.75059509277344,68.61417872700781,64.76166904530386,68.51098421883343,35947800
2022-02-23,66.01718139648438,66.61913959891953,65.46682373532019,65.75060374957759,25385000
2022-02-24,65.18303680419922,67.96062152595475,63.66094908664819,67.93482454104362,46199900
2022-02-25,66.93729400634766,67.06628548517008,65.57860257031827,65.94837464386036,28310300
2022-02-28,67.43604278564453,67.87461109325292,65.52698768746673,65.79357176817419,32204600
2022-03-01,68.08100128173828,69.35370701333822,67.3586595730199,67.73702622772923,40002300
2022-03-02,69.2505111694336,70.64360715847182,68.63995857692316,69.31070631064509,44321400
2022-03-03,69.68907928466797,70.31682767508279,68.47656872333621,68.67435650709737,30196600
2022-03-04,72.3118896484375,72.47527930445193,69.36232058353457,69.69769451688445,42802200
2022-03-07,74.91748809814453,75.01208140802738,72.14849825054606,73.02562846126649,55207900
2022-03-08,75.48503875732422,78.69259687851991,73.46419427833658,76.57715909295689,72082300
2022-03-09,71.19396209716797,74.44451272942591,70.17063817190969,72.26027880132952,65466700
2022-03-10,73.40401458740234,73.67919338424964,71.28857635649247,72.24310424322718,44644200
2022-03-11,73.025634765625,74.1521534003615,72.2086996305962,72.29469176679196,35303400
2022-03-14,70.41141510009766,71.76151163072107,69.22470817891062,71.4261377929774,37462600
2022-03-15,66.4041519165039,68.08102178882757,65.6732088070495,67.78004598620286,47957900
2022-03-16,66.15475463867188,67.60804589574295,65.56999897554081,66.91149456005017,37812300
2022-03-17,67.9176254272461,68.06381270846924,66.27514748632278,67.22967524618079,34041900
2022-03-18,67.65103149414062,68.27018525531147,67.1608691933434,67.98640535464514,41461500
2022-03-21,70.68659210205078,70.96177079719189,68.57115465300771,68.89793386402239,33089300
2022-03-22,70.37702941894531,70.68660633340346,69.47410221909149,70.19644397897454,23132200
2022-03-23,71.48635864257812,72.46668353026332,71.4175688629782,71.66694411549065,27716300
2022-03-24,71.70132446289062,72.79344477242022,71.15956817881735,71.77012078616997,19871600
2022-03-25,73.26640319824219,73.51578494432127,71.1939648489038,71.30575395130684,22398300
2022-03-28,71.21117401123047,71.64114126223083,70.53182496735634,71.52075095681309,21552400
2022-03-29,70.83280944824219,70.93599739272497,68.58837980482447,69.49130712294782,27036300
2022-03-30,72.0452880859375,72.24307584378488,71.12515873061784,71.42613439623129,22079000
2022-03-31,71.02198028564453,72.57846604031506,70.98758868248157,71.26276743323776,27861500
2022-04-01,71.4777603149414,72.35489064658283,70.50603009959674,70.50603009959674,18671100
2022-04-04,71.51215362548828,71.94212086019435,70.55762583957845,71.85612216462967,20869400
2022-04-05,71.14238739013672,73.15463106482242,70.99619353212512,71.80453409927914,21753100
2022-04-06,71.93352508544922,72.83645240973395,71.32297235356721,71.73573725587457,24768200
2022-04-07,73.13742065429688,73.47279453309943,71.125170820703,72.08829967515922,26122000
2022-04-08,74.67668151855469,74.99485952906481,73.24059300337721,73.24059300337721,24866500
2022-04-11,72.10550689697266,73.89417224108853,71.80453113252517,73.76518075324545,21800100
2022-04-12,73.61038208007812,74.65950308001914,73.42119546556042,73.70497538733699,22444200
2022-04-13,74.65088653564453,74.90886942248892,73.25779731686146,74.47890231826652,19306800
2022-04-14,75.52804565429688,76.06980200550089,74.15215182211098,74.53051852547505,24566400
2022-04-18,76.1471939086914,76.43956845614873,75.4592437628948,76.10419456428706,19032300
2022-04-19,75.46784973144531,76.24179205436899,75.046477124044,75.68283334554748,20382600
2022-04-20,75.63980865478516,76.10417389295064,75.07225551532315,75.64840983348554,20689400
2022-04-21,74.84007263183594,77.22209404800522,74.63369026014882,76.49114472688738,29010900
2022-04-22,73.20620727539062,75.77741565021924,73.09441817418089,74.52191231357963,23591600
2022-04-25,70.73820495605469,71.08218002517147,68.18419876089442,70.83279826408128,37698300
2022-04-26,70.76400756835938,72.85364857058869,70.66941425280658,71.14238083057054,28941500
2022-04-27,72.78484344482422,73.5071917162416,70.75539783763136,71.70992549867455,32773000
2022-04-28,74.98627471923828,75.79461512950093,72.29468249298428,72.99122723583186,33683800
2022-04-29,73.30941772460938,75.79462795897423,72.83645111497744,75.79462795897423,34656500
2022-05-02,74.30693054199219,74.84868682213805,72.77624188362644,73.10302113644515,36335200
2022-05-03,75.83761596679688,76.34497410781171,74.05755204161707,74.1779423313758,33908100
2022-05-04,78.85598754882812,79.0107760144345,76.4567761730984,76.96413435655415,46188400
2022-05-05,77.66067504882812,79.15696565718649,76.00960254385917,79.14836447600403,41013400
2022-05-06,78.84738159179688,78.95917069391498,76.83513182822253,78.23682899879181,29619300
2022-05-09,72.63005828857422,77.01572239539698,72.25168505493862,76.91253446679,45851600
2022-05-10,73.11164093017578,74.71972108478371,71.82173895740021,73.6448027741374,34483200
2022-05-11,74.63371276855469,76.48257317461204,74.1951443557738,74.32413583727163,33020600
2022-05-12,74.97251892089844,75.04201331933932,72.45316305089696,74.668453587291,29491500
2022-05-13,77.19650268554688,77.27468637327975,75.01595592300643,75.89338819946808,25798400
2022-05-16,79.01215362548828,79.90696426132675,77.29204662327304,77.30073590695575,26101200
2022-05-17,80.0199203491211,80.31528979539969,79.15986661250506,79.68980038657737,23120700
2022-05-18,78.75154113769531,80.72358450239223,78.03917226165716,80.36740337836414,25451200
2022-05-19,79.17723846435547,80.18498355091941,77.31812892822994,77.31812892822994,24387400
2022-05-20,79.80271911621094,81.30564054229121,78.53435534445012,79.86353085088501,28795000
2022-05-23,81.56627655029297,82.33076797432531,80.4021641572449,80.49772641374679,27239300
2022-05-24,82.00932312011719,82.34813228797043,80.20233647291214,80.6367078807221,24293300
2022-05-25,83.65995025634766,83.85975742680796,82.07014903824411,82.16571129471915,29947800
2022-05-26,83.95531463623047,84.64162233330102,83.57306563330955,83.92056412433017,24314800
2022-05-27,84.78062438964844,85.07600044993221,82.79120879448602,83.35588643011792,25588800
2022-05-31,83.3993148803711,86.68316184330857,83.14737865464545,85.62329448956007,44888100
2022-06-01,84.997802734375,85.75361144860433,83.93794195665039,84.28543381663492,25815400
2022-06-02,84.8501205444336,85.22368027016634,84.08562915064726,84.52000061647685,19089100
2022-06-03,86.08372497558594,86.57891475806203,85.0499255013153,85.0499255013153,21038200
2022-06-06,85.86654663085938,86.6831670928048,85.71886192586402,86.16192266883253,20682100
2022-06-07,89.80195617675781,89.8540786299298,86.43122947467832,86.61366468876267,37810200
2022-06-08,90.86181640625,91.71318736153275,89.46314643997071,89.90620054524689,31613200
2022-06-09,88.89846801757812,90.84445037747805,88.75078330620694,89.84539465541036,26607000
2022-06-10,87.27391815185547,89.78458481012417,86.69186195146412,88.55966066643467,30950500
2022-06-13,83.26899719238281,84.93698180046242,81.59232330034962,84.7197960974943,33421000
2022-06-14,83.48619842529297,85.71886760200286,82.76514016659333,84.6242562275728,31264000
2022-06-15,82.43502807617188,83.89451667577082,81.02766193899247,83.39064411243682,29620800
2022-06-16,79.39441680908203,80.90602766985066,78.4301116148031,80.28053832014072,35696700
2022-06-17,74.81612396240234,79.35964458705683,74.41650311441225,79.02083546315262,64610200
2022-06-21,79.47258758544922,80.38476347204708,76.90110328080311,76.95323235145229,35951500
2022-06-22,76.32775115966797,77.9783639830554,76.04106441407274,76.04975369884352,29727200
2022-06-23,74.02558898925781,77.36156549968555,72.5574112230034,77.02275626562422,35757200
2022-06-24,75.49375915527344,76.79687350216084,74.54682594998445,75.5371923233803,26639000
2022-06-27,77.34418487548828,78.22161712327366,76.16269391648505,76.2843174009722,25478700
2022-06-28,79.48998260498047,81.0015935331088,78.49092685320106,79.15986265892435,33096900
2022-06-29,76.55363464355469,80.96684399425857,76.24088663700314,80.77572610401754,25400900
2022-06-30,74.3991470336914,76.10188245067937,73.55646529669603,74.8335185164327,39948100
2022-07-01,76.05843353271484,76.3451136147054,73.59120057498775,75.35474736933071,26327900
2022-07-05,73.6781005859375,75.3200245235213,72.11436697432545,75.0072764756021,34591100
2022-07-06,72.34890747070312,74.04296009825863,70.37686400894403,72.76590697797316,33375700
2022-07-07,74.65978240966797,75.37215147008673,74.10378736875498,74.17328177788133,23817400
2022-07-08,74.78141021728516,75.84127789630831,73.78235429223952,75.53721249843663,17673800
2022-07-11,74.3991470336914,74.8161465734355,73.28715709835093,73.99083677943733,15603800
2022-07-12,73.40878295898438,73.8865942566562,71.98404497972321,72.78328694311692,21013000
2022-07-13,73.70414733886719,74.98120051231987,72.36628905313661,72.4357834505896,19928600
2022-07-14,72.22728729248047,72.37497200113752,70.0988697468289,71.10660810776355,26343000
2022-07-15,73.44353485107422,73.73890429300336,72.01879684510072,73.66940988947972,17243700
2022-07-18,74.79875946044922,76.39724978094094,74.49470078285033,75.21575895257205,19395800
2022-07-19,76.68392944335938,76.90111515866376,74.92907178001205,75.07675647570335,18248900
2022-07-20,77.526611328125,77.88279908379914,75.7978148845866,76.0845016204245,16584400
2022-07-21,76.23220825195312,76.27564805884583,74.02559994707983,75.51983916360695,21375700
2022-07-22,75.65013122558594,76.85768329287228,75.2591929546339,76.05844143774416,15479500
2022-07-25,78.16948699951172,78.29979312869389,75.9455007270583,76.58837522827378,17536400
2022-07-26,77.86542510986328,79.29885224566054,77.31811945931484,79.16853948277308,15141200
2022-07-27,79.55079650878906,79.92435626514767,77.66562578325099,78.43011723971325,18047000
2022-07-28,80.48033905029297,81.01027273191457,79.06429055644136,80.08071812493574,20353100
2022-07-29,84.20724487304688,84.71979997407378,81.7487010122349,82.05275968470696,29825800
2022-08-01,82.07884216308594,82.83464433676407,80.99291340505813,82.34815037412223,20793200
2022-08-02,81.72264099121094,82.70431804193609,81.50545527510504,82.26126395322713,16722500
2022-08-03,79.07298278808594,82.02671023316125,78.8731756152034,82.02671023316125,23580800
2022-08-04,75.7457046508789,78.48223981149575,75.08545811190632,78.45617858184922,31821500
2022-08-05,76.8403091430664,77.91755514330747,74.95513858461837,75.02463960940473,17408000
2022-08-08,77.27467346191406,77.83935763712843,76.64049489632066,76.9793040758529,14458500
2022-08-09,78.69942474365234,79.58554631031332,78.14342975703423,78.23030935892953,19083400
2022-08-10,79.446533203125,79.74190922693616,77.48317907936445,78.77760410622965,18302000
2022-08-11,81.74475860595703,82.71843313722131,80.2096869908407,80.56055514896238,18797900
2022-08-12,82.45528411865234,82.47282485147637,80.79740713293381,81.12196757542428,15058200
2022-08-15,80.98160552978516,81.34125408849903,78.64830017727026,79.41144577547011,20755200
2022-08-16,80.22724914550781,81.48162255366333,80.07812946924739,80.72724376596796,14038200
2022-08-17,80.8763427734375,81.76230027533997,79.75354859284649,80.06056158091728,13678000
2022-08-18,82.78862762451172,83.60440905274324,81.65705940519813,81.70969499863389,17770400
2022-08-19,82.52545928955078,83.50790093122859,82.27984887913134,82.59563560463684,16128600
2022-08-22,82.46405029296875,82.88509476607526,80.57810379864664,81.94650837481466,16019900
2022-08-23,85.96402740478516,86.32367603790385,83.72720564740153,83.81492939661851,23764700
2022-08-24,86.4727783203125,86.81487945786292,85.40261304187021,85.97278383524795,17050300
2022-08-25,86.92013549804688,87.59557074045173,86.05172545019303,86.77101586513498,15305700
2022-08-26,85.84999084472656,87.63944680678203,85.45525407364227,86.63945100213104,15531400
2022-08-29,87.82366180419922,89.08680217476055,86.08683459265131,86.1219227546645,23059200
2022-08-30,84.48157501220703,86.50787426996467,84.05175679672341,86.27980459358528,17086800
2022-08-31,83.8499984741211,84.94647825347124,82.09563082716086,82.48159385105419,18340900
2022-09-01,82.34124755859375,83.39386546520572,80.95529551739556,82.82369464396531,16423000
2022-09-02,83.8499984741211,84.9026230777261,83.42895398658426,84.5166600538328,18206800
2022-09-06,83.28861236572266,84.72719349089013,82.9026559832222,84.35001082165037,19201500
2022-09-07,82.57808685302734,82.97281690737687,80.96407178626825,81.74476487500871,16274700
2022-09-08,83.25352478027344,83.70088373796379,82.20967382756555,83.03422881154535,18759200
2022-09-09,84.64823913574219,85.08683104836261,83.61316195426272,84.66577986759916,17158000
2022-09-12,85.62190246582031,87.00785433374843,84.98155541289282,85.65699061730488,16118900
2022-09-13,83.62193298339844,85.77103060933281,83.25351739478933,84.7447271729012,18229100
2022-09-14,85.67454528808594,86.45523838160796,84.34122877661356,84.37631693380779,22655700
2022-09-15,83.18334197998047,84.68332548607127,82.4991396816634,84.402626935675,21092300
2022-09-16,81.76231384277344,83.63071321653995,80.70092208367188,83.3938764985513,37874700
2022-09-19,81.75353240966797,82.00791653008338,79.82373061032702,79.8325043227225,15342100
2022-09-20,81.08687591552734,81.51669412116335,80.38512616999866,81.34126003097197,14712500
2022-09-21,79.77985382080078,82.35000229672487,79.70968421190469,82.07807749475387,17332400
2022-09-22,79.44654083251953,81.27985855457464,79.40267896317413,80.87634809526556,16139400
2022-09-23,75.21852111816406,76.75359297771843,74.4290542519168,76.75359297771843,27738800
2022-09-26,73.66590118408203,75.63079109464402,73.58695115913355,74.47290870365802,22043400
2022-09-27,75.20973205566406,76.27989729012621,74.39395090909709,75.09570057862726,17307300
2022-09-28,77.9465560913086,78.33251912016085,75.3676334755804,75.54307425795942,19543300
2022-09-29,77.7886734008789,78.38515875800321,76.4290355936098,77.35008142335758,17896000
2022-09-30,76.5869369506836,78.10446829562524,76.5869369506836,77.34131576598871,21357600
2022-10-03,80.63074493408203,81.01670800338273,78.70094297234304,78.98164156118476,23881300
2022-10-04,83.56929779052734,83.64824781266876,81.32370940115572,81.78861574498207,22133700
2022-10-05,86.94647216796875,87.7096178918062,83.91141662152737,83.99035996162827,34857700
2022-10-06,89.525390625,89.63065510688146,86.25349828201026,86.37630349801412,29124700
2022-10-07,88.62187957763672,90.63063131296911,87.87627467488609,89.63941601330123,24507600
2022-10-10,86.70085144042969,89.4990701576935,86.59559365801046,89.0253900596613,16786100
2022-10-11,85.96402740478516,87.50787303612593,84.86754746339759,85.2798249921405,17804100
2022-10-12,86.3412094116211,86.76226061786706,85.28859143457902,85.52542813707983,12635800
2022-10-13,89.35871887207031,89.86748040555638,85.43770609432183,85.56928500685744,22019100
2022-10-14,87.00787353515625,89.68328042556894,86.87629461114662,88.70083873671217,15222000
2022-10-17,88.26225280761719,89.4464498197448,88.15698832275022,88.65698291419888,14283200
2022-10-18,88.42013549804688,89.77976646151363,87.04295710969932,89.06924967862057,14065400
2022-10-19,91.04290008544922,91.21833415439221,88.79731187955127,88.81485260949327,20921700
2022-10-20,91.16572570800781,92.10431224124714,90.7095930110803,91.50782690379901,17649000
2022-10-21,92.85868072509766,93.33236079610751,91.14817493454669,91.62184831317502,22814100
2022-10-24,93.5078125,94.45517282048289,92.20958393553036,92.6832640957718,17024200
2022-10-25,92.876220703125,94.14814126098828,92.16570394856855,93.34113375058077,15719800
2022-10-26,93.98147583007812,94.58673481961647,92.9814867905514,93.2095564622064,17383800
2022-10-27,94.34113311767578,96.1218154015638,94.22709492513887,95.09551182302472,18214000
2022-10-28,97.104248046875,97.55161367746408,94.84111883437248,96.0165419632211,28169400
2022-10-31,97.20074462890625,99.04283615028754,95.99900698372512,96.05163587551934,26401800
2022-11-01,98.1656494140625,98.74458728415475,97.06039587176413,98.56915318834056,22213100
2022-11-02,96.14811706542969,98.33230285837979,95.88495924789682,97.87617022602163,20654200
2022-11-03,97.45511627197266,98.08668966210128,95.0077727314148,95.24461609890359,17103700
2022-11-04,98.51652526855469,99.56037628927328,97.19198234965317,99.12178432324124,17541500
2022-11-07,99.68316650390625,99.99017949545247,98.35861709194253,98.6042341775608,16008000
2022-11-08,99.99896240234375,100.57790697596378,98.77090363085613,99.54282972901618,14661000
2022-11-09,95.52532958984375,99.36739272458057,95.23585729200123,99.20949935233756,19522800
2022-11-10,96.92882537841797,97.10425948948027,94.35867616629946,96.65690049855671,20146700
2022-11-11,99.95510864257812,100.43756249307864,98.67442087588327,98.75337091159356,20518900
2022-11-14,100.24691009521484,101.36989885956451,99.4687697738474,99.59256359838177,20858300
2022-11-15,100.91893005371094,101.27262958041747,99.8047856520328,100.62713418446612,19373800
2022-11-16,99.84017181396484,101.03390199936267,98.91171125517852,100.30882089261108,13591000
2022-11-17,99.97277069091797,100.09656449226613,97.93016622241717,98.40765949029844,12425900
2022-11-18,99.1062240600586,99.45992356220418,96.92213688653575,98.06281423917041,15415000
2022-11-21,98.12471771240234,98.32809038602198,95.03870301084189,97.25815421146967,20973000
2022-11-22,100.96314239501953,101.21957437654709,98.53146748834396,99.22117783701808,17719100
2022-11-23,100.45912170410156,100.75976190570007,99.12390924426457,99.31844431412577,11546700
2022-11-25,100.10543823242188,101.3433833557108,99.97280005023767,100.69788113375203,7136000
2022-11-28,97.09899139404297,98.5579977461375,96.93098934480702,97.85060542887716,23015500
2022-11-29,97.74446868896484,98.85861956948567,97.08128476541174,97.8063655853129,14453200
2022-11-30,98.45188903808594,98.9470710970224,97.0724682406192,98.62874218279812,23158100
2022-12-01,97.97440338134766,99.09739218977415,97.42616874670784,98.71716635770703,14398300
2022-12-02,97.14320373535156,98.77905643590854,96.55959851181102,96.83371918328791,15248400
2022-12-05,94.48162078857422,98.46956947997444,93.67696097285233,97.88596427068104,19287700
2022-12-06,91.85539245605469,94.6496106329913,91.20989721330103,93.6415716061865,21197000
2022-12-07,91.65203094482422,92.71312265553227,90.52019798773388,91.76698041050301,20061700
2022-12-08,92.33291625976562,94.43742493048033,91.70510274548977,93.9776134787872,21128800
2022-12-09,91.55477142333984,93.68579937345912,91.34255441189288,92.48322506483105,21298200
2022-12-12,93.80958557128906,93.94222372251441,91.59897220505539,91.81119594551859,20413200
2022-12-13,94.83531951904297,95.97599689903265,94.63194010789844,95.32165718943831,24305300
2022-12-14,94.13676452636719,95.76377957131817,93.50895110157178,95.4896589097122,17597300
2022-12-15,93.2348403930664,93.88033577972051,91.69624848599241,93.13757285596665,15365100
2022-12-16,92.58047485351562,93.35861499008573,91.19221008271,91.68739200950621,54596600
2022-12-19,92.99608612060547,93.90685779362327,92.29753145240322,93.07567171382189,13611100
2022-12-20,94.34014129638672,95.06522223464236,92.90766135903722,92.99608454735976,14680000
2022-12-21,95.55155944824219,96.0202084489052,94.75574395457302,95.75493886643456,13565400
2022-12-22,93.62390899658203,95.66652064289907,92.0499531215356,95.40124430038799,13213000
2022-12-23,96.09978485107422,96.15283741324075,94.52582920840518,94.57003742812508,11539400
2022-12-27,97.43500518798828,97.68259282669379,96.23243087462683,96.6214942727681,11962100
2022-12-28,95.83452606201172,97.26700621861137,95.41009199459855,97.1874273608181,10702100
2022-12-29,96.5595932006836,97.0194045781074,95.48965709596689,95.48965709596689,10534000
2022-12-30,97.53227233886719,97.70911872402773,96.03789542310918,96.03789542310918,11799600
2023-01-03,94.18096923828125,97.28466539868535,93.27903525010342,97.0724484146314,15146200
2023-01-04,94.45508575439453,94.75573267424572,92.63354253583333,92.6689131585368,18058400
2023-01-05,96.56844329833984,97.22278303231462,94.00413018356431,94.03065646725477,15946600
2023-01-06,97.73564147949219,99.02663893408669,96.97518990748685,97.33773375411454,16348100
2023-01-09,95.91410064697266,98.71715697595984,95.33049543850468,98.71715697595984,17964600
2023-01-10,97.34658813476562,97.55881192139756,95.50736254109539,97.08131852086282,15104600
2023-01-11,98.4784164428711,98.54915095045686,96.46233118588822,98.14239886024531,16710400
2023-01-12,100.11426544189453,100.57407008234286,98.80557927926048,98.87632053048546,15357300
2023-01-13,100.0523681640625,100.35300836127263,99.17696710872227,100.01699753858067,12011400
2023-01-17,99.85783386230469,100.87471742736521,99.62792816803935,100.28227462508247,16542200
2023-01-18,97.80638122558594,100.91008437308099,97.62069050684785,100.14963281276874,16399700
2023-01-19,98.4342041015625,99.15044076364445,96.89561889380009,97.32889727921012,12928000
2023-01-20,100.2292251586914,100.30881076101728,97.80639439981151,98.46957851874365,16515600
2023-01-23,99.70751190185547,101.32567583574678,99.60140002657697,100.48564541512701,16584400
2023-01-24,100.63597106933594,100.82166180163472,92.73082144661996,96.52423518252803,13583000
2023-01-25,100.10543823242188,100.49450843449335,98.49611159602371,100.12312692138413,11914700
2023-01-26,104.12873840332031,104.14642034266333,101.10461406013977,101.44063162396921,21019700
2023-01-27,102.22761535644531,104.04915879510422,102.03308028119878,103.41250100202728,15179200
2023-01-30,100.41490173339844,102.12149556182521,100.05236464092535,101.76779606571863,18672100
2023-01-31,102.581298828125,102.92615395436948,97.64720845011836,99.12389647749923,27861800
2023-02-01,101.45832061767578,103.79272805616499,100.22037564362668,102.42215166217919,19464900
2023-02-02,98.28386688232422,101.75010685467252,97.11666335097199,101.55557180840442,24562100
2023-02-03,98.96475219726562,100.90125195129541,98.64642328574682,98.94707025607352,20226600
2023-02-06,98.7967529296875,99.99932060612875,97.54996353337509,99.35382516742368,13855200
2023-02-07,101.61747741699219,101.96233257537793,99.05316446658634,99.38033768573094,16013300
2023-02-08,100.73323059082031,102.42214248001505,100.6713336849798,101.73243217314736,18459700
2023-02-09,101.11345672607422,102.78467993593524,100.96313663225233,101.3522067539154,17439300
2023-02-10,105.37552642822266,105.7822785170671,102.71395253733247,103.02343708903398,24918600
2023-02-13,104.96564483642578,105.3042412346242,103.2726492490959,104.89435923738331,14536200
2023-02-14,103.73597717285156,104.97453538641209,103.3795560269118,104.26169989270049,12079000
2023-02-15,103.42413330078125,103.44195130270685,101.70440719276137,103.11226728081274,13663400
2023-02-16,103.12117767333984,104.0567757150315,102.29250123745908,102.74693165849393,11360600
2023-02-17,99.15599060058594,101.74894799574247,98.88867982051423,101.74894799574247,20758300
2023-02-21,99.05797576904297,100.1361448970851,98.73719739066384,98.73719739066384,14469400
2023-02-22,97.77487182617188,98.87977138404774,96.80362426460337,98.44315900038342,13973800
2023-02-23,98.6748275756836,99.64607514298973,97.92634919926599,98.66592197465629,11289400
2023-02-24,98.6837387084961,98.87085830019925,97.14221997946264,97.41844996564515,14351000
2023-02-27,98.50552368164062,99.13816800275131,97.97980094833179,98.7282860537853,11710500
2023-02-28,97.93527221679688,99.2272915153876,97.3204457708155,99.12036310794797,18107000
2023-03-01,98.80847930908203,99.67279841876882,97.33824626257541,97.40061945615238,13200000
2023-03-02,99.26293182373047,99.53024263835877,98.16693776906345,98.56791418825986,10339900
2023-03-03,100.51929473876953,101.01828709551873,97.9708925534431,98.06000294447685,13006700
2023-03-06,101.41034698486328,101.4370773836233,99.68171548275244,99.78863707779253,14347400
2023-03-07,99.45003509521484,100.84007013779335,99.05797114036729,100.51929177440321,11525300
2023-03-08,97.99764251708984,100.1717990185681,97.18678408058648,99.1114545684389,13509800
2023-03-09,97.240234375,100.00249340236701,97.15113078015524,98.7906654776065,12961200
2023-03-10,96.0373306274414,98.9421544031814,95.47597179272128,97.62339792397039,15795700
2023-03-13,94.93242645263672,96.10861166823248,92.41966681940171,93.86316283962391,20745600
2023-03-14,95.28885650634766,97.13332910205723,93.52457512002258,94.76313365153834,18263500
2023-03-15,90.54845428466797,92.84735686988357,89.30098360233939,91.61771098485345,25733800
2023-03-16,90.02273559570312,90.6019191669989,87.34067452744245,88.31192207896954,27465200
2023-03-17,88.96239471435547,90.53955641816661,88.33866267216256,89.63959435885735,43199500
2023-03-20,91.28802490234375,91.31476209966388,88.6594314138635,88.77526540957608,32042100
2023-03-21,95.3779525756836,95.5918025819718,92.78499490653365,92.82063770727655,31592300
2023-03-22,93.19486999511719,95.5026918850634,93.1681395960879,95.16409550041126,14952700
2023-03-23,92.1434326171875,94.7542011417865,91.27911350923645,93.88097643346251,14385900
2023-03-24,92.2503662109375,92.5355018178436,89.91582055382166,90.41480616636505,13401600
2023-03-27,94.2730484008789,94.87896238796156,92.5889652364314,93.32853122214578,14805900
2023-03-28,95.44922637939453,95.92148153406987,93.7295005455852,93.9522629240674,11047600
2023-03-29,97.08875274658203,97.26696672556069,95.77890889330361,96.28680683659849,14219100
2023-03-30,97.56102752685547,97.63231313279215,96.69670824983943,97.61449513039275,11578200
2023-03-31,97.7125015258789,98.16693192313609,97.16896073088293,97.73031952652534,14418000
2023-04-03,103.47758483886719,104.11914162145122,100.79553050913222,101.03611090351684,28087700
2023-04-04,102.48851776123047,103.98548129923331,101.73112699219475,103.59342411420617,16365500
2023-04-05,104.24388885498047,104.25280125430143,101.85587569962185,102.78256808210702,16479500
2023-04-06,102.5152587890625,104.41319198212729,102.26575919159893,104.12805638319499,15778000
2023-04-10,102.06082916259766,103.52215006530234,101.73113834011853,102.27467917811875,13006600
2023-04-11,102.78255462646484,103.53994531354286,101.91823555604002,102.43504587829766,11758500
2023-04-12,102.67564392089844,103.88746506972828,102.40832633329018,103.50432028468168,10919000
2023-04-13,103.15679931640625,103.26372770550128,101.6954786562823,102.1142730158608,12399700
2023-04-14,103.40632629394531,103.94986718575716,102.57764975381988,103.27266747169861,11530800
2023-04-17,102.2033920288086,103.81619651637644,101.9538992147767,102.90732206735247,13260400
2023-04-18,104.1993408203125,104.43992121747226,101.8469704558153,101.92716165547893,17436100
2023-04-19,103.86965942382812,104.1637074455372,103.15681697086725,103.43304699042855,10682600
2023-04-20,103.04097747802734,103.07662027859556,100.89355142960301,102.58654026849399,17038700
2023-04-21,103.37065124511719,104.14585993564144,102.70236414050359,103.79835118509581,14315300
2023-04-24,105.32205200195312,105.93687835467365,103.25481735887792,103.29046015595125,15831300
2023-04-25,103.8250961303711,104.91217772724659,103.03206253229023,104.74288292644243,12179800
2023-04-26,102.87168884277344,104.33300985943735,102.18558354031059,103.38849931890749,15566100
2023-04-27,104.10133361816406,104.26172282921254,102.3637826987773,103.02316434318183,16279200
2023-04-28,105.44679260253906,106.85465241787279,104.10131277728473,104.47555192875278,24381900
2023-05-01,102.17665100097656,104.5201156851399,101.9806190108613,103.35283614349954,17355000
2023-05-02,98.10455322265625,101.52618699926603,97.38280526899065,101.52618699926603,24324100
2023-05-03,96.17098236083984,97.84615313991577,96.01950556235205,97.19569074727107,16212300
2023-05-04,94.48689270019531,96.90163610364148,94.37105870897526,96.14424536499382,17177200
2023-05-05,96.83926391601562,97.5075510685098,95.8145555892242,96.72342992359061,14968200
2023-05-08,97.22240447998047,98.87975697435351,97.16003129140375,98.46096265183796,11187800
2023-05-09,97.2491455078125,98.22039303403028,96.42046917002494,96.53630316199819,11370800
2023-05-10,96.0016860961914,98.02437258145902,95.08390605674359,97.78378537222035,14884800
2023-05-11,94.2641372680664,95.18191726123521,93.49783407416122,94.88786926395719,17165900
2023-05-12,94.2552261352539,95.35122014066874,93.36417653019662,94.72748133822724,12613300
2023-05-15,94.43498229980469,95.20793502324865,93.99458123645246,94.83044839751818,13715600
2023-05-16,92.14308166503906,94.2012922413337,91.69369088917978,94.039511287738,14795200
2023-05-17,94.21027374267578,94.57877743810873,92.439673143399,92.92501596176614,14064700
2023-05-18,95.06412506103516,95.18996079130031,93.5901238128014,93.96761728927827,12005600
2023-05-19,95.50452423095703,96.2145624397153,95.10905817616542,95.78314430201911,13359600
2023-05-22,94.34510040283203,96.20557793708879,94.26420649760746,95.12703596276837,12882000
2023-05-23,95.6303482055664,97.26613017975869,95.04613888824953,95.26184451749512,14394400
2023-05-24,96.69989776611328,97.52678195304361,95.92695198891529,96.51115447500182,16340300
2023-05-25,94.96525573730469,95.65731446900327,94.1114092055992,95.21691345792236,14316500
2023-05-26,94.34510040283203,96.12468403186422,94.21927153440184,95.69327272786327,12370300
2023-05-30,93.50923156738281,93.58113573578032,92.22397370020268,92.8351454172637,11938000
2023-05-31,91.8375015258789,92.61045422826227,91.44203543894065,91.93636804761347,24926100
2023-06-01,92.89806365966797,94.89335984298441,91.01062373337051,91.4510247828361,13551900
2023-06-02,95.05513763427734,95.3876824156491,93.94963332241716,94.51587008146024,14112000
2023-06-05,94.63272094726562,96.3404074572328,94.4529605025976,96.3404074572328,10628000
2023-06-06,95.4056625366211,95.51351193362409,93.45530822634811,93.60809944354169,12209800
2023-06-07,97.54475402832031,97.86831591334528,95.92695146035398,95.98087615547195,16027100
2023-06-08,97.23917388916016,98.09301358192033,95.18096340569245,97.76046195420554,13517100
2023-06-09,96.5201416015625,97.61665609309433,96.31342570328525,97.48183750104137,12251600
2023-06-12,95.6483383178711,96.22355800587695,94.8753855763958,95.10008098130932,14112000
2023-06-13,95.66630554199219,97.3739849149709,95.5224972098229,96.51115549343129,13533800
2023-06-14,94.51588439941406,97.16728760242808,93.82381866844646,96.57408840445585,16627700
2023-06-15,95.17196655273438,96.19657685028024,94.76751764581404,94.82144233816122,16224100
2023-06-16,94.48890686035156,95.96290813142538,94.3361156345211,95.59441124223663,43128900
2023-06-20,92.32283020019531,94.16532802964313,91.78356271004371,94.08444099184157,17514100
2023-06-21,93.3564453125,94.03951437709155,91.97232085452352,92.12511207761695,13285700
2023-06-22,92.84412384033203,93.37440158904626,92.25991454331131,92.43067835100062,12455300
2023-06-23,92.03522491455078,92.41271149039632,91.3341764573638,92.20598873286652,17933600
2023-06-26,93.73392486572266,94.29117187266951,91.85546793678613,91.85546793678613,14283400
2023-06-27,93.96762084960938,94.02154555236666,92.8171746192306,93.51823004087315,13227500
2023-06-28,94.73157501220703,95.10906161059825,92.75425152400555,93.75189957486727,13084100
2023-06-29,95.9000015258789,95.92697073601569,94.48891457709195,94.96527462260242,11364400
2023-06-30,96.39432525634766,96.96055518787752,95.9988591635691,96.4572396931843,13544700
2023-07-03,96.58305358886719,97.48183503695695,96.23252937268485,96.61001593516457,7397000
2023-07-05,96.08873748779297,96.99650190372355,95.36071977938144,96.73585443492918,12491200
2023-07-06,92.5025863647461,95.01917719961585,92.06218536864931,94.45294049033305,17961400
2023-07-07,92.71831512451172,93.47328839317383,91.28025904811985,91.60382097959206,21929200
2023-07-10,94.09346008300781,94.14738479169984,92.34982135892274,92.54755443367388,14877600
2023-07-11,95.24388885498047,95.41465955615072,94.20129888996563,94.60575473108051,12576500
2023-07-12,95.71124267578125,96.75383253620154,95.3876807782135,96.1696231735287,13238200
2023-07-13,93.9586181640625,95.47756108254144,92.86210364472208,95.24387597420039,26826800
2023-07-14,90.7229995727539,93.51821036352015,90.3544958956912,93.51821036352015,28181900
2023-07-17,91.11847686767578,91.3791243566181,90.07589376906597,90.52528457265767,18051300
2023-07-18,90.70502471923828,91.85546390892551,90.18372981854924,90.70502471923828,24617800
2023-07-19,91.33419036865234,92.0352389326174,90.5971897171558,90.82188512135791,15556500
2023-07-20,92.9429931640625,93.16768852687225,91.99926989739821,92.16105083290756,15740200
2023-07-21,93.3744125366211,93.81481356600293,92.80818264170159,93.61708738955723,17121500
2023-07-24,94.83941650390625,95.41464294605404,93.43731962263922,93.79683357754723,15090900
2023-07-25,94.98324584960938,95.35174276350286,93.95863530851649,94.42599875331892,14116100
2023-07-26,94.45295715332031,95.01919396249619,94.04850816718861,94.47093662572948,15159600
2023-07-27,94.74955749511719,96.16064437555582,94.1383857143257,95.27085248461927,17677900
2023-07-28,93.6170883178711,94.51586985614333,91.96332672172755,94.47092803636613,17566400
2023-07-31,96.38533782958984,96.94258489574977,94.54283964542724,94.54283964542724,24197000
2023-08-01,95.82809448242188,96.45723884525776,94.84841899496682,96.12468719223921,14177400
2023-08-02,94.63272094726562,95.612389656357,93.98559706078039,95.504540246716,13484100
2023-08-03,96.27747344970703,96.96054242914799,94.64169145004213,95.17196922543643,16280400
2023-08-04,96.54711151123047,98.18289364194919,96.46622446395773,97.0324543663438,14279600
2023-08-07,96.34937286376953,97.44588737733368,95.72921829931855,96.97852402027218,12410800
2023-08-08,96.82573699951172,96.84370961291643,94.22825207578562,95.30679402335704,14065600
2023-08-09,98.47050476074219,99.24345744496048,97.34702781939689,97.7065418120592,19919600
2023-08-10,98.97382354736328,100.3309787067306,98.36265183888175,99.0367379795382,15837200
2023-08-11,100.51074981689453,100.72645548484553,98.91091963670219,99.19852947969004,14047000
2023-08-14,100.59162902832031,100.64556058397295,99.56701861398736,100.37592337718681,12973400
2023-08-15,98.00910949707031,100.45570978906649,97.8369389214972,100.35603281514209,14909600
2023-08-16,96.35990905761719,99.06930032454547,96.3055423142575,98.11784083552955,13695100
2023-08-17,98.22660064697266,99.81236216646087,97.33857115417577,97.33857115417577,16709500
2023-08-18,99.71265411376953,99.85763438400706,97.5197748119851,97.53789475325127,16224000
2023-08-21,98.50749969482422,100.56446268866011,97.99099481728929,100.00264757612148,11092400
2023-08-22,97.95472717285156,99.42269136619707,97.81880341012833,98.92430654066841,10518800
2023-08-23,97.0938949584961,97.22981873068366,95.79810123526576,96.9942179864499,11435600
2023-08-24,96.36898803710938,97.65571853564443,96.1152673093274,96.43241821905487,10818500
2023-08-25,98.09066009521484,98.70684188551175,96.61363924956906,97.34761795809537,13579300
2023-08-28,98.91525268554688,99.71266151446065,98.26282413763109,98.27188065225164,10382100
2023-08-29,99.50425720214844,99.69454773468792,98.24471016769371,99.3683403313137,9665000
2023-08-30,100.47383880615234,100.70943957610159,99.65830991075363,100.07513778782014,11922100
2023-08-31,100.75473022460938,100.96314066594579,100.23822546501654,100.69130005811094,17479800
2023-09-01,102.8660659790039,103.13791353563354,101.66994917390052,101.66994917390052,14843500
2023-09-05,102.8751220703125,104.959268086835,102.84793869926247,103.39162686037311,18304000
2023-09-06,103.7631607055664,103.83564739710015,102.60329068057854,102.82982801087681,13325500
2023-09-07,103.2557144165039,104.9773995433248,103.02917708174775,103.8900231018436,13248500
2023-09-08,104.7599105834961,105.15861844765047,103.5909772745279,103.78126777877344,14283200
2023-09-11,103.44599914550781,105.72949215727138,102.91136750624933,105.27641754345265,14383600
2023-09-12,106.4634780883789,106.6265852370249,104.45182555953512,104.51525573326576,20145800
2023-09-13,105.51201629638672,106.88936005464006,105.02269489304977,106.39098213682325,13472800
2023-09-14,107.39681243896484,107.52367970179121,106.31849946859032,106.51785342155534,15210700
2023-09-15,105.74761962890625,107.38775454879507,105.56639253582382,106.83500292751211,34568400
2023-09-18,106.59939575195312,107.14308391180728,105.74761325638057,106.49971878275336,14045300
2023-09-19,106.31848907470703,107.68676941198231,105.6660605336479,107.48742239187635,12562900
2023-09-20,105.47576904296875,106.94372633327185,105.4032754472237,105.60262937883766,11879900
2023-09-21,103.98969268798828,106.35474284774455,103.84470548563571,106.00134518372306,14400600
2023-09-22,104.15280151367188,105.72949934114743,104.03499768151795,104.85053342447787,13197300
2023-09-25,105.32172393798828,105.70230494053955,104.05311368278102,104.28870749576815,11316000
2023-09-26,105.4848403930664,105.77480788445435,104.54244431771302,104.66024123461833,11805400
2023-09-27,108.91913604736328,109.1909835851224,106.38192231954845,106.82593351207629,23976200
2023-09-28,108.25764465332031,109.3722042836583,107.09777479821068,108.71978267518638,16808100
2023-09-29,106.54502868652344,107.99486607952304,105.77480321962082,107.92237248153056,18813600
2023-10-02,104.77803039550781,106.7353160025194,103.79939450537184,106.49971527277842,14395000
2023-10-03,104.95927429199219,105.51202591392135,104.23435209207415,104.60587662070903,13297100
2023-10-04,101.03564453125,103.3825678436478,100.12949525294282,103.34632795628143,19622200
2023-10-05,98.76121520996094,100.4919637779275,98.49843107021556,99.49520088075695,20128800
2023-10-06,97.11203002929688,98.1087929916572,95.24536446814729,95.80717958779863,25367500
2023-10-09,100.51007080078125,101.55214379659074,99.2414604977684,100.07512304243798,22369900
2023-10-10,100.08418273925781,100.99033199688212,99.78515873840313,100.60068753956887,13892000
2023-10-11,96.49583435058594,97.11201613406698,94.99163014916977,96.92172561593802,57939000
2023-10-12,96.47770690917969,97.71912689478707,96.13336578691329,97.49258959366225,31183000
2023-10-13,99.55863189697266,99.85765592928288,97.71914290326103,97.89131349259944,30276500
2023-10-16,99.63111877441406,100.29261084516517,98.88807658016576,100.1295036847999,18452000
2023-10-17,100.93595886230469,101.30748335282293,99.38644455948882,99.431754784849,19775400
2023-10-18,102.34956359863281,102.74827151432137,101.21687694121823,101.32561734914349,23380300
2023-10-19,102.41299438476562,103.27384039754932,100.88160671591405,102.14115373338979,20972500
2023-10-20,100.65505981445312,102.68483218792579,100.39227570374482,102.32237110717745,22445300
2023-10-23,99.17803955078125,100.54632694926924,98.48030762159607,100.24729601674534,18185000
2023-10-24,98.21752166748047,99.51331543765295,97.97286439937595,99.40457503328956,16786100
2023-10-25,98.39875030517578,99.22334949611849,97.9819224519655,98.33532012997792,22047300
2023-10-26,97.50165557861328,98.17220407178561,96.50489281019605,97.36573181169958,18768300
2023-10-27,95.64405822753906,99.54955936951963,95.10942656321,98.67059347135456,23092000
2023-10-30,95.94308471679688,96.43240616494147,95.33596634929859,95.81622436876351,19379900
2023-10-31,95.91590118408203,96.196812165719,94.72884782373468,95.6712439171032,22185200
2023-11-01,95.72559356689453,97.11200063004308,95.56248644691416,96.53206573975048,28984900
2023-11-02,98.86994171142578,98.94243530806163,95.59874248195929,95.94307669592474,25212700
2023-11-03,97.66476440429688,98.57091364822372,96.5411412775712,98.22657942434475,30555600
2023-11-06,95.93403625488281,98.10878921137372,95.84341578721983,98.01817565708177,19097300
2023-11-07,94.42982482910156,95.01882330109694,93.59616906957912,94.66542560057393,20272500
2023-11-08,93.26993560791016,95.0550506031274,93.23368881101489,93.99485771907652,19184100
2023-11-09,93.29712677001953,94.2123394563034,93.20651322689751,93.94049191356714,18380500
2023-11-10,94.01298522949219,94.61104705635773,93.2518231735217,94.17609237196733,17825500
2023-11-13,95.00067138671875,95.27251889082588,94.06733888978371,94.2848196584171,15308400
2023-11-14,95.36646270751953,95.85111232279556,94.98240153804662,95.37560901438927,18260500
2023-11-15,94.79035949707031,96.15286603929424,94.64404651118973,95.06468588071566,20137600
2023-11-16,93.69304656982422,94.43373698224751,92.49513847534445,94.09540036254214,22469100
2023-11-17,95.97914123535156,96.40892700074919,93.95823978614435,94.24171253498592,22984900
2023-11-20,95.55850219726562,96.82042057595426,95.49449199638842,96.36320286209174,17458800
2023-11-21,95.52191925048828,95.74138178891646,94.38802132925638,95.29331040478735,14989000
2023-11-22,95.11042785644531,95.21101630851845,93.21754685852383,93.80278495608295,18072000
2023-11-24,95.62250518798828,96.44549840620299,95.01898147902293,95.11956295002705,9480800
2023-11-27,95.06471252441406,95.46706637176585,94.3514539598098,95.19273293464616,18013500
2023-11-28,95.00983428955078,95.9334159467796,94.99154167565584,95.32073895988417,20629500
2023-11-29,93.58331298828125,95.63165325272807,92.94321101600929,95.3481735422177,26802100
2023-11-30,93.94908905029297,95.54021163569567,93.09866386726334,94.28743265268997,29254700
2023-12-01,94.17770385742188,95.30246251647294,93.47359163947777,93.7296324460029,17845300
2023-12-04,93.66561889648438,94.51604410295396,92.89748952777548,93.3912854841051,21523900
2023-12-05,91.84588623046875,93.58330776584646,91.70871953646844,93.51929757219136,22250300
2023-12-06,90.62968444824219,92.10192586060275,89.92556535019786,91.44353131885296,31154800
2023-12-07,89.99873352050781,92.21166559101204,89.69696815364215,91.31552277476625,29990700
2023-12-08,91.03204345703125,91.25150599138098,90.30049237374789,90.54738685281782,22074900
2023-12-11,91.0960464477539,91.31550896474386,90.14503290534728,91.26064507964328,22252300
2023-12-12,89.66039276123047,90.23648454523719,89.1391648681039,90.23648454523719,26084000
2023-12-13,90.45594787597656,90.55653632786162,89.30376429789246,89.65124723748455,19915400
2023-12-14,92.88834381103516,93.40042537057786,91.18749351502491,91.30636759803646,26165700
2023-12-15,92.26652526855469,92.3579674053216,91.7270048014306,91.98304557501308,55527000
2023-12-18,92.95235443115234,94.28742920077259,92.833473371009,93.39127949088578,21610400
2023-12-19,94.17770385742188,94.36059513107463,93.08038412186026,93.2724147267541,18904700
2023-12-20,92.6048812866211,95.04642940734753,92.47686087299071,94.6440755493153,20988900
2023-12-21,93.02552032470703,93.28156113149817,92.18423441820777,92.7877651570058,19250900
2023-12-22,93.19010925292969,94.13197654096658,93.10780644414646,93.555877809248,12927800
2023-12-26,93.40042877197266,94.21427569870744,93.3821431341465,93.94908860240456,16835100
2023-12-27,92.96150207519531,93.77534898772069,92.66887606237994,93.30898500053137,14558800
2023-12-28,91.6172866821289,92.91578330017664,91.56241581301647,92.7146063921377,16329300
2023-12-29,91.42526245117188,91.9830616760656,91.09606511991683,91.78189173060001,17746400
2024-01-02,93.60160064697266,94.27828083563186,92.22080134950542,92.28481154334361,23483000
2024-01-03,94.38801574707031,94.7537912738772,92.96149886677013,93.51929799883045,23490800
2024-01-04,93.56503295898438,95.62251267737382,93.31813846247665,95.17444126992494,19395200
2024-01-05,93.84850311279297,94.55262228160166,93.39128541024807,94.34229906873207,15827400
2024-01-08,92.28480529785156,92.39454004125685,90.43764913168093,92.11106734152747,23370100
2024-01-09,91.14178466796875,92.62317269047301,90.70285953458252,92.62317269047301,19496600
2024-01-10,90.2456283569336,91.26065216967724,89.76097872999239,91.26065216967724,18206100
2024-01-11,90.22734832763672,90.98633146043176,90.12675986538247,90.56569197127273,15833400
2024-01-12,91.39781951904297,92.03792851356826,90.68456099145976,91.57156448530664,18041700
2024-01-16,89.33120727539062,91.45269738121277,89.18489424491152,91.27895240166615,20235700
2024-01-17,88.68193817138672,89.57808085554377,88.31616265727484,88.334448293516,18384000
2024-01-18,88.51734924316406,88.78252936896494,87.62119948417303,88.70023353197607,20940300
2024-01-19,88.65450286865234,88.71851306298903,88.16071392753385,88.44418664865519,20088400
2024-01-22,88.53563690185547,88.79167770267068,87.57547692220986,88.42590214011099,19955900
2024-01-23,89.5323715209961,90.07188504713534,88.45333749212932,88.52648702041735,15863400
2024-01-24,91.07776641845703,91.12349098008332,89.3769159794703,89.90729019734543,17330600
2024-01-25,93.39128112792969,93.43700568672294,91.09605338954229,91.72700904604254,22089500
2024-01-26,94.18684387207031,94.2600003766434,92.53171807148684,93.24497654960373,20817200
2024-01-29,94.30572509765625,94.36973529985563,93.14439515015646,94.1685653619353,18317500
2024-01-30,95.87855529785156,95.90598724502888,93.36385781662871,93.6473375495015,19610900
2024-01-31,94.01310729980469,95.90598842072059,93.97652904425692,95.77796801459787,22415300
2024-02-01,93.62903594970703,95.11042374443817,92.9249237922251,94.70806995354098,19240700
2024-02-02,93.24497985839844,95.10128262413458,92.91578255272627,94.87267377167272,21973400
2024-02-05,92.86091613769531,93.61989220504073,91.90075619280678,92.76946701792436,17190900
2024-02-06,93.50102233886719,94.22342716283245,92.87920596992168,93.33642368307018,13347900
2024-02-07,93.47358703613281,93.93995104024414,92.52257338973976,93.50101898168259,13826800
2024-02-08,95.07383728027344,95.48533036608171,93.37298709951418,93.58330330725173,19636900
2024-02-09,93.06208801269531,95.86940442443407,92.99807781346694,95.19272417879294,20410500
2024-02-12,94.34230041503906,94.55262363091005,93.27241265019747,93.41872566586225,18173100
2024-02-13,93.53010559082031,95.14523970073479,92.84713656737001,94.84067690577747,18917400
2024-02-14,93.06864929199219,94.71147751694474,92.68101875144879,94.01927710536295,17651300
2024-02-15,95.73593139648438,95.92974666008963,92.84714393833214,92.84714393833214,23196300
2024-02-16,95.73593139648438,96.5665662286708,95.54210909145264,95.99435174795806,20151400
2024-02-20,94.83145141601562,96.09587330314265,94.73915944092764,95.83744591489942,17650000
2024-02-21,96.76961517333984,96.88960108333988,95.05295760628873,95.08064449584977,20991300
2024-02-22,96.6865463256836,97.28645470065604,95.47749826619038,96.13278745702674,20470700
2024-02-23,95.83744049072266,96.0681739360968,94.95142490545703,95.87435868695363,15975900
2024-02-26,96.2158432006836,96.8526697398724,95.10832551997981,95.72668944101567,13360800
2024-02-27,96.01280975341797,97.04649822686518,95.84668137449657,96.61271817960227,16360000
2024-02-28,96.28044891357422,97.30490594359367,95.98511039401888,96.41889038492766,14810500
2024-02-29,96.4650650024414,96.97268155279917,96.18818900886924,96.6127378321557,17566100
2024-03-01,97.68331146240234,98.19092787650928,97.25876275307027,97.57256391127079,18460100
2024-03-04,96.3173828125,97.69255235825662,96.01281293414982,97.51719970461639,18138000
2024-03-05,97.49871826171875,98.08016397424754,96.28044602492591,96.4742612624355,19952700
2024-03-06,98.54163360595703,99.27998342415087,97.96941918621123,98.40319917629319,20472800
2024-03-07,99.09539794921875,99.65838809251535,98.38473502800964,98.38473502800964,15195400
2024-03-08,100.0275650024414,100.0460276220633,98.5416409870592,98.96619674124804,16281500
2024-03-11,100.61824798583984,100.71054700651013,99.06771879369632,99.90759200009461,17577300
2024-03-12,99.97218322753906,100.8581987799907,99.70453159584655,100.65515222895321,14957200
2024-03-13,101.08895111083984,101.84575664343205,100.70132055445953,100.7290074454257,17122200
2024-03-14,102.87942504882812,102.95326143791601,101.23660411946344,101.36581427965443,22121000
2024-03-15,102.69483947753906,103.6454671938381,102.3072089765779,102.3072089765779,38264400
2024-03-18,103.6454849243164,104.16232568067981,102.53795996455987,103.1747866403842,16770500
2024-03-19,104.37458038330078,104.74375531272203,103.42395969300367,103.57163248134262,14878800
2024-03-20,104.28229522705078,104.66070149083187,103.48857154141751,104.03310618222478,16119700
2024-03-21,104.74374389648438,105.13138140291164,103.89464658035864,104.21767196786024,14878000
2024-03-22,104.74374389648438,104.92833486178911,104.12538000592055,104.73451962928814,14701900
2024-03-25,105.81436920166016,106.8572819358832,105.0575637127933,105.0575637127933,14011700
2024-03-26,105.02064514160156,106.11893869209851,104.66993280848877,105.82360013752285,13152300
2024-03-27,106.10970306396484,106.19276372839057,104.66992854917528,104.73453363531517,12415700
2024-03-28,107.28182983398438,107.47564509946719,106.19276759834771,106.62654763884919,18482100
2024-04-01,107.9740219116211,108.20475535867473,106.48809794928158,107.43872566594041,13817000
2024-04-02,110.08753967285156,110.38287819950969,108.28782162625136,108.83234917419801,19919600
2024-04-03,110.10600280761719,110.52132019218655,109.57993083449722,110.27213116973012,16504300
2024-04-04,110.4936294555664,110.64129519372962,109.49685931761846,109.87526553424573,18467400
2024-04-05,112.0164794921875,112.73636674017145,110.41980089642283,110.73360205459025,21720600
2024-04-08,111.25968170166016,112.35796822724576,110.94588052190235,111.74883552989789,17513900
2024-04-09,111.84112548828125,112.2749055293105,111.06585738398022,111.67499711174722,14132300
2024-04-10,112.78250885009766,113.03170492218338,111.42580206317713,111.8780376588173,17409200
2024-04-11,112.40411376953125,113.234755637888,111.0658554701158,113.234755637888,17555900
2024-04-12,111.09355926513672,114.21307340172048,110.44750129174551,113.47472344396682,21556200
2024-04-15,110.45672607421875,112.31182512839716,110.24444818544717,111.75805917209796,15029500
2024-04-16,109.54301452636719,110.95510210795251,108.83235156008075,110.34596242256414,18082200
2024-04-17,109.48764038085938,110.15215388124936,108.09401533349167,109.41381102414776,14538600
2024-04-18,109.3861083984375,110.4936331581901,108.87849904479857,109.82911971062371,13821400
2024-04-19,110.64129638671875,111.61037964929935,109.78296771002404,109.97678999568078,21572400
2024-04-22,111.26890563964844,112.20107082435204,109.30305902217412,110.06909582783575,16340700
2024-04-23,111.70268249511719,111.73036938392853,110.24444532535696,110.75206175831984,13929800
2024-04-24,111.72115325927734,111.91496853651155,110.18907958005417,111.02895282282935,12101200
2024-04-25,111.97956848144531,112.37643032842296,110.19830582520981,111.70268550302308,16041000
2024-04-26,108.86927032470703,109.92141429456888,107.2633674825115,109.82912232275095,27289500
2024-04-29,110.4197998046875,110.79820604440889,108.68468678717828,108.68468678717828,17309900
2024-04-30,109.15538024902344,110.93664281071933,108.88773563656079,109.93064832260272,21083300
2024-05-01,107.08802032470703,109.33998131571474,106.74653928492194,109.16462161976439,27777700
2024-05-02,107.28182983398438,108.22322631367408,106.9680357017055,107.30029245436933,25513600
2024-05-03,107.06031799316406,107.12492307581326,105.33442929749887,107.06031799316406,28023300
2024-05-06,107.75251770019531,109.21997901532855,107.42949228882252,107.678681308617,31401300
2024-05-07,107.21721649169922,108.51855651302395,106.99571435411718,108.2416735599769,30122000
2024-05-08,107.19876861572266,107.93711147451677,106.5157995349458,106.79267546645866,18957200
2024-05-09,109.31229400634766,109.39535467794686,107.23569271924485,107.24491698847129,17564000
2024-05-10,108.86927032470703,109.51532821028475,108.51855801522845,109.40457361924759,13648100
2024-05-13,108.82313537597656,109.86604810826327,108.09401677782996,109.29382657718672,15060600
2024-05-14,109.48372650146484,109.54885633542912,108.37651932407205,108.66495043182536,15079100
2024-05-15,110.3304214477539,110.57232820328069,108.00434580801523,109.42790296375618,18244300
2024-05-16,109.66981506347656,111.00033059206716,109.36277138027427,110.29320162128532,15745200
2024-05-17,111.31668853759766,111.49347257888238,109.75356523712644,110.06991525318223,15104500
2024-05-20,110.41416931152344,111.54929548849705,110.30252221124428,111.40043032191807,11551300
2024-05-21,109.65120697021484,111.1398939970238,109.5860771346238,110.16294646315839,14495000
2024-05-22,107.44609832763672,109.28834641774027,106.96227057767611,109.28834641774027,17879300
2024-05-23,105.6131362915039,109.33485717262066,105.47357033873818,107.55773204455018,15979800
2024-05-24,105.52940368652344,107.0739214030456,105.17584272546627,106.85061301842222,12212900
2024-05-28,106.86923217773438,107.10183976873613,105.2037609743274,105.6224517986824,13978300
2024-05-29,105.72478485107422,106.58078606063418,104.96183234373682,106.56217348074193,13902000
2024-05-30,106.05974578857422,106.1900054600799,105.10140373451678,105.38983485019084,14683700
2024-05-31,109.10225677490234,109.31625176437834,106.05974577976713,106.18070625945501,29037400
2024-06-03,106.48774719238281,108.26487250938224,105.84575509920008,108.20904896178895,19589300
2024-06-04,104.83158111572266,105.22236014147737,103.20332807645812,105.13862482108132,19412200
2024-06-05,105.25027465820312,105.31540449313377,103.72436958386827,105.03627257279122,14863500
2024-06-06,106.0411376953125,106.10626752946168,104.31053684664087,104.9060116441817,13154100
2024-06-07,104.90602111816406,106.90644777428768,104.83158498709432,105.87366952621038,13289200
2024-06-10,105.21305847167969,106.27374843010362,104.85949041979188,105.19444589072783,15239700
2024-06-11,104.36637115478516,104.83158633200925,103.56620048207009,104.66410858426377,12462400
2024-06-12,103.212646484375,105.41776912907905,102.84977918948482,105.41776912907905,13606800
2024-06-13,102.38455963134766,103.14751225724655,102.08682219437786,103.12889967446193,14466900
2024-06-14,101.51924133300781,102.54271314984918,101.03541364595023,102.36592913742977,13313400
2024-06-17,100.82142639160156,101.84489828681009,100.65394865612237,101.57507265194806,21147900
2024-06-18,101.77045440673828,103.01723458667819,101.23081027674739,101.4448052510664,17762900
2024-06-20,103.9662857055664,104.78506895970895,101.96585902595031,102.26360355372597,17433200
2024-06-21,103.0544662475586,104.85949627662089,103.0544662475586,104.11515626522637,52212500
2024-06-24,106.1155776977539,106.56218026292127,103.87323728551928,103.87323728551928,16266700
2024-06-25,106.41331481933594,106.58079255547527,105.56661984812604,106.17140095633029,14188900
2024-06-26,106.45053100585938,106.83200372673863,105.26888058320537,106.43191842516109,15771800
2024-06-27,106.90644073486328,106.99017605283794,106.17139996084475,106.99017605283794,16812700
2024-06-28,107.11114501953125,108.43235441991833,106.70175339178641,107.79966149459462,24565900
2024-07-01,106.96227264404297,108.61843753838431,106.56218730787802,107.66009540954322,11972900
2024-07-02,106.23653411865234,107.87409346787993,105.59453492691573,107.83687540328157,13326700
2024-07-03,106.77618408203125,107.61357277855006,106.32026812032551,106.32026812032551,7732900
2024-07-05,105.4828872680664,106.65522435285989,104.85019437051534,106.63661886997014,12631000
2024-07-08,104.37566375732422,105.65035573124874,103.66853479306819,104.57105325429904,13350500
2024-07-09,103.22193145751953,104.71061839814845,102.92419406939374,103.38010289213838,11727000
2024-07-10,104.1337661743164,104.17098424126094,102.73812060768866,103.20333579656457,10004100
2024-07-11,105.37123107910156,105.43636091591206,103.21263307515659,103.6778482234087,13082700
2024-07-12,105.38983917236328,106.20862239668662,104.79436433573903,106.05975013822056,11684900
2024-07-15,107.19487762451172,108.07879069847874,105.67827873989305,106.32027084147195,13032500
2024-07-16,107.96712493896484,108.25555603923543,105.7992207954219,106.39469557582402,13614100
2024-07-17,109.45582580566406,109.95825904649645,108.44166013150591,108.61843707094344,13602800
2024-07-18,110.53512573242188,111.57720315597281,109.26973991929283,109.74425427525118,13033600
2024-07-19,107.99504852294922,110.60955548846644,107.80896529570148,110.33972983992317,16157700
2024-07-22,107.25069427490234,107.87408795177274,106.60870221461379,107.16695895780282,12065900
2024-07-23,105.52009582519531,107.1576479195102,105.29678745891839,106.82269246871412,11251700
2024-07-24,107.0087890625,107.18556598958368,105.20375203809166,105.85505039812574,14925200
2024-07-25,109.26042938232422,109.8186861373344,106.59009189100956,107.1576549365455,17021700
2024-07-26,109.16738891601562,109.81868728724392,108.36721828929524,108.64634312041314,11252500
2024-07-29,108.02295684814453,109.22321279184412,107.35304589364988,109.1580829545249,8861800
2024-07-30,109.9489517211914,110.34903705187133,108.14392168623881,108.26487507509734,12483900
2024-07-31,110.33971405029297,111.42832277963446,110.311802280062,111.31666860009149,15137700
2024-08-01,108.81381225585938,111.17710588530873,108.2648618290262,110.11641599395374,15051500
2024-08-02,108.74870300292969,110.60026461685648,107.39027546568722,107.90201502704802,20403800
2024-08-05,106.78548431396484,107.95782850050733,105.37123335611005,107.50191963298191,18025900
2024-08-06,106.21793365478516,107.58566032564894,105.72479959951988,106.48775221328799,13647800
2024-08-07,107.63217163085938,108.97199346275264,107.24139262943032,107.4181695499133,13660700
2024-08-08,109.68842315673828,109.89311895041392,107.67869747958211,108.00434665196627,13851000
2024-08-09,110.5816421508789,111.00963924639392,109.19530296120854,109.6884298952015,12151900
2024-08-12,110.72120666503906,111.80980842185848,109.80938183969893,111.23294617394728,13228900
2024-08-13,109.66051483154297,110.26529594133459,109.32555935838514,110.05129385068717,11585100
2024-08-14,110.6746826171875,111.55859567151543,109.44651489102084,109.88381827282456,12194500
2024-08-15,111.359375,112.20349826271918,110.78724255834449,110.90916972488236,11579400
2024-08-16,110.8341293334961,111.12488972642107,110.35579474768004,110.66530325739343,10056000
2024-08-19,111.17178344726562,113.01948910283262,110.83413128910263,111.04985628406172,12417500
2024-08-20,107.46699523925781,111.28433361277588,107.4013410522251,111.28433361277588,15632000
2024-08-21,106.78231048583984,108.3955358424207,106.69790102581328,107.87030234242498,11752400
2024-08-22,107.60768127441406,107.8702980138738,106.5853436463521,106.71665201608197,10609500
2024-08-23,109.09896850585938,109.47413833038354,107.88904957854777,107.88904957854777,10381400
2024-08-26,111.43440246582031,111.55633678727088,109.66173217734251,110.449589614316,13671000
2024-08-27,110.37455749511719,111.99716417842305,110.11194072689896,111.57509538169782,9991600
2024-08-28,109.28656768798828,110.2807689587072,109.0427133446272,109.73677298209482,10742900
2024-08-29,110.79661560058594,111.41564695372173,109.1271172080973,109.92434870211187,10753900
2024-08-30,110.618408203125,110.6934364468926,109.0708370775764,109.53979759102933,13284700
2024-09-03,108.30175018310547,108.8832566833786,106.960522728566,108.64877640919876,15725100
2024-09-04,106.97927856445312,108.93953738790394,106.90425031470635,108.13292466802257,12620600
2024-09-05,106.14453125,108.12354538224939,106.05074056931576,107.92658280608143,17200800
2024-09-06,105.64742279052734,107.09182201551054,104.79391838599196,106.53844489443793,13467700
2024-09-09,107.87030029296875,108.93952970094247,105.66618729076923,105.86314984952548,21645300
2024-09-10,103.94041442871094,108.23609471850534,103.33076429186562,107.95471553049366,20913400
2024-09-11,102.9087142944336,104.0623533529502,101.0797636772239,103.9029084677521,19571900
2024-09-12,104.32496643066406,104.4187571089069,102.94622127760704,103.07752965830103,15919500
2024-09-13,104.24993896484375,105.48799461693476,104.04359516353348,104.55007345153943,10035400
2024-09-16,105.71309661865234,106.06950409528882,104.7564201520119,105.09407235336049,11729000
2024-09-17,107.09182739257812,107.2700346846158,105.1597122902448,105.34729364076983,12202600
2024-09-18,107.46699523925781,108.4518080447484,106.74479202612835,107.02617120242263,12569900
2024-09-19,108.79883575439453,110.28075264843385,108.03912203595571,108.94890654882504,12660600
2024-09-20,108.11415100097656,108.33925719412889,107.15747472527195,108.29235828161315,36206200
2024-09-23,110.07441711425781,110.47772345973343,107.97347592552825,108.17043849111822,16066300
2024-09-24,109.78365325927734,110.82474611657985,109.57730949934074,110.5246045342945,11984900
2024-09-25,107.64519500732422,109.783660997219,106.96051665284243,109.25842034696798,13816000
2024-09-26,105.79749298095703,106.43527955513711,104.24054066678204,104.24054066678204,16887900
2024-09-27,108.63001251220703,108.8832480396793,106.2195557712233,106.69789749619261,15964000
2024-09-30,109.94310760498047,110.10255246751561,107.82340400948871,108.29236453866486,13247600
2024-10-01,112.48487854003906,113.11328396373696,108.73319411566457,108.83636600979648,23235900
2024-10-02,113.97615814208984,115.19545831906036,112.7381026934323,114.36070919148358,17129700
2024-10-03,114.97036743164062,115.52373743276117,113.42279622214986,114.33258081251952,16524300
2024-10-04,117.08069610595703,117.41834828444193,114.82968396798111,115.55188008788085,19752300
2024-10-07,117.58716583251953,118.49694324959624,117.10882408844945,117.47461272927663,15714400
2024-10-08,114.46389770507812,116.32097756998566,113.73232035491634,116.189669181791,14818500
2024-10-09,114.51078033447266,114.97036681226322,113.30086844773231,113.39465912385103,11144900
2024-10-10,115.49560546875,116.02083900303117,114.69837395256744,115.51436789827159,10243300
2024-10-11,115.93643188476562,116.33035704345198,115.30802644270351,115.4580901030634,8294800
2024-10-14,116.37725830078125,116.5460843944348,115.00789427704497,115.58940081180789,9808100
2024-10-15,112.87879180908203,114.37946398976345,112.34417712109648,113.31961582748175,15771300
2024-10-16,113.16956329345703,113.90114060609868,113.11328316156683,113.38528113909746,8426800
2024-10-17,112.87879180908203,114.03243779671895,112.27852293680947,113.26334285688414,11204900
2024-10-18,112.55989837646484,113.15078601549415,111.75328576433452,112.96320468253,12898600
2024-10-21,112.62557220458984,113.93866323169736,112.28792002174019,113.469702661714,10177800
2024-10-22,113.20706176757812,113.66664820944742,112.49424696017354,112.79438139375688,9201400
2024-10-23,112.80376434326172,113.25396960700846,111.98777758913998,112.52239231471867,8320300
2024-10-24,112.16598510742188,112.96322379684179,111.73454224398532,112.55053620756752,9905600
2024-10-25,112.07218170166016,112.9538297583736,111.9127368441859,112.7381047732611,10714600
2024-10-28,111.51881408691406,111.62198597470056,109.52103767411153,109.53980010231074,11844500
2024-10-29,109.9993896484375,111.77206002242413,109.8024270686357,111.21868998713863,14731000
2024-10-30,109.4460220336914,110.92793202246558,109.24905944953352,110.35580670035203,12303700
2024-10-31,109.53041076660156,111.30308084418954,109.43662009986919,109.87744410485747,20512000
2024-11-01,107.81402587890625,112.50363130479639,107.71085398707507,112.48487603163163,20939300
2024-11-04,111.24681091308594,111.33122036871926,108.73318233486567,108.86449070303043,14965400
2024-11-05,111.57508850097656,111.809568766107,110.68406635578881,111.68764160431631,10436700
2024-11-06,113.48844146728516,114.34195301556876,111.89397862302775,113.62913104901831,20807700
2024-11-07,113.629150390625,113.95742136670006,112.18475094012415,113.76983999630592,12184400
2024-11-08,113.59160614013672,113.88235934303263,112.23162363316736,113.46967899345077,12836000
2024-11-11,112.9913558959961,114.06996659056618,112.616186025393,113.48845293334288,11969700
2024-11-12,112.87879180908203,113.77919511749089,112.4004500916941,113.61036904992864,11972800
2024-11-13,113.92927551269531,114.47327146020531,111.42502792933136,113.08514510376084,15127900
2024-11-14,114.00492095947266,115.25314975776726,113.78743053752434,115.04511763685967,13041800
2024-11-15,112.82289123535156,114.64795383673253,112.65267788132644,113.85362966099541,19051700
2024-11-18,113.76851654052734,114.06166616294436,112.78506243229572,113.27679309369653,14239700
2024-11-19,112.17986297607422,113.23896908374783,111.77324258973766,113.23896908374783,11584400
2024-11-20,113.77796936035156,113.91981501409778,112.18931391044723,112.69049563439015,11360900
2024-11-21,115.30042266845703,115.88671462743012,113.73067672083668,114.4966403090015,14675400
2024-11-22,115.16805267333984,116.51084290806995,115.02620700864128,115.19642036336552,13323400
2024-11-25,113.44701385498047,115.25315992634489,113.10658713317673,114.82763013137544,26580300
2024-11-26,111.55574798583984,113.17277116927244,111.44227001672235,113.03092551151803,14827300
2024-11-27,111.2625961303711,112.27441782168033,111.04509851168477,111.66920925237861,11079100
2024-11-29,111.5462875366211,112.05692756596119,110.59120115500892,111.05456410905455,9426500
2024-12-02,111.44226837158203,111.7732367584099,110.46827259838726,111.6313983173192,12687300
2024-12-03,111.27205657958984,112.26496896849113,110.88435281091847,112.26496896849113,11756600
2024-12-04,108.06637573242188,111.15858359144407,107.66921367067012,111.11129930165804,19520600
2024-12-05,108.5391845703125,109.33351587031774,107.85833123161355,108.47299089652618,15751200
2024-12-06,107.39497375488281,108.52972449106937,107.32878008218141,108.31223408700875,16171100
2024-12-09,106.76142120361328,108.69050352473663,106.61957553603929,108.40681218958865,17412600
2024-12-10,106.54391479492188,107.68812391405827,105.67393868667152,107.41389090317223,20990900
2024-12-11,105.8346939086914,106.27914026451371,105.06873746584773,105.91034588725047,32392200
2024-12-12,105.7401351928711,106.26968462691676,104.75668109066488,105.52263755270522,14543300
2024-12-13,104.81341552734375,105.81578622294595,104.25549840928083,105.81578622294595,13106100
2024-12-16,102.57228088378906,104.39734340043357,102.2791384822446,104.20821345220341,20256100
2024-12-17,102.13729095458984,102.2885876958339,100.98362354250382,101.40915329273307,17554000
2024-12-18,100.63373565673828,102.91270272718931,100.52971599375515,101.72120936047223,17114500
2024-12-19,99.7732162475586,101.81576905679529,99.48952495050685,101.55099436065066,20565600
2024-12-20,100.1136474609375,100.36896386821377,99.13964447796727,99.71647818412927,40141200
2024-12-23,100.52027130126953,100.80395540643755,99.21529988795878,99.58409427487618,12285100
2024-12-24,100.61483001708984,101.36187707243971,99.95288602667578,100.72830077033758,7807000
2024-12-26,100.6999282836914,101.21056829268358,100.17983718875878,100.72829597065162,9652400
2024-12-27,100.69047546386719,102.11836858978563,100.01907321604627,100.52026213046753,11943900
2024-12-30,100.00963592529297,100.76613412230884,99.77322888599357,100.52027599592809,11080800
2024-12-31,101.72119903564453,102.03325799291956,100.02852412703706,100.39731845306434,12387800
2025-01-02,101.47535705566406,103.07347097858168,101.06873665221161,102.3926175388873,12685400
2025-01-03,101.99544525146484,102.59118834441824,101.61719257667886,102.12783260545449,14237900
2025-01-06,101.88196563720703,103.81104775430923,101.67392630871028,102.3547796694016,15623700
2025-01-07,102.83705139160156,104.07582183993239,102.39260504964696,103.01672303143074,12625900
2025-01-08,101.11601257324219,101.8536013336406,100.24603645659636,101.47534865240377,17858100
2025-01-10,100.7472152709961,104.11364888576803,100.0285359189475,102.78976814712155,19304500
2025-01-13,103.34770202636719,103.66921213638662,101.30514174658384,101.30514174658384,17073400
2025-01-14,103.75431060791016,103.79213659558833,101.96707417389028,102.87487623445836,11191200
2025-01-15,105.44699096679688,105.65503030217259,103.51790878590812,104.06637481288595,14521100
2025-01-16,105.26732635498047,105.61721137100155,104.53919584707427,105.14439729157483,10366600
2025-01-17,106.21295166015625,106.73305001938002,104.79450945998613,104.99309050226154,19298500
2025-01-21,105.4091567993164,106.08055182939603,105.08763952016082,105.95762278374289,20416300
2025-01-22,103.57463836669922,105.5037204396319,103.45170931838834,105.15383546657407,15718000
2025-01-23,104.16094207763672,105.09711192526814,103.65030201131862,104.3122388299327,13726800
2025-01-24,102.751953125,104.69048640721991,102.51554609927294,104.24604004452188,14235900
2025-01-27,104.17984771728516,104.44462243520285,102.49663082660562,103.08292285525904,15926700
2025-01-28,102.16566467285156,104.84179402906241,101.92925763886623,104.40680595227781,15862000
2025-01-29,102.76140594482422,102.86542561506421,101.62665508802237,101.85360381646873,12345500
2025-01-30,103.61247253417969,103.87724725271856,102.78977347480249,103.30041352394316,14346300
2025-01-31,101.02144622802734,104.5391837253997,100.3311345776974,104.5391837253997,20376500
2025-02-03,101.2673110961914,101.4658993486214,99.59355251161668,100.84178133142986,14623200
2025-02-04,103.98125457763672,104.28385525069349,100.73775023148019,100.9079635609852,14835700
2025-02-05,103.90560913085938,104.02854539656991,103.16802039487452,103.77322177899387,13364400
2025-02-06,102.53446197509766,105.01201035873669,102.11838327482705,104.7472284129288,13411400
2025-02-07,102.96944427490234,103.76377563852515,102.43043654102506,102.86542460568305,10051600
2025-02-10,104.93634796142578,104.99308333689818,103.90560961473618,104.02854588101921,12142200
2025-02-11,105.59828186035156,106.39261316827361,104.7944994664868,105.53208818590551,12713100
2025-02-12,102.42117309570312,105.1689465732232,102.25898015546105,104.9972107308782,18244100
2025-02-13,103.16536712646484,103.43251745185245,101.62928733122097,102.23036646446549,15460000
2025-02-14,103.27030944824219,105.16894661692919,103.13673793515184,103.53745247442286,15733500
2025-02-18,105.08307647705078,105.89404846866529,103.34663950429557,103.64240396169457,20060300
2025-02-19,105.23573303222656,106.9817056154373,105.00674705483698,105.6746119035709,10964700
2025-02-20,106.85769653320312,107.25841114821793,104.90181614037387,105.49335243808828,16325800
2025-02-21,105.60784149169922,106.71457809348759,105.48380558281505,106.20891339170564,14710000
2025-02-24,106.16118621826172,106.72410095655721,105.25480708667392,105.83680034939073,13153500
2025-02-25,104.69190979003906,106.9817114561347,103.89047338362401,106.18982523150925,14497000
2025-02-26,104.43429565429688,104.82547456920835,103.5374521159937,104.70143867955275,10446400
2025-02-27,105.0926284790039,106.18028649682488,104.26257061104485,104.95905695254184,15293200
2025-02-28,106.21843719482422,106.45695878704518,104.31980007979239,105.0544506601297,18821700
2025-03-03,102.81236267089844,107.01034470192397,101.61975455294244,106.57145850890615,18706900
2025-03-04,102.60246276855469,103.95726384741157,101.07592582906085,101.4766404108463,19394900
2025-03-05,100.598876953125,101.44801330569057,98.91013987147753,100.9805057073238,24822200
2025-03-06,102.67878723144531,103.14628755772134,99.5684633401862,100.58933555909215,17150200
2025-03-07,104.0145034790039,105.33114746271542,103.32756733688295,103.43251743063102,19625000
2025-03-10,106.66686248779297,107.40150581337502,104.07174631377059,104.26256068223041,22749100
2025-03-11,104.14808654785156,106.9530959272889,103.79507191995499,106.78136006494765,19904700
2025-03-12,104.11946105957031,105.07354759562867,103.44206049246121,104.04313966880363,14051500
2025-03-13,103.68057250976562,105.73185982784803,102.68832173080712,103.35618661156289,17767800
2025-03-14,106.76227569580078,107.029418738358,103.33710153960851,103.93818066446423,15890100
2025-03-17,108.53688049316406,109.24290245340426,106.60008609467272,106.66687185741029,19908800
2025-03-18,108.42237854003906,109.28105776082005,107.40150637730544,108.85171451087875,15998700
2025-03-19,110.11111450195312,110.50228613934242,108.60365624866415,108.95666355670544,17315000
2025-03-20,110.57861328125,111.12244222857167,108.96620496414656,109.45279105778218,16230800
2025-03-21,110.19698333740234,110.66448365280644,109.09978248038706,110.19698333740234,41102800
2025-03-24,110.48321533203125,111.54225188833725,110.27331514550545,110.36872233598935,14207500
2025-03-25,111.2369384765625,112.238732185605,110.63586661859827,111.08428842590106,12081800
2025-03-26,112.83979797363281,113.70802011197941,112.27689047838969,112.27689047838969,14110800
2025-03-27,112.47724914550781,113.60307142902788,111.87617731243849,112.6776064231976,12740800
2025-03-28,112.32459259033203,113.02107157062996,111.85708502371956,112.67759989189898,10233400
2025-03-31,113.4695053100586,114.4045132628721,112.38184730564214,112.38184730564214,21652300
2025-04-01,113.57444763183594,113.8034263331196,112.51541112963413,113.7461834775741,12425400
2025-04-02,113.221435546875,113.38362849391564,112.25781348803227,112.95429250960764,12614600
2025-04-03,107.26793670654297,110.14927449790741,107.0771223338016,109.11886669436157,21204600
2025-04-04,99.54937744140625,105.7414037890358,99.06279858923106,104.82548166369767,30841300
2025-04-07,98.21367645263672,100.94236469761024,93.93936530275064,95.78075272290266,35068500
2025-04-08,96.14328002929688,100.7515189303057,94.46409326381439,100.61794742121282,27147800
2025-04-09,100.94234466552734,101.68653089754434,93.62449639945632,94.80756878383878,30063300
2025-04-10,95.34185791015625,99.01508923561397,93.30965642047127,98.94830347620935,33999300
2025-04-11,98.40447998046875,99.15820918093998,94.2542052054557,95.69487784327296,22884600
2025-04-14,98.64300537109375,100.26494955415065,98.00376914546212,100.20770669188589,18020000
2025-04-15,98.36631774902344,100.5702625374473,98.27091055382078,98.8815253380406,13164900
2025-04-16,99.4062728881836,100.74198813969231,98.93876527105336,99.17728689155166,13607000
2025-04-17,102.01091766357422,103.56608317741076,99.66386595803561,99.88330903611559,17916500
2025-04-21,100.51300811767578,100.78015116451047,99.33948583635168,100.76107263792318,16926500
2025-04-22,103.32756805419922,103.93818281528044,101.2667377762235,101.2667377762235,13147000
2025-04-23,102.44026184082031,104.2816489280658,101.58158260444385,103.81414133992091,14235700
2025-04-24,103.64241027832031,103.88093189504404,102.04908762559026,103.01271699530272,9849600
2025-04-25,103.58517456054688,103.76645333106653,102.48797359215874,103.17491706033574,11245800
2025-04-28,103.64241027832031,104.23394650827191,102.73603104641096,103.75690327482445,13890900
2025-04-29,103.38481140136719,103.83323321095662,102.58337497422602,102.79327516417018,9483100
2025-04-30,100.7801513671875,102.48796702471762,99.36810746562098,102.48796702471762,20379300
2025-05-01,100.92327117919922,102.01092923245426,100.16000632870757,100.27449205277493,18610300
2025-05-02,101.33352661132812,103.99542882822168,99.74974680146273,102.7741992690237,16581900
2025-05-05,98.52850341796875,99.85469026583064,98.33768904168315,99.8451473632858,19624000
2025-05-06,99.90238952636719,101.11408337257942,98.72886729006916,99.1200389424679,16303400
2025-05-07,99.80697631835938,100.45575534483078,99.29176880212314,100.16952652055463,12332200
2025-05-08,101.19995880126953,102.45935274034971,100.50347242567776,100.50347242567776,19196500
2025-05-09,102.38302612304688,102.8028265375246,101.49572533369346,102.22083315530877,10992100
2025-05-12,104.14808654785156,105.3693161115661,103.34665009722491,105.20711587333653,14244600
2025-05-13,104.43429565429688,105.43608927810794,104.01449531226534,104.30072414166894,13350800
2025-05-14,103.49931335449219,103.86186362724565,102.97456283422802,103.86186362724565,15494900
2025-05-15,104.54883575439453,104.6162366244776,102.03573462592806,102.53642575423892,15004300
2025-05-16,104.17330932617188,104.8473179865941,103.4607774895616,104.61623035246984,14042500
2025-05-19,102.51717376708984,103.5763334686216,101.79501842338946,103.5763334686216,16802700
2025-05-20,101.05359649658203,102.75788713734026,100.88990972317289,102.44013703873874,12429300
2025-05-21,99.8115005493164,101.07286286284078,99.79223895968505,100.64919604467941,16716100
2025-05-22,99.1471176147461,99.62855452083215,98.1072121345256,99.23377273169237,13417400
2025-05-23,99.20487976074219,99.62854655498961,98.28052185650168,98.79084376076683,12061600
2025-05-27,99.67668151855469,100.00406239433833,99.07970453011797,99.6477964831327,13043600
2025-05-28,98.31904602050781,100.55291298162369,98.01092669297955,100.41811123496409,14292400
2025-05-29,98.87751770019531,99.03157369572175,97.97241393323993,98.48273589677198,13825300
2025-05-30,98.50198364257812,98.58863875047982,97.43319323492992,98.36718191063541,28645800
2025-06-02,99.22413635253906,99.99443089421038,98.42494942950654,99.89814499476937,17290500
2025-06-03,99.94629669189453,100.77436869218675,98.41532363232409,99.07970886064179,19194300
2025-06-04,98.50198364257812,101.02470806562889,98.50198364257812,100.06183435395616,15648500
2025-06-05,98.0494384765625,99.22414565990444,97.95315256808973,99.15674478935911,13924800
2025-06-06,100.39883422851562,100.62029840467576,98.86786862104293,98.94490027763281,15487800
2025-06-09,101.07286834716797,101.92019468332354,99.97519275522882,100.45662967611948,17087300
2025-06-10,103.23932647705078,103.65336249072229,101.99721843603626,102.14165097032053,17634800
2025-06-11,105.25172424316406,105.32875590402932,102.50753560359485,103.75927438115305,22648200
2025-06-12,105.65614318847656,106.09906424606112,104.20220172269977,104.87621043073194,17469400
2025-06-13,107.95740509033203,108.35217949904542,106.57086457044517,108.17886193405955,28540200
2025-06-16,108.30403900146484,108.95879342336029,107.00415360562788,107.66853882162069,22986100
2025-06-17,109.76760864257812,110.6630815332449,108.9106515838495,109.71946201611948,19451700
2025-06-18,108.98768615722656,110.9615730102809,108.74696771079476,110.35496516988461,17968900
2025-06-20,110.44161987304688,110.76900077896947,108.9780549564968,109.23802764537137,36273300
2025-06-23,107.59151458740234,112.60808612144518,107.03305337564711,112.36736767540006,26631100
2025-06-24,104.31773376464844,106.82121127674935,103.90370512343452,105.19395236311243,24828300
2025-06-25,104.34663391113281,105.18432939601642,103.70150289714556,104.09628467206528,17483200
2025-06-26,105.90647888183594,106.33977646546933,104.51994571418227,104.89546587897843,18304800
2025-06-27,105.31912994384766,106.01240023116787,104.346632728826,105.85834424850997,22002100
2025-06-30,103.79779052734375,104.79917273706435,103.72075886624415,104.6066009304589,19199000
2025-07-01,105.18431854248047,105.56946948296286,103.17191608132832,104.11552817205984,15536900
2025-07-02,106.92713165283203,107.22562016115167,104.78955077690054,105.91611128843948,11892200
2025-07-03,108.03443145751953,108.29441148300808,106.5130965205741,106.74418416289659,11223600
2025-07-07,106.98490142822266,107.89000509111263,106.12794439060524,107.39893742867832,15415900
2025-07-08,109.95055389404297,110.21052656958359,106.73455180664708,106.7730676374945,17913400
2025-07-09,109.57504272460938,110.02758724540793,109.06471343357883,109.69058288049658,10652100
2025-07-10,110.66307830810547,110.99045185082323,108.87213257896681,109.48837117973027,14901700
2025-07-11,111.14451599121094,111.46226608816855,110.25867391436879,110.58604745949337,11683900
2025-07-14,109.69056701660156,110.95193652305136,109.01655838425674,110.95193652305136,13220300
2025-07-15,108.71808624267578,109.8253852557082,108.41959036392048,109.44024160568522,10959300
2025-07-16,108.06332397460938,109.28617040231443,107.93814568583247,108.68918603391911,11158900
2025-07-17,107.51448822021484,108.06332597289979,106.96564312138607,107.35079409695216,13151400
2025-07-18,103.76890563964844,107.58189233189675,103.35486961401331,106.98490793447233,32366600
2025-07-21,104.03851318359375,104.73177612321237,103.45115959960856,103.6052155819203,17010400
2025-07-22,104.51032257080078,105.37691045536346,103.6148496477767,103.97111559647026,13970900
2025-07-23,105.84871673583984,105.91611760774447,104.80881127261651,104.8858429394058,12002700
2025-07-24,106.67678833007812,106.83084431685067,105.07841430871662,105.58874358939482,15647200
2025-07-25,106.30126190185547,106.85973043169554,105.62724587910735,106.61901199774485,10548900
2025-07-28,107.30265808105469,107.94778176072323,106.72492792705604,106.87899126042743,12353000
2025-07-29,108.6891860961914,108.8047335906339,107.2737678565253,107.74557393641399,15928000
2025-07-30,107.74557495117188,108.42921443757189,107.12933633396219,108.23664262449778,12996900
2025-07-31,107.49522399902344,108.32329600506476,106.26274678430435,106.26274678430435,17233700
2025-08-01,105.56947326660156,108.36180850249798,104.81843294612216,107.84185581613299,19652000
2025-08-04,103.38375854492188,105.83908223210184,103.11414772060712,105.16507353667451,19129500
2025-08-05,103.25858306884766,103.81705162950657,102.13202249886415,103.23932882537225,21314300
2025-08-06,102.5556869506836,105.00138719969958,102.42088521103375,104.28885532310031,15321800
2025-08-07,102.01647186279297,104.04813608267548,101.95870178799905,103.16229398716435,13468300
2025-08-08,102.83492279052734,103.51856229377444,102.01647419943372,102.54605771765384,14417700
2025-08-11,101.90092468261719,103.53780702208884,101.61205963629006,103.13340183414549,13570700
2025-08-12,102.18978881835938,103.29709510415664,101.85278447384988,102.39199142506507,14109400
2025-08-13,103.60521697998047,103.60521697998047,101.8142711663082,102.06462040535484,17958700
2025-08-14,103.39337921142578,103.59558181461352,102.48828289422498,103.55707332974849,13683500
2025-08-15,103.49056243896484,104.53042413910818,102.96577138265387,103.19901679512692,19271900
2025-08-18,103.7140884399414,104.20972567810239,102.6936601404045,103.11154890699076,13040000
2025-08-19,104.39437103271484,104.43324526924799,103.16014553442298,103.20873276921256,16113600
2025-08-20,105.47310638427734,106.25057628140125,104.64704925264721,104.84141301967696,18959700
2025-08-21,106.15339660644531,106.48381650017089,104.91916367517014,105.36620628024141,12194900
2025-08-22,108.1456527709961,108.27199589706909,106.51297186111358,106.51297186111358,13586700
2025-08-25,108.59268951416016,108.76761986699798,107.42649210490949,107.77635281058514,9744900
2025-08-26,108.34972381591797,108.66071026510373,107.251554539153,108.23310853153694,18143900
2025-08-27,109.57424926757812,109.7977742801282,108.28170867190343,108.28170867190343,15262600
2025-08-28,110.1573486328125,110.44890170919774,108.91340268064054,109.69087260799938,14189800
2025-08-29,111.07087707519531,111.55679393662437,110.38087602170638,110.5169321497463,14597900
2025-09-02,111.45960235595703,111.99410640835276,110.13790801462953,110.96396512433365,15206700
2025-09-03,108.7579116821289,111.20692931573902,108.3205820734289,110.75988670859203,14920100
2025-09-04,109.2341079711914,109.94354241103126,108.24283345769933,108.9522753120418,12864400
2025-09-05,106.15339660644531,108.63156805289493,105.9493050079647,108.45663769312769,16826700
2025-09-08,106.75593566894531,106.95030686712708,105.29818504784592,106.63932036453933,15440500
2025-09-09,107.53339385986328,109.34100502528872,107.41677115372212,107.41677115372212,14899500
2025-09-10,109.33129119873047,109.38959884806225,107.71804369852568,108.02903760030244,15837600
2025-09-11,108.9814224243164,109.59367494058706,107.74719697943684,108.2622676158315,11534500
2025-09-12,109.00086975097656,110.03101108521462,108.72875009078862,109.68115036518988,11105700
2025-09-15,109.18550872802734,109.29241102232862,108.18452125820836,109.02029878756257,12880500
2025-09-16,111.44988250732422,112.07185544585985,109.60339710220181,109.77832745457134,17208000
2025-09-17,112.0427017211914,112.23706548421598,110.83763007853405,111.30410607559392,13302000
2025-09-18,110.72101593017578,112.10101803202316,110.20594524529633,111.92608766597893,14628700
2025-09-19,109.64228057861328,110.76961125878745,109.46735021150015,110.69186278129207,38746500
2025-09-22,108.86479949951172,109.62283595581596,108.41775692138489,109.28268825518494,15611500
2025-09-23,110.74044036865234,111.51791024684958,109.31185114530597,109.54508914296424,25369100
2025-09-24,111.33326721191406,112.49947211017462,111.24580573715848,111.3429876250545,14756100
2025-09-25,112.33424377441406,112.63551723632344,111.1874872289276,111.41100480780977,15012600
2025-09-26,113.91835021972656,115.02624007101338,112.6549634137665,112.69383765243481,18568900
2025-09-29,111.00284576416016,113.21862540114104,110.46833426642237,112.7910162029508,19189300
2025-09-30,109.57424926757812,110.29340412684338,108.78706634614592,110.15734800250948,18076200
2025-10-01,108.83563995361328,109.83662734922498,108.1553594171301,109.38958479460722,16614000
2025-10-02,108.1553726196289,109.90466881890825,107.90269378330424,108.81621982766848,13062600
2025-10-03,110.06987762451172,110.54607402115766,108.74818331118651,108.74818331118651,12950100
2025-10-06,110.9833984375,111.53734331429891,109.99213138962384,110.09903368290979,12036800
2025-10-07,111.04170989990234,111.28466830140734,108.5926850606109,110.85705914211792,11945000
2025-10-08,110.80847930908203,111.77060004610118,110.21566755150361,111.15834004717937,12301000
2025-10-09,109.72974395751953,112.2565100331723,109.56452659751527,111.20692788321571,10976200
2025-10-10,107.61113739013672,109.44790229414498,107.59169656608793,109.09804160628607,13811600
2025-10-13,109.07860565185547,109.13692071210326,108.18452048274652,108.39832506981655,10296500
2025-10-14,109.12720489501953,109.77833168160478,107.59170590004028,107.64030054987607,11167200
2025-10-15,108.46635437011719,110.37114743614104,107.84438142670133,109.62283878732902,12182900
2025-10-16,107.52366638183594,109.03001139220682,107.28070798755043,108.72873794143158,11782200
2025-10-17,109.07860565185547,109.72973982552386,108.04846436633875,108.48578653843487,13460100
2025-10-20,109.52564239501953,109.96297195829358,108.82592843988441,108.84536184926239,9523600
2025-10-21,109.53536987304688,110.16706322885845,108.83564845827111,109.71030022674081,9202300
2025-10-22,111.47904205322266,111.93580507533065,109.89495580258458,110.25452952377394,12938800
2025-10-23,112.71327209472656,113.5587626407378,112.11073255125102,113.34495804742382,15001100
2025-10-24,112.13988494873047,113.18946707646688,111.93580077075434,113.07284436855093,9919400
2025-10-27,112.67439270019531,112.72297993267722,111.85804860077681,112.44114729207452,10975400
2025-10-28,111.79002380371094,112.90763398641612,111.7511495678905,112.23706639389255,9535200
2025-10-29,113.1700210571289,113.75312715544378,111.57621452793951,111.68311681833045,12570600
2025-10-30,111.45960235595703,113.23805227913105,111.30410541485863,113.15059081063988,16172900
2025-10-31,111.13890075683594,111.98439873160424,109.44791222180191,110.76960662593272,20213400
2025-11-03,110.55579376220703,111.75114495268399,110.43917105956209,111.27494855892905,12290300
2025-11-04,110.92509460449219,111.12917878564296,109.34100839013,110.18649893854,16860700
2025-11-05,110.4780502319336,111.9358007148948,110.46832981931985,110.87649817506842,12400900
2025-11-06,111.27495574951172,111.70256493900654,110.43917819613684,110.43917819613684,14219700
2025-11-07,113.91835021972656,114.20018288919466,111.66369627848462,111.96496236003543,17181100
2025-11-10,114.89018249511719,115.11370009651469,112.20791937682769,114.13215338689474,13048000
2025-11-11,116.40623474121094,117.40722222583193,115.4829957289592,115.4829957289592,16077100
2025-11-12,114.79299926757812,115.92032250358848,114.472292367225,115.74539214107791,13790900
2025-11-13,115.4441146850586,116.38679446706422,114.9484774710604,115.28861774948975,17291900
2025-11-14,116.94403076171875,117.13029659441288,114.36575532080614,116.12054640396673,17064300
2025-11-17,115.36569213867188,117.14989951410585,114.80690212217205,116.63032375061441,16034900
2025-11-18,116.68914794921875,117.13030271084352,114.18930088409608,114.95396016235371,15808500
2025-11-19,115.04218292236328,115.85586186327224,113.65011056424346,114.55201596702355,15919200
2025-11-20,114.71866607666016,116.66953586139736,114.44417378999563,115.65979317287263,14401000
2025-11-21,114.7774887084961,115.07158437525726,113.37561100680882,114.68925477292015,15667600
2025-11-24,113.68932342529297,114.89512993221705,112.48350943901481,114.89512993221705,18034900
2025-11-25,112.25802612304688,113.62068951387047,111.94431960456993,112.914847977459,14434600
2025-11-26,112.5129165649414,113.46384162902656,112.06196387586725,112.160003247741,11650600
2025-11-28,113.64030456542969,116.4048458806149,112.5619387649192,112.68937948010587,7240800
2025-12-01,114.33634185791016,115.10100859456215,113.81676607945676,113.81676607945676,12658100
2025-12-02,113.11092376708984,114.3069323331814,112.43449845560603,114.15008279695115,14607700
2025-12-03,115.48332977294922,115.6597901639792,113.60108310884485,113.66970617872575,16819100
2025-12-04,114.83631134033203,116.01270901724688,114.36575526130771,115.1892321392773,13686900
2025-12-05,114.24810791015625,116.44405364250576,114.12066720207453,114.4539771213746,12516900
2025-12-08,113.69912719726562,114.69906446838193,112.77761095258792,113.55207561874306,14904200
2025-12-09,115.92448425292969,118.10082671847627,114.59122954393455,114.60103497720259,23790800
2025-12-10,117.1891098022461,117.51262176910427,116.04212098813484,116.3950417739158,19845200
2025-12-11,117.1891098022461,117.99298326333523,116.72835169417907,116.76756594586071,14781800
2025-12-12,116.48326873779297,117.56163448599445,115.98329637586768,117.09107842247377,14459500
2025-12-15,115.44412231445312,116.68914307822224,114.55201487415584,116.66953969111152,16358700
2025-12-16,112.42469024658203,114.54220754921194,112.35606717379666,114.47358447642657,17638700
2025-12-17,115.10101318359375,115.30688241650844,112.90505974046134,112.9442739961624,18502200
2025-12-18,114.24810791015625,114.68925515143077,113.356000515523,114.68925515143077,13705600
2025-12-19,114.3951644897461,115.25785562394006,113.67951745617594,114.45398212999562,45412800
2025-12-22,115.82644653320312,116.13034763504118,115.03237102421896,115.03237102421896,11768600
2025-12-23,117.07146453857422,117.66946877503595,115.99309881817479,116.14015038899143,12567600
2025-12-24,116.87541198730469,117.68909094185487,116.77738009046408,116.98324931763564,6137400
2025-12-26,116.76757049560547,117.19891980155684,116.19897504309758,116.55189584262978,8066100
2025-12-29,118.1596450805664,118.9145063803753,117.05187045384986,117.787120887003,14782500
2025-12-30,118.610595703125,119.40467124297325,118.2576749030489,118.71843302977904,11150500
2025-12-31,117.97338104248047,118.87529393853949,117.51263038000505,118.79686542942925,10559900
2026-01-02,120.23795318603516,120.26736200605848,117.25773726088853,117.72829333996988,14175100
2026-01-05,122.8946533203125,123.45344332148551,119.98306055864913,122.74760174540302,30112200
2026-01-06,118.66942596435547,123.32601216113297,118.62040627580554,122.88485740224668,23328600
2026-01-07,116.15975952148438,117.75770853507144,115.94408487086373,117.44400199217434,20353000
2026-01-08,120.49284362792969,121.19867775555002,116.32642453948432,116.64013108932252,20232700
2026-01-09,122.15940856933594,122.40449204572425,120.67910227773142,120.80655047223998,16137700
2026-01-12,121.59081268310547,122.051570813798,120.14972065029409,122.01235656019075,15314900
2026-01-13,124.05144500732422,124.63964381543548,122.35546417326054,122.54172999624801,21619700
2026-01-14,127.63945770263672,129.1295692663085,124.62983323735816,124.84550786994382,27593900
2026-01-15,126.59052276611328,127.63947227278497,125.77684382460471,126.59052276611328,17400000
2026-01-16,127.33556365966797,127.60025798860698,126.33561894044863,126.37484067147311,16592400
2026-01-20,127.89437103271484,129.34526106003074,127.51204139853334,128.92370969178984,16477300
2026-01-21,130.982421875,131.10005716420434,129.31585712353169,129.31585712353169,18879900
2026-01-22,131.01182556152344,131.54119930090036,129.2570344119412,130.4334321339966,16600100
2026-01-23,132.315673828125,133.30580572799937,131.83530480966832,132.43330911480464,17758200
2026-01-26,132.18821716308594,134.24692430039343,131.53139525667265,134.2371113879926,16056100
2026-01-27,134.13906860351562,134.23709300314297,132.06076584346266,132.59013948582688,14517000
2026-01-28,134.87432861328125,135.2958649752726,133.98222124790016,134.9821659317197,15637300
2026-01-29,137.7467041015625,139.54071684501432,136.3742426928216,137.56045323507496,35760600
2026-01-30,138.61920166015625,139.413284651152,135.1194175625329,136.0115249641907,29657700
2026-02-02,135.67819213867188,137.56044620113823,135.34488223626485,137.0800772532881,27735600
2026-02-03,140.90338134765625,142.15820749031957,135.58997362759902,135.91348559607266,37577800
2026-02-04,144.68746948242188,144.9325529451777,141.28570982267485,141.28570982267485,29426200
2026-02-05,143.20718383789062,143.8443949157971,140.97202365001937,143.6973508081906,18431700
2026-02-06,146.1187744140625,146.62855224315575,143.2169794161954,143.73655519939692,17216000
2026-02-09,148.2362823486328,148.56959225474523,145.70701931770182,146.32461944756733,21297300
2026-02-10,148.6088104248047,148.79507625683397,146.87363021409703,148.3735398653639,15800300
2026-02-11,152.50074768066406,153.84380041252888,150.5498926833496,150.9420202819541,23091500
2026-02-12,147.9611358642578,153.2112816986525,147.9118045030338,151.86914039995418,30652500
2026-02-13,146.50057983398438,149.66843335045488,146.0367505798841,148.573009056918,20166000
2026-02-17,144.270263671875,147.17165857121253,143.24391231753378,146.25386332053407,19766600
2026-02-18,148.7012939453125,148.99735741858277,145.67161638544218,146.20451859059764,19849700
2026-02-19,148.98748779296875,151.36584368014013,148.85919011306916,150.20133141726754,20305000
2026-02-20,145.345947265625,148.8295908063359,144.53672317214324,148.51380081276685,25908600
2026-02-23,148.78024291992188,149.28355533426253,146.18478981965436,146.2045163413988,16073100
2026-02-24,147.29994201660156,148.7407762133805,146.08609834773506,148.44471274188743,14185500
2026-02-25,147.10256958007812,148.20785713109032,145.39529183251534,147.94141356259428,15225700
2026-02-26,146.58938598632812,148.97762012181042,144.8426402313522,145.8689764649243,15632100
2026-02-27,150.49740600585938,151.63229845401327,147.2900842385214,149.01710365170337,30275100
2026-03-02,152.19480895996094,157.5140277442215,151.0204334392882,157.25744744344775,31493100
2026-03-03,149.83619689941406,154.00078180487054,148.32628979550924,153.388913296314,25198900
2026-03-04,147.85260009765625,149.1749998639953,145.9183318111316,148.74077544915835,16764800
2026-03-05,148.78024291992188,150.32963320643273,147.5071895803822,149.0170967065771,22969300
2026-03-06,149.22434997558594,151.78033504800396,147.99076470220882,151.13886167079949,21136400
2026-03-09,148.46444702148438,151.8691391301945,147.50718371049803,150.0237005068187,25532700
2026-03-10,146.18479919433594,148.42497928748784,145.76043801499983,147.2900868194475,19617600
2026-03-11,149.5894775390625,149.8164529995664,145.72095615785696,146.046624457752,15297400
2026-03-12,151.5138702392578,152.96456766631465,149.63882672348768,150.27042175538625,26054000
2026-03-13,154.06985473632812,154.82974744779892,150.97108926767592,152.27376248734015,22414100
2026-03-16,155.165283203125,155.70806372597428,152.7277175392131,153.95143953087205,22835600
2026-03-17,156.7245330810547,158.34299629210685,154.74093346250348,156.17188931021934,21592200
2026-03-18,155.5205535888672,158.07653857282673,155.46134390714047,157.56337795891957,18947100
2026-03-19,156.08306884765625,157.46467822216096,152.80665939038394,156.18174662674213,27082700
2026-03-20,157.5732421875,160.3068712918422,157.01073514922803,157.25745219688022,53942100
2026-03-23,159.0140838623047,159.30026902536085,152.9843183312989,154.06986435705824,25021300
2026-03-24,163.20826721191406,165.2806813902276,159.13249674027693,159.58646273652485,26131800
2026-03-25,161.11610412597656,162.83326029190215,160.79043579838304,161.71809435727107,17192300
2026-03-26,163.25759887695312,163.50431592661914,159.9318578661477,161.9351991047626,18625200
2026-03-27,168.7445831298828,168.98142183830936,162.6358671348429,163.4056230540538,30338300
2026-03-30,169.21827697753906,174.09340787768787,168.80379417601876,170.24461319200663,29813500
2026-03-31,167.4320526123047,172.09007144795677,163.79050675840085,170.40252029916738,32006700
2026-04-01,158.66867065429688,165.79386038255356,157.43508538359336,163.59314847597437,37927600
2026-04-02,158.57984924316406,164.70829216920555,157.4942882287153,162.32995131495318,25377700
2026-04-06,161.2246551513672,161.59966989102813,157.4350848271786,158.46143620148837,16344300
2026-04-07,161.757568359375,164.0569730451393,159.64567103873514,162.06349508840393,25227500
2026-04-08,154.16854858398438,154.29684626632607,148.99735388970248,151.50400750448705,31311200
2026-04-09,153.00404357910156,157.1390238674347,152.28363398837865,154.80015098369313,25868400
2026-04-10,150.5072479248047,153.08297425812682,149.92499936208736,152.01715490726124,21065000
2026-04-13,150.63555908203125,152.58955387101517,149.29341774875434,152.244159041483,18685600
2026-04-14,147.28021240234375,148.13878289907458,144.79330037579695,148.09931479763057,18528200
2026-04-15,147.05322265625,148.25720304523475,144.97093018596462,146.6486181452608,15626500
2026-04-16,149.98422241210938,150.77371997111916,147.3887693274927,147.56639837260283,15191000
2026-04-17,144.5169677734375,144.8722408937409,140.10566613734218,142.95771435979552,28947400
2026-04-20,145.7406768798828,147.40848641370326,144.42815553036803,145.44462849031555,16354400
2026-04-21,146.41175842285156,146.85584607589826,144.31960277659698,145.43475353941858,17515900
2026-04-22,147.5367889404297,148.70128613345972,146.2341157498405,147.40849126178932,13738700
2026-04-23,148.5532684326172,149.24407315856882,146.54992719815058,147.88220528695376,12970400
2026-04-24,146.9545440673828,148.32629023309528,145.02027581191402,147.6749536212974,13735900
2026-04-27,146.24400329589844,149.19472962349624,146.0268910837684,147.20126666981344,13940800
2026-04-28,148.58287048339844,150.30988979505028,147.86246092975082,149.54013382081567,15173600
2026-04-29,152.63890075683594,152.9152226446687,149.0269595764905,150.02370608327118,14669100
2026-04-30,152.30335998535156,153.64550124162795,149.35261886191103,150.42830150729972,22885900
2026-05-01,150.74411010742188,152.97442670827715,149.14538852104675,150.60594916857974,15458200
2026-05-04,151.67176818847656,152.4415241398171,147.55652981525986,150.66515846041094,14238500
2026-05-05,152.8461456298828,153.25075013159284,150.40858006697343,151.08952150756775,12494600
2026-05-06,146.7374267578125,148.35588991182468,145.1584317038633,147.11244147126834,20527000
2026-05-07,144.65513610839844,145.14857018638108,142.29652181797798,144.87224830738384,22509400
2026-05-08,142.67153930664062,144.5761876566039,142.03006595775787,143.9347293661345,19550100
2026-05-11,147.7144317626953,147.75391492522851,144.08276384718866,144.10250542845526,14849500
2026-05-12,148.65196228027344,149.8164595321171,147.80325502310743,149.26381574762087,16443100
2026-05-13,149.57962036132812,149.79671751167356,147.71442500651165,148.0894397413527,15772800
2026-05-14,150.77371215820312,151.10924370941106,149.27366837965636,149.905263382453,11331500
2026-05-15,156.90402221679688,156.98350935726506,152.01567678266807,152.7608516688576,27882400
2026-05-18,159.45748901367188,160.6895017397437,154.23131965292822,156.30788510753027,20065200
2026-05-19,161.50424194335938,162.2692924138743,158.612959712182,160.46099405822483,20715600
2026-05-20,155.27456665039062,162.62695246090524,155.2646364435186,160.57027775243373,18509700
2026-05-21,154.2909393310547,158.36456815663448,152.47272592771048,157.40080741244543,17061700
2026-05-22,153.92332458496094,154.54927634853834,152.1845831622433,153.039050982118,12948500
2026-05-26,148.84619140625,153.55570196228766,148.50838244281752,152.51245412992614,13057800
2026-05-27,146.948486328125,147.73341239068998,144.812324315,146.2827985604971,16241100
2026-05-28,146.01454162597656,149.2436327977562,145.9251091176085,148.37921962101078,14012500
2026-05-29,144.32546997070312,145.9847242712525,143.77902050285167,145.2494947353263,27959900
2026-06-01,148.41897583007812,148.6872278824595,146.05428259382654,146.07415816976595,16732100
2026-06-02,148.59780883789062,149.8596425847688,147.54463073444197,148.0712197861663,10462400
2026-06-03,151.5487060546875,153.91339931686977,149.05485944903873,149.6410600803893,14373000
2026-06-04,151.0618438720703,152.44290069957347,149.96892981929165,151.07178923986044,11799400
2026-06-05,148.9554901123047,151.15127878116928,148.33948372439218,151.0320404901442,16584000
2026-06-08,150.77371215820312,152.82045666526088,149.92917459257427,150.18751157814702,13870900
2026-06-09,147.95199584960938,150.1577147624696,146.82926081757435,149.93912891268184,18163500
2026-06-10,149.65098571777344,151.5089654358688,148.5978076229357,150.25706190677164,14596500
2026-06-11,145.6568603515625,151.5089666465856,145.47801049142424,151.32018657890387,17285800
2026-06-12,146.064208984375,147.95199447310367,144.21617464648634,144.69309749283448,17713100
2026-06-15,140.01339721679688,141.06657534019064,136.83398727052634,138.8409959581125,23631400
2026-06-16,140.9473419189453,141.2354695284117,139.07943207905402,139.28808771120796,18925400
2026-06-17,139.8345489501953,141.42424618882197,139.41725285653254,140.31145660572122,16663200
2026-06-18,136.92340087890625,137.5692282188612,134.97601897282365,137.43012951128387,48063400
2026-06-22,137.57916259765625,138.10575166092363,136.1384941196488,137.64870437324234,15783300
2026-06-23,138.83103942871094,139.486796941336,137.60895690836153,138.56278739587265,13699400
2026-06-24,136.01925659179688,136.75450130722126,134.7176868182312,136.23784244879812,16212900
2026-06-25,136.66506958007812,137.18172838415734,134.08179072030313,134.76735400327686,13288800
2026-06-26,135.66156005859375,136.6948776843146,135.04555369443563,136.08880152709986,22684200
2026-06-29,135.18466186523438,136.5061071911013,134.51897409848138,135.70132071428984,11972700
2026-06-30,135.8404083251953,136.4166786942443,134.45935154509178,135.6019469157409,28784000
2026-07-01,135.4032440185547,136.60546617741443,134.75743184534812,135.6516356483452,12433400
2026-07-02,136.20802307128906,138.24483735700704,135.45291801558523,136.26763463349974,13703300
2026-07-06,135.5622100830078,136.48621961272076,135.13496862214214,135.67150299991567,13915100
2026-07-07,140.7784423828125,140.82812374084455,137.24134800388697,137.6685743295943,14667800
2026-07-08,140.2220458984375,143.0636467131422,138.91053083290223,142.5171821025025,18291400
2026-07-09,136.57565307617188,139.14898658435814,136.2378289556867,138.7614962690738,14110200
2026-07-10,137.9865264892578,138.0759438396731,136.25771524478435,137.01282036043938,9753500
2026-07-13,143.58029174804688,144.29566085231056,139.58616526996687,140.013391594685,18724300
2026-07-14,144.15655517578125,145.06070430003604,142.9642784465353,144.57385127298625,16096400
2026-07-15,143.58029174804688,144.15656214651605,141.11625103370636,144.15656214651605,13444500
2026-07-16,145.0110321044922,145.92511149334146,143.62004502594374,144.3453443482853,13518000
2026-07-17,146.41195678710938,149.03497168229288,146.2231767306124,148.07121098589766,19031400
2026-07-20,147.40553283691406,148.13083216789195,145.28923125020256,145.55749846162485,12149200
2026-07-21,150.73397827148438,150.78364446729043,147.52474760584934,148.0513366306137,13145300
2026-07-22,153.4563446044922,153.80409894761962,151.96599483786918,152.87014400150304,13788700
2026-07-23,155.88064575195312,157.54984533591656,155.05598374734197,155.59251814100296,15822800
2026-07-24,155.93032836914062,157.6889453127249,154.67842488089144,155.98000972608443,12091600
2026-07-27,153.7742919921875,154.420104155216,151.51889178426083,152.08523196835614,13955800
2026-07-28,152.055419921875,155.17521831898253,150.9028942324521,153.17815498792126,16299900
2026-07-29,155.74154663085938,158.04662815474293,154.85727306502608,156.7053073348219,14571300
2026-07-30,155.96014404296875,156.76493053038882,153.53583921231603,154.09223405988436,12578100
2026-07-31,154.4399871826172,155.1553563125088,151.16121453071767,152.7509270772818,15714200
2026-08-03,154.0624237060547,154.90696132074848,151.66792473036153,152.4727263545316,14532800
2026-08-04,152.96951293945312,153.84384119554895,148.13083352442996,150.6445556868725,14347900
2026-08-05,150.6544952392578,154.04254552700252,150.17757239730147,154.04254552700252,12227500
2026-08-06,153.84384155273438,153.87364733649875,150.8631418913171,153.227835140774,11879100
2026-08-07,152.055419921875,152.68137170710398,150.55513987163098,151.65799936147022,18455200
2026-08-10,158.76199340820312,159.33826383030498,153.45635163451644,153.50603299447087,19761600
2026-08-11,158.7719268798828,160.62989135010667,158.2453378571924,158.6328281788065,13744500
2026-08-12,158.7222442626953,159.19915192536513,156.54633125837117,157.5299675257101,13219500
2026-08-13,157.58958435058594,158.73217976988673,156.4171679882901,157.0133139569994,10542800
2026-08-14,159.07000732421875,160.22253297554738,158.22546971049474,158.68251698441384,10231300
2026-08-17,161.4600067138672,162.50999450683594,159.08999633789062,160.10000610351562,12858100
