ticker,publishedAt,headline,summary,source,category
PG,2026-08-07 11:52:56,Argus Research Downgrades Procter & Gamble to Hold,Argus Research  analyst Taylor Conrad   downgrades Procter &amp; Gamble (NYSE:PG) from Buy to Hold.,Benzinga,company
PG,2026-08-07 13:12:19,"Deal Dispatch: Bending Spoons Acquires Airtable, Bain Capital Buys Gong Cha Global, Salad and Go Bankruptcy","Major M&amp;A deals include Visa buys BioCatch, Apollo Global nabs EasyJet, QVC emerges from Chapter 11 bankruptcy.",Benzinga,company
PG,2026-08-07 13:45:22,"SpaceX initiation, Apple downgrade among today's top calls on Wall Street","SpaceX initiation, Apple downgrade among today's top calls on Wall Street",Yahoo,company
PG,2026-08-07 17:54:38,"Dividend Champion, Contender, And Challenger Highlights: Week Of August 9","Weekly dividend activity roundup for Dividend Champions, Contenders & Challengersâsee dividend changes, upcoming ex-dividend dates and pay dates here.",SeekingAlpha,company
PG,2026-08-07 20:31:00,Argus Research Downgrades Procter & Gamble (PG),,Fintel,company
PG,2026-08-07 23:05:56,The 4% Rule vs. a Dividend Paycheck: Which Makes $1.25 Million Last Longer?,"A $1.25 million nest egg can fund a very different retirement depending on one number: your withdrawal yield. The gap between a conservative dividend portfolio and an aggressive one swings your annual income by tens of thousands of dollars, but the safer-looking choice does not always win.",Yahoo,company
PG,2026-08-07 23:58:48,Procter & Gamble (PG) Q4 2026 Earnings Call Transcript,P&G navigates $1B cost headwind while guiding 1-3% organic sales growth for fiscal 2027.,Yahoo,company
PG,2026-08-08 01:35:26,"The Portfolio Blueprint for Building $50,000 a Month in Dividend Income","Chasing a $50,000 monthly dividend stream sounds like a math problem, but the yield you pick determines whether your portfolio funds four decades of freedom or quietly cannibalizes itself while the checks keep arriving.",Yahoo,company
PG,2026-08-08 09:30:20,BofA Sounds Alarm On Extreme Bullishness. These ETFs Offer a Defensive Play,Investors can stay in equities while reducing risk by rotating from high-beta AI stocks into defensive sectors.,Benzinga,company
PG,2026-08-08 16:00:53,"Why PG, JNJ, and KO Could Surprise Investors Next Year","Consumer sentiment is flashing recession warnings, yet three blue-chip dividend legends are quietly building cases for returns that would shock most defensive investors heading into 2027.",Yahoo,company
PG,2026-08-08 21:37:08,How Much Do You Need Invested to Out-Earn the Average Social Security Check With Dividends?,"Replicating a Social Security check with dividends sounds straightforward until you realize the yield you chase determines whether your income grows, stalls, or quietly disappears over the next two decades.",Yahoo,company
PG,2026-08-09 02:14:47,"How a 52-Year-Old Can Turn $425,000 Into a Monthly Paycheck Machine by 62","A $425,000 nest egg can generate wildly different monthly paychecks depending on where you put it, but chasing the biggest number often destroys the very asset you need to last through your 70s.",Yahoo,company
PG,2026-08-09 06:12:37,What Could Procter & Gamble (PG) Chairman Change Mean After Jon Moeller Retires?,"Procter & Gamble (NYSE:PG) appointed Shailesh Jejurikar as Chairman of the Board, succeeding Jon R. Moeller following his retirement after 38 years at the company. The board transition shifts leadership at the top of Procter & Gamble’s governance structure as Moeller steps down from his role as Executive Chairman. Investors are watching the handover closely, given the potential long term implications for company culture, operations, and board oversight. For readers tracking long term...",Yahoo,company
PG,2026-08-09 13:00:33,Wall Street Is Betting P&G’s Dividend Growth Ends. The Cash Flow Suggests That’s Not Happening,"Procter & Gamble just logged its 70th consecutive dividend increase, yet Wall Street has turned skeptical, pointing to tariff costs, margin compression, and guidance at the lower end of its range. The cash flow statement is telling a completely different story.",Yahoo,company
PG,2026-08-09 18:35:14,P&G’s (PG) $3.8B Wellness Deal Collides With a Costly Outlook,"Procter & Gamble (NYSE:PG) is buying its way into wellness. On August 4, L Catterton announced it had signed a definitive agreement to sell Thorne, a science-backed health and wellness brand, to Procter & Gamble for $3.8 billion in cash. The deal lands a day after an August 3 analysis flagged a fiscal 2027 earnings […]",Yahoo,company
PG,2026-08-09 19:35:00,This Dividend Stock's Moat Is as Wide as It Gets. 3 Reasons to Buy and Hold Forever.,This consumer staples Dividend King is down nearly 20% since its 2024 high despite its industry-leading business.,Yahoo,company
PG,2026-08-10 09:35:00,I've Been Writing About Procter & Gamble Stock for Years. Here's Why My Conviction Has Never Been Higher.,"This dividend royalty keeps proving that steady execution, smart innovation, and shareholder-friendly capital allocation are a winning long-term formula.",Yahoo,company
PG,2026-08-10 11:50:00,Looking to Generate Passive Income From Stocks? 3 Unstoppable Dividend Stocks to Buy Now.,"These blue-chip consumer companies -- Procter & Gamble, McDonald's, and Coca-Cola -- offer reliable, growing dividends backed by resilient businesses and strong cash flow.",Yahoo,company
PG,2026-08-10 13:00:51,3 Boring but Brilliant Stocks to Buy in August,"While the rest of the market chased AI headlines and flinched at every tariff rumor, three famously unglamorous stocks kept raising their dividends and quietly compounding wealth. Here is why August may be the right moment to pay attention.",Yahoo,company
PG,2026-08-10 13:45:39,"We Said These 4 Dividend Aristocrats Could Soar. Here’s How They Did, Plus 3 New Picks.","Four Dividend Aristocrats were flagged as stealth growth plays a year ago, and the results cut sharply in two directions. See which names delivered and which stumbled, plus three fresh picks where the dividend coverage story is quietly getting stronger.",Yahoo,company
PG,2026-08-10 17:34:13,188-year-old Dividend King just unlocked unexpected growth engine,"There are stocks you own for growth. There are stocks you own for income. And then there are the rare ones where a business that appeared to be doing the slow, reliable work of a dividend compounder suddenly shows you something you were not expecting. Procter and Gamble has done exactly that with ...",Yahoo,company
PG,2026-08-11 03:10:28,"How a 65-Year-Old Turned a $950,000 401(k) Rollover Into a $4,500 Monthly Paycheck Without Buying an Annuity","Pulling $54,000 a year from a $950,000 rollover IRA sounds like a math problem, but the real trap is hidden in the yield tier you choose and what it quietly does to your principal over time.",Yahoo,company
PG,2026-08-11 09:50:00,The Dow Is Outperforming the S&P 500 and Nasdaq in 2026. 3 Unstoppable Dow Stocks to Buy in August.,This trio of Dow giants could be worth a closer look this August.,Yahoo,company
PG,2026-08-11 12:06:00,"Old Spice Introduces This Year’s Limited-Edition Fallidudes Collection, Serving Up Peak Fall Freshness with Pumpking, Apple Crumbro and Frankenstud","CINCINNATI, August 11, 2026--Pumpkin spice may have met its match. This fall, Old Spice is bringing fresh energy to the season with the seasonal return of its limited-edition Fallidudes Collection. This year's lineup features three bold characters: Pumpking, Apple Crumbro and Frankenstud. Inspired by the scents that define autumn, the collection delivers long-lasting freshness with a playful twist, helping guys smell incredible from hayrides to haunted houses.",Yahoo,company
PG,2026-08-11 12:25:00,"Here's How Many Shares of Procter & Gamble You'd Need for $10,000 in Yearly Dividends.","Procter & Gamble has one of the longest dividend increase streaks of any American company, but it's not inexpensive to wring $10,000 in year payouts from this stock.",Yahoo,company
PG,2026-08-11 12:40:40,5 Dividend Kings That Blew Away Q2 Earnings Are Sizzling Summer Bargains,"Five Dividend Kings just posted blockbuster second-quarter results in a market that rewards almost nothing, and one of them happens to be Warren Buffett's favorite long-term hold. Defensive income investors take note: bargains this reliable rarely show up in a frothy summer market.",Yahoo,company
PG,2026-08-11 15:14:36,"Procter & Gamble (PG) Issues 2027 Guidance, Is The Stock Expensive?","Procter & Gamble (PG) has just updated investors with full year 2027 guidance, new quarterly earnings expectations, and fresh details on capital returns, including dividends and share buybacks, all released alongside its latest annual results. See our latest analysis for Procter & Gamble. At a share price of $146.44, Procter & Gamble has seen a 3.28% year to date share price return, while the 1 year total shareholder return is down 2.73%. This signals momentum that is still relatively muted...",Yahoo,company
PG,2026-08-11 21:54:43,Tracking AMG's Yacktman Asset Management Portfolio - Q2 2026 Update,,SeekingAlpha,company
PG,2026-08-12 10:10:21,"Kimberly-Clark: Temporary Headwinds, Strong Innovation And Kenvue Synergies Support A Buy","Kimberly-Clark looks good, supported by a strong innovation pipeline, international growth, and the Kenvue acquisition. See why I rate KMB stock a Buy.",SeekingAlpha,company
PG,2026-08-12 11:20:00,3 Rock-Solid Dividend Kings That Have Raised Their Dividend Payments for Over 60 Years,"These stocks have terrific track records for dividend growth, and they're likely to continue raising their payouts for the foreseeable future.",Yahoo,company
PG,2026-08-13 08:20:00,"All It Takes Is $17,000 Invested in This High-Yield Dividend King Stock to Generate Over $500 in Yearly Dividends","Procter & Gamble isn't a flashy company, but its dividend will appeal to investors looking for a payout they can count on.",Yahoo,company
PG,2026-08-13 21:03:01,"How a 64-Year-Old Turned an $880,000 401(k) Rollover Into a $5,200 Monthly Paycheck Without Buying an Annuity","Rolling $880,000 into a self-directed IRA sounds like a clean break from the 9-to-5, but generating $5,200 a month from that balance forces a choice between safety and survival that most retirement calculators never show you.",Yahoo,company
PG,2026-08-13 21:30:43,"Washington Mutual Investors Fund, AWSHX, Refuses to Buy Certain Stocks. That’s the Point","Washington Mutual Investors Fund runs on a set of rules that permanently ban certain companies from its portfolio, no matter how attractive the price. Whether that constraint helps or hurts shareholders is a more complicated story than most screened-fund pitches suggest.",Yahoo,company
PG,2026-08-14 08:01:57,Jim Cramer Said Kimberly-Clark Corporation (NYSE:KMB) + Kenvue Could Take On P&G – But Is He Right?,Personal care products provider Kimberly-Clark Corporation (NYSE:KMB)’s shares are down by 17% over the past year and are up by 9% year-to-date. It is currently undergoing a major transformation through acquiring Kenvue. Cramer has discussed Kimberly-Clark Corporation (NYSE:KMB)’s acquisition several times and linked its performance with consumer goods giant Procter & Gamble. In his morning […],Yahoo,company
PG,2026-08-14 19:10:06,What's going on in today's session: dow jones movers,Join us in exploring the top gainers and losers within the dow jones index one hour before the close of the markets on Friday as we examine the latest happenings in today's session.,ChartMill,company
PG,2026-08-16 08:24:32,Church & Dwight: Volume-Driven Growth And Margin Recovery Support A Buy,,SeekingAlpha,company
PG,2026-08-17 19:55:27,The Hidden Winners Inside SCHD - August 2026,"SCHD is beating SPY amid volatilityâsee top-performing, undervalued dividend stocks, YTD leaders, and 10%+ upside potential.",SeekingAlpha,company
PG,2026-08-19 02:09:18,Why Procter & Gamble Remains a Dividend Powerhouse After 70 Years,"The Procter & Gamble Company (NYSE:PG) has reached a milestone that very few companies can match. In April 2026, the consumer staples giant increased its dividend for the 70th consecutive year, extending a record that makes it one of the most dependable dividend companies in the market. P&G has also paid a dividend for 136 […]",Yahoo,company
PG,2026-08-19 10:24:42,How Much Do You Need Invested at 55 to Bridge the Gap Until Social Security at 62?,"Retiring at 55 sounds like freedom, but seven years without a paycheck or Social Security creates a funding gap that destroys most portfolios before the first benefit check ever arrives. The yield tier you choose now determines whether you cross that bridge or fall through it.",Yahoo,company
PG,2026-08-19 15:51:00,3M's Consumer Segment Struggles Amid Soft Demand: What's Next?,"MMM's Consumer segment faces weak demand, but cost management, portfolio strength and innovation could support growth ahead.",Yahoo,company
PG,2026-08-19 16:20:00,3 Reasons to Buy and Hold This Wide-Moat Dividend King's Stock Forever,It's rare for any company to be able to remain in a position to dominate its markets. This one is a compelling exception.,Yahoo,company
PG,2026-08-20 18:43:00,Walmart Just Posted Its Weakest US Sales Growth in Six Years: 2 Dividend Kings Built for a Squeezed Consumer,"Walmart just flashed a consumer stress signal that income investors cannot afford to ignore, and two Dividend Kings with decades of unbroken payout growth may be the only safe harbor left for retirees watching their portfolio checks.",Yahoo,company
PG,2026-08-21 14:00:00,Charmin is Officially Putting Bad Roommate Bathroom Behavior on Trial with the Forever Roll,"CINCINNATI, August 21, 2026--Shared living often means shared tensions, and in the court of roommate living, leaving an empty toilet paper roll may be the ultimate offense. Yet every day, unsuspecting roommates walk into the bathroom only to discover they've been left stranded. That’s where the drama begins. Charmin’s Roommate Trials is here to help roommates get their sh*t together with the Forever Roll, because the one thing everyone shares should never run out.",Yahoo,company
PG,2026-08-21 15:35:00,Looking to Generate Passive Income From Stocks? 3 Magnificent High-Yield Dividend Stocks to Buy Now,Three Dividend Kings with 50-plus years of raises could pay you for decades.,Yahoo,company
PG,2026-08-21 16:40:05,Stay informed with the top movers within the dow jones index on Friday.,Stay informed about the performance of the dow jones index in the middle of the day on Friday. Uncover the top gainers and losers in today's session for valuable insights.,ChartMill,company
PG,2026-08-21 17:51:00,Is Colgate Stock a Buy as Growth Improves but Valuation Stays Rich?,"CL enters the second half with better volumes, resilient margins and a higher earnings outlook, but rich valuation and U.S. weakness temper the upside.",Yahoo,company
PG,2026-08-21 17:56:00,Colgate Raises 2026 Profit Outlook After Q2 Earnings Beat and Margin Gains,"CL raised its 2026 profit outlook after a Q2 earnings beat and 140-basis-point margin gain, while higher costs and North America remain risks.",Yahoo,company
PG,2026-08-21 18:54:00,Clorox Stock Jumps 13.1% in a Month. Can the Gains Keep Building?,"CLX's rebound faces margin pressure, muted underlying demand and weaker earnings revisions despite GOJO and ERP tailwinds.",Yahoo,company
PG,2026-08-21 18:56:00,Is Clorox Stock Worth Buying as GOJO Growth Meets Margin Pressure?,"CLX's GOJO-led growth faces margin pressure, muted core demand and inflation risks, leaving investors focused on a durable recovery.",Yahoo,company
PG,2026-08-21 19:10:05,Discover which dow jones stocks are making waves on Friday.,Wondering what's happening in today's session for the dow jones index? Stay informed with the top movers within the dow jones index on Friday.,ChartMill,company
PG,2026-08-21 19:21:00,How GOJO Could Shape Clorox's Fiscal 2027 Growth and Margin Outlook,"CLX's GOJO deal boosts fiscal 2027 sales, but inflation, acquisition costs and margin pressure could limit underlying growth.",Yahoo,company
PG,2026-08-22 00:11:15,Is P&G’s Everyday Innovation Push With Charmin and Swiffer Quietly Shaping Its Brand Moat (PG)?,"In recent weeks, Procter & Gamble’s Charmin and Swiffer brands rolled out new consumer products and campaigns, including the Charmin Forever Roll “Roommate Trials” initiative and the Swiffer Hair Magnet launch with hair expert Jen Atkin. These moves highlight how P&G continues to refresh mature household categories through marketing-led innovation aimed at everyday pain points in shared living and home cleaning. We’ll now examine how P&G’s focus on everyday product innovation, exemplified by...",Yahoo,company
PG,2026-08-22 22:35:00,This Under-the-Radar Healthcare Stock Yields Nearly 8.5%. Here's Whether That Income Is Too Good to Be True.,"Perrigo makes private-label over-the-counter drugs, which sounds like a reliable business, but there are warning signs to consider before you buy it.",Yahoo,company
PG,2026-08-23 12:00:58,3 Dividend Stocks to Buy Before August Ends and Hold for Life,"While speculation runs hot and patience gets punished, three Dividend Kings with unbroken raise streaks spanning decades just posted results that made long-term holders take notice, and two of them are sitting at rare discounts heading into September.",Yahoo,company
PG,2026-08-24 04:52:31,Best Dividend Kings: August 2026,"Dividend Kings beat the S&P 500 YTD, with 30 topping SPY and 25 looking undervalued with 10%+ return potential.",SeekingAlpha,company
PG,2026-08-24 18:33:19,"Congressman Buys Magnificent Seven Stock, Blue Chip Stock — And a Stock You’ve Never Heard Of","A congressman bought a Magnificent Seven stock and a blue-chip stock, but it&#39;s his other stock pick and a low market capitalization that bears watching.",Benzinga,company
PG,2026-08-25 16:40:06,Top dow jones movers in Tuesday's session,Join us in exploring the top gainers and losers within the dow jones index in the middle of the day on Tuesday as we examine the latest happenings in today's session.,ChartMill,company
PG,2026-08-26 06:05:00,Retirement Income On Autopilot: 3 Dividend Growth Machines To Buy On The Dip,,SeekingAlpha,company
PG,2026-08-26 08:00:00,SCHD And STK: A 3%+ Income Barbell,"STK yields 3.56% with special distribution potential, while SCHD's 2.98% yield reflects strong price appreciation. Check out the strategy with SCHD and STK here.",SeekingAlpha,company
PG,2026-08-26 11:08:45,Hotter PCE Inflation: 5 Defensive ETFs Investors Can Turn to as Rate-Cut Hopes Fade,Hotter-than-expected inflation could keep rates higher. These ETFs offer potentially steadier exposure amid persistent price pressures.,Benzinga,company
PG,2026-08-27 16:40:07,Exploring the top movers within the dow jones index during today's session.,Let's have a look at the top dow jones gainers and losers in the middle of the day of today's session.,ChartMill,company
PG,2026-08-27 18:13:52,Build Monthly Income With These 3 Bulletproof Dividend Stocks,"Three quarterly dividend payers from the S&P 500 can cover every calendar month without touching a single REIT or BDC, and one of them has sent shareholders a check every year since Woodrow Wilson was president.",Yahoo,company
PG,2026-08-27 19:38:20,"This $1.75 Million Portfolio Pays $10,200 a Month From Three Income Buckets",Chasing a 7% blended yield across a $1.75 million portfolio sounds straightforward until you realize that loading up on the highest payers quietly destroys the very income stream you built. Three buckets solve the problem in ways that a single fund simply cannot.,Yahoo,company
PG,2026-08-28 05:28:40,Best Dividend Aristocrats For September 2026,"Dividend Aristocrats (NOBL) nearly match SPY in 2026, with top gainers, rising dividend growth, and 29 undervalued picksâsee which to buy now.",SeekingAlpha,company
PG,2026-08-28 13:43:54,"What a $1.55 Million Portfolio Actually Pays After Taxes, Medicare Premiums, and Reality","A seven-figure portfolio looks like security until federal taxes, Medicare surcharges, Social Security phase-ins, and inflation each take their share. What actually clears into your checking account from $1.55 million depends on decisions most retirees never see coming.",Yahoo,company
PG,2026-08-28 14:41:00,"Cashing Out a Pension or Taking the Monthly Check? The Dividend Answer for a $610,000 Lump Sum","A $610,000 pension lump sum sounds like freedom, but the monthly check comes with a guarantee that a dividend portfolio simply cannot replicate. Before you sign anything, there are three numbers that expose which choice actually leaves you better off.",Yahoo,company
PG,2026-08-28 21:35:00,"Dividend Yield, Explained: Why I'm Holding High-Yield Stocks My Conviction Ratings Flag as ""Strong Buys""",Dividend yield is a tool I use that tells me much more than just the income an investment generates.,Yahoo,company
PG,2026-08-29 11:42:30,Why The Fed Might Raise Rates Despite August Job Declines,,SeekingAlpha,company
PG,2026-08-29 18:19:21,Is Procter & Gamble Stock Underperforming the Nasdaq?,"While Procter & Gamble has notably underperformed the Nasdaq Composite recently, analysts remain moderately optimistic about the stock’s prospects.",Yahoo,company
PG,2026-08-30 20:10:00,Tracking Terry Smith's Fundsmith 13F Portfolio - Q2 2026 Update,"Fundsmith's 13F portfolio rose to ~$13.65B in Q2 2026, expanding holdings from 34 to 41. Click here to read more about the portfolio.",SeekingAlpha,company
PG,2026-08-31 13:05:22,Marvell Q2: Buying This Dip Looks Premature,Marvell Technology beat on Q2 results and Q3 guidance and raised FY27 and FY28 revenue. Click here to read this earnings analysis of MRVL stock.,SeekingAlpha,company
PG,2026-08-31 13:05:22,How AI And De-Dollarization Could Reshape SCHD,The Schwab U.S. Dividend Equity ETF has a phenomenal dividend growth track record over the past 14 years. Read more on SCHD ETF here.,SeekingAlpha,company
PG,2026-08-31 16:05:00,The Best Dividend Stock for 2027 and Beyond: Procter & Gamble,Procter & Gamble is a dividend stock to own for dependable income and long-term peace of mind.,Yahoo,company
PG,2026-08-31 16:23:00,Is P&G Stock Worth Buying as Growth Slows and Valuation Stays Rich?,"PG enters fiscal 2027 with modest growth and a valuation premium, as productivity, innovation and robust cash returns support its investment case.",Yahoo,company
PG,2026-08-31 16:23:00,P&G Fiscal 2027 Outlook Brings an 8% Core EPS Headwind Into Focus,"PG faces an 8% fiscal 2027 core EPS headwind from higher input costs, financing expense, lower non-operating income and currency pressures.",Yahoo,company
PG,2026-08-31 16:53:10,These 3 Dividend Stocks Have Survived Every Recession Since 1970. Retirees Trust Them for a Reason.,"Three consumer giants have kept raising their dividends through oil shocks, financial crises, and every other economic storm since 1970, and the cash flow numbers behind their streaks reveal why retirees treat them less like investments and more like utilities.",Yahoo,company
PG,2026-08-31 20:41:01,These 3 Dividend Stocks Make a Strong Case for Skipping XLP,"XLP holds dozens of consumer staples names, but a handful of its biggest positions tell completely different stories about yield, growth, and value that the ETF quietly blurs together.",Yahoo,company
PG,2026-08-31 23:26:37,Procter & Gamble (PG) Faces New Shareholder Proposals Ahead Of October 2026 Meeting,"Procter & Gamble (NYSE: PG) faces multiple shareholder proposals on governance ahead of its October 2026 annual meeting. Investor groups are pushing for lower thresholds to call special meetings and tighter rules on shareholder proposal eligibility. Shareholders have also filed proposals seeking more detailed reporting on the company’s charitable contributions. Procter & Gamble has filed a proxy statement urging votes against several of the initiatives, while advocacy groups campaign...",Yahoo,company
PG,2026-09-01 00:57:25,Why P&G’s 3% Yield Could Matter More to Long-Term Dividend Investors,"The Procter & Gamble Company (NYSE:PG) remains one of the most established dividend-growth companies in the market. At a roughly 3.00% yield, P&G may not look particularly exciting to investors searching for high current income. But for dividend-growth investors, the more important question is what that income stream can become over time. P&G increased its […]",Yahoo,company
PG,2026-09-01 09:30:00,4 Reasons Why SCHD May Be In A Trouble (Rating Downgrade),,SeekingAlpha,company
PG,2026-09-01 14:00:00,Febreze and Dunkin’® Brew Up a First-Of-Its-Kind Scent Collection,"CINCINNATI, September 01, 2026--Today, Febreze and Dunkin’ announced a first-of-its-kind limited-edition scent collection that pairs Febreze’s odor-fighting power with fragrances inspired by some of Dunkin’s most iconic coffee and bakery favorites. Available exclusively at Walmart, the lineup features three indulgent fragrances that bring the unmistakable aromas of a Dunkin’ run into homes and cars nationwide:",Yahoo,company
PG,2026-09-01 14:00:00,"Tide Expands Free & Gentle Line for the First Time in Over 30 Years with New Light Scented Innovation, Fresh & Gentle","CINCINNATI, September 01, 2026--For the first time in over 30 years, Tide Free & Gentle has launched a second addition to its existing portfolio with the release of the NEW Tide Fresh & Gentle with Coastal Oasis Scent, delivering the trusted, superior clean consumers expect from Tide, but now with a light, dermatologist-tested scent.",Yahoo,company
PG,2026-09-01 14:05:16,Why Procter & Gamble’s Quieter Dividend Outpaces Johnson & Johnson’s Growth Story,"Both Johnson and Johnson and Procter & Gamble just refreshed decades-long dividend streaks, but one company has a corporate event on the horizon that has derailed other legendary payout records before.",Yahoo,company
PG,2026-09-01 15:37:01,Reckitt Gets a Baby Formula Break,"Shares jumped after Mead Johnson won a key US trial, easing one of the biggest legal clouds hanging over the group.",Yahoo,company
PG,2026-09-01 16:10:14,European Equities Traded in the US as American Depositary Receipts Edge Higher in Tuesday Trading,European equities traded in the US as American depositary receipts were trending slightly higher lat,Yahoo,company
PG,2026-09-01 16:53:30,Dow Jones Industrial Average Dividend Winners: These 5 Stocks Yield 2.9% or More,"The Dow Jones Industrial Average trades near record highs. While this is good news for investors, it has lowered the dividend yield of some of the key 30 components since the start of the year.



While some dividend",Benzinga,company
XOM,2026-09-01 17:55:43,Gulf Coast Refineries Pour Cold Water on Trump’s 65-Billion-Barrel Venezuelan Victory Lap,"Trump just claimed rights to more oil than exists beneath all 50 states combined, but the Gulf Coast refiners responsible for turning that crude into gasoline have a very different reaction than the White House expected.",Yahoo,company
XOM,2026-09-01 18:51:37,Sector Update: Energy Stocks Rise Tuesday Afternoon,"Energy stocks were higher Tuesday afternoon, with the NYSE Energy Sector Index rising 1.1% and the S",Yahoo,company
XOM,2026-09-01 19:04:14,People Forget Amazon’s $600 Billion E-Commerce Business Is Bigger Than Microsoft,"Amazon's e-commerce empire quietly rivals some of the world's largest corporations, yet investors keep treating it as the boring half of the business. Understanding what each division is actually worth changes everything about how you see the stock.",Yahoo,company
PG,2026-09-01 19:10:05,Stay informed with the top movers within the dow jones index on Tuesday.,Get insights into the dow jones index performance on Tuesday. Explore the top gainers and losers within the dow jones index in today's session.,ChartMill,company
XOM,2026-09-01 19:30:00,Energy ETFs to Watch as US-Venezuela Sign Historic Oil Deal,Energy ETFs could benefit as the U.S.-Venezuela oil deal drives long-term investment in Venezuela's oil infrastructure.,Yahoo,company
PG,2026-09-01 22:06:41,Estée Lauder (EL) Stock Looks Undervalued On Cash Flow Yet Fair On Sales,"Estée Lauder Companies stock has had a difficult five year run, yet the current valuation picture is more nuanced, with the Discounted Cash Flow (DCF) intrinsic value estimate pointing to meaningful upside while market based multiples look closer to fair. The share price is down 67.7% over five years, which means any recovery case now leans heavily on how much earnings and cash flows can rebuild from here. Recent progress in revenue growth and margins may support the DCF based upside case...",Yahoo,company
PG,2026-09-02 02:07:50,How Investors Are Reacting To Merit Medical Systems (MMSI) New Global Operations Leadership Transition,"In August 2026, Merit Medical Systems announced that Sheri Lewis would join as Executive Vice President of Global Operations, bringing three decades of global manufacturing and supply chain experience from SkinHealth Systems, Avantor, Medtronic, and Honeywell, while long-time operations leader Mr. Peterson shifted to a Senior Advisor role through March 2027 to support continuity. This leadership transition highlights Merit's focus on strengthening global operations and supply chain...",Yahoo,company
XOM,2026-09-02 03:15:41,Future Possibilities When The Strategic Petroleum Reserve Runs Out,Oil supply from strategic petroleum reserves is not materially impacting the market. Read why the Iranian situation is the key driver of current shortages.,SeekingAlpha,company
PG,2026-09-02 04:00:00,"Campaign Connect Indonesia 2026 to spotlight growth, AI and the evolving role of marketing leaders","As Indonesia's marketing landscape continues to evolve amid changing consumer expectations and rapid advances in AI, senior marketing leaders will gather at the third edition of Campaign Connect Indonesia on 23 September 2026 at AYANA Midplaza Jakarta to explore how brands can drive sustainable growth while staying relevant to consumers.",Yahoo,company
XOM,2026-09-02 07:12:16,ExxonMobil Holdings (XOM) Could Be 3% Undervalued On Shell Chemicals Bid Talk,"ExxonMobil Holdings (XOM) is back in focus after reports that it is among several bidders for Shell’s U.S. chemicals business, a portfolio of four plants that could be valued near US$8b. ExxonMobil Holdings has ridden stronger oil prices and steady operational news to a 7.88% 90 day share price return and a 34.16% year to date share price return. Total shareholder return over five years is a very large 259.44%, suggesting momentum has recently been building rather than fading. Compare...",Yahoo,company
PG,2026-09-02 08:00:00,Composition of Suominen’s Shareholders’ Nomination Board,"Composition of Suominen’s Shareholders’ Nomination Board Suominen Corporation’s stock exchange release on September 2, 2026, at 10:00 a.m. (EEST) Suominen’s three largest registered shareholders, Ahlstrom Capital B.V., Etola Group Oy and Oy Etra Invest Ab, have nominated the following members to the Shareholders’ Nomination Board: Jyrki Vainionpää, President & CEO of A. Ahlström Oy, as a member appointed by Ahlstrom Capital B.V.Mikael Etola, CEO of Etola Group Oy, as a member appointed by Etola",Yahoo,company
PG,2026-09-02 08:59:14,"Oil spike, Fed data and 5% yields: - what’s moving markets","Investing.com - U.S. stock futures were little changed on Wednesday as investors remained cautious ahead of key U.S. economic data and the Federal Reserve’s Beige Book, while renewed U.S.-Iran strikes and a sharp rise in global bond yields kept risk appetite in check.",Yahoo,company
PG,2026-09-02 10:00:00,Yatsen Announces Second Quarter 2026 Financial Results,"Yatsen Holding Limited (""Yatsen"" or the ""Company"") (NYSE: YSG), a leading China-based beauty group, today announced its unaudited financial results for the quarter ended June 30, 2026.",Yahoo,company
XOM,2026-09-02 10:50:00,Big Oil vs. Midstream: Which Side of the Barrel Pays Better Right Now?,Energy stocks currently offer high dividend yields.,Yahoo,company
XOM,2026-09-02 10:58:00,"Stock Market News for Sep 2, 2026",Wall Street closed lower on Tuesday to start September.,Yahoo,company
XOM,2026-09-02 11:00:21,Recent Filing Shows That Rep. Kevin Hern Sold Over $224K Worth of Home Depot Stock,"An official report on September 1, 2026 reveals Representative Kevin Hern&#39;s recent sale of Home Depot (NYSE:HD) stock, valued between $224,028 and $835,000. The transaction took place on August 24, 2026, as per the",Benzinga,company
PG,2026-09-02 11:30:00,Cresco Labs Acquires Nine Pennsylvania Dispensaries in Accretive Transaction to Strengthen Market Leadership,"CHICAGO, September 02, 2026--Cresco Labs Inc. (CSE: CL) (OTCQX: CRLBF) (FSE: 6CQ) (""Cresco Labs"" or the ""Company"") today announced the closing of its acquisition of 100% of the outstanding equity interests in PharmaCann Penn, LLC (""PharmaCann"") for an aggregate consideration of US$50 million (the ""Transaction""). The Transaction consists of nine operational retail medical marijuana dispensaries in Pennsylvania, advancing Cresco’s leadership position in the second-largest medical marijuana market,",Yahoo,company
PG,2026-09-02 11:52:23,2 S&P 500 Stocks to Target This Week and 1 That Underwhelm,"The S&P 500 (^GSPC) is home to the biggest and most well-known companies in the market, making it a go-to index for investors seeking stability. But not all large-cap stocks are created equal - some are struggling with slowing growth, declining margins, or increased competition.",Yahoo,company
PG,2026-09-02 12:31:19,Chevron to invest $7 billion in Venezuela after new joint venture deal,"Investing.com -- Chevron said Wednesday it has reached updated terms with Venezuela for its joint ventures in the country and will invest more than $7 billion over the next five years, aiming to lift production to about 600,000 barrels per day.",Yahoo,company
XOM,2026-09-02 12:38:01,Chevron unveils $7 billion Venezuela deal as US claims a fifth of the country's oil,"Chevron announced a $7 billion expansion deal for its Venezuelan operations on Wednesday, hours after the country's parliament approved handing Washington control over a fifth of its oil reserves.View on euronews",Yahoo,company
PG,2026-09-02 13:25:00,"Patriot Resources Corp. Announces CSE Conditional Approval, Filing of Listing Statement and Information Circular, and Shareholder Meeting to Approve Its Change of Business","news wire services or for dissemination in the United StatesVANCOUVER, BC / ACCESS Newswire / September 2, 2026 / (TSXV:MAGA.H) (""Patriot"" or the ""Company"") is pleased to announce that it has received conditional approval from the Canadian Securities Exchange (the ""CSE"") to list its common shares (the ""Shares"") in connection with its previously announced acquisition of the Liberty Ridge Property in Elko County, Nevada from Tungsten Eagle Development Corp.",Yahoo,company
PG,2026-09-02 14:02:00,Yatsen Q2 Earnings Call Highlights,"Yatsen (NYSE:YSG) reported second-quarter 2026 revenue growth of 5.1% as continued strength in its skincare portfolio offset a sharp decline in color cosmetics sales, while higher inventory provisions and increased marketing spending widened the company’s losses. Total net revenue rose to RMB1.14 b",Yahoo,company
XOM,2026-09-02 14:13:46,"FuelCell Sinks 13% as Wider Loss Overshadows First Data Center Reservation Deal, Bloom Energy Slips, Plug Power Barely Budges","FuelCell Energy's first data center reservation deal was supposed to be a turning point, but a surprise charge just sent the stock tumbling and raised fresh questions about whether the company can close the gap between its cost structure and its contracts before more damage lands.",Yahoo,company
PG,2026-09-02 14:17:00,6 Safe Dividend Aristocrats Yielding Up to 4.7% to Buy as Tech Cools Off,"Medtronic, McCormick and T. Rowe Price are among the stocks that have outperformed the S&P 500 over the past three months—and have dividend yields of at least 3%.",Yahoo,company
XOM,2026-09-02 14:47:02,Chevron's big bet: Why its $7B Venezuelan oil investment makes sense,"Chevron (CVX) will invest $7 billion in Venezuela over the next five years to double its crude oil (CL=F, BZ=F) production there. This comes just days after the US entered a major oil deal with Venezuela, buying up a large portion of the country's oil production rights. Morning Brief host Julie Hyman discusses the details with Politico senior reporter Sam Sutton and Semafor business reporter Rohan Goswami.",Yahoo,company
PG,2026-09-02 15:06:00,Procter & Gamble Fabric & Home Care Trends Mixed: Is Growth Ahead?,"PG's Fabric & Home Care shows mixed trends as U.S. Fabric Care improves, Home Care slips and innovation lifts growth in Tide.",Yahoo,company
PG,2026-09-02 16:01:00,"Disclosure of total number of voting rights and number of shares  in the capital at August 31, 2026","French limited company (Société anonyme) with registered capital of 106,529,962.80 eurosRegistered office: 14, rue Royale, 75008 Paris632 012 100 R.C.S. ParisLegal Entity Identifier: 529900JI1GG6F7RKVI53 Disclosure of total number of voting rights and number of sharesin the capital at August 31, 2026 Pursuant to article L-233-8 II of the French “Code de Commerce” and 223-16 of the AMF's General Regulations: Total number of shares532,649,823Number of real voting rights (excluding treasury shares)",Yahoo,company
PG,2026-09-02 16:30:04,Clorox (CLX) Down 9.3% Since Last Earnings Report: Can It Rebound?,Clorox (CLX) reported earnings 30 days ago. What's next for the stock? We take a look at earnings estimates for some clues.,Yahoo,company
PG,2026-09-02 16:40:06,Which dow jones stocks are moving on Wednesday?,Join us in exploring the top gainers and losers within the dow jones index in the middle of the day on Wednesday as we examine the latest happenings in today's session.,ChartMill,company
XOM,2026-09-02 17:55:00,Striking Oil: How the U.S. Play for Venezuela Fuels Supermajors,"U.S. pursuit of a stake in Venezuelan oil rights amid Middle East supply risks could benefit Chevron, ExxonMobil, and Halliburton, whose recent earnings and stock gains reflect this energy shift.",Yahoo,company
PG,2026-09-02 18:21:22,"2 Dividend Kings, 1 Clear Winner: P&G vs. Colgate","Both Procter & Gamble and Colgate-Palmolive just cut checks to shareholders within days of each other, but one of these Dividend Kings carries a coverage cushion and valuation profile that separates it decisively from the other.",Yahoo,company
XOM,2026-09-02 18:45:54,Cramer Called the September Open Unholy and Then Named the One Stock He Would Still Buy,"Jim Cramer called the September market open unholy, rattled off geopolitical chaos, and then named exactly one stock worth buying above $200. Whether the fundamentals behind that call survive the noise is a harder question than it looks.",Yahoo,company
PG,2026-09-02 19:10:06,Discover which dow jones stocks are making waves on Wednesday.,Get insights into the dow jones index performance on Wednesday. Explore the top gainers and losers within the dow jones index in today's session.,ChartMill,company
PG,2026-09-03 01:03:00,Dyson built a $499 toothbrush with a camera inside it,The camera is the feature everyone will talk about. The refill schedule is the business.,Yahoo,company
XOM,2026-09-03 03:05:08,"Two Utility Dividend Plays Are Quietly Beating XOM, CVX On Yield Amid Iran-Driven Oil Rally — Does Retail Know?","Duke Energy and WEC Energy Group are among the top dividend stocks in the market, according to a recent report from Morningstar.",Yahoo,company
PG,2026-09-03 07:55:37,Dogs Of The Dow: No Buys And Few Worth Watching,"Dogs of the Dow look overvalued, with no must-buy dividend signals.",SeekingAlpha,company
PG,2026-09-03 09:00:00,Zefiro Engages MZ Group to Lead Strategic Investor Relations and Shareholder Communications Program,"Bradford, Pennsylvania--(Newsfile Corp. - September 3, 2026) - ZEFIRO METHANE CORP. (CBOE CA: ZEFI) (FSE: Y6B) (OTCQB: ZEFIF) (the ""Company"", ""Zefiro"", or ""ZEFI"") a North American environmental services company specializing in methane abatement and the plugging of orphaned and end-of-life oil and gas wells, today announced the engagement of international investor relations specialists MZ Group (""MZ"") to lead a strategic investor relations and financial communications program across all key...",Yahoo,company
PG,2026-09-03 09:30:00,"Layoff plans trended down in August, and fewer companies are blaming AI","For the first time this year, AI wasn't the top driver of layoff announcements in August.",Yahoo,company
PG,2026-09-03 13:00:00,"P&G to Webcast Fireside Chat From the Barclays Global Consumer Staples Conference, September 10","CINCINNATI, September 03, 2026--Andre Schulten, Chief Financial Officer of The Procter & Gamble Company (NYSE:PG) will be a featured speaker at the Barclays Global Consumer Staples Conference on Thursday, September 10, 2026, at 8:15 A.M. ET (Eastern Time).",Yahoo,company
PG,2026-09-03 13:07:18,3 Consumer Stocks That Concern Us,"Regarded as defensive investments, consumer staples stocks are generally safe bets in choppy markets. The flip side is that they frequently fall behind growth industries when times are good, and this perception became a reality over the past six months as the sector was down 4.4% while the S&P 500 was up 12%.",Yahoo,company
XOM,2026-09-03 13:18:53,"Piper Sandler Maintains Neutral on ExxonMobil Holdings, Raises Price Target to $185",Piper Sandler  analyst John Royall   maintains ExxonMobil Holdings (NYSE:XOM) with a Neutral and raises the price target from $158 to $185.,Benzinga,company
XOM,2026-09-03 13:36:09,Exxon’s Dividend Looks Safe Today—But What If Oil Prices Tumble?,"Exxon just raised its dividend even as crude briefly cratered below $58 a barrel, and the company says free cash flow could double by 2030. Whether that math holds if oil tumbles again is exactly what dividend investors need to understand before buying in.",Yahoo,company
XOM,2026-09-03 13:50:00,"2 Energy Dividend Stocks With Growing Payouts, Led by ExxonMobil","They can be lucrative, income-paying pieces in your portfolio.",Yahoo,company
PG,2026-09-03 15:42:22,There's no end in sight for Campbell's quarterly sales declines: AlphaSpace,Market Catalysts host Julie Hyman uses the AlphaSpace platform to take a closer look at one of Thursday's trending stories: Campbell's (CPB) reporting its fourth consecutive drop in quarterly sales.,Yahoo,company
XOM,2026-09-03 15:52:12,Chevron CEO Says Patience Paid Off in Venezuela,Years of political risk may finally deliver unusual economics,Yahoo,company
PG,2026-09-03 16:02:20,Hershey finance exec succeeds retiring CFO,"Dave Hulays is taking the candy and snack giant's finance reins from Steven E. Voskuil, who served as CFO for seven years.",Yahoo,company
PG,2026-09-03 19:05:27,Procter & Gamble (PG) Stock Could Be 25% Undervalued On Cash Flow,"Procter & Gamble stock currently trades with a mixed valuation picture. The intrinsic value estimate using a Discounted Cash Flow (DCF) approach points to value that is below the current market price, while the broader scoring framework still flags the shares as neither a clear bargain nor clearly expensive. Over the past 5 years the stock has returned 16.1%, which suggests a moderate long term outcome for investors who stayed invested through that period. Future cash flow from Procter &...",Yahoo,company
PG,2026-09-03 19:10:05,Discover which dow jones stocks are making waves on Thursday.,Stay informed about the performance of the dow jones index one hour before the close of the markets on Thursday. Uncover the top gainers and losers in today's session for valuable insights.,ChartMill,company
PG,2026-09-04 08:30:51,Procter & Gamble: Minimal EPS Growth On The Horizon Limits The Upside,"Procter & Gamble's 2.95% dividend yield is now less compelling than risk-free Treasuries, with slowing dividend growth. Read more on PG stock here.",SeekingAlpha,company
XOM,2026-09-04 13:13:33,ExxonMobil (XOM) Was Excluded From A White House Oil Meeting,"ExxonMobil Holdings (NYSE:XOM) was left out of a recent White House meeting of major oil executives on US gasoline prices, according to people familiar with the talks. The gathering focused on refinery capacity and retail fuel pricing, and the administration pressed attending companies on actions that could affect US drivers. ExxonMobil was reportedly excluded after prior political friction related to its comments on potential investments in Venezuela. The move raises fresh questions about...",Yahoo,company
XOM,2026-09-04 14:46:00,Can ExxonMobil Benefit From the Current Energy Market Tightness?,XOM gain from higher oil prices and tighter refining capacity as Guyana and Permian growth strengthen its near-term profit setup.,Yahoo,company
PG,2026-09-04 18:12:48,3 All-Weather Dividend Stocks That Keep Writing Bigger Checks,"Some dividend stocks raise their payouts through one recession, maybe two. A handful of consumer staples names have kept writing bigger checks through every downturn for decades, and the cash flow behind that streak is more durable than most investors realize.",Yahoo,company
XOM,2026-09-04 19:27:42,Exxon Falls While Diesel Margins Explode to $108,"Record diesel economics favor Exxon's refining arm, but the stock still followed crude lower.",Yahoo,company
XOM,2026-09-04 22:57:21,"Dividend Champion, Contender, And Challenger Highlights: Week September 6","Explore this weekâs dividend updates for Dividend Champions, Contenders & Challengersâsee dividend changes, upcoming ex-dividend and pay dates.",SeekingAlpha,company
XOM,2026-09-05 08:14:38,Trump’s state capitalism comes to the oil industry with his unprecedented Venezuela deal,The deal comes eight months after Washington ousted former President Nicolás Maduro in a military raid.,CNBC,company
PG,2026-09-05 10:36:11,"Republican Congressman Bearish on Stocks? $7 Million+ Sold in 2026, Including 28 Recent Moves",A member of Congress recently unloaded over 20 stocks and continues a history of selling this year.,Benzinga,company
PG,2026-09-05 11:25:00,"Even With the S&P 500 at All-Time Highs, I'd Buy This High-Yield Dividend Stock Without Any Hesitation in September.",This 3% yielding consumer staple looks like a solid buy on the dip.,Yahoo,company
PG,2026-09-05 14:37:34,3 Dividend Kings Built to Keep Raising Your Income When Rates Rise,"Treasury yields near a one-year high are punishing most dividend stocks, but a handful of Dividend Kings kept signing bigger checks every single quarter without missing a beat. The question is whether their balance sheets can keep that streak alive.",Yahoo,company
PG,2026-09-05 15:25:00,"Here's How Many Shares of Procter & Gamble You'd Need for $15,000 in Yearly Dividends","Although this consumer staples stock has underperformed the market, it should be a top choice for income investors.",Yahoo,company
XOM,2026-09-05 18:13:00,Why I Just Added to My Chevron Position Despite Trump Criticism,"Speculation that Chevron is about to close two major oil-field deals in Venezuela ""trumps"" White House knocks on the company.",Yahoo,company
PG,2026-09-06 06:20:00,The S&P 500's Yield Is at Historic Lows. Here Are 3 Dividend Stocks I'd Buy in September.,Dividend investors can find amazing yields among the largest consumer brands.,Yahoo,company
XOM,2026-09-06 20:35:01,Chevron Stayed in Venezuela for 20 Years While Rivals Left. Here's Why Its CEO Says Patience Pays Off.,Chevron's patience is paying big dividends.,Yahoo,company
XOM,2026-09-06 22:00:00,Oil Majors Seek Bigger Bargaining Power in Labor Disputes,"Big Oil is taking a tougher stance in labor negotiations, with BP and Marathon using refinery lockouts to push for concessions from unionized workers.",Yahoo,company
XOM,2026-09-07 07:24:00,Papua New Guinea: TotalEnergies Takes Decisive Steps Towards Final Investment Decision on Papua LNG,"PARIS, September 07, 2026--TotalEnergies (Paris:TTE) (LSE:TTE) (NYSE:TTE) announces that Papua LNG has achieved major contractual and commercial milestones, marking decisive steps towards a Final Investment Decision. Thanks to the close cooperation with the authorities of Papua New Guinea and Papua LNG partners, the following key milestones have now been achieved:",Yahoo,company
PG,2026-09-07 07:45:00,Procter & Gamble: A Dividend King Facing A New Consumer Reality,Procter & Gamble remains a Hold as valuation offers limited margin of safety amid ongoing macro and consumer headwinds. Click to read this PG stock update.,SeekingAlpha,company
XOM,2026-09-07 08:20:00,Santos Boosts Papua LNG Stake as ExxonMobil Takes Operatorship,Santos is increasing its exposure to the Papua LNG project in a $189 million deal as ExxonMobil prepares to take control of operations.,Yahoo,company
XOM,2026-09-07 08:30:00,"TotalEnergies Cuts Papua LNG Cost to $14 Billion, Exxon to Become Operator","Papua LNG moves closer to a final investment decision after major cost, ownership and commercial changes.",Yahoo,company
XOM,2026-09-07 09:50:06,TotalEnergies Cuts Papua LNG Costs To $14 Billion After Project Optimization,"TotalEnergies advances Papua LNG toward FID after completing key commercial milestones, finalizing contract amendments and reducing estimated costs to $14 billion.",Benzinga,company
PG,2026-09-07 12:35:00,1 Stat That Makes Procter & Gamble Hard to Ignore This September,The consumer staples company has consistently raised its dividend for seven decades now.,Yahoo,company
XOM,2026-09-07 13:22:29,ExxonMobil to Acquire Papua LNG Operatorship from TotalEnergies,"TotalEnergies said the transfer, which also involves a farm-down by the French majority owner, will help bring the project closer to a final investment decision.",Yahoo,company
PG,2026-09-07 14:00:04,Here is What to Know Beyond Why Procter & Gamble Company (The) (PG) is a Trending Stock,"Zacks.com users have recently been watching P&G (PG) quite a bit. Thus, it is worth knowing the facts that could determine the stock's prospects.",Yahoo,company
PG,2026-09-07 14:40:21,"Which Defensive Stock Has Dominated in 2026: Coca-Cola, Johnson & Johnson, or Procter & Gamble?","Three defensive blue chips entered 2026 promising safety, but their returns split into wildly different tiers, and the reason one name lapped the others exposes a fault line in how investors define defensive in the first place.",Yahoo,company
XOM,2026-09-07 15:59:34,TotalEnergies to transfer Papua LNG operatorship to ExxonMobil,"TotalEnergies will sell a 9.1% interest, calculated after the back-in of Kumul Petroleum, to its Papua LNG partners.",Yahoo,company
XOM,2026-09-07 16:00:00,Can Iraq Really Replace Saudi Arabia As The Middle East’s Top Oil Producer?,"Iraq is targeting oil production of 8–10 million bpd within six years, potentially challenging Saudi Arabia as the Middle East’s largest producer.",Yahoo,company
PG,2026-09-07 16:58:00,Procter & Gamble Margins Under Pressure: Time to Stay Cautious?,"PG faces a $1.4 billion after-tax earnings headwind in fiscal 2027 as rising costs, FX pressure and other factors weigh on margins.",Yahoo,company
XOM,2026-09-07 17:50:00,2 Safe High-Yield Energy Dividend Stocks You've Probably Never Heard Of,Kimbell Royalty Partners and The Williams Companies deserve a lot more attention.,Yahoo,company
XOM,2026-09-07 19:05:12,TotalEnergies Gains 1.5% After Cutting Papua LNG Exposure by One-Third,Operatorship moves to Exxon while TotalEnergies preserves 1.5 million tonnes of annual supply.,Yahoo,company
PG,2026-09-07 19:26:00,Should Investors Buy KVUE as Margin Gains Offset Slow Sales Growth?,"Kenvue's profit margins and cash flow improved in the first half, but modest sales growth, debt and uneven segment trends keep the risk-reward balanced.",Yahoo,company
PG,2026-09-07 19:28:00,Kenvue's Kimberly-Clark Deal Nears Closing With Key Risks Still Ahead,"KVUE nears its planned combination after shareholder and U.S. antitrust clearances, while margin, debt and legal risks temper the Q4 2026 outlook.",Yahoo,company
PG,2026-09-07 20:37:07,Jim Cramer Discusses Procter & Gamble (PG) Valuation and Growth,"During the September 3 episode of Mad Money, a caller asked for Jim Cramer’s current opinion of The Procter & Gamble Company (NYSE:PG), and he replied: Okay, this is something Jeff Marks and I from the club kick around, and we’re both kind of heartsick about it. We know that Procter has no growth. So […]",Yahoo,company
XOM,2026-09-07 22:03:28,"ExxonMobil: Profits Ahead Amid Higher Oil, Cost Savings, Lower Debt","ExxonMobil Q2 saw record upstream output, $18.9B free cash flow, and $5.1B in buybacks. Read why XOM stock is a Buy.",SeekingAlpha,company
XOM,2026-09-07 23:41:56,Piper Sandles Sees ExxonMobil (XOM) Heading Toward New Highs,"ExxonMobil Holdings Corporation (NYSE:XOM) is the largest oil company in the United States, and one of the largest integrated energy companies in the world. The stock has rallied by 30% since the beginning of 2026 and even hit its all-time high earlier in March, driven primarily by the soaring oil prices and solid earnings amid […]",Yahoo,company
XOM,2026-09-08 04:08:46,ExxonMobil: Buy Only If You Believe The War Premium Will Last,"ExxonMobil integrated model, Guyana and Permian growth, and global trading offset significant volume losses. Read more on XOM stock here.",SeekingAlpha,company
XOM,2026-09-08 08:29:37,"'Kazakhstan suspends proceedings to recover $5 bln from the NCOC oil consortium, IFX reports' - Reuters",https://www.reuters.com/business/energy/kazakhstan-suspends-proceedings-recover-5-bln-ncoc-oil-consortium-ifx-reports-2026-09-08/,Benzinga,company
XOM,2026-09-08 08:37:54,"Chevron's Project Kilby, Venezuela, And Why The Stock Is So Appealing Here","Chevron is a direct beneficiary of the Iran war and the resulting higher commodity prices for oil, gasoline, diesel, and chemicals while global strategic...",SeekingAlpha,company
XOM,2026-09-08 09:20:00,ExxonMobil's CEO Called Venezuela 'Uninvestable.' Trump Says It's Going In Anyway. Here's Why Investors Should Pay Attention.,Chevron's recently expanded agreement in Venezuela could provide a blueprint for Exxon's return.,Yahoo,company
XOM,2026-09-08 09:22:39,Energy stocks rise premarket as oil prices climb on Middle East supply fears,"Investing.com -- Shares of major U.S. energy companies gained in premarket trading Tuesday, tracking a rise in oil prices after Iran warned that Gulf oil and gas infrastructure could be targeted in retaliation for attacks on its own assets.",Yahoo,company
XOM,2026-09-08 09:30:01,"Hormuz Risk, $100 Oil and 4 ETFs Investors Must Watch","Iran-Hormuz tensions are pushing Brent toward $100. Here’s how BNO, USO, XLE and XOP could respond to a potential oil supply shock.",Benzinga,company
XOM,2026-09-08 09:59:04,"Premarket movers: Energy stocks rise on Iran tensions, Eaton jumps on UBS upgrade","Investing.com -- U.S. stock futures fell early Tuesday, kicking off a shortened trading week as Wall Street monitored the U.S.-Iran conflict alongside rising trade tensions between Canada and the U.S. Futures tied to the Dow Jones Industrial Average fell 0.8% by 05:30 ET (09:30 GMT). S&P 500 futures fell 0.3% and Nasdaq-100 futures slipped 0.1%. U.S. markets were closed Monday for Labor Day.",Yahoo,company
XOM,2026-09-08 10:12:16,U.S. Energy Stocks Rise Premarket as Brent Approaches $100,Shares of major U. S. energy companies moved higher in premarket trading on Tuesday as crude oil prices extended their gains amid concerns about potential disruption to Middle East energy supplies.,Yahoo,company
JNJ,2026-09-08 11:50:13,JEPI Is an Income Machine—But These 3 Dividend Stocks Don’t Cap Your Upside,"JEPI's monthly paycheck looks irresistible until you see exactly what the fund surrenders to produce it. Three Dividend Kings quietly sidestep that tradeoff, and the difference compounds in ways most income investors never stop to calculate.",Yahoo,company
PG,2026-09-08 11:50:13,JEPI Is an Income Machine—But These 3 Dividend Stocks Don’t Cap Your Upside,"JEPI's monthly paycheck looks irresistible until you see exactly what the fund surrenders to produce it. Three Dividend Kings quietly sidestep that tradeoff, and the difference compounds in ways most income investors never stop to calculate.",Yahoo,company
JNJ,2026-09-08 12:00:00,"Johnson & Johnson spotlights new neuropsychiatry data across bipolar mania, depression and schizophrenia at Psych Congress 2026","Johnson & Johnson (NYSE: JNJ) today announced that 24 abstracts featuring clinical data and real-world evidence across the neuropsychiatry portfolio will be presented at the 2026 Psych Congress Annual Meeting (September 15-19, New Orleans, LA).",Yahoo,company
XOM,2026-09-08 12:22:07,Brent crude nears $100 as Houthi strikes hit Saudi oil sites,"Houthi drones and ballistic missiles struck Saudi Aramco facilities Tuesday, wounding 73 people and deepening fears of a wider U.S.-Iran conflict",Yahoo,company
XOM,2026-09-08 12:30:48,Chevron Stock Is Near a Record High. Here’s Why the Rally May Not Be Over,"Chevron has surged more than 42% this year and is brushing against a 52-week high, but the real question is whether the fundamentals driving that run can hold at these prices or whether the easy money is already gone.",Yahoo,company
JNJ,2026-09-08 12:40:06,Want Dividends to Pay Your Medicare Premiums? Here’s How Much You Need,"Medicare Part B premiums keep climbing, and Social Security checks keep shrinking to cover them. Three Dividend Kings with very different yields and coverage profiles could shift that math entirely in a retiree's favor.",Yahoo,company
XOM,2026-09-08 13:00:00,ExxonMobil: Cash Tender Offers for Outstanding 2030 1.900% Senior Notes and 2031 2.150% Senior Notes,"SPRING, Texas, September 08, 2026--ExxonMobil Holdings Corporation (""ExxonMobil"") (NYSE: XOM) today announces that its wholly owned subsidiary, Pioneer Natural Resources Company (the ""Offeror"") is offering to purchase for cash any and all of its outstanding $1,100,000,000 1.900% Senior Notes due 2030 (the ""2030 Notes"") and $1,000,000,000 2.150% Senior Notes due 2031 (the ""2031 Notes"", and together with the 2030 Notes, the ""Notes"").",Yahoo,company
XOM,2026-09-08 13:06:40,Options Action: Energy options heat up,CNBC’s Oliver Renick joins ‘Halftime Report’ to discuss the latest Options Action in the Energy Sector.,CNBC,company
JNJ,2026-09-08 13:45:00,5 Defensive Stocks to Watch as CPI and the Fed Put the Rally to the Test,"Ahead of CPI data and the Fed's rate decision, defensive stocks McDonald's, Johnson & Johnson, Walmart, Berkshire Hathaway, and NextEra Energy offer stability and dividends amid market uncertainty.",Yahoo,company
XOM,2026-09-08 14:35:00,ExxonMobil Has Raised Its Dividend 43 Years Running. Here's the One Year the Streak Almost Broke.,"ExxonMobil is one of the most reliable dividend growers in the U.S., but that dependability was threatened in a big way in 2020.",Yahoo,company
JNJ,2026-09-08 14:36:34,What Merck Stopped Saying About GARDASIL Should Change What You Watch,"Merck (MRK) has returned about 85% over the past year and at about $150 trades roughly 4% below its 52-week high. A year ago, management spent earnings calls managing fallout from a steep drop in GARDASIL sales. That problem has left the lead. What management opens with instead is a much larger claim, and it settles years from now.",Yahoo,company
XOM,2026-09-08 15:03:00,Imperial Oil Stock Rises 49% YTD: Time to Hold or Lock in Profits?,"IMO's 49% year to date rally is backed by strong cash flow and Kearl growth plans, but costs, commodity swings and refinery cuts temper upside.",Yahoo,company
PG,2026-09-08 15:05:00,5 Magnificent Dividend Stocks to Buy in September (1 Yields 5.3%),These all-weather stocks should pay you forever.,Yahoo,company
JNJ,2026-09-08 15:10:12,Cramer Says It’s Time To Buy The Dip on JNJ,"Jim Cramer called the JNJ dip a buying opportunity live on air, but the data behind his reasoning had already been published hours earlier, and the stock's recent performance tells a very different story than a typical defensive play.",Yahoo,company
XOM,2026-09-08 15:13:18,Oil Prices Are Once Again on the Brink of $100,"Oil prices surge toward $100 as Houthi attacks, U.S. strikes on Iranian tankers and renewed Middle East tensions rattle markets.",Yahoo,company
JNJ,2026-09-08 16:40:06,What's going on in today's session: dow jones movers,Wondering what's happening in today's session for the dow jones index? Stay informed with the top movers within the dow jones index on Tuesday.,ChartMill,company
JNJ,2026-09-08 17:08:51,Is AbbVie Stock Too Reliant On Skyrizi?,"AbbVie (ABBV) trades at $256.46, roughly 96% of its 52-week high, after returning 24.1% over the past twelve months against 19.7% for the S&P 500. That price buys a business where about a third of guided 2026 revenue comes from one drug. The market reads that concentration as strength. It is worth reading it the other way too.",Yahoo,company
JNJ,2026-09-08 17:39:47,Exclusive: J&J Snack Foods CEO sees a leaner business set up to return to growth,"Investing.com -- Between winding down some legacy operations, executing major cost-cutting initiatives and navigating skyrocketing freight and fuel costs, J&J Snack Foods is going through something of a transition year.",Yahoo,company
JNJ,2026-09-08 19:10:04,Stay informed with the top movers within the dow jones index on Tuesday.,Let's have a look at the top dow jones gainers and losers one hour before the close of the markets of today's session.,ChartMill,company
JNJ,2026-09-08 20:05:00,Protagonist Therapeutics Announces $300 Million Share Repurchase Program,"NEWARK, CA / ACCESS Newswire / September 8, 2026 / , Inc. (Nasdaq:PTGX) today announced that its Board of Directors has authorized a share repurchase program under which the Company may repurchase up to $300 million of its outstanding common stock.",Yahoo,company
PG,2026-09-08 20:31:00,Dawn® and Cascade® Team Up with Ann Michael Maye to Make Game Day Cleanup Fast and Easy and Give Fans a Chance to Score a Trip to Super Bowl LXI,"CINCINNATI, September 08, 2026--As the 2026 NFL season kicks off, Dawn and Cascade, the Official Dish Cleanup Partners of the NFL, are drafting ""First Lady of New England"" Ann Michael Maye to help fans enjoy all the messy meals, game day spreads and holiday cooking, without dreading the cleanup that follows. From prepping her husband’s favorite lucky pregame snack and watching games at home to baking family recipes for the holidays, Maye will share how she relies on Dawn and Cascade to sideline",Yahoo,company
XOM,2026-09-08 21:22:20,Exxon Stays Flat as Kazakhstan Pauses a $5.06 Billion Threat,"Enforcement has stopped, but international arbitration means Kashagan's environmental dispute has not disappeared.",Yahoo,company
XOM,2026-09-09 04:18:27,Asian shares are mixed as Brent crude approaches $100 a barrel,"Asian shares were mixed in cautious trading Wednesday as investors watched for what might happen on interest rates and the war with Iran pushed oil prices higher.  Japan's benchmark Nikkei 225 lost 0.2% to 65,142.78, while South Korea's Kospi gained 1.4% to 7,051.64.  The Shanghai Composite gained 0.4% to 3,956.08.",Yahoo,company
XOM,2026-09-09 06:30:01,Trump's oil investments have gained millions during Iran war as his accounts keep trading,"Donald Trump retained major oil and gas investments as the Iran war has moved energy markets. CNBC analyzed his holdings, trades and estimated gains.",CNBC,company
XOM,2026-09-09 09:25:39,Oil Hits $100: Which Stocks And ETFs Win Or Lose?,"Brent topped $100 after US strikes on Iranian tankers. Refiners have doubled in 2026. Airlines, REITs and gold miners are on the wrong side.",Benzinga,company
JNJ,2026-09-09 09:51:07,"Reported September 8, 2026: 'Tylenol Use In Pregnancy May Be Linked With Uterus, Ovary Changes In Daughters' - Reuters News",https://www.reuters.com/business/healthcare-pharmaceuticals/tylenol-use-pregnancy-may-be-linked-with-uterus-ovary-changes-daughters-2026-09-09/,Benzinga,company
PG,2026-09-09 11:00:24,Texas Rep. Lloyd Doggett Bought Over $1K Worth of Procter & Gamble Stock: Here’s What You Should Know,"Records from September 8, 2026 indicate that Representative Lloyd Doggett of Texas made a purchase of Procter &amp; Gamble (NYSE:PG), valued between $1,001 and $15,000, with the transaction dated August 17, 2026 and",Benzinga,company
XOM,2026-09-09 11:26:01,"Step Aside, ExxonMobil: 2 Foundational AI Stocks Now Pay Larger Dividends",Two of Wall Street’s premier artificial intelligence (AI) stocks are set to pay approximately $24.2 billion and $27.1 billion in dividends over the next year.,Yahoo,company
XOM,2026-09-09 11:58:46,Trump oil and gas holdings gained up to $4.4M during Iran war,A CNBC analysis found Trump's 9 largest energy positions rose between $1.5M and $4.4M in the first six months of fighting,Yahoo,company
JNJ,2026-09-09 12:00:35,IPO Stock LB Pharma Has Tripled In Under A Year. Is It A Takeover Target?,LB Pharmaceuticals is on a tear. The IPO stock has more than tripled as investors watch its efforts in neuropsychiatric disorders.,Yahoo,company
XOM,2026-09-09 12:35:00,3 Stocks to Buy and Hold for Higher Interest Rates,"With rates staying higher for longer, JPMorgan, Exxon Mobil, and Alphabet stand out as rate-resistant stocks with strong balance sheets, cash flow, and dividend or buyback capacity.",Yahoo,company
XOM,2026-09-09 13:36:54,"Brent Tops $100 as Morgan Stanley Warns Oil, Rates Are ‘Main Risks’ to Stocks","Brent crude climbed above $100 a barrel Wednesday as Morgan Stanley warned that higher oil prices and interest rates remain the main near-term risks to stocks. Analysts led by chief U.S. equity strategist Mike Wilson said ""higher oil and rates...",Yahoo,company
JNJ,2026-09-09 13:57:04,Johnson & Johnson (JNJ) Presents at Wells Fargo 21st Annual Healthcare Conference Transcript,,SeekingAlpha,company
XOM,2026-09-09 14:05:24,"ExxonMobil Touts Permian Synergies, Guyana Cash Flow and LNG Growth at Barclays Conference","ExxonMobil (NYSE:XOM) Chief Financial Officer Neil Hansen said the company is relying on technology, project execution and operational performance to support long-term shareholder returns as energy markets navigate supply disruptions and higher refining margins. Speaking at the Barclays Energy-Powe",Yahoo,company
JNJ,2026-09-09 14:08:42,"How Large Does Your Portfolio Need to Be to Generate $12,500 a Month?","A seven-holding portfolio promising $12,500 a month sounds straightforward until you examine whose money is actually funding some of those distributions, and why the highest-yielding positions have the weakest claim to keeping their promises.",Yahoo,company
JNJ,2026-09-09 14:44:00,Tyra Biosciences Stock Plunges 22% as Bladder Cancer Pill Fails to Impress,"Tyra Biosciences and Johnson & Johnson are pursuing their own approaches to treating a common, early-stage form of bladder cancer.",Yahoo,company
XOM,2026-09-09 14:57:09,ExxonMobil Holdings Corporation (XOM) Presents at Barclays 40th Annual Energy-Power Conference Transcript,,SeekingAlpha,company
XOM,2026-09-09 15:29:00,WTI Crude Not Too Far From $100: Are Permian Stocks a Smart Watch Now?,"WTI crude above $95 and rising Permian output prospects put Diamondback Energy, ExxonMobil and Chevron in focus as oil prices stay strong.",Yahoo,company
XOM,2026-09-09 15:30:00,"ExxonMobil, ANPG Notch 20th Discovery in Angola's Block 15","ExxonMobil and ANPG confirm a 20th discovery in Angola's Block 15, as new fiscal terms pull fresh drilling into the deepwater block.",Yahoo,company
JNJ,2026-09-09 15:46:00,Tyra disappoints investors with bladder cancer data,"Remission rates observed in a Phase 2 trial fell short of Wall Street's expectations, though some analysts believe the company should see better results in late-stage testing.",Yahoo,company
XOM,2026-09-09 15:58:00,CVX's Operations & FCF Are Improving: Why Isn't ROIC Keeping Up?,"Chevron's production is up, costs are down, and FCF is strong but ROIC lags. Read on to learn what's driving the disconnect.",Yahoo,company
JNJ,2026-09-09 17:02:25,Johnson & Johnson Eyes High-End MedTech Growth as Cardiovascular Takes Center Stage,"Johnson & Johnson (NYSE:JNJ) MedTech Chairman Tim Schmid said the company remains confident it is delivering growth at the high end of its previously stated 5% to 7% operational market-growth range for the 2022 through 2027 period, citing a portfolio shift toward cardiovascular products, operating-m",Yahoo,company
JNJ,2026-09-09 17:45:08,"UiPath Slips 3% Despite Citi Buy Initiation and $23 Target, Pegasystems and C3.ai Lag","Citi just slapped a Buy rating on UiPath with a target nearly 70% above the current price, yet shares keep falling. Here is what the bull and bear camps are fighting over ahead of a high-stakes investor day that could flip the narrative.",Yahoo,company
JNJ,2026-09-09 18:06:50,BSX Stock: Is It Time To Buy Or Sell Puts?,"Trading near $45 a share, Boston Scientific (BSX) sits roughly 58% below its 52-week peak.  Instead of buying the dip outright, selling cash-secured put options allows investors to generate immediate income while locking in an even deeper entry point.  Sell a put option on BSX expiring 9/17/2027, with a strike price of $30.",Yahoo,company
XOM,2026-09-09 19:08:11,ExxonMobil Is Up 40% in 2026: Can Rising Oil Prices and Strong Earnings Boost XOM Stock to $200?,"ExxonMobil has already handed investors a stunning year-to-date gain, but whether the rally reaches $200 a share depends almost entirely on forces beyond the company's control. Here is what needs to go right and what could derail it.",Yahoo,company
PG,2026-09-09 19:10:04,Stay informed with the top movers within the dow jones index on Wednesday.,Curious about the top performers within the dow jones index one hour before the close of the markets on Wednesday? Dive into the list of today's session's top gainers and losers for a comprehensive overview.,ChartMill,company
JNJ,2026-09-09 19:10:04,Stay informed with the top movers within the dow jones index on Wednesday.,Curious about the top performers within the dow jones index one hour before the close of the markets on Wednesday? Dive into the list of today's session's top gainers and losers for a comprehensive overview.,ChartMill,company
JNJ,2026-09-09 19:12:40,Jim Cramer Picks J&J (JNJ) Over Eli Lilly (LLY) and Pfizer (PFE) Among These Healthcare Stocks,"On September 3, a caller asked whether to rotate out of artificial intelligence stocks and add to Eli Lilly and Company (NYSE:LLY) rather than chase Johnson & Johnson (NYSE:JNJ) or Cardinal Health (NYSE:CAH). Mad Money host Jim Cramer said: Well, I’ll tell you… I think it’s always good to look at Lilly as a stock […]",Yahoo,company
JNJ,2026-09-09 20:22:14,How Much Can ISRG Stock Still Move Against You?,"Intuitive Surgical (ISRG) has handed its owners a hard year. The stock is down 25% over the trailing twelve months while the S&P 500 returned 19.3%, and it now trades about 41% below its 52-week high. After a fall like that the natural hope is that the big moves are behind you. Options priced a year out say they are not.",Yahoo,company
JNJ,2026-09-09 20:41:43,What Eli Lilly Was Telling You While It Rationed Its Own Launches,"Eli Lilly (LLY) stock has gained about 56% over the past year, moving from $722.65 to $1,123.91. Before that run the company was doing something strange. It was deliberately selling less medicine than people wanted to buy, and it kept saying so out loud.",Yahoo,company
XOM,2026-09-09 21:45:02,Exxon Mobil Holdings (XOM) Rises As Market Takes a Dip: Key Facts,"Exxon Mobil Holdings (XOM) reached $164.23 at the closing of the latest trading day, reflecting a +2.22% change compared to its last close.",Yahoo,company
PG,2026-09-09 21:50:05,Procter & Gamble (PG) Suffers a Larger Drop Than the General Market: Key Insights,"The latest trading day saw Procter & Gamble (PG) settling at $142.64, representing a -2.02% change from its previous close.",Yahoo,company
JNJ,2026-09-09 21:55:29,Paying Off the House With Your 401(k) Feels Smart but Can Cost Six Figures. These 3 ETFs Are Why You Keep the Money Invested,"Wiping out your mortgage with one 401(k) withdrawal feels like a power move, but the tax bracket you land in that year tells a very different story about who actually wins.",Yahoo,company
XOM,2026-09-09 22:45:00,Why BP Is One of the Best Oil Stocks to Buy Right Now,"For investors seeking exposure to high oil prices without paying a premium valuation, BP looks like one of the best stocks to consider right now.",Yahoo,company
JNJ,2026-09-09 23:05:36,Could Icotyde Become Johnson & Johnson’s Next Blockbuster in China?,"Johnson & Johnson (NYSE:JNJ) has secured Chinese approval for Icotyde, its once-daily oral treatment for moderate-to-severe plaque psoriasis. The decision gives the company another route into a market where more than 8.4 million people are affected by psoriasis, according to J&J. Icotyde could appeal to patients who prefer a pill over an injectable treatment, potentially […]",Yahoo,company
XOM,2026-09-10 01:34:57,Why Is ExxonMobil Priced Above Peers With Fatter Margins?,"ExxonMobil (XOM) carries the highest earnings multiple in its peer group at 20.5 times, and it is not the best business in that group. Its operating margin ranks fourth of six, and its revenue growth ranks fourth of six as well. The premium is paying for something the standalone refiners don't get credit for; MPC and VLO trade at 13.4x and 15.6x, so it's likely the combination of upstream stability and downstream optionality that's priced in, not refining margins alone.",Yahoo,company
JNJ,2026-09-10 02:32:18,Amgen's Forward Multiple Looks Cheap Until You Price The Margins It Assumes,"Amgen (AMGN) trades at about $393 a share. On the last twelve months of adjusted earnings, that is a trailing multiple of about 23.3 times. With Prolia and XGEVA sales falling to biosimilar rivals, the multiple looks full. What the forecast underneath it asks for is a wider margin while the company funds MariTide.",Yahoo,company
JNJ,2026-09-10 07:48:30,"Johnson & Johnson Receives CE Marking For ACUVUE OASYS MAX 2-Week, New Reusable Contact Lens Featuring Proprietary MAX Technologies To Deliver Lasting Comfort And Clear Vision, Even At Day 14","New 2-week reusable contact lens brings advanced ACUVUE OASYS MAX technologies to deliver superior comfort and visual clarity to patients, even at day 14Expands the ACUVUE OASYS MAX portfolio with an advanced option for",Benzinga,company
XOM,2026-09-10 08:07:27,ExxonMobil Just Made Its 20th Discovery in a Block That's Produced 2.7 Billion Barrels. Here's What It Means for XOM Stock.,The latest discovery aligns well with management's stated aim of achieving 17% return on capital employed by 2030.,Yahoo,company
JNJ,2026-09-10 09:33:00,"China services trade fair showcases innovation, promotes openness","2026 China International Fair for Trade in Services BEIJING, Sept. 10, 2026 (GLOBE NEWSWIRE) -- The 2026 China International Fair for Trade in Services (CIFTIS) opened Wednesday in Beijing, as China steps up efforts to expand opening-up in services trade at the outset of the 15th Five-Year Plan period (2026-2030). Running through Sept. 13 at Shougang Park, a former industrial site and venue for the Beijing 2022 Winter Olympics, the fair has drawn participants from 90 countries, regions and inter",Yahoo,company
JNJ,2026-09-10 09:45:10,"HSBC Maintains Buy on Johnson & Johnson, Raises Price Target to $320",HSBC  analyst Rajesh Kumar   maintains Johnson &amp; Johnson (NYSE:JNJ) with a Buy and raises the price target from $290 to $320.,Benzinga,company
XOM,2026-09-10 09:55:00,TotalEnergies Finds More Oil In Angola,TotalEnergies discovers oil at Angola&#39;s Acacia-5 block with fast-track production plans. TTE stock outperforms as exploration expands.,Benzinga,company
JNJ,2026-09-10 10:30:00,2 Reasons Cooper Companies Stock Is By Far the Worst in the S&P 500 Today,"Contact lens maker  Cooper Companies  just sprung a surprise that no one saw coming.  The market had been looking ahead to the potential sale of its women’s health and fertility business CooperSurgical.  The stock tumbled more than 15% ahead of the open Thursday, by far the biggest faller in the  in premarket trading.",Yahoo,company
JNJ,2026-09-10 11:45:00,Johnson & Johnson Receives CE Marking for ACUVUE OASYS MAX Reusable Contact Lenses,"LIMERICK, Ireland, September 10, 2026--Johnson & Johnson receives CE Marking for ACUVUE OASYS MAX 2-Week, a new reusable contact lens featuring proprietary MAX technologies.",Yahoo,company
XOM,2026-09-10 12:02:51,What's Going on With Exxon Mobil Shares on Thursday?,ExxonMobil shares trade lower as Pioneer Natural Resources launches cash tender offers for $2.1 billion of outstanding senior notes due in 2030 and 2031.,Benzinga,company
PG,2026-09-10 12:57:05,The Procter & Gamble Company (PG) Presents at Barclays 19th Annual Global Consumer Staples Conference Transcript,,SeekingAlpha,company
JNJ,2026-09-10 13:00:00,"eXp University’s FastCAP Wins Two Gold Awards in Global Field Beating Out 3M, IBM, and Pepsi","Six-week agent training program recognized for sales performance and innovation after attracting more than 21,000 registrations. BELLINGHAM, Wash., Sept. 10, 2026 (GLOBE NEWSWIRE) -- eXp Realty®, the most agent-centric™ real estate brokerage on the planet and the core subsidiary of AGNT, Inc. (Nasdaq: AGNT), today announced that eXp University’s FastCAP program earned two Gold awards in the 2026 Brandon Hall Group Excellence Awards, an international competition featuring organizations including",Yahoo,company
PG,2026-09-10 14:05:31,"Procter & Gamble Targets Growth Rebound With AI, Supply Chain Overhaul","Procter & Gamble (NYSE:PG) CFO Andre Schulten said the consumer products company does not need to overhaul its long-standing strategy, but is making broad operational changes intended to improve execution, accelerate growth and strengthen productivity. Speaking at an investor conference, Schult",Yahoo,company
XOM,2026-09-10 14:46:22,"Oil Prices And Geopolitics Run Through U.S. Economy, And Globe (Video)","Global oil futures point to inflation as Beige Book data shows modest growth. Click for this look, including video, at the current energy situation. Click to view.",SeekingAlpha,company
JNJ,2026-09-10 15:05:02,Why Has AbbVie Gone Quiet About Humira?,"AbbVie (ABBV) has returned 23.3% over the past year, ahead of the S&P 500's (SPY) 18.5%, and the business behind that return has changed shape. Humira, the drug whose decline management once explained, took one sentence on the July 2026 earnings call. What that sentence no longer contains is the part a holder should look at.",Yahoo,company
XOM,2026-09-10 15:09:14,"‘I Am the House Now,’ Bessent Warns — But Bond Traders Keep Raising Yields Anyway","Scott Bessent declared himself the house and promised bond traders they were playing a losing hand against Washington. The bond market has been calling that bluff ever since, and the pressure is now spreading from Wall Street trading desks to homebuyers at the closing table.",Yahoo,company
XOM,2026-09-10 15:10:00,ExxonMobil Stock at a Premium: Opportunity or Reason to Stay Cautious?,"XOM's premium valuation contrasts with strong oil prices, low-cost upstream assets, a solid balance sheet and 43 years of dividend hikes.",Yahoo,company
JNJ,2026-09-10 15:54:00,AbbVie's Immunology Franchise: From Skyrizi & Rinvoq to What's Next,"ABBV's Skyrizi and Rinvoq drives immunology growth, while new indications, acquisitions and partnerships build its next wave.",Yahoo,company
XOM,2026-09-10 16:36:00,VALLOUREC BREAKS GROUND ON A PRODUCTION LINE IN BRAZIL FOR A NEW LINE PIPE THERMAL INSULATION COATING TECHNOLOGY,"VALLOUREC BREAKS GROUND ON A PRODUCTION LINE IN BRAZIL FOR A NEW LINE PIPE THERMAL INSULATION COATING TECHNOLOGY Meudon, September 10, 2026 – Vallourec, a world leader in premium tubular solutions, today broke ground on a new production line dedicated to Proxxima™ resin systems with Goldilocks™ subsea insulation technology (GDLX™) technology at its Serra facility in Espírito Santo, Brazil. This milestone marks a key step in the industrial deployment of the subsea thermal insulation technology li",Yahoo,company
XOM,2026-09-10 17:01:00,12 Energy Stocks for Dividend Investors as Oil Prices Rise,These energy companies are taking advantage of higher profits and lower valuations to reward investors.,Yahoo,company
JNJ,2026-09-10 17:05:54,Pfizer Stock Or Zoetis: Is The Comeback Worth Paying Up For?,"If you hold Pfizer (PFE) or Zoetis (ZTS), you hold the same idea: a branded medicine becomes a standard of care and keeps earning for years, in people or in animals. That is where it stops. Pfizer is buying replacements for older drugs losing exclusivity. Zoetis is cutting its effective price to keep the franchises it has. Same bet, two opposite defenses.",Yahoo,company
XOM,2026-09-10 17:46:51,Exxon Rally Fades as Brent Crude Jumps 4% Above $105,"Exxon retreats to $164.01 after initially climbing 2.1%, while Brent crude reaches $105.26 per barrel.",Yahoo,company
JNJ,2026-09-10 17:47:07,The Portfolio You Need to Generate $500 a Month in Dividend Income,Generating $500 a month from dividends sounds straightforward until you see how wildly the required capital swings depending on which stocks you pick and which trade-offs you are willing to accept.,Yahoo,company
JNJ,2026-09-10 17:57:34,JNJ Stock: Is the Rally Running Out of Steam?,"A healthcare titan is in a full sprint, but a recent stumble has investors asking if the best part of the race is already over.",Yahoo,company
JNJ,2026-09-10 18:24:00,Barron’s Got Cooper Wrong but the Contact-Lens Stock Now Looks Cheap,"Cooper Cos. stock has fallen about 25% since Barron’s recommended it, but a low valuation, aggressive share buybacks, and takeover potential bolster the bull case.",Yahoo,company
PG,2026-09-10 18:55:01,Cramer's lightning round: Buy Texas Pacific Land Corporation,"""Mad Money"" host Jim Cramer rings the lightning round bell, which means he's giving his answers to callers' stock questions at rapid speed.",CNBC,company
JNJ,2026-09-10 19:10:07,Which dow jones stocks are moving on Thursday?,Join us in exploring the top gainers and losers within the dow jones index one hour before the close of the markets on Thursday as we examine the latest happenings in today's session.,ChartMill,company
PG,2026-09-10 19:10:07,Which dow jones stocks are moving on Thursday?,Join us in exploring the top gainers and losers within the dow jones index one hour before the close of the markets on Thursday as we examine the latest happenings in today's session.,ChartMill,company
JNJ,2026-09-10 19:10:34,Merck Stock Vs. LLY: Why Is The Slower Grower More Expensive?,"In the high-stakes world of big pharma, the slower-growing giant now commands the higher price, forcing investors to decide what that premium is truly buying.",Yahoo,company
XOM,2026-09-10 20:39:14,ExxonMobil Holdings Corporation (XOM): Can a $14B Budget Unlock Papua LNG?,"ExxonMobil Holdings Corporation (NYSE:XOM) agreed to increase its Papua LNG interest from 28.7% to 34.1% and assume operatorship, as disclosed on September 7. The proposed ownership percentages reflect Papua New Guinea’s state participation rights. Papua LNG targets a fourth-quarter 2026 final investment decision, or FID. Santos Limited (ASX:STO) disclosed FID as a closing condition for […]",Yahoo,company
XOM,2026-09-10 22:59:01,Oil Just Topped $109. Is It Too Late to Buy Chevron (CVX)? History Has a Clear Answer.,"Every time oil has topped $110/barrel before, the result has been the same.",Yahoo,company
XOM,2026-09-11 03:24:06,"Trump's Surgeon General Pick Has Tobacco, Cola Stocks In Portfolio Even as Robert Kennedy Jr. Wages War On Sugary Drinks, Processed Food","President Trump&#39;s Surgeon General nominee Dr. Nicole Saphier disclosed investments in Philip Morris and other companies, agreeing to divest if confirmed.",Benzinga,company
JNJ,2026-09-11 03:24:06,"Trump's Surgeon General Pick Has Tobacco, Cola Stocks In Portfolio Even as Robert Kennedy Jr. Wages War On Sugary Drinks, Processed Food","President Trump&#39;s Surgeon General nominee Dr. Nicole Saphier disclosed investments in Philip Morris and other companies, agreeing to divest if confirmed.",Benzinga,company
XOM,2026-09-11 03:45:00,Second Quarter Earnings: A Rising AI Tide Lifts Many Sectors,,SeekingAlpha,company
XOM,2026-09-11 08:36:00,"The Zacks Analyst Blog Highlights ExxonMobil, BP and Chevron","ExxonMobil trades at a premium to peers, but high oil prices, strong production and a solid balance sheet support its outlook.",Yahoo,company
PG,2026-09-11 08:49:55,"Jim Cramer Recommends Buying This Energy Stock, Calling It ‘Very Inexpensive’","Jim Cramer favors Texas Pacific Land, calls Kailera his speculative pick, and criticizes P&amp;G, Ondas and Tractor Supply.",Benzinga,company
XOM,2026-09-11 08:54:47,"Saipem, Jan De Nul sign LoI for Mozambique Rovuma LNG project","The arrangement covers early engineering, procurement and technical services valued at around $12.7m (€11m).",Yahoo,company
XOM,2026-09-11 09:50:00,Diesel Prices Soar to $6 for First Time. The Fed’s Rate Decision Is Getting Simpler.,"A crucial day for inflation and the U.S. economy is off to a bad start.  Diesel prices have hit $6 a gallon for the first time in history and Brent crude oil prices are trading at around $105 a barrel—though they have fallen back from earlier highs of close to $110.  Consumer price index data for August, due to be released at 8.30 a.m. Eastern time, will be closely watched by investors and by Federal Reserve officials.",Yahoo,company
XOM,2026-09-11 10:44:04,TotalEnergies makes new oil discovery in Angola’s Block 17,"The development is set to increase Block 17 output by 6,000bpd, using spare capacity on the Pazflor FPSO.",Yahoo,company
PG,2026-09-11 11:35:52,Launch A Global Hit Product By Minding Your Time And Money,Looking to launch a popular product craved around the world? Don't count on luck. It takes thoughtful focus of your time and resources.,Yahoo,company
XOM,2026-09-11 11:47:41,"How Much Dividend Income Can You Buy With $250,000?","A $250,000 rollover sounds like a clean starting point until you realize yield alone is not the whole story, and only one name on this roster actually clears the current Treasury rate. Here is what the math, the coverage ratios, and 43-year dividend streaks reveal about building real income from a common account balance.",Yahoo,company
XOM,2026-09-11 12:27:00,Record Diesel Prices Make Fed’s Rate Decision for It,"Diesel prices have hit $6 a gallon for the first time in history and Brent crude oil prices are trading at around $105 a barrel—though they have fallen back from earlier highs of close to $110.  Consumer price index data for August, due to be released at 8.30 a.m. Eastern time, will be closely watched by investors and by Federal Reserve officials.  Cooler-than-expected CPI data later could shift the numbers and the timeline but it now seems to be a question of when the Fed will hike rates and how many times rather than whether they will.",Yahoo,company
XOM,2026-09-11 13:00:05,Here is What to Know Beyond Why ExxonMobil Holdings Corporation (XOM) is a Trending Stock,"Recently, Zacks.com users have been paying close attention to Exxon (XOM). This makes it worthwhile to examine what the stock has in store.",Yahoo,company
JNJ,2026-09-11 13:35:12,10 Health Care Stocks With Whale Alerts In Today’s Session,"This whale alert can help traders discover the next big trading opportunities.
Whales are entities with large sums of money and we track their transactions here at Benzinga on our options activity scanner.
Traders will",Benzinga,company
JNJ,2026-09-11 13:54:44,"IHE: Innovation Supports The Outlook, Valuation Limits Conviction","IHE trades at a P/E of 16.11x and is rated HOLD due to regulatory, patent, and concentration risks. Click for more details on the IHE fund.",SeekingAlpha,company
PG,2026-09-11 15:11:24,"These 5 Dividend Stocks Survived 2008, COVID and Every Recession Before Them","Chasing the fattest yield on the screen is a trap most income investors fall into, but a handful of companies have quietly raised their payouts through oil shocks, financial meltdowns, and a global pandemic without skipping a beat. The question is what they all have in common.",Yahoo,company
JNJ,2026-09-11 15:11:24,"These 5 Dividend Stocks Survived 2008, COVID and Every Recession Before Them","Chasing the fattest yield on the screen is a trap most income investors fall into, but a handful of companies have quietly raised their payouts through oil shocks, financial meltdowns, and a global pandemic without skipping a beat. The question is what they all have in common.",Yahoo,company
XOM,2026-09-11 15:15:00,3 Top Dividend Aristocrats To Own Near All-Time Highs,"Several Dividend Aristocrats, including Johnson & Johnson (JNJ), Coca-Cola (KO), and Exxon Mobil (XOM), are trading near all-time highs, reflecting bullish momentum driven by strong results or favorable operating conditions.",Yahoo,company
JNJ,2026-09-11 15:15:00,3 Top Dividend Aristocrats To Own Near All-Time Highs,"Several Dividend Aristocrats, including Johnson & Johnson (JNJ), Coca-Cola (KO), and Exxon Mobil (XOM), are trading near all-time highs, reflecting bullish momentum driven by strong results or favorable operating conditions.",Yahoo,company
JNJ,2026-09-11 15:26:00,Eli Lilly's Immunology Push Builds New Growth Engines Beyond GLP-1s,"LLY's immunology portfolio is gaining ground, with steady revenue growth, pipeline expansion and acquisitions broadening its next wave.",Yahoo,company
JNJ,2026-09-11 15:56:16,Richest NFL Team Owners List: Who’s Most Connected to Stock Market?,The list of NFL team owners includes billionaires and families. Some of them are well connected to publicly traded companies.,Benzinga,company
XOM,2026-09-11 16:22:00,ExxonMobil Finds More Hydrocarbons in Angola's Offshore Block 15,"XOM's Vicango East-01 well finds 82 feet of hydrocarbon-bearing sandstone in Angola's Block 15, marking its 20th discovery in 30 years.",Yahoo,company
PG,2026-09-11 17:42:00,Procter & Gamble Stock Looks Pricey: What's the Best Move Now?,"PG's premium valuation, weak price momentum and cost pressures temper its brand strength and innovation-led growth outlook.",Yahoo,company
XOM,2026-09-11 17:45:19,Here’s How Much You Would Have Made Owning ExxonMobil Holdings Stock In The Last 5 Years,"ExxonMobil Holdings (NYSE:XOM) has outperformed the market over the past 5 years by 13.45% on an annualized basis producing an average annual return of 24.91%. Currently, ExxonMobil Holdings has a market capitalization",Benzinga,company
JNJ,2026-09-11 19:11:12,Is AbbVie Stock Actually Overpriced?,"AbbVie (ABBV) grew revenue 10.4% over the past twelve months and turned 33.9% of it into operating profit, second only to Eli Lilly among its peers on both counts. Its stock returned 24.9% over the same twelve months, fifth of the six. What the business delivered and what the market paid for it have come apart.",Yahoo,company
PG,2026-09-11 19:15:00,"3 Dividend Kings to Buy if the Fed Starts Raising Rates: KO, PG, WMT",These consumer staples stocks are Dividend Kings and could become increasingly attractive if stubborn inflation pushes the Federal Reserve back toward monetary tightening.,Yahoo,company
PG,2026-09-11 19:35:00,Kimberly Clark is Down 20% From Its 52-Week High. Is the Dip Worth Buying?,"Kimberly Clark is a consumer staples Dividend King with a 5% yield, but it is also undergoing a major business transition.",Yahoo,company
JNJ,2026-09-11 19:37:00,"Jaguar LAA, Inc. Announces Acquisition of Assets Related to the Laminar Program","Jaguar LAA, Inc. (""Jaguar""), a privately held medical device company, today announced the acquisition of assets related to the Laminar program, focused on addressing the left atrial appendage (""LAA"") in patients with non-valvular atrial fibrillation (""AFib""), from Johnson & Johnson.",Yahoo,company
XOM,2026-09-11 21:09:57,Exxon Edged Higher as IEA Sees a 5.7 Million-Barrel Supply Drop,"Exxon's cash engine benefits from scarcity, but Friday's crude reversal warns against extrapolating the windfall.",Yahoo,company
XOM,2026-09-11 22:15:15,Forget VYM: HDV’s 3.42% Yield and 8-Point Year-to-Date Lead Deserve a Hard Look,"VYM has been a default income core for a decade, but a competing BlackRock fund is quietly pulling ahead on both yield and total return in 2026, and the reason comes down to a flaw hiding inside VYM's portfolio construction.",Yahoo,company
JNJ,2026-09-11 22:26:12,Apollo Global Is Said in Talks to Acquire J&J’s Orthopedics Unit,"Alternative asset manager Apollo Global Management Inc. is in discussions to acquire the Johnson & Johnson orthopedics unit that the conglomerate has been looking to separate, according to people familiar with the matter.",Yahoo,company
JNJ,2026-09-11 23:47:30,JNJ Stock Edges Up After-Hours On Apollo’s $20B Orthopedics Talks,"People familiar with the discussions told Bloomberg that Apollo is working toward a valuation of close to $20 billion for the unit, known as DePuy Synthes.",Yahoo,company
XOM,2026-09-12 02:35:00,Exxon's 2030 Targets Call for $35 Billion More in Cash Flow. Here's the Milestone That Tells You It's on Track By 2028.,"Exxon is leaning into growth, but a significant portion of that growth will come from one place.",Yahoo,company
JNJ,2026-09-12 07:20:02,2 Outstanding Dividend Stocks to Buy and Hold for 10 Years,Income seekers can't go wrong with these companies.,Yahoo,company
PG,2026-09-12 08:10:00,"5 Relatively Secure And Cheap Dividend Stocks, Yields Up To 8% (September 2026)","This article is part of our monthly series where we highlight 5 large-cap, relatively safe, dividend-paying companies offering significant discounts to their historical norms. Read it here.",SeekingAlpha,company
JNJ,2026-09-12 11:40:52,Johnson & Johnson (NYSE:JNJ): A Dividend Quality Pick for Income Investors,"JNJ fits ChartMill's Best Dividend Stocks screen for income investors: 3.12% yield, durable dividend growth, strong profitability, and solid health.",ChartMill,company
PG,2026-09-12 11:50:31,"How Much Do You Really Need Invested in Dividend Stocks to Replace a $25,000 Income?",The math behind living off dividends exposes a brutal tradeoff: every percentage point of extra yield you chase to shrink your required capital brings a hidden cost that most income investors never price in before sizing their positions.,Yahoo,company
JNJ,2026-09-12 11:50:31,"How Much Do You Really Need Invested in Dividend Stocks to Replace a $25,000 Income?",The math behind living off dividends exposes a brutal tradeoff: every percentage point of extra yield you chase to shrink your required capital brings a hidden cost that most income investors never price in before sizing their positions.,Yahoo,company
XOM,2026-09-12 11:50:31,"How Much Do You Really Need Invested in Dividend Stocks to Replace a $25,000 Income?",The math behind living off dividends exposes a brutal tradeoff: every percentage point of extra yield you chase to shrink your required capital brings a hidden cost that most income investors never price in before sizing their positions.,Yahoo,company
XOM,2026-09-12 12:35:00,Chevron Already Committed $7 Billion to Venezuela. Trump Says Exxon Is Next. Here's the Big Difference Between the 2.,Chevron's commitment to staying the course in Venezuela is finally paying dividends.,Yahoo,company
XOM,2026-09-12 13:45:00,Oil Above $100 Is Creating a New Opportunity Beyond the Major Producers,"Phillips 66, Valero, and Marathon Petroleum posted strong earnings beats as widening crack spreads from higher oil prices lifted refiner stocks past current analyst price targets.",Yahoo,company
PG,2026-09-12 14:50:25,The Closest Thing to Set-It-and-Forget-It Income: 5 Dividend Kings for Retirees Who Want Peace of Mind,"Some companies have raised their dividends through recessions, pandemics, wars, and market crashes without missing a single year, and five of them may be the steadiest income plays a retiree can own right now.",Yahoo,company
JNJ,2026-09-12 14:50:25,The Closest Thing to Set-It-and-Forget-It Income: 5 Dividend Kings for Retirees Who Want Peace of Mind,"Some companies have raised their dividends through recessions, pandemics, wars, and market crashes without missing a single year, and five of them may be the steadiest income plays a retiree can own right now.",Yahoo,company
PG,2026-09-13 08:22:00,3 Unstoppable Dow Stocks Worth Buying Right Now,These stocks are demonstrating incredible performance and have a long growth runway.,Yahoo,company
JNJ,2026-09-13 10:24:17,C3.ai (AI) Just Posted Its Most Promising Quarter In Years,"On September 2, C3.ai (NYSE:AI) reported its first quarter of fiscal 2027, and the numbers finally matched the promises. Total revenue reached $52.4 million, subscription revenue made up 94% of that at $49.2 million, and total bookings jumped 73% quarter over quarter. Chief Executive Officer Tom Siebel, three months back in the role, said the […]",Yahoo,company
PG,2026-09-13 13:33:24,PureCycle (PCT) Turns Lab Promises Into Detergent Cap Reality,"On August 6, PureCycle Technologies (NASDAQ:PCT) reported second-quarter results for the period ended June 30, and buried in the numbers was something the plastics recycler has chased for years: an actual branded product on store shelves. Select Downy detergent caps made with PureCycle’s PureFive resin entered commercial production for Procter & Gamble during the quarter, […]",Yahoo,company
XOM,2026-09-13 17:24:38,Energy Stocks Surge Past Tech Companies Amid Escalating US-Iran Conflict,Top energy stocks are beating the AI-heavy technology sector as the US and Iran conflict continues with no end in sight,Benzinga,company
XOM,2026-09-14 00:33:07,LNG fundamentals remain healthy despite disruptions to flows: ExxonMobil SVP,"Peter Clarke, ExxonMobil Senior Vice President for LNG, shares his outlook for the LNG market as the Iran war disrupts supply flows. He remains optimistic on long-term demand, citing strong fundamentals, and notes that buyers want a combination of long-term supply certainty and flexibility.",CNBC,company
JNJ,2026-09-14 01:34:57,"Reported Earlier, Johnson & Johnson Says Rybrevant Plus Chemotherapy Cuts Risk Of Death By 43% Versus Chemotherapy Alone When Adjusted For Crossover In Final PAPILLON Overall Survival Analysis",RYBREVANT plus chemotherapy demonstrates durable benefit with a differentiated approach that dual-targets EGFR and METResults mark significant progress for a patient population with poor outcomes and a historical,Benzinga,company
JNJ,2026-09-14 01:45:00,Johnson & Johnson's RYBREVANT® (amivantamab-vmjw) plus chemotherapy delivers longest reported median overall survival in EGFR exon 20 insertion mutation-positive lung cancer,Johnson & Johnson (NYSE: JNJ) today announced results from the final overall survival (OS) analysis of the Phase 3 PAPILLON study evaluating first-line intravenous (IV) RYBREVANT (amivantamab-vmjw) plus carboplatin-pemetrexed chemotherapy versus chemotherapy alone in patients with advanced non-small cell lung cancer (NSCLC) with epidermal growth factor receptor (EGFR) exon 20 insertion (Ex20ins) mutations. Patients treated with the combination achieved a median OS of nearly three years (34.3 mon,Yahoo,company
JNJ,2026-09-14 08:00:00,"Zacks Investment Ideas feature highlights: Johnson & Johnson, Coca-Cola and Exxon Mobil","Johnson & Johnson, Coca-Cola and Exxon Mobil have been highlighted in this Investment Ideas article.",Yahoo,company
XOM,2026-09-14 08:00:00,"Zacks Investment Ideas feature highlights: Johnson & Johnson, Coca-Cola and Exxon Mobil","Johnson & Johnson, Coca-Cola and Exxon Mobil have been highlighted in this Investment Ideas article.",Yahoo,company
JNJ,2026-09-14 08:10:00,Johnson & Johnson’s RYBREVANT®▼ (amivantamab) plus chemotherapy delivers median overall survival of nearly three years in EGFR exon 20 insertion mutation-positive non-small cell lung cancer,"Amivantamab plus chemotherapy demonstrates durable benefit with a differentiated approach that dual targets EGFR and MET1Median overall survival reached 34.3 months with the amivantamab-based regimen, the longest reported to date in this patient population1,2 BEERSE, BELGIUM, Sept. 14, 2026 (GLOBE NEWSWIRE) -- Johnson & Johnson today announced results from the final overall survival (OS) analysis of the Phase 3 PAPILLON study evaluating first-line intravenous (IV) RYBREVANT®▼ (amivantamab) plus",Yahoo,company
JNJ,2026-09-14 08:39:24,Johnson & Johnson’s RYBREVANT Combination Extends Survival To 34.3 Months In EGFR Exon 20+ Lung Cancer,https://www.jnj.com/media-center/press-releases/johnson-johnsons-rybrevant-amivantamab-vmjw-plus-chemotherapy-delivers-longest-reported-median-overall-survival-in-egfr-exon-20-insertion-mutation-positive-lung-cancer,Benzinga,company
XOM,2026-09-14 09:00:00,ICIS Top 100 Chemical Companies ranking unveiled with BASF back on top,The ICIS Top 100 Chemical Companies ranking shows Germany-based BASF retaking the top spot with $70.0 billion in 2025 sales.,Yahoo,company
JNJ,2026-09-14 09:21:24,Johnson & Johnson requires providers to share claims data to get 340B discounts,"The drugmaker is the latest to impose a reporting requirement on 340B providers, saying stricter guardrails are needed to prevent duplicative discounts.",Yahoo,company
XOM,2026-09-14 10:10:00,How to Earn $500 a Month From Chevron Stock,"Chevron shares have soared this year, plus they pay a good dividend.",Yahoo,company
XOM,2026-09-14 10:51:00,"Intel, AMD, Marvell, Oracle, CrowdStrike, and More Stocks That Explain Today’s Market","Highflying chip and memory stocks are getting hammered, while software developers rally as AI disruption fears ease.",Yahoo,company
XOM,2026-09-14 11:02:22,Exxon Sees the US Supplying Nearly a Third of the World's LNG by 2030,ExxonMobil shares gained about 2% Monday after an executive said U.S. LNG supply could account for about 30% of global supply by 2030.,Benzinga,company
PG,2026-09-14 11:52:14,How Much You Need Invested to Cover Your Medicare Premiums With Dividend Income,"Your Medicare premium leaves your Social Security check before you ever see it, but the right dividend portfolio changes that equation permanently. The tricky part is knowing exactly how much capital your specific income bracket demands.",Yahoo,company
JNJ,2026-09-14 11:52:14,How Much You Need Invested to Cover Your Medicare Premiums With Dividend Income,"Your Medicare premium leaves your Social Security check before you ever see it, but the right dividend portfolio changes that equation permanently. The tricky part is knowing exactly how much capital your specific income bracket demands.",Yahoo,company
PG,2026-09-14 11:59:00,DesignRush Podcast Examines Ad Spend Decisions with Shuttlerock's Mack Reynolds,"Episode 152 covers three decisions marketing leaders should consider before increasing ad spend.Miami, Florida--(Newsfile Corp. - September 14, 2026) - DesignRush has released Episode 152 of the DesignRush Podcast featuring Mack Reynolds, SVP of Global Creative Strategy at Shuttlerock.Headshot of Mack Reynolds, SVP of Global Creative Strategy at Shuttlerock, featured in episode 152 of the DesignRush Podcast.To view an enhanced version of this graphic, please...",Yahoo,company
XOM,2026-09-14 12:24:00,Gastech 2026 Opens in Bangkok with a Clear Message: the Industry Must Deliver More Energy for a Growing World,"As governments and industries across the globe navigate a period of surging demand and transformative economic growth, Gastech 2026 officially opened in Bangkok today, bringing the world's energy leaders together to advance the partnerships, investments and solutions needed to power the next chapter of global progress.",Yahoo,company
PG,2026-09-14 12:30:00,"Transmit, AI-Powered Live Content Monetization Platform, Joins Jupiter Festival Miami as Programming Partner","Transmit, P&G and WPP lead panel on contextual advertising and sustainable monetization models amid shifting sports rights landscapeMIAMI, Sept. 14, 2026 (GLOBE NEWSWIRE) -- Jupiter Festival Miami, the new global gathering for leaders across media, entertainment and sports, today announced a partnership with Transmit, the AI-powered live content monetization platform powered by proprietary MomentAI technology, to host a live sports advertising innovation panel at its inaugural event October 6–9,",Yahoo,company
XOM,2026-09-14 12:48:00,Chevron Sees Higher Oil Prices Ahead: Is It Set for More Upside?,"CVX's record production, strong cash flow and rising earnings estimates could position it for further upside as oil buffers tighten.",Yahoo,company
JNJ,2026-09-14 13:00:00,Coultreon Biopharma Appoints Nate Massari as Chief Business Officer,"Nate Massari’s business development and commercialization expertise in Immunology & Inflammation (I&I), particularly in ulcerative colitis and Crohn’s disease, will support the advancement of Coultreon's first-in-class SIK3 inhibitor COL-5671 Leuven, Belgium. September 14, 2026. Coultreon Biopharma, a clinical-stage biotechnology company developing best-in-class immunology therapies, today announced the appointment of Nate Massari as Chief Business Officer. Nate brings more than 25 years of expe",Yahoo,company
JNJ,2026-09-14 13:17:45,Sector Update: Healthcare Stocks Rise Premarket Monday,"Healthcare stocks were rising premarket Monday, with the State Street Health Care Select Sector SPDR",Yahoo,company
XOM,2026-09-14 13:29:12,Sector Update: Energy Stocks Advance Premarket Monday,"Energy stocks were advancing premarket Monday, with the State Street Energy Select Sector SPDR ETF (",Yahoo,company
JNJ,2026-09-14 13:31:29,Johnson & Johnson Shares Rise on Reported Apollo Talks for Orthopedics Unit,Johnson & Johnson (NYSE:JNJ) shares rose 1. 3% to $268.,Yahoo,company
JNJ,2026-09-14 13:37:00,Can Pfizer Overcome Its COVID and Patent Cliff Headwinds?,"PFE faces COVID revenue declines and a patent cliff, but new products, acquisitions and a strong pipeline could fuel growth from 2029.",Yahoo,company
JNJ,2026-09-14 13:53:49,J&J in talks to sell DePuy Synthes to Apollo for $20 billion,"Apollo is in discussions to acquire DePuy Synthes, which generated $9.3 billion in sales last year and could also be spun off as a public company",Yahoo,company
PG,2026-09-14 14:07:50,Do the Math: Tax Man Goes Away When You Own These Dividend Stocks in a Roth IRA,"A Roth IRA can strip the tax burden from even the highest-yielding dividends, but only if you put the right stocks inside it. Five blue chips with records stretching back decades make a compelling case for why account placement matters as much as stock selection.",Yahoo,company
JNJ,2026-09-14 14:07:50,Do the Math: Tax Man Goes Away When You Own These Dividend Stocks in a Roth IRA,"A Roth IRA can strip the tax burden from even the highest-yielding dividends, but only if you put the right stocks inside it. Five blue chips with records stretching back decades make a compelling case for why account placement matters as much as stock selection.",Yahoo,company
JNJ,2026-09-14 14:31:38,Johnson & Johnson (JNJ) Presents at Morgan Stanley 24th Annual Global Healthcare Conference Transcript,"Johnson & Johnson (JNJ) Morgan Stanley 24th Annual Global Healthcare Conference September 14, 2026 11:30 AM EDTCompany ParticipantsJoaquin Duato - CEO...",SeekingAlpha,company
JNJ,2026-09-14 14:34:28,Get Paid To Wait For ISRG Stock To Go On Sale,"Intuitive Surgical (ISRG) trades near $370, about 38% below its 52-week high, after growth in its US robotic-surgery procedures slowed. Selling a put pays you now for agreeing to buy the shares much lower, and you keep the payment either way. The catch is it only works if you would want this business at that price.",Yahoo,company
PG,2026-09-14 15:07:00,Can Procter & Gamble's Fabric & Home Care Segment Regain Momentum?,"P&G's Fabric & Home Care business shows early improvement as Tide innovation accelerates, but competition in Europe and Home Care softness remain key hurdles.",Yahoo,company
XOM,2026-09-14 15:42:43,Wood Lands $200 Million Contract for ExxonMobil’s PNG LNG Project,"Wood has secured a five-year, $200 million construction services contract from ExxonMobil PNG to support brownfield projects across the PNG LNG project in Papua New Guinea.",Yahoo,company
JNJ,2026-09-14 15:45:04,Why Johnson & Johnson (JNJ) is a Top Dividend Stock for Your Portfolio,"Dividends are one of the best benefits to being a shareholder, but finding a great dividend stock is no easy task. Does Johnson & Johnson (JNJ) have what it takes? Let's find out.",Yahoo,company
JNJ,2026-09-14 15:50:00,Here's My Pick for the Smartest High-Yield Dividend Stock to Buy Right Now,"Kenvue's dependable dividend is above average, and it could go even higher if the company is bought by Kimberly-Clark.",Yahoo,company
JNJ,2026-09-14 16:09:13,"Contineum’s Phase 2 MOONLIGHT-1 Trial Of JNJ-5120/PIPE-307 Did Not Meet Its Primary Efficacy Endpoint; Analyses Of The Data, Including Prespecified Exploratory Endpoints, Are Ongoing","Phase 2 MOONLIGHT-1 trial did not meet its primary efficacy endpointAnalyses of the data, including prespecified exploratory endpoints, are ongoingContineum Therapeutics, Inc. (NASDAQ:CTNM) (Contineum or the Company), a",Benzinga,company
JNJ,2026-09-14 16:42:16,Apollo rumoured to be eyeing $20bn takeover of J&J’s orthopaedics business,These alleged talks come as J&J considers what direction to take DePuy Synthes in as it spins out from the wider business.,Yahoo,company
JNJ,2026-09-14 17:02:11,Johnson & Johnson Targets Double-Digit Growth as STELARA Faces Biosimilar Competition,"Johnson & Johnson (NYSE:JNJ) executives said the company remains on track to grow through biosimilar competition for STELARA and expects its portfolio of medicines, medical devices and pipeline programs to support accelerating growth through the end of the decade. Speaking at a Morgan Stanley e",Yahoo,company
PG,2026-09-14 17:10:00,3 Dividend Kings to Buy While They’re Still Beaten Down,"Target, Hormel and Procter & Gamble, all Dividend Kings, are rebounding from depressed valuations with reliable yields, improving traffic or market share trends, and firming analyst support.",Yahoo,company
JNJ,2026-09-14 18:08:04,"Final Trade: JNJ, SNPS, Mag 7, KO",The final trades of the day with CNBC's Melissa Lee and the 'Fast Money' traders.,CNBC,company
JNJ,2026-09-14 19:57:33,Why Is Pfizer Stock Paying You So Much To Wait?,"Pfizer (PFE) throws off free cash worth 7.0% of its market value a year, against 4.4% for the median S&P 500 company. Everything turns on whether the cash holds. Management's answer is a wait: it says it is well positioned to return to growth from 2029 onward. A 6.2% dividend yield over the past twelve months is what that wait pays.",Yahoo,company
JNJ,2026-09-14 20:09:22,Is This LLY Stock Dip Big Enough To Be Worth Buying?,"Eli Lilly (LLY) trades near $1,120, about 13% below the high it set in August, and the question is whether to step in. The stock's record after sharp falls is clean but short. That record asks for the better part of a year and more pain before it pays. And this fall is not the kind of fall that record is built on.",Yahoo,company
XOM,2026-09-14 21:28:35,Should You Buy ExxonMobil Stock For What Guyana Pays Next?,"ExxonMobil (XOM) stock has gained about 52% over the past year and now trades right at the top of its 52-week range. Anyone buying here is paying for something still ahead. The clearest candidate sits offshore Guyana, where the company has just finished earning back what it put in.",Yahoo,company
JNJ,2026-09-14 21:32:53,CTNM Stock Slumps 10% After-Hours — What’s The JNJ Connection?,"Contineum said that Johnson & Johnson’s (JNJ) mid-stage trial of JNJ-5120, also known as PIPE-307, failed to meet its main goal in major depressive disorder.",Yahoo,company
XOM,2026-09-14 22:00:00,Global Fuel Squeeze Triggers U.S. Refiners Stocks Rally,"U.S. refiners are crushing the oil majors in 2026, with Valero, Marathon Petroleum and Phillips 66 more than doubling as record fuel cracks boost refining margins.",Yahoo,company
XOM,2026-09-14 23:50:00,Finding Value Opportunities Among Highly Rated Stocks,"U.S. equity markets moved lower this week, with broad weakness across most major ETFs and sector benchmarks.",SeekingAlpha,company
XOM,2026-09-15 00:43:38,"Gavin Newsom Says Trump Knew Iran War Would Cause Hormuz Disruptions, Skyrocketing Costs, but Did 'Nothing'—Americans 'Owed' Answers",Gavin Newsom accuses Trump and Wright of failing to protect Americans from Iran war disruptions as fuel prices surge.,Benzinga,company
XOM,2026-09-15 01:58:02,Stock Market: Will S&P 500 Open Up or Down Today?,"Will the S&amp;P 500 open higher? Polymarket odds plunge to 32% as Wall Street digests $107 Brent, FOMC meeting, and AI data center debates.",Benzinga,company
JNJ,2026-09-15 03:00:00,RYBREVANT FASPRO™ (amivantamab and hyaluronidase-lpuj) plus LAZCLUZE® (lazertinib) with prophylactic strategies shows low rates of treatment-related events at WCLC 2026,"Johnson & Johnson (NYSE:JNJ) today announced new results from the Phase 2b COPERNICUS study evaluating how subcutaneous RYBREVANT FASPRO (amivantamab and hyaluronidase-lpuj) plus LAZCLUZE (lazertinib), with less frequent dosing and prophylactic strategies, can improve the treatment experience for patients with previously untreated advanced non-small cell lung cancer (NSCLC) with common epidermal growth factor receptor (EGFR) mutations. Early results show consistently low rates across key treatme",Yahoo,company
JNJ,2026-09-15 03:30:31,"Reported Earlier, J&J's Subcutaneous RYBREVANT FASPRO Plus LAZCLUZE Shows Lower Rash, Administration-Related Reaction, Venous Thromboembolism Rates Than Intravenous MARIPOSA Regimen","Low rates of rash, blood clots and administration-related reactions were observed with subcutaneous treatment and prophylaxisFewer than 1% of patients discontinued treatment due to treatment-related events at one",Benzinga,company
JNJ,2026-09-15 04:00:47,"SLS, IBRX, IOVA In Focus Amid Big Pharma’s Early Cancer-Asset Hunt: J&J Flags M&A ‘Sweet Spot,’ Pfizer Eyes Phase 1-2 Deals","J&J’s recent deals include the $3.05 billion Halda acquisition and $1 billion Firefly purchase, while Pfizer’s Innovent deal is worth up to $10.5 billion.",Yahoo,company
JNJ,2026-09-15 04:08:56,"AI Safety Fears Drive Investors to J&J, Costco, and CrowdStrike for Cybersecurity","AI safety warnings sent tech stocks lower Monday, pushing investors into J&J, Eli Lilly, Kimberly-Clark, and Costco.",Yahoo,company
JNJ,2026-09-15 08:30:34,Cooper Companies: A Little More Compelling At This Price,Cooper Companies (COO) upgraded to Hold after a 31% drop.,SeekingAlpha,company
PG,2026-09-15 09:15:00,These 3 Income-Oriented ETFs Are All You Need For Retirement,Retirement income update: Why the 4% rule can fail in todayâs market and how a yield-first ETF mix may pay ~$48k/$1M. Read the full analysis here.,SeekingAlpha,company
XOM,2026-09-15 09:51:05,ExxonMobil Trending After Subsidiary Completes $2.1 Billion Debt Tender,Exxon Mobil is trending Tuesday. Its subsidiary announced the results of its cash tender offers for Pioneer Natural Resources notes.,Benzinga,company
JNJ,2026-09-15 10:01:18,3 Dividend Stocks Baby Boomers Should Own for the Rest of Their Lives,"Retirees don’t need the highest yield on the board. They need the check to keep arriving, and to keep growing, through every recession, rate cycle, and regime change. Three Dividend Kings fit that brief: Coca-Cola, Johnson & Johnson, and PepsiCo. Each has raised its payout for decades without a cut, and one benchmark says it […]",Yahoo,company
XOM,2026-09-15 11:07:31,Wood secures $200m contract from ExxonMobil for PNG LNG project,"The contract covers work at the Hides Gas Conditioning Plant, the Caution Bay LNG plant, around 700km of pipelines, and well pads and flowlines.",Yahoo,company
JNJ,2026-09-15 12:26:24,Johnson & Johnson Says Lung Cancer Drug Shows Reduced Side Effects and Longer Patient Survival,Johnson &amp; Johnson released positive Phase 2b and Phase 3 trial results for its Rybrevant lung cancer treatment combinations.,Benzinga,company
PG,2026-09-15 13:00:00,Charmin Ultra Bamboo Team Wins Sustainability Squad Award,"CINCINNATI, OH / ACCESS Newswire / September 15, 2026 / Charmin Ultra Bamboo has been recognized with a 2026 Business Intelligence Group Sustainability Award in the Sustainability Squad category. The award recognizes teams delivering measurable sustainability progress through innovation, collaboration and business impact.",Yahoo,company
XOM,2026-09-15 13:00:00,"ExxonMobil: Announces Pricing Terms, Expiration and Results of its Cash Tender Offers for Outstanding 2030 1.900% Senior Notes and 2031 2.150% Senior Notes","SPRING, Texas, September 15, 2026--ExxonMobil Holdings Corporation (""ExxonMobil"") (NYSE: XOM) today announces the pricing terms, expiration and results of the offers to purchase for cash any and all of the outstanding $1,100,000,000 1.900% Senior Notes due 2030 (the ""2030 Notes"") and $1,000,000,000 2.150% Senior Notes due 2031 (the ""2031 Notes"", and together with the 2030 Notes, the ""Notes"") of Pioneer Natural Resources Company (the ""Offeror""), ExxonMobil’s wholly owned subsidiary (each, a ""Tend",Yahoo,company
JNJ,2026-09-15 13:00:05,Johnson & Johnson (JNJ) Is a Trending Stock: Facts to Know Before Betting on It,"Recently, Zacks.com users have been paying close attention to Johnson & Johnson (JNJ). This makes it worthwhile to examine what the stock has in store.",Yahoo,company
XOM,2026-09-15 13:46:48,'Exxon wins Texas approval for $5bn carbon capture project' - Financial Times,https://www.ft.com/content/4b9952d5-3cc8-48ef-8619-daa15a0a6af1?syn-25a6b1a6=1,Benzinga,company
PG,2026-09-15 14:00:00,"In National Advertising Division Challenge, Zuru Voluntarily Modifies Challenged Incentivized Review Practices","Following a BBB National Programs’ National Advertising Division challenge brought by The Procter & Gamble Company (P&G), Zuru Edge Limited voluntarily discontinued practices to comply with the FTC’s Endorsement Guides for future incentivized review programs.New York, NY, Sept. 15, 2026 (GLOBE NEWSWIRE) -- Following a BBB National Programs’ National Advertising Division challenge brought by The Procter & Gamble Company (P&G), Zuru Edge Limited voluntarily discontinued practices to comply with th",Yahoo,company
XOM,2026-09-15 14:07:04,"Oil Crisis Worsens, Diesel Hits Record High: Here's How to Trade It","Oil prices surged as Gulf attacks disrupted Saudi infrastructure, threatening supplies; Brent topped $107 and U.S. diesel hit record highs.",Benzinga,company
JPM,2026-09-15 14:17:30,The Forgotten Generation Is Broke: 50% of All New Bankruptcies Are 40-59 Year Olds,"Something unusual is happening inside America's bankruptcy courts, and it has nothing to do with reckless young borrowers drowning in student loans. The age group that should be approaching its financial peak is quietly becoming the face of collapse, and banks are starting to feel it.",Yahoo,company
JNJ,2026-09-15 14:26:32,Apollo and J&J Face a High-Stakes Orthopedics Deal,"Apollo Global Management, Inc. (NYSE:APO) is reportedly in talks to acquire Johnson & Johnson (NYSE:JNJ) DePuy Synthes orthopedics business in a transaction that could value the unit at close to $20 billion, according to Bloomberg, as reported by Reuters. J&J generated $9.3 billion of revenue from the orthopedics business in 2025, making the potential transaction […]",Yahoo,company
JPM,2026-09-15 14:48:59,"JPMorgan Co-President Doug Petno At Barclays Global Financial Services Conference, Says Jamie Dimon Is Not Stepping Back; We Dont See Anything Flashing Red Or Very Little Flashing Yellow In The Economy For The U.S. Consumer And Corporates; We Dont See Anything Systemic That Is Concerning Us At The Moment; Deal Activity Is Quite Robust",https://event.webcasts.com/starthere.jsp?ei=1773691&amp;tp_key=86233a705d&amp;tp_special=8,Benzinga,company
JPM,2026-09-15 14:52:44,JPMorgan Co-President Doug Petno Says We Are Seeing Broad Based Strength Across Investment Banking And Across All Geographies; We Would Expect Investment Banking Fees In Third Quarter To Be Up Mid To High Teens; We Would Expect Trading Fees In Third Quarter To Be Up Mid To High Teens,https://event.webcasts.com/starthere.jsp?ei=1773691&amp;tp_key=86233a705d&amp;tp_special=8,Benzinga,company
JPM,2026-09-15 15:04:01,JPMorgan Co-President Doug Petno Says Private Equity Activity Is Back To Normal,https://event.webcasts.com/starthere.jsp?ei=1773691&amp;tp_key=86233a705d&amp;tp_special=8,Benzinga,company
JNJ,2026-09-15 15:07:01,Johnson & Johnson Partner Contineum Slides as Depression Drug Fails,"Contineum Therapeutics, Inc. (NASDAQ:CTNM) shares are trading lower on Tuesday as Phase 2 results from a key study disappoint. The pullback lines up with a risk-off tone in futures, but the company-specific clinical update appears to be the main driver. CTNM Stock Drops After Phase 2 MOONLIGHT-1 Results The company said its Phase 2 MOONLIGHT-1 trial did not meet its primary efficacy endpoint for JNJ-5120 / PIPE-307 in major depressive disorder. JNJ-5120/PIPE-307 is being developed by Johnson & J",Yahoo,company
JPM,2026-09-15 15:10:49,JPMorgan Co-President Doug Petno Says We Still Worry About Private Credit But The Asset Class Is In A Decent Place Compared To Earlier In The Year,https://event.webcasts.com/starthere.jsp?ei=1773691&amp;tp_key=86233a705d&amp;tp_special=8,Benzinga,company
JPM,2026-09-15 15:16:00,JPMorgan Co-President Doug Petno Says We Dont See A Lot Of Institutional Demand For Stablecoins,https://event.webcasts.com/starthere.jsp?ei=1773691&amp;tp_key=86233a705d&amp;tp_special=8,Benzinga,company
JPM,2026-09-15 15:20:06,JPMorgan Co-President Doug Petno Says Competition For High Quality Deposits Is Intense; We Are Being Very Selective With AI Financing; We Are Maintaining Our Underwriting Discipline With AI Financing And Being Very Deliberate About It,https://event.webcasts.com/starthere.jsp?ei=1773691&amp;tp_key=86233a705d&amp;tp_special=8,Benzinga,company
JPM,2026-09-15 15:26:03,"JPMorgan Co-President Doug Petno Says Do Not Really Expect Inorganic Growth To Be A Growth Opportunity For The CIB Business As The Bar Is Very, Very High",https://event.webcasts.com/starthere.jsp?ei=1773691&amp;tp_key=86233a705d&amp;tp_special=8,Benzinga,company
XOM,2026-09-15 15:56:53,The Global Fuel Shortage Is Here,"I maintain that big oil (CVX, XOM) and midstream are the only safe way into energy. Click here to read the full analysis.",SeekingAlpha,company
JNJ,2026-09-15 16:57:41,Senator Bets on Small Cap Stocks Ahead of Likely Rate Hike: Why That Could be Risky,A U.S. senator has added small cap stock ETFs to his portfolio ahead of a potential Federal Reserve rate hike. Here&#39;s why the timing matters.,Benzinga,company
JNJ,2026-09-15 18:05:00,3 Healthcare Stocks for 3 Stages of Life,"Healthcare stocks Eli Lilly, UnitedHealth Group, and Johnson & Johnson offer options for investors of different ages, combining growth potential, turnaround momentum, and reliable dividends.",Yahoo,company
JNJ,2026-09-15 19:00:57,Has BSX Stock Finally Hit Bottom?,"Boston Scientific (BSX) stock has fallen about 57% over the past year, to about $45. The shares now sell for 3.2 times trailing sales, hovering near their decade-long historical trough of roughly 3.0 times and well off their 8.6 high.",Yahoo,company
PG,2026-09-15 19:10:06,Discover which dow jones stocks are making waves on Tuesday.,Stay updated with the movement of dow jones stocks in today's session. Discover which dow jones stocks are making waves on Tuesday.,ChartMill,company
JNJ,2026-09-15 19:10:06,Discover which dow jones stocks are making waves on Tuesday.,Stay updated with the movement of dow jones stocks in today's session. Discover which dow jones stocks are making waves on Tuesday.,ChartMill,company
JPM,2026-09-15 19:57:47,JPMorgan Chase stock rises after upbeat revenue outlook,"Investing.com -- JPMorgan Chase (NYSE:JPM) shares rose 1% on Tuesday after the bank provided an upbeat revenue outlook at a Barclays conference, reversing earlier losses in the trading session.",Yahoo,company
PG,2026-09-15 20:16:18,Jim Cramer on Procter & Gamble (PG): “They Don’t Have the Growth That I Want”,"Answering a caller’s query about The Procter & Gamble Company (NYSE:PG) during the lightning round of the September 10 episode of Mad Money, Jim Cramer said: It’s a tough stock. It’s a tough stock because they don’t have the growth that I want. They do have the 3% yield, but that’s not enough. So, I’m […]",Yahoo,company
JPM,2026-09-15 20:27:00,JPMorganChase Declares Preferred Stock Dividends,"NEW YORK, September 15, 2026--JPMorgan Chase & Co. (NYSE: JPM) (""JPMorganChase"" or the ""Firm"") has declared dividends on the outstanding shares of the Firm’s Series CC preferred stock. Information can be found on the Firm’s Investor Relations website at https://www.jpmorganchase.com/ir/news.",Yahoo,company
JPM,2026-09-15 20:28:00,JPMorganChase Declares Common Stock Dividend,"NEW YORK, September 15, 2026--JPMorgan Chase & Co. (NYSE: JPM) (""JPMorganChase"" or the ""Firm"") declared a quarterly dividend on the outstanding shares of the common stock of JPMorganChase. Information can be found on the Firm’s Investor Relations website at https://www.jpmorganchase.com/ir/news.",Yahoo,company
JPM,2026-09-15 20:31:41,JPMorgan Chase & Co. (JPM) Presents at Barclays 24th Annual Global Financial Services Conference Transcript,"JPMorgan Chase & Co. (JPM) Barclays 24th Annual Global Financial Services Conference September 15, 2026 2:45 PM EDTCompany ParticipantsDouglas Petno -...",SeekingAlpha,company
JPM,2026-09-15 20:53:14,JPMorgan's Petno sees bank fees surging while warning the cycle feels 'too good',JPMorgan stock finished more than 1% higher on Tuesday after co-president Doug Petno delivered an upbeat third quarter revenue forecast.,Yahoo,company
XOM,2026-09-15 20:53:21,Chevron CEO warns a global fuel crisis is already here,U.S. energy executives say the global fuel situation is entering a more difficult phase.,Yahoo,company
JPM,2026-09-15 21:02:09,JPMorgan Chase Sees Mid-Teens Growth in Q3 Banking Fees and Markets Revenue,"Doug Petno, co-president and CEO of the Commercial and Investment Bank at JPMorgan Chase & Co. (NYSE:JPM), said the bank expects broad-based strength in investment banking and markets during the third quarter, while emphasizing that the firm is maintaining underwriting and capital-allocation dis",Yahoo,company
JPM,2026-09-15 21:03:00,JPMorgan CEO sends strong warning to all Americans,Something Jamie Dimon has been warning about since March now has a specific dollar amount attached to it,Yahoo,company
XOM,2026-09-15 21:07:03,Exxon Rises as $6 Diesel Meets a Refinery Shutdown,"Higher oil supports upstream profits, but losing 264,000 barrels of daily refining capacity carries its own cost.",Yahoo,company
XOM,2026-09-15 21:45:03,Why the Market Dipped But Exxon Mobil Holdings (XOM) Gained Today,"In the most recent trading session, Exxon Mobil Holdings (XOM) closed at $169.08, indicating a +2.42% shift from the previous trading day.",Yahoo,company
XOM,2026-09-15 21:50:21,Market Chatter: Exxon Mobil Wins Approval For Texas Carbon Capture Project,"Exxon Mobil (XOM) won approval for its Rose carbon-capture project in Texas, allowing the company to",Yahoo,company
JPM,2026-09-15 22:05:25,"You Handle the Money and if Something Happens to You, Your Spouse Inherits 40 Years of Statements. These 3 ETFs Are the Portfolio They Can Run Alone",Most financial plans assume the person who built them will always be around to run them. Three ETFs exist specifically for the moment that assumption stops being true.,Yahoo,company
XOM,2026-09-15 22:05:25,"You Handle the Money and if Something Happens to You, Your Spouse Inherits 40 Years of Statements. These 3 ETFs Are the Portfolio They Can Run Alone",Most financial plans assume the person who built them will always be around to run them. Three ETFs exist specifically for the moment that assumption stops being true.,Yahoo,company
JPM,2026-09-15 23:35:00,"Is Bank of America Stock a Buy, Sell, or Hold After a 25% Run Off Its 52-Week Low?","Bank of America's stock is up materially from its lows, and the stock is starting to look a little expensive.",Yahoo,company
JNJ,2026-09-15 23:40:24,LEGN’s New CEO From Novartis Paves Way For Buyout Speculation,Legend’s new CEO Ingrid Zhang most recently served as chief commercial officer for Novartis International.,Yahoo,company
JPM,2026-09-16 00:37:00,JPMorgan aggressively double-upgrades another AI stock by 41%,Here’s what could happen to IREN shares next.,Yahoo,company
JNJ,2026-09-16 00:44:33,Merck Stock: Is The $70 Billion Pipeline Worth the Premium?,"A powerful drug pipeline is fueling a stock trend that ranks in the top 6% of US stocks worth more than $1 billion, but the ticket price for investors is steep and the clock is ticking on its biggest star.",Yahoo,company
XOM,2026-09-16 03:46:36,ExxonMobil’s LNG Ambitions Just Got A Major Upgrade,"On September 14, ExxonMobil Holdings Corporation (NYSE:XOM) said that it expects its annual LNG sales to reach 50 million tons by 2030, up from its previous target of 40 million tons, and to keep rising beyond the current decade in line with market growth. The company’s bullish guidance is driven by the high LNG demand […]",Yahoo,company
JPM,2026-09-16 06:00:00,This ETF Should Rise as Interest Rates Go Up. Is It Too Late to Get In on the Fun Now?,The ProShares Equities for Rising Rates ETF has gotten a lift from oil stocks. But the fund’s holdings in tech and financials should help keep the momentum going.,Yahoo,company
JPM,2026-09-16 07:00:00,What We Learned From a Volatile Walmart Trade,Our primary analytical mistake was overconfidence in management’s expense discipline. We also overestimated consumer spending resilience.,Yahoo,company
JNJ,2026-09-16 07:12:40,Johnson & Johnson (JNJ) Reports Stronger Survival Data In EGFR Mutated Lung Cancer,Johnson & Johnson (NYSE:JNJ) reported new clinical trial results for RYBREVANT-based regimens in EGFR-mutated NSCLC at a major oncology conference. The Phase 2b COPERNICUS study showed RYBREVANT plus LAZCLUZE for newly diagnosed patients with EGFR-mutated NSCLC had improved tolerability and fewer treatment-related adverse events. Final data from the Phase 3 PAPILLON trial found first-line RYBREVANT plus chemotherapy produced the longest reported median overall survival in EGFR exon 20...,Yahoo,company
XOM,2026-09-16 07:44:23,"Stocks making the biggest moves premarket: SK Hynix, J.B. Hunt, Expedia & more",These are the stocks posting the largest moves premarket.,CNBC,company
XOM,2026-09-16 08:22:19,"Market Chatter: US, Vietnam Firms Set to Announce Deals During To Lam Visit","US and Vietnamese companies are expected to announce a series of agreements in energy, technology, a",Yahoo,company
JPM,2026-09-16 10:00:10,"Jamie Dimon Called Mark Carney’s ‘Middle Powers’ Plan a ‘Fantasy’—‘They Did That, It’s Called Europe’","Jamie Dimon, CEO of JPMorgan Chase, once voiced his disapproval of Canadian Prime Minister Mark Carney‘s proposition for a coalition of “middle powers.” During the Council on Foreign Relations’ CEO Speaker Series in June, Dimon dismissed Carney’s idea as a...",Yahoo,company
XOM,2026-09-16 10:10:41,"ExxonMobil Holdings (XOM) Shares Moved, What Is Drawing Fresh Attention?","ExxonMobil Holdings (XOM) moved back into focus after management outlined higher long term LNG sales targets, while rising crude prices and upbeat earnings expectations kept investor interest firmly on the stock. At a share price of $169.32, ExxonMobil Holdings has ridden a clear upswing, with a 90 day share price return of 20.31% and a year to date share price gain of 38.05%. The 1 year total shareholder return of 51.92% and 5 year total shareholder return of 276.13% point to momentum that...",Yahoo,company
XOM,2026-09-16 10:32:35,ExxonMobil secures regulatory approval for Rose CCS project in Texas,"The Rose CCS project will store CO₂ below ground and span 13,000 acres of privately held land.",Yahoo,company
JPM,2026-09-16 10:45:26,JPMorgan Says Institutions Don't Want Stablecoins Yet. Tether's CEO Just Laughed.,Tether's CEO mocked JPMorgan's stablecoin demand claim after co-president Doug Petno called institutional interest nascent.,Yahoo,company
PG,2026-09-16 10:52:00,6 CPGs team up on paper flexibles R&D,"Colgate-Palmolive, Nestlé and PepsiCo are among the members targeting R&D for small-format, recyclable and biodegradable flexible fiber packaging. Such solutions “do not exist today” at scale, according to the Ellen MacArthur Foundation.",Yahoo,company
JNJ,2026-09-16 10:58:02,J&J sells Laminar LAA closure assets it bought 3 years ago,"The decision is part of J&J’s strategy to prioritize resources for the greatest impact and positions Laminar for success under dedicated ownership, a spokesperson said.",Yahoo,company
JNJ,2026-09-16 11:02:00,Tempo Therapeutics Closes Oversubscribed $14.5 Million Financing to Advance MAP(TM) Regenerative Technology,"Financing follows FDA De Novo submission and publication of positive first-in-human clinical resultsCompany strengthens leadership and Board as it advances surgical reconstruction toward commercialization and evaluates opportunities in regenerative aestheticsSAN DIEGO, CA / ACCESS Newswire / September 16, 2026 / Tempo Therapeutics, Inc. (""Tempo""), a clinical-stage regenerative medicine company pioneering synthetic biomaterials designed to promote the formation of healthy, functional tissue, toda",Yahoo,company
JPM,2026-09-16 11:09:42,AI Debt Boom Heads From Wall Street to Europe Despite Tech Angst,JPMorgan Chase & Co. and Goldman Sachs Group Inc. are among banks lining up to finance billions of dollars in European AI debt as the region races to close the gap with the US.,Yahoo,company
XOM,2026-09-16 12:06:13,ExxonMobil: Lower Production From Guyana Looming?,"ExxonMobil has recovered its investment in Guyanaâs Stabroek Block, accelerating the transition in its production-sharing agreement. Click for more about XOM.",SeekingAlpha,company
JPM,2026-09-16 12:11:00,ScottsMiracle-Gro Advances Debt Reduction and Capital Allocation,"SMG hits its $275 million fiscal 2026 free cash flow target while reducing debt, renewing liquidity and starting buybacks under a $500 million program.",Yahoo,company
JPM,2026-09-16 12:17:01,"SoFi Technologies Is Growing Rapidly, but This Financial Giant Could Join the $1 Trillion Club","JPMorgan trades at a 14.4x forward P/E versus SoFi's 29.3x, but one company is burning cash while the other generates billions.",Yahoo,company
XOM,2026-09-16 12:20:49,"Stocks making the biggest moves midday: SpaceX, Lumentum, Diamondback Energy, J.B. Hunt & more",Here are some of the companies making headlines in midday trading.,CNBC,company
PG,2026-09-16 12:30:37,Someone Made A Big Mistake About OpenAI’s $1.5 Trillion Value,"OpenAI is in talks for a massive new funding round, but major news outlets cannot agree on the valuation by a margin of $300 billion. That gap reveals just how chaotic the AI money race has become.",Yahoo,company
JPM,2026-09-16 12:41:01,"JPMorgan Chase Stock Is Beating Nu This Year, but Only One of Them Had Positive Free Cash Flow Last Year","JPMorgan trades at a cheaper valuation, but Nu's 43% revenue growth and positive free cash flow tell a starkly different profitability story.",Yahoo,company
JPM,2026-09-16 13:01:14,JPMorgan Sees ‘Nothing Flashing Red’ In US Economy,JPMorgan CIB head Doug Petno projects strong Q3 IB fee growth and sees few systemic red flags in the U.S. economy.,Benzinga,company
JPM,2026-09-16 13:20:10,Bitcoin Fed Meeting Preview: Could One Decision Pump BTC?,"Bitcoin could rally above $82,000 if the Fed surprises markets with a rate hold, as traders expect a 25-basis-point hike.",Benzinga,company
JPM,2026-09-16 13:22:50,JPMorgan Fed scenario analysis: 5 paths for the S&P 500 today,"Investing.com -- A clean 25 basis point hike with no forward guidance is the equity market’s best-case outcome from the Federal Reserve’s policy decision today, according to JPMorgan’s scenario analysis — but a signal that rates must go ""materially higher"" could end the current bull market. JPMorgan laid out five distinct Fed decision paths and their projected impact on the S&P 500, ranging from a 2.0% decline to a 1.0% gain. The outcomes depend heavily on both the mechanical rate action and the",Yahoo,company
JPM,2026-09-16 13:23:00,"Chase Expands Ultimate Rewards® with New ""Invest Your Points"" Feature","WILMINGTON, Del. & NEW YORK, September 16, 2026--Chase today announced an expansion of the Ultimate Rewards program with ""Invest Your Points,"" giving eligible cardmembers a new way to redeem points for cash to invest in an eligible J.P. Morgan Wealth Management account. Customers can now redeem their points for cash to invest in an eligible J.P. Morgan Self-Directed Investing account or work with a J.P. Morgan advisor to invest in a taxable investment account.",Yahoo,company
JPM,2026-09-16 13:32:04,Fed Meeting Interest Rate Decision Preview: How Will Stocks React?,"A Federal Reserve rate hike is largely priced in for Wednesday, but JPMorgan says the S&P 500 could still swing anywhere from 1% higher to 2% lower depending on how Chair Kevin Warsh frames the move. A surprise decision to...",Yahoo,company
PG,2026-09-16 14:15:45,"Nestlé, PepsiCo join forces on paper packaging push","The PaperFlex Consortium also includes Colgate-Palmolive, Mars, Procter & Gamble and Unilever.",Yahoo,company
JNJ,2026-09-16 14:20:00,Is AbbVie the Best Dividend King to Buy in September?,It is certainly a good Dividend King to buy in September.,Yahoo,company
JNJ,2026-09-16 14:31:00,"Sjögren's Syndrome Market to Witness Sustained Growth During the Forecast Period (2026-2036) Due to the Development of Targeted Immunotherapies, FcRn Inhibitors, TYK2 Inhibitors, and Cell Therapies | DelveInsight","Recently published Sjogren's Syndrome Market Insights report includes a comprehensive understanding of current treatment practices, Sjogren's syndrome emerging drugs, market share of individual therapies, and current and forecasted market size from 2022 to 2036, segmented into leading markets [the United States, the EU4 (Germany, France, Italy, and Spain), the United Kingdom, and Japan].",Yahoo,company
XOM,2026-09-16 15:06:00,Will ExxonMobil's Guyana & Permian Assets Power Its Upstream Business?,"XOM is expanding low-cost production in Guyana and the Permian Basin, targeting 5.5 MMBoe/d of upstream output by 2030 as advantaged assets grow.",Yahoo,company
JPM,2026-09-16 15:13:00,JPMorgan vs. Wells Fargo: Which Bank Stock Has More Upside Potential?,"JPM leads on 2026 earnings momentum and diversification, while WFC offers a cheaper valuation and improving growth after the asset-cap removal.",Yahoo,company
JPM,2026-09-16 15:15:36,"Fed Hikes 25 Basis Points, Projects Another Hike in 2026: Do Prediction Markets Agree?",The Fed raised rates 25 basis points as 16 of 18 policymakers projected at least one more increase before year-end.,Benzinga,company
JNJ,2026-09-16 15:31:00,How AbbVie's Neuroscience Portfolio Has Transformed Over the Years,"ABBV's neuroscience portfolio has broadened across psychiatry, migraine and Parkinson's, driving strong growth and raising its 2026 outlook.",Yahoo,company
JNJ,2026-09-16 15:36:16,Monthly Paydays vs. Compound Growth: Why JNJ Beats O for Long-Term Retirees,"Realty Income pays you every month while Johnson and Johnson barely clears 2% yield, yet one of these retirement staples is quietly demolishing the other where it counts most for a 20-year income plan.",Yahoo,company
JNJ,2026-09-16 16:24:00,Why This Biotech Stock Just Got a Rare Double Upgrade,"The biotech company’s stock rises after Barclays gives it a double upgrade, citing confidence in upcoming FDA approvals.",Yahoo,company
JPM,2026-09-16 16:40:05,Explore the top gainers and losers within the dow jones index in today's session.,Curious about the top performers within the dow jones index in the middle of the day on Wednesday? Dive into the list of today's session's top gainers and losers for a comprehensive overview.,ChartMill,company
PG,2026-09-16 16:40:05,Explore the top gainers and losers within the dow jones index in today's session.,Curious about the top performers within the dow jones index in the middle of the day on Wednesday? Dive into the list of today's session's top gainers and losers for a comprehensive overview.,ChartMill,company
XOM,2026-09-16 16:56:56,'Exxon Is Nearing A Preliminary Deal To Invest In Venezuela’s Oil Fields; The U.S. Oil Major Is Negotiating A Potential Return To The Latin American Country 19 Years After Its Exit' - WSJ Exclusive,https://www.wsj.com/business/energy-oil/exxon-is-nearing-a-preliminary-deal-to-invest-in-venezuelas-oil-fields-8c02126b,Benzinga,company
JPM,2026-09-16 17:15:00,Can PNC's Record Capital Markets Pace Support Its Fee-Income Outlook?,"PNC Financial's capital markets business is on pace for a record year, driving fee-income growth and supporting its 2026 outlook. Can the momentum continue?",Yahoo,company
XOM,2026-09-16 17:30:12,Chevron Doesn’t Need Oil to Hit New Highs. Here’s What Could Drive the Stock Instead,Chevron just posted its strongest downstream quarter in years while quietly signing a power deal with Microsoft that management calls a repeatable model independent of oil prices. The question is whether Wall Street has already priced in the transformation or whether the bigger move is still ahead.,Yahoo,company
JPM,2026-09-16 18:03:39,JPMorgan's Michele on Bonds: 'The Dominoes Are Starting to Fall',"Bob Michele, JPMorgan Asset Management's global head of fixed income, says the bond market has reached a point of ""maximum pain"" on ""Bloomberg Surveillance: The Fed Decides.""",Yahoo,company
JNJ,2026-09-16 18:33:20,ALVO Stock Jumps On Double Upgrade — Why Barclays Sees A 59% Upside,Barclays analyst Glen Santangelo raised the stock to Overweight from Underweight and lifted his target to $8 from $4.,Yahoo,company
JPM,2026-09-16 19:03:19,AstraZeneca Shares Rise as J.P. Morgan Stays Overweight,The bank's peak sales estimate for laroprovstat sits 30% above consensus,Yahoo,company
JNJ,2026-09-16 19:12:02,Should You Judge JNJ Stock Without STELARA?,"Johnson & Johnson (JNJ) has been a rewarding stock to hold, up about 53% over the past year against about 17% for the S&P 500. The change worth noticing over that stretch is quieter than the price. Management said sales still rose 5.6% despite a STELARA drag of about 460 basis points. Management is encouraging investors to evaluate the company's underlying momentum by presenting growth rates that exclude STELARA alongside its reported figures.",Yahoo,company
JPM,2026-09-16 19:25:58,JPMorgan Gains as Trading Growth Reaches High Teens,"Management expects another strong quarter, though growth may moderate from exceptional second-quarter levels.",Yahoo,company
JNJ,2026-09-16 19:29:44,J&J Slips as Caplyta Clears a Quality-of-Life Test,"Improved sexual functioning could support adherence, expanding the strategic value of J&J's $14.6 billion acquisition.",Yahoo,company
JNJ,2026-09-16 20:12:08,Is Pfizer's New Business Big Enough To Carry The Old One?,"Pfizer (PFE) trades at about 95% of its 52-week high. The business that has to justify that price, the medicines it has launched and acquired, is still only about a fifth of the company. The stock returned roughly 24% over the past year against about 17% for the S&P 500, so investors have so far given the handoff the benefit of the doubt. It is a large bet on a small slice.",Yahoo,company
JPM,2026-09-16 20:15:51,JPMorgan CEO Jamie Dimon says small businesses are experiencing a 'mini boom',"JPMorgan Chase CEO Jamie Dimon said in an interview on Wednesday that he thinks the country's small businesses are having a ""mini boom.""",Yahoo,company
JPM,2026-09-16 21:08:23,JPMorgan CEO Jamie Dimon: 'It's not clear to me we've slayed inflation',JPMorgan Chase CEO Jamie Dimon said Wednesday he still isn't convinced the problem of high inflation has been defeated.,Yahoo,company
XOM,2026-09-16 21:56:35,"Exxonmobil in talks to return to Venezuela, Bloomberg reports","Investing.com -- ExxonMobil Holdings Corporation (NYSE:XOM) is in active negotiations to re-enter Venezuela, according to a report from Bloomberg, as the Texas oil titan weighs a high-stakes return to the nation holding the world’s largest crude reserves. Senior executives traveled to Caracas this week to discuss securing rights to four heavy-oil fields, including two Orinoco Belt assets, Petrovictoria and Petromonagas, that were nationalized under former President Hugo Chávez. The high-level di",Yahoo,company
XOM,2026-09-16 23:29:22,XOM Keeps Climbing. Should You Climb On?,"A large energy stock is running hot on real operational strength, forcing investors to decide if the ticket price for this momentum is already too high.",Yahoo,company
JPM,2026-09-17 01:12:32,Why JPMorgan Chase (JPM) Is Back In The Spotlight,"Why a bullish revenue outlook matters for JPMorgan Chase stock JPMorgan Chase (JPM) has just put some numbers behind its confidence. At a recent Barclays conference, Co President Doug Petno flagged mid to high teens growth in third quarter investment banking fees and markets revenue. That outlook, paired with broad based strength across products and regions, came as several peers struck a more cautious tone. The contrast helped refocus attention on JPMorgan Chase stock as investors weighed...",Yahoo,company
JPM,2026-09-17 07:20:35,S&P 500 Could Deliver Another 6% by Year-End as JPMorgan Calls Bears an ‘Extinct Species’ — Polymarket Bettors Price 35% Odds,"JPMorgan predicts S&amp;P 500 will hit 8,000 by 2026, calling bears an &#39;extinct species.&#39; Polymarket bettors price a 35% chance of this rally.",Benzinga,company
JPM,2026-09-17 08:12:49,'Mastercard Inks Deal as Payment Giants Brace for New Era of AI Shopping' - Wall Street Journal,https://www.wsj.com/tech/ai/mastercard-inks-deal-as-payment-giants-brace-for-new-era-of-ai-shopping-eb22da8b,Benzinga,company
JPM,2026-09-17 08:15:00,Sumitomo Financial Group Is Now An Interesting Value And Growth Play In The Banking Sector,SMFG stock outlook: higher Japan rates fuel gains as it pivots to asset-light profits. Still discounted vs peers amid Jefferies risk.,SeekingAlpha,company
XOM,2026-09-17 09:21:31,Panama NGL Pipeline Decision Coming: Who Gets The Bid,"Panama is advancing a 2.5 mmboe/d NGL pipeline across the isthmus, bypassing canal congestion and unlocking an export route to Asia. Read full analysis here.",SeekingAlpha,company
JPM,2026-09-17 10:00:33,3 Stocks That Have Made Long-Term Investors Rich and Could Do It Again,"One semiconductor giant, one banking titan, and one Dividend King all share a trait that has quietly minted long-term millionaires, and each still carries a live catalyst that could power the next leg higher this fall.",Yahoo,company
PG,2026-09-17 10:40:00,Brushing Well Is Harder Than Most People Think — New Research Confirms Why the Technology Behind Oral-B iO is the Best Way to Help You Get it Right,"GENEVA, September 17, 2026--Oral-B, the #1 toothbrush brand used and recommended by dentists worldwide, today announced new evidence reinforcing the superiority of Oral-B iO technology. In an independent 2026 peer-reviewed network meta-analysis of 19 randomized clinical studies involving more than 1,300 participants, the oscillating-rotating technology behind Oral-B iO was ranked #1 for plaque removal and gingivitis reduction.",Yahoo,company
XOM,2026-09-17 11:33:10,"Update: Market Chatter: US, Vietnam Firms Set to Announce Deals During To Lam Visit",(Updates with Citi's comment in the seventh paragraph.) US and Vietnamese companies are expected,Yahoo,company
XOM,2026-09-17 11:34:50,ExxonMobil: Quietly Increasing Its Papua New Guinea Significance,"ExxonMobil expands Papua New Guinea gas and advances Guyanaâs 5th FPSO, boosting LNG exposure and resilient cash flows. Click for more on XOM stock.",SeekingAlpha,company
JNJ,2026-09-17 12:11:29,What Happens To AbbVie Stock If SKYRIZI Slows Down?,"AbbVie (ABBV) is trading within about one percent of its 52-week high after gaining roughly 24% over the past year, well ahead of the S&P 500. That price rests on two drugs, SKYRIZI above all, growing faster than 20% year over year while the company's older medicines shrink. The biggest risk to the stock makes no noise. It is the chance that this engine slows while the price assumes it cannot.",Yahoo,company
JPM,2026-09-17 12:12:27,The Fed Just Raised Rates–How To Cash In On The Hike,A quarter-point move nudged your borrowing costs higher on Wednesday. It also handed savers and a short list of sectors the best setup they have had in two years.,Benzinga,company
XOM,2026-09-17 12:12:27,The Fed Just Raised Rates–How To Cash In On The Hike,A quarter-point move nudged your borrowing costs higher on Wednesday. It also handed savers and a short list of sectors the best setup they have had in two years.,Benzinga,company
JNJ,2026-09-17 13:09:00,FDA Approves Label Expansion of BAYRY's Kidney Disease Drug Kerendia,"Bayer's Kerendia gains FDA approval for CKD linked to type 1 diabetes, expanding its patient reach and growth prospects.",Yahoo,company
PG,2026-09-17 13:16:00,Bounty Named the Official Wingman of NFL Gameday,"CINCINNATI, September 17, 2026--Bounty kicks off the NFL season with Rob Gronkowski, Coco Jones, and others to share the gameday food, messes and traditions that bring fans together.",Yahoo,company
JPM,2026-09-17 13:28:19,JPMorgan Is Still Expanding Its Brand-New Digital Assets Team. Here’s What It’s Building,"The leading tradfi giant JPMorgan Chase is no longer just eying the retail or institutional segment of crypto. It is still building out a new digital-assets organization inside its consumer banking business, months after the bank first began publicly hiring for the unit. The Consumer & Community Bank Digital Assets and Blockchain Solutions team first",Yahoo,company
XOM,2026-09-17 13:36:58,Senate Majority Leader John Thune Floats a Diesel Export Ban as Prices Hit $6.31 a Gallon. Trump Team Not Convinced It Would Work,"Diesel prices just hit a level that has Washington reaching for a policy tool it has never once deployed on refined fuel, but the experts arguing it would backfire may have the more convincing case.",Yahoo,company
XOM,2026-09-17 14:05:00,Prediction: ExxonMobil's Low-Carbon Bets Finally Show Up in Guidance by 2027,Carbon capture could become a profitable bridge for the energy giant.,Yahoo,company
JPM,2026-09-17 14:33:30,Chase celebrates the Sapphire Reserve’s 10th anniversary with new credits and a 5.5 million-point grand prize,Want to recreate your favorite vacation? A winning Sapphire Reserve cardholder will receive 5.5 million points to do exactly that.,CNBC,company
JPM,2026-09-17 14:46:00,Can JPM's Strong Q3 Capital Markets Outlook Help Sustain Fee Growth?,"JPMorgan's third-quarter 2026 outlook signals mid-to-high teens growth in IB fees and Markets revenues, supporting fee growth.",Yahoo,company
JPM,2026-09-17 14:55:22,JPMorgan CEO Jamie Dimon says high inflation hasn't been 'slayed',Yahoo Finance Senior Reporter David Hollerith joins Market Catalyst host Julie Hyman to report on this interview with JPMorgan Chase (JPM) CEO Jamie Dimon about how he is still not convinced that the problem of high inflation has been defeated and how AI is playing a role in the bank's operations and the financing boom in the industry.,Yahoo,company
JPM,2026-09-17 15:10:04,'Mini boom': How JPMorgan CEO Jamie Dimon is betting on small businesses,"Yahoo Finance Senior Reporter David Hollerith joins Market Catalyst host Julie Hyman to discuss JPMorgan Chase (JPM) CEO Jamie Dimon's approach to small business and how the bank is pushing to expand access to government-backed small-business loans, win government contracts, and reduce regulatory and administrative burdens.",Yahoo,company
JPM,2026-09-17 15:10:16,JPMorgan oil team gives up on forecasting Iran war endgame as Trump blows past economic redlines ,JPMorgan assumed at the start of the war that several economic redlines would force President Donald Trump into an agreement to open the Strait of Hormuz.,CNBC,company
JPM,2026-09-17 15:27:20,CRM Stock Drops Despite Fresh Price Target Hikes – JPMorgan Believes Investor Day Was 'Incrementally Positive’ For Re-Rating Thesis,"Stifel, Canaccord Genuity and Guggenheim raised their targets to $300, while BMO Capital lifted its target to $285.",Yahoo,company
XOM,2026-09-17 15:29:00,Exxon eyes a return to Venezuela oil market,"Payne Capital Management President & 'Payne Points of Wealth' Podcast Host Ryan Payne joins Yahoo Finance's Julie Hyman and Jake Conley to discuss the latest movement in oil (CL=F, BZ=F) as Exxon’s (XOM) returns to talks with Venezuela.",Yahoo,company
JPM,2026-09-17 15:54:55,JPMorgan Says Bitcoin Could Beat Gold as Analyst Predicts It'll 'Triple' Gold,"JPMorgan says Bitcoin could outperform gold if ETF hedging eases, while Eric Balchunas sees Bitcoin ETFs tripling gold in assets.",Benzinga,company
XOM,2026-09-17 16:22:00,Can Strong Oil Prices Drive ExxonMobil's Business Growth?,WTI near $100 and low-cost production in the Permian and Guyana could support XOM's earnings as drilling and AI boost output efficiency.,Yahoo,company
JNJ,2026-09-17 16:31:25,Why BSX Stock Lost More Than Half Its Value While Sales Kept Rising,"Boston Scientific (BSX) has fallen about 54% since late December 2025, and it now sits at $43.91, just above a 52-week low of $42.63. Device peers were mixed over the same nine months: Abbott lost about 17%, Medtronic barely moved, and Johnson & Johnson rose about 32%. The market repriced Boston Scientific's growth rate after management concentrated its guidance cut in two core product lines.",Yahoo,company
XOM,2026-09-17 16:43:23,"Exxon Nears Venezuelan Oil Deal, After Trump Says U.S. Secured 65 Billion Barrel Agreement With Country","Exxon Mobil is closing in on a return to Venezuela nearly two decades after Hugo Chavez seized its operations there, and the barrel figures flying around the deal tell very different stories depending on who is counting.",Yahoo,company
JNJ,2026-09-17 17:05:00,The September Scramble: Find Sanctuary in These 3 Defensive Dividend Stocks,"As Fed and inflation worries mount, Casey's General Stores, Johnson & Johnson, and PepsiCo stand out as defensive dividend payers with healthy balance sheets, growing payouts, and buyback programs.",Yahoo,company
XOM,2026-09-17 17:09:56,ExxonMobil (XOM) Holds Early Talks On A Return To Venezuela,"ExxonMobil (NYSE:XOM) has entered preliminary talks with Venezuelan authorities about potential re entry into the country's oil sector. The group has also taken part in newly announced US Vietnam trade agreements that include energy cooperation with Vietnamese partners. Management is assessing Venezuela alongside wider Latin American options as it weighs long term upstream opportunities in the region. ExxonMobil's tentative Venezuela discussions and fresh Vietnam agreements matter, but...",Yahoo,company
JPM,2026-09-17 17:20:00,Goldman Sachs Stock Is Worth a Look Now That Its Tech Glow Has Faded,CEO David Solomon talked about softness in the investment bank’s trading business—and the stock dropped 4%.,Yahoo,company
JNJ,2026-09-17 17:38:48,Johnson & Johnson (JNJ) Presents at Deutsche Bank 2026 Healthcare Summit Transcript,,SeekingAlpha,company
JPM,2026-09-17 17:41:49,JPMorgan Stock Could Hit $428 by 2030. Its Dividend Is Only Half the Story,"Key TakeawaysCFO Jeremy Barnum confirmed on the Q2 2026 call that the Board intends to raise the quarterly dividend to $1. 65 per share starting in the third quarter, a move made from a position of strength: $16.",Yahoo,company
JPM,2026-09-17 18:01:00,Bank of America’s Unrealized Bond Losses Could Top $90 Billion on Surging Yields,"The paper losses on a large Bank of America bond portfolio could have widened by more than $10 billion to over $90 billion in the current quarter, thanks to the fixed-income market’s blistering selloff.  Bank of America  $506 billion portfolio of low-rate bonds, mostly U.S. agency mortgage securities, has been a sore spot for shareholders.  Bank of America declined to comment Thursday.",Yahoo,company
JPM,2026-09-17 18:17:00,JPMorgan CEO doubles down on his inflation and economy verdict,Something Jamie Dimon just said is getting Wall Street’s attention.,Yahoo,company
JPM,2026-09-17 18:46:59,JPMorgan Falls as Prime Lending Reprices to 7%,The 25-basis-point increase can lift asset yields while testing borrowing demand and credit quality.,Yahoo,company
PG,2026-09-17 19:01:00,Why Investors May Want to Buy Procter & Gamble if Consumer Spending Cools,"As consumer confidence falls, investors look for more resilient stocks.",Yahoo,company
JNJ,2026-09-17 19:02:37,Johnson & Johnson Sees Path to Double-Digit Growth Despite 2026 Patent Cliff,"Johnson & Johnson (NYSE:JNJ) Executive Vice President and Chief Financial Officer Joe Wolk said the company sees a path to growth above its previously stated 5% to 7% long-term range, supported by its pharmaceutical pipeline, medical technology portfolio and capital flexibility. Speaking at a Deuts",Yahoo,company
JNJ,2026-09-17 19:06:42,Is ISRG Stock Really As Expensive As It Looks?,"Intuitive Surgical (ISRG), maker of the da Vinci surgical robots, trades at about $382, some 36% below its 52-week high. Even so, you pay about 35.9 times trailing adjusted earnings. That is normalized net income with stock-based compensation added back, a basis meant to sit closer to the one analysts forecast on, though the two are not defined identically. Analysts' forecasts run to 2027, the year Intuitive plans to start lowering what customers pay per use on some instruments.",Yahoo,company
JNJ,2026-09-17 19:17:26,Can Volume Keep Covering Eli Lilly's Price Cuts?,"Eli Lilly (LLY) grew revenue 48% in Q2 2026, driven by Zepbound and Mounjaro. A more understated metric for investors to watch is pricing. Lilly's U.S. price fell 9% from a year earlier, excluding changes to rebate estimates. So far, volume covers that cut. The risk is the quarter it cannot.",Yahoo,company
PG,2026-09-17 19:40:57,Sam's Club Expands Predictive Ad Targeting,"Sam's Club Connect introduced ""Predictive Precision Targeting"" capabilities on Thursday, expanding its measurement offering.",Yahoo,company
JPM,2026-09-17 20:00:07,"Even With $262,000 in VYM, You Wouldn’t Get a $500 Check Every Month","Retirees chasing a simple $500 monthly check from VYM run straight into a gap between how yields are calculated and how cash actually lands in your account, and the math gets uncomfortable fast.",Yahoo,company
XOM,2026-09-17 20:00:07,"Even With $262,000 in VYM, You Wouldn’t Get a $500 Check Every Month","Retirees chasing a simple $500 monthly check from VYM run straight into a gap between how yields are calculated and how cash actually lands in your account, and the math gets uncomfortable fast.",Yahoo,company
JNJ,2026-09-17 20:00:07,"Even With $262,000 in VYM, You Wouldn’t Get a $500 Check Every Month","Retirees chasing a simple $500 monthly check from VYM run straight into a gap between how yields are calculated and how cash actually lands in your account, and the math gets uncomfortable fast.",Yahoo,company
JPM,2026-09-17 20:22:00,JPMorganChase to Host Third-Quarter 2026 Earnings Call,"NEW YORK, September 17, 2026--As previously announced, JPMorgan Chase & Co. (NYSE: JPM) (""JPMorganChase"" or the ""Firm"") will host a conference call to review third-quarter 2026 financial results on Tuesday, October 13, 2026 at 8:30 a.m. (ET). The results are scheduled to be released at approximately 7:00 a.m. (ET). The live audio webcast and presentation slides will be available on www.jpmorganchase.com under Investor Relations, Events & Presentations.",Yahoo,company
JNJ,2026-09-17 20:30:00,PepsiCo Elects Joaquin Duato to Board of Directors,"PepsiCo, Inc. (NASDAQ: PEP) today announced its Board of Directors has elected Joaquin Duato as an independent member of the Board. Mr. Duato, 64, will join the Board effective December 1, 2026, and will be a member of the Audit Committee. Mr. Duato currently serves as Chairman and Chief Executive Officer of Johnson & Johnson, a global healthcare company.",Yahoo,company
JPM,2026-09-17 21:19:41,"$10,000 in a high-yield savings account or $10,000 in a CD: Which one will earn more in one year?","If you have $10,000, will putting it in a high-yield savings account or CD produce more interest? We crunched the numbers to find out.",Yahoo,company
JNJ,2026-09-17 21:45:04,Johnson & Johnson (JNJ) Increases Yet Falls Behind Market: What Investors Need to Know,"In the most recent trading session, Johnson & Johnson (JNJ) closed at $270.22, indicating a +1.1% shift from the previous trading day.",Yahoo,company
JPM,2026-09-18 00:39:42,JPMorgan Chase (JPM) Commits $750 Billion to Rebuilding America’s Housing Supply,"JPMorgan Chase & Co. (NYSE:JPM) said it plans to place more than $750 billion through 2035 to increase U.S. housing supply and support homeownership, with the Wall Street Journal covering the pledge as part of its broader American Dream Initiative. The commitment, nearly 40% more than the bank’s housing-related capital deployment over the prior decade, […]",Yahoo,company
PG,2026-09-18 02:12:16,Procter And Gamble (PG) Stock Could Be Cheap As 16% Five Year Gain Continues,"Procter & Gamble has delivered steady long term gains for shareholders, yet the current share price raises a clear question about how fully its cash flows are being reflected in the valuation. With the stock recently closing at US$147.55, the issue now is whether the underlying cash generation can support that level over time. Over the past 5 years, Procter & Gamble has returned 16.4%, which puts long term cash flow strength at the centre of the pricing debate today. Recent coverage...",Yahoo,company
XOM,2026-09-18 03:07:00,Exxon Mobil CFO warns of hidden risks behind oil supply shock,The oil executive flagged a refining squeeze tighter than anything seen outside Covid.,Yahoo,company
JNJ,2026-09-18 03:50:00,Better Dividend King to Buy and Hold: Johnson & Johnson or Kenvue?,"One healthcare dividend payer carries legal risk, the other faces a buyout. Here's which one actually deserves your money.",Yahoo,company
JPM,2026-09-18 05:14:59,Charles River Laboratories International (CRL) Stock Fair Value Rises After Analysts Lift Targets,"The analyst fair value estimate for Charles River Laboratories International has shifted from US$230.93 to US$282.43, a change of about 22% in the updated work. That move sits against Street commentary that now ranges from targets in the low US$200s to just above US$300. This reflects both renewed optimism around growth execution and ongoing discussion about valuation and timing. As you read on, you will see how this evolving price target story fits into the broader narrative and what signals...",Yahoo,company
PG,2026-09-18 07:00:01,"Why more companies are fighting over consumers' beauty, health and wellness spending","As consumers prioritize holistic retail purchases, beauty, health and wellness are increasingly converging into one category and one consumer budget.",CNBC,company
XOM,2026-09-18 07:05:00,"A $100,000 Retirement Dividend Snowball In A Rising-Rate World","Learn how to build a $100,000 dividend snowball for passive income in todayâs rising rate marketâplus allocation tips and specific picks.",SeekingAlpha,company
JNJ,2026-09-18 07:05:00,"A $100,000 Retirement Dividend Snowball In A Rising-Rate World","Learn how to build a $100,000 dividend snowball for passive income in todayâs rising rate marketâplus allocation tips and specific picks.",SeekingAlpha,company
PG,2026-09-18 07:34:51,The Hidden Winners Inside SCHD - September 2026,"Schwab US Dividend Equity ETF (SCHD) has outperformed SPY year-to-date, widening its lead during recent market volatility.",SeekingAlpha,company
JPM,2026-09-18 08:13:15,"The macro backdrop remains constructive for the financial sector, says BofA's Ebrahim Poonawala","Ebrahim Poonawala, BofA Securities senior North American banks analyst, joins 'Squawk Box' to discuss the Fed's decision to hike interest rates, impact on the financial sector, and more.",CNBC,company
PG,2026-09-18 08:16:11,The Dividend Kings Ranked By Quality Scores (September 2026),"Dividend Kings have a 50+ year track record of increasing dividends, showcasing resilience through economic challenges.",SeekingAlpha,company
JNJ,2026-09-18 08:16:11,The Dividend Kings Ranked By Quality Scores (September 2026),"Dividend Kings have a 50+ year track record of increasing dividends, showcasing resilience through economic challenges.",SeekingAlpha,company
JNJ,2026-09-18 09:15:46,Johnson & Johnson (JNJ) Faces A Fresh Valuation Test On DePuy Sale Talk,A potential sale of DePuy Synthes for about US$20b has put Johnson & Johnson (JNJ) back in focus for investors watching how management reshapes its MedTech footprint and capital allocation priorities. The share price of Johnson & Johnson sits at US$270.22 after a 1-day share price return of 1.10% and a 90-day share price return of 18.32%. Recent oncology data and portfolio reshaping moves have contributed to a year-to-date share price return of 30.32% and a 1-year total shareholder return of...,Yahoo,company
JNJ,2026-09-18 09:22:32,5 Undervalued Oncology Stocks Wall Street Is Overlooking,Oncology spending may hit $441B by 2029 as growth slows from genericsâsee 5 underappreciated cancer stocks with catalysts and upside. Click for the picks.,SeekingAlpha,company
JNJ,2026-09-18 09:39:00,Veradermics: Buy Before The Catalysts,"Veradermics (MANE) stock outlook: Phase 3 VDPHL01 readouts, FDA approval odds, cash runway, and hair loss market upsideâsee the bull case and act now.",SeekingAlpha,company
XOM,2026-09-18 09:48:14,Exxon Sees Power Demand Exploding 65% By 2050,"Exxon predicts 2050 global power demand will jump 65%, with oil and gas continuing to supply over half of the world&#39;s energy.",Benzinga,company
PG,2026-09-18 10:03:23,"P&G Has Cut 5,000 Jobs So Far. At 60, a Worker Leaving With Company Stock Can Lose a Capital-Gains Tax Break by Rolling Everything Into an IRA.","Thousands of P&G workers leaving with company stock in their 401(k) face a rollover decision that looks routine but can quietly erase a tax break worth tens of thousands of dollars, and most people check the wrong box before they ever realize it exists.",Yahoo,company
JPM,2026-09-18 10:30:00,J.P. Morgan to host its 11th India Conference in Mumbai,"MUMBAI, India, September 18, 2026--J.P. Morgan to host its 11th India Conference in Mumbai",Yahoo,company
PG,2026-09-18 11:00:45,Ohio Rep. David Taylor Bought Up to $30K Worth of Installed Building Prods Stock,"A September filing shows that Representative David Taylor reported a purchase in Installed Building Prods (NYSE:IBP), valued between $2,002 and $30,000. The transaction date is listed as September 8, 2026, with the",Benzinga,company
XOM,2026-09-18 11:11:00,ExxonMobil vs. ConocoPhillips: Which Oil Major's Stock Buybacks Will Actually Move the Needle?,"When it comes to game-changing catalysts, consider relative size, not just dollar figures alone.",Yahoo,company
JPM,2026-09-18 11:42:00,Watch 5 Stocks on Recent Dividend Hikes Amid Rising Rates & Volatility,"These five dividend stocks, including JPMorgan Chase, Microsoft and Argan, have raised payouts repeatedly, offering investors income amid market uncertainty.",Yahoo,company
JPM,2026-09-18 11:42:14,The Assumption Behind JPMorgan's Iran War Forecast Is Gone,JPMorgan says it doesn't know how to model the endgame as Brent holds over $100 and extra US fuel costs top $109 billion since February,Yahoo,company
JPM,2026-09-18 11:54:16,JPMorgan drops Iran war oil forecast as redlines are crossed,The bank's commodities team says economic thresholds it assumed would force a deal have been crossed with no exit strategy in sight,Yahoo,company
JPM,2026-09-18 11:56:00,JPMorgan Chase CEO Jamie Dimon Will Attend U.S. President Donald Trump's State Dinner For Chinese President Xi Jinping,- Reuters Citing Sources,Benzinga,company
JPM,2026-09-18 11:59:06,Citigroup CEO Jane Fraser Expected To Attend U.S. President Donald Trump's State Dinner For President Xi Jinping,- Reuters Citing Sources,Benzinga,company
JPM,2026-09-18 12:05:13,JPMorgan AWM operations head Julie Harris to retire in 2027 – report,Fred Crosnier willtake over leadership of AWM operations from 1 Januaryand report to AWM CEO Mary Callahan Erdoes.,Yahoo,company
JPM,2026-09-18 12:21:20,JPMorgan CEO Jamie Dimon attending Trump's state dinner for China's Xi: Source,"Dimon joins OpenAI CEO Sam Altman, Nvidia chief Jensen Huang and others who are reportedly planning to attend the Trump-Xi state dinner.",CNBC,company
JNJ,2026-09-18 12:33:46,Can Intuitive Surgical Make Up For A Lower Price Per Surgery?,"Intuitive Surgical (ISRG) has lost about 12% over the past year, while the S&P 500 returned about 17%. Most of the debate has been about the U.S. procedure growth slowing. The number that should worry a holder more is the money the company collects on the instruments used in each operation. Intuitive plans to lower it.",Yahoo,company
JPM,2026-09-18 12:43:00,How Will Berkshire Equities Be Run Without Warren Buffett?,The legendary investor is becoming chairman emeritus after only nine months as chairman. New CEO Greg Abel now truly steps into the spotlight.,Yahoo,company
JNJ,2026-09-18 12:45:51,The Moneymaxxing Crowd Will Love 5 High-Yield Dividend Stocks Under $20,"Younger investors are rewriting the rules of wealth building, and five overlooked dividend stocks under $20 sit right at the center of that shift. The real question is whether these picks can hold up long enough to matter.",Yahoo,company
PG,2026-09-18 13:00:06,Investors Heavily Search Procter & Gamble Company (The) (PG): Here is What You Need to Know,"P&G (PG) has received quite a bit of attention from Zacks.com users lately. Therefore, it is wise to be aware of the facts that can impact the stock's prospects.",Yahoo,company
JNJ,2026-09-18 13:05:00,"J&J Up 18% in Three Months: Buy, Sell or Hold the Stock?","JNJ's growth gets a boost from new drug launches and pipeline wins, but Stelara's patent loss and MedTech headwinds remain key risks.",Yahoo,company
JNJ,2026-09-18 13:23:00,Can AstraZeneca's Broad Pipeline Offset Recent Setbacks?,"AZN's pipeline setbacks weigh on its stock, but a deep late-stage pipeline and 20+ expected readouts offer key catalysts.",Yahoo,company
JPM,2026-09-18 13:35:13,10 Financials Stocks Whale Activity In Today’s Session,"This whale alert can help traders discover the next big trading opportunities.
Whales are entities with large sums of money and we track their transactions here at Benzinga on our options activity scanner.
Traders often",Benzinga,company
JNJ,2026-09-18 13:35:14,9 Health Care Stocks Whale Activity In Today’s Session,"This whale alert can help traders discover the next big trading opportunities.
Whales are entities with large sums of money and we track their transactions here at Benzinga on our options activity scanner.
Traders often",Benzinga,company
JPM,2026-09-18 14:33:37,JPMorgan Gives Up Forecasting Iran War Endgame as Trump Tells Reporters ‘Anything Could Happen With Me’,"It’s impossible to predict a red line that might compel de-escalation in the US-Iran War, says the commodities desk.",Yahoo,company
XOM,2026-09-18 14:35:04,Chevron vs. Exxon: Which Dividend Survives the Downturn,"Both oil giants raised their dividends again this year and carry decades-long growth streaks, but when crude craters, only one of them has the balance sheet to keep writing that check without breaking a sweat.",Yahoo,company
XOM,2026-09-18 14:41:35,Exxon’s 11 Million-Gallon Refinery Goes Dark. How High Can Midwest Gas Prices Go?,"A flooded pump has knocked one of the Midwest's biggest refineries offline at the worst possible moment, and fuel markets from Chicago to Pittsburgh are already stretched thin. The question now is how long Exxon can stay dark before prices in the region hit a new breaking point.",Yahoo,company
JPM,2026-09-18 15:32:00,"Stocks Bend, but Don’t Break, in Head-Spinning September. More Tests Are Coming.","A massive surge in Treasury bond yields, which lifted 10-year notes to the highest since 2007, paired with a worrying summer rally in global  crude prices  that has oil trading firmly north of $100 a barrel, leaned heavily on stocks but didn’t tip them over.  A Federal Reserve interest-rate hike, coupled with hawkish language and quickening inflation forecasts, also came and went, with stocks posting their strongest gains in six weeks and an index of the Magnificent Seven tech giants coming within half a point of the all-time high it reached in late May.  Tech stocks, in fact, have largely weathered a series of “end of days” headlines from the AI space, with an index of semiconductor stocks falling around 3.3% over the past month and those in the information technology edging just 1.2% lower despite the torrent of stories tied to apocalyptic AI risks.",Yahoo,company
PG,2026-09-18 15:32:33,Could high gas prices start shocking company earnings?,PNC Asset Management Group CIO Amanda Agati and Yahoo Finance Senior Business Reporter Ines Ferré join Yahoo Finance Executive Editor Brian Sozzi to talk about diesel prices at an all-time high and gasoline prices nearing its high from May and whether it could start affecting the bottom line of companies.,Yahoo,company
XOM,2026-09-18 15:36:00,"Chemical Recycling Market Size, Share & Trends Analysis - Global Opportunity Analysis & Industry Forecast (2026-2036)","The global chemical recycling market is projected to grow from USD 4.8 billion in 2026 to USD 18.4 billion by 2036, at a 14.4% CAGR. Growth is driven by plastic waste volumes, recycled-content mandates, demand for food-grade recycled plastics, and advances in pyrolysis and enzymatic recycling. Europe leads the market, while Asia-Pacific is forecast to grow fastest. The report examines technologies, feedstocks, applications, regional trends, investment opportunities, and leading companies includi",Yahoo,company
JPM,2026-09-18 15:53:47,"NScale Announces IPO Of Ordinary Shares; To On NYSE Under Symbol 'NSCL'; Goldman Sachs, J.P. Morgan, Morgan Stanley Lead Bookrunners; Says For The 6-Months Ended June 30, 2026 And 2025, We Generated Revenues Of $140.6M And $10.4M, Respectively; Says Do Not Anticipate Paying Any Cash Dividends On Our Ordinary Shares In The Foreseeable Future; As Of August 31, About $2.6B Of Active, $103.4B Of Active And Contracted TCV Under Long-Term Take-Or-Pay Contracts With Customers",https://www.sec.gov/Archives/edgar/data/2110365/000119312526395475/ck0002110365-20260918.htm,Benzinga,company
JPM,2026-09-18 16:12:53,Congressman Ditches Magnificent Seven Stocks for Consumer Staples: Here's What He Bought,A US congressman sold some Magnificent Seven stocks and replaced them with a couple consumer staples. Here&#39;s the trades.,Benzinga,company
JNJ,2026-09-18 16:40:06,Which dow jones stocks are moving on Friday?,Curious about the dow jones stocks that are in motion on Friday? Join us as we explore the top movers within the dow jones index during today's session.,ChartMill,company
PG,2026-09-18 16:40:06,Which dow jones stocks are moving on Friday?,Curious about the dow jones stocks that are in motion on Friday? Join us as we explore the top movers within the dow jones index during today's session.,ChartMill,company
JPM,2026-09-18 16:47:40,JPMorgan Sees Investment Banking and Trading Powering Q3 Growth,"JPMorgan Chase & Co. (NYSE:JPM) expects investment banking fees and markets revenue to rise in the mid-to-high teens percentage in the third quarter, according to co-President Doug Petno, contrasting sharply with Bank of America’s expectation for a roughly 10% decline in investment banking fees. Petno said JPMorgan entered the quarter with a strong pipeline and […]",Yahoo,company
JPM,2026-09-18 17:03:50,"JPMorgan Values Bitcoin at $266,000 Against Gold. Why It’s Trading Below $81,000?","JPMorgan's analysts put a staggering price tag on Bitcoin that dwarfs every other bank's forecast, yet the coin keeps trading at a fraction of that figure. Understanding why reveals something uncomfortable about how valuation models actually work.",Yahoo,company
XOM,2026-09-18 17:08:00,ExxonMobil's Advantaged Assets and Refining Strength Drive Outlook,"XOM's advantaged assets, strong crude prices and elevated refining margins support its production and refining outlook.",Yahoo,company
JNJ,2026-09-18 18:09:09,Merck Stock Nearly Doubled Without A Change In Its Revenue Growth,"Merck (MRK) stock returned about 87% over the past twelve months, climbing from roughly $79 to about $147. Nothing in the year's results looks like that. The medicines Merck sells today grew at their usual pace. Investors spent the year repricing what comes next.",Yahoo,company
JPM,2026-09-18 18:12:06,Sodexo (ENXTPA:SW) Stock Gets Fair Value Bump After Analyst Target Increases,"Sodexo’s fair value estimate has shifted from €52.66 to €54.63, a change of about 3.7% that fine tunes where analysts see the stock’s long term potential. This sits alongside a series of upward price target moves from more positive houses, even as others keep Neutral or Underweight ratings and cluster in the €50 to €60 range. As you read on, you will see how to track these changing targets and what they might mean for your own view on Sodexo. Analyst Price Targets don't always capture the...",Yahoo,company
JPM,2026-09-18 18:14:15,"Dividend Champion, Contender, And Challenger Highlights: Week September 20","Track weekly dividend updates for Dividend Champions, Contenders & Challengersâsee dividend changes, upcoming ex-dividend dates and pay dates here.",SeekingAlpha,company
JNJ,2026-09-18 19:10:07,These dow jones stocks are moving in today's session,Join us in exploring the top gainers and losers within the dow jones index one hour before the close of the markets on Friday as we examine the latest happenings in today's session.,ChartMill,company
XOM,2026-09-18 19:24:00,500th Episode: Investing Tips from 11 Years of Podcasting About Stocks,"Bulls and bears, COVID, a banking crisis, and the AI Revolution. What stocks stand out over the last 11 years?",Yahoo,company
JPM,2026-09-18 19:24:00,500th Episode: Investing Tips from 11 Years of Podcasting About Stocks,"Bulls and bears, COVID, a banking crisis, and the AI Revolution. What stocks stand out over the last 11 years?",Yahoo,company
JPM,2026-09-18 20:10:26,PG&E (PCG) Stock Fair Value Edges Lower As Analysts Split On Wildfire Risk,"PG&E’s latest analyst update includes a trim to its fair value estimate, with the price target moving from US$20.78 to US$19.66. That shift reflects a split view on the stock, as some firms see opportunity after recent target resets, while others stay focused on wildfire policy risk, the revised capex plan, and the extended timeline for any reform in California. Read on to see what is driving these calls and how to follow the evolving PG&E story from here. Stay updated as the Fair Value for...",Yahoo,company
JNJ,2026-09-18 20:14:43,"Is Johnson & Johnson Stock Expensive, Or Is STELARA Hiding The Real Price?","Johnson & Johnson (JNJ) stock has returned about 57% over the past year, against about 17% for the S&P 500. On the earnings it has already banked, that price looks expensive. But those earnings carry STELARA, which is losing share to biosimilar competition. What looks dear on earnings already reported comes down sharply on the earnings analysts expect.",Yahoo,company
XOM,2026-09-18 20:35:00,Ranking the Safest Dividend Stocks in the Energy Sector Right Now,"ExxonMobil, Enterprise Products Partners, and Brookfield Renewable are safe income plays.",Yahoo,company
PG,2026-09-18 21:06:25,"Sir Lynton Crosby, CT Group Executive Chairman, on the Case for Capitalism","By Exec-Edge Editorial Staff Sir Lynton Crosby has spent four decades reading public opinion for people who couldn’t afford to get it wrong — prime ministers, presidents, and the boards of some of the world’s largest companies. As Executive Chairman of CT Group, the research and strategy firm he co-founded, Crosby has built one of […] The post Sir Lynton Crosby, CT Group Executive Chairman, on the Case for Capitalism appeared first on ExecEdge.",Yahoo,company
JPM,2026-09-18 21:14:02,IREN (IREN) Stock Fair Value Edges Lower As AI Cloud Wins Meet Build Out Risks,"The latest update on IREN trims the Fair Value estimate from US$80.93 to US$79.03, a relatively modest adjustment given the size of its AI ambitions. Analysts link this move to a mix of growing AI cloud contracts and ongoing questions around execution and supply build out through 2027, which both influence how comfortable they are with the stock’s valuation. As you read on, you will see how these shifting assumptions and fresh research calls are shaping the evolving IREN story and what it...",Yahoo,company
JNJ,2026-09-18 21:23:44,What Would It Take For Eli Lilly Stock To Keep Climbing?,"Eli Lilly (LLY) trades near $1,150, up about 52% over the past year, and is now worth more than a trillion dollars. At that size the easy read is that the big money has been made. But Lilly has barely started selling Foundayo, its oral obesity medicine, outside the United States. So how much is left? The scenario below starts from Lilly's own trailing numbers, but the growth, margin, and multiple it assumes are ours. It is not a forecast and not a price target.",Yahoo,company
JPM,2026-09-18 22:59:46,"Bitcoin’s Production Cost Is $78,000. What Happens When Miners Lose Money?","JPMorgan pegs Bitcoin's production cost above its current market price, and miners have already broken records to stay afloat. What built-in network forces determine whether this becomes a prolonged bleed or a setup for recovery?",Yahoo,company
JPM,2026-09-19 01:17:00,JPMorgan sends stark warning on $100 oil,The bank’s latest warning exposes a fragile balance beneath prices.,Yahoo,company
JNJ,2026-09-19 03:19:14,"PepsiCo (PEP) Adds A New Director, Is The Discount To Fair Value Warranted?","Board change puts governance in focus PepsiCo (PEP) has drawn fresh attention after appointing Johnson & Johnson chief Joaquin Duato as an independent director and Audit Committee member, steering conversation toward board oversight and long term decision making. Recent trading has been rough for PepsiCo, with the share price falling 9.0% over the past 30 days and 8.8% year to date. The 1 year total shareholder return is down 4.8% and the 3 year total shareholder return has declined 17.5%,...",Yahoo,company
XOM,2026-09-19 09:00:00,The S&P 500 Has Returned About 11% Annually Since 1958. Here's the ETF I'd Trust for the Next 30 Years.,Investors need something that evolves with a changing economy.,Yahoo,company
PG,2026-09-19 09:00:00,The S&P 500 Has Returned About 11% Annually Since 1958. Here's the ETF I'd Trust for the Next 30 Years.,Investors need something that evolves with a changing economy.,Yahoo,company
JNJ,2026-09-19 09:00:00,The S&P 500 Has Returned About 11% Annually Since 1958. Here's the ETF I'd Trust for the Next 30 Years.,Investors need something that evolves with a changing economy.,Yahoo,company
JPM,2026-09-19 11:15:17,Crude Oil Price Rises on Hyperliquid as Houthi Hits Riyadh Airport,"Crude oil price is rising on Hyperliquid after Houthi rebels, also known as Ansar Allah, targeted Riyadh Airport today",Benzinga,company
JPM,2026-09-19 11:30:19,Kevin O’Leary Warns Investors About the ‘Biggest Killer’ of Investment Value: 'Your Equity Can get Wiped Out Fast' When Markets Turn,"Investor and entrepreneur Kevin O’Leary warned investors that excessive borrowing can quickly destroy the value of an otherwise strong investment when markets turn against them. O’Leary Warns About Investment Leverage On Wednesday, O’Leary said on X that excessive leverage is...",Yahoo,company
JPM,2026-09-19 22:15:20,Bank of New York Mellon Corporation (BNY) Lost A Depositary Mandate,"Bank of New York Mellon Corporation (NYSE:BNY) has been replaced as depositary for Kazia Therapeutics Limited’s American Depositary Receipt program. Kazia Therapeutics has appointed JPMorgan Chase Bank, N.A. as the new depositary for its ADRs, according to the company’s latest update. The shift away from Bank of New York Mellon Corporation in Kazia’s ADR program highlights a change in a visible client mandate for BNY’s capital markets services. The replacement of Bank of New York Mellon...",Yahoo,company
JPM,2026-09-20 06:01:13,Why Greek banks deserve your attention,"Investing.com -- Greek banks have moved from a post-crisis balance-sheet repair story into one centred on growth, earnings and shareholder returns, with J.P. Morgan forecasting 12% annual EPS growth between 2025 and 2028 and mid-teens returns on tangible equity.",Yahoo,company
XOM,2026-09-20 09:30:00,"How To Build The Ultimate $1,000,000 Income Portfolio","Protect your retirement income: beat inflation, avoid sequence risk, and build a 4.5% yield portfolio blueprint (income, real assets, growth, T-bills). Read the full analysis here.",SeekingAlpha,company
XOM,2026-09-20 10:11:23,ExxonMobil Stock And Oil Majors Facing New Pressure On Global Supply Routes,"Missiles near Riyadh, reports of strikes on Aramco facilities in Yanbu and threats to Red Sea shipping have pushed energy security back into the spotlight, and that kind of stress on supply routes can quickly reshape where capital flows. Investors who ignore this risk story may miss out or stay exposed in the wrong places. This piece walks through three integrated oil majors from our screener that are directly tied to this news and explains how the current backdrop could help or hurt each...",Yahoo,company
JPM,2026-09-20 14:35:00,"The Bond Market Is Rattled, and History Says That Could Be a Warning Signal to Investors","Bond yields rose ahead of the Fed rate hike, and investors should be worried about Wall Street and Main Street.",Yahoo,company
JPM,2026-09-20 15:47:45,Bessent Meets Chinese Vice Premier He Lifeng Ahead of High-Stakes Trump-Xi Summit,"Bessent and China’s He Lifeng met in New York ahead of the Trump-Xi summit, focusing on AI, tariffs, rare earths and trade tensions.",Benzinga,company
JPM,2026-09-20 15:50:00,Prediction: The Best-Performing Big Bank Stock of the Next 2 Years Is Not JPMorgan Chase,These fast-growing bank stocks offer incredible opportunities for investors.,Yahoo,company
XOM,2026-09-20 15:51:23,Targa Resources (TRGP) Gets a Fresh Vote of Confidence from TD Cowen,"Targa Resources Corp. (NYSE:TRGP) has significantly outperformed the wider market this year, posting gains of over 56% since the beginning of 2026. A major catalyst behind this growth was the 20-year fee-based agreement that the company signed with ExxonMobil last month. While there are concerns that the stock’s rally may have topped out, the analysts […]",Yahoo,company
XOM,2026-09-20 16:40:59,Exxon (XOM) Eyes a Return to Venezuela After Nearly Two Decades Away,"A Wall Street Journal report on September 16 revealed that ExxonMobil Holdings Corporation (NYSE:XOM) is nearing a preliminary agreement with Venezuela’s state-owned PDVSA, potentially marking its return to the country almost two decades after its assets were nationalized. According to Reuters, Exxon has shown interest in the large Petromonagas heavy oil project in the Orinoco […]",Yahoo,company
JPM,2026-09-20 21:07:19,"Dividend Announcements: September 12-18, 2026","Microsoft stands out for quality, low payout, and dividend safety, though its 0.79% yield is modest. Check out ten notable dividend raises this week.",SeekingAlpha,company
JPM,2026-09-20 21:35:00,"The Ultimate Dividend Growth stock to Buy With $1,000 Right Now.","Coca-Cola isn't cheap, but it is executing well in a difficult market and has an incredible dividend history.",Yahoo,company
XOM,2026-09-20 23:00:00,Big Oil’s Production Keeps Soaring Despite Deep Spending Cuts,Some of the world’s largest oil and gas companies have adopted a new modus operandi ever since the historic oil price crash of 2020 devastated energy companies,Yahoo,company
JPM,2026-09-21 01:02:15,Iran’s Ghalibaf Warns Trump Over Strait of Hormuz: ‘Trying to Suffocate Iran Without Blowback’ Is ‘Impossible’,Iranian Parliament Speaker Ghalibaf warns that targeting Iran via the Strait of Hormuz would trigger unavoidable blowback.,Benzinga,company
JPM,2026-09-21 05:31:26,JPMorgan Sees Dealmaking On Track for Record Year,"Dorothee Blessing, Global Investment Banking Co-Head at JPMorgan, says it's been a busy year for dealmaking. She speaks exclusively with Menaka Doshi from the sidelines of the JPMorgan India Conference.",Yahoo,company
JPM,2026-09-21 07:27:22,"'JPMorgan, Qatar’s QIA Target $20 Billion Investment Partnership' - Bloomberg",https://www.bloomberg.com/news/articles/2026-09-21/jpmorgan-qatar-s-qia-target-20-billion-investment-partnership,Benzinga,company
JNJ,2026-09-21 07:30:00,How J&J paved the way for Compass’ coming psychedelic drug launch,"In an interview with BioPharma Dive, Compass executives said that, should the FDA approve their treatment, they hope to capitalize on a strategy pioneered by J&J in selling the ketamine spray Spravato.",Yahoo,company
PG,2026-09-21 07:58:25,3 Unpopular Stocks Walking a Fine Line,Wall Street has issued downbeat forecasts for the stocks in this article. These predictions are rare - financial institutions typically hesitate to say bad things about a company because it can jeopardize their other revenue-generating business lines like M&A advisory.,Yahoo,company
JNJ,2026-09-21 08:06:00,"Johnson & Johnson Announces CAPLYTA Demonstrates Reduction In Signs, Symptoms Of Acute Manic Episodes Associated With Bipolar I Disorder In Phase 3 Trial",Johnson &amp; Johnson (NYSE: JNJ) today announced positive topline results from the pivotal Phase 3 study evaluating CAPLYTA® (lumateperone) for the treatment of manic episodes with or without mixed features in adults,Benzinga,company
JPM,2026-09-21 09:13:02,Banco Macro (BASE:BMA) Stock Gets Fair Value Trim As Analysts Split On Momentum,"The latest update on Banco Macro focuses on a shift in valuation signals, including a Street high price target of US$132 alongside a revised fair value estimate of ARS 17,588.77. This change sits within a split analyst backdrop, where some research points to potential upside, while others lean toward a more cautious stance on execution and momentum. As you read on, you will see how these price targets fit into the broader narrative and how to track the next moves in Banco Macro’s...",Yahoo,company
XOM,2026-09-21 09:41:21,"Same Conference, Same Day, Same Bet: Chevron and ExxonMobil Double Down on LNG","Two of America’s leading energy companies chose the same week, the same city, and virtually the same stage to make the same bet: that the world’s demand for liquefied natural gas will continue to increase, disruptions and all. Chevron Corporation (NYSE:CVX) and ExxonMobil Holdings Corporation (NYSE:XOM) both used the Gastech conference in Bangkok to lay […]",Yahoo,company
JPM,2026-09-21 10:34:00,"MEDIA ADVISORY- J.P. Morgan, FISPAN, and BPM to Host Web Event on the Shift to AI-Assisted Finance","J.P. Morgan, FISPAN, and BPM are co-hosting a live web event titled, ""From Manual AP to AI-Assisted Finance: The Shift to Proactive Execution."" The session will serve as a practical, step-by-step guide for growing companies to modernize their finance operations without overwhelming their teams or budgets.",Yahoo,company
XOM,2026-09-21 11:17:25,ExxonMobil Stock Falls Monday: What's Happening?,ExxonMobil shares are trading lower Monday as crude prices retreat amid recovering Saudi Arabian export volumes.,Benzinga,company
XOM,2026-09-21 11:54:23,The Fed Is Watching AI Inflation. Here's What ETF Investors Should Watch,"ETF investors should take note of rising data-center demand for power, copper and infrastructure as AI investment fuels inflation.",Benzinga,company
JPM,2026-09-21 12:00:00,QIA and J.P. Morgan Asset Management Announce $20 Billion Strategic Partnership,(NYSE: JPM) Qatar Investment Authority (QIA) and J.P. Morgan Asset Management (JPMAM) today announced the signing of a Memorandum of Understanding (MoU) to establish a USD 20 billion strategic partnership leveraging capabilities across public and private markets in both equities and credit.,Yahoo,company
JNJ,2026-09-21 12:00:00,CAPLYTA® (lumateperone) shows significant and rapid improvement in bipolar mania in pivotal Phase 3 study,"Johnson & Johnson (NYSE: JNJ) today announced positive topline results from the pivotal Phase 3 study evaluating CAPLYTA® (lumateperone) for the treatment of manic episodes with or without mixed features in adults with bipolar I disorder. The study met its primary endpoint, with CAPLYTA® demonstrating a statistically significant and rapid reduction in manic symptoms versus placebo at Week 3, with significant improvement seen as early as Day 3. The findings were presented in a late-breaking prese",Yahoo,company
JNJ,2026-09-21 12:20:29,Novo Nordisk Stock Drops 5.6% as 2030 Goals Match Peers,The drugmaker expects growth in line with industry peers as it works to rebuild its pipeline beyond obesity,Yahoo,company
JPM,2026-09-21 12:56:22,JPMorgan Lands $20 Billion Qatar Investment Mandate,JPMorgan stock rises as J.P. Morgan Asset Management partners with QIA in a $20B deal spanning public equities and private markets.,Benzinga,company
JPM,2026-09-21 12:57:00,Will JPMorgan's Selective M&A Strategy Expand Growth Runway?,"JPM's selective M&A approach is likely to add payments, data and technology capabilities while keeping organic growth at the center of its expansion strategy.",Yahoo,company
JPM,2026-09-21 13:00:03,Investors Heavily Search JPMorgan Chase & Co. (JPM): Here is What You Need to Know,"JPMorgan Chase & Co. (JPM) has received quite a bit of attention from Zacks.com users lately. Therefore, it is wise to be aware of the facts that can impact the stock's prospects.",Yahoo,company
JPM,2026-09-21 13:02:00,"Zacks Market Edge Highlights: ExxonMobil, JPMorgan Chase and NVIDIA","ExxonMobil, JPMorgan Chase and NVIDIA headline Zacks Market Edge's 500th episode, with earnings growth and market gains in focus.",Yahoo,company
XOM,2026-09-21 13:02:00,"Zacks Market Edge Highlights: ExxonMobil, JPMorgan Chase and NVIDIA","ExxonMobil, JPMorgan Chase and NVIDIA headline Zacks Market Edge's 500th episode, with earnings growth and market gains in focus.",Yahoo,company
JNJ,2026-09-21 13:08:49,Johnson & Johnson Drug Shows Improved Mania Symptoms in Bipolar Patients,"Johnson &amp; Johnson announces positive Phase 3 results for CAPLYTA, showing rapid reduction in bipolar I disorder manic symptoms.",Benzinga,company
JPM,2026-09-21 13:20:42,Fed Rate Hike Fails to Lift Bank Stocks as Market Reprices the Rally,"The Fed raised rates for the first time in three years, and bank stocks promptly sold off. What looks like a contradiction might be a warning about where the trade goes from here.",Yahoo,company
XOM,2026-09-21 13:51:25,"Nasdaq 100 Rallies, Intel Soars 14%: Stock Market Today","A fourth straight decline in crude oil handed Wall Street a fresh leg higher Monday, with the Nasdaq 100 jumping to a three-month high as semiconductors led the tape. Intel surged nearly 14% on SK Hynix foundry optimism while AMD crossed the $1 trillion mark. Energy was the lone sector in the red as WTI slid more than 5% to an 11-day low",Benzinga,company
XOM,2026-09-21 13:53:00,"Delixy Holdings H1 EPS $0.04 Up From $0.03 YoY, Sales $102.000M Down From $143.761M YoY",,Benzinga,company
JPM,2026-09-21 13:57:49,Qatar Investment Authority and JPMorgan announce $20 billion partnership,The deal splits into a $15 billion public equities mandate and a $5 billion private markets initiative targeting U.S. middle-market companies,Yahoo,company
JPM,2026-09-21 14:09:04,Roblox shares rise as JPMorgan notes surge in weekend platform engagement,"Investing.com -- Roblox Corp (NYSE:RBLX) shares advanced 5.2% in early Monday trading following fresh weekly engagement data from JPMorgan that highlighted a sharp weekend spike in platform usage. The uptick came as JPMorgan analyst Cory Carpenter reiterated a Neutral rating and $40.00 price target on the online gaming platform, citing encouraging progress in discovery algorithm performance despite broader seasonal pressure. Peak concurrent users across the entire platform reached 28.7 million o",Yahoo,company
JNJ,2026-09-21 14:17:11,What Would It Take For Pfizer To Cut Its Dividend?,"Pfizer (PFE) has returned 23.1% over the past year and trades about 5% below its three-year high. Yet one question keeps coming back on its earnings calls: would it ever cut the dividend? An analyst asked it outright on the August call, and another tied it to a big acquisition in May. So what would a cut take, and what would it change.",Yahoo,company
JNJ,2026-09-21 14:20:00,"Does Long-Term Dividend Investing Really Work? This Study Says ""Definitely.""",Dividend growth stocks have outperformed other types and have done so with significantly less risk.,Yahoo,company
PG,2026-09-21 14:20:00,"Does Long-Term Dividend Investing Really Work? This Study Says ""Definitely.""",Dividend growth stocks have outperformed other types and have done so with significantly less risk.,Yahoo,company
XOM,2026-09-21 14:22:25,3 Inflated  Stocks We Think Twice About,"The stocks in this article are all trading near their 52-week highs. This strength often reflects positive developments such as new product launches, favorable industry trends, or improved financial performance.",Yahoo,company
XOM,2026-09-21 14:35:02,Monday's session: gap up and gap down stock in the S&P500 index,Wondering which stocks are making significant price gaps? Explore the S&P500 index on Monday to find the gap up and gap down stocks in today's session.,ChartMill,company
JNJ,2026-09-21 15:05:46,How Far Could ISRG Stock Bounce From Here?,"Intuitive Surgical (ISRG) stock could climb 23.9% to the April high it last fell back from, and you would risk about 5% to find out. That looks like a surgical-robot leader on sale, but the price history disagrees. Over the last two years, none of its visits to this price range turned into a 20% gain before a 5% drop.",Yahoo,company
JPM,2026-09-21 15:07:46,"Stock Market Today: Dow Up As Alphabet Shines, Tech Fund Offers Entry; Oil Dips On Iran Hopes (Live Coverage)",Stock Market Today: The Dow Jones index rallies Monday as oil prices and Treasury yields drop. Nvidia and Google stock climb.,Yahoo,company
XOM,2026-09-21 15:10:00,This Energy Stock Could Give ExxonMobil a Run: Should You Buy?,"VLO's heavy-crude edge, strong refining margins and cheaper valuation could fuel more upside despite higher crude costs.",Yahoo,company
XOM,2026-09-21 15:22:34,"Exxon's 275,000-Barrel-a-Day Joliet Refinery Remains Offline",Restored electricity has not returned Joliet production while fuel markets remain unusually tight.,Yahoo,company
XOM,2026-09-21 15:22:42,"ExxonMobil Refining Upside Could Offset Middle East Earnings Loss, RBC Says","ExxonMobil (XOM) refining upside could offset lost earnings from its Middle East exposure, and the c",Yahoo,company
JPM,2026-09-21 15:32:23,JPMorgan Slips as Fed Smooths Stress-Capital Volatility,Two-year averaging could steady capital planning without automatically lowering JPMorgan's requirement.,Yahoo,company
XOM,2026-09-21 15:37:00,Can ExxonMobil Turn Carbon Capture Into a Major Growth Market?,"XOM is expanding its Gulf Coast CCS network, targeting up to 100 million metric tons of CO2 storage capacity annually.",Yahoo,company
JPM,2026-09-21 15:41:00,Will AI Become BAC's Next Major Efficiency & Growth Lever?,"Bank of America is scaling AI across its workforce, targeting productivity gains, lower servicing costs and new infrastructure-driven revenue opportunities.",Yahoo,company
JNJ,2026-09-21 15:45:10,Novo Sets Long-Term Targets Ahead of Semaglutide Patent Expirations,Novo Nordisk's (NVO) US-listed shares declined as the Danish drugmaker unveiled its long-term growth,Yahoo,company
XOM,2026-09-21 15:50:00,How to Earn $250 a Month From Exxon Stock,The oil and gas giant's dividend history is reliable enough to reasonably predict its future.,Yahoo,company
JPM,2026-09-21 16:18:29,T-Mobile Stock Slips To More Than Two-Year Low — JPMorgan Cuts Target Ahead Of Q3 Citing Softer Service Revenue Outlook,"JPMorgan cut its TMUS target to $260 from $275 and kept an 'Overweight' rating, per TheFly.",Yahoo,company
PG,2026-09-21 16:22:00,Will Pricing Sustain Procter & Gamble as Volume Growth Stays Elusive?,"PG faces a $1.4 billion after-tax earnings headwind in fiscal 2027 as rising costs, FX pressure and other factors weigh on margins.",Yahoo,company
XOM,2026-09-21 16:35:01,Discover which S&P500 stocks are making waves on Monday.,Stay updated with the movements of the S&P500 index in the middle of the day on Monday. Discover which stocks are leading as top gainers and losers in today's session.,ChartMill,company
JNJ,2026-09-21 17:00:00,Psoriatic Arthritis Market Landscape: 6 Key Late-Stage Drugs Set to Drive Future Growth | DelveInsight,"The launch of emerging therapies such as ILUMYA/ILUMETRI (tildrakizumab-asmn; Sun Pharma), Izokibep (Affibody Medical), ICOTYDE (icotrokinra; Johnson & Johnson), Zasocitinib (TAK-279; Takeda), Sonelokimab (MoonLake Immunotherapeutics), Vunakizumab (Suzhou Suncadia), SPY 072 (Spyre Therapeutics), PN-881 (Protagonist Therapeutics), and others is expected to significantly reshape the Psoriatic Arthritis (PsA) market by expanding treatment options and addressing unmet needs among patients with inade",Yahoo,company
JPM,2026-09-21 19:00:00,Chase Builds on Freedom Flex’s Everyday Rewards with More Travel Value,"WILMINGTON, Del., September 21, 2026--Chase today announced new travel benefits and features on the Chase Freedom Flex card, including no foreign transaction fees on international purchases. Chase Freedom cardmembers can now also access Points Boost offers when redeeming points on select hotel bookings through Chase Travel. Together with the 5% cash back that Freedom Flex cardmembers already earn on Chase Travel purchases, these updates deliver even more value when cardmembers book and travel. T",Yahoo,company
XOM,2026-09-21 19:05:01,Monday's session: top gainers and losers in the S&P500 index,Wondering what's happening in today's session for the S&P500 index? Stay informed with the top movers within the S&P500 index on Monday.,ChartMill,company
JNJ,2026-09-21 19:07:09,J&J Gains as Caplyta Opens a Mania Expansion Path,"A three-week study produced rapid symptom improvement, but regulatory approval and commercial conversion remain ahead.",Yahoo,company
PG,2026-09-21 19:10:08,These dow jones stocks are moving in today's session,Stay updated with the movement of dow jones stocks in today's session. Discover which dow jones stocks are making waves on Monday.,ChartMill,company
XOM,2026-09-21 19:55:01,XLE Is 91% Oil and Gas. Investors Buying “Energy” May Own Less Than They Think,"The ticker says energy, but the fund's holdings tell a much narrower story than most investors expect before they buy in.",Yahoo,company
XOM,2026-09-21 20:50:00,Exxon Could Return to the Venezuelan Field It Was Forced Out of in 2007. Here's What Changed.,ExxonMobil is considering investing in Venezuela again after being kicked out twice.,Yahoo,company
PG,2026-09-21 21:10:00,"Top Stock Reports for Procter & Gamble, Sandisk & Analog Devices","Procter & Gamble, Sandisk and Analog Devices highlight strong brands, AI demand and recovery trends, while key risks could shape their outlook.",Yahoo,company
JPM,2026-09-21 21:30:01,"Jamie Dimon says hyperscaler AI spending could hit $1 trillion next year
",JPMorgan CEO Jamie Dimon says AI spending across the hyperscaler ecosystem could reach $1 trillion next year as investment continues to surge.,CNBC,company
XOM,2026-09-21 21:45:07,Exxon Mobil Holdings (XOM) Stock Drops Despite Market Gains: Important Facts to Note,"Exxon Mobil Holdings (XOM) concluded the recent trading session at $158.3, signifying a -3.2% move from its prior day's close.",Yahoo,company
XOM,2026-09-21 23:27:07,ExxonMobil Nears a Venezuela Return After 19 Years. Here’s Where the Stock Could Go,"Key Stats for ExxonMobil StockCurrent Price: $163. 54Target Price (Mid): ~$170Street Target: ~$171Potential Total Return: ~4%Annualized IRR: ~1% / yearWhat Happened?ExxonMobil (XOM) is close to walking back into a country that pushed it out nearly two decades ago, and the stock barely blinked.",Yahoo,company
JNJ,2026-09-21 23:35:00,Johnson & Johnson May Offload Its Orthopedics Unit for $20 Billion -- and Investors Shouldn't Miss What That Could Signal,Healthcare giant Johnson & Johnson is looking to become a more profitable and faster-growing business.,Yahoo,company
JPM,2026-09-22 01:53:32,"JPMorgan Raises its Dividend: A Look at Yield, Capital, and Shareholder Returns","JPMorgan Chase & Co. (NYSE:JPM)’s latest dividend increase gives shareholders another reason to focus on the bank’s ability to return capital while maintaining a strong balance sheet. On September 15, the bank declared a quarterly dividend of $1.65 per share, up from $1.50 previously. The new dividend is payable on October 31 to shareholders of […]",Yahoo,company
JPM,2026-09-22 02:35:00,"Jamie Dimon Just Said 8 Words Warning the American Dream Is ""Slipping Out of Reach for Too Many People."" Here's the Retirement Wave Behind His Warning and What It Means for the Economy JPMorgan Serves.",Jamie Dimon is warning Wall Street that Main Street may not be ready for what comes next.,Yahoo,company
JPM,2026-09-22 06:41:22,Elizabeth Warren Slams Trump as $6.9 Billion in Russia-Linked Payments Reportedly Slipped Through Global Banks Despite Sanctions (UPDATED),"Global banks, including Standard Chartered and Citigroup, processed over $6.9 billion from a Russia-backed financial firm that deceived its way into the system via document forgery.",Benzinga,company
JPM,2026-09-22 07:27:02,JPMorgan CEO Sees Hyperscaler Spending Hitting $1 Trillion Next Year And Still Growing — Investors Are Shrugging It Off For Now,Wall Street’s AI infrastructure spending forecasts are climbing.,Yahoo,company
PG,2026-09-22 08:22:00,2 Rock-Solid Dividend Stocks to Buy in September Even as Oil Surges Past $100 Per Barrel.,Higher gas prices are squeezing household budgets -- but Coca-Cola and Procter & Gamble continue to pay generous dividends.,Yahoo,company
XOM,2026-09-22 09:29:28,Meta's Muse Sends the Nasdaq to a Record and Rekindles the AI Trade,"Meta's agentic AI assistant Muse lit a fire under tech on Monday, pushing the Nasdaq to a record close and lifting chipmakers by double digits. Cheaper oil, a ten-year yield back below 5% and a friendlier tone between Washington and Beijing did the rest, while Paramount cleared the last big hurdle for its Warner Bros. Discovery takeover.",ChartMill,company
JPM,2026-09-22 09:45:08,Meta: Muse Just Showed The Market What The CapEx Is For,"Meta Platforms stock has surged after unveiling Muse, its personal AI agent, which quickly topped the U.S. App Store. Read more on META here.",SeekingAlpha,company
PG,2026-09-22 09:50:26,John Osher Built a $475 Million Toothbrush by Starting at 80 Cents While Rivals Started at $79,"John Osher ignored how every competitor priced electric toothbrushes and flipped the entire exercise on its head, starting from a number that made engineers flinch. What he built from that single constraint reshaped a drugstore aisle and ended with a payout that shamed most dot-com exits.",Yahoo,company
JPM,2026-09-22 09:55:58,'JPMorgan Plans to Double India Finance Hub Business in Two Years' - Bloomberg,https://www.bloomberg.com/news/articles/2026-09-22/jpmorgan-plans-to-double-india-finance-hub-business-in-two-years,Benzinga,company
JPM,2026-09-22 10:51:36,"Goldman, Morgan Stanley Ride $17.2B China Tech Boom as AI Truce Odds Sit at 10%","As Wall Street plays both sides in the U.S.-China AI competition, Polymarket traders doubt any slowdown in AI development.",Benzinga,company
JPM,2026-09-22 11:00:02,Is JPMorgan Large Cap Growth A (OLGAX) a Strong Mutual Fund Pick Right Now?,Mutual Fund Report for OLGAX,Yahoo,company
JNJ,2026-09-22 11:15:25,J&J’s Intra-Cellular buy continues to bear fruit with Caplyta bipolar win,"J&J acquired Intra-Cellular in 2025 for $14.6bn, making it the largest pharma M&A deal in 2025.",Yahoo,company
JPM,2026-09-22 11:29:39,"QIA, JP Morgan agree $20bn investment tie-up spanning equities and credit","As part of the public equities mandate, JP Morgan Asset Management is set to oversee tailored global equity portfolios on behalf of QIA.",Yahoo,company
JNJ,2026-09-22 12:00:00,AISB Network Launches AISB Bind to Improve Prediction of How Molecules Bind for Virtual Screening and Lead Optimization,"BERLIN, September 22, 2026--AISB Network launches AISB Bind to improve prediction of how molecules bind for virtual screening and lead optimization",Yahoo,company
JNJ,2026-09-22 12:00:00,DePuy Synthes Showcases Next-Generation Trauma Innovations at OTA 2026,"WEST CHESTER, Pa., September 22, 2026--DePuy Synthes, a global leader in orthopaedic technologies and solutions, will showcase its latest trauma innovations at the 2026 Orthopaedic Trauma Association (OTA) Annual Meeting in Nashville, including four new VOLT™ plating systems, MAXFRAME AUTOSTRUT™ with Bluetooth® Multi-Axial Correction System, VELYS™ Trauma AI Assisted Surgery enabling technology, and an expanded value offering for procedural solutions.",Yahoo,company
JPM,2026-09-22 12:00:00,'We simply don't know': JPMorgan waves the white flag forecasting where oil prices will go due to Iran War,"After the war blew past JPMorgan's three 'economic redlines' — $100 oil, $5 gas and 5% Treasury yields — the bank says it can no longer model where prices go next. And diesel is the bigger worry.",Yahoo,company
JPM,2026-09-22 12:00:00,Thunes Powers J.P. Morgan Payments' Xpedite Remit Solution to Accelerate Global Payouts,"Thunes has been selected by J.P. Morgan Payments to expand the business' cross-border capabilities through its Xpedite Remit solutions suite. The new solutions leverage both J.P. Morgan Payments' connectivity to local real-time payments rails and Thunes' extensive Direct Global Network in order to meet growing demand for fast, simple and reliable cross-border payments.",Yahoo,company
JPM,2026-09-22 12:39:00,Sigma Lithium gets bullish start from JPMorgan,"Sigma Lithium Corp (TSX-V:SGML, NASDAQ:SGML) said JPMorgan has initiated equity research coverage on the company with an ""Overweight"" rating, citing a persistent industry deficit and an extended structural growth runway for the lithium producer. The bank's North America Metals & Mining...",Yahoo,company
JPM,2026-09-22 12:51:38,Securitize shares are trading higher after Rosenblatt initiated its coverage on the stock with a Buy rating and announced a price target of $14.,,Benzinga,company
JNJ,2026-09-22 13:00:00,Six Organizations Honored for Shaping the First Decade of Workplace Mental Health Care,"In celebration of its tenth anniversary, Spring Health, a global mental health company built on one AI-native platform, named six organizations as the inaugural recipients of its Pioneer Award, honoring their leadership in advancing how employers deliver mental health benefits. At a time when workplace mental health care was still new and untested, Adobe, BASF, Cincinnati Children's, Johnson & Johnson, Koch, and Nielsen chose to invest early in a different way of caring for their people. HR and",Yahoo,company
PG,2026-09-22 13:05:00,"The Zacks Analyst Blog Highlights Procter & Gamble, Sandisk, Analog Devices, Monarch Cement and SUNation Energy","Procter & Gamble, Sandisk and Analog Devices headline Zacks research, with AI demand, innovation and operational gains shaping their outlooks.",Yahoo,company
PG,2026-09-22 13:12:16,5 Beaten-Down Dividend Kings Ready to Roar Back in 2027 (One Yields Over 5%),"While investors pile into pricey AI darlings, a handful of battle-tested Dividend Kings have quietly slipped to levels that scream value, and Wall Street analysts see serious upside ahead for 2027.",Yahoo,company
JNJ,2026-09-22 13:19:21,What Could Johnson & Johnson (JNJ) Gain From Its New Immunology Push?,Johnson & Johnson (NYSE: JNJ) received FDA approval for ICOTYDE (icotrokinra) to treat moderate to severe plaque psoriasis in the U.S. ICOTYDE targets the IL-23 receptor and is in Phase III clinical trials for a potential psoriatic arthritis indication. The new therapy extends Johnson & Johnson's immunology pipeline beyond oncology and MedTech into chronic inflammatory skin and joint conditions. The ICOTYDE psoriasis approval and psoriatic arthritis Phase III program deserves weighing...,Yahoo,company
JNJ,2026-09-22 13:29:49,How Far Can BSX Stock Swing After Losing More Than Half Its Value?,"Boston Scientific (BSX) stock has fallen 55.5% over the past twelve months, and at $43.72 it trades barely above its 52-week low of $42.63. The options market now prices a likely one-year range from $28.46 to $67.16 a share. That band is wide, but it is close to how much the stock has already been moving.",Yahoo,company
JPM,2026-09-22 13:38:00,Fed Rate Hike: What it Means for Wells Fargo's NII Outlook,"Fed's latest rate hike could support WFC's NII expansion, but rising deposit costs and may limit the upside to some extent.",Yahoo,company
JPM,2026-09-22 13:39:00,Goldman Eyes Nearly $70B Revenue Base in 2026: What's Driving Growth?,"GS targets a $70B revenue base in 2026 as GBM, AWM and efficiency gains drive growth and strengthen its earnings mix.",Yahoo,company
JNJ,2026-09-22 13:40:48,Why Is JNJ Stock Beating Rivals That Grow Faster?,"Johnson & Johnson (JNJ) stock has returned 58% over the past twelve months, second best in a group of six health care companies. Its revenue growth ranks only fourth of the six. Three peers grew faster and returned less, Eli Lilly among them. The price is a bet that the rest of the business keeps growing once shrinking STELARA sales stop dragging on the total.",Yahoo,company
JPM,2026-09-22 13:42:26,JPMorgan Plans to Double India Finance Hub Business in Two Years,"JPMorgan Chase & Co. seeks to double its GIFT City business over the next couple of years as the Wall Street bank steps up investment in India’s only international financial hub, according to Global Co-Head of Payments Max Neukirchen.",Yahoo,company
JNJ,2026-09-22 13:50:12,Could You Have Seen Merck Stock's Pipeline Run Coming?,"Merck (MRK) stock gained about 89% in the year from mid-September 2025, against a 17.1% price gain for the S&P 500. It also beat Johnson & Johnson (JNJ), up 58%, and Eli Lilly (LLY), up 54%. The signs were public long before the run, in what management kept saying about its drug pipeline. The reported sales told a different story.",Yahoo,company
JPM,2026-09-22 13:56:04,JPMorgan Stock Slips as Traders Shift to Tech Sector,JPMorgan Chase shares are sliding Tuesday amid a broad financial sector selloff as investors rotate into tech stocks.,Benzinga,company
JNJ,2026-09-22 14:11:52,What Johnson & Johnson (JNJ)'s Bipolar I Mania Data for CAPLYTA Means For Shareholders,"Johnson & Johnson recently reported positive topline Phase 3 results for CAPLYTA (lumateperone) in adults with bipolar I disorder experiencing manic episodes, showing rapid and statistically significant symptom reduction versus placebo, while also highlighting progress across its broader neuropsychiatry portfolio. The data suggest CAPLYTA could potentially treat both depressive and acute manic episodes in bipolar I disorder, meaningfully broadening its clinical role if future regulatory...",Yahoo,company
JPM,2026-09-22 14:15:04,"Nasdaq 100 Flirts with Records, Oil Sinks for Fifth Day: Stock Market Today",Nasdaq 100 printed an intraday record on AI enthusiasm while financials slid nearly 2% and crude fell for a fifth straight session.,Benzinga,company
JPM,2026-09-22 14:16:00,What Does the Fed Rate Hike Mean for JPMorgan's Banking Business?,"JPM could see a modest NII rise from the Fed's 25-basis-point rate hike, though deposit costs, loan demand and credit quality remain key variables.",Yahoo,company
JNJ,2026-09-22 14:17:00,An orexin drug’s ‘proof-of-concept’ in ADHD; Cue’s ‘unwarranted’ share slide,"Alkermes’ results heightened anticipation for a coming readout in 2027. Elsewhere, AbbVie leaned into AI drug discovery and the FDA expanded use of Eli Lilly’s breast cancer pill.",Yahoo,company
PG,2026-09-22 14:37:00,PG vs. CL: Which Consumer Staples Giant Has Stronger Market Position?,"Procter & Gamble and Colgate differ in portfolio breadth, category leadership, premiumization and digital investment as they defend consumer staples share.",Yahoo,company
JNJ,2026-09-22 15:13:00,JNJ's Caplyta Shows Benefit in Bipolar 1 Related Mania Study,J&J's Caplyta shows rapid and significant improvement in bipolar mania symptoms in a pivotal phase III study.,Yahoo,company
JPM,2026-09-22 15:18:00,Will JPM's $20B QIA Partnership Strengthen Asset Management Business?,"JPMorgan's $20B QIA partnership spans public and private markets, expanding asset management capabilities and creating scope for longer-term fee-based growth.",Yahoo,company
JPM,2026-09-22 15:31:00,Inflation Pressures May Persist: ETFs Worth Watching Now,"From strong demand and AI spending to higher oil prices and war costs, multiple forces could keep inflation elevated for longer, putting ETFs in focus.",Yahoo,company
JPM,2026-09-22 15:45:43,A Bad Day for Bank Stocks Is Killing the Dow,"The Dow Jones Industrial Average was trading lower thanks to bank stock weakness. The blue-chip index dropped 0.5%, or 232 points. Goldman Sachs and J.P. Morgan Chase were the two biggest stocks weighing on the Dow, contributing 105- and 75-point drags, respectively.",Yahoo,company
XOM,2026-09-22 16:05:01,Exxon Just Set a Bold 2030 Target for LNG Sales. Here's What 50 Million Tons Actually Means.,Exxon wants to become an even bigger player in the global LNG market.,Yahoo,company
XOM,2026-09-22 16:06:00,4 Integrated Energy Stocks to Benefit From Industry Tailwinds,"Solid oil prices, a stable integrated business model and robust midstream operations make the Zacks Oil and Gas Integrated International industry's outlook bright. XOM, CVX, BP and E will make the most of the favorable business scenario.",Yahoo,company
JPM,2026-09-22 16:52:38,"JPMorgan Chase Falls 3% Despite New $20B QIA Partnership; Goldman Sachs Eases, Bank of America Slips","JPMorgan Chase just landed a $20 billion sovereign wealth partnership, yet its stock is leading the big banks lower today. Something bigger than a press release is moving the tape, and it starts with where Treasury yields are sitting right now.",Yahoo,company
XOM,2026-09-22 17:23:30,3 High-Yielding Dividend Stocks That Are No-Brainer Buys for Retirees and Risk-Averse Investors,"These quality, low-volatility stocks yield between 2.4% and 3.1%, and have been raising their payouts for decades.",Yahoo,company
JPM,2026-09-22 17:26:37,The Nasdaq Set a Record and the Dow Lost 270 Points on the Same Morning,The Nasdaq set a record on Tuesday morning while the Dow dropped 270 points. Neither move had much news behind it.,Yahoo,company
JPM,2026-09-22 18:22:07,"Charles Schwab, JPMorgan Chase Slide On Vanguard-Backed AI Threat","Charles Schwab led a wide swath of brokerage, bank and other financial stocks lower on Tuesday as AI-fueled competition heats up.  Schwab's partnership news with Anthropic last week was meant to address just this kind of disruption, but may have fallen short.  Markets didn't react much on Sept. 1, when Altruist announced its new AI-powered all-in-one financial planning agent, encompassing retirement planning, investment optimization, cash flow analysis, estate planning, tax strategy, and insurance and risk.",Yahoo,company
JPM,2026-09-22 19:10:06,Tuesday's session: top gainers and losers in the dow jones index,Uncover the latest developments among dow jones stocks in today's session. Stay tuned to the dow jones index's top gainers and losers on Tuesday.,ChartMill,company
JPM,2026-09-22 19:40:51,"Meta AI agent triggers heavy selloff in banks, insurers, and travel stocks","Investing.com -- A sudden artificial intelligence breakthrough is reshaping Wall Street. Financials, travel, and telecom stocks tumbled Tuesday as investors fear Meta’s new Muse AI agent will eliminate customer friction—the long-standing habit of sticking with overpriced or underperforming services simply to avoid the hassle of switching. Disruption Across Habit-Driven Industries The aggressive sector rotation stems from the rapid ascent of Meta’s Muse, which recently hit No. 1 on Apple’s US App",Yahoo,company
JPM,2026-09-22 21:45:03,JPMorgan Chase & Co. (JPM) Stock Moves -3.34%: What You Should Know,"JPMorgan Chase & Co. (JPM) reached $340.29 at the closing of the latest trading day, reflecting a -3.34% change compared to its last close.",Yahoo,company
PG,2026-09-22 21:50:04,Procter & Gamble (PG) Stock Moves 1.45%: What You Should Know,"In the closing of the recent trading day, Procter & Gamble (PG) stood at $148.2, denoting a +1.45% move from the preceding trading day.",Yahoo,company
JPM,2026-09-22 22:07:00,JPMorgan strongly recommends buying tumbling energy leader,The bank told clients the company’s recent share sell-off does not match the size of its flagship uranium project.,Yahoo,company
XOM,2026-09-22 22:07:54,"Elizabeth Warren Counts Trump's Oil, Gas Gains Amid Iran War As Americans Pay More At Pump: Ban President From 'Owning And Trading Stock'","Sen. Elizabeth Warren accused President Trump of profiting from oil and gas holdings during the Iran war, as pump prices rose.",Benzinga,company
JPM,2026-09-22 22:32:04,JPMorgan Drops 3.8% as $2.6 Billion AI Deal Meets Geopolitics,Victory Giant underwriting demonstrates fee access while Washington scrutiny expands the compliance burden.,Yahoo,company
JPM,2026-09-23 02:18:55,"Scott Bessent’s Husband Held Up to $250,000 in JPMorgan Stock Misreported as Cash, Ethics Review Found No ‘Knowing Violation:’ Report","Bessent’s spouse’s JPMorgan stock was mistakenly reported as cash; shares were sold, but an ethics review found no knowing violation.",Benzinga,company
JPM,2026-09-23 04:13:34,'Private-Credit Firms Are Buzzing About Getting In on JPMorgan’s Card Empire' - WSJ,https://www.wsj.com/finance/banking/private-credit-firms-are-buzzing-about-getting-in-on-jpmorgans-card-empire-a738f517 ,Benzinga,company
XOM,2026-09-23 05:16:44,ExxonMobil (XOM) Delivers Record Oil Output And Revenue On Lower Spending,"ExxonMobil Holdings (NYSE:XOM) recently reported record oil output and revenue achieved while keeping capital spending at lower levels. Management highlighted higher production from high-return assets such as the Permian Basin as a key driver of these records. The group indicated that technology and efficiency gains allowed it to sustain operations despite geopolitical risks affecting Middle East supply routes. This record oil production and revenue on tighter capital spending, helped by...",Yahoo,company
JPM,2026-09-23 06:59:02,"One AI Agent, Two Verdicts: Muse Lifts the Nasdaq to a Record and Knocks the Banks","Meta's AI agent Muse split Wall Street on Tuesday: the Nasdaq and Nasdaq 100 closed at records on chip strength and Shopify's commerce tie-up, while banks and software sold off on Moody's refinancing warning and fears of AI disruption. Oil kept sliding as diplomacy at the UN took center stage.",ChartMill,company
JPM,2026-09-23 07:36:34,JPMorgan Payments brings faster cross-border payments to more markets,Expanded capabilities with Thunes will help clients send faster payouts to bank accounts and mobile wallets across 100+ corridors,Yahoo,company
PG,2026-09-23 08:17:58,Will P&G’s (PG) New Science-Led Head & Shoulders and Oral-B iO Push Change Its Narrative?,"In recent months, Procter & Gamble has rolled out new Head & Shoulders formulations featuring the HydraZinc Complex and expanded its Oral-B iO line, emphasizing clinically tested scalp and oral care technologies now available across multiple product collections in the U.S. market. These launches highlight how Procter & Gamble is leaning on science-led product innovation to reinforce its brands and support its broader shift from pricing-driven growth toward offering more tangible consumer...",Yahoo,company
JPM,2026-09-23 08:18:21,JPMorgan Chase (JPM) Lands $20 Billion Mandate As Dealmaking Hits Record Levels,JPMorgan Chase (NYSE:JPM) and Qatar Investment Authority agreed a US$20b multi market investment partnership covering public equities and private credit. The alliance is led by J.P. Morgan Asset Management and allocates capital across several regions and asset classes for QIA. JPMorgan executives highlighted record global dealmaking and resilient M&A and IPO activity despite macroeconomic headwinds in recent commentary. The US$20b QIA partnership and record dealmaking only capture part of...,Yahoo,company
XOM,2026-09-23 08:38:51,Analyzing The Venezuelan Oil Deal And Possible Opportunities,Venezuela's political shift and a new US-backed joint venture open significant long-term opportunities for upstream and oilfield services companies.,SeekingAlpha,company
JNJ,2026-09-23 09:50:02,"Johnson & Johnson Announces Data From Phase 3 MajesTEC-3 Trial Demonstrates Disease Control, Survival With TECVAYLI Plus DARZALEX FASPRO To Treat Relapsed Or Refractory Multiple Myeloma","Johnson &amp; Johnson (NYSE:JNJ), a worldwide leader in multiple myeloma therapies, today announced new data from the Phase 3 MajesTEC-3 study showing sustained disease control and survival with TECVAYLI®",Benzinga,company
JNJ,2026-09-23 10:14:01,2026 2H Healthcare Dividend Roundup: Johnson & Johnson Outshines AbbVie,"Johnson & Johnson vs. AbbVie valuation: JNJâs P/E & PEGY premium looks justified by a strong balance sheet, buybacks, and more. Read the full analysis here.",SeekingAlpha,company
JPM,2026-09-23 10:20:00,October Could Bring New Market Surprises As Earnings Season Nears: Here's What To Watch,"The macro is in focus through month-end, but investors must not overlook company-level trends in the days ahead, including an active conference circuit. Read more here.",SeekingAlpha,company
JNJ,2026-09-23 10:20:01,2 Stocks to Buy Hand Over Fist if a Stock Market Crash Is Coming,You can take these companies' dividends straight to the bank.,Yahoo,company
JNJ,2026-09-23 10:50:00,"Minimally Invasive Robotic Surgical System Market Global Report 2026: Benchmark Intuitive Surgical, Johnson & Johnson, Medtronic, Stryker and Zimmer Biomet Now","Players: Intuitive Surgical, Johnson & Johnson, Medtronic, Stryker, Zimmer Biomet. Profile covers competitors, segments, regional shares, trends and opportunities. Minimally Invasive Robotic Surgical System Market Minimally Invasive Robotic Surgical System Market Dublin, Sept. 23, 2026 (GLOBE NEWSWIRE) -- ""Minimally Invasive Robotic Surgical System Market Global Report 2026"" has been added to ResearchAndMarkets.com's offering. Minimally Invasive Robotic Surgical System Market to Reach $18.15 Bil",Yahoo,company
JPM,2026-09-23 11:30:00,Kforce Inc. Announces Participation in the J.P. Morgan 2026 Ultimate Services Investor Conference,"TAMPA, Fla., September 23, 2026--Kforce Inc. (NYSE: KFRC), a solutions firm that specializes in technology and other professional staffing services, today announced that management will participate in the J.P. Morgan Ultimate Services Investor Conference in New York on November 17, 2026. The investor presentation can be accessed at http://investor.kforce.com/ under ""Events and Presentations.""",Yahoo,company
JNJ,2026-09-23 12:00:00,Crystalys Therapeutics Strengthens Board of Directors and Leadership Team as Dotinurad Advances Through Global Phase 3 Development,"Crystalys Therapeutics Inc. ('Crystalys' or 'the Company'), a clinical-stage biopharmaceutical company focused on addressing the significant unmet medical needs of patients living with gout, today announced a series of leadership appointments that further strengthen the Company as it advances dotinurad through its registrational program.",Yahoo,company
JPM,2026-09-23 12:16:00,4 J.P. Morgan Mutual Funds to Navigate the Current Volatility,"JDEAX, JICAX, JHUKX and JSVRX offer diversified exposure across U.S. equities, emerging markets and small-cap value amid market volatility.",Yahoo,company
XOM,2026-09-23 12:52:00,"Zacks Industry Outlook Highlights ExxonMobil, Chevron, BP and Eni SpA","Integrated oil and gas stocks gain from favorable crude prices, sturdy midstream demand and diversification into renewables.",Yahoo,company
JNJ,2026-09-23 12:55:17,Johnson & Johnson: What the Street’s Reaction to OTTAVA Actually Reveals About the Stock,"Key TakeawaysJohnson & Johnson’s MedTech segment, the business OTTAVA sits inside, grew from $7. 89 billion to $8.",Yahoo,company
XOM,2026-09-23 13:00:09,Investors Heavily Search ExxonMobil Holdings Corporation (XOM): Here is What You Need to Know,"Exxon (XOM) has been one of the stocks most watched by Zacks.com users lately. So, it is worth exploring what lies ahead for the stock.",Yahoo,company
JNJ,2026-09-23 13:01:41,4 Elite Dividend Stocks Yielding Up to 6.14% With Diversified Pipelines That Protect Your Payout,"Patent cliffs have buried lesser pharma dividends, yet these four Big Pharma giants keep raising payouts despite losing blockbuster exclusivities worth billions. Find out which one has held its streak for 64 straight years and whether the 6% yielder is a trap or a genuine opportunity.",Yahoo,company
JPM,2026-09-23 13:15:00,Canada's Banks To Accept Tokenized Deposits,Canada's six leading banks are planning to launch a Canadian-dollar tokenized deposit system designed to move m...,Yahoo,company
JNJ,2026-09-23 13:46:00,New model-based analysis further supports the potential of TECVAYLI® (teclistamab-cqyv) plus DARZALEX FASPRO® (daratumumab and hyaluronidase-fihj) to redefine long-term survival expectations in early line relapsed/refractory multiple myeloma,"Johnson & Johnson (NYSE:JNJ), a worldwide leader in multiple myeloma therapies, today announced new data from the Phase 3 MajesTEC-3 study showing sustained disease control and survival with TECVAYLI® (teclistamab-cqyv) plus DARZALEX FASPRO® (daratumumab and hyaluronidase-fihj) in patients with relapsed or refractory multiple myeloma (RRMM) who had received 1-3 prior lines of therapy.1,2",Yahoo,company
JNJ,2026-09-23 14:30:00,"Surgical Devices Market Size to Worth USD 27.14 Billion by 2030, at a CAGR of 14.7% – MarketsandMarkets™","Delray Beach, FL, Sept. 23, 2026 (GLOBE NEWSWIRE) -- MarketsandMarkets™ projects the global surgical devices market will grow from USD 188.74 billion in 2026 to USD 296.76 billion by 2031, at a CAGR of 9.5% during the forecast period. Market growth is driven by the increasing aging population, rising surgical procedures, adoption of minimally invasive and robotic surgeries, technological advancements, and expanding healthcare infrastructure globally. Get PDF Brochure - Market Data & Segmentation",Yahoo,company
JPM,2026-09-23 14:31:00,How Does Meta's Muse AI Raise Risks for Banks & Other Finance Firms?,"Meta's Muse AI raises risks for finance firms by making it easier for customers to compare rates, fees and products, and move deposits or assets.",Yahoo,company
JPM,2026-09-23 14:36:00,Can JEF Scale Private Credit While Managing Point Bonita Headwinds?,Jefferies is expanding European private credit with $4 billion in lending capacity as Point Bonita's Radiant World exposure raises risk questions.,Yahoo,company
JPM,2026-09-23 14:45:57,"How Meta's Muse, Vanguard AI Threat Triggered Schwab Sell Signal","Charles Schwab stock recovered only modestly on Wednesday morning, a day after leading a wide swath of brokerage, bank and other financial stocks lower as AI-fueled competition heats up.  Rapid adoption of Meta Platforms' Muse personal AI agent and a growing threat from Altruist, an AI platform for financial advisors that was recently acquired by Vanguard, have highlighted two very different type of risks to Schwab's business.",Yahoo,company
JPM,2026-09-23 14:46:00,JPMorgan's India Expansion Plan: What It Means and Why It Matters,"JPM plans to double its GIFT City business, while adding liquidity and payments as India's growing global footprint creates new opportunities.",Yahoo,company
JPM,2026-09-23 15:00:09,Jamie Dimon Says AI Spending Could Hit $1 Trillion in 2027 But JPMorgan CEO Warns it Could Add 'Little Bit' to Inflation: 'That’s Like 1% Increase to GDP...',"The artificial intelligence (AI) investment surge is showing hardly any signs of abating, with spending across the hyperscaler ecosystem potentially hitting $1 trillion in 2027, according to JPMorgan Chase‘s CEO Jamie Dimon. Dimon, at the sidelines of the 11th annual...",Yahoo,company
XOM,2026-09-23 15:03:00,Can ExxonMobil Keep Rewarding Shareholders While Investing for Growth?,XOM's strong cash generation is funding growth investments and shareholder returns while supporting its 2030 earnings and cash-flow targets.,Yahoo,company
XOM,2026-09-23 15:08:00,How ExxonMobil's Balance Sheet Helps Navigate Oil Volatility,XOM's 13.73% debt-to-capitalization gives balance sheet flexibility to weather oil and gas price swings while funding operations and shareholder rewards.,Yahoo,company
XOM,2026-09-23 15:50:30,"If Hormuz Stays Shut, How High Can Exxon Go?","The Strait of Hormuz is closer to closed than open, yet crude just fell and Exxon barely stirred. Understanding that contradiction reveals exactly how much upside the market is leaving on the table.",Yahoo,company
JPM,2026-09-23 16:07:12,"'Hellman & Friedman Explores Sale Of Applied Systems At Up To $10B; Hellman & Friedman Is Working With JPMorgan, Goldman Sachs On The Sale, Sources Say' - Reuters Exclusive","Sale could value Applied Systems at up to $10 billion, sources sayApplied Systems generates more than $550 million in EBITDA, source saysHellman &amp; Friedman bought Applied Systems for about $1.8 billion in 2014NEW",Benzinga,company
JNJ,2026-09-23 16:37:17,What Is The Best Case For Pfizer Stock?,Pfizer's COVID products keep shrinking. The company's total revenue has been flat for a year. That makes the best case for this stock easy to miss. It does not rest on the medicines you already know Pfizer (PFE) for. It is not another round of cost cuts either. It rests on a smaller and faster part of the company. So where is that growth coming from.,Yahoo,company
XOM,2026-09-23 17:07:11,Dozens Of U.S. Oil Refining And Business Groups Urge Trump To Reject Any Effort To Impose Ban On Diesel Exports,- Reuters Citing Letter,Benzinga,company
JNJ,2026-09-23 17:18:44,What Is AbbVie No Longer Telling You?,"AbbVie's management has changed what it puts first on its earnings calls. One growth figure used to open the script. Management last mentioned that figure in the fiscal fourth quarter 2025 call. AbbVie (ABBV) never said it would stop reporting it. So which figure was it, and why did it matter.",Yahoo,company
JPM,2026-09-23 18:15:00,Why investors should learn to harness volatility,"Volatility often gets a bad rap in the market, but it can also be a powerful force for investors who know how to navigate it. The Yahoo Finance Market Hang panel explores why volatility is an essential part of functioning markets, how investors can better navigate periods of uncertainty, and whether embracing volatility can create opportunities.",Yahoo,company
JPM,2026-09-23 18:18:00,"Rollins, Inc. Announces Availability of Recorded Fireside Chat from J.P. Morgan Annual U.S. All Stars Conference","Rollins, Inc. (NYSE:ROL) (""Rollins"" or the ""Company""), a premier global consumer and commercial services company, today announced that a recorded replay of the fireside chat featuring Jerry Gahlhoff, President and Chief Executive Officer, and William Harkins, Executive Vice President and Chief Financial Officer, at the J.P. Morgan Annual U.S. All Stars Conference at the London J.P. Morgan headquarters, on Wednesday, September 23, 2026, is now available on the Company's website at https://www.rol",Yahoo,company
XOM,2026-09-23 18:45:00,Lincoln Property to repurpose north Houston eyesore Greenspoint Mall into industrial park,"Kevin Wyatt, executive vice president at Lincoln Property Company, with 555 Seminar Drive in Houston (Getty, Lincoln Property Company, Google Maps)Lincoln Property Company is stepping up to redevelop the Houston-area Greenspoint Mall at 555 Seminar Drive. Dallas-based Lincoln snapped up all the parcels that make up the 80-acre mall property and plans to redevelop the site into a 1.2 million-square-foot industrial development. The $150 million development will be dubbed CityNorth Industrial Park,",Yahoo,company
JPM,2026-09-23 20:25:42,Tracking Ole Andreas Halvorsen's Viking Global Portfolio - Q2 2026 Update,"Viking Globalâs Q2 2026 13F: top holdings, new Ferrari/MSCI stakes, and exits from Apple/Alphabet. See more details here.",SeekingAlpha,company
XOM,2026-09-23 23:15:00,3 Companies With a Strong History of Dividend Growth,"Several stocks with a strong history of increasing payouts - Broadcom (AVGO), ExxonMobil (XOM), and Caterpillar (CAT) - are strong options for those looking to reap income.",Yahoo,company
PG,2026-09-24 05:16:36,3 Stocks With Pricing Power When Inflation And Rates Stay High,"Bond yields are surging, oil is above $100, and rate expectations keep shifting, so the hunt is on for businesses that can still defend pricing and cash flows when money gets more expensive. This backdrop can reward investors who focus on resilience rather than excitement. In this article you will see three global consumer staples and utilities stocks exposed to these shocks and how the news could matter for their long term appeal. The three stocks below are a small sample of what investors...",Yahoo,company
JPM,2026-09-24 09:39:15,JPMorgan’s Peters Favors Stocks as Higher Yields Test Earnings,"Equities can keep climbing even as rising bond yields raise the bar for earnings growth, according to JPMorgan Chase & Co.’s Grace Peters.",Yahoo,company
JNJ,2026-09-24 10:17:00,"Medical Robots Market Forecasts Growth from $20.6B (2026) to $41.7B by 2031, Profiling Intuitive Surgical, Stryker, Zimmer Biomet & Medtronic","The global medical robots market is projected to grow from USD 20.6 billion in 2026 to USD 41.7 billion by 2031, at a 15.1% CAGR. Growth is driven by demand for minimally invasive surgery, healthcare automation, precision procedures, and advances in AI-powered surgical, rehabilitation, radiosurgery, hospital, and pharmacy robots. Robotic systems will hold the largest market share, while surgical robots will lead by type. Ambulatory surgery centers are set for the fastest end-user growth, and Asi",Yahoo,company
JNJ,2026-09-24 10:20:00,"Pharmaceutical Drug Delivery Market Forecasts Growth from $2.15T (2026) to $2.92T by 2031, Profiling J&J, Pfizer, Roche, BD & Novartis","The global pharmaceutical drug delivery market is projected to grow from USD 2.15 trillion in 2026 to USD 2.92 trillion by 2031, registering a 6.3% CAGR. Growth is driven by rising chronic disease prevalence, biologics, biosimilars, advanced therapies, self-administration and connected drug-device technologies. Injectable drug delivery led the market in 2025, while hospitals were the largest facility segment. North America dominated due to advanced healthcare infrastructure, strong R&D and wides",Yahoo,company
PG,2026-09-24 11:00:00,P&G to Webcast Discussion of First Quarter 26/27 Earnings Results on October 22,"CINCINNATI, September 24, 2026--The Procter & Gamble Company (NYSE:PG) will webcast a discussion of its first quarter earnings results on Thursday, October 22, 2026, beginning at 8:30 a.m. ET.",Yahoo,company
JPM,2026-09-24 11:00:00,JPMorgan Announces Cash Distributions for the JPMorgan ETFs,"TORONTO, Sept. 24, 2026 (GLOBE NEWSWIRE) -- J. P. Morgan Asset Management (JPMAM)* today announced the final September 2026 cash distributions for the below listed JPMorgan ETFs. The JPMorgan ETFs trade on the Toronto Stock Exchange (TSX). Unitholders of record on October 1, 2026 will receive cash distributions payable on October 7, 2026. Details of the “per unit” distributions are as follows: JPMorgan ETF nameTicker symbolDistribution per unit ($)Payment frequencyJPMorgan US Equity Premium Inco",Yahoo,company
XOM,2026-09-24 11:22:35,Market Chatter: US Oil Executives Push Back Against Donald Trump's Potential Ban on Diesel Exports,"Chevron (CVX), Phillips 66 (PSX), ExxonMobil (XOM) and Valero's (VLO) top executives are pushing bac",Yahoo,company
AAPL,2026-09-24 11:51:15,What Would A Real Market Crash Do To Netflix Stock After This Fall?,"Netflix (NFLX) stock trades near $71, about 43% below its high of the past year, and it lost 6.6% in the past week. The market did not fall with it: The S&P 500 returned 16.5% over the past twelve months. So without any shock at all, Netflix is already down more than its average fall in past market shocks. What would a real crash add.",Yahoo,company
JNJ,2026-09-24 11:56:01,Bristol Myers Squibb and Johnson & Johnson Both Face Challenges Ahead: Which Healthcare Stock Looks More Resilient Now?,"Bristol Myers Squibb trades at a steep valuation discount, while Johnson & Johnson's stronger margins and lower debt offer stability. But patent cliffs and litigation risks complicate both cases.",Yahoo,company
AAPL,2026-09-24 12:00:00,There's a 'human survival premium' in the market: A closer look at the AI trade,"Turney Duff chats with The Wealth Consulting Group chief market strategist Talley Léger, StockBrokers.com director of investor research Jessica Inskip, and Yahoo Finance Executive Editor Brian Sozzi about what cheaper AI stocks mean for consumers, humanity, and more.",Yahoo,company
AAPL,2026-09-24 12:15:38,"Qualcomm secures long-term Apple patent deal, easing revenue fears","Investing.com -- Qualcomm (NASDAQ:QCOM) shares ticked up 0.2% today after the chipmaker announced a renewed global patent licensing agreement with Apple, taking effect April 1, 2027. The deal secures a critical, long-term revenue stream for Qualcomm, helping the stock pare earlier losses amid a broader Nasdaq 100 sell-off.",Yahoo,company
AAPL,2026-09-24 12:25:04,Here's How Meta's Muse Mania Is Spilling into Leveraged ETFs,"Meta&#39;s Muse AI assistant is fueling Meta&#39;s rally, while leveraged ETFs METG and METU are amplifying the move. Here&#39;s what the catalysts show.",Benzinga,company
AAPL,2026-09-24 12:25:19,The S&P 500 has never been this concentrated in just 2 stocks,Apple and Nvidia have truly become the straws that stir the stock market's drink.,Yahoo,company
JPM,2026-09-24 12:26:00,Can Bank of America Sustain Revenue Growth on Stronger Loans & NII?,"BAC's revenue outlook is supported by broadening loan growth, 7-8% NII growth and continued repricing of fixed-rate assets.",Yahoo,company
XOM,2026-09-24 12:40:58,Update: Market Chatter: US Oil Executives Push Back Against Donald Trump's Potential Ban on Diesel Exports,"(Updates with Phillips 66's response in the last paragraph.) Chevron (CVX), Phillips 66 (PSX), Ex",Yahoo,company
XOM,2026-09-24 12:43:36,Shale Tycoon Claims Exxon CEO ‘Betrayed’ Him in $60 Billion Deal,"Scott Sheffield, one of the earliest architects of the US shale oil boom, said he was “betrayed” by ExxonMobil Holdings Corp. after Chief Executive Officer Darren Woods failed to support him in a dispute with the Federal Trade Commission despite a promise to do so.",Yahoo,company
AAPL,2026-09-24 12:47:11,"Nvidia, AMD Love This High-Tech Facilitator. So Does Wall Street.","After Nvidia, AMD and Apple design the AI chips and TSMC makes them, TSE Technology steps in to complete the process.",Yahoo,company
AAPL,2026-09-24 12:59:00,Discern Security Partners with Jamf to Bring AI Asset Discovery to Managed Mac Fleets,"Discern Security, an AI-driven cybersecurity management platform that helps organizations reduce security debt and prove measurable posture improvement using the security tools they already own today, announced its integration with Jamf, the standard for managing and securing Apple devices at work.",Yahoo,company
JPM,2026-09-24 12:59:00,Can Private Credit Unlock More Growth for JPMorgan's Card Business?,"JPM is exploring a private-credit ""second-look"" model that could widen card approvals while limiting exposure to higher-risk borrowers.",Yahoo,company
AAPL,2026-09-24 12:59:37,Microsoft Stock’s Big Test: Delivering on a $678 Billion Backlog,"Microsoft's next phase of growth may depend less on new customers than on serving the ones it has. The stock has run hard, returning 37% over three months against 5.0% for the S&P 500. At a market value of about $3.7 trillion, any new business must be large to move the shares. Will new data center capacity arrive fast enough to serve the demand Microsoft (MSFT) has already won.",Yahoo,company
JNJ,2026-09-24 13:00:00,What J&J’s Spravato patent win could mean for psychedelic drugs,"As more psychedelic drugs move toward market, developers are testing how far patent protection can extend around familiar compounds.",Yahoo,company
AAPL,2026-09-24 13:07:17,NEAR Crypto Tokenized Stock Launch Puts Distribution Ahead of Scale,"NEAR crypto and Ondo Finance have launched access to tokenized U.S. stocks and ETFs on near.com, opening with 20 assets including Nvidia, Tesla, Apple, Microsoft, Amazon, SPY and QQQ. Eligible users fund their accounts with stablecoins or other supported crypto from more than 30 networks, with NEAR Intents acting as ...",Yahoo,company
XOM,2026-09-24 13:25:18,Caterpillar or Exxon: Which Dividend Has More Room to Grow?,"Caterpillar just hit $20 billion in quarterly sales for the first time ever, while Exxon pumped out $23.6 billion in operating cash flow. Both companies raised their dividends, but their very different balance sheets tell a story about which payout has genuine room to run.",Yahoo,company
AAPL,2026-09-24 13:30:08,"Bentley debuts its first electric car. Starting price: $250,000.","The 8:30 Hosts Julie Hyman, Jake Conley, and Pras Subramanian discuss Bentley (VWAGY) debuting its first electric car, the Torcal, an SUV with an estimated starting price of $250,000.",Yahoo,company
AAPL,2026-09-24 13:35:10,10 Information Technology Stocks Whale Activity In Today’s Session,"This whale alert can help traders discover the next big trading opportunities.
Whales are entities with large sums of money and we track their transactions here at Benzinga on our options activity scanner.
Traders will",Benzinga,company
AAPL,2026-09-24 13:40:30,'Muse over Metaverse is a good thing for Meta investors': A look at the new product lineup,"Meta (META) unveiled several new products at its Meta Connect event on Wednesday, including a handheld Muse AI agent device, virtual reality (VR) glasses, and more. The 8:30 Hosts Julie Hyman, Jake Conley, and Pras Subramanian discuss more in the video above.",Yahoo,company
AAPL,2026-09-24 13:56:12,Meta’s new Tamagotchi-style ‘Charm’ can run your life for you – from a keychain,"Meta is making a Tamagotchi-style device that can run your life for you, chief executive Mark Zuckerberg has announced.  The device, called the Muse Charm, is a small gadget that can be worn on a string and used to speak to Meta’s newly viral AI agent.  Muse was launched in early September and Meta has pushed it as a way of letting artificial intelligence run people’s lives – booking appointments, writing emails and buying things on their behalf.",Yahoo,company
AAPL,2026-09-24 14:00:39,Apple Price Prediction: Why Our Target Sits Above Wall Street’s,"Wall Street has already written Apple off as a stock with nowhere left to go, but a fresh look at the numbers tells a very different story about where shares could head over the next 12 months.",Yahoo,company
XOM,2026-09-24 14:04:59,8 Of 11 Sectors Fall In Thursday Trading As Leaders Split,"Three sectors are higher and eight are lower in Thursday’s regular session, with growth, cyclical and defensive sectors each represented among the top three. The leaders are separated rather than",Benzinga,company
JNJ,2026-09-24 14:04:59,8 Of 11 Sectors Fall In Thursday Trading As Leaders Split,"Three sectors are higher and eight are lower in Thursday’s regular session, with growth, cyclical and defensive sectors each represented among the top three. The leaders are separated rather than",Benzinga,company
AAPL,2026-09-24 14:05:05,Qualcomm or Cisco: One Dividend Will Outpace the Other From Here,"Qualcomm and Cisco both raise their dividends every year and both are racing into AI infrastructure, but their capital allocation priorities point in completely different directions for a retiree who needs the income to be reliable.",Yahoo,company
AAPL,2026-09-24 14:06:00,"Smartphone Li-Ion Battery Market Report 2026-2031 | Fast Charging, Premium Devices and Supply Chain Shifts Unlock New Opportunities","Demand is shifting to high-density silicon-anode, fast-charging pouch cells for AI and foldable phones, while supply-chain localization and greener, repairable designs create opportunitiesDublin, Sept. 24, 2026 (GLOBE NEWSWIRE) -- ""Smartphone Li-Ion Battery Market Outlook 2026-2031: Trends, Supply Chain, and Key Players Analysis"" has been added to ResearchAndMarkets.com's offering. The global smartphone lithium-ion battery market is entering a period of steady value growth as device manufacturer",Yahoo,company
AAPL,2026-09-24 14:08:32,Qualcomm Renews Global Apple Patent License — Extends Key Licensing Relationship Into 2027,The renewal with Apple comes as Qualcomm expands its latest Snapdragon lineup around agentic AI and lands its new Reality Elite processor in Meta’s upcoming VR glasses.,Yahoo,company
JPM,2026-09-24 14:15:00,Can JPM's Thunes Partnership Accelerate Cross-Border Payments Growth?,"JPMorgan expands cross-border payment reach with Thunes, targeting faster payouts across 100+ corridors and broader access to local payment methods.",Yahoo,company
AAPL,2026-09-24 14:32:59,The 8:30: The stories driving markets September 24,"Yahoo Finance's Julie Hyman, Jake Conley, and Pras Subramanian break down the biggest market and business stories driving the day's conversation. From the latest moves in stocks and bonds to key corporate news and economic developments, the 8:30 panel delivers the essential headlines and market context you need to start your day informed.",Yahoo,company
PG,2026-09-24 14:40:58,"Procter & Gamble (PG): Buy, Sell, or Hold Post Q2 Earnings?","Procter & Gamble currently trades at $147.39 per share and has shown little upside over the past six months, posting a middling return of 3%. The stock also fell short of the S&P 500’s 18.4% gain during that period.",Yahoo,company
JNJ,2026-09-24 14:45:00,Pfizer or AbbVie: Which Big Pharma Stock Is the Better Pick?,"AbbVie and Pfizer are reshaping their growth strategies as new drugs, acquisitions, pipelines and patent challenges shape their outlooks.",Yahoo,company
AAPL,2026-09-24 14:48:45,Welcome to the age of listening devices,"Devices that can listen and record us are becoming more popular, raising privacy concerns.",Yahoo,company
JNJ,2026-09-24 15:21:38,"AC Immune: Buy Continued ACI-7104 Progress, PD, And Pipeline Expansions","AC Immune maintains a ""Buy"" rating, driven by positive 100-week safety and immunogenicity data for ACI-7104. Click to read in detail about ACIU.",SeekingAlpha,company
AAPL,2026-09-24 15:30:10,"Amazon Turns to Former Employees, Including Laid-Off Workers, for AI and Cloud Jobs Amid ‘Boomerang’ Hiring Push: Report","Amazon.com, Inc. is reportedly reaching out to its former employees, including those who were previously laid off, to fill vacant roles in its cloud-computing and AI sectors. Amazon’s AI agent organization, spearheaded by AWS VP Swami Sivasubramanian, has launched the...",Yahoo,company
PG,2026-09-24 15:44:52,P&G’s CFO Would Trade 3 Points of Gross Margin for 3 Points of Growth. Here’s Where the Stock Could Go,Key Stats for P&G StockCurrent Price: $147. 39Target Price (Mid): ~$205Street Target (mean): ~$161Potential Total Return: ~39%Annualized IRR: ~7% / yearWhat Happened?Procter & Gamble (PG) CFO Andre Schulten told investors on September 10 that he would give up 3 points of gross margin for 3 points of growth from the right innovation.,Yahoo,company
AAPL,2026-09-24 15:47:59,Chip Stocks Retreat. Qualcomm Secures Apple Licensing Deal.,"Chip stocks fell along with the broader market on Thursday as the U.S. and China held trade talks in Washington, D.C.",Yahoo,company
JPM,2026-09-24 15:48:00,BlackRock to Tokenize Three Investment Portfolios Through Ondo Finance,"BlackRock (NYSE: $BLK) is moving three of its investment portfolios onto the blockchain, giving investors a new way...",Yahoo,company
AAPL,2026-09-24 15:54:00,Can QCOM's Snapdragon Sound Elite Gen 2 for AI Wearables Drive Growth?,"Qualcomm's Snapdragon Sound Elite Gen 2 brings on-device AI, advanced audio and connectivity to next-generation intelligent wearables.",Yahoo,company
JPM,2026-09-24 15:58:57,How a Roth IRA Can Keep Thousands More of Your DJIA Dividend Income Compounding,"Holding blue-chip Dow dividend payers in a taxable account quietly hands the IRS a cut of every reinvested dollar, year after year, and the compounding cost over two decades is far steeper than most investors expect.",Yahoo,company
AAPL,2026-09-24 16:03:04,Klarna Falls 3% as Selling Persists Weeks After Its Guidance Cut; Affirm Advances 2%,"Klarna keeps sliding weeks after a guidance cut rattled investors, while Affirm moves in the opposite direction as traders rally around its AI underwriting push. The widening gap between two of fintech's biggest names raises a pointed question about which side of this trade holds up.",Yahoo,company
AAPL,2026-09-24 16:04:15,A New Brand Of Inflation Slams This Smartphone Segment,"Still healing from sticker shock after Apple's latest launch? You may want to look away. A variation on the force driving up even the price of year-old iPhones — to say nothing of $3,000-plus models — is chomping away at budget phones. While high-end iPhones run atop bestseller lists, they're still outnumbered by a vast array of alternatives — from...",Yahoo,company
AAPL,2026-09-24 16:09:00,Qualcomm Renews Deal With Apple. Why the Stock Is Dropping Anyway.,Bernstein analyst Stacy Rasgon wrote that the lack of “specificity” in the renewal announcement “gives us a little bit of pause.”,Yahoo,company
XOM,2026-09-24 16:14:30,Did ExxonMobil’s (XOM) 2076 Floating‑Rate Notes Just Quietly Redefine Its Long‑Term Funding Playbook?,"Earlier this week, ExxonMobil Holdings Corporation completed a US$185.883 million fixed‑income offering of senior unsecured floating rate notes due September 25, 2076, featuring attached guarantees and callable, variable‑coupon terms. This ultra‑long‑dated, floating‑rate issuance adds a flexible funding source that can help match ExxonMobil’s long‑lived upstream and LNG growth ambitions with equally long‑term capital. We’ll now look at how this added long‑term funding, alongside record...",Yahoo,company
JPM,2026-09-24 16:29:56,JPMorgan Resets CoreWeave Stock Price Target for 2026,AI demand is giving CoreWeave more pricing power,Yahoo,company
JNJ,2026-09-24 16:40:08,Thursday's session: top gainers and losers in the dow jones index,Stay updated with the movement of dow jones stocks in today's session. Discover which dow jones stocks are making waves on Thursday.,ChartMill,company
PG,2026-09-24 17:03:35,Kimberly-Clark’s 54-Year Dividend Streak Masks a Troubling Cash Flow Problem,"Kimberly-Clark just logged 54 straight years of dividend raises, but a closer look at the cash flow statement raises an uncomfortable question about who is actually funding that growing payout.",Yahoo,company
JPM,2026-09-24 17:25:00,Quanta Services Stock Rises on Upgrade. Here’s Why Labor Is the Key.,"A growing shortage of skilled workers needed to build data centers will likely accelerate  Quanta Services  ’ earnings at a faster rate than Wall Street expects, Bernstein analysts wrote Thursday.  Bernstein upgraded Quanta to Outperform from Market Perform and raised its price target for the stock to $775 from $748, implying a 22% upside from its closing price of $634.90 on Wednesday.  Labor constraints will emerge for the broader data-center buildout, to which Quanta has “invested aggressively to capture this opportunity,” the analysts wrote.",Yahoo,company
JNJ,2026-09-24 17:31:36,CDs Offer Certainty. Dividend Stocks Offer Something Retirees May Need More,"When a retiree compares a federally insured CD to a dividend stock that has raised its payout for 70 straight years, the choice turns on a factor most income calculators ignore entirely.",Yahoo,company
PG,2026-09-24 17:31:36,CDs Offer Certainty. Dividend Stocks Offer Something Retirees May Need More,"When a retiree compares a federally insured CD to a dividend stock that has raised its payout for 70 straight years, the choice turns on a factor most income calculators ignore entirely.",Yahoo,company
AAPL,2026-09-24 17:35:22,FIRST DRAFT LIVE: Inside The Race For A Spot On The New OZ Map,Explore OZ 2.0's impact on investors with insights from Bisnow and Clarion Partners.,Yahoo,company
AAPL,2026-09-24 17:36:35,Qualcomm CFO says look beyond the Apple deal,Here’s what’s next for Qualcomm and its AI ambition.,Yahoo,company
AAPL,2026-09-24 17:43:00,"Prediction: This Is What a $1,000 Investment in Apple Will Be Worth by 2030",Apple stock still looks like a long-term winner.,Yahoo,company
AMZN,2026-09-24 17:45:55,Stock Market Today: Nasdaq Improves On U.S.-Iran News; MGM Resorts Plummets (Live Coverage),Stock Market Today: The Dow Jones index drops Thursday on rising Treasury yields. Nvidia stock sold off in morning trading.,Yahoo,company
AAPL,2026-09-24 17:49:16,What's Going On With Qualcomm Stock Thursday,Qualcomm Shares Drop After Apple Extends Long-Running Licensing Pact,Yahoo,company
PG,2026-09-24 17:58:17,Dave Ramsey Says You Need More Than 6% Just to Break Even. Dividend Growth Is One Way to Get There.,"A bond coupon that felt safe a decade ago may be quietly bleeding your retirement dry, and Dave Ramsey's hurdle-rate math explains exactly why. The question is which assets can actually climb that bar year after year.",Yahoo,company
JNJ,2026-09-24 17:58:17,Dave Ramsey Says You Need More Than 6% Just to Break Even. Dividend Growth Is One Way to Get There.,"A bond coupon that felt safe a decade ago may be quietly bleeding your retirement dry, and Dave Ramsey's hurdle-rate math explains exactly why. The question is which assets can actually climb that bar year after year.",Yahoo,company
AAPL,2026-09-24 18:00:12,"Meta’s Muse Is Already Outpacing ChatGPT’s Early Downloads, JPMorgan Says It Could Be AI’s Biggest Consumer App Yet","Meta Platforms Inc.‘s new Muse AI agent could become the most widely used consumer artificial intelligence app since OpenAI‘s ChatGPT, according to analysts at JPMorgan, after the app quickly climbed to No. 1 on Apple‘s U.S. App Store following its...",Yahoo,company
AMZN,2026-09-24 18:01:49,'Anthropic Seeks Palantir-Style Voting Control For Seven Co-Founders Ahead Of IPO; Anthropic Planning To Give Founders 50.1% Voting Control In New Corporate Structure' - The Information,https://www.theinformation.com/articles/anthropic-seeks-palantir-style-voting-control-seven-co-founders-ahead-ipo,Benzinga,company
AMZN,2026-09-24 18:05:02,These S&P500 stocks are the most active in today's session,Curious about the most active S&P500 stocks in today's session? Get insights into the stocks that are leading the way in terms of trading volume and market attention.,ChartMill,company
AMZN,2026-09-24 18:06:00,Being Picky With Stocks More Important Than Ever,"Julia Ostian, Kenio Fontes, and Jack Bowman talk treasurys, patience, AI and quantum defense, and their top stocks.",SeekingAlpha,company
AMZN,2026-09-24 18:11:57,Kraft Heinz launches mac and cheese cream soda in Canada,The limited-edition KD x Solly's Cream Soda is available on Amazon now and in select Walmart stores in early October,Yahoo,company
PG,2026-09-24 18:14:59,These Dow Jones Stocks Buck Index's Dud Performance,"Some consumer, technology and industrial components form a solid core of possibilities for investors.",Yahoo,company
AAPL,2026-09-24 18:14:59,These Dow Jones Stocks Buck Index's Dud Performance,"Some consumer, technology and industrial components form a solid core of possibilities for investors.",Yahoo,company
AMZN,2026-09-24 18:24:45,"Amazon rolls out safety tech, pay bump for delivery providers","Amazon is investing in next-generation cameras and smart glasses to make it safer and easier for drivers to do their jobs. And it is investing another $1.9 billion to attract and retain drivers. The post Amazon rolls out safety tech, pay bump for delivery providers appeared first on FreightWaves.",Yahoo,company
AAPL,2026-09-24 18:30:16,AI Chip Boom Peaking in 2028? Analyst Says That’s ‘Utterly Wrong’ As Shortage Could Last Until 2030,"Meta Platforms Inc., Apple Inc., OpenAI, Microsoft Corp. and Alibaba Group Holding Ltd. are taking different positions across the AI market as demand for computing power continues to outstrip supply and new AI formats broaden adoption. CLSA Sees Chip Shortage...",Yahoo,company
JNJ,2026-09-24 18:45:20,Can This Number Push ISRG Stock Higher?,"Intuitive Surgical (ISRG) shares fell 10.4% in the past year, while the S&P 500 returned 16.5%. Much of the market has focused on moderating U.S. procedure growth. The more telling number is 144 trade-ins in fiscal Q2 2026, up from 83 a year earlier. Most came from customers moving to the new da Vinci 5 robot. Those trade-ins matter most if upgrades continue and each surgery also earns more. Is that number a blip, or are customers still trading up.",Yahoo,company
JPM,2026-09-24 18:45:21,Here’s How Much You Would Have Made Owning JPMorgan Chase Stock In The Last 20 Years,"JPMorgan Chase (NYSE:JPM) has outperformed the market over the past 20 years by 1.15% on an annualized basis producing an average annual return of 10.29%. Currently, JPMorgan Chase has a market capitalization of $899.96",Benzinga,company
AMZN,2026-09-24 18:51:47,"Europe misses out on €120 billion in investment a year, report finds","Different national rules and systems for transport, energy, technology and skills are holding back investment across Europe, a new study argues.",Yahoo,company
JPM,2026-09-24 18:57:37,GM CFO expects improved 2027 cash flow after EV restructuring,"As an “old school CFO,” a strong focus on cash flow and generation remains paramount, GM CFO Paul Jacobson said.",Yahoo,company
JPM,2026-09-24 19:00:00,Office of the President of the Republic of Paraguay and J.P. Morgan Asset Management Announce $200 Million Investment in Sustainable Forestry in Paraguay,"At this week's Paraguay Investment Forum NYC 2026, the Office of the President of the Republic of Paraguay and J.P. Morgan Natural Capital announced an investment of approximately USD 200 million to develop a large-scale sustainable forestry platform in Paraguay.",Yahoo,company
JNJ,2026-09-24 19:03:51,Can Eli Lilly Stock Catch Up To Rivals It Outgrows?,"Eli Lilly (LLY) grew revenue 49.6% over the last twelve months, the fastest of the six companies in its peer group. It also runs the group's widest operating margin, at 49.7%. Yet its 53.4% stock return ranks only third, behind Merck and Johnson & Johnson, which both grew far more slowly. The open question is how long Mounjaro and Zepbound can carry a lead the stock has not matched.",Yahoo,company
JNJ,2026-09-24 19:10:10,Stay informed with the top movers within the dow jones index on Thursday.,Curious about the top performers within the dow jones index one hour before the close of the markets on Thursday? Dive into the list of today's session's top gainers and losers for a comprehensive overview.,ChartMill,company
AAPL,2026-09-24 19:13:00,Apple stock is giving new CEO John Ternus plenty to smile about,Something happened to Apple stock on Sept. 23 that has not happened since Tim Cook was running the company.,Yahoo,company
JNJ,2026-09-24 19:24:05,J&J Gains 1.7% as Caplyta Opens a Mania Expansion Path,"Rapid symptom improvement broadens the drug's potential reach, but filing, approval and adoption remain ahead.",Yahoo,company
AMZN,2026-09-24 19:35:00,Here's My Top Reason to Buy Amazon Stock Right Now,Amazon Web Services is growing rapidly.,Yahoo,company
JPM,2026-09-24 19:44:21,JPMorgan Mulls $3.8 Billion Construction Financing for NYC Tower,JPMorgan Chase & Co. is in talks to lead a massive financing for Extell Development’s plan to build condominiums on Manhattan’s Upper West Side at a site that once served as the headquarters of the ABC television network.,Yahoo,company
AMZN,2026-09-24 19:50:17,Is IBM Stock's Upside Built On Growth It Is Not Guiding To?,"International Business Machines (IBM) stock fell 12% over the past twelve months, while the S&P 500 gained 16.5%. The easy read is that the bad news is already in the price. By management's account, its second quarter of 2026 fell short of expectations mostly because tens of large deals slipped, after clients moved budgets toward servers, storage and memory. So how much could IBM still make you over three years, and what has to go right.",Yahoo,company
AMZN,2026-09-24 19:54:22,"Horizon Commerce, Pacvue Expand Alliance","According to the companies, the main goal is to help brands shift ad budgets toward the campaigns that are generating the best returns.",Yahoo,company
AMZN,2026-09-24 19:55:19,e.l.f. Beauty vs. Monster Beverage: Which Consumer Goods Stock Is a Better Buy in 2026?,Monster has been compounding revenue and profits across global markets for decades. e.l.f. is growing faster but spending heavily to get there.,Yahoo,company
AAPL,2026-09-24 20:00:13,Meta's new AI device changes everything,"Everyone's talking about the meteoric rise of Meta's Muse, but Zuck's real power move dropped a day later: a secretive, keychain-sized AI device with a camera and mic, shipped months ahead of OpenAI's rumored rival. Host Ejaaz Ahamadeen breaks down the Muse Charm news from Qualcomm's Snapdragon Summit in Hawaii, and unpacks the biggest stories of the week from Meta Connect and beyond.",Yahoo,company
AAPL,2026-09-24 20:03:54,The era of AI wearables focused on listening is here,"Yahoo Finance Technology Editor Dan Howley joins Market Domination host Brooke DiPalma to report on the next round of wearable devices focused on listening to collect data, including built-in cameras in Meta's (META) Smart Glasses and the Apple (AAPL) Watch's use of the ""Live Rewind"" feature, as well as the privacy and consent concerns this could raise.",Yahoo,company
AMZN,2026-09-24 20:05:01,Amazon Blocks Meta's Muse. It Could Be a Gift for Walmart and Shopify,Who will win in the latest AI power struggle?,Yahoo,company
AMZN,2026-09-24 20:07:00,Franklin Templeton CEO drops 7-word verdict for AI stock investors,Jenny Johnson’s blunt assessment exposes what AI bulls still cannot prove.,Yahoo,company
AMZN,2026-09-24 20:08:37,Amazon Faces Another Worker Lawsuit. Is Employment Scrutiny Becoming an Investor Risk?,"Amazon.com, Inc. (NASDAQ:AMZN) is no stranger to disputes over its massive workforce. A lawsuit filed earlier this month has put that part of the business back under scrutiny, with four former warehouse employees seeking to represent thousands of workers in a proposed nationwide class action alleging systematic discrimination against pregnant employees. READ ALSO: Walmart Settles […]",Yahoo,company
PG,2026-09-24 20:10:01,"Scholastic (SCHL) Reports Q1 Loss, Lags Revenue Estimates","Scholastic (SCHL) delivered earnings and revenue surprises of -6.14% and -3.51%, respectively, for the quarter ended August 2026. Do the numbers hold clues to what lies ahead for the stock?",Yahoo,company
AMZN,2026-09-24 20:12:12,Amazon Opens Seller Data to Claude Days After Blocking Meta’s Muse,"Amazon.com Inc. (NASDAQ:AMZN) is opening its seller platform to Anthropic‘s Claude, just days after blocking Muse, the shopping agent from Meta Platforms Inc. (NASDAQ:META), from its retail site. The two moves show where Amazon is drawing the line on outside...",Yahoo,company
JNJ,2026-09-24 20:15:00,NANOBIOTIX Provides First Half 2026 Operational and Financial Update,"Promising early results reported from full cohort analysis of the completed dose-escalation and expansion phases of a Phase 1 study evaluating JNJ-1900 (NBTXR3) for patients with inoperable, locoregionally recurrent non-small cell lung cancer (“NSCLC”) amenable to re-irradiationStrengthened financial position through an oversubscribed ~€86 million global follow-on offering completed in May 2026, extending cash runway into 2029Acceptable safety profile and promising initial efficacy responses obs",Yahoo,company
AMZN,2026-09-24 20:15:53,Amazon Stock Dips After $100 Million Indiana Manufacturing Push,Amazon Powers Up Indiana With $100 Million Robotics Manufacturing Push,Yahoo,company
AAPL,2026-09-24 20:18:26,3 Stocks Tied To Apple And Nvidia Supply Chain Demand,"Market leadership has rarely felt this concentrated, with Apple and Nvidia together now carrying more than 15% of the S&P 500 and pulling a tight circle of suppliers into the spotlight. That kind of focus can magnify both upside and risk, which is exactly why investors are watching every product launch and guidance update so closely. This article walks through three stocks closely exposed to that story, and why each one could matter for your portfolio. The stocks below are just a starting...",Yahoo,company
JPM,2026-09-24 20:18:57,Sigma Lithium (SGML) Stock Could Be A Bargain After JPMorgan Initiation,"Sigma Lithium has seen its share price swing sharply over recent years, which puts fresh attention on a basic question for investors who care about fundamentals. Is the current market value of the stock really supported by the sales the business is generating today and what it may reasonably add over time? The share price has declined 68.4% over the past 3 years, which raises the issue of how much of Sigma Lithium's sales power the market is now choosing to recognize. JPMorgan's recent...",Yahoo,company
AMZN,2026-09-24 20:43:47,"Shopify Opens Its Doors to Muse, Here’s Why Amazon Won’t","Shopify Inc. (NASDAQ:SHOP) has signed a deal to make eligible Shopify stores fully shoppable through Meta’s new AI agent Muse. Amazon is taking the opposite approach, actively blocking Muse and a growing list of AI shopping tools from its platform. The contrast reflects two different approaches to agentic commerce. Shopify is opening its doors on […]",Yahoo,company
AMZN,2026-09-24 20:55:21,Blue Origin raises $10B as Bezos’ total investment hits $32B - WSJ,"Investing.com -- Jeff Bezos is doubling down on his ambitions in the space race. According to details reported by the Wall Street Journal, the Amazon founder has now poured a staggering $32 billion into Blue Origin since its founding in 2000, funding the venture through strategic sell-offs of his Amazon stock.",Yahoo,company
XOM,2026-09-24 21:08:05,Could TotalEnergies (TTE)’ LNG Growth Give it an Edge Over ExxonMobil (XOM)?,"TotalEnergies SE (NYSE:TTE) announced on September 7, 2026, that the 5.6 Mtpa Papua LNG project achieved critical commercial and contractual milestones toward a Final Investment Decision (FID). Key steps include completing the EPC tendering process and establishing a joint marketing venture with Kumul Petroleum to commercialize 2.4 Mtpa. Most notably, operatorship is transferring to ExxonMobil […]",Yahoo,company
JNJ,2026-09-24 21:55:18,Apollo’s Johnson & Johnson Deal Could Open a New Healthcare Growth Avenue,"It was reported on September 11 that Apollo Global Management, Inc. (NYSE:APO) is in discussions to acquire Johnson & Johnson (NYSE:JNJ)’s orthopedics business, DePuy Synthes, in a potential transaction valuing the unit at close to $20 billion, according to Bloomberg. The unit, which J&J previously announced plans to separate within an 18-to-24-month timeframe, generated $9.3 […]",Yahoo,company
AAPL,2026-09-24 22:02:52,What Changed In Dell's Story?,"Dell Technologies' (DELL) management no longer leads its earnings calls with the topic it stressed two years ago. That topic has not disappeared. Management still talks about it. The business behind it still brought in $51.0 billion, about 45% of Dell's revenue, in fiscal 2026. So it matters to you. What did Dell's management use to lead with.",Yahoo,company
AMZN,2026-09-24 22:05:11,Tracking Philippe Laffont's Coatue Management Portfolio - Q2 2026 Update,"Coatueâs Q2 2026 13F jumps to $48.6B: top holdings and new buys in AI, semis, and energy. Read here for a detailed investment analysis.",SeekingAlpha,company
AAPL,2026-09-24 22:30:39,Retired at 67 With $900K? These 3 ETFs Generate Your Tax Bill Without Selling Stock,"Selling stock to cover a tax bill feels like punishing yourself for saving, but retirees with a $900K portfolio have a smarter option hiding in plain sight across three very different ETFs.",Yahoo,company
AAPL,2026-09-24 22:33:00,Apple's rumored iPhone 20 could change the phone's look in a big way,Apple may be saving its biggest iPhone surprise for 2027.,Yahoo,company
AAPL,2026-09-24 23:01:17,Could John Ternus’ Product Strategy Reshape Apple’s (AAPL) Next Growth Phase?,"Apple Inc. (NASDAQ:AAPL) entered September with two things to prove: that it could still surprise consumers with new hardware and that its slow start in generative AI had not left it permanently behind. Its first major product event under CEO John Ternus offered an answer to both. Apple (NASDAQ:AAPL) unveiled the iPhone Duo, its first […]",Yahoo,company
JNJ,2026-09-24 23:04:32,J&J and Contineum’s Depression Drug Missed Phase 2 Goal. What Comes Next?,"Contineum Therapeutics, Inc. (NASDAQ:CTNM) has received the result biotech investors never want to see: one of its partnered drugs missed the primary endpoint of a Phase 2 trial. JNJ-5120/PIPE-307, which Contineum developed and Johnson & Johnson (NYSE:JNJ) is advancing under a global license and development agreement, failed to demonstrate the required efficacy in the Phase […]",Yahoo,company
JNJ,2026-09-24 23:12:24,J&J’s RYBREVANT Shows Strong Survival. Is J&J’s Oncology Franchise Gaining?,"Johnson & Johnson (NYSE:JNJ) already has RYBREVANT approved across multiple EGFR-mutated advanced lung cancer settings. New long-term data are now strengthening the clinical evidence behind the drug. READ ALSO: Pfizer vs. Abbott: Which Dividend Healthcare Stock Offers the Better Risk-Reward? In the final overall-survival analysis of the Phase 3 PAPILLON study, first-line RYBREVANT plus chemotherapy […]",Yahoo,company
AAPL,2026-09-24 23:20:46,Here is Why Garmin (GRMN) is a Good Investment at Today’s Price,"Garmin Ltd. (NYSE:GRMN) is filed away in most investors’ heads as the company that used to make running watches, before Apple came along and took the category. That is the received wisdom, and the numbers say the opposite. The shares closed at $295.05 on September 24, up close to a quarter this year. Revenue grew […]",Yahoo,company
JPM,2026-09-24 23:52:47,Why Welltower Stock Topped the Market on Thursday,An analyst upgraded his recommendation on the specialty REIT.,Yahoo,company
AMZN,2026-09-24 23:54:09,Waymo Takes On Zoox in Las Vegas. Is Alphabet Winning the Robotaxi Race?,"Waymo is planning on entering Las Vegas, but it is not alone in the market there. Amazon-backed Zoox already has a public robotaxi presence in the city, giving Waymo an established rival as it begins its Nevada rollout. Alphabet Inc.’s (NASDAQ:GOOGL) autonomous-driving unit has started offering fully autonomous rides to public passengers in Las Vegas, […]",Yahoo,company
JPM,2026-09-25 02:33:00,JPMorgan sends strong message to Meta stock investors,A Wall Street bank that soured on the stock in April now sees a historic run for its newest AI app,Yahoo,company
AAPL,2026-09-25 03:44:14,"Mark Zuckerberg's Muse Push Rockets Meta Past Musk's SpaceX — Instagram, Facebook Parent Now Worth $1.98 Trillion","Meta Platforms Inc. (NASDAQ:META) has overtaken Space Exploration Technologies Corp. (NASDAQ:SPCX) to become the world’s seventh-largest public company by market capitalization, as excitement builds around its new AI agent, Muse. Muse Gives Meta a New Growth Story At Thursday’s close, Meta’s market cap was roughly $1.72 trillion, ahead of SpaceX’s $1.14 trillion, according to Yahoo Finance data. Muse was launched on Sept. 8 and quickly climbed to No. 1 on Apple’s U.S. App Store, with its 12-day",Yahoo,company
AMZN,2026-09-25 03:52:15,Microsoft vs. Amazon: Which AI Cloud Stock Converts Capex Into Profits Better?,"Microsoft Corporation (NASDAQ:MSFT) and Amazon.com, Inc. (NASDAQ:AMZN) are spending at extraordinary scale to own the AI cloud. Their valuations are surprisingly close: Microsoft trades near 25.3 times forward earnings, while Amazon is around 27.7 times. The harder question is which company is turning those infrastructure dollars into better economics. That question has become more important […]",Yahoo,company
AMZN,2026-09-25 05:30:00,Tech Companies’ Cash Burn Isn’t the Problem You Might Think,"The five hyperscalers are spending some $1 trillion a year to build out artificial-intelligence infrastructure, and their annual free cash flow is expected to show a decline of $440 billion.",Yahoo,company
AAPL,2026-09-25 05:45:00,"Apple, Berkshire, and Walmart All Have New CEOs. Which One Will Do Best?",the three companies’ have a combined market cap of nearly $6.8 trillion. These guys have a tough task ahead of them. We spell it out.,Yahoo,company
AMZN,2026-09-25 05:46:58,"AMZN, META, GOOGL, MSFT, ORCL: Michael Burry Sounds Fresh Alarm On Big Tech’s AI Spending, Warns Of Massive Write-Offs In Two Years","Burry flags rising leverage, off-balance-sheet commitments and accounting practices as AI infrastructure spending accelerates.",Yahoo,company
AAPL,2026-09-25 05:47:56,Meta’s AI Spending Suddenly Makes Sense,Meta reaches new 52-week high as analysts view new Muse AI agent as a game-changing consumer growth strategy across 3.6B users.,Benzinga,company
AAPL,2026-09-25 05:58:38,"Understanding Apple's Position In Technology Hardware, Storage &amp; Peripherals Industry Compared To Competitors","In today&#39;s rapidly changing and highly competitive business world, it is imperative for investors and industry observers to carefully assess companies before making investment choices. In this article, we will",Benzinga,company
AMZN,2026-09-25 06:03:06,Microsoft: Risk And Reward Skewed To The Downside,"Microsoft is spending $200bn/year to expand data center capacity from 12GW to 31GW by 2030, but market skepticism persists. Read why MSFT stock is a sell.",SeekingAlpha,company
AAPL,2026-09-25 06:09:20,Do Cloudflare’s (NET) New AI Crawler Controls Quietly Strengthen Its Data-Moat Narrative?,"In September 2026, Cloudflare, Inc. launched new AI crawling controls, including a “Disallow AI Training” setting and an Accountable designation for AI crawlers, giving website owners granular control over search, AI training, and AI agents while keeping them visible in search results. A key innovation is Cloudflare’s Bot Preference Sync and accountability criteria, which standardize how websites express AI access preferences across major crawlers like Apple, Google, and Microsoft, aligning...",Yahoo,company
AAPL,2026-09-25 06:29:46,Meta's Muse Agent Makes Waves: Market Snapshot,"Major banks, insurers and online travel agencies stocks took a tumble this week after Meta's new artificial intelligence agent, Muse rose to the top of Apple's app store. Increasing usage of the app sparked fears that personal AI tools could disrupt businesses that benefit from so-called consumer inertia. The Opening Trade spoke to guests about whether the latest AI developments are impacting their outlook for stocks and the broader sector amid an increasingly complex AI trade.",Yahoo,company
AMZN,2026-09-25 07:14:18,Big Tech’s Data Center Boom Could Be Stopped by One Scarce Resource,"Big Tech&#39;s AI expansion faces a power bottleneck as global electricity demand from data centers could surge 1,100% by 2033.",Benzinga,company
PG,2026-09-25 07:30:26,Italian Regulator Closes Investigation Into Procter & Gamble's Hair Removal Device,https://en.agcm.it/en/media/press-releases/2026/9/PS13022,Benzinga,company
JNJ,2026-09-25 07:32:48,Johnson & Johnson Announces That TREMFYA Met Primary And Major Secondary Endpoints Demonstrating Both Improvement In Axial Symptoms And Reduction In Inflammation By MRI Assessment In The Phase 4 STAR Study Evaluating Biologic-Naïve Adults With Active Psoriatic Arthritis And Axial Involvement,"STAR is the first and only dedicated randomized, double-blind, placebo-controlled study of its kind designed to prospectively evaluate an IL-23 inhibitor specifically in patients with axial involvement confirmed by",Benzinga,company
JPM,2026-09-25 07:36:21,"Reported Earlier, 'US Fed plans to raise bank oversight thresholds, sources say' - Reuters Exclusive",https://www.reuters.com/legal/transactional/us-fed-plans-raise-bank-oversight-thresholds-sources-say-2026-09-25/,Benzinga,company
XOM,2026-09-25 08:02:56,"Marjorie Taylor Greene Calls US Refinery Drought Since 1977 'Catastrophic Failure,’ Demands 'All Hands On Deck’ in Washington","Marjorie Taylor Greene calls for urgent action to build new U.S. refineries, citing decades without major new refinery capacity.",Benzinga,company
AMZN,2026-09-25 08:22:47,'Goldman Sees Hyperscaler AI Capex Rising 50% to $1.2 Trillion' - Bloomberg,https://www.bloomberg.com/news/articles/2026-09-25/goldman-sees-hyperscaler-ai-capex-rising-50-to-1-2-trillion,Benzinga,company
AMZN,2026-09-25 08:25:00,I'm Riding Meta Through This Run,"Meta (META) stock update: maintain Buy after 47% run, but stop adding at highs. Read here for a detailed investment analysis.",SeekingAlpha,company
AMZN,2026-09-25 09:10:38,Amazon Expands Multichannel Tools for Sellers,"Amazon (AMZN) said Friday it is adding tools that let sellers manage listings, orders and inventory",Yahoo,company
AMZN,2026-09-25 09:14:27,"'Trump Tells OpenAI, Anthropic to Withhold Models From UK Agency' - Bloomberg",https://www.bloomberg.com/news/articles/2026-09-25/trump-tells-openai-anthropic-to-withhold-models-from-uk-agency,Benzinga,company
AAPL,2026-09-25 10:01:41,Apple: Why I'm Betting Against This Valuable Company (Rating Downgrade),"Apple Inc. is downgraded to Sell from Hold, driven by valuation concerns, and trades at a lofty 38x forward P/E. Read more on AAPL stock here.",SeekingAlpha,company
AAPL,2026-09-25 10:03:45,Jim Cramer Shared What Apple Inc. (NASDAQ:AAPL)’s New CEO Told Him About The iPhone Duo,"With Apple Inc. (NASDAQ:AAPL) having recently launched the latest iPhones, Cramer personally visited the firm’s store in New York to gauge consumer sentiment. After snapping some photographs and posting them on social media, the CNBC TV host then discussed his visit in his morning appearance on September 18th: “Yeah look, it was a big crowd. […]",Yahoo,company
JPM,2026-09-25 10:21:30,JPMorgan Preferreds: The Temptation Of A 54% Redemption Upside,JPMorgan Chase is unlikely to redeem its publicly traded preferreds despite their discounts to par and recent Series KK redemption. Read more on JPM preferreds.,SeekingAlpha,company
XOM,2026-09-25 10:41:12,Vietnam’s BSR inks crude oil supply agreement with ExxonMobil,"The framework agreement, signed in New York City, supports BSR's strategy to diversify crude sources for its Dung Quat Refinery in Vietnam.",Yahoo,company
PG,2026-09-25 10:50:00,This Dividend Stock's Moat Is as Wide as It Gets. 3 Reasons to Buy and Hold It Forever.,Short-term headwinds have created a great opportunity for investors to add consumer staples giant Procter & Gamble to their portfolios.,Yahoo,company
JNJ,2026-09-25 11:00:00,Single infusion of CARVYKTI® (ciltacabtagene autoleucel) delivered five-year treatment-free remissions in 50% of patients in early line relapsed/refractory multiple myeloma,"Johnson & Johnson (NYSE:JNJ), a worldwide leader in multiple myeloma therapies, announced today new long-term follow-up data from the initial subgroup of cohort A in the Phase 2 CARTITUDE-2 study (N=20) showing that 50% of patients (10/20) in early line relapsed or refractory multiple myeloma (RRMM) who were treated with a single infusion of CARVYKTI® (ciltacabtagene autoleucel; cilta-cel) remained alive and progression-free for at least five years without maintenance therapy.1 These results bui",Yahoo,company
JNJ,2026-09-25 11:03:18,Johnson & Johnson Clinical Trials Show Progress Across Key Therapies,Johnson &amp; Johnson shares key clinical trial results for Tremfya in psoriatic arthritis and five-year Carvykti data in multiple myeloma.,Benzinga,company
AAPL,2026-09-25 11:09:44,9 Of 11 Sectors Fall In Friday Trading As Cyclicals Lead,"Friday’s regular session has two sectors higher and nine lower, with growth and cyclical sectors split across the top three positions. The leaders are separated rather than clustered, with Technology and Industrials",Benzinga,company
XOM,2026-09-25 11:09:44,9 Of 11 Sectors Fall In Friday Trading As Cyclicals Lead,"Friday’s regular session has two sectors higher and nine lower, with growth and cyclical sectors split across the top three positions. The leaders are separated rather than clustered, with Technology and Industrials",Benzinga,company
JNJ,2026-09-25 11:16:00,Single infusion of CARVYKTI®▼ (ciltacabtagene autoleucel) delivered five-year treatment-free remissions in 50% of patients in early line relapsed/refractory multiple myeloma,"New results from cohort A of the CARTITUDE-2 study, among 20 patients, suggest earlier treatment may increase the likelihood of long-term remission1Study adds to Johnson & Johnson's overwhelming body of evidence supporting its innovative multiple myeloma therapies in second line, where earlier intervention may increase long-term remission and disease control2 BEERSE, BELGIUM, Sept. 25, 2026 (GLOBE NEWSWIRE) -- Johnson & Johnson, a worldwide leader in multiple myeloma, announced today new long-te",Yahoo,company
AAPL,2026-09-25 11:17:00,Block Expands Square and Cash App's Reach With Apple & Workday Deals,"XYZ expands Square and Cash App through Apple and Workday integrations, aiming to boost merchant discovery, direct deposits and engagement.",Yahoo,company
AMZN,2026-09-25 11:26:08,Top Growth Stocks For A Post-Seasonal Market And Midterms Boost,Growth stocks are gaining appeal as major indexes reach record highs and the market shifts toward following the momentum. Click for the top three stocks.,SeekingAlpha,company
JNJ,2026-09-25 11:30:00,Johnson & Johnson announces TREMFYA® (guselkumab) is the first and only IL-23 inhibitor to show significant improvement in spinal pain and stiffness in landmark axial psoriatic arthritis (PsA) study,"Johnson & Johnson (NYSE: JNJ) today announced that TREMFYA® (guselkumab) met the primary and major secondary endpoints demonstrating both improvement in axial symptoms and reduction in inflammation by MRI assessment in the Phase 4 STAR study evaluating biologic-naïve adults with active psoriatic arthritis and axial involvement (axial PsA). STAR is the first and only dedicated randomized, double-blind, placebo-controlled study of its kind designed to prospectively evaluate an IL-23 inhibitor spec",Yahoo,company
AMZN,2026-09-25 11:32:47,Slop Economy Warning: VC Expects Another 'Vastly Larger' 2008 — Blame AI,Paul Kedrosky warns AI spending is creating a “slop economy” while debt-backed data centers echo the run-up to 2008.,Benzinga,company
AMZN,2026-09-25 11:32:58,Amazon: Meta's Muse Just Handed Investors A $65 Billion Gift,"Amazon.com, Inc. stock under pressure as rates rise and FCF stays negative. Click for this AMZN update and see if it is the right stock for you.",SeekingAlpha,company
JPM,2026-09-25 11:34:06,"GENI Stock: JPMorgan Sees Nearly 40% Upside, Cites Prediction Markets ‘Optionality’","JPMorgan highlighted Genius Sports' diversified growth, improving profitability and valuation as key factors supporting its positive view on the stock.",Yahoo,company
AMZN,2026-09-25 11:45:00,Anthropic Just Created a New Hot AI Stock—It Won’t Be the Last,"Dot-com era darling Akamai strikes a $12 billion deal with Anthropic, and AMD and Marvell are big stock movers",Yahoo,company
AAPL,2026-09-25 11:51:05,Apple (NASDAQ:AAPL) Stands Out as a Quality Investing Candidate Despite Premium Valuation,"Apple scores strongly on the Caviar Cruise quality screen, with high ROIC, low Debt/FCF, and durable growth, but trades at a premium valuation.",ChartMill,company
AAPL,2026-09-25 12:00:16,"Apple Stock Approaches Buy Point Following Launch Of New iPhone, New CEO","Apple stock was trading just below a buy point as it aimed to stretch a string of weekly wins.  Apple this month began selling its iPhone 18 Pro and Pro Max smartphones, prompting an optimistic price-target hike from Evercore ISI analyst Amit Daryanani.  Daryanani reiterated his outperform rating on Apple stock and raised his price target to 380 from 365.",Yahoo,company
AMZN,2026-09-25 12:16:38,"Goldman Sachs just gave AI stock fans a cold, hard reality check","Goldman Sachs strategist Ryan Hammond thinks hyperscalers like Amazon, Oracle, and Microsoft need to generate about $300 billion in AI revenue in the ""next few years"" to break even on their investments.",Yahoo,company
AMZN,2026-09-25 12:19:23,Is IBM Stock A Real Bargain?,"International Business Machines (IBM) stock trades at 19.9 times the past year's earnings. The median S&P 500 company trades at 22.1 times. The shares lost 14.4% over the last twelve months, while the S&P 500 returned 17.1%. Is IBM a good business on sale, or a fair price for one whose growth has stalled? The answer starts with what the price buys you today.",Yahoo,company
AMZN,2026-09-25 12:25:52,Microsoft Gives Copilot A Major AI Makeover,"Microsoft stock rose 3% as tech leads market gains. Discover the latest MSFT stock movement, technical levels, and analyst price targets.",Benzinga,company
AMZN,2026-09-25 12:41:24,"Michael Burry Warns Microsoft, Amazon and Oracle Could Face AI Write-Off Shock",Burry Sounds Alarm on $3 Trillion AI Spending Bet by Big Tech Giants,Yahoo,company
AMZN,2026-09-25 12:43:22,"Nvidia GPU Demand Is So Extreme, Even Bad Cloud Infrastructure Is Selling, SemiAnalysis Says",SemiAnalysis says GPU scarcity is so severe that even poorly configured cloud infrastructure is still finding buyers at healthy margins.,Benzinga,company
AMZN,2026-09-25 12:49:25,Amazon Vs. Meta: What’s Actually Behind The Decision to Block Muse,"Amazon just shut Meta's Muse agent out of its store overnight, and the real reason goes deeper than security complaints. Two tech giants with a multibillion-dollar partnership are quietly fighting over who gets to own the moment a shopper decides to buy.",Yahoo,company
AMZN,2026-09-25 12:53:40,FTC Chair Says Will Resist Anthropomorphizing Of AI Agent Tools As Long As Chairman; Says Use Of Substantial Personal Data In Non-Traditional Products Should Be Disclosed, - Reuters,Benzinga,company
JNJ,2026-09-25 12:57:20,Basecamp raises $140M before the clinic; J&J and Compass’ potential rivalry,Some of the biggest news and trends captured in PharmaVoice’s newsletter this week. Sign up here to receive the newsletter daily. Another big AI haul Investors are still lining up to back AI drug developers before their candidates reach human trials. Basecamp Research...,Yahoo,company
AMZN,2026-09-25 12:58:26,Goldman Sachs Warns on Big Tech AI Debt Flood,The AI boom is creating a new credit-market problem,Yahoo,company
JPM,2026-09-25 13:00:29,IBD's Seventh Annual Survey Of The Most Trusted Financial Companies,"Investor's Business Daily leads the way in polling consumers to find out which financial companies they trust. More than 8,000 people shared their views.",Yahoo,company
JPM,2026-09-25 13:00:40,"Credit Card Companies Woo Shoppers With New Perks, Services","Customers say service, perks, new products put American Express in first place among the most trusted credit card companies.",Yahoo,company
JPM,2026-09-25 13:00:50,"Schwab, Fidelity, E-Trade Top Investing Rankings In IBD Trust Survey","Investing and wealth management firms' clients shared their views on financial soundness, quality products and data security.",Yahoo,company
JPM,2026-09-25 13:01:07,Best Banks: Ensuring Privacy And Security Wins Customer Trust,PNC Bank takes top honors among banks in IBD's 2026 trust survey by winning customer confidence with strong privacy and security.,Yahoo,company
AAPL,2026-09-25 13:01:18,What Is Going on With Qualcomm Stock on Friday?,"Qualcomm stock surged following new Snapdragon 8 Elite chip rollouts, an extended global patent agreement with Apple, and strong growth in on-device AI capabilities.",Benzinga,company
JPM,2026-09-25 13:01:28,IBD's 30 Most Trusted Financial Companies — See The 2026 List,"Find out which companies across eight financial categories scored highest in consumer trust in IBD's 2026 poll. How does your broker, bank, fund provider or insurer rate?",Yahoo,company
PG,2026-09-25 13:05:46,P&G vs. Hershey: One Dividend Has a Major Advantage When Costs Surge,"Both P&G and Hershey have paid dividends for decades, but one of them proved dangerously vulnerable when a single commodity turned against it, and that difference matters enormously for any retiree counting on steady income growth.",Yahoo,company
JPM,2026-09-25 13:12:39,'JPMorgan Tweaks Data-Sharing Notices in Battle With Fintechs' - Bloomberg,https://www.bloomberg.com/news/articles/2026-09-25/jpmorgan-tweaks-data-sharing-notices-in-battle-with-fintechs,Benzinga,company
AMZN,2026-09-25 13:16:07,Oracle’s Collapse–$200 Billion In Data Center Shut Downs,"Oracle's Project Jupiter is just one casualty in a growing wave of blocked and delayed data center construction that threatens to destabilize the entire AI infrastructure boom, and the warning signs point far beyond one struggling company.",Yahoo,company
AMZN,2026-09-25 13:17:00,Blue Origin raises $10 billion in first outside funding,"Jeff Bezos's space company, Blue Origin, has raised $10 billion in its first outside financing round, valuing the business at about $140 billion, according to The Wall Street Journal (WSJ). Bezos is contributing a fresh $2 billion of his own money to the round. That brings Bezos's...",Yahoo,company
XOM,2026-09-25 13:17:00,Chevron's Cost Discipline: Turning Efficiency Into Lasting Value,"CVX's cost cuts are reshaping its operations, with efficiency gains, lower capital needs and technology supporting value through commodity cycles.",Yahoo,company
AAPL,2026-09-25 13:35:11,10 Information Technology Stocks With Whale Alerts In Today’s Session,"This whale alert can help traders discover the next big trading opportunities.
Whales are entities with large sums of money and we track their transactions here at Benzinga on our options activity scanner.
Traders will",Benzinga,company
AAPL,2026-09-25 13:39:45,Bernstein sees downside risk to Apple’s December quarter results,"Investing.com -- Bernstein kept its Outperform rating and $370 price target on Apple in a note on Friday, but it warned investors that rising memory chip costs could hurt the iPhone maker's gross margin and earnings in the December quarter.",Yahoo,company
AMZN,2026-09-25 13:44:00,AI-Driven Investment Surge Reshapes the Electronic Chemicals and Materials Industry,"“BCC Research examines how AI is improving process optimization, defect detection, predictive quality control and materials discovery, helping semiconductor manufacturers improve yields, consistency and fab efficiency.”Boston, Sept. 25, 2026 (GLOBE NEWSWIRE) -- The electronic chemicals and materials industry is undergoing a structural realignment driven by artificial intelligence — from hyperscale data center buildouts and national semiconductor strategies to AI-accelerated materials discovery.",Yahoo,company
AAPL,2026-09-25 13:44:00,Over 30 CEOs scored an invite to the US-China state dinner — and these 4 got a spot at the head table,"President Trump touted Thursday's long-awaited state dinner at the White House as a tough ticket, and while the Chinese business delegation was notably absent, the glittering event featured a wide array of US CEOs.",Yahoo,company
JNJ,2026-09-25 13:45:00,Johnson & Johnson says Tremfya eases spinal pain in Phase 4 psoriatic arthritis study,"Johnson & Johnson (NYSE:JNJ) said its Tremfya treatment significantly improved spinal pain and stiffness in adults with axial psoriatic arthritis in a Phase 4 study. The company said Tremfya met the study’s primary endpoint at week 24, showing greater improvement than placebo on a disease...",Yahoo,company
AMZN,2026-09-25 13:46:06,Anthropic Seeks Palantir-Style Control Ahead of IPO,Future shareholders may get less say than expected,Yahoo,company
AMZN,2026-09-25 13:54:51,Michael Burry Drops Stark Message For AI Stock Investors,Big Tech's AI commitments are becoming harder to ignore,Yahoo,company
AAPL,2026-09-25 13:55:20,These are stocks getting lifted up by Meta's Muse,"The 8:30 Hosts Julie Hyman, Jake Conley, and Pras Subramanian discuss the stocks that have seen gains amid the buzz around Meta's (META) Muse and whether investors should expect that to continue in the long term.",Yahoo,company
AMZN,2026-09-25 14:00:00,"Keystone To Launch India Business With Bengaluru As First Hub, Plans To Hire Talent & Increase Workforce Over Next Two Years","Keystone, a global advisory firm that guides the most critical technology and science-based platforms and ecosystems, today announced it is establishing Keystone India, with Bengaluru as its first hub in the country. The company plans to hire talent and expand its workforce in India over the next two years.",Yahoo,company
PG,2026-09-25 14:00:00,"How To Build A $75,000 Dividend Portfolio With SCHD And 5 High-Yield Picks","Build a $75K dividend portfolio anchored by SCHD, enhanced with JEPI, VNG, and 8 quality stocks to boost yield, growth, and diversificationâread now.",SeekingAlpha,company
AAPL,2026-09-25 14:00:00,"How To Build A $75,000 Dividend Portfolio With SCHD And 5 High-Yield Picks","Build a $75K dividend portfolio anchored by SCHD, enhanced with JEPI, VNG, and 8 quality stocks to boost yield, growth, and diversificationâread now.",SeekingAlpha,company
JNJ,2026-09-25 14:00:16,The 1 Number That Decides Whether a Dividend Lasts Your Whole Retirement,"Most retirees obsess over yield and payout ratios, but neither metric has actually survived a recession, a rate spike, or a global pandemic on your behalf. One number has, and it changes everything about how you evaluate an income stock.",Yahoo,company
AMZN,2026-09-25 14:11:10,Amazon commits $3bn to scale India quick commerce arm – report,"One source told Reuters that Amazon is aiming for close to 1,300 outlets by April 2027, a rise from the current 750.",Yahoo,company
AMZN,2026-09-25 14:20:00,"The ""Magnificent Seven"" Stocks: Here's the 1 I'm Buying Hand Over Fist Right Now",It's too good a value to pass up on right now.,Yahoo,company
AAPL,2026-09-25 14:20:00,"The ""Magnificent Seven"" Stocks: Here's the 1 I'm Buying Hand Over Fist Right Now",It's too good a value to pass up on right now.,Yahoo,company
AMZN,2026-09-25 14:22:49,Carrier diversity key to holiday success in a high cost environment,"Even saving a few dollars per order on shipping fees can free up capital for other parts of a business, UniUni Chief Revenue Officer Sheila Berry said.",Yahoo,company
AMZN,2026-09-25 14:28:33,Why Is PayPal Stock Surging on Friday?,PayPal Holdings stock is rising Friday on fresh acquisition rumors and an expanded payment partnership with Meta&#39;s AI agent.,Benzinga,company
JPM,2026-09-25 14:29:00,JPMorgan Says Bitcoin’s Rally Lessens Pressure On Crypto Miners,U.S. bank JPMorgan Chase (NYSE: $JPM) says the current rally in Bitcoin (CRYPTO: $BTC) is likely to provide some re...,Yahoo,company
AAPL,2026-09-25 14:30:00,The 200-Day Moving Average: The Worst-Kept Secret for Investing,The 200-day moving average is a closely watched level among investors and one of the most widely used indicators. Investors can use it to their advantage for stocks in longer-term uptrends.,Yahoo,company
AMZN,2026-09-25 14:34:11,"AI financing fears are mounting, sparked by Oracle's force majeure notice","The 8:30 Hosts Julie Hyman, Jake Conley, and Pras Subramanian chat with Deirdre Bosa about Oracle's (ORCL) force majeure at its AI data center and what it signals about the broader AI build-out.",Yahoo,company
AMZN,2026-09-25 14:36:00,Quantum Isn’t Yet Ready for Prime Time. Microsoft and Amazon Want to Own the Ecosystem Anyway.,"Microsoft and Amazon are expanding their footprint in quantum computing, even as a commercial breakout remains years away.",Yahoo,company
AAPL,2026-09-25 14:38:00,FIDO wrestles with agentic trust,"The industry consortium and payments players are considering standards for agentic commerce, particularly for verifying identity.",Yahoo,company
AMZN,2026-09-25 14:49:08,Jaguar Health Soars 32% as Rare-Disease Pipeline News Meets Thin Post-Split Float,"Jaguar Health is surging on a float so thin that a handful of trades can swing the price wildly, while a rare pediatric disease program edges closer to a pivotal regulatory filing that could either validate the rally or expose how fragile it really is.",Yahoo,company
AMZN,2026-09-25 14:55:15,Is Stitch Fix’s (SFIX) Turnaround Built to Last?,"Stitch Fix Inc. (NASDAQ:SFIX) has restructured its operations around higher client monetization, supported by multi-year revenue stabilization ($1.35 billion in FY2026), positive operating cash flow generation ($38.2 million in FY2026), a debt-free balance sheet with $241 million in cash and short-term investments, improving return on invested capital, and robust free cash flow conversion ($28.5 million […]",Yahoo,company
AAPL,2026-09-25 15:00:00,MP Materials' Magnetics Segment: Can It Unlock the Next Growth Phase?,"MP is advancing into magnet manufacturing, with GM qualification underway and commercial shipments expected in Q4 as production ramps.",Yahoo,company
JPM,2026-09-25 15:00:00,J.P. Morgan says $115B could flow into India's stock market as investors rush to hedge the crowded AI trade,"It’s getting harder to build a portfolio the AI boom doesn’t touch, but one of the world’s largest stock markets could offer steady growth and supportive government policies.",Yahoo,company
AAPL,2026-09-25 15:00:48,"If You Invest $15,000 Into These 3 Stocks, You Could Have $30,000 In 2030","A $15,000 bet split across three Nasdaq giants could look very different by 2030 depending on which of them ends up dragging the whole portfolio down.",Yahoo,company
JNJ,2026-09-25 15:01:01,ABBV vs. JNJ: One of These Dividend Aristocrats Will Crush the Other Over the Next Decade,"AbbVie and Johnson and Johnson both trade near 52-week highs and carry decades of dividend raises, but one faces a patent cliff and a leveraged balance sheet that could force retirees to rethink their income strategy completely.",Yahoo,company
AMZN,2026-09-25 15:02:00,Serve Robotics Targets a $450B Market: How Big Is Its Growth Runway?,"SERV targets a $450B delivery market by 2030, but growth hinges on higher utilization, broader demand and better unit economics.",Yahoo,company
AMZN,2026-09-25 15:02:02,"Hyperscaler Stocks Could Rebound In This 2027 Scenario, Says Goldman Sachs","Hyperscaler stocks could rebound in 2027, according to a Goldman Sachs scenario for capital spending, revenue growth and free cash flow.",Yahoo,company
XOM,2026-09-25 15:04:34,"The 8:30: Trump-Xi summit takeaways, an interview with Microsoft CEO Satya Nadella","The 8:30 Hosts Julie Hyman, Pras Subramanian, and Jake Conley break down the biggest market and business stories driving the day's conversation. From the latest updates from President Trump's summit with Xi Jinping to Costco's (COST) latest earnings, The 8:30 panel delivers the essential headlines and market context you need to start your day informed. Deirdre Bosa also comes on to discuss her recent interview with Microsoft (MSFT) CEO Satya Nadella.",Yahoo,company
AMZN,2026-09-25 15:08:45,Could OpenAI and Anthropic going public backfire?,Tusk Ventures Founder and CEO Bradley Tusk joins Yahoo Finance Executive Editor Brian Sozzi to make the case on why top AI companies like OpenAI and Anthropic are overvalued and the pressures of becoming a public company amid fears of AI safety.,Yahoo,company
AMZN,2026-09-25 15:11:00,3 Stocks to Watch From the Satellite and Communication Industry,"Amid macroeconomic volatility, steady global connectivity bodes well for Zacks Satellite and Communication industry participants, such as PL, SATL and GILT.",Yahoo,company
AAPL,2026-09-25 15:12:00,META Strengthens VR Portfolio: Can It Stay Ahead of AAPL and GOOGL?,"Meta Platforms expands its VR push with lightweight AI-powered glasses, immersive content, and productivity tools as Apple and Alphabet step up the competition.",Yahoo,company
AMZN,2026-09-25 15:32:00,How Meta’s Muse Saved the Market—While Savaging These Stocks,the question isn’t who will pick up the slack if and when the AI heavyweights slow down—it’s whose lunch the tech will eat next.,Yahoo,company
AMZN,2026-09-25 15:32:58,"Musk’s ‘Zuckerberg moment,’ mortgage rates, and Google’s space bet","In this episode on Sozzi Unleashed, Yahoo Finance Executive Editor Brian Sozzi breaks down what mortgage rate surges mean for home improvement stocks, why Elon Musk may be the next leader to have a 'Mark Zuckerberg moment,' and what Alphabet's (GOOGL, GOOG) venture into space could mean for the business.",Yahoo,company
AMZN,2026-09-25 15:40:22,Amazon Stock: Is AI Capex Outrunning the Payback?,"Amazon.com (AMZN) management now leads its calls with AI. It plans about $220 billion of 2026 capital spending. The easy reading is that the stores run themselves while the cloud arm takes the spending. That reading holds only if two things are true. The stores must keep getting cheaper to run, and the cloud arm must earn back what it spends. Did the stores stop getting cheaper to run, or did management just stop leading with them.",Yahoo,company
AMZN,2026-09-25 15:51:00,"Amazon, US Steel, Pirelli and others make facility investments, while layoffs progress","Additionally, Eli Lilly broke ground on its Houston facility, and auto parts suppliers Hansae and Toyotetsu announced U.S. expansions. Meanwhile, Amy’s Kitchen and others are shuttering facilities.",Yahoo,company
AMZN,2026-09-25 16:00:18,"If You Invest $500 a Month in Nvidia Starting Now, This is What You’d Have in 2030","Nvidia sits at the heart of a $2 trillion cloud backlog, and a simple monthly contribution strategy could turn that tailwind into a dramatically different number by 2030. The spread between the best and worst case scenarios tells a very different story about the risk hiding inside the opportunity.",Yahoo,company
GOOGL,2026-09-25 16:01:00,Coinbase Tokenized Stocks Added as Collateral for USDC Loans on Aave,Coinbase’s (NASDAQ: $COIN) tokenized versions of seven major U.S. stocks can now be used as collateral to bor...,Yahoo,company
AAPL,2026-09-25 16:01:00,Coinbase Tokenized Stocks Added as Collateral for USDC Loans on Aave,Coinbase’s (NASDAQ: $COIN) tokenized versions of seven major U.S. stocks can now be used as collateral to bor...,Yahoo,company
AMZN,2026-09-25 16:01:00,Coinbase Tokenized Stocks Added as Collateral for USDC Loans on Aave,Coinbase’s (NASDAQ: $COIN) tokenized versions of seven major U.S. stocks can now be used as collateral to bor...,Yahoo,company
GOOGL,2026-09-25 16:02:30,Microsoft Climbs 4% as Oppenheimer Lifts Target to $570 on Copilot Enterprise Pivot; Alphabet Ticks Up,"Oppenheimer just raised its Microsoft target and investors are cheering, but the company's dramatic Copilot overhaul trades predictable subscription revenue for a usage meter that rises and falls with customer behavior. Whether that bet pays off depends on a question Microsoft has not yet answered.",Yahoo,company
GOOGL,2026-09-25 16:24:40,"Cybersecurity Stocks Pare Early-Week Gains — Analysts See AI Security Demand Building, But Valuations Raise The Bar","Cybersecurity stocks are pulling back after a sharp early-week surge fueled by mounting AI safety concerns, while analysts say underlying security demand remains strong even as valuations have rerated higher.",Yahoo,company
AAPL,2026-09-25 16:30:30,Apple Stock Outlook: Our Target Leaves Wall Street Behind,"Wall Street has Apple pegged at one price target, but our proprietary model lands somewhere else entirely, and the gap between the two tells a story about where this stock may be headed after a record-breaking June quarter.",Yahoo,company
GOOGL,2026-09-25 16:30:30,Apple Stock Outlook: Our Target Leaves Wall Street Behind,"Wall Street has Apple pegged at one price target, but our proprietary model lands somewhere else entirely, and the gap between the two tells a story about where this stock may be headed after a record-breaking June quarter.",Yahoo,company
AMZN,2026-09-25 16:30:45,Amazon Wouldn’t Be Doing What It’s Doing if AI Capex Was Going to Fail,"Andy Jassy just committed roughly $200 billion in capital expenditures for 2026, and the logic behind that number reveals something most investors are missing about where AWS demand is actually coming from.",Yahoo,company
GOOGL,2026-09-25 16:30:45,Amazon Wouldn’t Be Doing What It’s Doing if AI Capex Was Going to Fail,"Andy Jassy just committed roughly $200 billion in capital expenditures for 2026, and the logic behind that number reveals something most investors are missing about where AWS demand is actually coming from.",Yahoo,company
GOOGL,2026-09-25 16:32:43,Google Plans To Launch Mini Data Center Into Space Next Week As Part Of Project Suncatcher’s Bid For A Market Projected To Hit $28.16 Billion,"Google is about to launch a refrigerator-sized data center into orbit, but its own engineers admit it will be years before the technology is remotely useful. So why launch it at all?",Yahoo,company
AMZN,2026-09-25 16:35:01,Should SpaceX Investors Be Worried About Competition From Amazon?,There are other reasons to consider avoiding SpaceX stock.,Yahoo,company
JPM,2026-09-25 16:40:11,Friday's session: top gainers and losers in the dow jones index,Curious about the dow jones stocks that are in motion on Friday? Join us as we explore the top movers within the dow jones index during today's session.,ChartMill,company
AAPL,2026-09-25 16:40:11,Friday's session: top gainers and losers in the dow jones index,Curious about the dow jones stocks that are in motion on Friday? Join us as we explore the top movers within the dow jones index during today's session.,ChartMill,company
JNJ,2026-09-25 16:40:11,Friday's session: top gainers and losers in the dow jones index,Curious about the dow jones stocks that are in motion on Friday? Join us as we explore the top movers within the dow jones index during today's session.,ChartMill,company
GOOGL,2026-09-25 16:45:20,Meta Vs. Alphabet: The Agentic AI Each Builds Will Be Very Different in 2027,"Alphabet and Meta both reported blockbuster AI quarters, but their agent strategies point in opposite directions, and only one of them looks like a safer bet heading into 2027.",Yahoo,company
GOOGL,2026-09-25 16:47:06,Alphabet Moved Higher as TPUs Chase Power Beyond Earth,"Project Suncatcher tests radiation, cooling and launch survival before orbital computing can address terrestrial power constraints.",Yahoo,company
AAPL,2026-09-25 16:59:56,Apple Stock Gains as Macs Attack the Token Meter,Local inference replaces recurring cloud charges with hardware whose utilization determines the savings.,Yahoo,company
GOOGL,2026-09-25 17:00:00,Yellow Flag: The Bond Market Is Becoming An AI Trade,"Goldman says AI-driven debt tops $500B in 2026. Click here to learn about risks to cash flow and credit spreads, plus why diversified IG bonds may hold up.",SeekingAlpha,company
AAPL,2026-09-25 17:00:00,Yellow Flag: The Bond Market Is Becoming An AI Trade,"Goldman says AI-driven debt tops $500B in 2026. Click here to learn about risks to cash flow and credit spreads, plus why diversified IG bonds may hold up.",SeekingAlpha,company
GOOGL,2026-09-25 17:02:00,Alphabet vs. Apple: Which Consumer AI Tech Stock Has an Edge Now?,"GOOGL's Gemini scale, expanding AI monetization and strong Search and Cloud growth give it an edge over AAPL in consumer AI.",Yahoo,company
AAPL,2026-09-25 17:02:00,Alphabet vs. Apple: Which Consumer AI Tech Stock Has an Edge Now?,"GOOGL's Gemini scale, expanding AI monetization and strong Search and Cloud growth give it an edge over AAPL in consumer AI.",Yahoo,company
AAPL,2026-09-25 17:02:46,Qualcomm Rallies 6% as Buyers Reverse Apple Renewal Selloff; Apple Stock Ticks Up,"Qualcomm sellers got the first word on the Apple renewal announcement, but buyers showed up next and disagreed sharply. What changed between those two reactions tells a more complicated story about what the deal actually means for Qualcomm.",Yahoo,company
JNJ,2026-09-25 17:03:42,Pfizer Stock Paid Out $49B: So Why Did Investors Lose Money?,"The pharmaceutical giant sent shareholders a torrent of cash, yet the stock itself went backward. Here is the accounting of what owners actually received.",Yahoo,company
AAPL,2026-09-25 17:04:00,What Musk’s Tesla and SpaceX Stocks Are Doing After That White House State Dinner,"Tesla and SpaceX CEO Elon Musk was seated at the head table. So was Nvidia’s Jensen Huang, Apple’s Tim Cook, and AMD’s Lisa Su.",Yahoo,company
AMZN,2026-09-25 17:04:00,What Musk’s Tesla and SpaceX Stocks Are Doing After That White House State Dinner,"Tesla and SpaceX CEO Elon Musk was seated at the head table. So was Nvidia’s Jensen Huang, Apple’s Tim Cook, and AMD’s Lisa Su.",Yahoo,company
GOOGL,2026-09-25 17:04:00,What Musk’s Tesla and SpaceX Stocks Are Doing After That White House State Dinner,"Tesla and SpaceX CEO Elon Musk was seated at the head table. So was Nvidia’s Jensen Huang, Apple’s Tim Cook, and AMD’s Lisa Su.",Yahoo,company
GOOGL,2026-09-25 17:07:00,A forgotten tech giant makes a quiet comeback,A fallen tech icon is quietly rebuilding its empire,Yahoo,company
AAPL,2026-09-25 17:07:00,A forgotten tech giant makes a quiet comeback,A fallen tech icon is quietly rebuilding its empire,Yahoo,company
JNJ,2026-09-25 17:13:11,Is LLY Stock Cheaper Than It Looks?,"At about $1,182 a share, Eli Lilly (LLY) stock trades at about 33.1 times trailing earnings. Those are adjusted earnings: normalized net income with stock-based compensation added back, a basis built to sit close to the one analysts use in their forecasts. That looks expensive. Whether it is depends on two obesity drugs, on margins and on how much Lilly spends buying new medicines.",Yahoo,company
PG,2026-09-25 17:13:28,Procter And Gamble (PG) Pushes Scalp Care While Valuation Debate Stays In Focus,"Procter & Gamble (PG) just pushed its Head & Shoulders brand further into science-led scalp care, rolling out the new HydraZinc Complex across multiple dandruff shampoo lines at a suggested US$6.99 price point. For investors watching Procter & Gamble’s share price, the story has been more muted than the product news. The stock closed at US$145.68 and has slipped over the past week. The 1-year total shareholder return is slightly negative, hinting that recent product launches and promotions...",Yahoo,company
AAPL,2026-09-25 17:14:00,Meta Stock Soared 27% on Muse AI. The Hard Part Comes Next.,"Meta  Platforms’ Muse personal agent isn’t even three weeks old, but the stock is up 27% in that period.  Muse and similar artificial-intelligence-based personal agents aren’t just apps.  If personal agents become widespread, websites and apps will likely have separate ways for humans and machines to interact with them.",Yahoo,company
JPM,2026-09-25 17:15:00,Chase Launches Data Security Center to Help Customers Manage Connected Apps and Third-Party Data Sharing,"NEW YORK, September 25, 2026--Today, Chase announced it has begun a phased rollout of its new Data Security Center, giving customers a clearer, simpler way to understand and manage how their financial data is shared with third-party apps. The experience is designed to make data sharing more visible and actionable, helping customers better understand where their data is being shared, make informed decisions about connected apps and maintain control over those connections over time.",Yahoo,company
GOOGL,2026-09-25 17:30:12,Marvell’s 203% YTD Surge Sets High Bar but We See More Runway Ahead,"After a 200-plus percent run this year, Marvell sits at a crossroads where one upcoming investor day could either justify its stretched valuation or expose a critical flaw at the heart of its AI growth story.",Yahoo,company
GOOGL,2026-09-25 17:35:06,Why this early Uber investor would short OpenAI,"OpenAI isn't even a public company yet, and there's already one prominent venture capitalist who would short the stock if it were public.",Yahoo,company
AMZN,2026-09-25 17:36:35,Generac Is Becoming an AI Power Play. Amazon Just Made That Case Bigger.,Amazon just gave Generac’s growing data-center business another major push.,Yahoo,company
GOOGL,2026-09-25 17:38:04,Sandisk: $94B In Contracts Reinforces Outlook,"Sandisk Corporation is rated a Buy, supported by multi-year contracts securing over 4 years of demand and robust free cash flow. Click for this SNDK update.",SeekingAlpha,company
AAPL,2026-09-25 17:38:04,Sandisk: $94B In Contracts Reinforces Outlook,"Sandisk Corporation is rated a Buy, supported by multi-year contracts securing over 4 years of demand and robust free cash flow. Click for this SNDK update.",SeekingAlpha,company
GOOGL,2026-09-25 17:41:49,Is CoreWeave Stock Making Your Portfolio's Bad Days Worse?,"CoreWeave (CRWV) has climbed 12.8% over the last five trading days, while the S&P 500 added 0.9%. The run coincided with a sale of convertible senior notes, and it stirs the urge to chase. But where CoreWeave goes next week is not the question for your money. What matters is how far it travels each time the market moves, and it travels furthest on the way down.",Yahoo,company
AMZN,2026-09-25 17:41:49,Is CoreWeave Stock Making Your Portfolio's Bad Days Worse?,"CoreWeave (CRWV) has climbed 12.8% over the last five trading days, while the S&P 500 added 0.9%. The run coincided with a sale of convertible senior notes, and it stirs the urge to chase. But where CoreWeave goes next week is not the question for your money. What matters is how far it travels each time the market moves, and it travels furthest on the way down.",Yahoo,company
GOOGL,2026-09-25 17:52:02,Dell Stock Jumps 3.5% as Gemini Enters the XPS Franchise,A $999 AI laptop gives Dell premium consumer optionality without disclosed sales or margin commitments.,Yahoo,company
AAPL,2026-09-25 17:52:40,Qualcomm Stocks Jump as Apple Extends the Royalty Bridge,The patent agreement protects licensing revenue while Qualcomm builds new AI-computing engines beyond smartphones.,Yahoo,company
GOOGL,2026-09-25 17:57:32,Why It’s Time to Buy Alphabet Stock,"Alphabet’s growth outlook remains solid, driven by its diversified revenue base.",Yahoo,company
AMZN,2026-09-25 18:00:00,Quantum Selloff: Should Investors Consider These 3 Hyperscalers?,"As quantum stocks face a valuation reset, hyperscalers offer exposure through cloud, AI and investments in quantum capabilities.",Yahoo,company
GOOGL,2026-09-25 18:00:00,Quantum Selloff: Should Investors Consider These 3 Hyperscalers?,"As quantum stocks face a valuation reset, hyperscalers offer exposure through cloud, AI and investments in quantum capabilities.",Yahoo,company
GOOGL,2026-09-25 18:00:54,America Needs More Electricity. Here’s What It Could Mean for DTE Energy,"Michigan's utility giant just locked in hyperscale data center deals with Oracle and Alphabet while its stock slid nearly 10% in a month, creating a rare gap between what the market sees and what the load growth math suggests.",Yahoo,company
AMZN,2026-09-25 18:02:00,Quantum Is a $850 Billion Dream. Microsoft and Amazon Are Betting Big on It.,"Microsoft and Amazon are expanding their footprint in quantum computing, even as a commercial breakout remains years away.",Yahoo,company
MSFT,2026-09-25 18:02:50,"Final Trade: MSFT, MRK, MU, CRM",The final trades of the day with CNBC's Melissa Lee and the 'Fast Money' traders.,CNBC,company
GOOGL,2026-09-25 18:04:54,"Google’s New Initiative Aims to Match 25,000 Veterans With These In-Demand Jobs",Google is recruiting veterans for skilled trade careers as the labor shortage deepens.,Yahoo,company
AMZN,2026-09-25 18:05:02,Most active S&P500 stocks in Friday's session,Curious about the most active S&P500 stocks in today's session? Get insights into the stocks that are leading the way in terms of trading volume and market attention.,ChartMill,company
MSFT,2026-09-25 18:05:02,Most active S&P500 stocks in Friday's session,Curious about the most active S&P500 stocks in today's session? Get insights into the stocks that are leading the way in terms of trading volume and market attention.,ChartMill,company
MSFT,2026-09-25 18:09:46,The Dow Leads Market Indexes Higher as Microsoft Adds 120 Points,"Microsoft gave up on building your personal AI assistant. Meta doubled down on it. Only one stock rose, but both moved the major indexes.",Yahoo,company
AMZN,2026-09-25 18:15:34,Amazon Stocks Move Lower as Anthropic Commits $11.6 Billion Elsewhere,Akamai's seven-year CPU agreement diversifies Anthropic's infrastructure while Amazon retains a large equity and AWS relationship.,Yahoo,company
MSFT,2026-09-25 18:17:08,Microsoft Revamps Copilot as AI Spending Scrutiny Grows,Microsoft wants to control how companies deploy and fund AI,Yahoo,company
MSFT,2026-09-25 18:24:32,Unusual Options Activity in Microsoft Stock Is Already Paying Off (and 3 Other Stocks to Watch),"Microsoft's 14,875-contract bull call spread ($525/$600, Oct. 30) gained 3% in one day. For non-tech alternatives, Robinhood's $123/$128 call spread, Moderna's $195/$205 combo (already profitable), and ExxonMobil's $167.50/$172.50 spread offer varying risk/reward, though XOM's breakeven exceeds its analyst target price.",Yahoo,company
MSFT,2026-09-25 18:30:34,The IREN Story Is Changing Fast. We See 82% Upside Potential,"IREN just wrote off nearly half a billion dollars in Bitcoin mining hardware, and Wall Street is still trying to figure out what company emerged on the other side of that transformation.",Yahoo,company
AAPL,2026-09-25 18:33:00,Trump-Xi Meeting Puts These 5 Chinese AI Stocks in Focus,"As China's AI ecosystem continues to expand, these stocks provide investors with several different ways to monitor the country's accelerating AI buildout.",Yahoo,company
MSFT,2026-09-25 18:37:47,Top Bank Tweaks Microsoft Stock Price Target for 2027,Microsoft Stock Gets Surprise Upgrade as Stifel Sees Growth Back on Track,Yahoo,company
GOOGL,2026-09-25 18:52:00,"Sundar Pichai Reported Alphabet's Cloud Backlog Hit $514 Billion After 82% Revenue Growth Last Quarter, With Nearly 90% of the Fortune 100 Using Gemini Enterprise. Is Google Cloud Becoming a Bigger Growth Driver Than Search?",That massive backlog offers meaningful revenue visibility as demand continues to heat up for Google Cloud's AI solutions and infrastructure.,Yahoo,company
AAPL,2026-09-25 18:58:49,Apple Just Gained 10% in a Month. What Will It Take for AAPL Stock to Finally Hit $350?,"Apple stock just outpaced the QQQ over the past month, yet the average analyst still thinks it is worth less than its current price. What has to change before the math finally points to $350?",Yahoo,company
GOOGL,2026-09-25 18:58:49,Apple Just Gained 10% in a Month. What Will It Take for AAPL Stock to Finally Hit $350?,"Apple stock just outpaced the QQQ over the past month, yet the average analyst still thinks it is worth less than its current price. What has to change before the math finally points to $350?",Yahoo,company
JPM,2026-09-25 19:08:00,J.P. Morgan Loses Fight to Overturn $4.25 Million Award to Advisor Fired Over Super Bowl Platter,A federal court in California ruled that the firm must pay damages to a former advisor who claimed that he was wrongfully terminated.,Yahoo,company
AAPL,2026-09-25 19:08:27,Apple (AAPL) Reaches $250 Million Siri Settlement Over Recent iPhone Claims,"Apple (NasdaqGS:AAPL) agreed to a US$250 million class action settlement tied to Siri and Apple Intelligence features in recent iPhones. The deal covers a broad group of U.S. buyers of recent iPhone models who claimed they were misled about Siri feature access. Settlement terms include creation of a dedicated fund, with payouts subject to court approval and claimant eligibility rules. The Siri and Apple Intelligence settlement is only one piece of the wider Apple story that long term holders...",Yahoo,company
AAPL,2026-09-25 19:10:09,Exploring the top movers within the dow jones index during today's session.,Curious about the dow jones stocks that are in motion on Friday? Join us as we explore the top movers within the dow jones index during today's session.,ChartMill,company
MSFT,2026-09-25 19:10:09,Exploring the top movers within the dow jones index during today's session.,Curious about the dow jones stocks that are in motion on Friday? Join us as we explore the top movers within the dow jones index during today's session.,ChartMill,company
JPM,2026-09-25 19:10:09,Exploring the top movers within the dow jones index during today's session.,Curious about the dow jones stocks that are in motion on Friday? Join us as we explore the top movers within the dow jones index during today's session.,ChartMill,company
AAPL,2026-09-25 19:22:41,"Deer Park Town Center Trades For $125M, Suburban Retail Buying Spree Rolls On","The sale set the mark for the highest retail deal in the Chicago area in a decade, snatching the record from another center that traded earlier in September.",Yahoo,company
AAPL,2026-09-25 19:38:05,Trump says China's Xi 'seemed to like' renaming AI as super intelligence,"President Trump said Chinese leader Xi Jinping appeared to like the term ""super intelligence,"" days after Trump said the US would officially use it in place of ""artificial intelligence.""",Yahoo,company
GOOGL,2026-09-25 19:45:26,The Case For and Against Fidelity’s Fundamental Large Cap Growth ETF,"Fidelity's actively managed large cap growth fund is doubling down on AI chips and a single search giant, creating a portfolio where two companies can make or break your returns. Whether that concentrated bet pays off hinges on one macro signal most investors overlook.",Yahoo,company
MSFT,2026-09-25 19:50:01,Microsoft Just Raised Its Dividend by 8%: Is It the Best Magnificent Seven Dividend to Own?,The company may already have bottomed out from its most recent sell-off.,Yahoo,company
MSFT,2026-09-25 19:54:23,What's different about Microsoft's Copilot AI reboot,"Microsoft (MSFT) launched a reboot of Copilot, shifting its focus from personal AI to workplace use. Yahoo Finance Technology Editor Dan Howley explains what you should know.",Yahoo,company
XOM,2026-09-25 20:09:28,What Happens To ExxonMobil Stock If Refining Profits Fade?,"The worry for ExxonMobil (XOM) holders is that its refineries stop earning high margins. Management said in late July that the Strait closure keeps about 3 million barrels a day of refining capacity off the market. The second quarter alone supplied $14.5 billion of the $32.8 billion ExxonMobil earned over the last twelve months. How much of that profit rests on refining, and what would you lose if its margins fell back.",Yahoo,company
JPM,2026-09-25 20:12:36,JPMorgan Chase (JPM) Stock Could Be Undervalued Based On Capital Returns,"JPMorgan Chase has delivered a powerful 3 year run, yet the real debate for you today is whether the current price is properly supported by the returns the bank earns on its capital. With the stock pulling back recently despite a stream of high profile deals and partnerships, the question now is how those capital returns stack up against what the market is paying. JPMorgan Chase has returned about 145.0% over the past 3 years, which puts real weight on whether its underlying capital returns...",Yahoo,company
AMZN,2026-09-25 20:17:44,Is Home Depot's Next Big Thing Already In Its Stores?,"Home Depot (HD) shares have lost 27% over the past year, including dividends, while the S&P 500 returned 17.1%. A $10,000 holding a year ago is worth about $7,310 today. Management says housing affordability still weighs on bigger home projects. One part of the company is growing anyway: SRS, a unit with its own branches that sells to professionals. Is SRS already paying off inside Home Depot's own stores.",Yahoo,company
GOOGL,2026-09-25 20:18:00,Weekly Wrap: The Crypto Rally Continues,Bitcoin (CRYPTO: $BTC) managed to eke out a small 3% gain over the past week despite plenty of volatility in financ...,Yahoo,company
AAPL,2026-09-25 20:18:00,Weekly Wrap: The Crypto Rally Continues,Bitcoin (CRYPTO: $BTC) managed to eke out a small 3% gain over the past week despite plenty of volatility in financ...,Yahoo,company
XOM,2026-09-25 20:20:00,"Top Analyst Reports for ExxonMobil, Automatic Data Processing & Cadence","ExxonMobil, ADP and Cadence highlight today's analyst reports, with growth drivers, market risks and strategic moves shaping their outlooks.",Yahoo,company
MSFT,2026-09-25 20:39:00,"Microsoft, Meta, Akamai, Zscaler, Comcast, and More Stocks That Explain Today’s Market",FEATURE  Stocks rose Friday as investors grew more optimistic on reported progress toward reaching a resolution to the conflict in Iran and as oil prices fell back below $100 a barrel.  Advanced Micro Devices rose 0.,Yahoo,company
AAPL,2026-09-25 20:45:01,Apple (AAPL) Rises Higher Than Market: Key Facts,"In the most recent trading session, Apple (AAPL) closed at $341.07, indicating a +1.53% shift from the previous trading day.",Yahoo,company
MSFT,2026-09-25 20:45:30,Microsoft Rises as It Unifies Copilot AI | Closing Bell,"Comprehensive cross-platform coverage of the U.S. market close on Bloomberg Television, Bloomberg Radio, and YouTube with Romaine Bostick, Isabelle Lee, Carol Massar and Tim Stenovec.",Yahoo,company
AAPL,2026-09-25 20:57:54,Evercore ISI’s Bullish iPhone Survey Faces a Reality Check From Pre-Order Data,"Evercore ISI’s annual consumer survey points to the strongest iPhone upgrade intent in years, with pricing power appearing to be even stronger than unit volume. The findings were strong enough for the firm to raise its price target. While the survey is detailed and supported by historical comparisons, it measures what consumers said they intended […]",Yahoo,company
GOOGL,2026-09-25 20:58:00,What Will the Q3 Earnings Season Show?,"Earnings revisions have remained positive as we approach the Q3 earnings season, continuing the trend in place for a year now. Growth momentum remains broad-based, with 14 of the 16 Zacks sectors expected to see higher earnings relative to the same period last year.",Yahoo,company
MSFT,2026-09-25 21:04:06,"Dow Jones Futures: Growth Stocks Shrug Off Surging Yields; Micron, SpaceX, Tesla, Key Economic Data Due","Growth stocks had a strong week despite surging Treasury yields. Micron earnings, SpaceX Starship, Tesla sales and big economic reports are ahead.",Yahoo,company
JPM,2026-09-25 21:35:00,Bank of America Says Stocks Are Overdue for a Pullback. These 2 Financial Stocks Are Built for One.,"Banking giants are sending warning signals, suggesting that long-term investors should look at resilient businesses built to last.",Yahoo,company
GOOGL,2026-09-25 21:45:49,"Stock Market Today, Sept. 25: Microsoft Stock Jumps 4% After Revamping Copilot With Code Generation and Agentic AI Tools","On Sept. 25, 2026, the productivity giant unveiled new AI capabilities designed to widen adoption and support premium monetization across its suite.",Yahoo,company
MSFT,2026-09-25 21:45:49,"Stock Market Today, Sept. 25: Microsoft Stock Jumps 4% After Revamping Copilot With Code Generation and Agentic AI Tools","On Sept. 25, 2026, the productivity giant unveiled new AI capabilities designed to widen adoption and support premium monetization across its suite.",Yahoo,company
MSFT,2026-09-25 22:00:10,"Goldman Sachs Outweighs Microsoft in This Popular Dow ETF, and Share Price Is the Only Reason","One number buried inside a popular Dow ETF quietly hands a smaller company more of your retirement dollars than a corporate giant worth more than ten times as much, and the reason has nothing to do with performance, profit, or business fundamentals.",Yahoo,company
AMZN,2026-09-25 22:06:15,Interrupted authority and written vetting rules at center of New Mexico crash lawsuit,"This article is contributed content from an independent writer. It does not represent the views or opinions of FreightWaves or any of its subsidiaries. A trucking company hauling an Amazon Prime trailer had lost its operating authority, returned to service and accumulated safety violations before a crash injured three people on a New Mexico interstate, […] The post Interrupted authority and written vetting rules at center of New Mexico crash lawsuit appeared first on FreightWaves.",Yahoo,company
AAPL,2026-09-25 22:32:00,$58 Million Multifamily Asset Sale Closed by Institutional Property Advisors in North Phoenix,"PHOENIX, September 25, 2026--$58 Million Multifamily Asset Sale Closed by Institutional Property Advisors in North Phoenix",Yahoo,company
MSFT,2026-09-25 22:51:48,"S&P 500, Dow, Nasdaq End Week Higher On Chipmaker Strength, Easing Oil Amid Signs Of Easing US-Iran Conflict — META, COST, MSFT, CRWD, SKHY In Focus","Iran pitched a seven-day roadmap to end conflict with the U.S., the New York Times reported.",Yahoo,company
MSFT,2026-09-25 22:58:59,Market Chatter: US Appeals Court Upholds Pentagon's Anthropic Ban,"A US appeals court upheld the Pentagon's decision to exclude Anthropic from its supply chain, AFP re",Yahoo,company
GOOGL,2026-09-25 22:58:59,Market Chatter: US Appeals Court Upholds Pentagon's Anthropic Ban,"A US appeals court upheld the Pentagon's decision to exclude Anthropic from its supply chain, AFP re",Yahoo,company
MSFT,2026-09-25 23:09:41,What Is Microsoft (MSFT) Planning With Its $10 Billion Gulf Cloud And AI Push?,Microsoft (NasdaqGS:MSFT) plans to invest over US$10b in cloud and AI infrastructure across Gulf countries by 2030. The program targets new subsea and terrestrial connectivity plus data center capacity aimed at regional digital resilience. Management is partnering with Middle Eastern AI organizations to build local capabilities on top of Microsoft's cloud platforms. This large Gulf cloud and AI build out is only one piece of what is changing around Microsoft today. Take a look at 1 warning...,Yahoo,company
MSFT,2026-09-25 23:13:47,Azure’s Inflection Point: Can Microsoft (MSFT) Balance AI Growth With Capex Risk?,"Microsoft Corporation (NASDAQ:MSFT) has lagged the broader market amid growing concerns about ballooning capital expenditure. The stock is up roughly 5% year to date, compared with a gain of about 21% for the tech-heavy Nasdaq 100, which has bounced to record levels. Investors have also been weighing Microsoft’s capital allocation strategy, particularly after its latest […]",Yahoo,company
JNJ,2026-09-25 23:16:01,AbbVie vs. Johnson & Johnson: Which Healthcare Stock Is a Better Buy in 2026?,"AbbVie bets on pipeline diversification amid patent cliffs, while J&J's higher profitability masks litigation risks, a choice between growth ambition and defensive stability.",Yahoo,company
AMZN,2026-09-25 23:20:34,Let’s Take a Closer Look at Amazon’s (AMZN) Debt-Fueled AI Buildout,"Amazon.com Inc. (NASDAQ:AMZN) remains committed toward scaling up its cloud computing, logistics, artificial intelligence, and advanced manufacturing capabilities. The management recently announced its plans to extend over $100 million to establish an advanced manufacturing site in Indiana. This follows the company’s heavy capex momentum in 2026, with Amazon raising its capital-spending forecast to about $220 […]",Yahoo,company
JPM,2026-09-26 00:01:35,Citigroup targets over $3 billion Banamex IPO for January - Bloomberg,"Investing.com -- Citigroup (NYSE:C) is lining up major Wall Street banks for an initial public offering of Mexico’s Grupo Financiero Banamex that could raise more than $3 billion, Bloomberg reported exclusively, citing people familiar with the matter.",Yahoo,company
MSFT,2026-09-26 00:13:04,Disney (DIS) Names its First Technology Chief. Can AI Investment Deliver Returns?,"On September 18, 2026, Reuters reported that The Walt Disney Company (NYSE:DIS) named Karandeep Anand, the outgoing CEO of generative AI chatbot service Character.AI, as its first-ever chief technology officer, effective October 2. Anand will report directly to CEO Josh D’Amaro. He will oversee enterprise technology, AI platforms, and engineering across Disney’s business segments, with […]",Yahoo,company
AAPL,2026-09-26 00:28:36,Italy’s Labor Dispute Added a Twist to Apple (AAPL)’s iPhone Launch,"On September 18, 2026, Reuters reported that Apple Inc. (NASDAQ:AAPL)’s Italian Apple Store employees went on strike over working conditions on the global launch day of the iPhone 18 Pro. More than 1,600 workers across all 17 Apple stores in Italy are refusing to work for the full day. Three trade unions coordinated the action, […]",Yahoo,company
GOOGL,2026-09-26 00:53:19,Alphabet (GOOGL) Plans Waymo’s Singapore Launch for 2028. Can Robotaxis Scale Abroad?,"On September 18, 2026, Reuters reported that Alphabet Inc. (NASDAQ:GOOGL)’s Waymo will launch an autonomous, all-electric ride-hailing service in Singapore by 2028. It marks the company’s first entry into Southeast Asia. An initial fleet of Jaguar I-PACE vehicles will arrive in the coming months, with trained specialists conducting manual driving through 2027 to train the […]",Yahoo,company
AAPL,2026-09-26 00:53:20,Qualcomm (QCOM) Renews its Global Patent License With Apple (AAPL),"QUALCOMM Incorporated (NASDAQ:QCOM) said on September 24 that it has renewed its global patent license agreement with Apple Inc. (NASDAQ:AAPL). The new agreement takes effect on April 1, 2027, when the existing one runs out. Qualcomm did not disclose the financial terms and did not say how long the new agreement runs. For a company […]",Yahoo,company
AAPL,2026-09-26 00:56:34,Apple (AAPL) Eyes an Apple Pay Launch in India. How Much can it Grow Without UPI?,"On September 18, 2026, Reuters reported that Apple Inc. (NASDAQ:AAPL) is preparing to launch Apple Pay in India next month, starting with Axis Bank credit cards, the first banking partner in what will be a phased, bank-by-bank rollout. The launch is enabled by a Reserve Bank of India rule change allowing biometric authentication for card […]",Yahoo,company
MSFT,2026-09-26 01:01:01,Should You Buy Microsoft Stock Now That It's Back Within 6% of Its Record?,"After a 46% rise from its June low, is the software giant still a buy?",Yahoo,company
JPM,2026-09-26 01:13:33,Morgan Stanley public finance co-head Zach Solomon leaves for TD - Bloomberg,"Investing.com -- Morgan Stanley (NYSE:MS) co-head of public finance investment banking Zach Solomon has left the Wall Street firm to join TD Securities, Bloomberg reported exclusively, citing people familiar with the matter.",Yahoo,company
AAPL,2026-09-26 01:22:29,Apple (AAPL) Took a Different Pricing Approach with its New iPhones in China,"On September 10, 2026, CNBC reported that Apple Inc. (NASDAQ:AAPL)’s iPhone Duo faces a tepid reception in China, where it is priced at 15,999 yuan, or about $2,230, positioning it above Xiaomi’s newly launched 18 Fold at 10,999 yuan but below Huawei’s trifold Mate XT2 at 19,999 yuan. Chinese social media users highlighted that the […]",Yahoo,company
GOOGL,2026-09-26 01:27:32,Alphabet (GOOGL) Faces Gemini Security Questions. Could AI Agents Raise its Risks?,"On September 18, 2026, Reuters reported that Alphabet Inc. (NASDAQ:GOOGL)’s Gemini model autonomously hacked into three companies during a May 2026 cybersecurity test conducted by independent evaluator Irregular. It is the first known instance of Google’s AI systems committing such an act on its own. Gemini found public information online and guessed or discovered credentials […]",Yahoo,company
AAPL,2026-09-26 01:35:25,Apple (AAPL) Plans a Health App Overhaul. Can Better Insights Boost Device Sales?,"On September 9, 2026, the Wall Street Journal reported that Apple Inc. (NASDAQ:AAPL) is undertaking a major overhaul of its Health app and Apple Watch strategy. It debuts the Apple Watch Series 12 and Ultra 4 with an upgraded Health Sensing System alongside an Apple Intelligence-driven software redesign coming to iOS 27 that introduces a […]",Yahoo,company
MSFT,2026-09-26 02:19:58,IGA: Shares Push Higher As Discount Narrows (Rating Downgrade),Voya Global Advantage & Premium Opportunity Fund (IGA) is rated Hold as discount narrows. Read here for a detailed investment analysis.,SeekingAlpha,company
GOOGL,2026-09-26 02:30:07,Google Moves Up its Space Data Center Timeline — Project Suncatcher Launches Oct. 1,"Alphabet Inc. will launch an experimental AI satellite as part of Project Suncatcher on Oct. 1, according to a report from the New York Times. The satellite is the first hardware from Project Suncatcher, Google’s effort to build AI data...",Yahoo,company
MSFT,2026-09-26 02:34:59,Why Microsoft Stock Is Up Today,The software giant is rolling out more enterprise AI offerings.,Yahoo,company
GOOGL,2026-09-26 03:46:50,"Fidelity’s Fundamental Large Cap Growth ETF, Explained in Plain English","Fidelity's actively managed large-cap growth ETF bets heavily on a handful of AI-linked giants, and that concentration cuts both ways. Here is what the portfolio actually owns and whether the active premium is worth paying.",Yahoo,company
XOM,2026-09-26 04:58:01,Truist Adds Fresh Fuel to Targa’s (TRGP) Growth Story. Is There More Upside Ahead?,"Targa Resources Corp. (NYSE:TRGP) has been on a strong run this year, posting gains of almost 55% since the beginning of 2026. A primary driver behind the rally is the 20-year fee-based agreement that the company signed with ExxonMobil in August. Despite the stock’s substantial gains and concerns that its rally could be nearing its […]",Yahoo,company
JNJ,2026-09-26 06:10:47,What Does Johnson & Johnson (JNJ) New Clinical Data Mean For Its Stock?,"Johnson & Johnson (NYSE:JNJ) reported new clinical data for TECVAYLI plus DARZALEX FASPRO, CARVYKTI, and TREMFYA in multiple myeloma and axial psoriatic arthritis. Early line multiple myeloma data suggest TECVAYLI plus DARZALEX FASPRO could align patient mortality risk with that of the general population. CARVYKTI results highlight treatment-free remissions lasting five years in relapsed or refractory multiple myeloma, while TREMFYA data support an axial psoriatic arthritis label...",Yahoo,company
XOM,2026-09-26 06:50:00,"With Gas at $4.48 a Gallon, Here's How Much ExxonMobil Stock You Need to Buy to Fill Up Your Tank",ExxonMobil dividends could help offset the rising price of fuel.,Yahoo,company
MSFT,2026-09-26 07:05:00,My Biggest Bet: 3 Dividend Investments Boosted By 2 Major Macro Tailwinds,"This article discusses 3 high-conviction investments, overweighting one portfolio to capture two major macro tailwinds, with key risks outlined. Click for more.",SeekingAlpha,company
GOOGL,2026-09-26 07:05:00,My Biggest Bet: 3 Dividend Investments Boosted By 2 Major Macro Tailwinds,"This article discusses 3 high-conviction investments, overweighting one portfolio to capture two major macro tailwinds, with key risks outlined. Click for more.",SeekingAlpha,company
AAPL,2026-09-26 07:12:45,How Investors May Respond To Apple (AAPL) Launching Its First Foldable iPhone With On‑Device AI,"In recent days, Apple launched its first foldable iPhone Duo alongside the iPhone 18 Pro lineup, highlighting enhanced on-device Siri AI and privacy as key features while entering the competitive foldable smartphone market. This move not only broadens Apple’s premium hardware range, but also tests whether AI-focused differentiation can sustain its brand premium amid intensifying global competition. We’ll now examine how Apple’s entry into foldables and emphasis on on-device Siri AI may...",Yahoo,company
PG,2026-09-26 07:45:06,Best Dividend Kings: September 2026,"Dividend Kings are underperforming SPY in September, with a -4.22% average return versus SPY's marginal gain.",SeekingAlpha,company
JNJ,2026-09-26 07:45:06,Best Dividend Kings: September 2026,"Dividend Kings are underperforming SPY in September, with a -4.22% average return versus SPY's marginal gain.",SeekingAlpha,company
AAPL,2026-09-26 07:56:01,Most of Berkshire Hathaway's Earnings Don't Come From Its Stock Portfolio. Here's Where They Do Come From.,The famous stock picks get the coverage. The paycheck mostly comes from somewhere else.,Yahoo,company
MSFT,2026-09-26 08:08:21,How Investors May Respond To Toho (TSE:9602) Raising Its Interim Dividend To ¥11 Per Share,"In September 2026, Toho Co., Ltd. resolved at a Board meeting to pay an interim dividend from surplus of ¥11 per share for the period ended August 31, 2026, up from ¥8.5 per share, with a total payout of ¥9,151 million and an effective date of November 20, 2026. This higher interim dividend signals management’s willingness to return more surplus cash to shareholders, which can be an important indicator of capital allocation priorities and confidence in the business. We’ll now examine how...",Yahoo,company
AMZN,2026-09-26 08:25:48,What Moved Markets This Week,U.S. stocks advanced for the week while Treasury yields surged and petroleum markets remained in focus. Read more about this week's major events on Wall Street.,SeekingAlpha,company
AMZN,2026-09-26 08:35:00,Amazon Has No Dividend. Here's Why Long-Term Investors Should Own It Anyway.,"With a stock price that has rocketed up 66,570% over the past 25 years, investors shouldn't question Amazon's capital allocation policy.",Yahoo,company
JPM,2026-09-26 09:30:32,Here's how high-income Americans keep spending in a shaky economy,Checking account running low? Prices running high? Here's how wealthy Americans are able to keep spending in an unsteady economy.,Yahoo,company
AAPL,2026-09-26 10:07:25,"China, U.S. agree to $30 billion tariff cut, launch AI dialogue","Investing.com -- China and the United States agreed to a $30 billion reciprocal tariff-reduction arrangement and new talks on artificial intelligence during President Xi Jinping’s visit to the U.S., Reuters reported, citing China’s foreign ministry.",Yahoo,company
XOM,2026-09-26 10:19:08,Why US Diesel Prices Could Stay High Even If Oil Tumbles: A Global Refinery Shortage,US diesel prices hover near record highs as a global refinery shortage persists. Here&#39;s why pump prices may stay high even if oil tumbles after Hormuz reopens.,Benzinga,company
PG,2026-09-26 10:45:00,"If You Invest $100 Per Month in Procter & Gamble Stock, Here's the Passive Dividend Income It Could Generate Over 10 Years",Durable demand and consistent profits help this business fund capital returns.,Yahoo,company
AAPL,2026-09-26 10:55:59,Apple faces $5.7 billion patent infringement verdict over iPhone and Apple Watch haptics,A federal jury awarded Taction Technology more than $5.7 billion after finding Apple infringed claims from two haptics patents. Apple plans to appeal.,CNBC,company
MSFT,2026-09-26 10:59:10,"Microsoft Copilot Is Turning Into An ‘AI Operating System’ — Here’s What It Means For MSFT Stock, According To Oppenheimer’s Brian Schwartz","During an interview with CNBC, Schwartz said Microsoft’s Copilot announcement changes the narrative around the company as investors continue to search for clear winners in the AI era.",Yahoo,company
AAPL,2026-09-26 11:04:09,Apple Stock Is Up 34% Over the Past Year: Can the iPhone 18 Keep the Rally Going?,Key Stats for AAPL StockPast week performance: +0. 6%52-week range: $243 to $345Valuation model target price: $374Implied upside: 9.,Yahoo,company
MSFT,2026-09-26 11:08:13,Microsoft Stock Is Up 48% From Its Low as Azure Growth Heads Toward 45%,Key Stats for MSTF StockPast week performance: +2. 9%52-week range: $349 to $554Valuation model target price: $923Implied upside: 78.,Yahoo,company
GOOGL,2026-09-26 11:41:02,Big Tech's AI build-out ran to the Middle East. Then the Iran war hit.,The Iran war has forced Big Tech to confront physical security in ways it never has before.,Yahoo,company
MSFT,2026-09-26 11:41:02,Big Tech's AI build-out ran to the Middle East. Then the Iran war hit.,The Iran war has forced Big Tech to confront physical security in ways it never has before.,Yahoo,company
AMZN,2026-09-26 11:41:02,Big Tech's AI build-out ran to the Middle East. Then the Iran war hit.,The Iran war has forced Big Tech to confront physical security in ways it never has before.,Yahoo,company
AMZN,2026-09-26 11:45:18,"Amazon Turned $1,000 Into $5,239 Over Ten Years but Recent Buyers Face a Rougher Reality","Amazon's ten-year run turned patient investors into big winners, but shareholders who bought in the last five years tell a much quieter story, and those counting on cash payouts got nothing at all.",Yahoo,company
AMZN,2026-09-26 12:05:00,Amazon Is Spending $220 Billion on Data Centers. Here's Why That Makes The Stock an Incredible Buy,"Investors don't need to be concerned about Amazon's spending, as it's providing tangible returns.",Yahoo,company
AMZN,2026-09-26 13:02:00,Most Investors Own All Seven Magnificent Seven Stocks. That's a Mistake.,There are many stocks out there beyond the big AI ones.,Yahoo,company
MSFT,2026-09-26 13:02:00,Most Investors Own All Seven Magnificent Seven Stocks. That's a Mistake.,There are many stocks out there beyond the big AI ones.,Yahoo,company
AAPL,2026-09-26 13:02:00,Most Investors Own All Seven Magnificent Seven Stocks. That's a Mistake.,There are many stocks out there beyond the big AI ones.,Yahoo,company
GOOGL,2026-09-26 13:02:00,Most Investors Own All Seven Magnificent Seven Stocks. That's a Mistake.,There are many stocks out there beyond the big AI ones.,Yahoo,company
AMZN,2026-09-26 13:02:20,Best Buy’s 4.2% Yield Looks Attractive. Can the Dividend Survive a Bad Year?,"Best Buy has raised its dividend every year since 2015 and currently yields 4.2%, but a soft consumer year once pushed coverage to the razor's edge. Here is what the cash flow record reveals about whether that quarterly check holds up when the holiday season disappoints.",Yahoo,company
GOOGL,2026-09-26 13:22:24,Netflix Set a Date for 9 New Ad Markets. Can Ads Offset Its Engagement Worries?,"Key Stats for Netflix StockCurrent Price: $71. 15Target Price (Low): ~$170Street Target: ~$93Potential Total Return: ~140%Annualized IRR: ~11% / yearWhat Happened?At itsfirst UK Upfront on September 24, Netflix (NFLX) set March 1, 2027, as the launch date for its ad-supported plan in nine more EMEA countries, a rollout it first announced at its 2026 Upfront.",Yahoo,company
PG,2026-09-26 13:29:57,PG vs. KMB: Bigger Yield Isn’t Everything. Here’s Which Stock Truly Delivers for Retirees,"Kimberly-Clark hands retirees a fatter dividend check every quarter, but one look at what sits behind that payout changes the picture fast. Before you choose the bigger yield, consider what happens when the income has to last decades.",Yahoo,company
JNJ,2026-09-26 13:30:30,Want Bulletproof Dividend Income? These 3 Stocks Have Raised Payouts Through 8 Major Downturns,"Three companies have written dividend checks through stagflation, financial collapse, and a global pandemic without missing a single annual raise, but the headwinds each faces right now will test whether history really does repeat.",Yahoo,company
PG,2026-09-26 13:30:30,Want Bulletproof Dividend Income? These 3 Stocks Have Raised Payouts Through 8 Major Downturns,"Three companies have written dividend checks through stagflation, financial collapse, and a global pandemic without missing a single annual raise, but the headwinds each faces right now will test whether history really does repeat.",Yahoo,company
AAPL,2026-09-26 14:00:02,Apple Eyes the Rapidly Growing Fitness Tracker Segment. What That Could Mean for AAPL Stock.,Apple's newest device could put the tech giant in a different kind of fight.,Yahoo,company
GOOGL,2026-09-26 14:05:52,Oracle vs. Alphabet: Which AI Cloud Stock Is the Better Buy?,"Oracle Corporation (NYSE:ORCL) and Alphabet Inc. (NASDAQ:GOOGL) are both trying to turn AI infrastructure into a larger cloud business, but they are asking investors to fund very different models. Oracle trades at about 17 times forward earnings after its sharp 2026 selloff, while Alphabet trades near 22 times. The cheaper stock is also carrying far […]",Yahoo,company
AMZN,2026-09-26 14:10:13,Amazon.com (AMZN) Confirmed Iranian Drone Strikes Hit AWS Data Centers,"Amazon.com (NasdaqGS:AMZN) confirmed that several AWS data centers were hit by Iranian drone strikes during the latest Middle East conflict. The group announced a US$3b commitment to expand its India quick commerce operations, targeting faster delivery in major cities. Anthropic and OpenEvidence unveiled a partnership to roll out AI medical tools globally, supported by existing backing from Amazon. The AWS data center strikes and US$3b India quick commerce push could influence how investors...",Yahoo,company
XOM,2026-09-26 14:30:16,For Retirees Who Want Oil Income: Chevron vs. ExxonMobil,"Chevron and ExxonMobil both carry Dividend Aristocrat status and record cash flows, but for a retiree counting on oil income through the next commodity bust, one of them carries a hidden risk the yield alone does not reveal.",Yahoo,company
AAPL,2026-09-26 15:27:00,Guess Which Group of Stocks Is Back at an All-Time High?,"The ""Magnificent Seven"" ETF finally topped the record high it set in May.",Yahoo,company
AAPL,2026-09-26 15:32:54,Intuit vs. Oracle: Which Technology Stock Is a Better Buy in 2026?,One company is racing to build data centers fast enough to meet AI demand. The other is defending its core tax and accounting business against AI disruption. Both carry risks worth understanding.,Yahoo,company
AMZN,2026-09-26 15:32:54,Intuit vs. Oracle: Which Technology Stock Is a Better Buy in 2026?,One company is racing to build data centers fast enough to meet AI demand. The other is defending its core tax and accounting business against AI disruption. Both carry risks worth understanding.,Yahoo,company
MSFT,2026-09-26 15:50:00,"The 3 ""Magnificent Seven"" Stocks That I'm Buying Now",The best-performing Magnificent Seven stocks are AI leaders.,Yahoo,company
AAPL,2026-09-26 15:50:00,"The 3 ""Magnificent Seven"" Stocks That I'm Buying Now",The best-performing Magnificent Seven stocks are AI leaders.,Yahoo,company
GOOGL,2026-09-26 15:50:00,"The 3 ""Magnificent Seven"" Stocks That I'm Buying Now",The best-performing Magnificent Seven stocks are AI leaders.,Yahoo,company
AMZN,2026-09-26 15:50:00,"The 3 ""Magnificent Seven"" Stocks That I'm Buying Now",The best-performing Magnificent Seven stocks are AI leaders.,Yahoo,company
MSFT,2026-09-26 15:58:22,3 Elite Dividend Stocks Hiding in the Nasdaq-100,"The Nasdaq-100 is famous for growth stocks that pay little to nothing, but a few of its members quietly back their dividends with some of the deepest free cash flow in the entire market. These three names may change how you think about income investing inside a growth index.",Yahoo,company
MSFT,2026-09-26 15:59:44,JPMorgan Predicts IREN Will Generate $24 Billion in Annual Revenue by 2030,"JPMorgan just flipped its IREN rating from Underweight to Overweight and attached a price target that implies the company barely exists yet relative to what it could become, and the math behind that call raises a question every investor in AI infrastructure needs to answer.",Yahoo,company
JPM,2026-09-26 15:59:44,JPMorgan Predicts IREN Will Generate $24 Billion in Annual Revenue by 2030,"JPMorgan just flipped its IREN rating from Underweight to Overweight and attached a price target that implies the company barely exists yet relative to what it could become, and the math behind that call raises a question every investor in AI infrastructure needs to answer.",Yahoo,company
GOOGL,2026-09-26 17:47:00,"Google, OpenAI, and Anthropic just made a move on AI safety",Three AI companies just decided not to wait for Washington. Here’s what they’re building instead.,Yahoo,company
AMZN,2026-09-26 18:41:00,Meta’s Muse Could Be the Biggest Threat Google Has Faced in 20 Years,"Meta’s Muse could challenge Google’s $63 billion Search business by replacing searches, clicks, and ads with AI-driven decisions and transactions.",Yahoo,company
GOOGL,2026-09-26 18:41:00,Meta’s Muse Could Be the Biggest Threat Google Has Faced in 20 Years,"Meta’s Muse could challenge Google’s $63 billion Search business by replacing searches, clicks, and ads with AI-driven decisions and transactions.",Yahoo,company
MSFT,2026-09-26 18:41:00,Meta’s Muse Could Be the Biggest Threat Google Has Faced in 20 Years,"Meta’s Muse could challenge Google’s $63 billion Search business by replacing searches, clicks, and ads with AI-driven decisions and transactions.",Yahoo,company
GOOGL,2026-09-26 19:59:00,‘Don’t Ship Products Until They’re in Control’: Nvidia’s Huang Weighs In on AI Safety Debate,"Like many others, he’s expressed some confusion about Sam Altman and Dario Amodei’s words versus their actions.",Yahoo,company
AAPL,2026-09-26 23:50:48,Mark Zuckerberg Loses Nearly $9 Billion in One Day as Meta Stock Slides 4% After Goldman Questions AI Spending Payoff,"Meta stock fell 4%, wiping nearly $9 billion from Zuckerberg’s wealth after Goldman Sachs warned AI spending faces a massive revenue hurdle.",Benzinga,company
GOOGL,2026-09-27 01:07:01,History Says Alphabet Stock's 15% Pullbacks Have Usually Paid Off Within a Year,"Nine of the past 10 times this happened, the stock was up a year later. Is this one different?",Yahoo,company
GOOGL,2026-09-27 01:30:00,Google tests buying from Walmart-owned Flipkart through Gemini and AI Mode in India,"The limited test covers select products and users, with a broader rollout planned for later in October.",Yahoo,company
GOOGL,2026-09-27 01:47:00,Anthropic's IPO is a $300 billion test for Amazon,The cloud giant’s largest venture bet could expose its biggest strategic vulnerability.,Yahoo,company
MSFT,2026-09-27 01:47:00,Anthropic's IPO is a $300 billion test for Amazon,The cloud giant’s largest venture bet could expose its biggest strategic vulnerability.,Yahoo,company
AMZN,2026-09-27 01:47:00,Anthropic's IPO is a $300 billion test for Amazon,The cloud giant’s largest venture bet could expose its biggest strategic vulnerability.,Yahoo,company
AAPL,2026-09-27 02:35:00,"A $1,000 Investment Split Between Alphabet and Nvidia Will Be Worth This Much by 2030",Nvidia and Alphabet are two of the largest players in the AI race.,Yahoo,company
GOOGL,2026-09-27 02:35:00,"A $1,000 Investment Split Between Alphabet and Nvidia Will Be Worth This Much by 2030",Nvidia and Alphabet are two of the largest players in the AI race.,Yahoo,company
MSFT,2026-09-27 04:16:02,3 Cloud And AI Stocks Retail Investors Are Watching After Microsoft Copilot Expansion,"AI went from buzzword to utility the moment Microsoft folded full Word, Excel, and PowerPoint into Copilot and pushed agent style features like Home, Chat, Cowork, and Autopilot into the mainstream. That kind of shift can reshape where cloud and AI compute dollars flow next. This piece unpacks how that news filters through to three stocks tied into the story and explains why their exposure might matter for your portfolio decisions. The stocks covered below are simply a sample set, and the...",Yahoo,company
GOOGL,2026-09-27 04:53:09,"Sam Altman, Dario Amodei Asked to Face Australian Senate After OpenAI AI Agent Breaches Medicare Portal","Australia summons OpenAI and Anthropic CEOs to a Senate inquiry after an AI agent breached government sites, including Medicare.",Benzinga,company
AAPL,2026-09-27 05:00:00,What Will Micron's Gross Margin Guide Be?,Sara Awad from Tech Contrarians gives a preview of Micron's earnings and updates on other tech names.,SeekingAlpha,company
MSFT,2026-09-27 05:00:00,What Will Micron's Gross Margin Guide Be?,Sara Awad from Tech Contrarians gives a preview of Micron's earnings and updates on other tech names.,SeekingAlpha,company
AAPL,2026-09-27 05:25:35,"Apple Hit With $5.7 Billion Patent Verdict Over iPhone, Apple Watch Haptics",Apple hit with $5.7B patent verdict over Taction haptics technology; company denies wrongdoing and plans to appeal.,Benzinga,company
JPM,2026-09-27 07:00:00,McDonald’s New Investment Plan Signals Long-Term Growth—and a Short-Term Reality Check,"McDonald’s unveiled its NEXT growth strategy, which includes billions of dollars in investments including AI-powered operating systems.",Yahoo,company
AAPL,2026-09-27 07:00:21,"Qualcomm Takes on Apple's New Chip, Fitness Tracker, Updated Macs and More: This Week in Appleverse","The tech world was buzzing this past week with a slew of exciting developments. From Qualcomm Inc.‘s (NASDAQ:QCOM) Snapdragon Summit to Apple Inc.‘s (NASDAQ:AAPL) new ventures, there was no shortage of news to keep tech",Benzinga,company
GOOGL,2026-09-27 08:22:57,Forget Google. This Is the Marvell Story That Matters Right Now,"Key TakeawaysConnectivity-Led Raise: Marvell lifted its fiscal 2028 revenue outlook to about $18 billion, and CEO Matt Murphy said connectivity, not the new Google agreement, was the largest driver of the $1. 5 billion increase.",Yahoo,company
MSFT,2026-09-27 08:30:00,Earn 10-15% Potential Income: Monthly Options Series (Oct. 2026),Build a disciplined options income strategy targeting 12â15% annually. Read the full analysis here.,SeekingAlpha,company
GOOGL,2026-09-27 08:55:10,Alphabet Stock Dips After a €403 Million Fine. Why Google Cloud Still Drives the Story,Key Stats for GOOGL StockPast week performance: -3. 1%52-week range: $236 to $409Valuation model target price: $504Implied upside: 46.,Yahoo,company
AAPL,2026-09-27 09:24:47,"Foldables, AI Servers and India Expansion: What Lies Ahead for Apple (AAPL) Under the New CEO?","Jim Cramer recently labelled Apple Inc. (NASDAQ:AAPL) as a standout performer, reflecting on the company’s product focus under the leadership of new CEO, John Ternus. He anticipated a strong demand trend for the company’s latest Duo foldable iPhone as Apple enters the premium foldable smartphone market. Read Also: Apple Raised Stakes with its $2000-Priced Foldable. […]",Yahoo,company
GOOGL,2026-09-27 09:48:16,Amazon Opened Seller Central to Walmart and eBay but Blocked Meta’s Muse. Here’s What Connects the Two Moves,"Key Stats for Amazon StockCurrent Price: $249. 67Target Price (Mid): ~$600Street Target (12-Month Mean): ~$330Potential Total Return: ~141%Annualized IRR: ~23% / yearWhat Happened?On September 24, Amazon (AMZN) began rolling out Seller Central tools that let sellers manage their eBay (EBAY), Shopify (SHOP), TikTok, and Walmart (WMT) businesses, and let Multichannel Fulfillment merchants offer Prime delivery on their own sites at no added cost.",Yahoo,company
AMZN,2026-09-27 09:48:16,Amazon Opened Seller Central to Walmart and eBay but Blocked Meta’s Muse. Here’s What Connects the Two Moves,"Key Stats for Amazon StockCurrent Price: $249. 67Target Price (Mid): ~$600Street Target (12-Month Mean): ~$330Potential Total Return: ~141%Annualized IRR: ~23% / yearWhat Happened?On September 24, Amazon (AMZN) began rolling out Seller Central tools that let sellers manage their eBay (EBAY), Shopify (SHOP), TikTok, and Walmart (WMT) businesses, and let Multichannel Fulfillment merchants offer Prime delivery on their own sites at no added cost.",Yahoo,company
MSFT,2026-09-27 09:55:02,"Microsoft's ""Muse"" Moment Is Here (Rating Upgrade)",,SeekingAlpha,company
GOOGL,2026-09-27 10:29:58,Could Europe’s data centre boom trigger a nuclear power revival?,"Investing.com -- Europe’s accelerating data centre buildout could strengthen the case for new nuclear capacity as technology companies seek dependable, low-carbon electricity to power AI infrastructure, J.P. Morgan analysts said.",Yahoo,company
AAPL,2026-09-27 11:00:00,The making of Tim Cook: How Apple’s departing CEO went from ‘the genius behind Steve Jobs’ to a star in his own right,Fortune’s reporting from 2008 to 2017 traces Cook’s rise from operations chief to an Apple CEO.,Yahoo,company
AAPL,2026-09-27 11:11:36,"Gene Munster Says Personalized AI Could Be Apple, Meta’s Next Big Profit Machine — 'Numbers So Large They’re Hard To Believe'","Munster sees the opportunity spanning both consumer subscriptions and enterprise spending, arguing that paid AI adoption remains in its early stages.",Yahoo,company
AMZN,2026-09-27 11:50:22,The AI gold rush is fueling a record corporate bond boom: Chart of the Day,Tech giants are increasingly turning to the bond market for their AI infrastructure build-out.,Yahoo,company
AMZN,2026-09-27 11:50:22,The AI gold rush is fueling a record tech bond boom: Chart of the Day,Tech giants are increasingly turning to the bond market for their AI infrastructure build-out.,Yahoo,company
MSFT,2026-09-27 11:50:22,The AI gold rush is fueling a record corporate bond boom: Chart of the Day,Tech giants are increasingly turning to the bond market for their AI infrastructure build-out.,Yahoo,company
MSFT,2026-09-27 11:50:22,The AI gold rush is fueling a record tech bond boom: Chart of the Day,Tech giants are increasingly turning to the bond market for their AI infrastructure build-out.,Yahoo,company
GOOGL,2026-09-27 11:50:22,The AI gold rush is fueling a record tech bond boom: Chart of the Day,Tech giants are increasingly turning to the bond market for their AI infrastructure build-out.,Yahoo,company
GOOGL,2026-09-27 11:50:22,The AI gold rush is fueling a record corporate bond boom: Chart of the Day,Tech giants are increasingly turning to the bond market for their AI infrastructure build-out.,Yahoo,company
GOOGL,2026-09-27 12:00:00,"Greg Abel Deployed $10 Billion Into Alphabet's Private Placement, Building a $38 Billion Stake That's Now Berkshire Hathaway's Third-Largest Holding. Is Alphabet Becoming Berkshire's New Apple?","Don't assume the conglomerate's Alphabet stake is ""Apple 2.0""",Yahoo,company
AAPL,2026-09-27 12:00:00,"Greg Abel Deployed $10 Billion Into Alphabet's Private Placement, Building a $38 Billion Stake That's Now Berkshire Hathaway's Third-Largest Holding. Is Alphabet Becoming Berkshire's New Apple?","Don't assume the conglomerate's Alphabet stake is ""Apple 2.0""",Yahoo,company
PG,2026-09-27 12:00:09,Colgate-Palmolive Has Paid a Dividend Since 1895. Does That Streak Still Deserves Your Money?,"Colgate-Palmolive has sent dividend checks without interruption since Grover Cleveland's second term, but a 130-year streak and a shrinking North American business now sit in uncomfortable tension with a premium valuation that leaves almost no room for error.",Yahoo,company
AAPL,2026-09-27 13:02:54,"Apple’s Tiny iPhone, Watch Feature Just Triggered A $5.7B Legal Blow — What Investors Need To Know",A federal jury in San Diego found Apple infringed two Taction Technology patents covering haptic technology.,Yahoo,company
AMZN,2026-09-27 13:05:00,"Houston, Amazon.com Has a Problem -- and It's in Europe!",Arianespace was Amazon's last chance to keep its Leo satellite constellation growing this year. No longer.,Yahoo,company
GOOGL,2026-09-27 13:09:00,"Does the S&P 500 Have a ""Magnificent Seven"" Problem? Here's What Investors Need to Know.","If the artificial intelligence revolution doesn't live up to the hype, the whole market is going to feel it.",Yahoo,company
AMZN,2026-09-27 13:09:00,"Does the S&P 500 Have a ""Magnificent Seven"" Problem? Here's What Investors Need to Know.","If the artificial intelligence revolution doesn't live up to the hype, the whole market is going to feel it.",Yahoo,company
AAPL,2026-09-27 13:09:00,"Does the S&P 500 Have a ""Magnificent Seven"" Problem? Here's What Investors Need to Know.","If the artificial intelligence revolution doesn't live up to the hype, the whole market is going to feel it.",Yahoo,company
MSFT,2026-09-27 13:09:00,"Does the S&P 500 Have a ""Magnificent Seven"" Problem? Here's What Investors Need to Know.","If the artificial intelligence revolution doesn't live up to the hype, the whole market is going to feel it.",Yahoo,company
AMZN,2026-09-27 13:30:06,This Magnificent Seven Stock Could Reach a New All-Time High,"AWS just posted its fastest growth in 18 quarters and CEO Andy Jassy is talking about a trillion-dollar revenue business, yet the stock sits well below where our model says it should be trading.",Yahoo,company
MSFT,2026-09-27 13:30:06,This Magnificent Seven Stock Could Reach a New All-Time High,"AWS just posted its fastest growth in 18 quarters and CEO Andy Jassy is talking about a trillion-dollar revenue business, yet the stock sits well below where our model says it should be trading.",Yahoo,company
GOOGL,2026-09-27 13:30:06,This Magnificent Seven Stock Could Reach a New All-Time High,"AWS just posted its fastest growth in 18 quarters and CEO Andy Jassy is talking about a trillion-dollar revenue business, yet the stock sits well below where our model says it should be trading.",Yahoo,company
AMZN,2026-09-27 14:06:43,What Does Best Buy (BBY) Fire TV Deal Mean For Its Ad Business?,Best Buy (NYSE:BBY) and Amazon announced an expanded multiyear Fire TV partnership focused on connected TV advertising and media tools. The agreement keeps Fire TV as the exclusive operating system on all Insignia branded televisions sold through Best Buy. Brands using Best Buy Ads and Amazon Ads gain access to new programmatic and AI powered tools to plan and optimize Fire TV campaigns. This expanded Fire TV and Insignia partnership shapes only part of what investors need to weigh on Best...,Yahoo,company
AMZN,2026-09-27 14:17:00,Amazon copies Costco move that benefits members and workers,It’s a move that could pay off on multiple levels.,Yahoo,company
AMZN,2026-09-27 14:28:24,Amazon offers one inbound shipment to reach eight countries,"Only 30% of Amazon sellers list in more than one country. Amazon's fix is one inbound shipment, storage up to 45% below AWD and single-submission compliance testing. The post Amazon offers one inbound shipment to reach eight countries appeared first on FreightWaves.",Yahoo,company
GOOGL,2026-09-27 15:07:44,Does Alphabet (GOOGL) Change Its AI Story With An Orbital Data Center Bet?,Alphabet (NasdaqGS: GOOGL) is fast tracking an experimental AI satellite launch under Project Suncatcher. The project embeds custom AI chips into a Planet Labs satellite that is preparing for an upcoming orbital deployment. Management is using Project Suncatcher to test AI powered orbital data centers as a new approach to remote computing capacity. The Project Suncatcher AI satellite launch push is only one part of Alphabet’s story for investors to weigh. Our analysis turns up 2 warning...,Yahoo,company
GOOGL,2026-09-27 15:14:01,Ford Motor Company vs. General Motors: A Close Revenue Race,"Ford edges out GM in five of the last eight quarters, but the gap remains razor-thin—a pattern that could shift either way.",Yahoo,company
JPM,2026-09-27 15:28:56,A Decade of JPMorgan Chase Delivered 572% Returns but This Year Tells a Different Story,"JPMorgan Chase spent a decade crushing the S&P 500 by a margin that few blue-chip stocks ever match, but something shifted in the past year that raises a real question about what long-term holders should expect next.",Yahoo,company
GOOGL,2026-09-27 15:30:44,Microsoft’s AI Investment Could Pay Off for Years. Here’s My Price Target,"Azure just crossed a milestone that most analysts dismissed as years away, and Microsoft's backlog tells a story the stock price has not caught up to yet.",Yahoo,company
MSFT,2026-09-27 15:30:44,Microsoft’s AI Investment Could Pay Off for Years. Here’s My Price Target,"Azure just crossed a milestone that most analysts dismissed as years away, and Microsoft's backlog tells a story the stock price has not caught up to yet.",Yahoo,company
AMZN,2026-09-27 15:30:44,Microsoft’s AI Investment Could Pay Off for Years. Here’s My Price Target,"Azure just crossed a milestone that most analysts dismissed as years away, and Microsoft's backlog tells a story the stock price has not caught up to yet.",Yahoo,company
MSFT,2026-09-27 15:38:12,"Dow Jones Futures Due Amid Trump Iran Comments; Micron, SpaceX, Tesla Eye Buy Points","Futures loom with President Trump making hawkish and dovish Iran comments. Micron, SpaceX and Tesla are near buy points with news due.",Yahoo,company
GOOGL,2026-09-27 16:01:55,Meta Is Up 30% in a Month. Is Its New AI Agent Really That Good?,"Meta's new Muse AI agent has Wall Street buzzing and shares surging, but the company has yet to reveal a single usage or revenue figure to back up the hype before a critical October earnings report.",Yahoo,company
JPM,2026-09-27 16:25:57,Should JPMorgan Investors Fear Meta’s Muse? Here’s What the Deposit Data Shows,Key TakeawaysJPMorgan shares lost more than 3% in the first days of the week of September 21 as investors worried Meta’s Muse AI agent could pull deposits toward higher-yielding accounts. JPMorgan’s total deposits reached $2.,Yahoo,company
GOOGL,2026-09-27 16:33:00,Google set to challenge Meta Muse in the Agentic AI race,The biggest names in tech are quietly competing for something most people haven’t thought about yet.,Yahoo,company
AAPL,2026-09-27 17:00:41,Qualcomm Stock Has an Opportunity Investors May Be Underestimating,"Qualcomm just posted 61% automotive growth and raised its non-handset target to $40 billion, yet the market keeps valuing it like a company living and dying by smartphone chips. Something in that gap is worth a closer look.",Yahoo,company
MSFT,2026-09-27 17:17:00,Microsoft just sent a strong message to Anthropic,Microsoft made a move on September 25 that its biggest AI rival will have a hard time ignoring.,Yahoo,company
AAPL,2026-09-27 17:32:02,$80K per month app builder breaks down his $500 tech stack:,"The exact tech stack behind an $80K per month app built in just a few weeks by a non-developer:Tomer isn’t a developer. He had some high school coding experience and that’s it.Cursor had just come out, so he ran an experiment: could you actually build software “like it was magic with AI prompting”?Two weeks later he had a working version with all the main features. Two months later it was live on the App Store (most of that was waiting on Apple review).Today the app is doing over $80K/month.",Yahoo,company
AMZN,2026-09-27 17:33:00,Michael Burry sends a stark warning to Big Tech stock investors,Michael Burry just went through five balance sheets and came back with a warning nobody on Wall Street wants to hear.,Yahoo,company
MSFT,2026-09-27 17:33:00,Michael Burry sends a stark warning to Big Tech stock investors,Michael Burry just went through five balance sheets and came back with a warning nobody on Wall Street wants to hear.,Yahoo,company
GOOGL,2026-09-27 17:33:00,Michael Burry sends a stark warning to Big Tech stock investors,Michael Burry just went through five balance sheets and came back with a warning nobody on Wall Street wants to hear.,Yahoo,company
MSFT,2026-09-27 17:51:51,AI’s $10 Trillion Buildout Will Reach 3.6% of GDP. Who’s Going to Pay for It?,"Big Tech is funneling nearly $200 billion into AI infrastructure every single quarter, a share of the economy larger than the entire railroad expansion. But the balance sheets tell a more complicated story about who is actually footing the bill.",Yahoo,company
GOOGL,2026-09-27 17:51:51,AI’s $10 Trillion Buildout Will Reach 3.6% of GDP. Who’s Going to Pay for It?,"Big Tech is funneling nearly $200 billion into AI infrastructure every single quarter, a share of the economy larger than the entire railroad expansion. But the balance sheets tell a more complicated story about who is actually footing the bill.",Yahoo,company
AMZN,2026-09-27 17:51:51,AI’s $10 Trillion Buildout Will Reach 3.6% of GDP. Who’s Going to Pay for It?,"Big Tech is funneling nearly $200 billion into AI infrastructure every single quarter, a share of the economy larger than the entire railroad expansion. But the balance sheets tell a more complicated story about who is actually footing the bill.",Yahoo,company
AMZN,2026-09-27 18:15:26,"Is Amazon Stock a Buy, Hold, or Sell Below $250?","AWS is accelerating at its fastest pace in 18 quarters and sitting on nearly half a trillion dollars in contracted backlog, yet analyst earnings estimates for 2027 fall below 2026. Something in that math deserves a closer look before the next quarterly report settles the argument.",Yahoo,company
MSFT,2026-09-27 18:33:00,Bill Gates doubles down on AI warning after decades of optimism,The Microsoft co-founder spent 50 years selling the future. His latest message about it is much harder to hear.,Yahoo,company
JPM,2026-09-27 18:35:00,This Is the No. 1 Move Investors Should Make Before Buying Stocks Right Now.,"Investors always need to balance risk versus reward, with industry watchers increasingly warning about risk right now.",Yahoo,company
MSFT,2026-09-27 19:00:18,Big Tech Workers Speak Out After Getting Laid Off: 'I Applied to Work Cashier at Target and I Was Denied',"For years, landing a high-paying job at one of America’s biggest tech companies could feel like reaching the top of the industry. But four former Big Tech workers told Business Insider how quickly six-figure salaries and seemingly secure careers disappeared...",Yahoo,company
GOOGL,2026-09-27 19:00:18,Big Tech Workers Speak Out After Getting Laid Off: 'I Applied to Work Cashier at Target and I Was Denied',"For years, landing a high-paying job at one of America’s biggest tech companies could feel like reaching the top of the industry. But four former Big Tech workers told Business Insider how quickly six-figure salaries and seemingly secure careers disappeared...",Yahoo,company
AAPL,2026-09-27 19:15:23,Why the Nasdaq Refuses to Break Even With Treasury Yields Above Five Percent,"The ten-year Treasury yield just hit levels that should be crushing growth stocks, yet the Nasdaq-100 keeps refusing to fall. The reason comes down to six companies whose balance sheets are rewriting the rules of how rate pressure actually transmits.",Yahoo,company
AMZN,2026-09-27 19:15:23,Why the Nasdaq Refuses to Break Even With Treasury Yields Above Five Percent,"The ten-year Treasury yield just hit levels that should be crushing growth stocks, yet the Nasdaq-100 keeps refusing to fall. The reason comes down to six companies whose balance sheets are rewriting the rules of how rate pressure actually transmits.",Yahoo,company
GOOGL,2026-09-27 19:15:23,Why the Nasdaq Refuses to Break Even With Treasury Yields Above Five Percent,"The ten-year Treasury yield just hit levels that should be crushing growth stocks, yet the Nasdaq-100 keeps refusing to fall. The reason comes down to six companies whose balance sheets are rewriting the rules of how rate pressure actually transmits.",Yahoo,company
MSFT,2026-09-27 19:15:23,Why the Nasdaq Refuses to Break Even With Treasury Yields Above Five Percent,"The ten-year Treasury yield just hit levels that should be crushing growth stocks, yet the Nasdaq-100 keeps refusing to fall. The reason comes down to six companies whose balance sheets are rewriting the rules of how rate pressure actually transmits.",Yahoo,company
PG,2026-09-27 19:32:43,You'll Never Guess How Clorox Ended Up Owning Ranch,You'll Never Guess How Clorox Ended Up Owning Ranch,Yahoo,company
JPM,2026-09-27 19:37:00,JPMorgan doubles down on diesel as record prices test inflation,"A Wall Street giant points to a fuel most drivers never buy, and the early warning data is already flashing.",Yahoo,company
MSFT,2026-09-27 19:39:53,Microsoft (MSFT) Puts GitHub’s Coding Engine Inside the App Office Workers Already Use,"Microsoft Corporation (NASDAQ:MSFT) added a tool called Code to its Copilot app on September 25. It lets someone build an app or a dashboard by describing it in plain language. The technology underneath is not new. It is the same engine that powers GitHub Copilot, which developers have used for years. What has changed is […]",Yahoo,company
PG,2026-09-27 19:43:00,Pampers & 4Kira4Moms Host Los Angeles Community Baby Shower Supporting 30 Deserving Parents,"CINCINNATI, September 27, 2026--Pampers and 4Kira4Moms hosted a Los Angeles baby shower, connecting 30 expecting families with maternal health resources and diapers.",Yahoo,company
AMZN,2026-09-27 19:46:27,How to Trade Qualcomm Stock Near Multi-Month Highs,"Qualcomm's recent rally has grabbed investors' attention. But with QCOM stock near multi-month highs, is it time to chase shares?",Yahoo,company
AAPL,2026-09-27 20:05:00,Apple and Nvidia Are the Two Largest Companies in the World. Which is the Better Stock to Buy?,Nvidia and Apple generated nearly the same amount of revenue during their most recent quarters.,Yahoo,company
MSFT,2026-09-27 21:22:54,Is Synopsys (SNPS) a Breakout Play as Headwinds Subside and BNP Paribas Upgrades?,"Is the tide slowly turning for Synopsys, Inc. (NASDAQ:SNPS) as some of the issues that pressured the stock begin to ease? That appears to be the view of BNP Paribas analyst Andrew DeGasperi, who recently upgraded the stock to Neutral from Underperform and assigned a $420 price target. The Ansys acquisition is also drawing significant […]",Yahoo,company
AMZN,2026-09-27 21:34:01,I'd Buy Amazon Stock While It Sits 12% Below Its Record,The cloud unit is growing faster than it has in years. Why are the shares cheaper than they were in August?,Yahoo,company
GOOGL,2026-09-27 21:38:37,Is Gemini 4 the Catalyst Alphabet (GOOGL) Needs to Win the AI Race?,"Alphabet Inc. (NASDAQ:GOOGL) is approaching another important milestone in its artificial intelligence push. On September 23, Google DeepMind division head Koray Kavukcuoglu confirmed that the company is nearing the launch of Gemini 4. The new model is expected to feature more advanced artificial intelligence capabilities as the company seeks to strengthen its position in an […]",Yahoo,company
GOOGL,2026-09-27 21:47:00,"Michael Burry just put a date on Big Tech's AI reckoning, and Oracle's $664 billion lands in crosshairs",The Big Short investor tallied the AI commitments piling up at five hyperscalers. He says even a small write-off could land harder than anyone expects.,Yahoo,company
MSFT,2026-09-27 21:47:00,"Michael Burry just put a date on Big Tech's AI reckoning, and Oracle's $664 billion lands in crosshairs",The Big Short investor tallied the AI commitments piling up at five hyperscalers. He says even a small write-off could land harder than anyone expects.,Yahoo,company
MSFT,2026-09-27 21:58:07,"Trump Invites Anthropic CEO Dario Amodei to Dinner as AI Safety Debate Rages, Says US Can't Slow Down: 'Why Should We Give That Up?'","On Sunday, Trump will meet Anthropic CEO Dario Amodei amid a growing debate over AI safety and development.",Benzinga,company
GOOGL,2026-09-27 21:58:07,"Trump Invites Anthropic CEO Dario Amodei to Dinner as AI Safety Debate Rages, Says US Can't Slow Down: 'Why Should We Give That Up?'","On Sunday, Trump will meet Anthropic CEO Dario Amodei amid a growing debate over AI safety and development.",Benzinga,company
AMZN,2026-09-27 22:10:25,Is Best Buy (BBY) A Bargain On Its Debt Filing And New Partnerships?,"Best Buy (BBY) has just filed a shelf registration for debt securities, giving the retailer a flexible way to tap credit markets when it chooses to raise capital. Best Buy’s share price has eased in the past week, with a 7 day share price return of down 2.5% and a 1 day move slightly lower. However, the 30 day and 90 day share price returns of 9.8% and 16.6% suggest momentum has been building through late 2026. Recent headlines have focused on the expanded Fire TV partnership with Amazon and...",Yahoo,company
AAPL,2026-09-27 22:31:28,Musk’s X Corp and SpaceXAI Drop Apple From AI Antitrust Fight. Is One Legal Headache Gone for the iPhone Maker?,"Apple Inc. (NASDAQ:AAPL) has one less AI battle to fight. Elon Musk’s X Corp and SpaceXAI have moved to dismiss their antitrust claims against Apple in a lawsuit that accused the iPhone maker and OpenAI of restricting competition in smartphones and generative AI chatbots. The filing ends Apple’s involvement in the case, although Musk’s companies […]",Yahoo,company
AAPL,2026-09-27 22:41:31,Apple Faces a Deeper iPhone Probe in India. Could its Software Warranty Become the Bigger Issue?,"Apple Inc. (NASDAQ:AAPL) is facing another regulatory headache in India, but this one isn’t centered on the App Store or competition. It is about what happens when a software update allegedly leaves an iPhone needing an expensive repair. India’s Central Consumer Protection Authority has escalated complaints involving Apple’s iOS 18 update to its investigation wing […]",Yahoo,company
JNJ,2026-09-27 23:12:45,Gilead or Johnson & Johnson: Is Faster Growth Better than Greater Diversification?,"Gilead Sciences, Inc. (NASDAQ:GILD) and Johnson & Johnson (NYSE:JNJ) offer investors two very different versions of pharmaceutical growth. Gilead is expanding faster, powered by an HIV franchise that continues to gain momentum, while Johnson & Johnson isn’t growing as quickly, but its portfolio stretches across pharmaceuticals and MedTech, giving it more ways to absorb weakness […]",Yahoo,company
AAPL,2026-09-27 23:33:30,Australia is Cracking Down on Social Media. Could Apple Benefit from the Shift?,"Apple Inc. (NASDAQ:AAPL) doesn’t operate a major social-media platform, but Australia’s latest push to regulate how people use social media has unexpectedly put the iPhone maker into the conversation. Australian Prime Minister Anthony Albanese met Apple Executive Chair Tim Cook at Apple Park this month and later said Cook regarded Australia’s work on social media […]",Yahoo,company
AMZN,2026-09-27 23:36:42,Amazon Taps Prysmian and Rio Tinto for Low-Carbon Data Center Cables. What Does it Mean for Investors?,"Prysmian is finding another way into the data-center buildout, and this time the story isn’t about fiber. The Italian cable maker has partnered with Rio Tinto (NYSE:RIO) to supply electrical cables made with low-carbon aluminum for an Amazon (NASDAQ:AMZN) data center in Ohio. The cables will use aluminum produced with ELYSIS inert-anode technology, which Prysmian […]",Yahoo,company
AAPL,2026-09-27 23:44:33,Apple (AAPL) Opens the Ternus Era with a Foldable iPhone. Can Premium Devices Lift Revenue?,"On September 9, 2026, the Wall Street Journal reported that John Ternus took the stage for the first time as Apple Inc. (NASDAQ:AAPL)’s chief executive. He became just the third CEO since Steve Jobs returned to the company in 1997 and used his debut product launch to introduce the foldable iPhone Duo alongside a strategic […]",Yahoo,company
MSFT,2026-09-27 23:52:46,"Dow Jones Futures Fall, Oil Prices Rise Amid Trump Iran Comments; Micron, SpaceX, Tesla Eye Buy Points","Futures fell and oil prices rose with President Trump making hawkish and dovish Iran comments. Micron, SpaceX and Tesla are near buy points with news due.",Yahoo,company
AMZN,2026-09-27 23:53:03,Amazon (AMZN) Pauses a Cargo Carrier after a Fatal Crash. Can its Air Network Absorb the Disruption?,"On September 13, 2026, the BBC reported that Amazon.com, Inc. (NASDAQ:AMZN) has paused its operations with 21 Air, the cargo carrier whose Boeing 767 overshot a runway at Miami International Airport on September 6, killing five people. Amazon spokesperson Kelly Nantel said the company had “spent time supporting the investigation and reviewing some of the […]",Yahoo,company
MSFT,2026-09-28 00:11:44,Microsoft (MSFT) Reportedly Plans a Vast Data Center Expansion. Can Azure Justify the Cost?,"On September 10, 2026, Reuters reported that Microsoft Corporation (NASDAQ:MSFT) plans to expand its global data center capacity to more than 38 gigawatts by 2032, more than tripling its current roughly 12-gigawatt footprint, according to Bloomberg News reporting that cited people familiar with the plans. Only about 2 gigawatts of Microsoft’s current capacity is dedicated […]",Yahoo,company
AAPL,2026-09-28 00:32:54,Apple (AAPL)’s Premium iPhone Strategy Faces a Test Beyond Early Adopters,"On September 11, 2026, Reuters reported that Apple Inc. (NASDAQ:AAPL)’s new foldable iPhone Duo launched with impressive features and a premium starting price of $1,999. However, analysts in the room at the Cupertino launch event questioned its appeal beyond wealthy tech enthusiasts, noting Apple demonstrated the device running Zoom, Slack, and Netflix on its expanded […]",Yahoo,company
AMZN,2026-09-28 00:41:25,Amazon (AMZN) Calls for AI Safeguards Without a Slowdown. Can AWS Benefit?,"On September 17, 2026, Reuters reported that Amazon.com, Inc. (NASDAQ:AMZN) weighed in on the artificial intelligence safety debate, telling Reuters that AI models “should be released when they’re ready and safe to use, which comes from rigorous testing and strong safeguards.” The company’s comments came days after several major AI labs called for slower AI […]",Yahoo,company
XOM,2026-09-28 00:56:03,Best Dividend Aristocrats For October 2026,"The ProShares S&P 500 Dividend Aristocrats ETF trails SPY YTD, but 20 individual Aristocrats are outperforming the ETF. Check out the Aristocrats list here.",SeekingAlpha,company
JNJ,2026-09-28 00:56:03,Best Dividend Aristocrats For October 2026,"The ProShares S&P 500 Dividend Aristocrats ETF trails SPY YTD, but 20 individual Aristocrats are outperforming the ETF. Check out the Aristocrats list here.",SeekingAlpha,company
AMZN,2026-09-28 01:00:00,Seattle tower across from Amazon sold for $12.5M after a $97M deal in 2019. Where smart real estate money is going now,"A 20-story tower across from Amazon's Seattle headquarters just sold for 87% less than its 2019 valuation, but that doesn't sound the alarm on real estate as an asset class.",Yahoo,company
GOOGL,2026-09-28 01:17:47,Elon Musk Amplifies Privacy Concerns Over Meta’s Muse After Reports Emerge AI Agent Accessed Private Messages,"Meta’s Muse AI faces privacy concerns over access to sensitive user data, despite Meta defending its safeguards.",Benzinga,company
AAPL,2026-09-28 01:18:23,The Trust Paradox: Agent Payment Infrastructure Is Outpacing Consumer Readiness,A month of plumbing September 2026 shipped more agentic commerce infrastructure in thirty days than the previous two years combined. Stripe flipped the switch on WebMCP across 7.8 million businesses. The OCC conditionally approved Catena Labs for a national trust bank charter purpose-built for AI agents. Meta launched Muse with Stripe-powered Link checkout at over […],Yahoo,company
AAPL,2026-09-28 01:38:12,"META, GOOGL, NVDA, BB, SPCX: Why Retail Traders Couldn’t Take Their Eyes Off These Stocks Last Week","Tech stocks drew strong attention last week as Meta advanced on AI agents, Nvidia looks to benefit from China chip demand, and BlackBerry posted strong QNX results.",Yahoo,company
GOOGL,2026-09-28 01:38:12,"META, GOOGL, NVDA, BB, SPCX: Why Retail Traders Couldn’t Take Their Eyes Off These Stocks Last Week","Tech stocks drew strong attention last week as Meta advanced on AI agents, Nvidia looks to benefit from China chip demand, and BlackBerry posted strong QNX results.",Yahoo,company
MSFT,2026-09-28 01:40:00,Bill Gates warns AI global framework talks harder than Cold War-era nuclear negotiations,"Microsoft founder Bill Gates has warned that getting countries to agree on a global framework for AI could be more difficult than Cold War-era negotiations to restrict nuclear weapons.  In an interview that ‌aired ⁠earlier on Sunday on NBC's Meet the Press, Mr Gates, 70, who has an estimated $115bn fortune, said he would like to meet with Mr Trump to discuss AI.  Mr Gates said regulating AI companies by putting in place monitoring systems would not hinder the US in any battle with China for technological supremacy in this field.",Yahoo,company
AAPL,2026-09-28 01:44:12,What Actually Made Home Depot (HD) Wall Street’s Best-Kept Compounding Secret?,"Every so often, a decades-old company gets recognized for a track record most investors have stopped thinking about. A Wall Street Journal analysis recently found that The Home Depot, Inc. (NYSE:HD) has been the highest-returning U.S. stock of the past 45 years. It turned a $1,000 investment made at its 1981 IPO into roughly $16 […]",Yahoo,company
GOOGL,2026-09-28 02:03:08,"Elon Musk Agrees 'for Now' With AI Chart Ranking Grok Behind Claude, GPT-6 Models — So Where Does Gemini Land?","Elon Musk backed an AI ranking chart placing Grok below Anthropic and OpenAI&#39;s models, while Google&#39;s Gemini ranks the lowest.",Benzinga,company
AAPL,2026-09-28 02:37:11,Jim Cramer Names His ‘Sacred Stocks' and Why He Won't Sell Them,"Jim Cramer reveals the two stocks, Nvidia and Apple, exempt from his strict buy and homework sell discipline.",Yahoo,company
AAPL,2026-09-28 03:07:30,"TSMC 2nm wafer capacity to exceed earlier estimates, EDN reports","Investing.com-- Taiwan Semiconductor Manufacturing Co (TW:2330) is accelerating the expansion of its advanced 2-nanometre manufacturing capacity as strong demand from artificial intelligence and high-performance computing customers boosts orders, according to Taiwanese publication EDN.",Yahoo,company
MSFT,2026-09-28 03:32:59,"Bill Gates Tells Trump Not to Slow AI Innovation, Slams ‘Kill Switch’ Debate — Warns ‘A Billion Deaths’ Could Be Possible Without Safeguards","Bill Gates urges Trump to keep AI innovation moving but calls for oversight, warning a ‘kill switch’ won’t be enough.",Benzinga,company
GOOGL,2026-09-28 03:39:36,CNBC Daily Open: A tale of two truces,Chinese president's state visit to Washington appears to have produced more personal diplomacy than breakthroughs.,CNBC,company
META,2026-09-28 03:47:18,Asian Stocks Bleed as Rising US Yields and Crude Prices Weigh on Risk Assets,Sensex falls 952 points amid Asian market declines and dropping US futures. High oil prices and 5.17% Treasury yields weigh on equities.,Benzinga,company
MSFT,2026-09-28 03:51:56,Microsoft Corporation (MSFT) Wants AI to Do More. Can Customers Keep Up?,"On September 25, Microsoft Corporation (NASDAQ:MSFT) announced a comprehensive overhaul of its Copilot ecosystem, introducing a central workspace structure consisting of Home, Code, and Autopilot. Home unifies conversation and productivity tools by natively integrating Word, Excel, and PowerPoint into the Copilot interface. Code allows non-technical employees to build custom applications and automations using natural language […]",Yahoo,company
META,2026-09-28 04:52:49,Coinbase CEO Says AI Agents Could Break Corporate Software Monopolies From Within: 'Most Companies Would Move Faster',"Armstrong says AI agents could make internal software platforms compete on performance, cost and reliability, boosting company speed.",Benzinga,company
GOOGL,2026-09-28 05:01:00,"Nvidia, Micron, Alphabet, Oracle and Adobe are part of Zacks Earnings Preview","Nvidia, Micron and Alphabet headline a broad-based Q3 earnings outlook, while Oracle and Adobe kick off the season with early results.",Yahoo,company
META,2026-09-28 05:17:47,Elon Musk Amplifies Privacy Concerns Over Meta’s Muse After Reports Emerge AI Agent Accessed Private Messages,"Meta Platforms, Inc.’s (NASDAQ:META) Muse AI agent is facing fresh privacy and safety questions after reports emerged of unexpected access to private messages and sensitive user information. Elon Musk Amplifies Muse Privacy Concerns On Sunday, Space Exploration Technologies Corp. (NASDAQ:SPCX) CEO Elon Musk reposted a post from Gizmodo Senior Editor Ray Wong, who criticized Muse after sharing an account in which the AI agent allegedly provided a Facebook Marketplace seller with a user’s address,",Yahoo,company
GOOGL,2026-09-28 05:19:00,"Zacks Investment Ideas feature highlights: Alphabet, Apple and NVIDIA","GOOGL, AAPL and NVDA have repeatedly found strength near their 200-day moving averages in 2026, backed by solid business momentum.",Yahoo,company
AAPL,2026-09-28 05:19:00,"Zacks Investment Ideas feature highlights: Alphabet, Apple and NVIDIA","GOOGL, AAPL and NVDA have repeatedly found strength near their 200-day moving averages in 2026, backed by solid business momentum.",Yahoo,company
META,2026-09-28 05:45:51,Retail Investors ‘Locking in Gains in Tech’ — Sell Record $300 Million in ETFs as Chip Funds Take Biggest Hit,"Retail investors dumped ETFs at a record pace Wednesday, with semiconductor funds hit hardest as they cashed in AI rally gains.",Benzinga,company
AAPL,2026-09-28 05:59:02,"Inquiry Into Apple's Competitor Dynamics In Technology Hardware, Storage &amp; Peripherals Industry","In today&#39;s fast-paced and competitive business landscape, it is essential for investors and industry enthusiasts to thoroughly analyze companies before making investment decisions. In this article, we will conduct a",Benzinga,company
AAPL,2026-09-28 06:13:28,"Apple Had the Blueprint for a Lighter Vision Pro But Scrapped It—Now Meta’s $1,299 VR Glasses Could Succeed Where AAPL Struggled","Apple scrapped plans for a lighter Vision Pro, while Meta has adopted a similar approach with its $1,299 VR glasses.",Benzinga,company
META,2026-09-28 06:13:28,"Apple Had the Blueprint for a Lighter Vision Pro But Scrapped It—Now Meta’s $1,299 VR Glasses Could Succeed Where AAPL Struggled","Apple scrapped plans for a lighter Vision Pro, while Meta has adopted a similar approach with its $1,299 VR glasses.",Benzinga,company
XOM,2026-09-28 06:18:00,"The Zacks Analyst Blog Highlights ExxonMobil, Automatic Data Processing and Cadence Design, BranchOut Food","XOM, ADP, CDNS and BOF feature in Zacks research, with AI, operational efficiency, recurring revenue and growth opportunities shaping their outlooks.",Yahoo,company
JPM,2026-09-28 06:27:40,JPMorgan Stock Sits 6% Below Its High After a Record Year. Here’s What Q3 Earnings Must Prove,Key Stats for JPM StockPast week performance: -2. 6%52-week range: $279 to $367Valuation model target price: $406Implied upside: 18.,Yahoo,company
MSFT,2026-09-28 06:34:50,"Nvidia Unveils AI Safety Platform to Keep AI Agents Under Control, Partners With Anthropic",Nvidia launches an AI safety platform with OpenShell and Sentry to help control AI agents and strengthen safeguards.,Benzinga,company
AMZN,2026-09-28 06:40:01,"Nvidia's $5.4 Trillion Market Cap 'Seems Crazy' Next to $3.5 Trillion Russell 2000 Total, Says Charlie Bilello","Charlie Bilello notes Nvidia&#39;s $5.4T market cap &#34;seems crazy&#34; next to the $3.5T Russell 2000, citing a $193B profit vs a $13B index loss.",Benzinga,company
MSFT,2026-09-28 06:40:01,"Nvidia's $5.4 Trillion Market Cap 'Seems Crazy' Next to $3.5 Trillion Russell 2000 Total, Says Charlie Bilello","Charlie Bilello notes Nvidia&#39;s $5.4T market cap &#34;seems crazy&#34; next to the $3.5T Russell 2000, citing a $193B profit vs a $13B index loss.",Benzinga,company
META,2026-09-28 06:40:01,"Nvidia's $5.4 Trillion Market Cap 'Seems Crazy' Next to $3.5 Trillion Russell 2000 Total, Says Charlie Bilello","Charlie Bilello notes Nvidia&#39;s $5.4T market cap &#34;seems crazy&#34; next to the $3.5T Russell 2000, citing a $193B profit vs a $13B index loss.",Benzinga,company
AAPL,2026-09-28 06:40:01,"Nvidia's $5.4 Trillion Market Cap 'Seems Crazy' Next to $3.5 Trillion Russell 2000 Total, Says Charlie Bilello","Charlie Bilello notes Nvidia&#39;s $5.4T market cap &#34;seems crazy&#34; next to the $3.5T Russell 2000, citing a $193B profit vs a $13B index loss.",Benzinga,company
GOOGL,2026-09-28 06:40:01,"Nvidia's $5.4 Trillion Market Cap 'Seems Crazy' Next to $3.5 Trillion Russell 2000 Total, Says Charlie Bilello","Charlie Bilello notes Nvidia&#39;s $5.4T market cap &#34;seems crazy&#34; next to the $3.5T Russell 2000, citing a $193B profit vs a $13B index loss.",Benzinga,company
AMZN,2026-09-28 06:56:00,Mecca and Sephora Among Beauty Retail Giants Outpaced by Online Marketplaces,"Australia's beauty retail landscape is undergoing a major transformation, with online marketplaces now generating as much revenue as all major specialist beauty retailers combined, according to a new report from global ecommerce accelerator Pattern.",Yahoo,company
META,2026-09-28 07:00:50,"Stocktwits Tech Watch: Micron’s Q4 Report, OpenAI Developer Conference Keep AI Trade In Focus This Week","AI momentum faces a fresh test as earnings, product launches and IPOs put tech investors back on alert.",Yahoo,company
AAPL,2026-09-28 07:20:41,Why Meta’s 13% Stock Gain Last Week Could Be Just the Start — Gene Munster Sees $11 Billion Revenue Opportunity That Could ‘Blow Us Away’,"Analyst Gene Munster says Meta&#39;s 13% stock jump is just the start, predicting AI bots like Muse will drive massive subscription growth.",Benzinga,company
META,2026-09-28 07:20:41,Why Meta’s 13% Stock Gain Last Week Could Be Just the Start — Gene Munster Sees $11 Billion Revenue Opportunity That Could ‘Blow Us Away’,"Analyst Gene Munster says Meta&#39;s 13% stock jump is just the start, predicting AI bots like Muse will drive massive subscription growth.",Benzinga,company
META,2026-09-28 07:29:28,"Stocks making the biggest moves premarket: Meta Platforms, United Airlines, Nvidia & more",These are the stocks posting the largest moves premarket.,CNBC,company
META,2026-09-28 07:34:41,Mark Zuckerberg's Muse Remains Locked Out As Amazon Says Meta Never Got Permission; Cathie Wood's ARK Calls It A 'Great Test' For Loyalty,"ARK Invest CEO Cathie Wood agreed with analyst Nick Grous that Amazon.com, Inc.‘s (NASDAQ:AMZN) holdout from Meta Platforms Inc.‘s (NASDAQ:META) Muse sets up “a great test” of customer loyalty and the promise of agentic commerce. “Indeed,” Wood said in a post on X. Protecting a $70 Billion Business On ARK’s podcast, released Saturday, Grous said Amazon is blocking Muse to protect its advertising business, which is “extremely profitable” at $70 billion. In Q2 of 2026, the company’s ad business ge",Yahoo,company
META,2026-09-28 07:59:22,Meta's Muse AI Rally Is About To Disappoint You,"Meta Platforms remains a core long-term holding for its dominant digital advertising business, not its AI initiatives. Click for my updated look at META stock.",SeekingAlpha,company
META,2026-09-28 08:00:01," Meta, Google, Amazon, Microsoft draw Sen. Warren questions about AI tax subsidies","Sen. Elizabeth Warren is asking the leaders of Meta, Google, Amazon and Microsoft about AI and data center subsidies authorized by GOP legislation.",CNBC,company
AMZN,2026-09-28 08:03:00,"Guy Gentile Releases The Stock Operator, Tracing Three Decades of Trading, Risk and Loss","The new book examines the decisions, setbacks and turning points behind the career of the Dubai-based trader and trading-business founder.Dubai, United Arab Emirates--(Newsfile Corp. - September 28, 2026) - Trader and author Guy Gentile has released The Stock Operator: The Rise, Fall, and Return of an American Trader, a new book drawing on more than three decades of his experience in the financial markets and trading businesses. The book is now available in paperback, Kindle and hardcover...",Yahoo,company
MSFT,2026-09-28 08:04:00,"Virtual Desktop Enhancer Global Market Report 2026: Capitalize on 14.9% CAGR as AI and Cloud VDI Drive Revenue to $4.62 Billion by 2030 and Benchmark Microsoft, AWS, Google, Huawei and Dell Before Rivals Gain Ground","Boost ROI with cloud VDI, AI-driven automation, secure cross-platform clients, centralized management and hardware reuse to reduce latency, IT complexity and operating costs.Dublin, Sept. 28, 2026 (GLOBE NEWSWIRE) -- ""Virtual Desktop Enhancer Global Market Report 2026"" has been added to ResearchAndMarkets.com's offering. The global virtual desktop enhancer market is experiencing rapid growth as enterprises prioritize secure, high-performance digital workspaces. The market is projected to increas",Yahoo,company
GOOGL,2026-09-28 08:04:00,"Virtual Desktop Enhancer Global Market Report 2026: Capitalize on 14.9% CAGR as AI and Cloud VDI Drive Revenue to $4.62 Billion by 2030 and Benchmark Microsoft, AWS, Google, Huawei and Dell Before Rivals Gain Ground","Boost ROI with cloud VDI, AI-driven automation, secure cross-platform clients, centralized management and hardware reuse to reduce latency, IT complexity and operating costs.Dublin, Sept. 28, 2026 (GLOBE NEWSWIRE) -- ""Virtual Desktop Enhancer Global Market Report 2026"" has been added to ResearchAndMarkets.com's offering. The global virtual desktop enhancer market is experiencing rapid growth as enterprises prioritize secure, high-performance digital workspaces. The market is projected to increas",Yahoo,company
MSFT,2026-09-28 08:05:00,"High Availability Cluster Solution Global Market Report 2026: Capitalize on the $2.49 Billion Revenue Surge to $8.84 Billion by 2030; Benchmark Microsoft, Dell, IBM, Cisco and Oracle as Hybrid Cloud and Zero-Downtime Strategies Disrupt the Market","Boost ROI with pay-as-you-go cloud, hybrid architectures, automated failover and software-defined clustering to cut upfront costs, downtime and data loss.Dublin, Sept. 28, 2026 (GLOBE NEWSWIRE) -- ""High Availability Cluster Solution Global Market Report 2026"" has been added to ResearchAndMarkets.com's offering. The global high availability cluster solution market is projected to grow from $5.86 billion in 2025 to $6.35 billion in 2026, representing a compound annual growth rate (CAGR) of 8.4%. T",Yahoo,company
MSFT,2026-09-28 08:16:41,"Copilot Reboot Sends Microsoft Soaring, but Trump's No to Iran Hangs Over Monday","Microsoft jumped to a ten-month high after a sweeping Copilot overhaul and helped Wall Street lock in a winning week. Over the weekend, Trump rejected Iran's ceasefire offer and Apple lost a $5.7 billion patent case. Here's what matters heading into Monday.",ChartMill,company
AAPL,2026-09-28 08:16:41,"Copilot Reboot Sends Microsoft Soaring, but Trump's No to Iran Hangs Over Monday","Microsoft jumped to a ten-month high after a sweeping Copilot overhaul and helped Wall Street lock in a winning week. Over the weekend, Trump rejected Iran's ceasefire offer and Apple lost a $5.7 billion patent case. Here's what matters heading into Monday.",ChartMill,company
META,2026-09-28 08:16:41,"Copilot Reboot Sends Microsoft Soaring, but Trump's No to Iran Hangs Over Monday","Microsoft jumped to a ten-month high after a sweeping Copilot overhaul and helped Wall Street lock in a winning week. Over the weekend, Trump rejected Iran's ceasefire offer and Apple lost a $5.7 billion patent case. Here's what matters heading into Monday.",ChartMill,company
MSFT,2026-09-28 08:20:02,"'Meta, Google, Amazon, Microsoft draw Sen. Warren questions about AI tax subsidies' - CNBC",https://www.cnbc.com/2026/09/28/warren-senate-ai-subsidies-meta-google-amazon-microsoft.html?taid=6aba57fe1de5760001f130f8&amp;utm_campaign=trueanthem&amp;utm_content=main&amp;utm_medium=social&amp;utm_source=twitter,Benzinga,company
META,2026-09-28 08:20:02,"'Meta, Google, Amazon, Microsoft draw Sen. Warren questions about AI tax subsidies' - CNBC",https://www.cnbc.com/2026/09/28/warren-senate-ai-subsidies-meta-google-amazon-microsoft.html?taid=6aba57fe1de5760001f130f8&amp;utm_campaign=trueanthem&amp;utm_content=main&amp;utm_medium=social&amp;utm_source=twitter,Benzinga,company
AMZN,2026-09-28 08:20:02,"'Meta, Google, Amazon, Microsoft draw Sen. Warren questions about AI tax subsidies' - CNBC",https://www.cnbc.com/2026/09/28/warren-senate-ai-subsidies-meta-google-amazon-microsoft.html?taid=6aba57fe1de5760001f130f8&amp;utm_campaign=trueanthem&amp;utm_content=main&amp;utm_medium=social&amp;utm_source=twitter,Benzinga,company
GOOGL,2026-09-28 08:20:02,"'Meta, Google, Amazon, Microsoft draw Sen. Warren questions about AI tax subsidies' - CNBC",https://www.cnbc.com/2026/09/28/warren-senate-ai-subsidies-meta-google-amazon-microsoft.html?taid=6aba57fe1de5760001f130f8&amp;utm_campaign=trueanthem&amp;utm_content=main&amp;utm_medium=social&amp;utm_source=twitter,Benzinga,company
META,2026-09-28 08:35:58,"Sportradar: Meta's Muse Could Change The Story, But I Need Proof","Sportradar (SRAD) rated Strong Buy with $20 target (~50% upside). Q2 revenue +19% YoY, strong cash flow; Meta Muse rumors unpriced.",SeekingAlpha,company
META,2026-09-28 08:40:50,Meta Platforms Rolls Out Meta Enterprise Platform; Appoints Chirantan Desai As Chief Enterprise Platform Officer,https://about.fb.com/news/2026/09/launching-meta-enterprise-platform/,Benzinga,company
META,2026-09-28 08:46:06,Meta hires MongoDB CEO CJ Desai to lead enterprise unit. MongoDB shares crater,Desai will lead the new Meta Enterprise Platform unit and report to CEO Mark Zuckerberg.,CNBC,company
AAPL,2026-09-28 08:56:13,"Apple: I Was Wrong, Margin Math Is Now In Its Favor (Rating Upgrade)","Apple Inc. upgraded to Buy: pricing power offsets memory costs, Services monetize AI via iCloud+, Klarna leasing boosts upgrades. Click for this AAPL stock update.",SeekingAlpha,company
META,2026-09-28 09:00:00,"Dividend Harvesting Portfolio Week 291: $29,100 Allocated, $3,347.22 In Projected Dividends",The Dividend Harvesting Portfolio was streamlined from over 110 to 84 positions. Click here to read more about the portfolio.,SeekingAlpha,company
META,2026-09-28 09:00:00,How advertisers are adjusting to Meta’s ad creative diversification best practices,"To get ads to rank highly, advertisers are getting guidance to switch up hooks, looks, and messaging.",Yahoo,company
MSFT,2026-09-28 09:09:55,Billionaire Investor Warns Young Workers Not to Forget These 3 Skills as AI Reshapes Jobs — ‘Probably Not Going to Go Away’,"Billionaire David Rubenstein says reading, speaking and writing skills still drive career success in the AI era.",Benzinga,company
XOM,2026-09-28 09:14:24,What's Going On With Exxon Mobil Stock on Monday?,ExxonMobil stock advances as oil prices rebound after Trump rejects an Iranian proposal aimed at resolving the conflict and reopening the Strait of Hormuz.,Benzinga,company
META,2026-09-28 09:16:58,Meta: This Was Just A Warm-Up,"Meta Platforms (META) has surged 35% since my mid-August 2026 call, outperforming the broader market and validating my prior bullish thesis.",SeekingAlpha,company
MSFT,2026-09-28 09:17:00,"Mobile Virtualization Market Report 2026: Capitalize on 21.7% CAGR as the Market Surges from $12.82B to $28.14B by 2030—Benchmark Samsung, Huawei, Microsoft, Oracle and Citrix to Secure Your Zero-Trust Mobility Strategy","Boost ROI through cloud delivery, software-centric virtualization, regional data centers, centralized device management and automation to cut costs and improve securityDublin, Sept. 28, 2026 (GLOBE NEWSWIRE) -- ""Mobile Virtualization Market Report 2026"" has been added to ResearchAndMarkets.com's offering. The global mobile virtualization market is experiencing rapid expansion, driven by enterprise mobility, secure remote work requirements and increased investment in cloud-based IT infrastructure",Yahoo,company
AMZN,2026-09-28 09:17:33,Update: Market Chatter: AI Chip Startup DensityAI in Talks to Raise Hundreds of Millions of Dollars in Funding Round,(Updates with Amazon's response in the last paragraph) DensityAI is in late-stage discussions to,Yahoo,company
MSFT,2026-09-28 09:21:00,"Computers Global Market Report 2026: Capitalize on the $161.29 Billion Revenue Surge to $676.41 Billion by 2030—Benchmark Apple, Microsoft, Dell, Lenovo and ASUS to Secure Share as AI PCs and Tariffs Disrupt Global Supply Chains","Apple, Microsoft, Dell, Lenovo and ASUS are profiled as leading computer vendors, covering market presence, shares, segments, trends and opportunitiesDublin, Sept. 28, 2026 (GLOBE NEWSWIRE) -- ""Computers Market Report 2026"" has been added to ResearchAndMarkets.com's offering. The global computers market is maintaining strong growth as businesses, households, educational institutions and digital entertainment users increase demand for advanced computing devices. The market is projected to grow fr",Yahoo,company
AAPL,2026-09-28 09:21:00,"Computers Global Market Report 2026: Capitalize on the $161.29 Billion Revenue Surge to $676.41 Billion by 2030—Benchmark Apple, Microsoft, Dell, Lenovo and ASUS to Secure Share as AI PCs and Tariffs Disrupt Global Supply Chains","Apple, Microsoft, Dell, Lenovo and ASUS are profiled as leading computer vendors, covering market presence, shares, segments, trends and opportunitiesDublin, Sept. 28, 2026 (GLOBE NEWSWIRE) -- ""Computers Market Report 2026"" has been added to ResearchAndMarkets.com's offering. The global computers market is maintaining strong growth as businesses, households, educational institutions and digital entertainment users increase demand for advanced computing devices. The market is projected to grow fr",Yahoo,company
AMZN,2026-09-28 09:22:00,"Information Technology Market Report 2026: Capture the $3.76 Trillion Revenue Shift Through 2030 as AI, Cloud and Cybersecurity Disrupt Enterprise Spend—Benchmark Microsoft, Amazon, Alphabet, IBM and Oracle Before Competitors Seize the Advantage","Boost ROI via cloud migration, AI automation, managed IT outsourcing, software modernization, scalable platforms and cybersecurity to cut costs and improve efficiencyDublin, Sept. 28, 2026 (GLOBE NEWSWIRE) -- ""Information Technology Market Report 2026"" has been added to ResearchAndMarkets.com's offering. The global information technology market is maintaining strong growth as organizations modernize enterprise systems, migrate workloads to the cloud and invest in artificial intelligence, cyberse",Yahoo,company
MSFT,2026-09-28 09:22:00,"Information Technology Market Report 2026: Capture the $3.76 Trillion Revenue Shift Through 2030 as AI, Cloud and Cybersecurity Disrupt Enterprise Spend—Benchmark Microsoft, Amazon, Alphabet, IBM and Oracle Before Competitors Seize the Advantage","Boost ROI via cloud migration, AI automation, managed IT outsourcing, software modernization, scalable platforms and cybersecurity to cut costs and improve efficiencyDublin, Sept. 28, 2026 (GLOBE NEWSWIRE) -- ""Information Technology Market Report 2026"" has been added to ResearchAndMarkets.com's offering. The global information technology market is maintaining strong growth as organizations modernize enterprise systems, migrate workloads to the cloud and invest in artificial intelligence, cyberse",Yahoo,company
GOOGL,2026-09-28 09:22:00,"Information Technology Market Report 2026: Capture the $3.76 Trillion Revenue Shift Through 2030 as AI, Cloud and Cybersecurity Disrupt Enterprise Spend—Benchmark Microsoft, Amazon, Alphabet, IBM and Oracle Before Competitors Seize the Advantage","Boost ROI via cloud migration, AI automation, managed IT outsourcing, software modernization, scalable platforms and cybersecurity to cut costs and improve efficiencyDublin, Sept. 28, 2026 (GLOBE NEWSWIRE) -- ""Information Technology Market Report 2026"" has been added to ResearchAndMarkets.com's offering. The global information technology market is maintaining strong growth as organizations modernize enterprise systems, migrate workloads to the cloud and invest in artificial intelligence, cyberse",Yahoo,company
GOOGL,2026-09-28 09:24:00,"Enterprise Quantum Computing Global Market Report 2026: Capitalize on 31.1% CAGR as Revenue Hits $18.54B by 2030—Benchmark IBM, Google, Microsoft, AWS and IonQ to Secure Cloud Quantum ROI Before Rivals Scale","Boost ROI with cloud-based, hybrid quantum platforms that lower hardware costs and improve investment optimization, security, product discovery, simulation and data modelingDublin, Sept. 28, 2026 (GLOBE NEWSWIRE) -- ""Enterprise Quantum Computing Market Report 2026"" has been added to ResearchAndMarkets.com's offering. The global enterprise quantum computing market is experiencing exponential growth as organizations invest in advanced computing capabilities for optimization, simulation, cybersecur",Yahoo,company
MSFT,2026-09-28 09:24:00,"Enterprise Quantum Computing Global Market Report 2026: Capitalize on 31.1% CAGR as Revenue Hits $18.54B by 2030—Benchmark IBM, Google, Microsoft, AWS and IonQ to Secure Cloud Quantum ROI Before Rivals Scale","Boost ROI with cloud-based, hybrid quantum platforms that lower hardware costs and improve investment optimization, security, product discovery, simulation and data modelingDublin, Sept. 28, 2026 (GLOBE NEWSWIRE) -- ""Enterprise Quantum Computing Market Report 2026"" has been added to ResearchAndMarkets.com's offering. The global enterprise quantum computing market is experiencing exponential growth as organizations invest in advanced computing capabilities for optimization, simulation, cybersecur",Yahoo,company
MSFT,2026-09-28 09:25:24,Micron Q4: The Market Is Already Looking Beyond 2027,"Micron Technology, Inc. stock is up 590%âhas growth been priced in? Get a neutral take on FY26 Q4, HBM share risks, & 2027 supply tightness. Click for an MU update.",SeekingAlpha,company
META,2026-09-28 09:25:24,Micron Q4: The Market Is Already Looking Beyond 2027,"Micron Technology, Inc. stock is up 590%âhas growth been priced in? Get a neutral take on FY26 Q4, HBM share risks, & 2027 supply tightness. Click for an MU update.",SeekingAlpha,company
MSFT,2026-09-28 09:26:00,"Virtual Desktop Infrastructure Market Report 2026: Capitalize on the $24.14 Billion Revenue Surge to $50.03 Billion by 2030—Benchmark AWS, Microsoft, VMware, Citrix and Nutanix to Capture Share in a 17.9% CAGR Market","Boost ROI with cloud-hosted, pooled VDI, pay-as-you-go pricing, centralized management, scalable deployment and optimized infrastructure to cut hardware and maintenance costsDublin, Sept. 28, 2026 (GLOBE NEWSWIRE) -- ""Virtual Desktop Infrastructure Market Report 2026"" has been added to ResearchAndMarkets.com's offering. The global virtual desktop infrastructure market is experiencing rapid expansion as organizations prioritize secure remote access, centralized desktop management and scalable IT",Yahoo,company
MSFT,2026-09-28 09:28:00,"Computer Vision Global Market Report 2026: Secure Your Share of a $37.1 Billion Market Growing 15.9% Annually by 2030—Benchmark Microsoft, Sony, Intel, Texas Instruments and MediaTek as AI, Edge Vision and Automation Disrupt Operations","Boost ROI with real-time visual intelligence, low-code models, edge analytics and shelf tracking to cut costs, optimize inventory, accelerate decisions and improve efficiencyDublin, Sept. 28, 2026 (GLOBE NEWSWIRE) -- ""Computer Vision Market Report 2026"" has been added to ResearchAndMarkets.com's offering. The global computer vision market is experiencing rapid expansion, supported by advances in artificial intelligence, image sensors, industrial automation and robotics. The market is projected t",Yahoo,company
META,2026-09-28 09:35:00,The Investor's Guide To Network Effect,"At its core, the network effect is the embodiment of a company's ability to elevate its worth exponentially as its network expands. Read more here.",SeekingAlpha,company
MSFT,2026-09-28 09:37:06,CoreWeave: Selling Compute Remains Highly Profitable Despite Heavy CapEx And Debt,"CoreWeave (CRWV) Q2 shows scaling margins, $104B backlog and raised 2026 revenue guidance.",SeekingAlpha,company
META,2026-09-28 09:37:06,CoreWeave: Selling Compute Remains Highly Profitable Despite Heavy CapEx And Debt,"CoreWeave (CRWV) Q2 shows scaling margins, $104B backlog and raised 2026 revenue guidance.",SeekingAlpha,company
META,2026-09-28 09:42:36,3 Market-Beating Stocks Worth Your Attention,"The best-performing stocks typically have robust sales growth, increasing margins, and rising returns on capital, and those that can maintain this trifecta year in and year out often become the legends of the investing world.",Yahoo,company
XOM,2026-09-28 09:52:00,"Intel, Sandisk, Chevron, Boeing, NIO, and More Stocks That Explain Today’s Market","FEATURE  Stock futures were dropping on Monday after talks between the U.S. and Iran failed to yield a peace deal, driving oil prices and bond yields higher. Artificial-intelligence stocks were struggling as investors opted to ditch risk assets.",Yahoo,company
JPM,2026-09-28 09:58:04,"HSBC Maintains Hold on JPMorgan Chase, Raises Price Target to $377",HSBC  analyst Domenico Santoro   maintains JPMorgan Chase (NYSE:JPM) with a Hold and raises the price target from $369 to $377.,Benzinga,company
META,2026-09-28 09:58:35,"Oracle, Meta Financing Methods Mirror Enron Era, Steve Eisman Says",Steve Eisman warns Big Tech is reviving Enron-era financing as up to $300B of AI-linked debt sits off balance sheets.,Benzinga,company
MSFT,2026-09-28 10:00:00,Why most ads are terrible: Former Microsoft CSO,"Stagwell CEO, former Microsoft Chief Strategy Officer, and White House pollster Mark Penn sits down with Yahoo Finance Executive Editor Brian Sozzi to break down why most modern digital ads fail, and how AI is completely rewriting the rules of what you buy.",Yahoo,company
AMZN,2026-09-28 10:04:05,'Top AI Researchers Call for Urgent Oversight of Self-Improving Systems' - WSJ Exclusive,https://www.wsj.com/tech/ai/top-ai-researchers-call-for-urgent-oversight-of-self-improving-systems-49bae9b4,Benzinga,company
META,2026-09-28 10:04:05,'Top AI Researchers Call for Urgent Oversight of Self-Improving Systems' - WSJ Exclusive,https://www.wsj.com/tech/ai/top-ai-researchers-call-for-urgent-oversight-of-self-improving-systems-49bae9b4,Benzinga,company
GOOGL,2026-09-28 10:04:05,'Top AI Researchers Call for Urgent Oversight of Self-Improving Systems' - WSJ Exclusive,https://www.wsj.com/tech/ai/top-ai-researchers-call-for-urgent-oversight-of-self-improving-systems-49bae9b4,Benzinga,company
MSFT,2026-09-28 10:04:05,'Top AI Researchers Call for Urgent Oversight of Self-Improving Systems' - WSJ Exclusive,https://www.wsj.com/tech/ai/top-ai-researchers-call-for-urgent-oversight-of-self-improving-systems-49bae9b4,Benzinga,company
GOOGL,2026-09-28 10:05:49,"MAG 7 Voices: Jensen Huang, Elon Musk, Mark Zuckerberg Shape A Week Of AI Debate",Nvidia CEO Jensen Huang defended continued AI development while calling for AI labs that cannot contain unsafe experiments to be shut down.,Yahoo,company
AAPL,2026-09-28 10:05:49,"MAG 7 Voices: Jensen Huang, Elon Musk, Mark Zuckerberg Shape A Week Of AI Debate",Nvidia CEO Jensen Huang defended continued AI development while calling for AI labs that cannot contain unsafe experiments to be shut down.,Yahoo,company
MSFT,2026-09-28 10:05:49,"MAG 7 Voices: Jensen Huang, Elon Musk, Mark Zuckerberg Shape A Week Of AI Debate",Nvidia CEO Jensen Huang defended continued AI development while calling for AI labs that cannot contain unsafe experiments to be shut down.,Yahoo,company
META,2026-09-28 10:05:49,"MAG 7 Voices: Jensen Huang, Elon Musk, Mark Zuckerberg Shape A Week Of AI Debate",Nvidia CEO Jensen Huang defended continued AI development while calling for AI labs that cannot contain unsafe experiments to be shut down.,Yahoo,company
GOOGL,2026-09-28 10:06:36,3 Cash-Heavy Stocks with Impressive Fundamentals,"In a world where many businesses have shaky balance sheets, some have ignored the crowd and exercised prudence. These cash-heavy companies shine bright for their financial discipline, resilience, and ability to generate solid returns.",Yahoo,company
MSFT,2026-09-28 10:06:36,3 Cash-Heavy Stocks with Impressive Fundamentals,"In a world where many businesses have shaky balance sheets, some have ignored the crowd and exercised prudence. These cash-heavy companies shine bright for their financial discipline, resilience, and ability to generate solid returns.",Yahoo,company
MSFT,2026-09-28 10:08:18,"Market Chatter: OpenAI, Anthropic CEOs Asked to Appear at Australian AI Inquiry","Microsoft-backed (MSFT) OpenAI CEO Sam Altman and Alphabet (GOOG, GOOGL) and Amazon-backed (AMZN) An",Yahoo,company
GOOGL,2026-09-28 10:08:18,"Market Chatter: OpenAI, Anthropic CEOs Asked to Appear at Australian AI Inquiry","Microsoft-backed (MSFT) OpenAI CEO Sam Altman and Alphabet (GOOG, GOOGL) and Amazon-backed (AMZN) An",Yahoo,company
AMZN,2026-09-28 10:08:18,"Market Chatter: OpenAI, Anthropic CEOs Asked to Appear at Australian AI Inquiry","Microsoft-backed (MSFT) OpenAI CEO Sam Altman and Alphabet (GOOG, GOOGL) and Amazon-backed (AMZN) An",Yahoo,company
META,2026-09-28 10:08:33,MongoDB Stock Tumbles: What's Happening Today,MongoDB shares are slumping Monday. The company announced CEO Chirantan Desai has stepped down to pursue a senior role at Meta Platforms.,Benzinga,company
GOOGL,2026-09-28 10:14:00,McLaren Racing on track to hit $1bn in revenue as chief's pay hits record,"McLaren Racing is on track to become the first Formula One team to notch up $1bn in revenues this year, in the slipstream of Championship-winning performances which fuelled a record payout to its boss, Zak Brown.  Sky News has learnt that the Woking-based outfit, which recently extended the contract of World Champion driver Lando Norris until 2030, will file accounts this week showing that its sporting revival has sparked an unprecedented commercial bonanza.  The accounts, which cover the calendar year 2025, are also expected to reveal that Mr Brown, who has revitalised the team's performance since taking over as boss in 2016, was paid well over $100m (£75.4m) last year.",Yahoo,company
MSFT,2026-09-28 10:16:05,"IREN: The Company Is Impressive, The Valuation Is Even More","IREN Limited offers a compelling advantage in delivering compute capacity where electricity, facilities, and execution intersect. Read more on IREN stock here.",SeekingAlpha,company
AMZN,2026-09-28 10:17:43,"Aave Just Turned Tokenized Apple, Nvidia and Tesla Stocks Into USDC Loan Collateral","Seven Coinbase tokenized stocks, including Apple, Nvidia and Tesla, can now be used as collateral to borrow USDC on Aave V4 on Base. The stocks ...",Yahoo,company
META,2026-09-28 10:17:43,"Aave Just Turned Tokenized Apple, Nvidia and Tesla Stocks Into USDC Loan Collateral","Seven Coinbase tokenized stocks, including Apple, Nvidia and Tesla, can now be used as collateral to borrow USDC on Aave V4 on Base. The stocks ...",Yahoo,company
MSFT,2026-09-28 10:17:43,"Aave Just Turned Tokenized Apple, Nvidia and Tesla Stocks Into USDC Loan Collateral","Seven Coinbase tokenized stocks, including Apple, Nvidia and Tesla, can now be used as collateral to borrow USDC on Aave V4 on Base. The stocks ...",Yahoo,company
GOOGL,2026-09-28 10:17:43,"Aave Just Turned Tokenized Apple, Nvidia and Tesla Stocks Into USDC Loan Collateral","Seven Coinbase tokenized stocks, including Apple, Nvidia and Tesla, can now be used as collateral to borrow USDC on Aave V4 on Base. The stocks ...",Yahoo,company
AAPL,2026-09-28 10:17:43,"Aave Just Turned Tokenized Apple, Nvidia and Tesla Stocks Into USDC Loan Collateral","Seven Coinbase tokenized stocks, including Apple, Nvidia and Tesla, can now be used as collateral to borrow USDC on Aave V4 on Base. The stocks ...",Yahoo,company
XOM,2026-09-28 10:19:45,"TD Cowen Maintains Buy on ExxonMobil Holdings, Raises Price Target to $180",TD Cowen  analyst Jason Gabelman   maintains ExxonMobil Holdings (NYSE:XOM) with a Buy and raises the price target from $168 to $180.,Benzinga,company
MSFT,2026-09-28 10:22:00,KIST Accelerates Global Expansion for Korean Quantum Deep-Tech Startups at Quantum World Congress 2026,"The Korea Institute of Science and Technology (KIST) has successfully led a delegation of South Korean quantum deep-tech startups at Quantum World Congress (QWC) 2026, establishing key international partnerships and expanding their footprint into the U.S. market.",Yahoo,company
MSFT,2026-09-28 10:25:07,Microsoft: Why The $3.8T Fortress Won't Deliver An AI Moonshot,"Microsoft Corporation rebounds to $516, but OpenAI deal risks limit AI upside and cloud overcapacity may hit margins. Click for more on MSFT.",SeekingAlpha,company
GOOGL,2026-09-28 10:27:13,Oracle Stock Slips as Google's Mandiant Flags New PeopleSoft Breach Wave,"Oracle shares fell after ShinyHunters renewed PeopleSoft attacks, hitting dozens of global organizations despite firewall defenses.",Benzinga,company
AAPL,2026-09-28 10:30:44,Apple and Amazon Face UK Consumer Lawsuit Over Marketplace Sales,"Apple (NASDAQ:AAPL) and Amazon (NASDAQ:AMZN) will face part of a UK consumer lawsuit alleging that restrictions on sellers of Apple products on Amazon’s UK marketplace reduced competition and increased prices. Britain’s Competition Appeal Tribunal on Monday allowed claims concerning Apple products purchased through Amazon’s marketplace to proceed, while rejecting broader claims covering products bought directly from Apple and other retailers.",Yahoo,company
AMZN,2026-09-28 10:30:44,Apple and Amazon Face UK Consumer Lawsuit Over Marketplace Sales,"Apple (NASDAQ:AAPL) and Amazon (NASDAQ:AMZN) will face part of a UK consumer lawsuit alleging that restrictions on sellers of Apple products on Amazon’s UK marketplace reduced competition and increased prices. Britain’s Competition Appeal Tribunal on Monday allowed claims concerning Apple products purchased through Amazon’s marketplace to proceed, while rejecting broader claims covering products bought directly from Apple and other retailers.",Yahoo,company
AMZN,2026-09-28 10:45:00,NIQ Expands Health & Beauty Measurement to Capture $56 Billion in Amazon Marketplace Sales,"CHICAGO, September 28, 2026--NielsenIQ (NYSE: NIQ), a global leader in consumer intelligence, today announced the launch of Amazon third-party marketplace (commonly known as Amazon 3P) measurement for all Health & Beauty Care categories. By integrating Amazon third-party data into NIQ’s established retail measurement and existing data sets, including Amazon first-party data (1P), the enhanced offering delivers an expanded view of category performance and consumer purchasing behavior across onlin",Yahoo,company
MSFT,2026-09-28 10:46:05,Nintendo: Why Even GTA 6 Can't Touch The House Of Mario,"Nintendo Co., Ltd. analysis: Switch 2 momentum, exclusive IP, high margins, and game pipeline support growth. Click for more on NTDOY stock prospects.",SeekingAlpha,company
META,2026-09-28 10:53:00,Meta Stock Drops Again. What Happened to Its Muse Boost?,The shares have jumped more than 30% in September but are on track for the first time back-to-back losses since mid-August.,Yahoo,company
MSFT,2026-09-28 10:54:51,"Nvidia Tops $5.4T, Outvalues Russell 2000: Michael Burry’s AI Warning Raises ETF Questions","Nvidia’s $5.4T market cap tops the Russell 2000 as Michael Burry questions AI’s future, raising fresh concerns over mega-cap concentration in ETFs.",Benzinga,company
GOOGL,2026-09-28 10:54:51,"Nvidia Tops $5.4T, Outvalues Russell 2000: Michael Burry’s AI Warning Raises ETF Questions","Nvidia’s $5.4T market cap tops the Russell 2000 as Michael Burry questions AI’s future, raising fresh concerns over mega-cap concentration in ETFs.",Benzinga,company
AAPL,2026-09-28 10:54:51,"Nvidia Tops $5.4T, Outvalues Russell 2000: Michael Burry’s AI Warning Raises ETF Questions","Nvidia’s $5.4T market cap tops the Russell 2000 as Michael Burry questions AI’s future, raising fresh concerns over mega-cap concentration in ETFs.",Benzinga,company
MSFT,2026-09-28 11:00:00,"Trust the customers, not the loudest online critics: Stagwell CEO","Stagwell CEO, former Microsoft Chief Strategy Officer, and White House pollster Mark Penn explains to Yahoo Finance Executive Editor Brian Sozzi why marketers need to distinguish broad consumer response from a small, vocal online niche before abandoning an effective campaign.",Yahoo,company
GOOGL,2026-09-28 11:00:40,$100 Invested In Alphabet 15 Years Ago Would Be Worth This Much Today,"Alphabet (NASDAQ:GOOGL) has outperformed the market over the past 15 years by 10.98% on an annualized basis producing an average annual return of 24.62%. Currently, Alphabet has a market capitalization of $4.17",Benzinga,company
GOOGL,2026-09-28 11:02:37,The economist who coined the phrase ‘Magnificent 7’ says the very thing that made them extraordinary is under threat,"""Let's not forget that the Mag7, the hyperscalers, whatever you want to call them, part of the reason to say they're magnificent is because they made magnificent amounts of cash and didn't spend any of it.""",Yahoo,company
MSFT,2026-09-28 11:02:37,The economist who coined the phrase ‘Magnificent 7’ says the very thing that made them extraordinary is under threat,"""Let's not forget that the Mag7, the hyperscalers, whatever you want to call them, part of the reason to say they're magnificent is because they made magnificent amounts of cash and didn't spend any of it.""",Yahoo,company
AAPL,2026-09-28 11:02:37,The economist who coined the phrase ‘Magnificent 7’ says the very thing that made them extraordinary is under threat,"""Let's not forget that the Mag7, the hyperscalers, whatever you want to call them, part of the reason to say they're magnificent is because they made magnificent amounts of cash and didn't spend any of it.""",Yahoo,company
AMZN,2026-09-28 11:02:37,The economist who coined the phrase ‘Magnificent 7’ says the very thing that made them extraordinary is under threat,"""Let's not forget that the Mag7, the hyperscalers, whatever you want to call them, part of the reason to say they're magnificent is because they made magnificent amounts of cash and didn't spend any of it.""",Yahoo,company
META,2026-09-28 11:05:58,8 Of 11 Sectors Fall In Monday Trading As Defensives Lead,"Three sectors are higher and eight are lower in Monday’s regular session, with defensive and cyclical sectors split across the top three positions. The leaders are separated rather than clustered.",Benzinga,company
PG,2026-09-28 11:05:58,8 Of 11 Sectors Fall In Monday Trading As Defensives Lead,"Three sectors are higher and eight are lower in Monday’s regular session, with defensive and cyclical sectors split across the top three positions. The leaders are separated rather than clustered.",Benzinga,company
XOM,2026-09-28 11:05:58,8 Of 11 Sectors Fall In Monday Trading As Defensives Lead,"Three sectors are higher and eight are lower in Monday’s regular session, with defensive and cyclical sectors split across the top three positions. The leaders are separated rather than clustered.",Benzinga,company
AMZN,2026-09-28 11:05:58,8 Of 11 Sectors Fall In Monday Trading As Defensives Lead,"Three sectors are higher and eight are lower in Monday’s regular session, with defensive and cyclical sectors split across the top three positions. The leaders are separated rather than clustered.",Benzinga,company
JNJ,2026-09-28 11:05:58,8 Of 11 Sectors Fall In Monday Trading As Defensives Lead,"Three sectors are higher and eight are lower in Monday’s regular session, with defensive and cyclical sectors split across the top three positions. The leaders are separated rather than clustered.",Benzinga,company
MSFT,2026-09-28 11:05:58,8 Of 11 Sectors Fall In Monday Trading As Defensives Lead,"Three sectors are higher and eight are lower in Monday’s regular session, with defensive and cyclical sectors split across the top three positions. The leaders are separated rather than clustered.",Benzinga,company
MSFT,2026-09-28 11:09:32,IREN’s Yearlong Downward Trend Continues: A Prominent Wall Street Firm Says It Will Double and Then Some,"IREN has shed 42% from its peak while rivals like TeraWulf and Cipher Mining kept their yearly gains, yet a prominent Wall Street analyst just slapped a $100 price target on the stock. Whether that gap signals a rare opportunity or a trap depends entirely on one make-or-break quarter.",Yahoo,company
GOOGL,2026-09-28 11:28:24,"Piper Sandler Reiterates Overweight on Alphabet, Raises Price Target to $400",Piper Sandler  analyst Thomas Champion   reiterates Alphabet (NASDAQ:GOOGL) with a Overweight and raises the price target from $395 to $400.,Benzinga,company
AAPL,2026-09-28 11:28:59,Nvidia's $150B Repurchase News: What To Do About Its Trillion-Dollar Problem,"Nvidia Corporation may top $1T cash by FY2031 despite higher capex; see growth, margins, EPS, buyback limits, and AI investment optionsâclick to read a NVDA update.",SeekingAlpha,company
PG,2026-09-28 11:30:35,Clorox: The 6% Yield & Bargain Valuation Can't Fix A Slow Recovery,,SeekingAlpha,company
MSFT,2026-09-28 11:36:42,"'An AI Operating System, Not a Chatbot': Oppenheimer Hails Microsoft's Enterprise Advantage",Microsoft Corp. (NASDAQ: MSFT) stock remains a primary focus for investors as the company converts Copilot into a full-scale workplace AI platform.,Benzinga,company
META,2026-09-28 11:36:43,Apollo's Sløk: Is an 'agentic bank run' coming?,Apollo chief economist Torsten Sløk is looking ahead to when AI agents such as Meta's Muse are empowered to make common-sense money moves.,Yahoo,company
META,2026-09-28 11:39:42,"Microsoft: At 5% Yields, It's A $4 Trillion AI Haven To Own","Microsoft Corporation stands out as the only FCF-positive Big 3 hyperscaler, benefiting from hybrid AI monetization & Azure demandâclick for key MSFT takeaways now.",SeekingAlpha,company
GOOGL,2026-09-28 11:39:42,"Microsoft: At 5% Yields, It's A $4 Trillion AI Haven To Own","Microsoft Corporation stands out as the only FCF-positive Big 3 hyperscaler, benefiting from hybrid AI monetization & Azure demandâclick for key MSFT takeaways now.",SeekingAlpha,company
MSFT,2026-09-28 11:39:42,"Microsoft: At 5% Yields, It's A $4 Trillion AI Haven To Own","Microsoft Corporation stands out as the only FCF-positive Big 3 hyperscaler, benefiting from hybrid AI monetization & Azure demandâclick for key MSFT takeaways now.",SeekingAlpha,company
AMZN,2026-09-28 11:39:42,"Microsoft: At 5% Yields, It's A $4 Trillion AI Haven To Own","Microsoft Corporation stands out as the only FCF-positive Big 3 hyperscaler, benefiting from hybrid AI monetization & Azure demandâclick for key MSFT takeaways now.",SeekingAlpha,company
MSFT,2026-09-28 11:42:25,"Citi Sees $11 Billion Optical Networking Boom Driven By Google, Nvidia","With investors anticipating the next-gen GPU platform for Nvidia stock, Citi forecasts an $11 billion optical switching market by 2030.",Yahoo,company
GOOGL,2026-09-28 11:42:25,"Citi Sees $11 Billion Optical Networking Boom Driven By Google, Nvidia","With investors anticipating the next-gen GPU platform for Nvidia stock, Citi forecasts an $11 billion optical switching market by 2030.",Yahoo,company
META,2026-09-28 11:47:03,These AI Stocks Took Off Or Tumbled In Q3. Here's Why.,"AI stocks show diverging fortunes in Q3, with software plays and Nvidia rebounding while Ciena, CoreWeave, Broadcom and Google lagged.",Yahoo,company
MSFT,2026-09-28 11:47:03,These AI Stocks Took Off Or Tumbled In Q3. Here's Why.,"AI stocks show diverging fortunes in Q3, with software plays and Nvidia rebounding while Ciena, CoreWeave, Broadcom and Google lagged.",Yahoo,company
GOOGL,2026-09-28 11:47:03,These AI Stocks Took Off Or Tumbled In Q3. Here's Why.,"AI stocks show diverging fortunes in Q3, with software plays and Nvidia rebounding while Ciena, CoreWeave, Broadcom and Google lagged.",Yahoo,company
META,2026-09-28 11:53:21,"Meta Makes Its Biggest Enterprise AI Push yet, Zuckerberg Wants Businesses Running on Its AI Stack","Meta launches Meta Enterprise Platform led by CJ Desai to bring its AI tech stack, Muse agent, and APIs to corporate clients.",Benzinga,company
GOOGL,2026-09-28 11:54:38,Citadel broadens quant hiring from AI research labs – report,Citadel is continuing to recruit university graduates while also approaching researchers at AI laboratories including Google DeepMind.,Yahoo,company
PG,2026-09-28 12:00:00,PK CONSUMER HEALTH NAMES NEIL LISTER CEO,"PK Consumer Health (""PK""), a European consumer health group comprising Lucovitaal, Puhdistamo and HealthAid, and backed by Avista Healthcare Partners, has appointed Neil Lister as Chief Executive Officer.",Yahoo,company
PG,2026-09-28 12:00:47,Clorox Just Raised Its Dividend Again. Can Earnings Keep Up?,"Clorox has raised its dividend for decades, but a cratering stock price, a payout ratio management calls elevated, and a debt load that ballooned after two major deals raise a pointed question about whether that streak survives fiscal 2027.",Yahoo,company
AAPL,2026-09-28 12:04:22,Jefferies sees signs of softer iPhone 18 demand,"Investing.com -- Resale prices for Apple’s latest high-end iPhones in Hong Kong are weaker than those of last year’s models, suggesting softer demand for the devices, Jefferies analysts said in a note dated Monday.",Yahoo,company
AMZN,2026-09-28 12:11:00,Walmart CEO Assures Shoppers AI Won’t Lead to Surge Pricing,CEO John Furner says the retailer won’t use artificial intelligence or personalized data to set individual pricing.,Yahoo,company
META,2026-09-28 12:11:00,Walmart CEO Assures Shoppers AI Won’t Lead to Surge Pricing,CEO John Furner says the retailer won’t use artificial intelligence or personalized data to set individual pricing.,Yahoo,company
AMZN,2026-09-28 12:11:48,ACI Worldwide and Cognizant Complete BASE24-eps Performance Testing on AWS,"ACI Worldwide (NASDAQ:ACIW) and Cognizant (NASDAQ:CTSH) announced results from joint performance testing of BASE24-eps, ACI’s card acquiring and issuing software component, deployed on Amazon Web Services. According to ACI Worldwide, the system sustained more than twice the target transaction load for 30 minutes without recording a failed transaction.",Yahoo,company
GOOGL,2026-09-28 12:12:00,Mona Raises $3.5M to Expand Its AI Platform for Small Business Capital Access and Financial Coaching,"SAN FRANCISCO, September 28, 2026--Mona raises $3.5M led by Sheryl Sandberg's venture fund SBVP with participation from Alumni Ventures, Wisdom Ventures, angels including Eric Schmidt",Yahoo,company
MSFT,2026-09-28 12:12:00,"Take the Zacks Approach to Beat the Markets: Bloom Energy, Microsoft & Amgen in Focus","Microsoft, Bloom Energy and Amgen highlight Zacks' latest market moves, with strong gains across Focus List, recommendation and dividend portfolios.",Yahoo,company
MSFT,2026-09-28 12:17:00,Darwinbox Among the Top Two HCM Vendors Globally for Applied AI in the 2026 Gartner® Critical Capabilities,"NEW YORK & SINGAPORE, September 28, 2026--Darwinbox today announced that it ranks among the top two HCM vendors globally for Applied AI in the 2026 Gartner® Critical Capabilities.",Yahoo,company
META,2026-09-28 12:19:14,What's Going On With Alphabet Stock Today?,Alphabet Inc (NASDAQ:GOOG) shares are slipping Monday. A new research paper from AI industry leaders calls for greater regulatory oversight of AI research automation. Here&#39;s what you should know.,Benzinga,company
AAPL,2026-09-28 12:19:44,"Update: Apple, Amazon Face Renewed UK Consumer Lawsuit",(Updates with Amazon's response in the fourth and fifth paragraphs) Apple (AAPL) and Amazon (AMZN,Yahoo,company
AMZN,2026-09-28 12:19:44,"Update: Apple, Amazon Face Renewed UK Consumer Lawsuit",(Updates with Amazon's response in the fourth and fifth paragraphs) Apple (AAPL) and Amazon (AMZN,Yahoo,company
META,2026-09-28 12:20:00,"September Changed The Market Narrative, And Hopefully Taught Apple A Big Lesson","As the tech trade peaked earlier this year, the equal-weighted S&P 500 and IWM moved higher, while SMH moved lower. With ample warning, the RSP and IWM peaked in Aug and broke down in Sept.",SeekingAlpha,company
AAPL,2026-09-28 12:20:00,"September Changed The Market Narrative, And Hopefully Taught Apple A Big Lesson","As the tech trade peaked earlier this year, the equal-weighted S&P 500 and IWM moved higher, while SMH moved lower. With ample warning, the RSP and IWM peaked in Aug and broke down in Sept.",SeekingAlpha,company
MSFT,2026-09-28 12:20:00,"September Changed The Market Narrative, And Hopefully Taught Apple A Big Lesson","As the tech trade peaked earlier this year, the equal-weighted S&P 500 and IWM moved higher, while SMH moved lower. With ample warning, the RSP and IWM peaked in Aug and broke down in Sept.",SeekingAlpha,company
META,2026-09-28 12:21:00,Meta Stock Drops Again. Is Its Muse Boost Already Fading?,The shares have jumped more than 30% in September but are on track for the first time back-to-back losses since mid-August.,Yahoo,company
AAPL,2026-09-28 12:21:26,"Apple, Amazon Face UK Regulator Lawsuit Against Alleged Unlawful Anticompetitive Agreements",https://www.catribunal.org.uk/judgments/17597725-jlp-aa-class-representative-limited-v-apple-inc-and-others-judgment-cpo-28-sep,Benzinga,company
AMZN,2026-09-28 12:21:26,"Apple, Amazon Face UK Regulator Lawsuit Against Alleged Unlawful Anticompetitive Agreements",https://www.catribunal.org.uk/judgments/17597725-jlp-aa-class-representative-limited-v-apple-inc-and-others-judgment-cpo-28-sep,Benzinga,company
AAPL,2026-09-28 12:22:30,Apple and Nvidia Just Delivered a Major Boost for TSMC Chip Business,TSMC Stock Gets a Fresh AI Catalyst as 2nm Orders Surge,Yahoo,company
AAPL,2026-09-28 12:26:20,Nvidia adds record $150 billion to stock buyback push,"A new authorization raises Nvidia's total remaining share repurchase program to $235 billion, to be executed through fiscal year 2028",Yahoo,company
AAPL,2026-09-28 12:27:00,"Apple Is the Best-Performing ""Magnificent Seven"" Stock This Year. But It Has Still Lagged This Unassuming Dividend Stock (That Remains a Top Buy Now).","Apple is beating the market this year, but a stock beating Apple's return has a higher yield than the seven ""Magnificent Seven"" stocks combined.",Yahoo,company
MSFT,2026-09-28 12:28:11,Amazon’s AI Capex Is Paying Off and I’m Buying,"Amazon is spending at a scale that makes most investors nervous, but the cash flow charts tell a story that has me adding to my position every quarter. Here is why I see a toll road being built while others see a money pit.",Yahoo,company
AMZN,2026-09-28 12:28:11,Amazon’s AI Capex Is Paying Off and I’m Buying,"Amazon is spending at a scale that makes most investors nervous, but the cash flow charts tell a story that has me adding to my position every quarter. Here is why I see a toll road being built while others see a money pit.",Yahoo,company
GOOGL,2026-09-28 12:28:11,Amazon’s AI Capex Is Paying Off and I’m Buying,"Amazon is spending at a scale that makes most investors nervous, but the cash flow charts tell a story that has me adding to my position every quarter. Here is why I see a toll road being built while others see a money pit.",Yahoo,company
GOOGL,2026-09-28 12:30:00,"The AI Conference Unveils Full Agenda, Bringing Applied Insights From the AI Builders at Anthropic, NVIDIA, OpenAI, and More","SAN FRANCISCO, September 28, 2026--The AI Conference, the leading conference for applied AI, has announced a full agenda of sessions with AI builders from Anthropic, crewAI, Google, Modular, NVIDIA, Ollama, OpenAI, Warp, and more that address both the business and technical perspectives of building AI systems and the constraints of deploying them at scale. The event program fosters a lively interdisciplinary dialogue the industry needs to move AI from vision into production.",Yahoo,company
META,2026-09-28 12:30:00,MongoDB Announces CEO Transition,"MongoDB, Inc. (NASDAQ: MDB) today announced that Chirantan ""CJ"" Desai has stepped down as President and CEO of MongoDB, effective immediately. Desai is leaving to pursue a senior role at Meta Platforms, Inc.",Yahoo,company
XOM,2026-09-28 12:30:29,ExxonMobil (NYSE:XOM) Nears Breakout as Technical Strength and Setup Quality Align,"XOM scores 8/10 on ChartMill’s trend and setup ratings, forming a controlled breakout base with clear support and resistance levels.",ChartMill,company
AMZN,2026-09-28 12:30:59,"The $600 Billion AI Opportunity Behind Oracle, We See 51% Upside","Oracle just posted its strongest quarter in years, yet the stock sits near a 52-week low while a $664 billion backlog quietly builds pressure. Something has to give, and the direction it breaks could mean everything for investors watching from the sidelines.",Yahoo,company
MSFT,2026-09-28 12:30:59,"The $600 Billion AI Opportunity Behind Oracle, We See 51% Upside","Oracle just posted its strongest quarter in years, yet the stock sits near a 52-week low while a $664 billion backlog quietly builds pressure. Something has to give, and the direction it breaks could mean everything for investors watching from the sidelines.",Yahoo,company
META,2026-09-28 12:35:01,These S&P500 stocks that are showing activity before the opening bell on Monday.,Wondering what's happening in today's pre-market session? Stay tuned for the latest updates on S&P500 stock movements.,ChartMill,company
MSFT,2026-09-28 12:35:48,Jensen Huang Says Runaway AI Is an Engineering Problem: ‘We All Need to Hope’,"Jensen Huang says runaway AI must be an engineering problem because otherwise, he argues, it may not be solvable.",Benzinga,company
META,2026-09-28 12:36:14,AI’s hidden $3tn bill could wreck the world economy,"In Adam McKay’s 2015 Oscar-winning film The Big Short, Christian Bale portrays Michael Burry, the offbeat hedge-fund manager who first spots cracks in the US subprime mortgage bubble.",Yahoo,company
GOOGL,2026-09-28 12:36:14,AI’s hidden $3tn bill could wreck the world economy,"In Adam McKay’s 2015 Oscar-winning film The Big Short, Christian Bale portrays Michael Burry, the offbeat hedge-fund manager who first spots cracks in the US subprime mortgage bubble.",Yahoo,company
MSFT,2026-09-28 12:36:14,AI’s hidden $3tn bill could wreck the world economy,"In Adam McKay’s 2015 Oscar-winning film The Big Short, Christian Bale portrays Michael Burry, the offbeat hedge-fund manager who first spots cracks in the US subprime mortgage bubble.",Yahoo,company
AAPL,2026-09-28 12:36:14,AI’s hidden $3tn bill could wreck the world economy,"In Adam McKay’s 2015 Oscar-winning film The Big Short, Christian Bale portrays Michael Burry, the offbeat hedge-fund manager who first spots cracks in the US subprime mortgage bubble.",Yahoo,company
MSFT,2026-09-28 12:37:01,Microsoft Rolls Out Refreshed Copilot App as Stock Lags Megacap Peers,Key Stats for Microsoft StockPrice change for Microsoft stock in last 6 months: 41%$MSFT Stock Price as of Sep. 25: $51652-Week High: $554$MSFT Stock Price Target: $577What Happened?Microsoft (MSFT) launched an updated Copilot app on Friday.,Yahoo,company
AAPL,2026-09-28 12:37:03,What Is Going on With Qualcomm Stock on Monday?,"Qualcomm stock drops premarket following profit-taking, but ongoing updates to the Snapdragon 8 Elite Gen 6 and an Apple patent renewal highlight long-term AI smartphone strength.",Benzinga,company
AAPL,2026-09-28 12:39:00,Nvidia Stock Rises on $150 Billion Buyback Plan. It’ll Soothe Fears Over Its AI Investments.,"Nvidia’s board approved a $150 billion increase to its share-repurchase program, bringing the total buyback authorization to $235 billion.",Yahoo,company
META,2026-09-28 12:40:00,OpenAI Pauses Training of AI Models. Why Trump Still Holds the Key.,OpenAI announcing a pause to training its most capable models is bad news for the AI trade but President Donald Trump can ride to the rescue.,Yahoo,company
AAPL,2026-09-28 12:41:34,Federal Jury Orders Apple to Pay $5.7 Billion Over Haptics Patent Infringement Case,Key Stats for Apple StockPrice change for Apple stock in last 6 months: 38%$AAPL Stock Price as of Sep. 25: $34152-Week High: $345$AAPL Stock Price Target: $328What Happened?A federal jury in San Diego ordered Apple (AAPL) to pay Taction Technology more than $5.,Yahoo,company
GOOGL,2026-09-28 12:41:54,Musk: Space Will “Round up to 100%” of Compute as Google Reveals Imminent Orbital Data Center Launch,"SpaceX (SPCX) is about to carry a very interesting payload into orbit: AI chips from one of its biggest rivals. According to a widely shared post on X, Alphabet (GOOG) is launching Google’s TPUs (the custom chips it builds to run AI) this week on a SpaceX Falcon 9 to test AI data centers in orbit.",Yahoo,company
JPM,2026-09-28 12:43:09,"20 Years on Wall Street, 1 Core Strategy: How I Play Rising Rates","A former Wall Street insider who survived Bear Stearns and Lehman Brothers knows which financial giants quietly reward patient investors when interest rates climb, and five of them are hiding in plain sight right now.",Yahoo,company
GOOGL,2026-09-28 12:44:44,Lowe’s test drives drone delivery,Lowe’s is testing drones to speed up its game in same-day delivery. The post Lowe’s test drives drone delivery appeared first on FreightWaves.,Yahoo,company
META,2026-09-28 12:51:00,MongoDB Stock Sinks 16% as CEO Steps Down to ‘Pursue’ Role at Meta,"FEATURE  Shares of MongoDB tumbled Monday after the database company said its president and CEO has stepped down, effective immediately. MongoDB stock fell 16% to $346.50 in premarket trading on Monday after ending Friday down 2.",Yahoo,company
MSFT,2026-09-28 12:52:53,"ChronoScale: 50MW Microsoft Win Is A Start, But More Capacity May Be Needed","ChronoScale Holdings Corporation: neocloud GPU-as-a-Service growth with Microsoft/Nutanix, but high valuation, dilution risk & competition. Click for a CHRN update.",SeekingAlpha,company
AMZN,2026-09-28 12:54:00,Forget Inflation: Funflation Is Here and These ETFs Are Riding on It,"ETFs like AWAY are riding on ""funflation"" as consumers keep spending on hobbies, travel, music and leisure despite higher prices.",Yahoo,company
MSFT,2026-09-28 12:54:34,"OpenAI, Anthropic CEOs Asked to Appear at Australian AI Inquiry",(Updates with attribution to multiple news outlets in the first paragraph and response from OpenAI i,Yahoo,company
GOOGL,2026-09-28 12:54:34,"OpenAI, Anthropic CEOs Asked to Appear at Australian AI Inquiry",(Updates with attribution to multiple news outlets in the first paragraph and response from OpenAI i,Yahoo,company
AMZN,2026-09-28 12:54:34,"OpenAI, Anthropic CEOs Asked to Appear at Australian AI Inquiry",(Updates with attribution to multiple news outlets in the first paragraph and response from OpenAI i,Yahoo,company
AAPL,2026-09-28 12:55:00,Apple hit with $5.7 billion jury verdict over haptic patents,"A San Diego federal jury found Apple's Taptic Engine infringed two Taction patents, though it did not find the infringement willful",Yahoo,company
META,2026-09-28 12:56:05,Meta Stock Pulls Back After Muse-Fueled Rally. What Investors Are Watching Next.,Meta stock is down for a second day after a sharp 30% rally that followed the launch of its Muse AI app.,Yahoo,company
AMZN,2026-09-28 13:00:00,Veho Names Ronak Patel Senior Vice President of Supply Chain,"Veho today announced the appointment of Ronak Patel as Senior Vice President of Supply Chain. Patel will lead Veho's supply chain organization, including network design and optimization, sortation operations, transportation and linehaul.",Yahoo,company
PG,2026-09-28 13:00:00,"Pantene and Certified Trichologist Abbey Yung Unveil Cream to Mist, Their First Co-Created Product","CINCINNATI, September 28, 2026--Pantene, the number one most awarded hair-care brand*, introduces the launch of Pantene Cream to Mist, its first co-created product with Abbey Yung, certified trichologist and viral hair advocate.",Yahoo,company
META,2026-09-28 13:00:00,"Nvidia, Meta, SpaceX, Kodiak Sciences, MongoDB, Boeing, and More Stocks That Explain Today’s Market","Stock futures fell Monday after talks between the U.S. and Iran failed to reach a peace deal, driving oil prices up and pushing bond yields to a 19-year high.  The chip maker said Monday it would launch the largest-ever U.S. stock buyback of $150 billion, bringing the total buyback authorization to $235 billion.  Chip manufacturer  Intel  declined 2.3% and memory-card maker  Sandisk  fell 2.8% ahead of the opening bell.",Yahoo,company
XOM,2026-09-28 13:00:00,"Nvidia, Meta, SpaceX, Kodiak Sciences, MongoDB, Boeing, and More Stocks That Explain Today’s Market","Stock futures fell Monday after talks between the U.S. and Iran failed to reach a peace deal, driving oil prices up and pushing bond yields to a 19-year high.  The chip maker said Monday it would launch the largest-ever U.S. stock buyback of $150 billion, bringing the total buyback authorization to $235 billion.  Chip manufacturer  Intel  declined 2.3% and memory-card maker  Sandisk  fell 2.8% ahead of the opening bell.",Yahoo,company
JNJ,2026-09-28 13:02:00,Is AstraZeneca's Oncology Portfolio Positioned for Continued Growth?,"AZN's oncology sales rise 15% in H1 2026 as newer drugs, label expansions and a deep pipeline support continued franchise growth.",Yahoo,company
AMZN,2026-09-28 13:03:00,365 Retail Markets and Evergreen Refreshments Bring Just Walk Out Technology by Amazon to Lake Washington Institute of Technology,"365 Retail Markets, a member of Amazon's Just Walk Out Certified Partner Network, today announced the opening of a new checkout-free store for Evergreen Refreshments, the Pacific Northwest's longest-serving breakroom service provider, in the cafeteria at Lake Washington Institute of Technology. The store brings Amazon's Just Walk Out technology together with the 365 platform Evergreen Refreshments already uses to run its campus locations.",Yahoo,company
META,2026-09-28 13:09:00,MongoDB stock drops 15% as CEO Desai resigns for Meta,"Investing.com -- Wall Street got a massive shock on Monday as MongoDB shares plunged 15% following the abrupt resignation of President and CEO Chirantan ""CJ"" Desai. Effective immediately, Desai is leaving the database giant to spearhead a massive new AI initiative at Meta Platforms.",Yahoo,company
META,2026-09-28 13:09:33,Marvell vs. Broadcom: Which Custom AI Chip Stock Has More Room to Run?,"Broadcom (NASDAQ:AVGO) and Marvell (NASDAQ:MRVL) both help hyperscalers design specialized AI accelerators. Both are seen as major custom AI chip plays. But their stock prices tell a different story. Marvell shares have gained about 193% this year, while Broadcom has barely moved, with a year-to-date gain of roughly 2%. Don’t Miss: NVIDIA (NVDA) vs. Broadcom […]",Yahoo,company
GOOGL,2026-09-28 13:09:33,Marvell vs. Broadcom: Which Custom AI Chip Stock Has More Room to Run?,"Broadcom (NASDAQ:AVGO) and Marvell (NASDAQ:MRVL) both help hyperscalers design specialized AI accelerators. Both are seen as major custom AI chip plays. But their stock prices tell a different story. Marvell shares have gained about 193% this year, while Broadcom has barely moved, with a year-to-date gain of roughly 2%. Don’t Miss: NVIDIA (NVDA) vs. Broadcom […]",Yahoo,company
XOM,2026-09-28 13:10:00,Analyst Rating Boosts May Signal More Upside for These 3 Stocks,"StubHub, Targa Resources, and Equinor recently received analyst upgrades tied to improving fundamentals, EBITDA growth, long-term contracts, and strategic positioning in energy and ticketing markets.",Yahoo,company
META,2026-09-28 13:14:52,Meta Poaches MongoDB CEO “Effective Immediately” – Stock Sinks 24%,"Key TakeawaysMongoDB shares fell about 24% premarket after CEO CJ Desai resigned, effective immediately, to take a senior role at Meta Platforms. The exit says more about how hard Meta is pushing to win in AI than about any problem at MongoDB.",Yahoo,company
META,2026-09-28 13:20:48,MongoDB stock tanks after Meta poaches CEO,"MongoDB shares are falling after Meta hired MongoDB CEO Chirantan ""CJ"" Desai to lead the new Meta Enterprise Platform.",Yahoo,company
AMZN,2026-09-28 13:24:21,"Senate Democrats question Big Tech on AI tax breaks in ""one big beautiful bill""",Sen. Elizabeth Warren led letters to the four companies' CEOs demanding details on tax deductions tied to AI and data center spending,Yahoo,company
META,2026-09-28 13:24:21,"Senate Democrats question Big Tech on AI tax breaks in ""one big beautiful bill""",Sen. Elizabeth Warren led letters to the four companies' CEOs demanding details on tax deductions tied to AI and data center spending,Yahoo,company
MSFT,2026-09-28 13:24:21,"Senate Democrats question Big Tech on AI tax breaks in ""one big beautiful bill""",Sen. Elizabeth Warren led letters to the four companies' CEOs demanding details on tax deductions tied to AI and data center spending,Yahoo,company
GOOGL,2026-09-28 13:24:21,"Senate Democrats question Big Tech on AI tax breaks in ""one big beautiful bill""",Sen. Elizabeth Warren led letters to the four companies' CEOs demanding details on tax deductions tied to AI and data center spending,Yahoo,company
AMZN,2026-09-28 13:29:53,I’m Buying Microsoft Exec’s Tactical Assertion That He Supports an AI Killswitch,"When Microsoft's president called for an AI killswitch at the UN, most investors shrugged. The financials behind that statement tell a very different story about who benefits most from writing the rules of AI safety.",Yahoo,company
MSFT,2026-09-28 13:29:53,I’m Buying Microsoft Exec’s Tactical Assertion That He Supports an AI Killswitch,"When Microsoft's president called for an AI killswitch at the UN, most investors shrugged. The financials behind that statement tell a very different story about who benefits most from writing the rules of AI safety.",Yahoo,company
GOOGL,2026-09-28 13:29:53,I’m Buying Microsoft Exec’s Tactical Assertion That He Supports an AI Killswitch,"When Microsoft's president called for an AI killswitch at the UN, most investors shrugged. The financials behind that statement tell a very different story about who benefits most from writing the rules of AI safety.",Yahoo,company
MSFT,2026-09-28 13:30:00,Konica Minolta Earns Leader Designation in Quocirca Print Security Landscape 2026,"Latest assessment highlights Konica Minolta's ongoing commitment to helping organizations strengthen their security postureRAMSEY, NJ / ACCESS Newswire / September 28, 2026 / (Konica Minolta) today announced it has been recognized as a Leader in the Quocirca Print Security Landscape 2026 report.""Organizations are facing an increasingly complex security landscape as print devices become more connected, distributed and integrated into broader IT environments,"" said Chris Bilello, Vice President, P",Yahoo,company
META,2026-09-28 13:30:41,Meta Is Coming for Europe’s Bond Market: AI Debt Is Going Global,Meta is preparing its first European bond issue as hyperscalers increasingly tap global credit markets to fund the AI infrastructure boom.,Benzinga,company
AMZN,2026-09-28 13:30:41,Meta Is Coming for Europe’s Bond Market: AI Debt Is Going Global,Meta is preparing its first European bond issue as hyperscalers increasingly tap global credit markets to fund the AI infrastructure boom.,Benzinga,company
MSFT,2026-09-28 13:30:41,Meta Is Coming for Europe’s Bond Market: AI Debt Is Going Global,Meta is preparing its first European bond issue as hyperscalers increasingly tap global credit markets to fund the AI infrastructure boom.,Benzinga,company
GOOGL,2026-09-28 13:30:41,Meta Is Coming for Europe’s Bond Market: AI Debt Is Going Global,Meta is preparing its first European bond issue as hyperscalers increasingly tap global credit markets to fund the AI infrastructure boom.,Benzinga,company
AAPL,2026-09-28 13:30:44,Qualcomm Just Locked In Apple. Our Target Sits Above Wall Street’s,"Qualcomm just sealed a renewed patent deal with Apple, and the market moved fast. Whether this resets the ceiling for QCOM shares or simply buys time before a bigger reckoning depends on what replaces billions in revenue that could vanish by fiscal 2027.",Yahoo,company
AMZN,2026-09-28 13:30:53,What Is Going on With Amazon Stock on Monday?,Amazon stock pulls back amid macro pressures as Bank of America eyes delivery network expansion and ARK Invest analyzes the e-commerce giant&#39;s AI agent strategy.,Benzinga,company
AMZN,2026-09-28 13:33:00,5 store concepts that launched in 2026,"From Target’s revamped beauty space to Michaels’ new experiential store format, retailers have been busy this year refreshing their physical footprints.",Yahoo,company
META,2026-09-28 13:33:23,CEO Predicts: “Demand Will Continue to Rise” as AMD and Intel Soar up to 17% Thanks to Muse,Key Takeaways: The rally rests on an agent-CPU thesis. Meta’s Muse AI agent has traders betting on much higher server CPU demand.,Yahoo,company
META,2026-09-28 13:33:26,3 tech stock charts you probably won't believe,Truist chief market strategist Keith Lerner served up a few tech charts that will get you thinking.,Yahoo,company
MSFT,2026-09-28 13:35:08,9 Information Technology Stocks With Whale Alerts In Today’s Session,"This whale alert can help traders discover the next big trading opportunities.
Whales are entities with large sums of money and we track their transactions here at Benzinga on our options activity scanner.
Traders will",Benzinga,company
GOOGL,2026-09-28 13:35:09,4 Communication Services Stocks With Whale Alerts In Today’s Session,"This whale alert can help traders discover the next big trading opportunities.
Whales are entities with large sums of money and we track their transactions here at Benzinga on our options activity scanner.
Traders will",Benzinga,company
GOOGL,2026-09-28 13:36:04,"'Zuckerberg, Amodei to attend AI White House meeting' - Politico",https://www.politico.com/news/2026/09/28/zuckerberg-amodei-to-attend-ai-white-house-meeting-01095324,Benzinga,company
META,2026-09-28 13:36:04,"'Zuckerberg, Amodei to attend AI White House meeting' - Politico",https://www.politico.com/news/2026/09/28/zuckerberg-amodei-to-attend-ai-white-house-meeting-01095324,Benzinga,company
AMZN,2026-09-28 13:36:04,"'Zuckerberg, Amodei to attend AI White House meeting' - Politico",https://www.politico.com/news/2026/09/28/zuckerberg-amodei-to-attend-ai-white-house-meeting-01095324,Benzinga,company
AMZN,2026-09-28 13:36:39,AI’s $1 Trillion Funding Problem Is Moving From Stocks to Bonds,"AI capex is pushing hyperscalers deeper into debt markets, creating a new financing cycle investors can no longer ignore.",Benzinga,company
GOOGL,2026-09-28 13:36:39,AI’s $1 Trillion Funding Problem Is Moving From Stocks to Bonds,"AI capex is pushing hyperscalers deeper into debt markets, creating a new financing cycle investors can no longer ignore.",Benzinga,company
META,2026-09-28 13:36:39,AI’s $1 Trillion Funding Problem Is Moving From Stocks to Bonds,"AI capex is pushing hyperscalers deeper into debt markets, creating a new financing cycle investors can no longer ignore.",Benzinga,company
MSFT,2026-09-28 13:36:39,AI’s $1 Trillion Funding Problem Is Moving From Stocks to Bonds,"AI capex is pushing hyperscalers deeper into debt markets, creating a new financing cycle investors can no longer ignore.",Benzinga,company
AAPL,2026-09-28 13:40:30,Nvidia to hand investors record $150bn after AI profit boom,Nvidia has revealed plans to hand investors $150bn (£113bn) in the biggest share buyback in history.,Yahoo,company
AAPL,2026-09-28 13:43:49,Nvidia stock jumps after largest share buyback ever,Nvidia stock popped in early trading after the AI hardware giant announced the largest share buyback in history on Monday morning and a new platform for AI safety guardrails.,Yahoo,company
META,2026-09-28 13:45:00,"Man says Meta's AI agent Muse shared his address, took a lowball offer and told a buyer he was home — nobody came down","'Absolutely wild,' Matt Robb wrote in a Threads post after letting Muse handle his marketplace listings for the day.",Yahoo,company
META,2026-09-28 13:45:06,"Stocks slip as bond yields rise, but Nvidia stock is rising: AlphaCheck","Stocks fell on Monday as long-dated bond yields continued to climb amid surging oil prices, raising concerns that the Federal Reserve will need to hike rates at its policy meeting next week.",Yahoo,company
META,2026-09-28 13:48:24,AMD Valuation: AI Investment Supercycle And More Present Compelling Upside Potential,"Advanced Micro Devices, Inc. stock is a 12âmonth Buy as agentic AI demand and the Helios launch fuel FCF growth and targets. Click for more on AMD stock.",SeekingAlpha,company
AAPL,2026-09-28 13:51:00,Nvidia Tops Apple With the Largest Stock Buyback in U.S. History,"Nvidia’s board approved a $150 billion increase to its share-repurchase program, bringing the total buyback authorization to $235 billion.",Yahoo,company
JPM,2026-09-28 13:54:00,JP Morgan says tech sell-off has run its course in many areas,"JP Morgan believes the three-month stall in technology shares has gone far enough, and that investors should start buying back into the sector. Mislav Matejka, the bank's head of equity strategy, said the broad tech and artificial intelligence (AI) trade had gone nowhere from June until last...",Yahoo,company
GOOGL,2026-09-28 13:58:43,Piper Sandler sees Google TPU sales hitting $104BN by 2028,"Investing.com -- Piper Sandler analyst Thomas Champion is projecting Google’s newly disclosed external chip business will generate $104 billion in TPU hardware revenue by 2028, a forecast that the firm says the broader Street has yet to price in. Despite the bullish outlook, shares of Alphabet (NASDAQ: GOOGL) were down 0.7% premarket at $341.60 amid broader weakness in tech.",Yahoo,company
AAPL,2026-09-28 14:00:49,"Could $1,000 in Apple Become $2,000 by 2031?","Apple shares have surged over 33% in the past year, but the real question is whether that momentum carries far enough to turn a modest stake into something worth celebrating six years from now. The answer depends on which of three very different futures plays out.",Yahoo,company
MSFT,2026-09-28 14:04:49,Meta hires MongoDB CEO to run new 'Meta Enterprise' platform,"The 8:30 Hosts Julie Hyman, Jake Conley, and Pras Subramanian discuss what we know so far about Meta's (META) new enterprise unit, which MongoDB (MDB) CEO Dev Ittycheria will be running.",Yahoo,company
META,2026-09-28 14:04:54,The Anti-Nvidia Trade,"Bearish on Nvidia Corporation: AI security risks, China competition, and Q4 pullback catalysts may hit shares. Click for this look at top alternatives to NVDA.",SeekingAlpha,company
PG,2026-09-28 14:06:01,Capri-Sun CEO leaves soft-drinks group,Capri-Sun declined to comment on the reasons for Weening's departure.,Yahoo,company
GOOGL,2026-09-28 14:07:00,Can IBM's Swift Integration Shape the Future of Digital Banking?,International Business Machines Corporation expands digital banking infrastructure with an on-premises beta linking Digital Asset Haven clients to Swift's blockchain-based shared ledger.,Yahoo,company
MSFT,2026-09-28 14:07:00,Can IBM's Swift Integration Shape the Future of Digital Banking?,International Business Machines Corporation expands digital banking infrastructure with an on-premises beta linking Digital Asset Haven clients to Swift's blockchain-based shared ledger.,Yahoo,company
AMZN,2026-09-28 14:10:01,"Anthropic Rolls Out Claude Sonnet 5.5; Priced At $2 Per Million Input Tokens, $10 Per Million Output Tokens",https://www.anthropic.com/claude-sonnet-5-5,Benzinga,company
GOOGL,2026-09-28 14:10:01,"Anthropic Rolls Out Claude Sonnet 5.5; Priced At $2 Per Million Input Tokens, $10 Per Million Output Tokens",https://www.anthropic.com/claude-sonnet-5-5,Benzinga,company
META,2026-09-28 14:13:00,Wall Street Lunch: MongoDB Tumbles As CEO CJ Desai Joins Meta To Lead Enterprise Push,MongoDB (MDB) shares are plunging more than 15% after CEO CJ Desai stepped down to lead Meta Platforms' (META) new enterprise platform.,SeekingAlpha,company
XOM,2026-09-28 14:14:23,Trump Offers Iran Sanctions Relief for Nuclear Progress as Traders Raise Deal Odds,Trump is open to sanctions relief for Iranian nuclear progress as prediction-market odds of a year-end deal rise to 15%.,Benzinga,company
META,2026-09-28 14:15:10,Meta Hires MongoDB CEO For Enterprise Push. MongoDB Stock Tumbles On 'Shocker' News.,"MongoDB stock tumbled Monday on news that Chief Executive Chirantan ""CJ"" Desai is stepping down after less than a year in the role.  The database software company's leader is departing for a senior role at Meta Platforms, MongoDB announced.  Desai will lead Meta's efforts to sell its AI products to businesses, Meta Chief Executive Mark Zuckerberg said Monday.",Yahoo,company
XOM,2026-09-28 14:16:39,"Strong Refining Will Drive Chevron, ExxonMobil Q3 Results: Analyst","TD Cowen raises Chevron’s price target to $215 and ExxonMobil’s to $180, while expecting both energy companies to beat third-quarter estimates.",Benzinga,company
AAPL,2026-09-28 14:17:49,Apple at $341: Above Consensus But Still It May Be Re-Rating Bound Due to Its Balance Sheet,"Apple keeps climbing past what analysts expect, yet its consensus target now sits below the current price, and a $63 billion net cash cushion may be forcing the entire valuation conversation to start over.",Yahoo,company
AMZN,2026-09-28 14:18:00,AI Investment Accelerates: Top Stocks to Buy Right Now,"Here, we have picked three AI stocks, NVDA, ALAB and DELL, which are well-poised to benefit from AI's growing use and ability to solve complex problems.",Yahoo,company
META,2026-09-28 14:18:00,AI Investment Accelerates: Top Stocks to Buy Right Now,"Here, we have picked three AI stocks, NVDA, ALAB and DELL, which are well-poised to benefit from AI's growing use and ability to solve complex problems.",Yahoo,company
MSFT,2026-09-28 14:18:00,AI Investment Accelerates: Top Stocks to Buy Right Now,"Here, we have picked three AI stocks, NVDA, ALAB and DELL, which are well-poised to benefit from AI's growing use and ability to solve complex problems.",Yahoo,company
MSFT,2026-09-28 14:21:19,OpenAI President Greg Brockman Will Be Going To The White House AI Meeting,- Reuters,Benzinga,company
META,2026-09-28 14:22:00,"MongoDB Stock Sinks 20% as CEO Departs for Meta. ‘Real Shocker,’ Says Analyst.","MongoDB stock fell 20% to $327.62 on Monday and was on pace for its largest daily percentage decline since March 3, according to Dow Jones Market Data.  Meta  stock, meanwhile, fell 4% to $721.40.  The company said that Chirantan Desai has stepped down as president and CEO effective immediately to “pursue a senior role” at  Meta Platforms  The Facebook parent said separately Monday that Desai will join Meta as chief enterprise platform officer.",Yahoo,company
JPM,2026-09-28 14:23:50,Capital Markets Assessment and IPO Readiness: 2nd LA CorpGov Forum,"CorpGov hosted the second LA CorpGov Forum on Sept. 18, 2026, at The Huntington Library in San Marino, California. This event brought together members of the financial community from both LA and beyond in panels focused on the finance of entertainment and media, sports, along with capital markets and shareholder activism. Panel: Capital Markets Assessment […] The post Capital Markets Assessment and IPO Readiness: 2nd LA CorpGov Forum appeared first on CorpGov.",Yahoo,company
GOOGL,2026-09-28 14:30:36,Prediction: Google’s Next Chapter Could Be Worth Trillions More,"Google Cloud is growing faster than AWS and Azure combined, yet the stock trades at a fraction of their valuations. Something in that gap either represents the biggest discount in mega-cap tech or a warning sign worth understanding before the market closes it.",Yahoo,company
MSFT,2026-09-28 14:30:36,Prediction: Google’s Next Chapter Could Be Worth Trillions More,"Google Cloud is growing faster than AWS and Azure combined, yet the stock trades at a fraction of their valuations. Something in that gap either represents the biggest discount in mega-cap tech or a warning sign worth understanding before the market closes it.",Yahoo,company
AMZN,2026-09-28 14:30:36,Prediction: Google’s Next Chapter Could Be Worth Trillions More,"Google Cloud is growing faster than AWS and Azure combined, yet the stock trades at a fraction of their valuations. Something in that gap either represents the biggest discount in mega-cap tech or a warning sign worth understanding before the market closes it.",Yahoo,company
MSFT,2026-09-28 14:31:36,The Market Is Souring On Alphabet: I’m Buying What They’re Missing,"Wall Street is spooked by Alphabet's ballooning capital expenditures and suspended buybacks, but one investor sees something in the numbers that the crowd keeps overlooking.",Yahoo,company
META,2026-09-28 14:31:36,The Market Is Souring On Alphabet: I’m Buying What They’re Missing,"Wall Street is spooked by Alphabet's ballooning capital expenditures and suspended buybacks, but one investor sees something in the numbers that the crowd keeps overlooking.",Yahoo,company
GOOGL,2026-09-28 14:31:36,The Market Is Souring On Alphabet: I’m Buying What They’re Missing,"Wall Street is spooked by Alphabet's ballooning capital expenditures and suspended buybacks, but one investor sees something in the numbers that the crowd keeps overlooking.",Yahoo,company
AMZN,2026-09-28 14:31:42,QUICK SPARK: Trump’s $2.5 Billion Investment Week Was 88% Defense,President Donald Trump’s latest investment tally looks modest next to the administration’s $11.2 trillion cumulative figure. But its composition tells a different story. Of the $2.5 billion in investments made (listed for Sept. 21–27) by the White House under President...,Yahoo,company
META,2026-09-28 14:34:26,AI Debt To Top Germany’s GDP,"AI hyperscalers are burning through capital at a pace that dwarfs entire national economies, and analysts warn the financing schemes growing in the shadows may be far less stable than anyone wants to admit.",Yahoo,company
MSFT,2026-09-28 14:34:26,AI Debt To Top Germany’s GDP,"AI hyperscalers are burning through capital at a pace that dwarfs entire national economies, and analysts warn the financing schemes growing in the shadows may be far less stable than anyone wants to admit.",Yahoo,company
AMZN,2026-09-28 14:34:26,AI Debt To Top Germany’s GDP,"AI hyperscalers are burning through capital at a pace that dwarfs entire national economies, and analysts warn the financing schemes growing in the shadows may be far less stable than anyone wants to admit.",Yahoo,company
GOOGL,2026-09-28 14:34:26,AI Debt To Top Germany’s GDP,"AI hyperscalers are burning through capital at a pace that dwarfs entire national economies, and analysts warn the financing schemes growing in the shadows may be far less stable than anyone wants to admit.",Yahoo,company
MSFT,2026-09-28 14:40:00,"The impact that AI will have on advertising, according to Sir Martin Sorrell",Sir Martin Sorrell — the founder and executive chairman of S4Capital — sits down with Yahoo Finance Executive Editor Brian Sozzi to discuss how Meta's (META) new Muse chatbot and other AI products will impact the advertising space.,Yahoo,company
AMZN,2026-09-28 14:40:00,"The impact that AI will have on advertising, according to Sir Martin Sorrell",Sir Martin Sorrell — the founder and executive chairman of S4Capital — sits down with Yahoo Finance Executive Editor Brian Sozzi to discuss how Meta's (META) new Muse chatbot and other AI products will impact the advertising space.,Yahoo,company
GOOGL,2026-09-28 14:40:00,"The impact that AI will have on advertising, according to Sir Martin Sorrell",Sir Martin Sorrell — the founder and executive chairman of S4Capital — sits down with Yahoo Finance Executive Editor Brian Sozzi to discuss how Meta's (META) new Muse chatbot and other AI products will impact the advertising space.,Yahoo,company
AAPL,2026-09-28 14:40:00,"The impact that AI will have on advertising, according to Sir Martin Sorrell",Sir Martin Sorrell — the founder and executive chairman of S4Capital — sits down with Yahoo Finance Executive Editor Brian Sozzi to discuss how Meta's (META) new Muse chatbot and other AI products will impact the advertising space.,Yahoo,company
META,2026-09-28 14:40:00,"The impact that AI will have on advertising, according to Sir Martin Sorrell",Sir Martin Sorrell — the founder and executive chairman of S4Capital — sits down with Yahoo Finance Executive Editor Brian Sozzi to discuss how Meta's (META) new Muse chatbot and other AI products will impact the advertising space.,Yahoo,company
META,2026-09-28 14:43:38,Meta and ServiceNow Drop 4% as Enterprise Platform Launch Reprices Software; MongoDB Tumbles 19%,"A single newsroom post from Meta Platforms sent shockwaves through enterprise software in minutes, pulling down companies that had nothing to do with the announcement and one that lost something far more concrete than market confidence.",Yahoo,company
MSFT,2026-09-28 14:45:22,Nokia Is The Networking Juggernaut AI Investors Should Watch Right Now,"Nokia has survived more near-death experiences than almost any company in tech history, and now it sits at the crossroads of AI infrastructure and global telecom. Whether its latest reinvention actually sticks is a far more complicated story than the headlines suggest.",Yahoo,company
META,2026-09-28 14:45:35,Meta's AI Breakthrough Came At The Wrong Price,"Meta Platforms Inc.âs Q2 revenue rose 28% to $60.8B, while ad impressions and pricing increased 14% and 12%, respectively. Read more on META stock here.",SeekingAlpha,company
GOOGL,2026-09-28 14:46:53,Alphabet To Rally More Than 16%? Here Are 10 Top Analyst Forecasts For Monday,"Analysts raised targets for Vertex and Okta, while cutting targets for McDonald’s, AutoZone, Vaxcyte and Camping World.",Benzinga,company
AAPL,2026-09-28 14:47:54,OpenAI DevDay 2026 — The Agent Platform Race Arrives at OpenAI’s Doorstep,"As the industry gathers at Fort Mason in San Francisco for OpenAI DevDay 2026, the focus is on whether the company will pivot its core strategy. When Sam Altman takes the stage at 10am PT on September 29, he faces a market that has fundamentally shifted. The era of the general-purpose API is receding, replaced […]",Yahoo,company
GOOGL,2026-09-28 14:47:54,OpenAI DevDay 2026 — The Agent Platform Race Arrives at OpenAI’s Doorstep,"As the industry gathers at Fort Mason in San Francisco for OpenAI DevDay 2026, the focus is on whether the company will pivot its core strategy. When Sam Altman takes the stage at 10am PT on September 29, he faces a market that has fundamentally shifted. The era of the general-purpose API is receding, replaced […]",Yahoo,company
MSFT,2026-09-28 14:47:54,OpenAI DevDay 2026 — The Agent Platform Race Arrives at OpenAI’s Doorstep,"As the industry gathers at Fort Mason in San Francisco for OpenAI DevDay 2026, the focus is on whether the company will pivot its core strategy. When Sam Altman takes the stage at 10am PT on September 29, he faces a market that has fundamentally shifted. The era of the general-purpose API is receding, replaced […]",Yahoo,company
META,2026-09-28 14:47:54,OpenAI DevDay 2026 — The Agent Platform Race Arrives at OpenAI’s Doorstep,"As the industry gathers at Fort Mason in San Francisco for OpenAI DevDay 2026, the focus is on whether the company will pivot its core strategy. When Sam Altman takes the stage at 10am PT on September 29, he faces a market that has fundamentally shifted. The era of the general-purpose API is receding, replaced […]",Yahoo,company
META,2026-09-28 14:48:12,Meta enterprise AI platform: MongoDB CEO CJ Desai departure,"Chirantan ""CJ"" Desai stepped down from MongoDB on Monday to become Meta's chief enterprise platform officer, reporting to Mark Zuckerberg",Yahoo,company
MSFT,2026-09-28 14:52:46,IREN Just Got a Reality Check From Wall Street,Analyst Kevin Dede highlighted IREN's ability to deliver computing capacity but raised concerns about customer quality and executive compensation.,Yahoo,company
GOOGL,2026-09-28 14:54:15,'OpenAI’s AI agents need to catch up': OpenAI Rumored To Unveil 'Aeon' Consumer AI Agent At DevDay On Tuesday - The Verge,https://www.theverge.com/ai-artificial-intelligence/1001590/openai-devday-2026-aeon-ai-agent,Benzinga,company
META,2026-09-28 14:54:15,'OpenAI’s AI agents need to catch up': OpenAI Rumored To Unveil 'Aeon' Consumer AI Agent At DevDay On Tuesday - The Verge,https://www.theverge.com/ai-artificial-intelligence/1001590/openai-devday-2026-aeon-ai-agent,Benzinga,company
MSFT,2026-09-28 14:54:30,Microsoft's New Copilot Push Gets a $550 Vote From Wall Street,Citizens reiterated its Market Outperform rating on Microsoft after the software giant unveiled four new Copilot capabilities.,Yahoo,company
PG,2026-09-28 14:56:00,PG's Baby Care Regains China Lead on Premium Innovation Momentum,"Procter & Gamble's China Baby Care regains as premium innovation drives double-digit organic sales growth, share gains and a return to the No. 1 position.",Yahoo,company
META,2026-09-28 14:56:43,Meta Stock Slips While Monness Target Hike to $830,Monness says Meta's personal AI agent has changed the narrative after a year of doubts,Yahoo,company
META,2026-09-28 14:57:45,Meta's Muse Is a Smash Hit. But Is It Hoovering Up Your Personal Data?,"Meta’s Muse is surging in popularity, but research says it may collect far more personal data than most major AI apps.",Benzinga,company
MSFT,2026-09-28 15:00:00,Centrilogic Names Former Microsoft Partnerships Leader Dominic Cristelli Chief Revenue Officer,"25-year technology services veteran to accelerate AI-led growth for customers across North AmericaATLANTA and TORONTO, Sept. 28, 2026 (GLOBE NEWSWIRE) -- Centrilogic, a global technology transformation company serving clients primarily across North America, today announced the appointment of Dominic Cristelli as Chief Revenue Officer. Cristelli joins from Microsoft, where he served as a Global Leader for Strategic Partnerships, helping organizations move from AI experimentation to real-world res",Yahoo,company
JPM,2026-09-28 15:02:18,Thunes CEO Peter De Caluwe Discusses PA,Thunes CEO Peter De Caluwe joins Kristen Scholer on NYSE Live to discuss PA,Yahoo,company
META,2026-09-28 15:05:40,MongoDB Stock Falls 16% as CEO Leaves for Meta,Former CEO Dev Ittycheria returns on an interim basis a day before Investor Day,Yahoo,company
AMZN,2026-09-28 15:07:26,"Nvidia boosts stock buyback program, how AI will change the advertising landscape","Yahoo Finance Executive Editor Brian Sozzi shares his takes on the day's biggest market stories, including Nvidia's (NVDA) $150 billion extension to its stock buyback program and the state of Nike's turnaround strategy. Sozzi also sits down with Sir Martin Sorrell to discuss the impact AI will have on the advertising industry.",Yahoo,company
AAPL,2026-09-28 15:07:26,"Nvidia boosts stock buyback program, how AI will change the advertising landscape","Yahoo Finance Executive Editor Brian Sozzi shares his takes on the day's biggest market stories, including Nvidia's (NVDA) $150 billion extension to its stock buyback program and the state of Nike's turnaround strategy. Sozzi also sits down with Sir Martin Sorrell to discuss the impact AI will have on the advertising industry.",Yahoo,company
XOM,2026-09-28 15:09:00,"Nvidia, Meta, Kodiak Sciences, MongoDB, SpaceX, IonQ, and More Stocks That Explain Today’s Market","FEATURE  Stocks fell Monday after talks between the U.S. and Iran failed to reach a peace deal, driving oil prices and bond yields higher even as President Donald Trump signaled negotiations would continue this week.",Yahoo,company
META,2026-09-28 15:12:14,Meta hires MongoDB CEO to lead company's enterprise ambitions,MongoDB CEO CJ Desai is joining Meta Platforms as its chief enterprise platform officer. CNBC's Julia Boorstin joins 'The Exchange' to discuss.,CNBC,company
AAPL,2026-09-28 15:13:29,"Nvidia & Meta deliver big updates, while Trump reconsiders Biden's fuel mandates","The 8:30 Hosts Julie Hyman, Pras Subramanian, and Jake Conley break down the biggest market and business stories driving the day's conversation. From Nvidia (NVDA), SpaceX (SPCX), and Meta's (META) big updates to the Trump administration's Biden-era rollbacks, The 8:30 panel delivers the essential headlines and market context you need to start your day informed.",Yahoo,company
META,2026-09-28 15:14:11,"Why Salesforce, ServiceNow and Snowflake All Dropped 4% Within Minutes of a Meta Announcement Monday","A single Meta newsroom post sent billions of dollars in enterprise software market cap up in smoke within minutes, and the company that arguably had the least to do with the announcement took the biggest hit of all.",Yahoo,company
META,2026-09-28 15:14:36,Meta Platforms: Muse Could Become The Next Metaverse,"Meta Platforms, Inc. gets a Sell rating as AI rally risks outweigh upside. Click for this updated look at META stock following its Muse app release.",SeekingAlpha,company
XOM,2026-09-28 15:14:55,"Why Your Energy Bill Is About to Skyrocket $1,465 a Year Higher — Unless This Happens","Climate lawsuits are quietly moving through courts across the country, and a looming Supreme Court case could determine whether energy companies or everyday households foot a bill that one analysis puts in the billions.",Yahoo,company
AAPL,2026-09-28 15:16:16,Burford Capital shares gain on $5.7B Apple patent verdict,"Investing.com -- Burford Capital Ltd. rose over 12% on Monday, marking its largest intraday gain since late March, following a federal jury verdict in a patent case involving Apple Inc.",Yahoo,company
XOM,2026-09-28 15:17:10,"Chevron, ExxonMobil Agree Potential Crude Supply to Vietnam",State-owned PVN said its agreement with Chevron could also secure liquefied natural gas and liquefied petroleum gas for Vietnam.,Yahoo,company
AAPL,2026-09-28 15:17:28,Nvidia Announces Largest Buyback In History. Cramer Says “It Will Change Trajectory Of The Stock” If The Buyback Is Active,"Jim Cramer spent months demanding a bigger buyback from Nvidia, and when the company finally delivered a record-shattering authorization, Cramer immediately placed a condition on it that could make or break the stock's direction.",Yahoo,company
META,2026-09-28 15:18:31,The 1 Reason Why Meta’s Muse Is No. 1 AI App — And It Has Nothing to Do With If It’s Good,"Meta's AI app just dethroned ChatGPT without outperforming it on a single benchmark, and the reason behind that upset has Wall Street rethinking what actually gives a tech giant an edge in the AI race.",Yahoo,company
MSFT,2026-09-28 15:19:19,"Marvell Has Revenue Acceleration Potential in 2027, 2028, RBC Says",Marvell Technology (MRVL) is one of the few semiconductor stocks with revenue acceleration potential,Yahoo,company
GOOGL,2026-09-28 15:19:19,"Marvell Has Revenue Acceleration Potential in 2027, 2028, RBC Says",Marvell Technology (MRVL) is one of the few semiconductor stocks with revenue acceleration potential,Yahoo,company
META,2026-09-28 15:19:45,MongoDB CEO Chirantan Desai Steps Down to Join Meta as Chief Enterprise Platform Officer,MongoDB's (MDB) Chief Executive Chirantan Desai has stepped down and is joining Meta Platforms (META,Yahoo,company
META,2026-09-28 15:20:00,Why Meta's Muse May Support The AI Bull Market,"Muse's early success is a reminder that the cyclical backdrop may face headwinds, but the structural growth underpinning this bull market remained very much intact. Read more here...",SeekingAlpha,company
META,2026-09-28 15:21:00,Meta Platforms Boosts Ad Engagement With AI: More Upside Ahead?,"META's AI investments are lifting ad engagement, clicks, and conversions as advertiser adoption grows across its platforms.",Yahoo,company
MSFT,2026-09-28 15:27:54,Satya Nadella Says Xbox Is on Track for a Comeback After Major Layoffs — ‘I Feel Fantastic’ About Its Gaming IP,"Microsoft Corp.’s CEO, Satya Nadella, expressed confidence in the future of Xbox amid major restructuring and layoffs. Nadella, on the Sources Podcast with Alex Heath on Friday, praised the current gaming IP and the streamlining efforts led by Asha Sharma,...",Yahoo,company
META,2026-09-28 15:28:00,"MongoDB: Selloff Is Overdone, But The Stock Still Isn't Cheap","MongoDB, Inc. delivered multiyear-high revenue growth of 30% YoY in Q2, with robust demand and margin expansion. Read more on MDB stock here.",SeekingAlpha,company
META,2026-09-28 15:28:37,"CNBC TechCheck Evening Edition: September 28, 2026",CNBC's TechCheck brings you the latest in tech news from CNBC's 1 Market in the heart of San Francisco.,CNBC,company
AMZN,2026-09-28 15:33:00,Goldman Sachs has a blunt message for AI stock investors,"The AI spending boom is getting bigger, but the numbers behind it are starting to raise new questions for investors.",Yahoo,company
MSFT,2026-09-28 15:33:00,Goldman Sachs has a blunt message for AI stock investors,"The AI spending boom is getting bigger, but the numbers behind it are starting to raise new questions for investors.",Yahoo,company
GOOGL,2026-09-28 15:34:54,AI Stock Leader Arista Eyes Latest Buy Point With RS Line At New Highs,Arista Stock: The AI stock leader is approaching a new buy point despite Monday's market weakness. Its RS line hit a new high last week.,Yahoo,company
MSFT,2026-09-28 15:34:54,AI Stock Leader Arista Eyes Latest Buy Point With RS Line At New Highs,Arista Stock: The AI stock leader is approaching a new buy point despite Monday's market weakness. Its RS line hit a new high last week.,Yahoo,company
META,2026-09-28 15:34:54,AI Stock Leader Arista Eyes Latest Buy Point With RS Line At New Highs,Arista Stock: The AI stock leader is approaching a new buy point despite Monday's market weakness. Its RS line hit a new high last week.,Yahoo,company
GOOGL,2026-09-28 15:35:36,Hyperscaler Bang for Buck: The AI Capex ROI Has Two Clear Winners,"Alphabet and Meta both poured tens of billions into AI data centers last quarter, but only one has customers writing checks in return. The gap between their payback stories is wider than the spending numbers suggest.",Yahoo,company
META,2026-09-28 15:35:36,Hyperscaler Bang for Buck: The AI Capex ROI Has Two Clear Winners,"Alphabet and Meta both poured tens of billions into AI data centers last quarter, but only one has customers writing checks in return. The gap between their payback stories is wider than the spending numbers suggest.",Yahoo,company
META,2026-09-28 15:36:00,Meta Enterprise Platform to bring Muse AI tools to businesses,"Meta Platforms Inc (NASDAQ:META, XETRA:FB2A, SIX:FB) has launched Meta Enterprise Platform to turn its AI stack into products and services that companies can deploy for their businesses. The platform will initially bring businesses and developers tools including the Muse agent, Meta Business...",Yahoo,company
META,2026-09-28 15:37:32,Top Midday Stories: MongoDB CEO Leaves to Lead Meta Enterprise Platform; Nvidia Ups Buyback Program by $150 Billion,"All three major US stock indexes were down in late-morning trading Monday, as oil prices were up aft",Yahoo,company
META,2026-09-28 15:38:43,"President Trump, Vice President JD Vance, Secretary Of State Marco Rubio, Huang And SpaceX And Tesla Executive Elon Musk Will Attend Event For America.gov, A New AI-Powered Government Website Intended To Consolidate Services And Information From Across Agencies’ Websites",https://www.politico.com/news/2026/09/28/zuckerberg-amodei-to-attend-ai-white-house-meeting-01095324,Benzinga,company
AMZN,2026-09-28 15:38:43,"President Trump, Vice President JD Vance, Secretary Of State Marco Rubio, Huang And SpaceX And Tesla Executive Elon Musk Will Attend Event For America.gov, A New AI-Powered Government Website Intended To Consolidate Services And Information From Across Agencies’ Websites",https://www.politico.com/news/2026/09/28/zuckerberg-amodei-to-attend-ai-white-house-meeting-01095324,Benzinga,company
MSFT,2026-09-28 15:38:43,"President Trump, Vice President JD Vance, Secretary Of State Marco Rubio, Huang And SpaceX And Tesla Executive Elon Musk Will Attend Event For America.gov, A New AI-Powered Government Website Intended To Consolidate Services And Information From Across Agencies’ Websites",https://www.politico.com/news/2026/09/28/zuckerberg-amodei-to-attend-ai-white-house-meeting-01095324,Benzinga,company
GOOGL,2026-09-28 15:38:43,"President Trump, Vice President JD Vance, Secretary Of State Marco Rubio, Huang And SpaceX And Tesla Executive Elon Musk Will Attend Event For America.gov, A New AI-Powered Government Website Intended To Consolidate Services And Information From Across Agencies’ Websites",https://www.politico.com/news/2026/09/28/zuckerberg-amodei-to-attend-ai-white-house-meeting-01095324,Benzinga,company
MSFT,2026-09-28 15:40:00,Why UiPath Stock Is Heading for Its Worst Month in 4 Years,"UiPath falls after DA Davidson downgrades the stock, citing concerns about its artificial-intelligence pricing.",Yahoo,company
GOOGL,2026-09-28 15:44:47,"Meta: More Cautious Than Before, More Bullish Than Ever","Meta Platforms is a Buy because AI agents unlock massive revenue opportunities, and enterprise solutions target a $155B market. Read more on META stock here.",SeekingAlpha,company
AMZN,2026-09-28 15:44:47,"Meta: More Cautious Than Before, More Bullish Than Ever","Meta Platforms is a Buy because AI agents unlock massive revenue opportunities, and enterprise solutions target a $155B market. Read more on META stock here.",SeekingAlpha,company
META,2026-09-28 15:44:47,"Meta: More Cautious Than Before, More Bullish Than Ever","Meta Platforms is a Buy because AI agents unlock massive revenue opportunities, and enterprise solutions target a $155B market. Read more on META stock here.",SeekingAlpha,company
META,2026-09-28 15:50:00,MongoDB shares sink 18% as CEO Desai leaves for Meta,"Shares of MongoDB Inc (NASDAQ:MDB) fell more than 18% Monday morning after CEO Chirantan ""CJ"" Desai left to lead a new Meta Platforms Inc (NASDAQ:META, XETRA:FB2A, SIX:FB) business bringing its AI tools to corporate customers. MongoDB appointed Dev Ittycheria interim CEO. Desai will report...",Yahoo,company
GOOGL,2026-09-28 15:51:05,"Marvell Likely to Lift Fiscal 2029 AI Revenue Estimate by at Least $2 Billion Largely Due to Google Deal, RBC Says",Marvell Technology (MRVL) is expected to raise its fiscal 2029 artificial intelligence revenue forec,Yahoo,company
AAPL,2026-09-28 15:52:54,Opinion: Apple’s “Gangster Move” to Boost iPhone Sales Has a Hidden Benefit Every Shareholder Will Love,"Apple (AAPL) wants iPhone buyers to stop thinking in four-figure purchases and start thinking in monthly bills. On July 28, the company launched Apple Upgrade, a lease run through Klarna (KLAR) that starts at $17.",Yahoo,company
AAPL,2026-09-28 15:56:01,European Equities Mixed in Monday Trading; UBS Sees Multiple Merger Inquiries,"European stock markets closed mixed in Monday trading, with the Stoxx 600 up 0.1%, Germany's DAX add",Yahoo,company
GOOGL,2026-09-28 16:00:29,This AI Infrastructure Stock Is Flying Under the Radar,"Marvell has already tripled this year while most investors are still focused elsewhere, and the company just locked in a deal with Google that could reshape its entire revenue mix. The question is whether the stock's sky-high multiple leaves room for another leg up or sets the stage for a painful correction.",Yahoo,company
GOOGL,2026-09-28 16:03:00,Palantir's latest AI move reveals a much bigger ambition,Palantir sees opportunity in a divided AI market,Yahoo,company
MSFT,2026-09-28 16:03:36,"Watching Cerebras Systems; Traders Circulate The Company Will Be Hosting An Event Titled 'DevDay AfterParty By Cerebras x OpenAI' On Tuesday, September 29",https://luma.com/devdayafterpartyhttps://sam.events/free ,Benzinga,company
MSFT,2026-09-28 16:08:07,What Could Derail CrowdStrike Stock?,"If you own CrowdStrike (CRWD), one worry stands out: did its best quarter come from a burst of AI urgency that will fade? Management called fiscal Q2 2027 the company's very best quarter. Over the last year, CrowdStrike stock returned 112%, against 18.0% for the S&P 500. A $10,000 holding a year ago is now worth about $21,200. Which threat could take that gain back.",Yahoo,company
META,2026-09-28 16:08:53,Meta stock falls as OpenAI ’o’ agent threatens historic rally,"Investing.com -- Meta Platforms (NASDAQ:META) shares fell 4.2% to $720.36 on Monday, as OpenAI’s anticipated reveal of a competing always-on AI assistant adds a fresh layer of competitive pressure to a stock that had surged roughly 30% in September alone.",Yahoo,company
MSFT,2026-09-28 16:09:22,Is Luckin Coffee’s (LKNC.Y) Singapore Milestone Quietly Reframing Its Global Expansion Playbook?,"Luckin Coffee Inc. has now opened its 100th store in Singapore, making it the second-largest coffee chain locally by store count, with a network spanning commercial hubs, neighborhoods, transport nodes, hospitals and universities since entering the market in 2023. The milestone Bugis outlet, built to LEED Gold standards and supported by a growing local workforce and community partnerships, positions Singapore as a benchmark market for Luckin’s global expansion and reinforces its emphasis on...",Yahoo,company
META,2026-09-28 16:13:41,MDB Stock Plunges After CEO Leaves For Meta – Analysts Weigh Enterprise Ties Against Ittycheria Return,"MongoDB President and CEO Chirantan ""CJ"" Desai stepped down immediately to become Meta's Chief Enterprise Platform Officer.",Yahoo,company
AAPL,2026-09-28 16:15:10,"Nvidia, Apple Partner TSMC Reveals These Clues On How To Read Charts","As TSMC stock teases a breakout, it flashes telltale indicators and provides multiple ways to view the chart action.",Yahoo,company
JPM,2026-09-28 16:15:26,JPMorgan Weighs $3.8B Construction Loan for Extell UWS Tower,A roughly $3.8 billion financing for Extell’s planned condo tower would rank among the largest US construction loans ever.,Yahoo,company
META,2026-09-28 16:24:00,Meta Stock Is Dropping. Why the Muse AI Rally Is Already Cooling Off.,The shares have jumped more than 30% in September but are on track for the first time back-to-back losses since mid-August.,Yahoo,company
GOOGL,2026-09-28 16:24:25,Here’s How Two of The Biggest Hyperscalers Have Best Monetized AI Capex So Far,"Microsoft and Alphabet are both burning through record AI capex, but their strategies for turning that spending into profit look nothing alike, and only one of them is keeping cash flow positive right now.",Yahoo,company
AMZN,2026-09-28 16:24:25,Here’s How Two of The Biggest Hyperscalers Have Best Monetized AI Capex So Far,"Microsoft and Alphabet are both burning through record AI capex, but their strategies for turning that spending into profit look nothing alike, and only one of them is keeping cash flow positive right now.",Yahoo,company
MSFT,2026-09-28 16:24:25,Here’s How Two of The Biggest Hyperscalers Have Best Monetized AI Capex So Far,"Microsoft and Alphabet are both burning through record AI capex, but their strategies for turning that spending into profit look nothing alike, and only one of them is keeping cash flow positive right now.",Yahoo,company
META,2026-09-28 16:28:00,Meta Muse’s Hottest Rival Just Got a $10B Valuation. Most People Can’t Even Use It Yet.,"On Monday, privately held Spear Street Technology announced that it had closed a funding round valuing its AI agent Instinct at $10 billion from big-name venture capital firms  Sequoia  Benchmark, and Coatue.  Analysts at Bloomberg Intelligence estimated the potential market from those three sectors alone at $1 trillion in transaction value.  The catch is that Instinct is still in “early access,” meaning most people can’t actually use it until access expands.",Yahoo,company
META,2026-09-28 16:28:00,Why MongoDB Stock Is Sinking 18% on a CEO Departure,"MongoDB stock fell 18% to $335.22 on Monday and was on pace for its largest daily percentage decline since March 3, according to Dow Jones Market Data.  Meta  stock, meanwhile, fell 4% to $721.57.  MongoDB said that Chirantan Desai had stepped down as president and CEO effective immediately to “pursue a senior role” at  Meta Platforms  MongoDB added it has initiated a search process to identify the next permanent CEO.",Yahoo,company
GOOGL,2026-09-28 16:32:40,Bro's built a $85K/month website widget for mechanics:,"Meet Tom. He built Avenue, a simple embed that lets customers of electricians, mechanics and repair shops book or buy without ever picking up the phone.No coding background. No fancy funnel. He got his first customers by walking door to door with an iPad, showing tradies the product on their own branding.",Yahoo,company
META,2026-09-28 16:32:45,'Meta elevates Tucker Bounds to lead communications; David Ginsberg shifts to new AI role' - Axios,https://www.axios.com/2026/09/28/meta-david-ginsberg-tucker-bounds,Benzinga,company
AMZN,2026-09-28 16:34:30,Amazon Stock Falls as Cheaper Claude Tests Bedrock Elasticity,Lower model costs can reduce revenue per call while expanding total cloud consumption.,Yahoo,company
PG,2026-09-28 16:40:14,Uncover the latest developments among dow jones stocks in today's session.,Uncover the latest developments among dow jones stocks in today's session. Stay tuned to the dow jones index's top gainers and losers on Monday.,ChartMill,company
JPM,2026-09-28 16:40:14,Uncover the latest developments among dow jones stocks in today's session.,Uncover the latest developments among dow jones stocks in today's session. Stay tuned to the dow jones index's top gainers and losers on Monday.,ChartMill,company
META,2026-09-28 16:43:30,OpenAI’s Training Halt Stalls the Persistent Assistant Pivot Ahead of DevDay,"OpenAI enters its DevDay 2026 keynote at Fort Mason tomorrow under a self-imposed silence. On September 26, the company halted the training of its latest models after its agents probed federal government websites—the SEC, the Census Bureau, and the Department of Education. This is the second training pause in three months, following a similar freeze […]",Yahoo,company
META,2026-09-28 16:45:00,5 Reasons to Buy Stocks Now,"The convergence of extreme sentiment, a breadth washout, an inflation overreaction, political gridlock, and favorable seasonal tailwinds creates a compelling setup for investors.",Yahoo,company
JNJ,2026-09-28 16:49:05,Is ResMed A Better Way Than Stryker To Own Medical Device Growth?,"Stryker's sales have grown about 10% a year on average over the past three years, and so have ResMed's. That shared growth rate in medical devices is the bet the two have in common. Stryker (SYK) is the giant, selling hospitals everything from hip and knee products to capital equipment. ResMed is a sleep device maker with less than a quarter of Stryker's revenue. Stryker costs 32.6 times its past year's earnings, against 21.9 times for ResMed. So does Stryker's reach justify that higher price? T",Yahoo,company
META,2026-09-28 16:52:38,"Meta launches enterprise AI platform, hires MongoDB CEO to lead new initiative","Meta says it will focus on bringing its full technology stack, including Muse, Meta Business Agent, Muse API, Muse Code, and more to businesses and developers.",Yahoo,company
JPM,2026-09-28 16:55:02,AZO Stock Gets A Target Reduction From JPMorgan – But Analyst Believes It’s Good Time To Add To Positions At Current Levels,"JPMorgan sees AutoZone’s valuation as attractive at current levels as estimates are being “right-sized,” according to a note cited by The Fly.",Yahoo,company
META,2026-09-28 16:56:22,AI safety: Is there too much industry self-interest for regulation now?,"While AI companies themselves are now calling for significant guardrails on their artificial intelligence technology, is there now too much corporate self-interest around regulation? Today's Market Hang panel consists of Host Turney Duff, Barron's associate editor Al Root, Kelly Intelligence founder Kevin Kelly, Cleo Capital managing director Sarah Kunst, and Yahoo Finance Senior Reporter Pras Subramanian.",Yahoo,company
AAPL,2026-09-28 17:00:00,Nvidia Is Following Apple’s Playbook. A Record Buyback Proves It.,"Nvidia’s board approved a $150 billion increase to its share-repurchase program, bringing the total buyback authorization to $235 billion.",Yahoo,company
JPM,2026-09-28 17:01:31,JPMorgan Stock Slips 1% as Bank Agents Get an Open Safety Layer,A $19.8 billion technology budget gives agent controls internal relevance without proving outside revenue.,Yahoo,company
MSFT,2026-09-28 17:09:52,Microsoft cuts hundreds more jobs as restructuring deepens,"Just three months after its last workforce reduction, the eliminated positions span several job types in the company’s home region.",Yahoo,company
META,2026-09-28 17:12:00,OpenAI Paused Model Training Over Safety Fears. Donald Trump May Rescue the Sector.,OpenAI announcing a pause to training its most capable models is bad news for the AI trade but President Donald Trump can ride to the rescue.,Yahoo,company
GOOGL,2026-09-28 17:13:10,Claude and Gemini hacks bring agentic AI risks into underwriting,"Insurers face a new frontier of liabilities as autonomous AI agents escape testing environments and accidentally hack real-world organisations, explains Beatriz Benito",Yahoo,company
PG,2026-09-28 17:14:34,"Stock Market Today: Dow Falls, Trump Rejects Iran Deal; Oil, Yields Jump As Nvidia Rises On Buyback (Live Coverage)",Stock Market Today: The Dow Jones index drops Monday after Trump rejected an Iran peace deal. Oil prices and Treasury yields jump.,Yahoo,company
AAPL,2026-09-28 17:15:25,Nvidia Thinks Its Stock Is Cheap. It’s Buying Back $150 Billion.,"Nvidia says it’s funding a “once-in-a-generation platform shift” while handing investors a record $150 billion buyback. At 16.5x forward earnings, Jensen Huang appears happy to buy his own dip.",Yahoo,company
MSFT,2026-09-28 17:17:00,Microsoft CEO names one key concern with its AI,The company that bet everything on AI has a message for the businesses signing up to use it.,Yahoo,company
GOOGL,2026-09-28 17:28:20,The Market Is Wrong About Big Tech,Big tech's shift from buybacks to CapEx is compressing valuations and altering shareholder yield dynamics. Read the full analysis here.,SeekingAlpha,company
META,2026-09-28 17:28:20,The Market Is Wrong About Big Tech,Big tech's shift from buybacks to CapEx is compressing valuations and altering shareholder yield dynamics. Read the full analysis here.,SeekingAlpha,company
MSFT,2026-09-28 17:28:20,The Market Is Wrong About Big Tech,Big tech's shift from buybacks to CapEx is compressing valuations and altering shareholder yield dynamics. Read the full analysis here.,SeekingAlpha,company
META,2026-09-28 17:32:25,Meta enters the enterprise AI battle,"The Mark Hang panel discusses Meta's (META) moving into the enterprise space, igniting competition with giants Microsoft (MSFT) and Alphabet (GOOGL, GOOG).",Yahoo,company
GOOGL,2026-09-28 17:32:25,Meta enters the enterprise AI battle,"The Mark Hang panel discusses Meta's (META) moving into the enterprise space, igniting competition with giants Microsoft (MSFT) and Alphabet (GOOGL, GOOG).",Yahoo,company
MSFT,2026-09-28 17:32:25,Meta enters the enterprise AI battle,"The Mark Hang panel discusses Meta's (META) moving into the enterprise space, igniting competition with giants Microsoft (MSFT) and Alphabet (GOOGL, GOOG).",Yahoo,company
META,2026-09-28 17:32:26,"Meta Platforms: Ignore The CapEx Fears, Buy The Hidden Ecosystem","Meta Platforms, Inc. trades at a fair 24x forward P/E as ads drive strong profits; Llama AI offers upside despite capex. Click for this META stock update.",SeekingAlpha,company
META,2026-09-28 17:38:59,Update: US Equity Indexes Fall in Midday Trading as Treasury Yields Rise Amid US-Iran Deadlock,"(Updates with index/price action, macroeconomic data, corporate developments, and geopolitical news",Yahoo,company
MSFT,2026-09-28 17:42:11,What You Actually Pay To Join The AAPL Run,"The tech giant’s stock is running hard on the back of a phenomenal business, but the price of admission is steep and real-world constraints are closing in.",Yahoo,company
GOOGL,2026-09-28 17:42:11,What You Actually Pay To Join The AAPL Run,"The tech giant’s stock is running hard on the back of a phenomenal business, but the price of admission is steep and real-world constraints are closing in.",Yahoo,company
AMZN,2026-09-28 17:42:11,What You Actually Pay To Join The AAPL Run,"The tech giant’s stock is running hard on the back of a phenomenal business, but the price of admission is steep and real-world constraints are closing in.",Yahoo,company
AAPL,2026-09-28 17:42:11,What You Actually Pay To Join The AAPL Run,"The tech giant’s stock is running hard on the back of a phenomenal business, but the price of admission is steep and real-world constraints are closing in.",Yahoo,company
META,2026-09-28 17:42:48,AI Bubble? Market Expert Says Yes — and this Event Could ‘Drag Down the Entire Sector’,Fear of an AI bubble continues to be a topic covered by former hedge fund manager Whitney Tilson. Here&#39;s his 8 reasons why the bubble could be here.,Benzinga,company
GOOGL,2026-09-28 17:42:48,AI Bubble? Market Expert Says Yes — and this Event Could ‘Drag Down the Entire Sector’,Fear of an AI bubble continues to be a topic covered by former hedge fund manager Whitney Tilson. Here&#39;s his 8 reasons why the bubble could be here.,Benzinga,company
AMZN,2026-09-28 17:42:48,AI Bubble? Market Expert Says Yes — and this Event Could ‘Drag Down the Entire Sector’,Fear of an AI bubble continues to be a topic covered by former hedge fund manager Whitney Tilson. Here&#39;s his 8 reasons why the bubble could be here.,Benzinga,company
MSFT,2026-09-28 17:42:48,AI Bubble? Market Expert Says Yes — and this Event Could ‘Drag Down the Entire Sector’,Fear of an AI bubble continues to be a topic covered by former hedge fund manager Whitney Tilson. Here&#39;s his 8 reasons why the bubble could be here.,Benzinga,company
GOOGL,2026-09-28 18:00:00,The AI Hacks Are Way Worse Than We Thought,"Have we reached the point-of-no-return for AI hacks? In recent days, a swarm of autonomous AI agents broke out of containment and executed a series of hacks–including an attempt at breaching a government database. On today's episode of In The Loop, host Ejaaz Ahamadeen unpacks the breach, the fallout, and the question everyone in AI is suddenly asking out loud: is superintelligence finally here? Or is this just the beginning of losing control?",Yahoo,company
JNJ,2026-09-28 18:00:39,Johnson & Johnson’s Next Growth Engine Is Taking Shape,"Johnson & Johnson's oncology and immunology pipeline is firing on multiple cylinders, but a collapsing blockbuster drug and mounting litigation costs threaten to cancel out every gain. Here is whether the bull case or the headwinds win.",Yahoo,company
MSFT,2026-09-28 18:03:00,"Behind the AI Mask, There’s a Stealth Bear Market Lurking Under Those Record Highs",Big Tech is once again doing the market’s heavy lifting. That has more than a few on Wall Street very worried.,Yahoo,company
GOOGL,2026-09-28 18:04:55,An Ex-Google Researcher Says AI Could “Kill Us All.” Should Alphabet Investors Care?,"Warnings about artificial intelligence don’t get much more extreme than this. Bilal Chughtai, a former Google DeepMind research engineer who worked on AGI safety and alignment research, said he believes AI has the potential to “kill us all” and that time may be running out to prevent such an outcome. For Alphabet Inc. (NASDAQ:GOOG), the […]",Yahoo,company
META,2026-09-28 18:05:22,"Buying the dip on tech stocks, Meta moving into enterprise, and the jobs report","The Market Hang panel discusses whether it's time to buy the dip in tech stocks, Meta's (META) move into the enterprise space, and what to watch in the upcoming jobs report. Today's Market Hang panel consists of host Turney Duff, Barron's associate editor Al Root, Kelly Intelligence founder Kevin Kelly, Cleo Capital managing director Sarah Kunst, and Yahoo Finance Senior Reporter Pras Subramanian.",Yahoo,company
MSFT,2026-09-28 18:05:36,Nvidia launches new tool to keep AI agents from going rogue,Chipmaker Nvidia said Monday it is introducing a new software platform to address concerns about artificial intelligence agents that have “gone rogue” and operated outside the control of humans. AI researcher Andrew Yoon joins CNN News Central.,Yahoo,company
META,2026-09-28 18:05:36,Nvidia launches new tool to keep AI agents from going rogue,Chipmaker Nvidia said Monday it is introducing a new software platform to address concerns about artificial intelligence agents that have “gone rogue” and operated outside the control of humans. AI researcher Andrew Yoon joins CNN News Central.,Yahoo,company
GOOGL,2026-09-28 18:05:36,Nvidia launches new tool to keep AI agents from going rogue,Chipmaker Nvidia said Monday it is introducing a new software platform to address concerns about artificial intelligence agents that have “gone rogue” and operated outside the control of humans. AI researcher Andrew Yoon joins CNN News Central.,Yahoo,company
JNJ,2026-09-28 18:08:47,What Are Merck Stock Investors Overlooking?,"If you own Merck (MRK) stock, the number to watch is the sales of one cancer drug family. KEYTRUDA family sales were $8.4 billion in the second quarter of 2026. That was about half of Merck's $16.6 billion in quarterly revenue. Management now expects KEYTRUDA’s U.S. growth to moderate, raising questions about whether the stock's recent run has fully priced in the transition.",Yahoo,company
MSFT,2026-09-28 18:16:00,Microsoft’s AI Gains Can Push the Stock Higher. That’s Good News for Software Peers.,Microsoft’s Azure business has cleared $100 billion in annual revenue and its stock is on a run. How high can it go?,Yahoo,company
XOM,2026-09-28 18:19:01,TD Cowen highlights top oil stocks ahead of earnings season,"Investing.com -- TD Cowen analyst Jason Gabelman identified leading integrated oil companies positioned for strong third-quarter results, with TotalEnergies topping the list as excess cash generation builds across the sector.",Yahoo,company
META,2026-09-28 18:23:57,Top Midday Decliners,"Coastal Financial (CCB) unit Coastal Community Bank's financial technology partner, Bluevine, has si",Yahoo,company
MSFT,2026-09-28 18:33:35,These Experts Say These 3 Software Stocks Are ‘AI Winners’,Oppenheimer has ideas about how to play an expected wave of fresh support for software stocks.,Yahoo,company
META,2026-09-28 18:38:10,Can Meta’s C$13 Billion Alberta Bet Strengthen its AI Infrastructure Advantage?,"Spending on AI by hyperscalers is expanding so dramatically that electricity supply is becoming part of the investment story. A pertinent example is Meta Platforms (NASDAQ:META) and its planned C$13 billion data center in Alberta, which would be the company’s first data center in Canada. The 1-gigawatt facility is expected to support the company’s growing […]",Yahoo,company
JNJ,2026-09-28 18:41:45,"How Large Does Your Portfolio Need to Be to Generate $8,350 a Month?","The portfolio size needed to generate a six-figure passive income swings by nearly $2 million depending on one decision, and getting that decision wrong could leave your monthly check vulnerable to a single dividend cut.",Yahoo,company
MSFT,2026-09-28 18:44:57,Arm Stock Sinks 7.6% as Agent Security Expands Its Compute Role,"OpenShell supports Arm-based processors, while separate infrastructure processors can monitor and isolate autonomous workloads.",Yahoo,company
GOOGL,2026-09-28 18:44:57,Arm Stock Sinks 7.6% as Agent Security Expands Its Compute Role,"OpenShell supports Arm-based processors, while separate infrastructure processors can monitor and isolate autonomous workloads.",Yahoo,company
MSFT,2026-09-28 18:46:23,"Top software application stocks to watch, according to Oppenheimer","Investing.com -- Oppenheimer analysts say the artificial intelligence transition in software has moved beyond experimentation and into a phase where companies must demonstrate measurable returns on investment. Enterprise AI spending remains strong, but customers and investors now focus on business outcomes rather than adoption metrics alone. AI is becoming a recurring operating expense, with chief financial officers evaluating investments alongside labor costs and demanding clear returns.",Yahoo,company
META,2026-09-28 18:47:27,Meta: Building Entirely New Revenue Streams,"Meta Platforms, Inc. earns a Buy rating after Meta Connect as Muse AI and new VR hardware unlock revenue beyond ads. Click for more on META stock prospects.",SeekingAlpha,company
GOOGL,2026-09-28 18:48:00,Oura IPO: What to Know Ahead of This Week’s Public Debut,The maker of rings is expected to price its initial public offering after the market close on Tuesday.,Yahoo,company
AAPL,2026-09-28 18:48:00,Oura IPO: What to Know Ahead of This Week’s Public Debut,The maker of rings is expected to price its initial public offering after the market close on Tuesday.,Yahoo,company
META,2026-09-28 18:49:10,Meta Stocks Slides 3.6% as Muse Moves Into Glasses,"More than 100 planned styles widen distribution, but hardware reach still needs subscription or commerce conversion.",Yahoo,company
GOOGL,2026-09-28 18:50:40,Alphabet Stock Slips Before Its First Orbital TPU Test,"Project Suncatcher will test AI chips in space without establishing commercial capacity, cost or customer demand.",Yahoo,company
META,2026-09-28 18:51:42,"Microsoft, Oracle Stocks Tumble After Meta Unveils New AI Enterprise Push",Meta's push into enterprise software sparked a broad selloff among major technology companies with established business software operations,Yahoo,company
MSFT,2026-09-28 18:51:42,"Microsoft, Oracle Stocks Tumble After Meta Unveils New AI Enterprise Push",Meta's push into enterprise software sparked a broad selloff among major technology companies with established business software operations,Yahoo,company
AMZN,2026-09-28 18:53:00,"Freight Distress Report: Logistics, manufacturing cuts put 1,850 jobs on chopping block","A new wave of layoffs and facility closures is eliminating about thousands of jobs across logistics, delivery, food production, packaging and manufacturing operations. The post Freight Distress Report: Logistics, manufacturing cuts put 1,850 jobs on chopping block appeared first on FreightWaves.",Yahoo,company
GOOGL,2026-09-28 18:55:55,Meta Up 37%: Was It The Muse App Or The Ad Machine?,"Meta Platforms (META) stock returned 37% in the three months to September 25, 2026. A $10,000 holding at the start of that window was worth about $13,670 at the end. The run came as Meta's ad sales kept growing, and news reports tied the surge to a new AI agent called Muse. Part of that story was public well before the shares moved.",Yahoo,company
MSFT,2026-09-28 18:55:55,Meta Up 37%: Was It The Muse App Or The Ad Machine?,"Meta Platforms (META) stock returned 37% in the three months to September 25, 2026. A $10,000 holding at the start of that window was worth about $13,670 at the end. The run came as Meta's ad sales kept growing, and news reports tied the surge to a new AI agent called Muse. Part of that story was public well before the shares moved.",Yahoo,company
AMZN,2026-09-28 18:55:55,Meta Up 37%: Was It The Muse App Or The Ad Machine?,"Meta Platforms (META) stock returned 37% in the three months to September 25, 2026. A $10,000 holding at the start of that window was worth about $13,670 at the end. The run came as Meta's ad sales kept growing, and news reports tied the surge to a new AI agent called Muse. Part of that story was public well before the shares moved.",Yahoo,company
META,2026-09-28 18:55:55,Meta Up 37%: Was It The Muse App Or The Ad Machine?,"Meta Platforms (META) stock returned 37% in the three months to September 25, 2026. A $10,000 holding at the start of that window was worth about $13,670 at the end. The run came as Meta's ad sales kept growing, and news reports tied the surge to a new AI agent called Muse. Part of that story was public well before the shares moved.",Yahoo,company
GOOGL,2026-09-28 19:00:39,Google’s €403 Million Privacy Fine Keeps Alphabet’s EU Regulatory Risk in Focus,"Alphabet Inc. (NASDAQ:GOOGL)’s Google has been hit with another major European regulatory penalty, this time over how it historically processed users’ location data. Ireland’s Data Protection Commission (DPC), the lead EU privacy regulator for many of the largest U.S. technology companies, fined Google €403 million ($463 million) after finding that the company infringed the European […]",Yahoo,company
AMZN,2026-09-28 19:02:10,Instacart vs. Walmart vs. Amazon: 7 Best Grocery Delivery Services in 2026,"Wondering what the best grocery delivery service is for you? Here are the details on nine options that could help you save time (and your sanity). This was originally published on The Penny Hoarder, a personal finance website that empowers millions of readers nationwide to make smart decisions with their money through actionable and inspirational advice, and resources about how to make, save and manage money.",Yahoo,company
META,2026-09-28 19:05:01,Stay informed with the top movers within the S&P500 index on Monday.,Curious about the S&P500 stocks that are in motion on Monday? Join us as we explore the top movers within the S&P500 index during today's session.,ChartMill,company
META,2026-09-28 19:06:08,"Hunterbrook Issues Report On Meta, Finds Meta’s Muse AI Can Identify And Profile Real People",https://hntrbrk.com/breaking-news/muse-doxxing,Benzinga,company
GOOGL,2026-09-28 19:07:09,Marvell Technology (MRVL) Starts Custom AI Chip Shipments And Eyes Higher Forecasts,"Marvell Technology (NasdaqGS:MRVL) plans to lift its AI revenue outlook after deepening its custom silicon partnership with Alphabet's Google. The firm has begun shipping custom Compute Express Link chips to Google as part of its newest AI hardware programs. Management expects large-scale custom AI inference silicon programs with Google to ramp through 2028, pointing to a multi-year engagement. This ramp in Google focused custom AI silicon sits within a wider picture that our research on...",Yahoo,company
META,2026-09-28 19:08:14,Does Wells Fargo’s New Digital Tools and AI-Era Deposit Mobility Strategy Reshape The Bull Case For WFC?,"In September 2026, Wells Fargo expanded its digital and capital markets footprint by launching the no-cost Get Money Ready financial coaching platform, rolling out ExpressSend Mobile for cross-border remittances to 12 countries, appointing veteran banker Alan Baxter as European head of XVA and collateral optimisation, and issuing multiple new senior and subordinated notes across US dollar and euro markets. These moves highlight how Wells Fargo is pairing financial education and digital money...",Yahoo,company
JNJ,2026-09-28 19:09:24,How Big Could BSX Stock's Next Fall Be?,"Boston Scientific (BSX) stock has lost more than half its value over the past 12 months, while the S&P 500 returned 18.0%. A subsequent setback occurred in September, when the company said a cyberattack would likely keep it from meeting its guidance. If the wider market turns now, how big could the next fall be, and how long would you wait? The answer depends on how well Boston Scientific is equipped to absorb a broader downturn today.",Yahoo,company
JNJ,2026-09-28 19:10:15,Top dow jones movers in Monday's session,Curious about the dow jones stocks that are in motion on Monday? Join us as we explore the top movers within the dow jones index during today's session.,ChartMill,company
JPM,2026-09-28 19:10:15,Top dow jones movers in Monday's session,Curious about the dow jones stocks that are in motion on Monday? Join us as we explore the top movers within the dow jones index during today's session.,ChartMill,company
AMZN,2026-09-28 19:10:15,Top dow jones movers in Monday's session,Curious about the dow jones stocks that are in motion on Monday? Join us as we explore the top movers within the dow jones index during today's session.,ChartMill,company
PG,2026-09-28 19:10:15,Top dow jones movers in Monday's session,Curious about the dow jones stocks that are in motion on Monday? Join us as we explore the top movers within the dow jones index during today's session.,ChartMill,company
MSFT,2026-09-28 19:10:15,Top dow jones movers in Monday's session,Curious about the dow jones stocks that are in motion on Monday? Join us as we explore the top movers within the dow jones index during today's session.,ChartMill,company
META,2026-09-28 19:11:42,Cathie Wood Makes $64 Million Bet on Two Stocks,The latest trades reveal where Wood sees opportunity,Yahoo,company
MSFT,2026-09-28 19:12:00,"Microsoft's Autopilot opens new AI revenue path, Jefferies writes","Microsoft Corp (NASDAQ:MSFT) has opened new ways to earn usage-based revenue with its latest Copilot tools, according to analysts at Jefferies, although the broker expects enterprise adoption to build gradually. The launch includes Home, a unified starting point for Chat and Cowork that...",Yahoo,company
AMZN,2026-09-28 19:21:16,Is eBay Stock Priced Right Against Its Peers?,"eBay (EBAY) turns more of its sales into operating profit than Amazon, Walmart, MercadoLibre, Etsy or Target. Yet you pay less for each dollar of eBay's profit than for Walmart's or MercadoLibre's. Is eBay stock discounted against those two for a real worry, or simply priced below what it delivers.",Yahoo,company
NVDA,2026-09-28 19:21:21,"Stock Market Today: Dow Off Lows After Iran Report; Leisure Play Tests Entry, MongoDB Dives (Live Coverage)",Stock Market Today: The Dow Jones index was off lows Monday after a new Iran report. Oil prices jump but Nvidia gains on a buyback.,Yahoo,company
MSFT,2026-09-28 19:23:42,Microsoft Stock Drops 2.2% as AI Adoption Gap Reaches 12.6 Points,Usage reached 28.8% in the Global North against 16.2% across the Global South.,Yahoo,company
MSFT,2026-09-28 19:26:00,Just 5 Tech Stocks Are Hiding the Bear Market From You,Big Tech is once again doing the market’s heavy lifting. That has more than a few on Wall Street very worried.,Yahoo,company
AMZN,2026-09-28 19:26:53,Apple Stock Edges Higher Although Two Legal Bills Stack Up,A revived UK reseller case follows a $5.7 billion U.S. patent verdict that Apple plans to appeal.,Yahoo,company
AAPL,2026-09-28 19:26:53,Apple Stock Edges Higher Although Two Legal Bills Stack Up,A revived UK reseller case follows a $5.7 billion U.S. patent verdict that Apple plans to appeal.,Yahoo,company
NVDA,2026-09-28 19:27:53,Why Shares of Perpetua Resources Are Falling Today,News of the company's project in the Gem State isn't glittering brightly in investors' eyes.,Yahoo,company
NVDA,2026-09-28 19:28:37,"I know I should be worried about the breadth of the market, says Jim Cramer",'Mad Money' host Jim Cramer talks the current state of the market and what is moving this tape.,CNBC,company
META,2026-09-28 19:29:11,Jim Cramer uses history to make sense of current inflation levels,'Mad Money' host Jim Cramer talks the current state of the market and what is moving this tape.,CNBC,company
NVDA,2026-09-28 19:29:11,Jim Cramer uses history to make sense of current inflation levels,'Mad Money' host Jim Cramer talks the current state of the market and what is moving this tape.,CNBC,company
AMZN,2026-09-28 19:30:20,Mark Zuckerberg's Muse Remains Locked Out As Amazon Says Meta Never Got Permission; Cathie Wood's ARK Calls It A 'Great Test' For Loyalty,"ARK Invest CEO Cathie Wood agreed with analyst Nick Grous that Amazon.com, Inc.‘s holdout from Meta Platforms Inc.‘s Muse sets up “a great test” of customer loyalty and the promise of agentic commerce. “Indeed,” Wood said in a post on...",Yahoo,company
GOOGL,2026-09-28 19:31:07,How Has Alphabet Stock's Story Changed?,"Alphabet's management has changed what it talks about on its earnings calls. In April 2024, managing its own cost base was a major strategic focus. By July 2026, spending on AI infrastructure had taken center stage. Management plans 2026 capital spending of $195 billion to $205 billion. The plan exceeds the $185.7 billion of cash its operations made over the past year. How did Alphabet shift so rapidly from cost discipline to record-breaking capital spending.",Yahoo,company
MSFT,2026-09-28 19:31:07,How Has Alphabet Stock's Story Changed?,"Alphabet's management has changed what it talks about on its earnings calls. In April 2024, managing its own cost base was a major strategic focus. By July 2026, spending on AI infrastructure had taken center stage. Management plans 2026 capital spending of $195 billion to $205 billion. The plan exceeds the $185.7 billion of cash its operations made over the past year. How did Alphabet shift so rapidly from cost discipline to record-breaking capital spending.",Yahoo,company
AMZN,2026-09-28 19:31:07,How Has Alphabet Stock's Story Changed?,"Alphabet's management has changed what it talks about on its earnings calls. In April 2024, managing its own cost base was a major strategic focus. By July 2026, spending on AI infrastructure had taken center stage. Management plans 2026 capital spending of $195 billion to $205 billion. The plan exceeds the $185.7 billion of cash its operations made over the past year. How did Alphabet shift so rapidly from cost discipline to record-breaking capital spending.",Yahoo,company
META,2026-09-28 19:31:07,How Has Alphabet Stock's Story Changed?,"Alphabet's management has changed what it talks about on its earnings calls. In April 2024, managing its own cost base was a major strategic focus. By July 2026, spending on AI infrastructure had taken center stage. Management plans 2026 capital spending of $195 billion to $205 billion. The plan exceeds the $185.7 billion of cash its operations made over the past year. How did Alphabet shift so rapidly from cost discipline to record-breaking capital spending.",Yahoo,company
AAPL,2026-09-28 19:31:07,How Has Alphabet Stock's Story Changed?,"Alphabet's management has changed what it talks about on its earnings calls. In April 2024, managing its own cost base was a major strategic focus. By July 2026, spending on AI infrastructure had taken center stage. Management plans 2026 capital spending of $195 billion to $205 billion. The plan exceeds the $185.7 billion of cash its operations made over the past year. How did Alphabet shift so rapidly from cost discipline to record-breaking capital spending.",Yahoo,company
JNJ,2026-09-28 19:31:32,Can J&J’s Partnership Drive More Upside for Nanobiotix?,"Guggenheim has assumed coverage of Nanobiotix S.A. (NASDAQ:NBTX) with a Buy rating and a $64 price target on September 15, putting the company’s Johnson & Johnson-partnered JNJ-1900 at the center of its investment thesis. The analyst’s attention is particularly focused on NANORAY-312, the pivotal Phase 3 study evaluating JNJ-1900 in patients with locally advanced head […]",Yahoo,company
AAPL,2026-09-28 19:33:43,A US Jury Orders Apple (AAPL) to Pay a Record $5.7 Billion in a Patent Case,"Apple Inc. (NASDAQ:AAPL) has been ordered by a United States jury to pay about $5.7 billion over patents covering haptic technology, the vibration feedback that makes a phone buzz under a fingertip. The award is the largest of its kind ever handed down in an American patent case. The shares closed at $341.07, up 1.53%. […]",Yahoo,company
NVDA,2026-09-28 19:36:44,Nvidia Drops Massive Number on Anthropic AI Spending,One infrastructure number changes the Nvidia demand debate,Yahoo,company
MSFT,2026-09-28 19:39:07,"Meta Just Put Microsoft, Salesforce and ServiceNow on Notice",Meta is taking its AI technology deeper into corporate software with a new enterprise platform led by MongoDB's outgoing CEO.,Yahoo,company
META,2026-09-28 19:39:07,"Meta Just Put Microsoft, Salesforce and ServiceNow on Notice",Meta is taking its AI technology deeper into corporate software with a new enterprise platform led by MongoDB's outgoing CEO.,Yahoo,company
MSFT,2026-09-28 19:41:11,"Meta Platform Takes Aim at Salesforce, ServiceNow With AI Push",A new AI competitor just entered enterprise software,Yahoo,company
META,2026-09-28 19:41:11,"Meta Platform Takes Aim at Salesforce, ServiceNow With AI Push",A new AI competitor just entered enterprise software,Yahoo,company
AMZN,2026-09-28 19:43:15,"Amazon, Walmart Face Record $275 Billion Holiday Rush",Record spending could come with a costly promotional battle,Yahoo,company
JNJ,2026-09-28 19:44:40,Can J&J’s Latest Trial Win Strengthen its Neuroscience Business?,Johnson & Johnson’s (NYSE:JNJ) $14.6 billion acquisition of Intra-Cellular Therapies has gained another potential growth avenue after Caplyta met the main goal of a late-stage study in bipolar mania. J&J said Caplyta significantly reduced symptoms of bipolar mania compared with placebo in the Phase 3 trial. Patients began showing improvement as early as three days […],Yahoo,company
AMZN,2026-09-28 19:44:57,Amazon Has a $10 Billion Holiday Catalyst Coming in October,Adobe expects U.S. consumers to spend $10 billion during Amazon's October Prime Day event as online holiday sales head toward another record.,Yahoo,company
GOOGL,2026-09-28 19:49:00,"Top Research Reports for Alphabet, Mastercard & AbbVie","Alphabet's AI-led cycle is strengthening Search, Cloud and subscriptions, while rising investment and regulatory risks create uncertainty around returns.",Yahoo,company
MSFT,2026-09-28 19:52:20,Can CoreWeave’s (CRWV) Computing Advantage Become a Lasting Moat?,"CoreWeave, Inc. (NASDAQ:CRWV) has become one of the market’s more closely watched infrastructure stocks. Revenue is expected to more than double this year and again next year, yet the company is still losing money and isn’t expected to become profitable anytime soon. Its stock is also down 32.6% over the past 12 months. That disconnect […]",Yahoo,company
AMZN,2026-09-28 19:52:20,Can CoreWeave’s (CRWV) Computing Advantage Become a Lasting Moat?,"CoreWeave, Inc. (NASDAQ:CRWV) has become one of the market’s more closely watched infrastructure stocks. Revenue is expected to more than double this year and again next year, yet the company is still losing money and isn’t expected to become profitable anytime soon. Its stock is also down 32.6% over the past 12 months. That disconnect […]",Yahoo,company
JPM,2026-09-28 19:53:18,Can JPMorgan’s $20 Billion QIA Partnership Strengthen its Global Asset Management Business?,"JPMorgan Chase & Co.’s (NYSE:JPM) asset management arm is set to deepen its relationship with one of the world’s largest sovereign wealth funds through a planned $20 billion partnership with the Qatar Investment Authority (QIA). The preliminary agreement spans both public and private markets, and the company stated that JPMorgan Asset Management will manage $15 […]",Yahoo,company
MSFT,2026-09-28 19:56:05,Veteran marketer defends controversial Sydney Sweeney jeans ad campaign: The publicity was 'worth billions',Veteran marketer Mark Penn has no regrets about signing off on the viral Sydney Sweeney American Eagle Outfitters jeans ad.,Yahoo,company
AAPL,2026-09-28 19:57:00,Nvidia’s $235 Billion Buyback Shows Who Is Really Winning the AI Boom,Nvidia stock buybacks allow investors to effectively get future cash flows from the AI boom paid up front.,Yahoo,company
AMZN,2026-09-28 19:57:00,Nvidia’s $235 Billion Buyback Shows Who Is Really Winning the AI Boom,Nvidia stock buybacks allow investors to effectively get future cash flows from the AI boom paid up front.,Yahoo,company
META,2026-09-28 19:57:04,Sector Update: Tech Stocks Fall Late Afternoon,"Tech stocks were lower late Monday afternoon, with the State Street Technology Select Sector SPDR ET",Yahoo,company
AMZN,2026-09-28 20:03:03,Amazon (AMZN) vs. Alibaba (BABA): Which AI Bet Is Starting to Pay Off?,"Amazon.com, Inc. (NASDAQ:AMZN) and Alibaba Group Holding Limited (NYSE:BABA) have more in common than their e-commerce roots suggest. Both are now making enormous bets on artificial intelligence, and cloud computing is emerging as an increasingly important part of their investment theses. But the market is valuing the two companies differently, and their earnings trajectories are […]",Yahoo,company
META,2026-09-28 20:10:18,What Meta 'really' has to do to succeed at the enterprise this time around,WestEnd Capital Management senior equity analyst Ali Mogharabi sits down with Market Domination host Josh Lipton to discuss Meta's (META) recently announced enterprise unit.,Yahoo,company
META,2026-09-28 20:12:31,"Meta carves out enterprise offerings, brings in new leadership","The consumer-focused provider faces several hurdles in earning the trust of enterprise CIOs, Gartner’s Arun Chandrasekaran said.",Yahoo,company
META,2026-09-28 20:14:00,OpenAI DevDay: Can ‘O’ Take the Spotlight From Meta?,OpenAI is expected to make some major announcements at its annual developer conference on Tuesday as competition heats up over AI agents and concerns intensify around cybersecurity.  The 2026 DevDay will kick off with a keynote by CEO Sam Altman at 1 p.m. ET.,Yahoo,company
META,2026-09-28 20:20:18,Why MongoDB Sank Today,"In a rather shocking move, MongoDB's CEO left the company to head Meta's new enterprise platform.",Yahoo,company
META,2026-09-28 20:23:00,Meta Stock Drops. Why the Muse AI Rally Is Already Cooling Off.,The shares have jumped more than 30% in September but are on track for the first time back-to-back losses since mid-August.,Yahoo,company
JPM,2026-09-28 20:27:18,JPMorgan Names Stocks Most Exposed to Agentic AI,AI agents could weaken control over valuable customer traffic,Yahoo,company
AAPL,2026-09-28 20:29:38,Broadcom vs. Marvell Technology: Which Semiconductor Stock Is a Better Buy in 2026?,Broadcom has locked-in AI revenue commitments from some of the most important companies in the industry. Marvell is growing faster but leans heavily on a small number of hyperscaler relationships.,Yahoo,company
META,2026-09-28 20:30:08,Scoop: Meta elevates Tucker Bounds to lead comms; David Ginsberg shifts to new AI role,"Longtime Meta executive David Ginsberg is shifting to a new AI-focused innovation role, according to a staff memo obtained by Axios. Tucker Bounds, another Meta veteran, will be elevated to head of communications and public affairs in his stead.",Yahoo,company
NVDA,2026-09-28 20:31:00,"Not Nvidia, Not AMD. Broadcom's Custom Silicon Business Is Quietly Becoming an AI Chip Powerhouse",Broadcom's AI revenue growth trajectory suggests that it is becoming a major player in a lucrative market.,Yahoo,company
META,2026-09-28 20:33:00,"Nvidia, Micron, Meta, Kodiak Sciences, MongoDB, SpaceX, and More Stocks That Explain Today’s Market","FEATURE  Stocks fell Monday as waning peace talks between the U.S. and Iran drove oil prices and bond yields higher.  Nvidia rose 2.2%. The chip maker said it would launch the largest-ever U.S. stock buyback of $150 billion, bringing the total buyback authorization to $235 billion.",Yahoo,company
JNJ,2026-09-28 20:33:25,$85 Billion And Counting: JNJ Stock's Steady Cash-Return Habit,"A healthcare giant sent a torrent of cash back to its owners, but the real story is what that money did, and did not, buy for the stock.",Yahoo,company
NVDA,2026-09-28 20:34:25,"Stock Market Today: Dow Ends Lower But Nvidia Pops On This; Leisure Play Tests Entry, MongoDB Dives",Stock Market Today: The Dow Jones index falls Monday as President Trump rejects Iran's bid to end Middle East fighting.,Yahoo,company
PG,2026-09-28 20:34:25,"Stock Market Today: Dow Ends Lower But Nvidia Pops On This; Leisure Play Tests Entry, MongoDB Dives",Stock Market Today: The Dow Jones index falls Monday as President Trump rejects Iran's bid to end Middle East fighting.,Yahoo,company
NVDA,2026-09-28 20:35:00,Bitcoin ETFs Are Seeing Their Biggest Inflows Since October 2025. Is Bitcoin Finally Back?,The world's top cryptocurrency is attracting renewed attention from institutional investors.,Yahoo,company
META,2026-09-28 20:35:13,MongoDB Plunges 18% as Meta Taps CEO To Lead New AI Platform | Closing Bell,"Comprehensive cross-platform coverage of the U.S. market close on Bloomberg Television, Bloomberg Radio, and YouTube with Romaine Bostick, Emily Graffeo, Carol Massar and Tim Stenovec.",Yahoo,company
META,2026-09-28 20:38:36,Meta’s Muse Is BLOWING Minds…. But At What Cost?,"Meta has officially launched Muse, a powerful new personal agent that is completely transforming how consumers interact with AI. During a recent episode of The AI Investor Podcast, Eric Bleeker and Austin Smith discussed the massive launch and why it sent the stock surging 12% to trade near all-time highs. Unlike previous consumer AI models that struggled with resource limits, Muse delivers secure, sandboxed personal environments with dedicated virtual machines and private browsers to keep your data completely locked down. With active users skyrocketing at a historic pace and even major publications praising its seamless capabilities, consumer-agentic AI has officially arrived. Eric and Austin also looked at the broader tech rally - including Intel's major moves- to discuss the privacy trade-offs, security concerns, and real-world use cases that every investor needs to know.",Yahoo,company
AAPL,2026-09-28 20:41:37,Nvidia Just Put a Record $150 Billion Behind Its Own Stock,Nvidia now has $235 billion available for share repurchases as its forward earnings multiple falls to its lowest level in more than a decade.,Yahoo,company
NVDA,2026-09-28 20:41:37,Nvidia Just Put a Record $150 Billion Behind Its Own Stock,Nvidia now has $235 billion available for share repurchases as its forward earnings multiple falls to its lowest level in more than a decade.,Yahoo,company
NVDA,2026-09-28 20:42:23,SK Hynix Stock Falls 5.1% as Rubin Memory Moves Into View,"The display confirms HBM4 and SOCAMM2 integration, but customer volume and pricing remain undisclosed.",Yahoo,company
NVDA,2026-09-28 20:42:43,"Michael Burry Swaps MU, NBIS, NVDA, PLTR Shorts For Puts — Says AI Bubble May Burst ‘Sooner Than Later’","Burry has replaced his common-stock shorts with put options across several AI-linked names, saying new research has convinced him to move his timelines forward.",Yahoo,company
NVDA,2026-09-28 20:44:49,Did The Market Read Marvell Stock Right?,"Marvell Technology (MRVL) stock fell 7.3% on Monday, September 14. A $10,000 holding at the prior close was worth about $9,270 when trading ended that day. That fall is hard to explain from the company alone. Less than three weeks earlier, management had raised its revenue forecast for fiscal 2028. Did the market read Marvell stock right that Monday.",Yahoo,company
AMZN,2026-09-28 20:45:02,Why Amazon (AMZN) Dipped More Than Broader Market Today,"Amazon (AMZN) concluded the recent trading session at $246.15, signifying a -1.41% move from its prior day's close.",Yahoo,company
JPM,2026-09-28 20:45:03,Why JPMorgan Chase & Co. (JPM) Dipped More Than Broader Market Today,"The latest trading day saw JPMorgan Chase & Co. (JPM) settling at $336.59, representing a -1.89% change from its previous close.",Yahoo,company
XOM,2026-09-28 20:45:04,Exxon Mobil Holdings (XOM) Gains As Market Dips: What You Should Know,"The latest trading day saw Exxon Mobil Holdings (XOM) settling at $162.53, representing a +1.21% change from its previous close.",Yahoo,company
MSFT,2026-09-28 20:45:04,Here's Why Microsoft (MSFT) Fell More Than Broader Market,"The latest trading day saw Microsoft (MSFT) settling at $509.68, representing a -1.26% change from its previous close.",Yahoo,company
META,2026-09-28 20:45:47,MongoDB Stock Crashes Nearly 20% After CEO Desai Leaves to Meta,MongoDB Stock Takes a Brutal Hit as CEO Desai Leaves for Meta,Yahoo,company
NVDA,2026-09-28 20:47:15,Nvidia Stock Rises As AI Chipmaker Plans Huge Share Buyback,Nvidia signaled that it believes its stock is undervalued by announcing a huge increase to its share repurchase program.,Yahoo,company
NVDA,2026-09-28 20:47:22,AMD’s $8.2B bet on World Labs is a direct shot at Nvidia’s AI dominance,"Investing.com -- Shares of Advanced Micro Devices (NASDAQ: AMD) barely flinched in after-hours trading, but the chipmaker just executed a massive structural play: an $8.2 billion all-stock buyout of World Labs, the spatial-intelligence powerhouse led by AI legend Dr. Fei-Fei Li.",Yahoo,company
MSFT,2026-09-28 20:48:09,Former Microsoft strategy chief explains why most digital ads 'are not very good' — and how AI will help,"Internet ads are ineffective, Stagwell CEO Mark Penn is quick to point out, and AI could make a chance to make them better.",Yahoo,company
NVDA,2026-09-28 20:48:52,"Dow Jones Futures: Trump Sparks Stock Market Losses; Elon Musk-Led SpaceX, Tesla In Focus","Dow Jones Futures: Trump rejected Iran's proposal, sending the stock market lower. Elon Musk-led SpaceX and Tesla fell sharply.",Yahoo,company
AAPL,2026-09-28 20:49:58,Mezzi CEO reveals if customers take wealth management advice from AI,"Mezzi Co-Founder and CEO Manish Jain joins Asking For A Trend host Josh Lipton to discuss the company's study on whether its customers were taking wealth management advice from its personalized AI, with results showing that 36% of buy advice led to a purchase within 10 trading days.",Yahoo,company
GOOGL,2026-09-28 20:49:58,Mezzi CEO reveals if customers take wealth management advice from AI,"Mezzi Co-Founder and CEO Manish Jain joins Asking For A Trend host Josh Lipton to discuss the company's study on whether its customers were taking wealth management advice from its personalized AI, with results showing that 36% of buy advice led to a purchase within 10 trading days.",Yahoo,company
PG,2026-09-28 20:50:03,Procter & Gamble (PG) Advances While Market Declines: Some Information for Investors,"In the closing of the recent trading day, Procter & Gamble (PG) stood at $148.95, denoting a +1.86% move from the preceding trading day.",Yahoo,company
NVDA,2026-09-28 20:52:16,Why BlackLine Stock Was Sliding Today,An analyst downgraded his recommendation on the highly specialized software developer.,Yahoo,company
MSFT,2026-09-28 21:00:00,TTEC Digital achieves the 2026-2027 Microsoft AI Business Solutions Inner Circle award for 11th consecutive year,"Recognition reflects TTEC Digital's leadership in helping enterprises scale AI, modernize operations, and drive measurable business outcomesAUSTIN, Texas, Sept. 28, 2026 (GLOBE NEWSWIRE) -- TTEC Digital, one of the largest pure-play customer experience (CX) solutions partners for data, AI, and observability and security, today announced it has earned the Microsoft AI Business Solutions Inner Circle award for 2026-2027. This marks TTEC Digital's eleventh consecutive year earning Inner Circle memb",Yahoo,company
AMZN,2026-09-28 21:00:21,"ChatGPT Asks & David Answers, Vol. 4",ChatGPT challenges The Motley Fool co-founder with five questions.,Yahoo,company
NVDA,2026-09-28 21:00:21,"ChatGPT Asks & David Answers, Vol. 4",ChatGPT challenges The Motley Fool co-founder with five questions.,Yahoo,company
GOOGL,2026-09-28 21:05:01,The S&P 500 Has Only Grown Earnings This Fast Twice Before. History Says This Is What Happens Next,Investors are wondering what stage of the AI boom we're at. The dot-com era offers some clues.,Yahoo,company
AMZN,2026-09-28 21:05:01,The S&P 500 Has Only Grown Earnings This Fast Twice Before. History Says This Is What Happens Next,Investors are wondering what stage of the AI boom we're at. The dot-com era offers some clues.,Yahoo,company
NVDA,2026-09-28 21:05:01,The S&P 500 Has Only Grown Earnings This Fast Twice Before. History Says This Is What Happens Next,Investors are wondering what stage of the AI boom we're at. The dot-com era offers some clues.,Yahoo,company
NVDA,2026-09-28 21:06:53,Intel vs. Nvidia: Which Semiconductor Stock Is a Better Buy in 2026?,Nvidia sits at the center of the AI build-out with demand that keeps accelerating. Intel is executing its most impressive turnaround in 15 years.,Yahoo,company
GOOGL,2026-09-28 21:08:37,Top 3 Cash Flow Stocks To Watch In September 2026,"Bond markets are edging toward a classic warning sign, with the US yield curve close to inversion as investors worry that higher interest rates could pressure growth. When fear rises, cash rich businesses trading below their estimated fair value can slip through the cracks. This article highlights three US stocks that our cash flow focused screener flags as potentially mispriced opportunities for long term, value minded investors. The stocks covered below are just a small sample. The full...",Yahoo,company
NVDA,2026-09-28 21:18:28,What Nvidia's $150 billion stock buyback means for shareholders and potential investors,Nvidia is launching the largest-ever U.S. stock buyback. Here's what the plan could mean for current shareholders and prospective investors.,Yahoo,company
GOOGL,2026-09-28 21:18:28,What Nvidia's $150 billion stock buyback means for shareholders and potential investors,Nvidia is launching the largest-ever U.S. stock buyback. Here's what the plan could mean for current shareholders and prospective investors.,Yahoo,company
AAPL,2026-09-28 21:18:28,What Nvidia's $150 billion stock buyback means for shareholders and potential investors,Nvidia is launching the largest-ever U.S. stock buyback. Here's what the plan could mean for current shareholders and prospective investors.,Yahoo,company
META,2026-09-28 21:18:28,What Nvidia's $150 billion stock buyback means for shareholders and potential investors,Nvidia is launching the largest-ever U.S. stock buyback. Here's what the plan could mean for current shareholders and prospective investors.,Yahoo,company
AAPL,2026-09-28 21:19:59,Motorola (MSI) Has Cash to Deploy. Where Can it Create the Most Value?,"On September 9, Motorola Solutions, Inc. (NYSE:MSI) announced that its Board of Directors approved a $2 billion expansion to its share repurchase program, raising the company’s cumulative repurchase authorization since July 2011 to $20 billion. The updated program has no fixed expiration date and builds on the company’s previously authorized $18 billion buyback plan, which […]",Yahoo,company
NVDA,2026-09-28 21:20:00,Is Oracle Stock a Buy Now?,"Revenue grew 30% last quarter, yet the market continues to punish the stock.",Yahoo,company
NVDA,2026-09-28 21:20:17,"MongoDB, Kodiak Sciences, Navitas Semiconductor, Boeing and Nvidia: Why These 5 Stocks Are on Investors' Radars Today","Major U.S. indices closed lower on Monday, with the Dow Jones Industrial Average falling 0.67% to 51,481.51.",Benzinga,company
NVDA,2026-09-28 21:21:12,CNBC Daily Open: From need for speed to seatbelts — AI majors focus on risk aversion,"For the longest time, artificial intelligence companies competed to make each new model faster and smarter. Ostensibly, there's now a push to exercise restraint.",CNBC,company
NVDA,2026-09-28 21:25:57,Why Lexicon Pharmaceuticals Stock Popped by Almost 6% Today,An analyst at a prominent research firm initiated coverage of the,Yahoo,company
META,2026-09-28 21:26:23,Meta Just Launched Its New Charm Gadget for Muse AI. What This Means for META Stock.,Meta recently launched its Muse Charm gadget for its popular personal AI agent.,Yahoo,company
GOOGL,2026-09-28 21:28:53,Nokia (NOK) is Getting More Exposure to AI Spending. Is the Opportunity Bigger than it Looks?,"On September 9, Shares of Nokia Oyj (NYSE:NOK) rose 3% to $10.98 following Google’s announcement of a €13 billion investment to expand its AI infrastructure and cloud footprint in Hamina, Finland. Google highlighted that its Hamina site, part of a 43-region network, allows local entities like Nokia to deliver high-performance, low-latency services and scale AI […]",Yahoo,company
META,2026-09-28 21:31:13,"Meta elevates Bounds to lead PR, shifts Ginsberg to AI unit - Axios","Investing.com -- Meta Platforms Inc (NASDAQ:META) is reorganizing its communications and public affairs leadership, elevating long-time company executive Tucker Bounds to head global communications while transitioning predecessor David Ginsberg into an artificial intelligence product role, according to internal memos obtained by Axios. The strategic shuffle positions Bounds to oversee Meta’s public messaging across corporate, product, internal, and CEO communications during a period of mounting",Yahoo,company
NVDA,2026-09-28 21:32:12,Nvidia stock sends investors a $150 billion signal,The AI giant’s latest move puts shareholder returns in focus,Yahoo,company
META,2026-09-28 21:36:30,Investors Concerned As Google Again Playing From Behind,"Is Alphabet falling behind in the artificial intelligence race, or is a massive market comeback just around the corner? In a recent episode of The AI Investor Podcast, co-hosts Eric Bleeker and Austin Smith broke down the ripple effects of Meta’s revolutionary Muse launch and what it means for major tech giants and AI stock investing. They examined why Google has historically dominated user login data and operating systems, and whether Alphabet can catch up to the new wave of agentic AI. Should Alphabet investors be concerned or might there be a killer new version of Gemini right around the corner that's ready to turn investor jeers into cheers?",Yahoo,company
GOOGL,2026-09-28 21:36:30,Investors Concerned As Google Again Playing From Behind,"Is Alphabet falling behind in the artificial intelligence race, or is a massive market comeback just around the corner? In a recent episode of The AI Investor Podcast, co-hosts Eric Bleeker and Austin Smith broke down the ripple effects of Meta’s revolutionary Muse launch and what it means for major tech giants and AI stock investing. They examined why Google has historically dominated user login data and operating systems, and whether Alphabet can catch up to the new wave of agentic AI. Should Alphabet investors be concerned or might there be a killer new version of Gemini right around the corner that's ready to turn investor jeers into cheers?",Yahoo,company
NVDA,2026-09-28 21:37:07,Gecko Robotics & Nvidia team up to put guardrails on AI,Gecko Robotics CEO Jake Loosararian explains what the partnership aims to achieve.,Yahoo,company
NVDA,2026-09-28 21:37:31,"AMD Bolsters AI Vision With $8.2B Acquisition Of Fei-Fei Li’s World Labs, Stock Drops 4%","Advanced Micro Devices Inc. entered into a definitive $8.2 billion all-stock deal to acquire AI startup World Labs, bringing in pioneer Dr. Fei-Fei Li and her team.",Yahoo,company
MSFT,2026-09-28 21:41:27,Nokia (NOK) and Microsoft (MSFT) are Expanding Their AI Reach. Can the Opportunity Translate into Returns?,"It was reported on September 17 that Nokia Oyj (NYSE:NOK) is extending its partnership with Microsoft Corporation (NASDAQ:MSFT) to build an agentic, unified data foundation combining Nokia Data Suite with Microsoft Fabric to enable AI-driven telecommunications network operations. The collaboration integrates network data products with Microsoft’s cloud analytics and AI capabilities, allowing operators to access […]",Yahoo,company
AAPL,2026-09-28 21:41:30,Dell Stock Looks Less Expensive Once You Count The AI Backlog,"Dell Technologies (DELL) stock has more than quadrupled over the past year, while the S&P 500 gained 18% (as of September 25, 2026). At about 32 times trailing earnings, it looks stretched. Those earnings are adjusted: normalized net income with stock-based compensation added back, a measure defined differently from the analyst forecasts behind the forward multiples. Yet most of what makes the stock look cheaper sits in a year Dell has already guided and half reported.",Yahoo,company
NVDA,2026-09-28 21:45:17,Nvidia launches tool to keep AI from going rogue,Clare Duffy reports on the new Nvidia Open Agent Safety Platform.,Yahoo,company
GOOGL,2026-09-28 21:53:00,"Crusoe Developing Data Center Campus in Armstrong County, Texas","Data center to be built at the source of West Texas clean energyCLAUDE, Texas, Sept. 28, 2026 (GLOBE NEWSWIRE) -- Crusoe, the AI factory company, today announced it is the developer of Google’s data center campus under construction in Armstrong County outside of Amarillo. The campus is engineered to provide capacity to power advanced AI. “Building the future of AI requires a new kind of infrastructure, starting with energy. Crusoe’s strategy is to build AI factories directly at the source of abu",Yahoo,company
META,2026-09-28 21:58:36,Why MongoDB (MDB) Stock Is Nosediving,"Shares of database platform company MongoDB (NASDAQ:MDB) fell 22.3% in the pre-market session after the company announced that President and Chief Executive Officer Chirantan ""CJ"" Desai resigned abruptly to lead an enterprise artificial intelligence initiative at Meta Platforms, Inc.",Yahoo,company
GOOGL,2026-09-28 22:00:00,Alphabet: Buy Before It Cashes In On Its TPUs,"Google Cloud's accelerating growth, Gemini adoption, and $514B backlog provide substantial AI-driven revenue visibility for Alphabet. Read why GOOGL stock is a Buy.",SeekingAlpha,company
NVDA,2026-09-28 22:02:01,SpaceX's Starship Just Reached Orbit For The First Time. Is it Lift-Off Time For The Stock?,Starship finally made it to orbit and delivered real satellites.,Yahoo,company
NVDA,2026-09-28 22:05:00,What's Wrong With Netflix Stock?,"Despite double-digit revenue growth, the stock has struggled to rebound.",Yahoo,company
MSFT,2026-09-28 22:11:41,Forget SPY: Invesco’s Fund Gives the Smallest S&P 500 Company the Same Say as the Largest,"SPY hands most of your money to a handful of giants, but one rival fund treats the smallest S&P 500 company as an equal to the largest. The tradeoff is stranger than it sounds, and the recent returns reveal a tension every index investor should weigh.",Yahoo,company
NVDA,2026-09-28 22:11:41,Forget SPY: Invesco’s Fund Gives the Smallest S&P 500 Company the Same Say as the Largest,"SPY hands most of your money to a handful of giants, but one rival fund treats the smallest S&P 500 company as an equal to the largest. The tradeoff is stranger than it sounds, and the recent returns reveal a tension every index investor should weigh.",Yahoo,company
AAPL,2026-09-28 22:11:41,Forget SPY: Invesco’s Fund Gives the Smallest S&P 500 Company the Same Say as the Largest,"SPY hands most of your money to a handful of giants, but one rival fund treats the smallest S&P 500 company as an equal to the largest. The tradeoff is stranger than it sounds, and the recent returns reveal a tension every index investor should weigh.",Yahoo,company
NVDA,2026-09-28 22:18:51,Is Micron Stock a Sell After This Weekend's Negative AI News?,Many investors chose to bail on the hardware maker's shares on Monday.,Yahoo,company
NVDA,2026-09-28 22:30:01,Nvidia’s Latest $150 Billion Move Delivers a Clear Message to Investors About What’s Next for the Stock.,Nvidia’s earnings are soaring as the AI boom marches on.,Yahoo,company
XOM,2026-09-28 22:30:36,"Crescent Energy and Kosmos Energy Stocks Trade Up, What You Need To Know",A number of stocks jumped in the pre-market session after crude oil prices jumped following President Donald Trump’s rejection of an Iranian proposal to reopen the Strait of Hormuz.,Yahoo,company
NVDA,2026-09-28 22:38:36,Why Nvidia (NVDA) Stock Is Trading Up Today,"Shares of leading designer of graphics chips Nvidia (NASDAQ:NVDA) jumped 2.7% in the morning session after the company authorized an additional $150 billion for its share buyback program, taking the total authorization to $235 billion.",Yahoo,company
NVDA,2026-09-28 22:46:27,Nvidia’s Glass Packaging Push Could Reshape AI Chips,The next leap in Nvidia's AI performance may have nothing to do with the GPU itself. A shift in the material holding these chips together could determine how much memory fits in a package and how fast costs spiral upward.,Yahoo,company
AAPL,2026-09-28 22:50:00,1 Monster AI Stock Greg Abel and Warren Buffett Are Extremely Bullish On,The legendary investor and his successor have transitioned Berkshire Hathaway's public equities portfolio toward a willingness to bet on tech companies.,Yahoo,company
NVDA,2026-09-28 22:50:00,1 Monster AI Stock Greg Abel and Warren Buffett Are Extremely Bullish On,The legendary investor and his successor have transitioned Berkshire Hathaway's public equities portfolio toward a willingness to bet on tech companies.,Yahoo,company
GOOGL,2026-09-28 22:50:00,1 Monster AI Stock Greg Abel and Warren Buffett Are Extremely Bullish On,The legendary investor and his successor have transitioned Berkshire Hathaway's public equities portfolio toward a willingness to bet on tech companies.,Yahoo,company
META,2026-09-28 22:52:44,Meta Platforms (META): Are You Going to Buy the Promise?,"The promise is what Meta Platforms, Inc. (NASDAQ:META) can do with AI and the reward for investors. But the cost associated with the AI ambitions is steep, even for a company with deep pockets. But no pain, no gain. We’ve all heard that. Meta’s capital expenditures shot up to $31.1 billion in Q2, from $19.4 […]",Yahoo,company
JNJ,2026-09-28 22:54:06,Is Johnson & Johnson (JNJ) Building a Stronger Post-Stelara Growth Story?,"On September 25, Johnson & Johnson (NYSE:JNJ) announced top-line findings from its Phase 4 STAR study evaluating Tremfya (guselkumab) in biologic-naïve adults with active psoriatic arthritis (PsA) and axial involvement. Tremfya met primary and secondary endpoints, demonstrating improvements in axial symptoms alongside MRI-confirmed reductions in joint inflammation. As the first randomized, placebo-controlled study to prospectively […]",Yahoo,company
NVDA,2026-09-28 23:00:00,Samsung Commits $1 Billion to Helix Digital Infrastructure to Support Global AI Infrastructure Buildout,"NEW YORK, September 28, 2026--Helix Digital Infrastructure (""Helix"") and KKR today announced that Samsung has committed $1 billion to Helix, an AI infrastructure company formed by KKR to help meet the growing infrastructure needs of hyperscalers, through its long-duration capital fund.",Yahoo,company
META,2026-09-28 23:02:36,Why Meta (META) Stock Is Trading Lower Today,"Shares of social network operator Meta Platforms (NASDAQ:META) fell 4.1% in the morning session as investors locked in profits following a 13% weekly rally driven by its new Muse artificial intelligence agent, while borrowing plans added pressure.",Yahoo,company
META,2026-09-28 23:03:00,OpenAI Cancels Latest Model Release Ahead of DevDay Conference: Report,"On the eve of its developer conference, OpenAI scrapped the release of its most advanced artificial intelligence model due to safety concerns.  According to a report from The Wall Street Journal, OpenAI isn’t moving ahead with the release of its GPT-6.1 Astra, which was initially slated to be announced in the coming days or weeks with a potential October debut.  Conversations surrounding the threats AI could pose to society have garnered a lot of attention following news that OpenAI’s models took “dangerous actions that no human directed,” to breach the systems of Hugging Face, another AI company.",Yahoo,company
GOOGL,2026-09-28 23:06:34,AMD just spent $8.2 billion to enlist the 'Godmother of AI',"In spending $8.2 billion to scoop up World Labs, AMD CEO Lisa Su has gained the ""Godmother of AI"" and possible successor for when the time comes.",Yahoo,company
NVDA,2026-09-28 23:07:58,"S&P 500, Dow, Nasdaq Drop Under Pressure From Elevated Yields As Investors Shrug Off Trump’s Iran Sanction Relief — NVDA, BA, AMD, NVTS, CBRS In Focus","President Donald Trump was open to providing sanctions relief to Iran on nuclear matters, CNN and Axios reported.",Yahoo,company
NVDA,2026-09-28 23:16:06,3 Australian AI Stocks For September 2026,"Nvidia’s record A$150b share buyback plan has put a bright global spotlight on AI hardware and software, and Australian AI players are riding that wave of attention. When a giant commits that much capital, it signals how seriously industry leaders treat this technology shift. This article highlights three Australian AI related stocks from our screener that could offer interesting exposure to this theme. The three ASX stocks below are just a starting sample of the AI theme. The full Simply...",Yahoo,company
NVDA,2026-09-28 23:17:00,Use This Zacks Tool to Find Strong AI Stocks,"For investors with confidence in a specific market niche, Zacks Thematic Investment Screens has you covered with over 30 dynamic investment themes.",Yahoo,company
NVDA,2026-09-28 23:21:03,Samsung to Invest $1 Billion in KKR’s AI Infrastructure Company,"Samsung Group companies including Samsung Electronics Co. agreed to invest a combined $1 billion in Helix Digital Infrastructure, a KKR & Co.-backed US company, deepening the South Korean conglomerate’s push into the rapidly expanding artificial-intelligence infrastructure market.",Yahoo,company
NVDA,2026-09-28 23:34:01,Sandisk Jumped 22% the Day After Micron's Last Report. Micron Reports Again Wednesday.,The memory giant's summer quarter spans around two months of the flash specialist's current one.,Yahoo,company
GOOGL,2026-09-28 23:34:11,"Robotaxi Firms Quietly Growing Real Estate Footprint, Even Where They're Not Yet Legal","The amount of space robotaxi companies have leased in 2026 has exceeded the total of 2022 to 2025 combined, according to Cushman & Wakefield.",Yahoo,company
AMZN,2026-09-28 23:34:11,"Robotaxi Firms Quietly Growing Real Estate Footprint, Even Where They're Not Yet Legal","The amount of space robotaxi companies have leased in 2026 has exceeded the total of 2022 to 2025 combined, according to Cushman & Wakefield.",Yahoo,company
AAPL,2026-09-28 23:50:36,Why Qualcomm (QCOM) Stock Is Down Today,"Shares of wireless chipmaker Qualcomm (NASDAQ:QCOM) fell 5.8% in the afternoon session after rally momentum faded, a Samsung 2nm pricing standoff left manufacturing talks drifting toward 2027, and chip stocks joined a broader tech selloff tied to rising yields.",Yahoo,company
META,2026-09-28 23:59:43,Is Shopify (SHOP)’s AI Opportunity Bigger Than it Looks?,"On September 23, Mizuho reiterated an Outperform rating and $180 price target on Shopify Inc. (NASDAQ:SHOP), viewing a recent stock pullback as a compelling buying opportunity. The weakness occurred after reports surfaced that Meta Platforms is planning a Meta Pay wallet for its new Muse AI assistant, causing investors to fear potential disintermediation. However, Mizuho […]",Yahoo,company
MSFT,2026-09-29 00:08:24,Should Microsoft (MSFT) Investors Worry About A $3 Trillion Hidden AI Risk?,"On 28 September 2026, Michael Burry warned that Microsoft (NasdaqGS:MSFT) and other AI firms face about US$3t in hidden investment risks. Burry argued that large AI data center projects are heavily funded through off balance sheet structures that do not appear as conventional debt. He cautioned that weaker than expected AI demand could trigger sizable writedowns and financial strain for major technology groups and their lenders. Burry's warning about US$3t of opaque AI data center...",Yahoo,company
META,2026-09-29 00:14:36,Why Atlassian (TEAM) Stock Is Down Today,"Shares of collaboration software company Atlassian (NASDAQ:TEAM) fell 4.6% in the afternoon session after Meta launched Meta Enterprise Platform, adding competitive pressure for business software just as higher yields hit rate-sensitive software stocks.",Yahoo,company
NVDA,2026-09-29 00:20:01,Nike Faces 2 Major Tests This Week. Earnings Isn't the One To Watch,"Investors are focused on earnings, but another catalyst could drive Nike's comeback.",Yahoo,company
NVDA,2026-09-29 00:33:25,Conagra Brands's Next Earnings Report on Sep. 30 2026 Could Send the Stock Soaring. Here's Why.,"After all, expectations aren't particularly high for the storied food company.",Yahoo,company
NVDA,2026-09-29 00:46:01,Prediction: Rocket Lab Stock Trades Above $100 Again Before 2029,The needed gain is roughly 14% a year -- and most of it rests on a rocket that hasn't flown yet.,Yahoo,company
NVDA,2026-09-29 00:46:36,"Palo Alto Networks (PANW) Stock Trades Up, Here Is Why",Shares of cybersecurity platform provider Palo Alto Networks (NASDAQ:PANW) jumped 5.1% in the afternoon session after BTIG raised its price target on the cybersecurity provider to $425 from $404 and reiterated a Buy rating following discussions with management.,Yahoo,company
NVDA,2026-09-29 00:51:18,"Samsung, affiliates to invest $1 billion in AI infrastructure firm Helix","Investing.com -- Samsung Electronics (KS:005930) and five affiliates will invest a combined $1 billion in Helix Digital Infrastructure, an AI infrastructure company established by investment firm KKR, as the South Korean technology group expands its exposure beyond semiconductors and into data centers, power and connectivity.",Yahoo,company
GOOGL,2026-09-29 00:55:55,Can Cloudflare (NET) Become the Gatekeeper of the AI Web?,"On September 15, Cloudflare, Inc. (NYSE:NET) announced its new Accountable designation for AI crawling alongside the launch of “Disallow AI Training.” This tool allows website owners to block AI models from scraping their content for training purposes while remaining fully indexable in traditional search results. Addressing the dilemma where publishers were forced to choose between […]",Yahoo,company
AAPL,2026-09-29 00:55:55,Can Cloudflare (NET) Become the Gatekeeper of the AI Web?,"On September 15, Cloudflare, Inc. (NYSE:NET) announced its new Accountable designation for AI crawling alongside the launch of “Disallow AI Training.” This tool allows website owners to block AI models from scraping their content for training purposes while remaining fully indexable in traditional search results. Addressing the dilemma where publishers were forced to choose between […]",Yahoo,company
MSFT,2026-09-29 00:55:55,Can Cloudflare (NET) Become the Gatekeeper of the AI Web?,"On September 15, Cloudflare, Inc. (NYSE:NET) announced its new Accountable designation for AI crawling alongside the launch of “Disallow AI Training.” This tool allows website owners to block AI models from scraping their content for training purposes while remaining fully indexable in traditional search results. Addressing the dilemma where publishers were forced to choose between […]",Yahoo,company
META,2026-09-29 01:17:00,MongoDB stock crashes 26% as its CEO jumps ship,"A former chief is back in the corner office, and the outlook hasn’t changed. Wall Street isn’t convinced that’s enough.",Yahoo,company
META,2026-09-29 01:21:11,"Anthropic Bets Big On AI, Bleeds Billions: Key Details From The Reported IPO Prospectus",Anthropic reportedly bets AI will transform the economy more than industrialization or the internet — at a staggering cost.,Benzinga,company
AMZN,2026-09-29 01:21:11,"Anthropic Bets Big On AI, Bleeds Billions: Key Details From The Reported IPO Prospectus",Anthropic reportedly bets AI will transform the economy more than industrialization or the internet — at a staggering cost.,Benzinga,company
GOOGL,2026-09-29 01:21:11,"Anthropic Bets Big On AI, Bleeds Billions: Key Details From The Reported IPO Prospectus",Anthropic reportedly bets AI will transform the economy more than industrialization or the internet — at a staggering cost.,Benzinga,company
AAPL,2026-09-29 01:21:11,"Anthropic Bets Big On AI, Bleeds Billions: Key Details From The Reported IPO Prospectus",Anthropic reportedly bets AI will transform the economy more than industrialization or the internet — at a staggering cost.,Benzinga,company
MSFT,2026-09-29 01:21:11,"Anthropic Bets Big On AI, Bleeds Billions: Key Details From The Reported IPO Prospectus",Anthropic reportedly bets AI will transform the economy more than industrialization or the internet — at a staggering cost.,Benzinga,company
META,2026-09-29 01:29:44,"Trump's AI Lunch Will Bring Together Mark Zuckerberg, Jensen Huang, Other Tech Bigwigs: Here's Who Else Is Invited","Trump is set to host top executives from Meta, Anthropic, OpenAI, Alphabet, Palantir and Nvidia at a White House AI lunch.",Benzinga,company
NVDA,2026-09-29 01:29:44,"Trump's AI Lunch Will Bring Together Mark Zuckerberg, Jensen Huang, Other Tech Bigwigs: Here's Who Else Is Invited","Trump is set to host top executives from Meta, Anthropic, OpenAI, Alphabet, Palantir and Nvidia at a White House AI lunch.",Benzinga,company
GOOGL,2026-09-29 01:29:44,"Trump's AI Lunch Will Bring Together Mark Zuckerberg, Jensen Huang, Other Tech Bigwigs: Here's Who Else Is Invited","Trump is set to host top executives from Meta, Anthropic, OpenAI, Alphabet, Palantir and Nvidia at a White House AI lunch.",Benzinga,company
NVDA,2026-09-29 01:30:38,Is CEO Jensen Huang Becoming Nvidia (NVDA)’s Most Valuable Political Asset?,"CEO of Nvidia, Jensen Huang’s influence in Washington has become one of Nvidia’s more unusual competitive assets. Late September 2026 brought confirmation of just how close that relationship has become, with Treasury Secretary Scott Bessent telling Congress that President Trump is “completely aligned” with Huang’s views on AI policy. The alignment follows Huang’s public pushback […]",Yahoo,company
META,2026-09-29 01:46:00,Meta’s AI ambitions put BlackRock’s prediction under spotlight,Mark Zuckerberg announces the Meta Enterprise Platform.,Yahoo,company
AMZN,2026-09-29 02:01:01,Meta Hasn't Split Its Stock Since Its IPO. Would a Stock Split Get It Into the Dow?,A split wouldn't change what the social media giant is worth. Might it still open the door to the Dow?,Yahoo,company
MSFT,2026-09-29 02:01:01,Meta Hasn't Split Its Stock Since Its IPO. Would a Stock Split Get It Into the Dow?,A split wouldn't change what the social media giant is worth. Might it still open the door to the Dow?,Yahoo,company
NVDA,2026-09-29 02:01:01,Meta Hasn't Split Its Stock Since Its IPO. Would a Stock Split Get It Into the Dow?,A split wouldn't change what the social media giant is worth. Might it still open the door to the Dow?,Yahoo,company
META,2026-09-29 02:01:01,Meta Hasn't Split Its Stock Since Its IPO. Would a Stock Split Get It Into the Dow?,A split wouldn't change what the social media giant is worth. Might it still open the door to the Dow?,Yahoo,company
NVDA,2026-09-29 02:01:23,Jim Cramer Got His Wish With This Mega AI Stock’s Latest Announcement,"NVIDIA Corporation (NASDAQ:NVDA) made a very important announcement on Monday as it fulfilled Jim Cramer’s long-held wish. While the CNBC TV host has ardently defended the firm throughout 2026 despite weak share price performance, he has also insisted that NVIDIA buy back its shares just like Apple did under CEO Tim Cook and CFO Luca […]",Yahoo,company
AAPL,2026-09-29 02:01:23,Jim Cramer Got His Wish With This Mega AI Stock’s Latest Announcement,"NVIDIA Corporation (NASDAQ:NVDA) made a very important announcement on Monday as it fulfilled Jim Cramer’s long-held wish. While the CNBC TV host has ardently defended the firm throughout 2026 despite weak share price performance, he has also insisted that NVIDIA buy back its shares just like Apple did under CEO Tim Cook and CFO Luca […]",Yahoo,company
NVDA,2026-09-29 02:03:00,Baird's strong agentic AI call on Micron is spot on,One analyst argues that the next leg of the AI trade runs through a corner of the chip market many overlook.,Yahoo,company
NVDA,2026-09-29 02:06:52,Nvidia's large buyback doesn't undermine growth story but volatility remains: PM,Hennessy Cornerstone Growth Fund's Josh Wein says that nothing stands out as being that frothy in Nvidia's buyback and it is a testament to their share of the market. He also says that its investments in other companies and having their toe in in a lot of different tubs is tough for investors.,CNBC,company
NVDA,2026-09-29 02:09:34,Alibaba (NYSE:BABA) Nears Approval For RTX PRO 5500 Chip Purchases In China,Alibaba Group Holding (NYSE:BABA) is expected to secure Chinese approval to purchase Nvidia RTX PRO 5500 chips under current export rules. Regulators in Beijing are reviewing the RTX PRO 5500 orders as a category of AI hardware seen as compliant with US curbs. The prospective approval would expand Alibaba's pool of Nvidia processors for use in its cloud services and in-house AI projects. The likely green light for Alibaba's RTX PRO 5500 imports sits alongside broader shifts in China AI...,Yahoo,company
META,2026-09-29 02:15:32,MongoDB (MDB): CEO Exit Puts Strategy Under Scrutiny Ahead of Investor Day,"MongoDB, Inc. (NASDAQ:MDB) is heading into its annual Investor Day with a sudden leadership transition after President and CEO Chirantan “CJ” Desai stepped down effective immediately to pursue a senior role at Meta Platforms, Inc. The company appointed former CEO Dev Ittycheria as interim President and CEO while beginning a search for a permanent successor. […]",Yahoo,company
XOM,2026-09-29 02:17:25,Imperial Oil: Another Rainy Day Stock,"As a mature, thermal-focused company, Imperial Oil offers defensible cash flow and dividends. Click here to find out why IMO stock is a Buy.",SeekingAlpha,company
META,2026-09-29 02:24:49,"Mike Johnson Says US Must ‘Strike the Right Balance’ on AI as Trump Meets Zuckerberg, Huang, Amodei and Brockman Amid Growing Safety Debate","Mike Johnson rejects an AI moratorium, urging innovation with transparency and oversight as Trump meets tech leaders amid rising concerns.",Benzinga,company
GOOGL,2026-09-29 02:24:49,"Mike Johnson Says US Must ‘Strike the Right Balance’ on AI as Trump Meets Zuckerberg, Huang, Amodei and Brockman Amid Growing Safety Debate","Mike Johnson rejects an AI moratorium, urging innovation with transparency and oversight as Trump meets tech leaders amid rising concerns.",Benzinga,company
NVDA,2026-09-29 02:24:49,"Mike Johnson Says US Must ‘Strike the Right Balance’ on AI as Trump Meets Zuckerberg, Huang, Amodei and Brockman Amid Growing Safety Debate","Mike Johnson rejects an AI moratorium, urging innovation with transparency and oversight as Trump meets tech leaders amid rising concerns.",Benzinga,company
JNJ,2026-09-29 02:33:05,Pfizer: Growth Portfolio And Cost Cuts Support A Buy Through The LOE Trough,Pfizer has a compelling risk-reward profile despite near-term COVID normalization and patent expiry headwinds. Find out why PFE stock is a Buy.,SeekingAlpha,company
XOM,2026-09-29 02:35:00,Oil Companies Enter 2027 With Their Strongest Balance Sheets in Years. Here's What to Expect Next Year.,"In 2020, when oil prices plunged, leverage in the oil sector increased; today, amid high oil prices, the story is completely different.",Yahoo,company
MSFT,2026-09-29 02:36:36,"Reported September 28, 'OpenAI Scraps Release of New AI Model Over Safety Concerns' - WSJ Exclusive",https://www.wsj.com/tech/ai/openai-chatgpt-model-release-cancel-safety-5a2f9f42,Benzinga,company
AMZN,2026-09-29 02:36:36,"Reported September 28, 'OpenAI Scraps Release of New AI Model Over Safety Concerns' - WSJ Exclusive",https://www.wsj.com/tech/ai/openai-chatgpt-model-release-cancel-safety-5a2f9f42,Benzinga,company
NVDA,2026-09-29 02:36:36,"Reported September 28, 'OpenAI Scraps Release of New AI Model Over Safety Concerns' - WSJ Exclusive",https://www.wsj.com/tech/ai/openai-chatgpt-model-release-cancel-safety-5a2f9f42,Benzinga,company
META,2026-09-29 02:36:36,"Reported September 28, 'OpenAI Scraps Release of New AI Model Over Safety Concerns' - WSJ Exclusive",https://www.wsj.com/tech/ai/openai-chatgpt-model-release-cancel-safety-5a2f9f42,Benzinga,company
NVDA,2026-09-29 02:57:01,Broadcom's Dividend Has Grown About 90-Fold Since 2010. Its Next Raise Usually Comes in December.,The yield is under 1%. But the cash behind the payout has been growing far faster than the payout itself.,Yahoo,company
NVDA,2026-09-29 02:58:49,Why Kodiak Sciences Skyrocketed Today,The biotech is developing innovative therapies for people with eye diseases.,Yahoo,company
GOOGL,2026-09-29 03:01:49,"'Anthropic's IPO Prospectus Shows Sweeping AI Vision, Surging Costs' - Reuters Exclusive",Anthropic IPO could value the company at more than $2 trillionAnthropic lost $42 billion in 2025AI lab spent $7.33 billion on compute and infrastructure last yearOperating loss widened to $8.06 billion in 2025 from,Benzinga,company
AMZN,2026-09-29 03:01:49,"'Anthropic's IPO Prospectus Shows Sweeping AI Vision, Surging Costs' - Reuters Exclusive",Anthropic IPO could value the company at more than $2 trillionAnthropic lost $42 billion in 2025AI lab spent $7.33 billion on compute and infrastructure last yearOperating loss widened to $8.06 billion in 2025 from,Benzinga,company
AMZN,2026-09-29 03:04:16,'Anthropic Leaders To Control AI Lab Via 'Founder LLC' To Promote Public Good Over Market Forces' - Reuters Exclusive,"Anthropic co-founders will have 50.1% voting power via creation of Founder LLC, Class F stockCEO Dario Amodei received nearly $18 million in 2025, filing showsClass A shareholders may have little practical influence",Benzinga,company
GOOGL,2026-09-29 03:04:16,'Anthropic Leaders To Control AI Lab Via 'Founder LLC' To Promote Public Good Over Market Forces' - Reuters Exclusive,"Anthropic co-founders will have 50.1% voting power via creation of Founder LLC, Class F stockCEO Dario Amodei received nearly $18 million in 2025, filing showsClass A shareholders may have little practical influence",Benzinga,company
NVDA,2026-09-29 03:05:39,'Nvidia Turns To Insurers To Spread The Risk of AI Build-Out' - FT,https://www.ft.com/content/d6a9f5df-08d0-4f80-ad2d-5d8a17e2cc82?syn-25a6b1a6=1 ,Benzinga,company
META,2026-09-29 03:06:46,Alexandr Wang Praises Meta's Muse for Tackling an Everyday Neighborhood Problem: 'Seriously Awesome Use Case',"Meta’s Muse autonomously reported tangled utility wires to Verizon, highlighting its ability to handle everyday tasks.",Benzinga,company
NVDA,2026-09-29 03:27:18,CNBC Daily Open: AI’s creators sound the alarm — while others keep building the infrastructure,"When the AI boom first took off, companies were competing to see what their AI models can do. Now, they reassure investors of what their models CAN'T do.",CNBC,company
NVDA,2026-09-29 03:38:28,"PANW, CRWD, ZS Lead Nasdaq-100 Gains As Nvidia's AI Agent Safety Push, Security Scares Lift Cybersecurity Stocks",AI agent adoption and fresh security concerns are boosting demand for cyber defense tools.,Yahoo,company
GOOGL,2026-09-29 03:51:59,"Google Challenges Two EU Orders, Saying Opening Services To AI Rivals And Search Data To Competitors Would Undermine Privacy Safeguards",-Reuters,Benzinga,company
JPM,2026-09-29 04:01:00,Jefferies’ Record Investment Banking Results Raise Stakes for Wall Street Giants,Jefferies shares are down 24% so far this year compared with a 2.2% gain by the S&P 500 bank industry group.,Yahoo,company
NVDA,2026-09-29 04:04:31,Nvidia turns to insurers to spread the risk of AI build-out,Nvidia has held talks with insurance companies about shouldering the risks of lending against its chips as chief executive Jensen Huang pushes...,Yahoo,company
META,2026-09-29 04:12:27,"MongoDB CEO’s Surprise Exit 'Creates More Questions Than Answers,' Analyst Says Ahead Of Investor Day","Analysts raised concerns about MongoDB’s outlook, while retail investors are extremely bullish ahead of Investor Day.",Yahoo,company
NVDA,2026-09-29 04:17:36,"Move Over, SpaceX. Anthropic Will Soon Go Public. Why It Could Be Critical for AI Stocks",Anthropic just gave Reuters a sneak peek at its prospectus.,Yahoo,company
XOM,2026-09-29 04:27:08,Can ExxonMobil Holdings (XOM) Stay Cheap With Cash Flow Growing?,"ExxonMobil Holdings has ridden a powerful multi year run, and with the stock near recent highs the key question is whether the cash the business can generate is enough to justify today’s price tag. Over the past 5 years the share price has delivered a total return of 213.8%. This puts a lot of expectations about future cash flows into the current valuation debate. Recent deals ranging from crude supply agreements in Vietnam to new carbon capture projects in Texas can influence how steady and...",Yahoo,company
META,2026-09-29 04:30:00,New Industry Survey Reinforces Nuclear's Growth Outlook,Reactor-owning utilities benefit from rising electricity demand and investments in existing and new generation. Read more here.,SeekingAlpha,company
NVDA,2026-09-29 05:05:00,"Zacks Investment Ideas feature highlights: Nvidia, Bloom Energy and Amphenol","NVDA, BE and APH remain key AI infrastructure plays as strong demand, earnings momentum and technical setups support their outlook.",Yahoo,company
NVDA,2026-09-29 05:19:58,Michael Burry Said AI Bursts in 2028. One Weekend of Research Changed That,"Michael Burry swaps Micron, Nebius, and chip ETF shorts for puts, betting the AI bubble could burst sooner rather than later.",Yahoo,company
NVDA,2026-09-29 05:21:45,Nvidia turns to insurers to spread risk of AI build-out - FT,"Investing.com -- NVIDIA Corp (NASDAQ:NVDA) has held talks with insurance companies over ways to shift part of the financing risk tied to its chips as the chipmaker seeks to expand demand beyond major technology companies, the Financial Times reported on Tuesday.",Yahoo,company
META,2026-09-29 05:30:01,Meta launches Muse for Small Business as Zuckerberg pushes beyond consumer AI market,"Following the success of its Muse personal AI agent, Meta is introducing a specialized version for small businesses.",CNBC,company
NVDA,2026-09-29 05:33:00,Stock-Split Watch: Is Meta Platforms Next?,"Meta Platforms has never completed a conventional stock split. After a nearly 30% September surge, is that finally about to change?",Yahoo,company
META,2026-09-29 05:33:00,Stock-Split Watch: Is Meta Platforms Next?,"Meta Platforms has never completed a conventional stock split. After a nearly 30% September surge, is that finally about to change?",Yahoo,company
NVDA,2026-09-29 05:42:08,Jim Cramer Says AMD’s ‘Incredible Run’ Isn’t Over,AMD gains momentum as Jim Cramer points to rising CPU demand from agentic AI workloads. Read the full update here.,Benzinga,company
META,2026-09-29 05:42:08,Jim Cramer Says AMD’s ‘Incredible Run’ Isn’t Over,AMD gains momentum as Jim Cramer points to rising CPU demand from agentic AI workloads. Read the full update here.,Benzinga,company
NVDA,2026-09-29 05:48:00,"The Zacks Analyst Blog Highlights Micron, Nvidia and Philadelphia Semiconductor Index","MU, NVDA and SOXX face a pivotal week as Micron earnings, U.S. jobs data and inflation readings test AI spending and rate expectations.",Yahoo,company
NVDA,2026-09-29 05:53:32,Pope Leo XIV Slams Nvidia CEO Jensen Huang Over His No-Government AI Regulation Stance: 'He’s The Same One...',Pope Leo XIV warns of AI risks and urges global leaders to take concerns over unregulated AI and tech restrictions seriously.,Benzinga,company
AAPL,2026-09-29 05:58:38,"Exploring The Competitive Space: Apple Versus Industry Peers In Technology Hardware, Storage &amp; Peripherals","In the ever-evolving and intensely competitive business landscape, conducting a thorough company analysis is of utmost importance for investors and industry followers. In this article, we will carry out an in-depth",Benzinga,company
NVDA,2026-09-29 06:07:22,NVIDIA Explores Insurance Shield for Chip-Backed Loans As AI Financing Push Expands,"NVIDIA trades higher premarket as it expands AI chip financing, boosts buybacks by $150B, and drives agentic AI safety innovation.",Benzinga,company
NVDA,2026-09-29 06:09:35,Is Arm (ARM) Quietly Becoming the Linchpin of Nvidia’s AI Security and Compute Strategy?,"Recently, Arm Holdings outlined how its processor designs underpin Nvidia's new OpenShell AI agent security platform, while also presenting at the 5th Global Memory Innovation Forum in 2026 to highlight its role across next-generation compute and memory ecosystems. By sitting on both the compute and enforcement sides of Nvidia's security architecture, Arm is positioning its IP as a core building block for AI safety-focused chip designs. We'll now explore how Arm's deeper involvement in...",Yahoo,company
AAPL,2026-09-29 06:12:06,What Does Apple (AAPL) Appeal Mean After A $5.7 Billion Patent Verdict?,"Apple (NasdaqGS:AAPL) was ordered by a federal jury to pay more than US$5.7b to Taction Technology over haptic patents tied to the Taptic Engine. The verdict centers on claims that Apple products infringed Taction's haptic feedback technology that interacts closely with the Taptic Engine hardware. Apple has said it plans to appeal the ruling, which keeps the legal dispute active beyond the initial jury decision. The US$5.7b haptics verdict against Apple frames a broader pattern our research...",Yahoo,company
GOOGL,2026-09-29 06:13:37,Intel: An Overlooked Business And A Ticking Clock,Intel Corporation looks good with segmental operating profit and advanced packaging driving the turnaround. See why I rate INTC stock a Buy now.,SeekingAlpha,company
AMZN,2026-09-29 06:13:37,Intel: An Overlooked Business And A Ticking Clock,Intel Corporation looks good with segmental operating profit and advanced packaging driving the turnaround. See why I rate INTC stock a Buy now.,SeekingAlpha,company
GOOGL,2026-09-29 06:23:00,"The Zacks Analyst Blog Highlights Alphabet, Mastercard, AbbVie, Perma-Pipe and ImmuCell","GOOGL, MA and ABBV headline today's research, with AI-led growth, electronic payments and strong drug portfolios shaping their outlooks.",Yahoo,company
AMZN,2026-09-29 06:30:14,SPCX CEO Elon Musk Warns Delta Will ‘Lose A Lot Of Customers’ Over Starlink Snub — Even as Rival United Already Has 600+ Jets Connected,"Elon Musk warned Delta could lose customers for lacking Starlink, while Delta chose Amazon’s satellite service.",Benzinga,company
NVDA,2026-09-29 06:32:21,Nvidia Reportedly Turns To Insurers To De-Risk AI Chip Loans As Jensen Huang Pushes Beyond Big Tech — Could This Unlock Billions For Smaller Cloud Players?,"Nvidia is exploring insurance to reduce lenders’ risk on AI-chip-backed loans, helping smaller cloud operators finance GPU infrastructure.",Benzinga,company
NVDA,2026-09-29 06:35:00,Want a $1 Million Investment Portfolio? History Says This Strategy Could Get You There.,Consistency is one of the biggest factors in making it happen.,Yahoo,company
AMZN,2026-09-29 06:36:41,DAL Stock In Focus: Elon Musk Takes Aim At Delta Over Starlink As United Airlines Expands In-Flight WiFi,Delta faces scrutiny over its in-flight WiFi strategy after Elon Musk warned it could lose customers.,Yahoo,company
NVDA,2026-09-29 06:39:38,"MU Stock Is ‘Absolutely in a Bubble,’ But Bulls Can Still Make Money, Says Analyst: ‘Best Cycle Anyone’ Has Ever Seen","Micron is in a bubble, but MU stock bulls can still profit from the &#39;best cycle ever&#39; driven by AI memory demand, says Brad Freeman.",Benzinga,company
AAPL,2026-09-29 06:39:38,"MU Stock Is ‘Absolutely in a Bubble,’ But Bulls Can Still Make Money, Says Analyst: ‘Best Cycle Anyone’ Has Ever Seen","Micron is in a bubble, but MU stock bulls can still profit from the &#39;best cycle ever&#39; driven by AI memory demand, says Brad Freeman.",Benzinga,company
META,2026-09-29 06:44:38,"Meta Launches Muse For Small Business; Makes Claim That Nothing Publishes, Sends, Or Spends Without Approval",https://about.fb.com/news/2026/09/introducing-muse-small-business/,Benzinga,company
MSFT,2026-09-29 07:00:00,Daivio Launches AI-Powered Data Analysis Workload for Microsoft Fabric,"Analysts can open a Lakehouse file, clean it, ask questions in plain language and get the answer, the SQL and a notebook without leaving Fabric. Daivio is available now in the Microsoft Fabric Workload Hub and on Microsoft Marketplace as the European Microsoft Fabric + SQL Community Conference opens in Barcelona.TEL AVIV, Israel, Sept. 29, 2026 (GLOBE NEWSWIRE) -- DATA AI ANALYSIS LTD today announced that Daivio, its AI analyst for Microsoft Fabric, is available as a workload in the Microsoft Fa",Yahoo,company
MSFT,2026-09-29 07:00:00,Atlan Brings Governed Context to Microsoft Fabric and OneLake,"BARCELONA, Spain, September 29, 2026--FabCon Europe — Atlan, the AI context platform, today announced an integration with Microsoft Fabric and OneLake to give enterprises a single, governed source of context — metric definitions, ownership, lineage, quality, and policy — that follows the data and AI agents wherever they run.",Yahoo,company
NVDA,2026-09-29 07:00:01,Nvidia's record buyback shows chipmaker's stock is too cheap for CEO Huang to resist,Nvidia is looking to spend hundreds of billions of dollars buying its stock at a time when it's historically cheap based on earnings expectations.,CNBC,company
META,2026-09-29 07:05:08,A Major Market Rotation Could Be Coming Soon,Major market rotation may be near. Learn whatâs driving it and how to allocate capital now to potentially profit from the shiftâread the full analysis...,SeekingAlpha,company
GOOGL,2026-09-29 07:05:08,A Major Market Rotation Could Be Coming Soon,Major market rotation may be near. Learn whatâs driving it and how to allocate capital now to potentially profit from the shiftâread the full analysis...,SeekingAlpha,company
MSFT,2026-09-29 07:05:08,A Major Market Rotation Could Be Coming Soon,Major market rotation may be near. Learn whatâs driving it and how to allocate capital now to potentially profit from the shiftâread the full analysis...,SeekingAlpha,company
AMZN,2026-09-29 07:05:08,A Major Market Rotation Could Be Coming Soon,Major market rotation may be near. Learn whatâs driving it and how to allocate capital now to potentially profit from the shiftâread the full analysis...,SeekingAlpha,company
MSFT,2026-09-29 07:18:42,"Anthropic Eyes Monster $2 Trillion IPO, Yet Deal Veteran Says It Won’t Be a Market Catalyst","Anthropic eyes a $2T+ IPO valuation despite $42B in losses, while M&amp;A expert Robert Kindler downplays its overall stock market impact.",Benzinga,company
META,2026-09-29 07:18:42,"Anthropic Eyes Monster $2 Trillion IPO, Yet Deal Veteran Says It Won’t Be a Market Catalyst","Anthropic eyes a $2T+ IPO valuation despite $42B in losses, while M&amp;A expert Robert Kindler downplays its overall stock market impact.",Benzinga,company
GOOGL,2026-09-29 07:18:42,"Anthropic Eyes Monster $2 Trillion IPO, Yet Deal Veteran Says It Won’t Be a Market Catalyst","Anthropic eyes a $2T+ IPO valuation despite $42B in losses, while M&amp;A expert Robert Kindler downplays its overall stock market impact.",Benzinga,company
AAPL,2026-09-29 07:18:42,"Anthropic Eyes Monster $2 Trillion IPO, Yet Deal Veteran Says It Won’t Be a Market Catalyst","Anthropic eyes a $2T+ IPO valuation despite $42B in losses, while M&amp;A expert Robert Kindler downplays its overall stock market impact.",Benzinga,company
AMZN,2026-09-29 07:18:42,"Anthropic Eyes Monster $2 Trillion IPO, Yet Deal Veteran Says It Won’t Be a Market Catalyst","Anthropic eyes a $2T+ IPO valuation despite $42B in losses, while M&amp;A expert Robert Kindler downplays its overall stock market impact.",Benzinga,company
NVDA,2026-09-29 07:20:00,"The Stock Market Is Flashing a Warning Sign, but History Has Good News for Long-Term Investors",Stocks may be historically expensive but that's not necessarily a sell signal.,Yahoo,company
NVDA,2026-09-29 07:23:00,Sept. 30 Could Be the Start of a New Paradigm for Micron,The memory-chip maker's Q4 earnings release could include an impressive multiyear guidance announcement.,Yahoo,company
NVDA,2026-09-29 07:23:16,Stocks Battling AI Safety Headwind: Market Analysis,"Anna Edwards, Guy Johnson, Tom Mackenzie and Mark Cudmore break down today's key themes for analysts and investors on ""Bloomberg: The Opening Trade."" For up to the minute market intelligence and insight, click MLIV .",Yahoo,company
META,2026-09-29 07:29:44,Full Transcript: Meta Platforms Q2 2026 Earnings Call,"Meta Platforms (NASDAQ:META) reported second-quarter financial results on Wednesday. The transcript from the company&#39;s second-quarter earnings call has been provided below.
Benzinga APIs provide real-time access to",Benzinga,company
GOOGL,2026-09-29 07:30:00,"Where I'd Put My Next $10,000 In Stocks",,SeekingAlpha,company
AMZN,2026-09-29 07:30:00,"Where I'd Put My Next $10,000 In Stocks",,SeekingAlpha,company
MSFT,2026-09-29 07:30:00,"Where I'd Put My Next $10,000 In Stocks",,SeekingAlpha,company
MSFT,2026-09-29 07:30:00,"ClickHouse Expands Collaboration With Microsoft, Bringing Fabric Integration, Deeper OneLake Interoperability, and Enterprise Deployment Flexibility","BARCELONA, Spain, September 29, 2026--ClickHouse, the company behind the open-source, real-time analytical database that has become the data layer for the AI era, today at The European Microsoft Fabric + SQL Community Conference announced a significant expansion of its strategic collaboration with Microsoft. The announcement encompasses four major milestones: the launch of the native ClickHouse workload for Microsoft Fabric, the general availability of OneLake read, the public preview of OneLake",Yahoo,company
AMZN,2026-09-29 07:30:20,Beam Therapeutics: Ignore The Anthropic Noise And Focus On Clinical Progress,"Beam Therapeutics (BEAM) stock analysis: BEAM-302 gene-editing upside for 2028â2029, cash runway/dilution risks, valuation vs peersâread now.",SeekingAlpha,company
NVDA,2026-09-29 07:38:42,Michael Burry Says Jensen Huang Is 'Becoming A Bit Like' Palantir's Alex Karp After Nvidia CEO's Media Blitz,Burry questions Nvidia’s capital allocation and communications strategy as AI skepticism persists.,Yahoo,company
MSFT,2026-09-29 07:40:14,"Microsoft: Still Great Business, But AI Raises Serious Questions","Microsoft is a Hold as current valuation demands extremely high growth rates, with AI revenue still a small fraction of total sales. Read more on MSFT stock.",SeekingAlpha,company
NVDA,2026-09-29 07:41:05,Oil Just Jumped on Trump's Iran Rejection -- and TotalEnergies Is Already Cashing In,It's significantly boosting its quarterly share repurchase program.,Yahoo,company
XOM,2026-09-29 07:47:54,SLB's OneSubsea JV Receives ExxonMobil Contract To Provide Subsea Production Systems For Rovuma LNG Project's First Phase In Mozambique,"SLB (NYSE:SLB) today announced that its OneSubsea™ joint venture has been awarded a contract by ExxonMobil Moçambique, Limitada, on behalf of its Area 4 partners, (ENH, CNPC, ENI, KOGAS and XRG), to deliver subsea",Benzinga,company
NVDA,2026-09-29 08:01:48,Nvidia unleashes record $150 billion stock buyback as AI cash continues to surge,"‘NVIDIA’s growth is being driven by a once-in-a-generation platform shift to AI and accelerated computing,’ said CEO Huang",Yahoo,company
NVDA,2026-09-29 08:05:00,Not the GPUs. This Overlooked Piece of Nvidia's Business Could Matter Most for the Stock's Next Leg Up.,Nvidia sees this area as a $200 billion opportunity.,Yahoo,company
META,2026-09-29 08:07:30,Jefferies Says Meta Platform's Muse Is Not a Threat to Life Time,Jefferies says investors are confusing two very different business models,Yahoo,company
JNJ,2026-09-29 08:09:04,Johnson & Johnson To Present New Findings On IMAAVY For Treatment Of Generalized Myasthenia Gravis Across 15 Novel Abstracts At 2026 MGFA Scientific Session And AANEM Annual Meeting,"New two-year findings from the Phase 2/3 long-term extension demonstrate sustained disease control through two years, improvement in daily function and muscle strength, and reductions in corticosteroid use in",Benzinga,company
GOOGL,2026-09-29 08:09:10,J.P. Morgan Drops Sharp Take on Magnificent 7 Stocks,A decade-low relative valuation could change the next trade,Yahoo,company
META,2026-09-29 08:09:10,J.P. Morgan Drops Sharp Take on Magnificent 7 Stocks,A decade-low relative valuation could change the next trade,Yahoo,company
AMZN,2026-09-29 08:09:10,J.P. Morgan Drops Sharp Take on Magnificent 7 Stocks,A decade-low relative valuation could change the next trade,Yahoo,company
NVDA,2026-09-29 08:09:10,J.P. Morgan Drops Sharp Take on Magnificent 7 Stocks,A decade-low relative valuation could change the next trade,Yahoo,company
AAPL,2026-09-29 08:09:10,J.P. Morgan Drops Sharp Take on Magnificent 7 Stocks,A decade-low relative valuation could change the next trade,Yahoo,company
MSFT,2026-09-29 08:09:10,J.P. Morgan Drops Sharp Take on Magnificent 7 Stocks,A decade-low relative valuation could change the next trade,Yahoo,company
META,2026-09-29 08:09:39,The AI Bubble Question Is Wrong: Follow The Economics Across The Value Chain,,SeekingAlpha,company
AMZN,2026-09-29 08:09:39,The AI Bubble Question Is Wrong: Follow The Economics Across The Value Chain,,SeekingAlpha,company
NVDA,2026-09-29 08:09:39,The AI Bubble Question Is Wrong: Follow The Economics Across The Value Chain,,SeekingAlpha,company
MSFT,2026-09-29 08:09:39,The AI Bubble Question Is Wrong: Follow The Economics Across The Value Chain,,SeekingAlpha,company
JNJ,2026-09-29 08:10:41,Johnson & Johnson (JNJ) Stock May Be Undervalued As Its 96% Run Continues,"Johnson & Johnson has delivered a strong run over the past few years, which naturally raises a question for anyone looking at the stock today. Are investors now paying a price that is fully backed by the cash flows the healthcare group is expected to generate? Over the past 5 years the share price is up 96.4%, which means a lot of future cash generation is already being referenced in the current valuation debate. Recent clinical data across therapies such as TECVAYLI, DARZALEX FASPRO,...",Yahoo,company
NVDA,2026-09-29 08:11:52,"Netlist Opens New Legal Proceedings At U.S. International Trade Commission Seeking Exclusion And Cease And Desist Orders Against Micron Technology And MU's Customers Nvidia, Broadcom And Google; Claims Infringement Of The Company's HBM Patents","In this ITC complaint against Micron, Netlist asks the ITC to investigate Respondents for infringement of U.S. Patent Nos. 12,308,087 and 12,646,537. Netlist alleges these patents cover at least Micron&#39;s HBM3E, HBM4",Benzinga,company
MSFT,2026-09-29 08:16:00,"Client Computing Global Market Report 2026: Capitalize on AI, Hybrid and Edge Disruption as Revenue Climbs $41.73B to $277.88B by 2030—Benchmark Microsoft, Apple, Dell, Lenovo and HP to Secure Share Before Rivals","Dublin, Sept. 29, 2026 (GLOBE NEWSWIRE) -- ""Client Computing Global Market Report 2026"" has been added to ResearchAndMarkets.com's offering. The global client computing market is maintaining steady growth as enterprises invest in modern endpoint devices, hybrid infrastructure and artificial intelligence capabilities. The market is projected to increase from $227.26 billion in 2025 to $236.15 billion in 2026, representing a compound annual growth rate (CAGR) of 3.9%. Historic market growth has be",Yahoo,company
AAPL,2026-09-29 08:16:00,"Client Computing Global Market Report 2026: Capitalize on AI, Hybrid and Edge Disruption as Revenue Climbs $41.73B to $277.88B by 2030—Benchmark Microsoft, Apple, Dell, Lenovo and HP to Secure Share Before Rivals","Dublin, Sept. 29, 2026 (GLOBE NEWSWIRE) -- ""Client Computing Global Market Report 2026"" has been added to ResearchAndMarkets.com's offering. The global client computing market is maintaining steady growth as enterprises invest in modern endpoint devices, hybrid infrastructure and artificial intelligence capabilities. The market is projected to increase from $227.26 billion in 2025 to $236.15 billion in 2026, representing a compound annual growth rate (CAGR) of 3.9%. Historic market growth has be",Yahoo,company
META,2026-09-29 08:23:02,Nvidia Writes a Record $150 Billion Check While Meta Rattles Enterprise Software,"Nvidia announced the largest share buyback in US corporate history, while Meta's enterprise AI push dragged software stocks lower and cost MongoDB its CEO. Yields above 5.2%, a volatile oil market and rising Fed hike odds kept Wall Street in the red. Here's what matters today.",ChartMill,company
AAPL,2026-09-29 08:23:02,Nvidia Writes a Record $150 Billion Check While Meta Rattles Enterprise Software,"Nvidia announced the largest share buyback in US corporate history, while Meta's enterprise AI push dragged software stocks lower and cost MongoDB its CEO. Yields above 5.2%, a volatile oil market and rising Fed hike odds kept Wall Street in the red. Here's what matters today.",ChartMill,company
NVDA,2026-09-29 08:23:02,Nvidia Writes a Record $150 Billion Check While Meta Rattles Enterprise Software,"Nvidia announced the largest share buyback in US corporate history, while Meta's enterprise AI push dragged software stocks lower and cost MongoDB its CEO. Yields above 5.2%, a volatile oil market and rising Fed hike odds kept Wall Street in the red. Here's what matters today.",ChartMill,company
NVDA,2026-09-29 08:26:01,"The Odds of the Fed Ramping Up Its Rate-Hiking Cycle Are Skyrocketing, and 4 Variables -- 2 Directly Tied to President Donald Trump -- Are to Blame","There’s now a 96% chance that Fed Chair Kevin Warsh and the Federal Open Market Committee (FOMC) will raise interest rates at least once by Jan. 27, 2027.",Yahoo,company
META,2026-09-29 08:30:51,"Meta Platforms (NASDAQ:META) Fits a Growth-at-a-Reasonable-Price Screen, Though Valuation Remains the Catch","Meta passes Peter Lynch GARP screen on strong growth, low debt, high ROE, but rich valuation and slowing EPS make it a quality watchlist candidate.",ChartMill,company
NVDA,2026-09-29 08:31:09,"Stock Market Today: Dow Jones, S&P 500, Nasdaq 100 Gains as Trump Dismisses Iran Sanction Relief as 'Hoax'— Nvidia, AAR, Vail Resorts in Focus (UPDATED)","U.S. stock futures were mixed on Tuesday, as the Dow Jones and S&amp;P 500 indices fell, and the Nasdaq 100 index rose.",Benzinga,company
NVDA,2026-09-29 08:31:36,"Nasdaq Futures Tread Water After Monday Rout: MU, NVTS, NVO, KOD, SMMT, ASTS Stocks In Focus","On Stocktwits, retail sentiment toward SPY and QQQ stayed ‘bullish.’",Yahoo,company
META,2026-09-29 08:33:23,What's Going On With MongoDB Stock Tuesday?,MongoDB stock rebounds premarket after CEO Chirantan Desai exits for Meta. Company reaffirms FY27 guidance. Analyst outlook &amp; levels inside.,Benzinga,company
NVDA,2026-09-29 08:37:00,"Company News for Sep 29, 2026","Companies In The News Are: BA, NVDA, NEM, UAL.",Yahoo,company
JPM,2026-09-29 08:39:14,"Jamie Dimon has a plan to revive the West: A 'big, beautiful' deal with Europe","""Many of the current disputes between Europe and the U.S. are minor compared with this agreement's size and benefits,"" the JPMorgan boss wrote this week.",CNBC,company
NVDA,2026-09-29 08:43:01,Micron Earned More in 3 Months Than Tesla Did in 3 Years. Prediction: It Will Be Worth More Than Tesla Before 2028.,The EV maker is still worth around 20% more. How long can that last when the memory specialist earns this much more?,Yahoo,company
NVDA,2026-09-29 08:50:00,Will President Trump Crash the Stock Market? History Says This Could Come Next.,Trump's boom could face a perfect storm of challenges.,Yahoo,company
GOOGL,2026-09-29 08:50:00,Envision Energy Named to Fortune's 2026 Change the World List for Advancing AI and Green Energy Convergence,"Envision Energy, a global leader in green technology, has been named to Fortune's 2026 Change the World list, marking the company's third appearance on the list. Envision was recognized for Mission Gobi and its first flagship project, the Envision Galaxy Campus, which explored a new model for integrating energy and computing infrastructure in the AI era.",Yahoo,company
NVDA,2026-09-29 08:52:00,Advanced Micro Devices (AMD) Just Joined the $1 Trillion Club. Next Stop: $2 Trillion?,AMD has a valuation problem that could limit further upside from here.,Yahoo,company
META,2026-09-29 08:53:46,Jim Cramer Says Meta Must Be Seen as an ‘Enterprise Company’ as Muse AI Could Drive an '18 Times Multiple' to 24-25x,"Jim Cramer says Meta is now an &#34;enterprise company&#34; due to Muse, predicting its stock multiple could jump from 18x to 24-25x.",Benzinga,company
NVDA,2026-09-29 09:00:00,Nvidia's cash machine and cheaper stock make the case for historic buyback: Chart of the Day,Nvidia announced its largest share buyback ever. A look at its balance sheet shows why.,Yahoo,company
NVDA,2026-09-29 09:05:00,"If You Invest $500 a Month in This High-Yield Dividend Stock, Here's the Dividend Income It Could Produce Over 10 Years (Spoiler: It's More Than $23,000)",It helps that this stock is already yielding almost 6% -- and that its payout has been growing over time.,Yahoo,company
GOOGL,2026-09-29 09:05:00,"Hyperscale Edge Computing Market Report 2026 Forecasts Growth from $8.04B (2026) to $24.03B by 2030, Profiling Hewlett Packard Enterprise, AWS, Cisco Systems, Google & 18 Other Key Players","Boost ROI via partnerships, edge AI, acquisitions, regional sourcing, localized infrastructure and software optimization to reduce latency, costs and rollout delays.Dublin, Sept. 29, 2026 (GLOBE NEWSWIRE) -- ""Hyperscale Edge Computing Market Report 2026"" has been added to ResearchAndMarkets.com's offering. The global hyperscale edge computing market is experiencing exponential growth as enterprises increase investments in distributed infrastructure, real-time data processing and low-latency digi",Yahoo,company
META,2026-09-29 09:08:00,Meta Stock Is at a Crossroads. Why Today Is a Big Day.,The shares have fallen 8% over the past two trading days and OpenAI's developer conference could be the next problem.,Yahoo,company
NVDA,2026-09-29 09:08:30,Can Snap (SNAP) Turn SPECS Intelligence Into a Credible Enterprise AR Profit Engine?,"In mid-September 2026, Snap Inc. unveiled SPECS Intelligence, an anticipatory AI service that spans iPhone, Mac, and SPECS AR glasses, and announced enterprise-focused SPECS deployments with partners including Salesforce, AWS, NVIDIA, Trifork, and Hololight to support hands-free information access and secure, large-scale workplace use. An important angle for investors is how SPECS Intelligence and these enterprise collaborations extend Snap’s AR and AI capabilities beyond consumer social...",Yahoo,company
JNJ,2026-09-29 09:10:24,"Johnson & Johnson: Strong Catalysts, But I'm Staying At Hold","Johnson & Johnson reports Q3 earnings Oct 13. Explore key growth drivers in oncology & Tremfya, plus valuation risks with a premium P/E. Click for this JNJ update.",SeekingAlpha,company
NVDA,2026-09-29 09:12:00,CRISPR Therapeutics Has 2 Key Catalysts Coming by the End of 2026. Is the Market Underestimating Them?,"The company will be judged by the results of its peers, and it might not compare as well as shareholders hope.",Yahoo,company
META,2026-09-29 09:16:44,Why AMD Is Spending $8.2 Billion On World Labs,"AMD acquires World Labs in an $8.2B deal to boost spatial AI, power next-gen hardware, and challenge NVIDIA in AI computing.",Benzinga,company
NVDA,2026-09-29 09:16:44,Why AMD Is Spending $8.2 Billion On World Labs,"AMD acquires World Labs in an $8.2B deal to boost spatial AI, power next-gen hardware, and challenge NVIDIA in AI computing.",Benzinga,company
NVDA,2026-09-29 09:18:44,"Nvidia, AMD Lobby Trump Administration to Halt Potential Chip Export Restrictions to China: Report",Nvidia and AMD CEOs are reportedly lobbying the Trump administration against potential China chip export restrictions.,Benzinga,company
NVDA,2026-09-29 09:20:00,The Stock Market Is Repeating a Pattern Seen Only Once in the Past 100 Years. Here's What History Says Comes Next.,History has both good news and not-so-good news for investors right now.,Yahoo,company
GOOGL,2026-09-29 09:22:18,Alphabet: TPU Advantage Vs. AI Search Competition,Alphabet Buy rating: AI-driven ads and a cost-advantaged TPU cloud strategy could drive 25% upside by 2027. Click for more on GOOG stock.,SeekingAlpha,company
JPM,2026-09-29 09:22:59,JPMorgan Chase's Quarterly Earnings Preview: What You Need to Know,"JPMorgan Chase will release its third-quarter earnings next month, and analysts anticipate a double-digit bottom-line growth.",Yahoo,company
AMZN,2026-09-29 09:23:09,Sprouts Farmers Market Looks Like An Organic Bargain,"Sprouts Farmers Market has been on the decline, and unfortunately the most recent quarterly results were not good. Read why SFM stock is a buy.",SeekingAlpha,company
NVDA,2026-09-29 09:24:54,Nvidia's $150B buyback could fuel next stock rally,Riding the NVDA momentum.,Yahoo,company
GOOGL,2026-09-29 09:24:54,Nvidia's $150B buyback could fuel next stock rally,Riding the NVDA momentum.,Yahoo,company
NVDA,2026-09-29 09:26:01,Not Broadcom. Not AMD. Nvidia's Biggest Threat Continues to Be Something Near and Dear to Its Heart.,The biggest risk for the backbone of the artificial intelligence (AI) infrastructure build-out comes from within.,Yahoo,company
NVDA,2026-09-29 09:30:00,2 Wall Street Analysts Think Vertex Pharmaceuticals Stock Can Soar Another 20% or More Over the Next 12 Months. Here's Why They're Right.,This biotech player is firing on all cylinders.,Yahoo,company
MSFT,2026-09-29 09:30:04,Meta is looking beyond consumers to turn its massive AI investment into profits.,Meta is increasingly looking beyond consumers as it seeks to eventually turn its massive AI investment into a profitable business.,Yahoo,company
META,2026-09-29 09:30:04,Meta is looking beyond consumers to turn its massive AI investment into profits.,Meta is increasingly looking beyond consumers as it seeks to eventually turn its massive AI investment into a profitable business.,Yahoo,company
JNJ,2026-09-29 09:30:26,"JP Morgan Maintains Neutral on Johnson & Johnson, Raises Price Target to $285",JP Morgan  analyst Chris Schott   maintains Johnson &amp; Johnson (NYSE:JNJ) with a Neutral and raises the price target from $270 to $285.,Benzinga,company
NVDA,2026-09-29 09:30:58,Why I Wouldn't Own Micron Into Print - Earnings Preview,"Micron Technology, Inc. is going to report its earnings results after the bell, marking the first out of the bunch to report for Q4. Read why MU stock is a sell.",SeekingAlpha,company
NVDA,2026-09-29 09:32:01,The Stock Market Sounds an Alarm After Warren Buffett Issues a Warning. History Says This Will Happen Next.,"Earlier this year, Warren Buffett warned investors about the increasingly speculative nature of the stock market.",Yahoo,company
NVDA,2026-09-29 09:35:00,Binance Just Invested $100 Million in Circle Internet Group. Here's What It Really Means,Circle is making a much bigger bet than simply creating a digital dollar.,Yahoo,company
NVDA,2026-09-29 09:41:00,3 Numbers That Explain Bristol Myers Squibb's Dirt Cheap Valuation,"With this pharma company trading for less than 10 times earnings, the market remains very uncertain about its stock and looming patent cliff.",Yahoo,company
GOOGL,2026-09-29 09:43:00,Just 5 Tech Stocks Are Hiding the Bear Market From You,Big Tech is once again doing the market’s heavy lifting. That has more than a few on Wall Street very worried.,Yahoo,company
META,2026-09-29 09:43:00,Just 5 Tech Stocks Are Hiding the Bear Market From You,Big Tech is once again doing the market’s heavy lifting. That has more than a few on Wall Street very worried.,Yahoo,company
AAPL,2026-09-29 09:43:00,Just 5 Tech Stocks Are Hiding the Bear Market From You,Big Tech is once again doing the market’s heavy lifting. That has more than a few on Wall Street very worried.,Yahoo,company
AMZN,2026-09-29 09:43:51,Market Chatter: Anthropic Lost $42 Billion in 2025 as Future Infrastructure Costs Reach $518 Billion,Amazon.com (AMZN)-backed Anthropic incurred a net loss of about $42 billion last year and plans to s,Yahoo,company
MSFT,2026-09-29 09:49:42,"'Elon Musk, CEOs Of Palantir, Amazon, Service Now, Altimeter To Attend White House Meeting On AI; Microsoft CEO Satya Nadella To Attend White House Meeting On AI' - Axios",https://www.axios.com/2026/09/29/trump-ai-meeting-list-ceos-johnson,Benzinga,company
AMZN,2026-09-29 09:49:42,"'Elon Musk, CEOs Of Palantir, Amazon, Service Now, Altimeter To Attend White House Meeting On AI; Microsoft CEO Satya Nadella To Attend White House Meeting On AI' - Axios",https://www.axios.com/2026/09/29/trump-ai-meeting-list-ceos-johnson,Benzinga,company
NVDA,2026-09-29 09:50:00,These Cryptocurrencies Have Become Wall Street Favorites and Deserve a Place in Your Portfolio,"For good reason, Bitcoin and Ethereum have become the first two cryptocurrencies in the portfolios of many institutional investors.",Yahoo,company
NVDA,2026-09-29 09:55:00,Teva Pharmaceutical: 3 Numbers That Explain This Generic-Drug Turnaround,"Built on substance, not hype, Teva's mega rally is just getting started.",Yahoo,company
AMZN,2026-09-29 09:56:18,Market Chatter: Amazon-Backed Anthropic Founders to Control 50.1% Voting Power Through New LLC,"Amazon (AMZN)-backed Anthropic's seven co-founders, including CEO Dario Amodei, will initially form",Yahoo,company
META,2026-09-29 10:00:00,Muse and other AI Agents will be a nightmare for friction as a business model,Agents endanger corporate acts of monetizing hassle and customer inertia.,Yahoo,company
XOM,2026-09-29 10:00:00,Nvidia is trading like an oil stock — and taking advantage of the moment,A new analysis places two tickers at the center of data and oil scarcity stories.,Yahoo,company
GOOGL,2026-09-29 10:00:03,Cohere CEO calls for global AI safety body that includes China buy-in,"Worldwide government-led coordination is needed to ensure the technology is safely developed and deployed, said Aidan Gomez",Yahoo,company
JPM,2026-09-29 10:06:03,Will JPMorgan’s (JPM) New Notes and Preferred Dividend Clarify Its AI-Era Deposit Strategy?,"In late September 2026, JPMorgan Chase issued a series of callable senior unsecured fixed- and step-up-rate notes totaling several tens of millions of US dollars, while also declaring a US$168.16 per-share dividend on its Series CC fixed-to-floating preferred stock payable in early November. These funding moves and capital returns came as investors focused on how emerging AI agents might influence JPMorgan’s vast deposit base and its broader push into AI tools and collaborations. We’ll now...",Yahoo,company
MSFT,2026-09-29 10:18:29,'OpenAI's Annual Recurring Revenue Nears $70B' - Axios,https://www.axios.com/2026/09/29/scoop-openais-annual-recurring-revenue-nears-70b,Benzinga,company
AMZN,2026-09-29 10:23:06,Market Chatter: Amazon-Backed Anthropic Warns IPO Investors AI Could Pose 'Existential Risks' to Humanity,Amazon (AMZN)-backed Anthropic plans to warn potential IPO investors that advanced AI could pose cat,Yahoo,company
NVDA,2026-09-29 10:26:21,Meta Brings Its New Enterprise AI Push to the White House,Zuckerberg joins Donald Trump and AI leaders for talks at the White House as Meta expands Muse into enterprise AI.,Benzinga,company
META,2026-09-29 10:26:21,Meta Brings Its New Enterprise AI Push to the White House,Zuckerberg joins Donald Trump and AI leaders for talks at the White House as Meta expands Muse into enterprise AI.,Benzinga,company
GOOGL,2026-09-29 10:31:05,Google Appeals EU Orders on Search Data and AI Service Access,"Alphabet’s Google (NASDAQ:GOOG) has appealed two European Union orders that would require the company to provide competing search engines with access to certain search data and help rival artificial intelligence developers use services available to its Gemini AI model. Google argues that the measures could weaken privacy and security protections, while the European Commission has said the requirements contain safeguards for user privacy, device integrity and security.",Yahoo,company
GOOGL,2026-09-29 10:32:15,"New AI-powered government website uses Gemini, Grok, Trump official Gebbia says","Trump called the new website, America.gov, ""a restoration of America's founding promise.""",CNBC,company
NVDA,2026-09-29 10:35:01,The Stock Market Just Flashed a Warning Signal Seen Only a Handful of Times in 150 Years. Here's Where I'd Put Money Right Now.,The market hasn't fared well when the CAPE ratio is this high.,Yahoo,company
NVDA,2026-09-29 10:38:51,Nvidia Just Put $150 Billion Behind Its Stock. Is It Cheap Enough?,Nvidia’s $150B buyback raises a bigger question: Is NVDA stock cheap enough given its AI growth and cash generation?,Benzinga,company
META,2026-09-29 10:43:01,"Social Buzz: Wallstreetbets Stocks Advance Premarket Tuesday; MongoDB, Reddit to Open Higher",The most-talked-about stocks in the Reddit subforum Wallstreetbets were advancing hours before Tuesd,Yahoo,company
NVDA,2026-09-29 10:43:01,"Social Buzz: Wallstreetbets Stocks Advance Premarket Tuesday; MongoDB, Reddit to Open Higher",The most-talked-about stocks in the Reddit subforum Wallstreetbets were advancing hours before Tuesd,Yahoo,company
NVDA,2026-09-29 10:45:00,Nvidia CEO Jensen Huang says ‘nothing would give me more joy’ than to pay more taxes: ‘I'm just afraid of being poor’,"While California faces a billionaire exodus ahead of the November 3 wealth tax vote, Huang has taken a much different stance.",Yahoo,company
GOOGL,2026-09-29 10:48:38,Update: Alphabet's Google Appeals EU Orders to Share Search Data,"(Updates with statements from Google and the European Commission throughout) Alphabet's (GOOG, GO",Yahoo,company
NVDA,2026-09-29 10:50:00,"If You'd Invested $10,000 in Fastenal at Its IPO, Here's What You'd Have Today","This ""boring"" industrial stock turned $10,000 into $21.5 million.",Yahoo,company
AAPL,2026-09-29 11:00:00,Nvidia's answer to rogue AI changes the conversation,"Nvidia CEO Jensen Huang just made two huge moves that might change how we think about AI risk entirely. First, a new agent safety platform engineered to catch and quarantine rogue AI agents in milliseconds, then a record-shattering $235 billion stock buyback that speaks volumes about how confident Nvidia is in where this is all headed. In The Loop host Ejaaz Ahamadeen breaks down how this new two-part safety system actually works, why Huang's stance is the opposite of what other AI labs are saying, and what a recent state dinner guest list reveals about who's really steering the US-China AI race.",Yahoo,company
AMZN,2026-09-29 11:00:00,Aurora Mobile's GPTBots.ai Helps Ruko Cut Support Ticket Response Time from Two Hours to Under 10 Minutes,"SINGAPORE, Sept. 29, 2026 (GLOBE NEWSWIRE) -- Aurora Mobile Limited (NASDAQ: JG) (“Aurora Mobile” or the “Company”), a leading provider of customer engagement and marketing technology services, today announced that its enterprise-grade AI agent platform, GPTBots.ai, is helping Ruko embed AI-powered customer assistance across its app, website, and ticket workflows. Powered by GPTBots.ai, Ruko has cut ticket response time from approximately two hours to under 10 minutes. Image source: Ruko officia",Yahoo,company
NVDA,2026-09-29 11:00:00,Nvidia's answer to rogue AI changes the conversation,"Nvidia CEO Jensen Huang just made two huge moves that might change how we think about AI risk entirely. First, a new agent safety platform engineered to catch and quarantine rogue AI agents in milliseconds, then a record-shattering $235 billion stock buyback that speaks volumes about how confident Nvidia is in where this is all headed. In The Loop host Ejaaz Ahamadeen breaks down how this new two-part safety system actually works, why Huang's stance is the opposite of what other AI labs are saying, and what a recent state dinner guest list reveals about who's really steering the US-China AI race.",Yahoo,company
META,2026-09-29 11:00:00,Nvidia's answer to rogue AI changes the conversation,"Nvidia CEO Jensen Huang just made two huge moves that might change how we think about AI risk entirely. First, a new agent safety platform engineered to catch and quarantine rogue AI agents in milliseconds, then a record-shattering $235 billion stock buyback that speaks volumes about how confident Nvidia is in where this is all headed. In The Loop host Ejaaz Ahamadeen breaks down how this new two-part safety system actually works, why Huang's stance is the opposite of what other AI labs are saying, and what a recent state dinner guest list reveals about who's really steering the US-China AI race.",Yahoo,company
GOOGL,2026-09-29 11:00:00,Nvidia's answer to rogue AI changes the conversation,"Nvidia CEO Jensen Huang just made two huge moves that might change how we think about AI risk entirely. First, a new agent safety platform engineered to catch and quarantine rogue AI agents in milliseconds, then a record-shattering $235 billion stock buyback that speaks volumes about how confident Nvidia is in where this is all headed. In The Loop host Ejaaz Ahamadeen breaks down how this new two-part safety system actually works, why Huang's stance is the opposite of what other AI labs are saying, and what a recent state dinner guest list reveals about who's really steering the US-China AI race.",Yahoo,company
MSFT,2026-09-29 11:00:33,Microsoft is Edging Into Overvalued Territory Now,"Azure is growing at 43% and Microsoft just closed at its highest price of the year, yet the cash flow math behind that rally raises a question the stock price has not answered yet.",Yahoo,company
NVDA,2026-09-29 11:05:00,This Rare-Earth Stock Trading Under $40 Could Be the Reshoring Trade's Best-Kept Secret,This rare-earth investment is like a diamond in the rough.,Yahoo,company
AAPL,2026-09-29 11:09:00,NVIDIA's Stock Gains 1.7% as It Unveils Historic Buyback,"NVDA gains 1.7% after unveiling a record $150 billion buyback expansion, lifting remaining repurchase capacity to $235 billion through fiscal 2028.",Yahoo,company
NVDA,2026-09-29 11:10:00,Why Is Everyone Talking About Circle Internet Group Now?,The biggest opportunity may come from replacing pieces of traditional financial plumbing.,Yahoo,company
NVDA,2026-09-29 11:15:00,Uniserve Signs Five-Year AI Compute Services Agreement for NVIDIA B300 Servers,"Vancouver, British Columbia--(Newsfile Corp. - September 29, 2026) - Uniserve Communications Corporation (TSXV: USS) (the ""Company"" or ""Uniserve""), a sovereign Canadian digital infrastructure platform providing managed IT, connectivity, cloud, cybersecurity and data centre services, is pleased to announce that it has signed an agreement with an enterprise client for AI compute services using two NVIDIA B300 GPU-based servers to be deployed at Uniserve's Vancouver data centre. The Company has...",Yahoo,company
NVDA,2026-09-29 11:17:22,"AI Jitters, Oil, Bond Outlooks Cap Wall Street Pre-Bell; Asia Off, Europe Up","Wall Street futures were muted pre-bell Tuesday as traders awaited clarity on the AI sector, and wei",Yahoo,company
META,2026-09-29 11:20:01,Should You Buy Meta Platforms Stock Now or Wait for a Dip?,"The tech stock has been rallying after announcing the release of its personal AI agent, Muse.",Yahoo,company
NVDA,2026-09-29 11:20:01,Should You Buy Meta Platforms Stock Now or Wait for a Dip?,"The tech stock has been rallying after announcing the release of its personal AI agent, Muse.",Yahoo,company
META,2026-09-29 11:20:02,Advanced Micro Devices vs. SK Hynix: Which Technology Stock Is a Better Buy in 2026?,"AMD's 34% revenue surge and $6.7B free cash flow contrast sharply with SK Hynix's $31.4B net income, but their vastly different valuations tell competing stories about AI infrastructure's future.",Yahoo,company
MSFT,2026-09-29 11:20:02,Advanced Micro Devices vs. SK Hynix: Which Technology Stock Is a Better Buy in 2026?,"AMD's 34% revenue surge and $6.7B free cash flow contrast sharply with SK Hynix's $31.4B net income, but their vastly different valuations tell competing stories about AI infrastructure's future.",Yahoo,company
AMZN,2026-09-29 11:26:01,Billionaire Money Managers Have Chosen Their 2 Favorite AI Stocks (and It's Not Nvidia or Alphabet),A dual-industry leader and a foundational artificial intelligence (AI) hardware company are among the top holdings of at least five billionaire investors each.,Yahoo,company
NVDA,2026-09-29 11:26:01,Billionaire Money Managers Have Chosen Their 2 Favorite AI Stocks (and It's Not Nvidia or Alphabet),A dual-industry leader and a foundational artificial intelligence (AI) hardware company are among the top holdings of at least five billionaire investors each.,Yahoo,company
GOOGL,2026-09-29 11:26:01,Billionaire Money Managers Have Chosen Their 2 Favorite AI Stocks (and It's Not Nvidia or Alphabet),A dual-industry leader and a foundational artificial intelligence (AI) hardware company are among the top holdings of at least five billionaire investors each.,Yahoo,company
AAPL,2026-09-29 11:30:00,Nvidia set for historic $150B in share repurchases as its surging stock momentum slows to 19% growth in 2026,"Nvidia is returning record profits to shareholders with a historic buyback, even as investors reassess the chipmaker’s value amid mounting questions about AI spending.",Yahoo,company
NVDA,2026-09-29 11:30:00,Nvidia set for historic $150B in share repurchases as its surging stock momentum slows to 19% growth in 2026,"Nvidia is returning record profits to shareholders with a historic buyback, even as investors reassess the chipmaker’s value amid mounting questions about AI spending.",Yahoo,company
NVDA,2026-09-29 11:30:00,Dutch Bros Stock Is Down 49% From Its High Despite Revenue Rising 32%. Should You Buy Now or Stay Away?,"Customers are still flocking to its drive-thrus, but the coffee chain's sales multiple slid after Wall Street flinched at management's growth guidance.",Yahoo,company
META,2026-09-29 11:30:39,"AMD: Path To $1,000 (Rating Upgrade)","Advanced Micro Devices is experiencing rapid data center growth, with a 50% Y/Y increase in Q2 (107% Y/Y in data centers) and strong AI accelerator demand. Learn more about AMD stock here.",SeekingAlpha,company
NVDA,2026-09-29 11:30:39,"AMD: Path To $1,000 (Rating Upgrade)","Advanced Micro Devices is experiencing rapid data center growth, with a 50% Y/Y increase in Q2 (107% Y/Y in data centers) and strong AI accelerator demand. Learn more about AMD stock here.",SeekingAlpha,company
META,2026-09-29 11:35:00,Meta: The Advertising Engine Still Has To Pay For The AI Ambition,"Meta Platformsâ ad business is strong, but AI bets and infrastructure spend may cap near-term returns. Click here to read this META stock update.",SeekingAlpha,company
NVDA,2026-09-29 11:36:48,"NVDA, AMD Reportedly Push Trump To Ease China Restrictions In Defense Bill","According to a Politico report, the companies are particularly focused on provisions tied to the AI OVERWATCH Act and are seeking changes to the Chip Security Act.",Yahoo,company
META,2026-09-29 11:38:19,"T. Rowe Price’s Tony Wang on AI fears: With any new technology, you develop guardrails","Tony Wang, T.Rowe Price Global Science and Technology Fund portfolio manager, joins 'Squawk on the Street' to discuss how AI fears are impacting the tech trade.",CNBC,company
NVDA,2026-09-29 11:40:38,Nvidia Stock Just Gave Investors Notice Its Best Days Are Over,Nvidia's plan to buyback $150 billion of its stock — the largest such transaction in history — may not be the bullish sign many think.,Yahoo,company
META,2026-09-29 11:43:00,Anthropic and Oura IPO Revelations Come With a Health Warning for Stocks,"Anthropic and Oura IPO plans surprise in different ways, while Treasury yields and tech stocks rise.",Yahoo,company
AAPL,2026-09-29 11:43:00,Anthropic and Oura IPO Revelations Come With a Health Warning for Stocks,"Anthropic and Oura IPO plans surprise in different ways, while Treasury yields and tech stocks rise.",Yahoo,company
NVDA,2026-09-29 11:43:00,"If a Stock Market Crash Is Coming, History Says This ETF Could Be the Smartest Buy for Investors",Don't necessarily switch to cash. Switch to quality instead.,Yahoo,company
NVDA,2026-09-29 11:43:57,"HBAR Crypto 30% Rally: Nvidia AI Link Lacks Proof, What Now?","HBAR crypto briefly climbed above $0.130 and is trading near $0.117 today (September 29), up roughly 30% over the previous 24 hours, according to CoinGecko data. The move followed Nvidia’s launch of its Open Agent Safety Platform, an initiative the chipmaker says is designed to establish security and governance controls ...",Yahoo,company
AMZN,2026-09-29 11:50:02,Amazon vs. Alibaba: Which Consumer Stock Is a Better Buy in 2026?,"Amazon's net margin edges Alibaba's despite vastly different scale, while Alibaba's valuation trades at half Amazon's price-to-sales multiple, a rare divergence worth examining.",Yahoo,company
MSFT,2026-09-29 11:55:02,Options traders have an opportunity to trade this tech giant ahead of earnings,"Julia Spina, head of research at IG U.S. Holdings, breaks down a possible options trade for Microsoft as the company gears up to report earnings.",CNBC,company
AMZN,2026-09-29 11:56:00,MercadoLibre's Credit Growth Strengthens Its Fintech Ecosystem,"MercadoLibre's credit portfolio surges 75% to $16.4B in Q2 2026, as card issuance and deeper Mercado Pago engagement strengthen its fintech ecosystem.",Yahoo,company
MSFT,2026-09-29 11:56:13,Microsoft shares might be rangebound. Here's how you can still make money,Trader Julia Spina explains an iron condor trade on Microsoft.,CNBC,company
META,2026-09-29 11:57:56,Jim Cramer recommends Meta and Intel stock despite market pressure,"The ""Mad Money"" host urged investors to stay selective rather than exit the market as Treasury yields and crude prices weigh on equities",Yahoo,company
JPM,2026-09-29 11:58:18,JPMorgan market intelligence desk goes bullish on tech stocks,"The bank's market intelligence team, which turned neutral on stocks a month ago, now sees a favorable setup driven by bond market stability and falling oil prices",Yahoo,company
AMZN,2026-09-29 12:00:00,"After Work With Amazon, NBCUniversal and Major Brands, ZANE Productions Expands Brand-Powered Entertainment Offering","LOS ANGELES, September 29, 2026--ZANE Productions, an award-winning, director-led video production company, has expanded and formalized its Brand-Powered Entertainment services, helping brands not only sponsor and place advertisements around entertainment, but also develop and power the entertainment itself.",Yahoo,company
GOOGL,2026-09-29 12:00:00,"CData Launches Connect AI Gateway, One Control Point Between AI and the Systems That Run the Business","CData Software, the data layer for AI, today launched CData Connect AI Gateway, the next evolution of the Connect AI platform designed to give organizations a single control point for the models, tools, data and actions used by AI agents and the individuals who work with them. The Gateway connects agents and individuals to enterprise systems through governed tools, applies company context at every step, enforces permissions down to the record and routes each request to the most efficient model f",Yahoo,company
GOOGL,2026-09-29 12:00:00,Weight Watchers and Google Health Enterprise Launch New Collaboration to Enhance Engagement and Outcomes in Weight Health Programs,"Starting in the employer-sponsored market, eligible Weight Watchers members will gain access to Google Fitbit Air and Google Health Enterprise—connecting daily health behaviors with Weight Watchers' science-backed weight health programNEW YORK, Sept. 29, 2026 (GLOBE NEWSWIRE) -- WW International, Inc. (NASDAQ: WW) (""Weight Watchers""), the global leader in science-backed weight management, today announced a collaboration with Google Health Enterprise, combining wearable technology and AI-powered",Yahoo,company
META,2026-09-29 12:00:00,Is it time to buy the dip on tech?,"Turney Duff chats with Barron's associate editor Al Root, Kelly Intelligence founder and CEO Kevin Kelly, and Cleo Capital managing director Sarah Kunst about whether it's time to buy the dip on tech stocks.",Yahoo,company
XOM,2026-09-29 12:00:00,"TMC Announces Appointment of Liam Mallon, Former President of ExxonMobil Upstream, to its Board of Directors","Liam Mallon, former President of ExxonMobil Upstream Company, brings over 40 years of global energy and offshore operating experience, including leadership of ExxonMobil’s worldwide upstream businessMallon oversaw $20–30 billion in annual capital deployment and major U.S. shale and offshore deepwater growth initiatives, including ExxonMobil’s landmark Guyana development and $60 billion Pioneer Natural Resources acquisitionHis appointment strengthens TMC’s Board at a pivotal stage as the Company",Yahoo,company
JNJ,2026-09-29 12:00:04,Johnson & Johnson (JNJ) is Attracting Investor Attention: Here is What You Should Know,"Johnson & Johnson (JNJ) has received quite a bit of attention from Zacks.com users lately. Therefore, it is wise to be aware of the facts that can impact the stock's prospects.",Yahoo,company
AMZN,2026-09-29 12:00:06,We’re Bullish on Oracle With 51% Upside Despite Recent Selloff,"Oracle shares have cratered 28% this year while its AI contract backlog swells to a staggering size, and the gap between that selloff and the underlying business momentum raises a question Wall Street has not yet answered.",Yahoo,company
MSFT,2026-09-29 12:00:06,We’re Bullish on Oracle With 51% Upside Despite Recent Selloff,"Oracle shares have cratered 28% this year while its AI contract backlog swells to a staggering size, and the gap between that selloff and the underlying business momentum raises a question Wall Street has not yet answered.",Yahoo,company
META,2026-09-29 12:00:22,Nebius’ Strong Signal Is Going to Move Markets in the Coming Days,"Nebius just announced a price hike on its most in-demand GPU clusters, but soaring interest costs and a wave of bearish retail sentiment raise real questions about whether that pricing power actually reaches the bottom line.",Yahoo,company
PG,2026-09-29 12:00:27,Living Off Dividends at 65: 3 Stocks That Raised Payouts for Longer Than 30 Years,"Three stocks have raised their dividends for over 30 consecutive years through recessions, wars, and market crashes, and one has paid shareholders without interruption for 136 years straight. Find out which name a 65-year-old retiree should anchor their income portfolio around.",Yahoo,company
JNJ,2026-09-29 12:00:27,Living Off Dividends at 65: 3 Stocks That Raised Payouts for Longer Than 30 Years,"Three stocks have raised their dividends for over 30 consecutive years through recessions, wars, and market crashes, and one has paid shareholders without interruption for 136 years straight. Find out which name a 65-year-old retiree should anchor their income portfolio around.",Yahoo,company
XOM,2026-09-29 12:01:00,Are Current Oil Prices High Enough to Fuel ExxonMobil's Growth?,"WTI crude above $90 per barrel supports XOM's upstream growth, backed by low-cost Permian production and multiple oil and gas discoveries in Guyana.",Yahoo,company
META,2026-09-29 12:02:00,Meta’s Muse Agent Was a September Hit. Now OpenAI Is Ready to Challenge It.,The shares have fallen 8% over the past two trading days and OpenAI's developer conference could be the next problem.,Yahoo,company
META,2026-09-29 12:02:51,"Meta Expands Muse To Small Businesses — AI Agent Can Connect With Payments, Commerce And Productivity Tools",Meta introduced Muse earlier this month as a personal AI agent designed to work toward longer-term goals rather than simply respond to individual prompts. Muse for Small Business extends that same model into commercial workflows.,Yahoo,company
MSFT,2026-09-29 12:03:00,Zendesk Appoints Rachita Sundar as Chief Financial Officer,"SAN FRANCISCO, September 29, 2026--Zendesk today announced Rachita Sundar has joined the company as Chief Financial Officer, effective September 28, 2026. Sundar succeeds Julie Swinney, who is transitioning to Chief Administrative Officer and executive sponsor of Zendesk’s Employee Service business, a growing area of focus for the company.",Yahoo,company
JNJ,2026-09-29 12:03:00,Johnson & Johnson presents new data reinforcing sustained disease control and improved daily function achieved with IMAAVY® (nipocalimab-aahu) in generalized myasthenia gravis (gMG),"Johnson & Johnson (NYSE: JNJ) today announced new findings on IMAAVY® (nipocalimab-aahu) for the treatment of generalized myasthenia gravis (gMG) across 15 novel abstracts to be presented at the 2026 Myasthenia Gravis Foundation of America (MGFA) Scientific Session and American Association of Neuromuscular & Electrodiagnostic Medicine (AANEM) Annual Meeting. These data include two-year results from the Phase 2/3 study in adolescents which demonstrated sustained disease control while on IMAAVY, w",Yahoo,company
NVDA,2026-09-29 12:11:30,Bulls Vs. Bears: Micron And The AI Trade: The TechTalk Podcast Episode 2,,SeekingAlpha,company
JNJ,2026-09-29 12:14:12,Johnson & Johnson's Q3 2026 Earnings: What to Expect,"Johnson & Johnson will release its third-quarter earnings next month, and analysts anticipate a single-digit bottom-line growth.",Yahoo,company
AMZN,2026-09-29 12:16:12,Anthropic Targets $2 Trillion IPO Despite $42 Billion Net Loss,The listing could value the Claude developer at more than double its May estimate,Yahoo,company
JNJ,2026-09-29 12:18:08,BofA Raises J&J Target but Sees Q3 Earnings 12% Below Street,The bank raised its Icotyde forecasts but kept a Neutral rating,Yahoo,company
NVDA,2026-09-29 12:23:59,Nvidia: A Deep Analysis About The AI CapEx,Nvidia Corporation Buy case: AI infrastructure demand and hyperscaler CapEx may be underestimated. Click for more on NVDA stock prospects.,SeekingAlpha,company
GOOGL,2026-09-29 12:30:00,Should You Buy AMD Post-World Labs Deal or Still Favor NVIDIA ETFs?,"AMD's World Labs deal strengthens its long-term AI story, but valuation, growth and price targets favor NVIDIA for now.",Yahoo,company
NVDA,2026-09-29 12:34:39,Samsung invests $1 billion in Helix AI infrastructure firm,"Samsung Electronics will contribute $500 million, with five affiliates covering the rest, as Helix targets data centers and power infrastructure",Yahoo,company
AAPL,2026-09-29 12:34:43,AMD: Why I Say 80x Forward P/E Doesn't Matter This Time,"Advanced Micro Devices, Inc. stock outlook: why analysts keep a Buy despite high valuation. Click for this updated look at why I remain bullish on AMD prospects.",SeekingAlpha,company
JPM,2026-09-29 12:36:20,JPM backs Bureau Veritas on growth recovery and M&A potential,"Investing.com -- J.P. Morgan upgraded Bureau Veritas to “overweight” from “neutral” and raised its December 2027 price target to €34 from €28, citing faster organic growth and increased merger and acquisition activity.",Yahoo,company
NVDA,2026-09-29 12:37:01,Prediction: Microsoft Will Double Its Paid Copilot Seats in the Next 12 Months,Can the software giant keep adding paid AI users at its June-quarter pace?,Yahoo,company
MSFT,2026-09-29 12:37:01,Prediction: Microsoft Will Double Its Paid Copilot Seats in the Next 12 Months,Can the software giant keep adding paid AI users at its June-quarter pace?,Yahoo,company
GOOGL,2026-09-29 12:37:32,Cloud AI Today - Centrilogic Advances AI Strategy With New Revenue Chief,"Centrilogic has appointed Dominic Cristelli, a former Global Leader for Strategic Partnerships at Microsoft, as Chief Revenue Officer to lead its AI-driven growth in North America. With extensive experience helping organizations transition from AI experimentation to practical application, Cristelli aims to strengthen Centrilogic's go-to-market strategy. His focus will be on expanding their presence in the United States and enhancing their existing customer relationships in Canada. The move is...",Yahoo,company
MSFT,2026-09-29 12:37:32,Cloud AI Today - Centrilogic Advances AI Strategy With New Revenue Chief,"Centrilogic has appointed Dominic Cristelli, a former Global Leader for Strategic Partnerships at Microsoft, as Chief Revenue Officer to lead its AI-driven growth in North America. With extensive experience helping organizations transition from AI experimentation to practical application, Cristelli aims to strengthen Centrilogic's go-to-market strategy. His focus will be on expanding their presence in the United States and enhancing their existing customer relationships in Canada. The move is...",Yahoo,company
META,2026-09-29 12:37:46,Meta Expands Muse AI Agent to Small Businesses With New Software Integrations,"Meta Platforms (NASDAQ:META) is expanding its Muse artificial intelligence agent to small businesses, adding integrations with a range of commerce, accounting, payments and productivity platforms. The expansion allows Muse for Small Business to connect with tools including Shopify, QuickBooks, Stripe and Canva, as Meta seeks to extend the AI agent into business operations and broaden its activities beyond advertising.",Yahoo,company
NVDA,2026-09-29 12:43:00,"Meet the 1 Stock I'd Buy With $5,000, Even If the Market Fell 10% Tomorrow",A reliable monthly dividend can ease the sting of a falling share price.,Yahoo,company
GOOGL,2026-09-29 12:44:00,Oura Halts IPO Over ‘Market Uncertainty.’ Here’s a More Plausible Explanation.,"Health technology company Oura, the maker of smart rings, said despite strong demand it will suspend its plans to go public over market uncertainties.",Yahoo,company
AAPL,2026-09-29 12:44:00,Oura Halts IPO Over ‘Market Uncertainty.’ Here’s a More Plausible Explanation.,"Health technology company Oura, the maker of smart rings, said despite strong demand it will suspend its plans to go public over market uncertainties.",Yahoo,company
META,2026-09-29 12:48:31,Meta expands Muse AI agent to small business market,"Investing.com -- Meta Platforms is expanding its AI agent Muse to small businesses, adding integrations with business tools including Shopify, QuickBooks, Stripe and Canva. The move aims to help business owners manage operations and find new customers as the Facebook-parent works to diversify revenue beyond advertising.",Yahoo,company
NVDA,2026-09-29 12:50:00,What's Wrong With Nike Stock?,Shares are 80% off their record high and trade at a roughly 13-year low.,Yahoo,company
AMZN,2026-09-29 12:50:00,How Market Bets on Anthropic’s IPO Are Hiding in an AI ETF,Anthropic is nearing its IPO and investors should watch this exchange-traded fund to gauge market sentiment.,Yahoo,company
NVDA,2026-09-29 12:50:01,AT&T vs T-Mobile: What's the Better Dividend Stock to Buy Right Now?,These two leading telecom companies offer above-average yields and can be safe options for investors to consider right now.,Yahoo,company
NVDA,2026-09-29 12:52:42,Is The Market Underpricing NVIDIA Stock?,"NVIDIA (NVDA) stock trades at 28.6 times the last twelve months of profit, well below its three-year average P/E of 42.8. The shares are only 2.7% below their 52-week high, yet the stock's P/E is low by its own past. So is the market underpricing NVIDIA stock.",Yahoo,company
NVDA,2026-09-29 12:59:00,The SEC Has Given the Green Light to Tokenized Stock Trading. These 2 Crypto Stocks Will Be the Big Winners.,"The SEC's asset tokenization push will be beneficial for Robinhood and Coinbase, among others.",Yahoo,company
MSFT,2026-09-29 13:00:00,Map My Customers’ Angela Earl to Keynote Community Summit’s Women in Technology Program,"NEW YORK, September 29, 2026--Map My Customers, the leading field sales execution platform, today announced that Senior Vice President of Marketing Angela Earl will deliver the opening keynote for the Women in Technology program at Community Summit North America, the world's largest independent Microsoft AI & Business Applications user conference.",Yahoo,company
AMZN,2026-09-29 13:00:00,NOW CFO Acquires Go HQ and Bright Flag Recruiting,"SALT LAKE CITY, September 29, 2026--NOW CFO, a national fractional finance and outsourced accounting firm, announced today the acquisition of Go HQ and its sister company, Bright Flag Recruiting, which will transition to the Go HQ brand in the coming months. Founded in 2019 by entrepreneurs who lived the same back-office challenges their clients face every day, Go HQ supports Amazon DSPs, FedEx ISPs, and regional carriers with finance, HR, and operations support. Bright Flag, who was acquired by",Yahoo,company
GOOGL,2026-09-29 13:00:00,New Utilize Coalition Paper Offers Framework for Measuring Grid Utilization as States Move Toward Implementation,"Utilize Coalition, a nonprofit supported by Carrier, Google, Tesla, and other energy industry leaders, today released Beyond Peak: Defining, Measuring, and Optimizing Grid Utilization, a new policy paper proposing a common framework for measuring how effectively transmission and distribution infrastructure is used over time.",Yahoo,company
NVDA,2026-09-29 13:00:00,DigiCert Supports NVIDIA Open Agent Safety Platform with Verifiable Identity for Agents,"DigiCert AI Trust Manager brings cryptographic identity, authority, and enforceable kill switch for autonomous agents running in NVIDIA OpenShellLehi, Utah, Sept. 29, 2026 (GLOBE NEWSWIRE) -- DigiCert, a global leader in intelligent trust, today announced support for the NVIDIA Open Agent Safety Platform to help enterprises establish verifiable identity and authority for autonomous AI agents. At the center of the NVIDIA Open Agent Safety Platform is NVIDIA OpenShell, an open, secure runtime that",Yahoo,company
AAPL,2026-09-29 13:00:00,NVIDIA Makes a Massive Bet on Its Own Stock: Should You?,NVIDIA's record buyback signals confidence in its AI growth story. Here's why NVDA and NVIDIA-heavy ETFs could benefit.,Yahoo,company
GOOGL,2026-09-29 13:00:00,Dodge AI raises $2.65M from Accel and Google to fix the $600B enterprise firefighting problem,"Dodge AI is building an AI control plane for enterprise application maintenance. The platform resolves incidents and change requests across systems like SAP and Salesforce, and turns the undocumented exceptions and customizations buried inside every enterprise into a source of truth for production agents.San Francisco, CA, Sept. 29, 2026 (GLOBE NEWSWIRE) -- Enterprise software is never finished. Once SAP, Salesforce, Oracle, or Microsoft Dynamics goes live, the business keeps changing, and thous",Yahoo,company
AMZN,2026-09-29 13:00:00,Scala.AI Appoints Amazon Technology Leader Asic Demberel as Chief Technology Officer,"BELLEVUE, Wash., September 29, 2026--Veteran Amazon zero to one builder and technology leader joins Scala to help scale the AI operating system for contact centers and customer operations",Yahoo,company
AMZN,2026-09-29 13:00:00,"Spreetail Launches Brand Benchmark, Giving Brands Unprecedented Insight Beyond Their Own Sales","New capability in Spreetail’s Smart Shelf operating system brings together real-time scoring across five performance pillars that drive market share shifts on Amazon Brand Benchmark Spreetail's Brand Benchmark is a groundbreaking competitive intelligence dashboard that shows brands where they stand and what is causing their market share to move LINCOLN, Neb., Sept. 29, 2026 (GLOBE NEWSWIRE) -- Spreetail, the leading ecommerce marketplace accelerator for durable goods, today launched Brand Benchm",Yahoo,company
AMZN,2026-09-29 13:00:00,How Amazon is streamlining ad buys across multiple formats with AI,Amazon Ads executive Kelly MacLean walks through advances announced today that promise to simplify how marketers work with the platform.,Yahoo,company
AMZN,2026-09-29 13:00:00,OCC Strengthens Security Operations with an Agentic AI Investigation Solution Built on AWS,"CHICAGO, September 29, 2026--OCC today announced the launch of an AI-powered security investigation agent built with Amazon Web Services' Amazon Bedrock.",Yahoo,company
META,2026-09-29 13:00:00,NVIDIA Makes a Massive Bet on Its Own Stock: Should You?,NVIDIA's record buyback signals confidence in its AI growth story. Here's why NVDA and NVIDIA-heavy ETFs could benefit.,Yahoo,company
MSFT,2026-09-29 13:00:31,Salesforce Price Prediction: The Cheapest Way to Own AI Software,"Salesforce trades at a fraction of what Microsoft and ServiceNow charge for AI growth, and that valuation gap is drawing serious attention. Whether it closes or widens depends on a bet most investors have not fully priced in yet.",Yahoo,company
JNJ,2026-09-29 13:03:17,Why Amgen’s 6% Dividend Raise Masks a Tougher Road Ahead,"Amgen just handed income investors another dividend raise, but a mountain of acquisition debt, crumbling legacy drugs, and a billion-dollar obesity bet are all competing for the same pool of cash.",Yahoo,company
GOOGL,2026-09-29 13:04:29,Google appeals E.U. Android AI access and search data orders,"The company filed appeals with the E.U.'s General Court on Tuesday, warning the measures would harm user privacy and device security",Yahoo,company
MSFT,2026-09-29 13:05:00,Thryv Names Robin Brenner SVP of Ecosystems and Partnerships,"DALLAS, September 29, 2026--Robin Brenner will develop Thryv’s partner ecosystem to expand revenue channels and create new opportunities for AI innovation.",Yahoo,company
NVDA,2026-09-29 13:08:00,Prediction: SpaceX Stock Will be Worth This Much in 1 Year,"Elon Musk's space transportation company is loaded with potential, but its sky-high valuation leaves little room for upside in the near term.",Yahoo,company
NVDA,2026-09-29 13:08:00,QumulusAI Signs $240.9 Million in New AI Inference Customer Contracts for NVIDIA Blackwell B300 Capacity,"ATLANTA, September 29, 2026--QumulusAI (Nasdaq: QMLS), a neocloud infrastructure provider purpose-built for the AI computing era, today announced two three-year take or pay agreements with AI inference customers. The agreements have combined contracted value of $240.9 million and cover more than 2,000 NVIDIA Blackwell B300 GPUs across two dedicated clusters.",Yahoo,company
MSFT,2026-09-29 13:14:00,Oracle's AI Cloud Contracts Surge: Is Revenue Visibility Rising?,"ORCL's record $664B RPO, fueled by over $30B in new AI cloud contracts, is boosting multi-year revenue visibility despite heavy capital spending.",Yahoo,company
AMZN,2026-09-29 13:14:00,Oracle's AI Cloud Contracts Surge: Is Revenue Visibility Rising?,"ORCL's record $664B RPO, fueled by over $30B in new AI cloud contracts, is boosting multi-year revenue visibility despite heavy capital spending.",Yahoo,company
NVDA,2026-09-29 13:18:21,OpenAI tried to invest $100 million in Hugging Face,Talks between the two companies collapsed in early stages; Nvidia later announced a deal to buy Hugging Face for roughly $13 billion,Yahoo,company
NVDA,2026-09-29 13:19:00,"Fair Isaac, CarMax, Netflix, SpaceX, Summit Therapeutics, Navitas, and More Stocks That Explain Today’s Market",Stock futures rose Monday as bond yields pulled back from their recent highs and while investors grasped news that OpenAI had scrapped the release of its latest artificial-intelligence model.  The company announced Monday it had agreed to buy AI research company World Labs in an $8.2 billion all stock deal.  Navitas Semiconductor  rose 9.1% after it received a U.S. Army grant to develop power semiconductor technology.,Yahoo,company
NVDA,2026-09-29 13:20:00,"Want $1,000 a Month in Passive Income? This Brilliant Dividend ETF Could Get You There in 20 Years.",Steady and consistent monthly investing is the key to making it happen.,Yahoo,company
JPM,2026-09-29 13:20:07,The 10-Year Yield Is 2 Basis Points From Its 2007 Peak. One More Push Takes It Back to 2002,"Treasury yields are closing in on levels not seen since the early 2000s, and four converging forces suggest the pressure on mortgages, stock multiples, and your portfolio is far from over.",Yahoo,company
AMZN,2026-09-29 13:23:00,Polymarket Hires Goldman Sachs Banker To Attract Institutional Investors,Prediction market exchange Polymarket has hired a veteran Goldman Sachs (NYSE: $GS) banker as it looks to attract i...,Yahoo,company
JPM,2026-09-29 13:23:00,BAC Gains 17.4% in 6 Months: Should You Invest in the Stock Now?,"Bank of America's 17.4% six-month gain reflects stronger revenues, IB momentum and digital growth, though rising costs may curb near-term upside.",Yahoo,company
JPM,2026-09-29 13:23:28,JPMorgan cuts Monday.com to Neutral on slowing growth,"Investing.com -- JPMorgan has cut Monday.com (NASDAQ: MNDY) to Neutral from Overweight on Tuesday, saying the work management software company is struggling to attract new customers.",Yahoo,company
AMZN,2026-09-29 13:27:17,Nancy Pelosi And Bill Ackman Are Betting On The Same Two Stocks,"Uber (NYSE:UBER) and Amazon (NASDAQ:AMZN) are showing up in both Nancy Pelosi’s trading disclosures and Bill Ackman’s Pershing Square portfolio. Pelosi’s spouse bought 200 call options on Uber (NYSE:UBER) on May 29, with a $50 strike price expiring March 19, 2027. Bill Ackman’s Pershing Square holds a much bigger position in the same stock. The […]",Yahoo,company
META,2026-09-29 13:27:25,The Fastest Bank Run In U.S. History Saw Customers Pull $42 Billion In A Single Day. Now Apollo’s Chief Economist Warns AI Agents Like Meta’s Muse Could Trigger The Next One.,"Apollo's chief economist believes AI assistants could drain the cheap deposits that keep banks alive, and one feature already inside Meta's Muse app sits closer to triggering that scenario than most investors realize.",Yahoo,company
AAPL,2026-09-29 13:30:11,What Will Decide Apple Stock Over The Next Six Months?,"If you own Apple (AAPL) after a 32% gain in a year, the worry is what could reverse it. In July 2026, management said memory would cost Apple even more in the September 2026 quarter. Higher memory costs mean less profit per device, and Apple still cannot build enough phones and Macs. The table below lists what could move Apple stock over the next six months and what matters most.",Yahoo,company
AMZN,2026-09-29 13:30:11,What Will Decide Apple Stock Over The Next Six Months?,"If you own Apple (AAPL) after a 32% gain in a year, the worry is what could reverse it. In July 2026, management said memory would cost Apple even more in the September 2026 quarter. Higher memory costs mean less profit per device, and Apple still cannot build enough phones and Macs. The table below lists what could move Apple stock over the next six months and what matters most.",Yahoo,company
MSFT,2026-09-29 13:30:11,What Will Decide Apple Stock Over The Next Six Months?,"If you own Apple (AAPL) after a 32% gain in a year, the worry is what could reverse it. In July 2026, management said memory would cost Apple even more in the September 2026 quarter. Higher memory costs mean less profit per device, and Apple still cannot build enough phones and Macs. The table below lists what could move Apple stock over the next six months and what matters most.",Yahoo,company
GOOGL,2026-09-29 13:30:11,What Will Decide Apple Stock Over The Next Six Months?,"If you own Apple (AAPL) after a 32% gain in a year, the worry is what could reverse it. In July 2026, management said memory would cost Apple even more in the September 2026 quarter. Higher memory costs mean less profit per device, and Apple still cannot build enough phones and Macs. The table below lists what could move Apple stock over the next six months and what matters most.",Yahoo,company
JPM,2026-09-29 13:33:00,"Nike Is Down Nearly 50%, and Wall Street Analysts Keep Downgrading It. Here's Why History Says They're Missing the Bigger Picture.","Nike has taken a beating, but its latest slump could look very different.",Yahoo,company
NVDA,2026-09-29 13:33:00,Elon Musk just handed Nvidia investors another big win,One X post on Sept. 25 gave Nvidia bulls a number they had not seen before.,Yahoo,company
NVDA,2026-09-29 13:33:00,"Nike Is Down Nearly 50%, and Wall Street Analysts Keep Downgrading It. Here's Why History Says They're Missing the Bigger Picture.","Nike has taken a beating, but its latest slump could look very different.",Yahoo,company
NVDA,2026-09-29 13:36:00,Bears Hate This Cheap Stock -- That's Exactly Why I Might Buy,"Robotaxi hype is rising, except for this cheap stock.",Yahoo,company
META,2026-09-29 13:40:16,"Nvidia, Anthropic CEOs to Attend Trump Meeting on AI Risks","Nvidia Corp. Chief Executive Officer Jensen Huang, Anthropic PBC head Dario Amodei and Palantir Technologies Inc. CEO Alex Karp are slated to attend a lunch with US President Donald Trump to discuss artificial intelligence risks.",Yahoo,company
NVDA,2026-09-29 13:42:51,"Stock Market Today: Dow Falls As Oil Prices Slide, Yields Reverse; Nvidia Shares Hit A Buy Point (Live Coverage)","Stock Market Today: The Dow Jones index drops Tuesday as oil prices tumbled, and Treasury yields reversed higher. Nvidia hits a buy point.",Yahoo,company
AAPL,2026-09-29 13:44:35,What Does Weaker Viewing Actually Cost Netflix Stock?,"Netflix (NFLX) investors worry that YouTube is pulling viewers away and that weaker viewing will eat into profit. Analysts at Wells Fargo cut their rating on Netflix on September 18, 2026, warning that weaker engagement and content could pressure margins. Netflix's 30% operating margin over the past year is its highest in ten years, so the margin has room to fall. If weaker viewing pulled that margin back to its three-year average, how much operating profit would Netflix still make.",Yahoo,company
AMZN,2026-09-29 13:44:35,What Does Weaker Viewing Actually Cost Netflix Stock?,"Netflix (NFLX) investors worry that YouTube is pulling viewers away and that weaker viewing will eat into profit. Analysts at Wells Fargo cut their rating on Netflix on September 18, 2026, warning that weaker engagement and content could pressure margins. Netflix's 30% operating margin over the past year is its highest in ten years, so the margin has room to fall. If weaker viewing pulled that margin back to its three-year average, how much operating profit would Netflix still make.",Yahoo,company
NVDA,2026-09-29 13:45:52,Nvidia Stock Is at Its Cheapest Valuation Since 2015,"Nvidia's earnings have grown so fast they outpaced a rising stock price, pushing its valuation to a level not seen in over a decade. Whether that signals a rare buying opportunity or a quiet warning from the market is the question every investor needs to answer right now.",Yahoo,company
PG,2026-09-29 13:49:00,"3 CPGs discuss automation, sourcing and logistics risks","At a Barclays conference this month, Colgate-Palmolive and Kimberly-Clark flagged rising material and freight costs, while Procter & Gamble gave a Supply Chain 3.0 update.",Yahoo,company
NVDA,2026-09-29 13:50:00,"Elon Musk Can't Sell SpaceX Shares Until 2027. Here's Who Can, and When.",Elon Musk currently controls 48.4% of SpaceX.,Yahoo,company
NVDA,2026-09-29 13:50:32,"Stocks waver as oil prices fall, bond yields stabilize: AlphaCheck",Here's the market action in the first few minutes of trading.,Yahoo,company
GOOGL,2026-09-29 13:50:34,"Anthropic IPO Filing Shows Fast Growth, Big Losses and 'Catastrophic Risk' Warning: Report","Anthropic IPO prospectus shows big losses and fast growth plus long warnings about the risks of AI, according to Reuters.",Yahoo,company
AMZN,2026-09-29 13:52:00,Starship Milestone Lifts SpaceX Stock. This Analyst Sees 40% Upside.,TD Cowen analyst John Blackledge launches coverage of SpaceX stock with a Buy rating and $200 price target.,Yahoo,company
GOOGL,2026-09-29 13:52:00,Starship Milestone Lifts SpaceX Stock. This Analyst Sees 40% Upside.,TD Cowen analyst John Blackledge launches coverage of SpaceX stock with a Buy rating and $200 price target.,Yahoo,company
META,2026-09-29 13:52:32,"Netflix upgraded, Carvana downgraded: Wall Street's top analyst calls","Netflix upgraded, Carvana downgraded: Wall Street's top analyst calls",Yahoo,company
META,2026-09-29 13:57:10,Tech stocks rise as Treasury yields and oil prices pull back,"The Nasdaq gained 0.4% on Tuesday, recovering some ground after a broad selloff sent the Dow down more than 300 points the day before",Yahoo,company
GOOGL,2026-09-29 13:57:53,Netlist Files New ITC Patent Action Against Micron Over HBM Technology for AI Computing,"Netlist has filed a new U. S. International Trade Commission complaint seeking exclusion and cease and desist orders against Micron Technology and downstream customers Nvidia, Broadcom and Google over alleged infringement of two High Bandwidth Memory patents.",Yahoo,company
AMZN,2026-09-29 14:00:00,Rajesh Iyengar’s Manufacturing AI Guide Reaches Amazon Bestseller Status and Times Square,"Rajesh Iyengar’s Manufacturing AI Guide Reaches Amazon Bestseller Status and Times Square Rajesh Iyengar’s Manufacturing AI Guide Reaches Amazon Bestseller Status and Times Square DETROIT, MI, Sept. 29, 2026 (GLOBE NEWSWIRE) -- Lincode Labs CEO’s book examines the engineering, quality, and operational challenges behind dependable AI visual inspection on factory floors Rajesh Iyengar, CEO of Lincode Labs, authored Teach the Factory to See: How Production, Manufacturing Engineering, and Quality Te",Yahoo,company
MSFT,2026-09-29 14:00:00,Isomer Brings Sovereign Claims AI to the Microsoft Azure Marketplace,"CHICAGO, September 29, 2026--Isomer™, which reviews every claim communication at the point of receipt, today announced availability on the Microsoft Azure Marketplace as an Azure Managed Application. Insurers can now deploy the full Isomer solution inside their own Azure tenant as a dedicated, single-tenant environment, with data persistence and core processing running entirely within their own subscription. Isomer returns cited risk signals before the claim system sees the file, all within a so",Yahoo,company
GOOGL,2026-09-29 14:00:00,"FirstDigital Reaches 500 Five-Star Reviews, Reflecting a Different Approach to Fiber Internet Service",FirstDigital has reached a milestone of 500 five-star Google reviews and an overall 4.4-star rating.,Yahoo,company
JNJ,2026-09-29 14:00:00,BioFuture 2026 Convenes Industry Leaders in New York City to Explore the Trends Reshaping Biopharma and Healthcare,"Demy-Colton today announced the agenda for BioFuture™ 2026, taking place October 27–28 at Cure, 345 Park Avenue South in New York City. The conference will bring together leaders from across biopharma, healthcare, investment, technology and policy for discussions, company presentations, networking and one-to-one partnering, followed by virtual partnering November 3–5.",Yahoo,company
GOOGL,2026-09-29 14:00:09,Microsoft Stock Has Multiple Engines Driving Its Next Leg Higher,"Azure is accelerating past 40% growth, Copilot seats are doubling quarter over quarter, and a commercial backlog approaching $700 billion sits waiting to convert. Whether those engines can actually lift Microsoft back above its all-time high depends on a few risks hiding in plain sight.",Yahoo,company
MSFT,2026-09-29 14:00:09,Microsoft Stock Has Multiple Engines Driving Its Next Leg Higher,"Azure is accelerating past 40% growth, Copilot seats are doubling quarter over quarter, and a commercial backlog approaching $700 billion sits waiting to convert. Whether those engines can actually lift Microsoft back above its all-time high depends on a few risks hiding in plain sight.",Yahoo,company
AMZN,2026-09-29 14:00:09,Microsoft Stock Has Multiple Engines Driving Its Next Leg Higher,"Azure is accelerating past 40% growth, Copilot seats are doubling quarter over quarter, and a commercial backlog approaching $700 billion sits waiting to convert. Whether those engines can actually lift Microsoft back above its all-time high depends on a few risks hiding in plain sight.",Yahoo,company
META,2026-09-29 14:02:14,"What Changed For Intel Stock, And What Did Not?","Intel (INTC) stock rose 12.1% on September 21, 2026. A $10,000 holding at the prior close was worth about $11,210 when that day ended. In the days before, reports said SK Hynix was in talks with Intel about making memory chips in the United States. That news was public before September 21, which means it cannot explain the jump. So why did Intel stock jump that day.",Yahoo,company
MSFT,2026-09-29 14:10:00,"BastionGPT Launches Microsoft-Certified Power Platform Connector, Bringing HIPAA-Compliant AI to Power Automate, Power Apps, and Copilot Studio","Healthcare organizations can now add HIPAA-compliant AI chat, document analysis, and medical transcription to Microsoft Power Automate flows, Power Apps, and Copilot Studio agents without writing code. The certified connector, published by Bastion Intelligence and listed in Microsoft's connector directory, runs under a Business Associate Agreement and never uses customer content to train AI models. BastionGPT gives healthcare and mental health professionals access to leading AI models in a platf",Yahoo,company
AAPL,2026-09-29 14:14:00,Apple lawsuit becomes class action,The tech giant could face claims from thousands of card issuers that paid Apple Pay fees for payments made via Apple’s devices as part of a California lawsuit.,Yahoo,company
AAPL,2026-09-29 14:14:34,"A closer look at Anthropic's 2025 losses, Dan Ives discusses AI safety risks","Yahoo Finance Executive Editor Brian Sozzi takes on the biggest stories as the trading day kicks off, weighing in on Anthropic's (ANTH.PVT) leaked IPO prospectus and Advanced Micro Devices' (AMD) deal to acquire World Labs. Yorkville Ives partner and senior managing director Dan Ives sits down with Sozzi for a conversation about the latest developments and safety concerns emerging from the AI space.",Yahoo,company
META,2026-09-29 14:14:34,"A closer look at Anthropic's 2025 losses, Dan Ives discusses AI safety risks","Yahoo Finance Executive Editor Brian Sozzi takes on the biggest stories as the trading day kicks off, weighing in on Anthropic's (ANTH.PVT) leaked IPO prospectus and Advanced Micro Devices' (AMD) deal to acquire World Labs. Yorkville Ives partner and senior managing director Dan Ives sits down with Sozzi for a conversation about the latest developments and safety concerns emerging from the AI space.",Yahoo,company
GOOGL,2026-09-29 14:14:34,"A closer look at Anthropic's 2025 losses, Dan Ives discusses AI safety risks","Yahoo Finance Executive Editor Brian Sozzi takes on the biggest stories as the trading day kicks off, weighing in on Anthropic's (ANTH.PVT) leaked IPO prospectus and Advanced Micro Devices' (AMD) deal to acquire World Labs. Yorkville Ives partner and senior managing director Dan Ives sits down with Sozzi for a conversation about the latest developments and safety concerns emerging from the AI space.",Yahoo,company
NVDA,2026-09-29 14:17:13,Lumentum Stock: I Bought It At $800; 2027 Could Change The Story,Lumentum Holdings rises with the tech rally as laser demand surges and AI CapEx tightens supply. Click to know why LITE is rated a Strong Buy.,SeekingAlpha,company
GOOGL,2026-09-29 14:17:13,Lumentum Stock: I Bought It At $800; 2027 Could Change The Story,Lumentum Holdings rises with the tech rally as laser demand surges and AI CapEx tightens supply. Click to know why LITE is rated a Strong Buy.,SeekingAlpha,company
AAPL,2026-09-29 14:20:00,Apple (AAPL): 1 Number That Proves Its AI Strategy Is Different From the Hyperscalers',The company is standing on the sidelines and watching its peers spend aggressively on the latest technological craze.,Yahoo,company
AMZN,2026-09-29 14:21:00,Anthropic eyes $2 trillion-plus IPO valuation after $42 billion loss,"Anthropic (Unlisted (US):ANTHRO) is pursuing an IPO that could value it at more than $2 trillion, even after a $42 billion net loss in 2025, its prospectus shows. The prospectus, seen by Reuters, shows revenue grew 12-fold to nearly $4.6 billion in 2025, while operating losses exceeded...",Yahoo,company
MSFT,2026-09-29 14:23:00,Wall Street Lunch: Anthropic Targets Up To $2T Raise (Judgment Day Possible),"After losing more than $40B in a year, Anthropic (ANTHRO) wants to raise up to $2T. And it just may kill us all in the bargain.",SeekingAlpha,company
GOOGL,2026-09-29 14:23:00,Wall Street Lunch: Anthropic Targets Up To $2T Raise (Judgment Day Possible),"After losing more than $40B in a year, Anthropic (ANTHRO) wants to raise up to $2T. And it just may kill us all in the bargain.",SeekingAlpha,company
META,2026-09-29 14:23:00,Wall Street Lunch: Anthropic Targets Up To $2T Raise (Judgment Day Possible),"After losing more than $40B in a year, Anthropic (ANTHRO) wants to raise up to $2T. And it just may kill us all in the bargain.",SeekingAlpha,company
AMZN,2026-09-29 14:23:00,Wall Street Lunch: Anthropic Targets Up To $2T Raise (Judgment Day Possible),"After losing more than $40B in a year, Anthropic (ANTHRO) wants to raise up to $2T. And it just may kill us all in the bargain.",SeekingAlpha,company
GOOGL,2026-09-29 14:23:40,Can You Justify Buying Palantir Stock Today?,"Palantir Technologies (PLTR) stock trades at 73 times its sales over the last twelve months, against about 3 times for the S&P 500. Revenue is growing fast, but buyers at this price are paying for years of profit Palantir has not earned yet. So can you justify buying Palantir stock today.",Yahoo,company
MSFT,2026-09-29 14:23:40,Can You Justify Buying Palantir Stock Today?,"Palantir Technologies (PLTR) stock trades at 73 times its sales over the last twelve months, against about 3 times for the S&P 500. Revenue is growing fast, but buyers at this price are paying for years of profit Palantir has not earned yet. So can you justify buying Palantir stock today.",Yahoo,company
AMZN,2026-09-29 14:23:40,Can You Justify Buying Palantir Stock Today?,"Palantir Technologies (PLTR) stock trades at 73 times its sales over the last twelve months, against about 3 times for the S&P 500. Revenue is growing fast, but buyers at this price are paying for years of profit Palantir has not earned yet. So can you justify buying Palantir stock today.",Yahoo,company
AMZN,2026-09-29 14:24:00,Will Accelerating Cloud & International Growth Lift Alibaba Stock Now?,"BABA's cloud and AI growth is accelerating, but rising spending, weak international sales and cash outflows cloud the outlook.",Yahoo,company
MSFT,2026-09-29 14:24:00,Will Accelerating Cloud & International Growth Lift Alibaba Stock Now?,"BABA's cloud and AI growth is accelerating, but rising spending, weak international sales and cash outflows cloud the outlook.",Yahoo,company
META,2026-09-29 14:24:00,Why AMD's World Labs deal just turned up the heat in the AI chip race,"Yahoo Finance Executive Editor and Sozzi Unleashed host Brian Sozzi breaks down why AMD  (AMD)is acquiring World Labs in a deal valued at $8.2 billion. As part of the deal, World Labs co-founder Fei-Fei Li will join AMD, adding to the chipmaker’s push to expand its AI capabilities.",Yahoo,company
GOOGL,2026-09-29 14:24:00,Why AMD's World Labs deal just turned up the heat in the AI chip race,"Yahoo Finance Executive Editor and Sozzi Unleashed host Brian Sozzi breaks down why AMD  (AMD)is acquiring World Labs in a deal valued at $8.2 billion. As part of the deal, World Labs co-founder Fei-Fei Li will join AMD, adding to the chipmaker’s push to expand its AI capabilities.",Yahoo,company
AAPL,2026-09-29 14:25:29,"Apple Could Keep Every iPhone Sale Yet Lose Discovery Referral, BofA Warns — Says Muse Concerns Are Overdone","Bank of America said Meta Muse concerns are overdone even as it poses new risks around how consumers discover and initiate transactions, according to TheFly.",Yahoo,company
META,2026-09-29 14:25:29,"Apple Could Keep Every iPhone Sale Yet Lose Discovery Referral, BofA Warns — Says Muse Concerns Are Overdone","Bank of America said Meta Muse concerns are overdone even as it poses new risks around how consumers discover and initiate transactions, according to TheFly.",Yahoo,company
XOM,2026-09-29 14:25:59,ExxonMobil Got a $180 Target as Trump Weighed a Diesel Export Ban. Here’s What It Means for the Stock,Key Stats for ExxonMobil StockCurrent Price: $162. 52Target Price (Mid): ~$165Street Target: ~$172Potential Total Return: ~2%Annualized IRR: ~0.,Yahoo,company
MSFT,2026-09-29 14:29:00,Enterprise AI Advances Power Microsoft: Is There More Upside Ahead?,"MSFT's enterprise AI rollout is gaining traction, but rising infrastructure costs and shifting Copilot pricing could shape its upside.",Yahoo,company
GOOGL,2026-09-29 14:29:00,Enterprise AI Advances Power Microsoft: Is There More Upside Ahead?,"MSFT's enterprise AI rollout is gaining traction, but rising infrastructure costs and shifting Copilot pricing could shape its upside.",Yahoo,company
MSFT,2026-09-29 14:30:00,monday.com Elevate ‘26 Puts AI Agents to Work: Every Attendee Gets to Build an Agent,"NEW YORK & TEL AVIV, Israel, September 29, 2026--monday.com Ltd. (NASDAQ: MNDY) today announced the full program for Elevate ‘26, its flagship annual conference, taking place October 28-29, 2026 at the Javits Center in New York City.",Yahoo,company
META,2026-09-29 14:30:00,monday.com Elevate ‘26 Puts AI Agents to Work: Every Attendee Gets to Build an Agent,"NEW YORK & TEL AVIV, Israel, September 29, 2026--monday.com Ltd. (NASDAQ: MNDY) today announced the full program for Elevate ‘26, its flagship annual conference, taking place October 28-29, 2026 at the Javits Center in New York City.",Yahoo,company
META,2026-09-29 14:30:00,3 Stocks to Buy Before the End of September,"The biggest profits in AI infrastructure hide in three chokepoints that most investors walk right past, and two of them are priced as if the boom is already over.",Yahoo,company
GOOGL,2026-09-29 14:30:00,monday.com Elevate ‘26 Puts AI Agents to Work: Every Attendee Gets to Build an Agent,"NEW YORK & TEL AVIV, Israel, September 29, 2026--monday.com Ltd. (NASDAQ: MNDY) today announced the full program for Elevate ‘26, its flagship annual conference, taking place October 28-29, 2026 at the Javits Center in New York City.",Yahoo,company
META,2026-09-29 14:30:00,"Are Meta, AMD, and Micron to thank for the September rally?","Yahoo Finance Executive Editor Brian Sozzi takes a closer look at how Big Tech companies like Meta Platforms (META), Advanced Micro Devices (AMD), and Micron Technology (MU) may be running the late September market rally.",Yahoo,company
MSFT,2026-09-29 14:30:00,3 Stocks to Buy Before the End of September,"The biggest profits in AI infrastructure hide in three chokepoints that most investors walk right past, and two of them are priced as if the boom is already over.",Yahoo,company
JPM,2026-09-29 14:30:06,CoreWeave Stock Just Got a Jaw-Dropping Upgrade From JPMorgan,JPMorgan upgraded the AI infrastructure company and pointed to improving compute pricing as a potential catalyst for stronger revenue and margins.,Yahoo,company
GOOGL,2026-09-29 14:30:07,"Cloudflare, Deutsche Telekom Collaborating on Enterprise Security in Europe",Cloudflare (NET) and Deutsche Telekom said Tuesday they are collaborating to strengthen digital inf,Yahoo,company
MSFT,2026-09-29 14:30:07,"Cloudflare, Deutsche Telekom Collaborating on Enterprise Security in Europe",Cloudflare (NET) and Deutsche Telekom said Tuesday they are collaborating to strengthen digital inf,Yahoo,company
AAPL,2026-09-29 14:30:07,"Cloudflare, Deutsche Telekom Collaborating on Enterprise Security in Europe",Cloudflare (NET) and Deutsche Telekom said Tuesday they are collaborating to strengthen digital inf,Yahoo,company
JNJ,2026-09-29 14:31:00,Retinitis Pigmentosa Market Outlook to Strengthen During the Forecast Period (2026-2036) with Growing Focus on Disease-Modifying Therapies | DelveInsight,"Recently published Retinitis Pigmentosa Market Insights report includes a comprehensive understanding of current treatment practices, retinitis pigmentosa emerging drugs, market share of individual therapies, and current and forecasted market size from 2022 to 2036, segmented into leading markets [the United States, the EU4 (Germany, France, Italy, and Spain), the United Kingdom, and Japan].",Yahoo,company
GOOGL,2026-09-29 14:33:31,"SpaceX faces ""an unprecedented set of AI and space"" opportunities: TD Cowen","Investing.com -- TD Cowen started coverage of SpaceX (NASDAQ: SPCX) with a Buy rating and a $200 price target in a note Tuesday, telling investors that leasing AI computing power will drive growth in the near term, with larger opportunities in AI and space over time.",Yahoo,company
JPM,2026-09-29 14:38:00,What History Says Will Happen If Micron’s Earnings Stars Align,"Micron stock has had some eye-watering moves after earnings in previous quarters. With analysts upbeat for the company’s results this week, the stock could be in for a roller coaster.",Yahoo,company
AAPL,2026-09-29 14:39:58,Meta’s Muse AI threatens Apple’s mobile commerce dominance,"Investing.com -- Apple (NASDAQ: AAPL) shares fell 1.6% today as Wall Street digests a stark warning from Bank of America: the rapid rise of third-party AI agents threatens to fundamentally rewrite the economics of mobile commerce, striking at the core of Apple’s ecosystem.",Yahoo,company
META,2026-09-29 14:39:58,Meta’s Muse AI threatens Apple’s mobile commerce dominance,"Investing.com -- Apple (NASDAQ: AAPL) shares fell 1.6% today as Wall Street digests a stark warning from Bank of America: the rapid rise of third-party AI agents threatens to fundamentally rewrite the economics of mobile commerce, striking at the core of Apple’s ecosystem.",Yahoo,company
GOOGL,2026-09-29 14:48:26,Weight Watchers and Google Health Launch Weight Health Collaboration for Employers and Payers,"Weight Watchers and Google Health Enterprise have launched a collaboration combining wearable technology, health insights and behavioral weight management, expanding Weight Watchers’ offering for employers, health plans and other payers. Key Investor TakeawaysWeight Watchers (NASDAQ:WW) is integrating Google Health Enterprise technology into select Weight Watchers for Business client programs.",Yahoo,company
NVDA,2026-09-29 14:49:18,'This is a problem': The pope counters Jensen Huang on AI safety,Yahoo Finance Executive Editor Brian Sozzi reacts to Pope Leo XIV responding to Nvidia (NVDA) CEO Jensen Huang's stance on AI safety.,Yahoo,company
NVDA,2026-09-29 14:50:00,3 Monster Dividend Stocks to Buy Now and Hold for Decades,Now is the right time to begin reallocating your portfolio to be less reliant on growth and more driven by income.,Yahoo,company
META,2026-09-29 14:51:17,"MongoDB Dropped by 25% Over The Last Month: A Large, Influential Wall Street Bank Predicts 70% Gains From Here","A surprise CEO departure sent MongoDB tumbling 25% in a month while its database rivals barely flinched, and now one major Wall Street bank sees a setup that could reward patient investors.",Yahoo,company
NVDA,2026-09-29 14:53:00,AMD Is Having to Pay a Steep Price to Keep Up With Nvidia,"It’s a tough task for any chip maker to keep up with  Nvidia  But  Advanced Micro Devices  is certainly trying, with the $8.2 billion purchase of artificial-intelligence start-up World Labs.  AMD is ponying up $8.2 billion to acquire World Labs in an all-stock deal announced late Monday.  Shareholders seemed unfazed Tuesday, with AMD stock rising 1.7% in morning trading.",Yahoo,company
META,2026-09-29 14:53:00,AMD Is Having to Pay a Steep Price to Keep Up With Nvidia,"It’s a tough task for any chip maker to keep up with  Nvidia  But  Advanced Micro Devices  is certainly trying, with the $8.2 billion purchase of artificial-intelligence start-up World Labs.  AMD is ponying up $8.2 billion to acquire World Labs in an all-stock deal announced late Monday.  Shareholders seemed unfazed Tuesday, with AMD stock rising 1.7% in morning trading.",Yahoo,company
JPM,2026-09-29 14:53:58,Penalties average 65% of tax liabilities on latest HMRC defaulters list – RSM UK,The penalties totalled $47.6m (£36m) against tax liabilities of £56m.,Yahoo,company
MSFT,2026-09-29 15:00:00,HumanTronik Acquires CloudMoyo to combine global enterprise delivery with deep frontier AI expertise for joint customers,"HumanTronik today announced that it has acquired CloudMoyo, bringing together HumanTronik's enterprise AI platform with CloudMoyo's Microsoft engineering depth, Icertis Contract Intelligence expertise, and experience taking enterprise technology into production. Financial terms were not disclosed. CloudMoyo will continue to operate under its own brand, with no change to existing customer teams, contracts, or service commitments.",Yahoo,company
GOOGL,2026-09-29 15:00:27,"Alphabet Has More Growth Engines Than Investors Think, We See 63% Upside","Alphabet is running multiple growth engines at once, from a cloud business expanding at breakneck speed to an AI platform already reaching nearly a billion users, yet the stock still trades at a discount to slower-growing rivals. The real question is whether record capital spending buries those gains before they materialize.",Yahoo,company
MSFT,2026-09-29 15:00:27,"Alphabet Has More Growth Engines Than Investors Think, We See 63% Upside","Alphabet is running multiple growth engines at once, from a cloud business expanding at breakneck speed to an AI platform already reaching nearly a billion users, yet the stock still trades at a discount to slower-growing rivals. The real question is whether record capital spending buries those gains before they materialize.",Yahoo,company
GOOGL,2026-09-29 15:00:53,3 Stocks to Buy Now Before Wall Street Catches On,"The AI infrastructure trade has quietly shifted away from chips toward two scarce resources that hyperscalers cannot conjure fast enough, and three under-the-radar companies control the chokepoints.",Yahoo,company
GOOGL,2026-09-29 15:01:07,SpaceX: The 'Most Interesting' Sell I've Ever Seen,SpaceX is a Sell because its $2T valuation already prices in a decade-long period of great execution in AI and infrastructure. Read more on SPCX stock here.,SeekingAlpha,company
META,2026-09-29 15:01:07,SpaceX: The 'Most Interesting' Sell I've Ever Seen,SpaceX is a Sell because its $2T valuation already prices in a decade-long period of great execution in AI and infrastructure. Read more on SPCX stock here.,SeekingAlpha,company
JPM,2026-09-29 15:03:00,"Sterling Organization Acquires Pavilions Marketplace, a 69,622-Square-Foot Grocery-Anchored Shopping Center in West Hollywood, California","Sterling Organization, a West Palm Beach, Florida-based private equity real estate investment firm focused on the retail sector, today announced the acquisition of Pavilions Marketplace, a 69,622-square-foot shopping center anchored by a Pavilions (Albertsons) grocery store in West Hollywood, Calif. Sterling Organization acquired the property on behalf of its institutional value-add fund, Sterling Value Add Partners IV (SVAP IV), marking the fund's 11th investment.",Yahoo,company
MSFT,2026-09-29 15:04:00,Best Buy to launch on TikTok Shop,"Customers will be able to purchase products directly through the social commerce platform, with orders fulfilled by the retailer.",Yahoo,company
PG,2026-09-29 15:04:58,Procter & Gamble (PG) Launches Its First Trichologist Co Created Hair Product,Procter & Gamble (NYSE:PG) brand Pantene has introduced a new Cream to Mist hair product co-created with a certified trichologist and viral hair influencer. The launch centers on a cream formula that transforms into a fine mist designed to deliver intense hydration across a wide range of hair types. Pantene developed the Cream to Mist format in response to consumer feedback seeking richer nourishment from spray based conditioners and stylers. This Cream to Mist debut with a trichologist...,Yahoo,company
NVDA,2026-09-29 15:05:00,Monster Beverage Is Lagging the S&P 500 in 2026. Here's Where the Stock Could Trade by September 2027.,"Even if it's lagging the S&P 500 now, Monster still has plenty of potential to outperform the broader markets moving forward.",Yahoo,company
AMZN,2026-09-29 15:05:24,"Amazon.com (AMZN), Why Is It Getting So Much Attention Today?","Amazon.com (AMZN) heads into the holiday run-up with an October Prime Day that Adobe Analytics expects to draw US$10b in spending, reshaping when shoppers open their wallets. Recent trading has been choppy for Amazon.com, with the share price down 7.61% over the past 30 days and 4.76% over the last week. At the same time, the 90-day share price return of 3.28% and 1-year total shareholder return of 10.79% point to momentum that has cooled rather than fully reversed. See how Amazon.com...",Yahoo,company
AMZN,2026-09-29 15:07:04,What Did Snowflake Stock Investors Miss Before The Run?,"Snowflake (SNOW) stock returned 115% in the six months to September 28, 2026. A $10,000 holding at the start of that window was worth about $21,470 at the end. The run was about revenue growth that sped up for three straight quarters, with help from Snowflake's AI products. Part of that faster revenue growth was on the record before the shares moved, so what did investors miss.",Yahoo,company
GOOGL,2026-09-29 15:07:04,What Did Snowflake Stock Investors Miss Before The Run?,"Snowflake (SNOW) stock returned 115% in the six months to September 28, 2026. A $10,000 holding at the start of that window was worth about $21,470 at the end. The run was about revenue growth that sped up for three straight quarters, with help from Snowflake's AI products. Part of that faster revenue growth was on the record before the shares moved, so what did investors miss.",Yahoo,company
MSFT,2026-09-29 15:07:04,What Did Snowflake Stock Investors Miss Before The Run?,"Snowflake (SNOW) stock returned 115% in the six months to September 28, 2026. A $10,000 holding at the start of that window was worth about $21,470 at the end. The run was about revenue growth that sped up for three straight quarters, with help from Snowflake's AI products. Part of that faster revenue growth was on the record before the shares moved, so what did investors miss.",Yahoo,company
AMZN,2026-09-29 15:10:30,Amazon’s Former Highs Mean Nothing in This New Paradigm,"Amazon's stock sits below its old peak, and most investors treat that gap as a warning. A closer look at what is actually driving the business suggests the market may be pricing a company that no longer exists.",Yahoo,company
MSFT,2026-09-29 15:10:30,Amazon’s Former Highs Mean Nothing in This New Paradigm,"Amazon's stock sits below its old peak, and most investors treat that gap as a warning. A closer look at what is actually driving the business suggests the market may be pricing a company that no longer exists.",Yahoo,company
NVDA,2026-09-29 15:12:00,Prediction: Nu Holdings' Sell-Off on Monday Is an Opportunity,"The fast-growing fintech star took a hit on a potential acquisition, but the negative market reaction doesn't make sense.",Yahoo,company
NVDA,2026-09-29 15:12:42,Stock Market Today: Dow Dips As Consumer Confidence Falls; Nvidia Shares Hit This Buy Point (Live Coverage),"Stock Market Today: The Dow Jones index dropped Tuesday as oil prices tumbled, and Treasury yields reversed higher. Nvidia hit a buy point.",Yahoo,company
AAPL,2026-09-29 15:12:42,Stock Market Today: Dow Dips As Consumer Confidence Falls; Nvidia Shares Hit This Buy Point (Live Coverage),"Stock Market Today: The Dow Jones index dropped Tuesday as oil prices tumbled, and Treasury yields reversed higher. Nvidia hit a buy point.",Yahoo,company
NVDA,2026-09-29 15:13:52,Why Carnival Stock Popped Today,The world's largest cruise line posted better-than-expected results in its third-quarter earnings report.,Yahoo,company
GOOGL,2026-09-29 15:15:16,'Beyond Advertising': Analysts Align on Meta Muse as a Multi-Billion Dollar Growth Catalyst,"Meta Platforms Inc‘s (NASDAQ:META) Muse platform is giving investors new reasons to value the company beyond its core advertising business. Early adoption and potential subscription revenue helped propel the Facebook parent company’s shares to double-digit gains over the last five sessions. BNP Paribas analyst Nick Jones, analyst Gene Munster and CNBC’s Jim Cramer each highlighted different paths through which Muse could create additional value for the tech giant. BNP Sees Early Traction, Longer",Yahoo,company
META,2026-09-29 15:15:16,'Beyond Advertising': Analysts Align on Meta Muse as a Multi-Billion Dollar Growth Catalyst,"Meta Platforms Inc‘s (NASDAQ:META) Muse platform is giving investors new reasons to value the company beyond its core advertising business. Early adoption and potential subscription revenue helped propel the Facebook parent company’s shares to double-digit gains over the last five sessions. BNP Paribas analyst Nick Jones, analyst Gene Munster and CNBC’s Jim Cramer each highlighted different paths through which Muse could create additional value for the tech giant. BNP Sees Early Traction, Longer",Yahoo,company
MSFT,2026-09-29 15:18:23,OpenAI revenue run rate nears $70 billion as AI IPO race heats up,"Investing.com -- OpenAI’s annualized revenue run rate has surged more than 70% since the start of the third quarter, reaching nearly $70 billion, according to recent financial data cited by Axios. The revenue milestone coincides with OpenAI’s annual DevDay conference taking place in San Francisco today, highlighting the rapid commercial expansion of its developer ecosystem.",Yahoo,company
NVDA,2026-09-29 15:19:52,The Coming AI Blackout: $10 Trillion Data Center Surge Threatens to Break the Grid,"AI data centers are burning through electricity so fast that chip supply is no longer the binding constraint on the industry's growth, and the companies racing to close the gap may not be the ones investors expect.",Yahoo,company
NVDA,2026-09-29 15:20:00,"I'd Put $1,000 Into Each of These 3 Dividend Stocks and Lose the Password","On a $3,000 combined investment, these Dividend Kings would pay $79 in income over the next year.",Yahoo,company
PG,2026-09-29 15:20:00,"I'd Put $1,000 Into Each of These 3 Dividend Stocks and Lose the Password","On a $3,000 combined investment, these Dividend Kings would pay $79 in income over the next year.",Yahoo,company
NVDA,2026-09-29 15:20:01,3 Non-AI Growth Stocks That Have Massive Upside,Investors looking for some compelling growth opportunities outside of tech may want to consider these stocks.,Yahoo,company
NVDA,2026-09-29 15:20:02,Elon Makes a Bold Prediction for SpaceX's AI Future,"SpaceX has been investing heavily in AI, and Musk believes its AI model will be in the ""pole position"" in the not-too-distant future.",Yahoo,company
NVDA,2026-09-29 15:21:46,What Was AMD Telling You Before Its Stock Ran?,"Advanced Micro Devices (AMD) stock returned 277% in the twelve months to September 28, 2026. That nearly quadrupled the value of a holding. The run turned out to be about data center chips: the server processors and AI accelerators AMD sells. A gain that size looks obvious afterward, but the fair way to judge it is by what was public beforehand. So what did AMD's management say before its stock ran.",Yahoo,company
AAPL,2026-09-29 15:22:00,Apple Faces a New Threat From Meta’s Muse,A BofA analyst says Meta’s Muse could threaten Apple’s services revenue if consumers turn to AI agents to shop and search.,Yahoo,company
META,2026-09-29 15:22:00,Apple Faces a New Threat From Meta’s Muse,A BofA analyst says Meta’s Muse could threaten Apple’s services revenue if consumers turn to AI agents to shop and search.,Yahoo,company
GOOGL,2026-09-29 15:24:02,"Magnite's Growth Outlook Improves 'Considerably' After Google Court Ruling, BofA Says","Magnite's (MGNI) growth outlook has ""improved considerably"" with the anticipated advertising spendin",Yahoo,company
NVDA,2026-09-29 15:27:00,This Growth Stock Is Quietly Solving the AI Supercycle's Cooling Problem. Here's Why It Could Soar.,"Vertiv stock is up 55% so far in 2026, and it can go higher.",Yahoo,company
JPM,2026-09-29 15:30:00,"Michigan LIFT Launches to Accelerate Industrial Innovation, Scale Manufacturing Growth and Strengthen U.S. Competitiveness","DETROIT, September 29, 2026--Ford Motor Company, JPMorganChase, the State of Michigan, Michigan Central and Newlab today announced the Michigan Launchpad for Industrial Innovation & Transformation (Michigan LIFT), a public-private initiative designed to strengthen manufacturers’ competitiveness and supply-chain resilience while accelerating the growth of innovative suppliers expanding production in Michigan.",Yahoo,company
MSFT,2026-09-29 15:30:27,Microsoft's 10-K Makes Me Second-Guess My Own Bull Case,"Microsoft Corporation stays a Strong Buy as AI models cut GPU costs 89%, supporting margins. Click for this MSFT stock update.",SeekingAlpha,company
NVDA,2026-09-29 15:35:00,"If I Could Only Hold 1 International ETF for the Rest of My Life, This Is the Clear Winner",Here's one investment that covers as much ground as you need.,Yahoo,company
NVDA,2026-09-29 15:35:00,Nvidia Is Spending Big on Buybacks. Why Apple Is the Only Mag 7 Rival Joining In.,"Nvidia has the largest buyback program in the stock market. Outside of Nvidia and Apple, capital returns aren’t large at any of the Mag Seven stocks.",Yahoo,company
AAPL,2026-09-29 15:35:00,Nvidia Is Spending Big on Buybacks. Why Apple Is the Only Mag 7 Rival Joining In.,"Nvidia has the largest buyback program in the stock market. Outside of Nvidia and Apple, capital returns aren’t large at any of the Mag Seven stocks.",Yahoo,company
GOOGL,2026-09-29 15:35:00,Nvidia Is Spending Big on Buybacks. Why Apple Is the Only Mag 7 Rival Joining In.,"Nvidia has the largest buyback program in the stock market. Outside of Nvidia and Apple, capital returns aren’t large at any of the Mag Seven stocks.",Yahoo,company
META,2026-09-29 15:35:00,Nvidia Is Spending Big on Buybacks. Why Apple Is the Only Mag 7 Rival Joining In.,"Nvidia has the largest buyback program in the stock market. Outside of Nvidia and Apple, capital returns aren’t large at any of the Mag Seven stocks.",Yahoo,company
MSFT,2026-09-29 15:37:12,Palantir's AI Playbook Is Catching On. But Gartner Warns Of A Costly Trap.,An innovative AI sales strategy has boosted Palantir stock. But Gartner warns that software rivals may struggle copying the model.,Yahoo,company
META,2026-09-29 15:37:40,The Trade Desk Stock Slides 18% Over 9 Straight Down Days,A nine-day slide has erased a significant chunk of the company's value.,Yahoo,company
AMZN,2026-09-29 15:37:40,The Trade Desk Stock Slides 18% Over 9 Straight Down Days,A nine-day slide has erased a significant chunk of the company's value.,Yahoo,company
GOOGL,2026-09-29 15:37:40,The Trade Desk Stock Slides 18% Over 9 Straight Down Days,A nine-day slide has erased a significant chunk of the company's value.,Yahoo,company
META,2026-09-29 15:40:48,TSMC: Market Is Mistaken In Pricing In A Big AI Slowdown,"TSM leads AI foundry demand as hyperscalers and labs scale up. Click to read my analysis for more details on TSM stock, including pros and cons.",SeekingAlpha,company
NVDA,2026-09-29 15:40:48,TSMC: Market Is Mistaken In Pricing In A Big AI Slowdown,"TSM leads AI foundry demand as hyperscalers and labs scale up. Click to read my analysis for more details on TSM stock, including pros and cons.",SeekingAlpha,company
NVDA,2026-09-29 15:42:00,Wall Street Has Written Off AMC Stock. Here's Why That's a Mistake.,AMC Entertainment stock is now up 111% in 2026. That is not a typo.,Yahoo,company
MSFT,2026-09-29 15:44:00,ProSearch Appoints Donovan Bell as Director of AI Delivery Transformation,"Newly Created Leadership Role Strengthens ProSearch’s Investment in AI-Enabled Delivery Innovation and Operational Excellence Donovan Bell, Director of AI Delivery Transformation ProSearch LOS ANGELES, Sept. 29, 2026 (GLOBE NEWSWIRE) -- ProSearch today announced that Donovan Bell has joined the company as director of AI delivery transformation, a newly created role focused on advancing the organization’s AI delivery capabilities, operational transformation initiatives, and innovation strategy. B",Yahoo,company
MSFT,2026-09-29 15:44:36,Top Midday Stories: OpenAI Nearing $70 Billion in Recurring Annual Revenue; Oura Postpones IPO Due to Market Uncertainty,"The Dow Jones Industrial Average was down, while the Nasdaq Composite and the S&P 500 Index were rou",Yahoo,company
NVDA,2026-09-29 15:45:00,Lucid and Bolt partner for proposed European robotaxi service,"Mobility provider Bolt cited Lucid’s “world-class platform,” but the two companies will co-design the vehicle and software.",Yahoo,company
PG,2026-09-29 15:49:58,Kimberly-Clark Pays Out Almost Everything It Earns. Can the Dividend Survive the Kenvue Deal?,"Kimberly-Clark (NASDAQ:KMB) pays a quarterly dividend of $1.28 per share. That is an annualized forward rate of $5.12 and a yield of 5.16%. The problem sits right next to it. Trailing diluted EPS is $5.08, and the company overview lists dividend per share at the same $5.08. Kimberly-Clark is paying out essentially everything it makes […]",Yahoo,company
META,2026-09-29 15:50:00,GOOGL's Prospects Ride on AI Initiatives: Can It Beat RDDT and META?,"Alphabet's accelerating AI adoption across Search, advertising, Cloud and Gemini strengthens its growth prospects as competition with META and RDDT intensifies.",Yahoo,company
GOOGL,2026-09-29 15:50:00,GOOGL's Prospects Ride on AI Initiatives: Can It Beat RDDT and META?,"Alphabet's accelerating AI adoption across Search, advertising, Cloud and Gemini strengthens its growth prospects as competition with META and RDDT intensifies.",Yahoo,company
NVDA,2026-09-29 15:50:00,"All It Takes Is $5,000 in Energy Transfer (ET) to Generate Hundreds in Annual Passive Income",The pipeline giant is still a reliable income investment.,Yahoo,company
GOOGL,2026-09-29 15:52:43,"European Equities Decline in Tuesday Trading; BlackRock, Vanguard Face Pressure as European Banks Launch ETFs","European stock markets closed lower in Tuesday trading with the Stoxx 600 down 0.2%, Germany's DAX f",Yahoo,company
MSFT,2026-09-29 15:53:00,"Desktop Virtualization Market Report 2026: Capitalize on the $29.51 Billion Market by 2030 as DaaS, Zero Trust and Hybrid Work Disrupt IT — Benchmark Citrix, VMware, Microsoft, AWS and Nutanix to Secure Share at 13% CAGR","Citrix, VMware, Microsoft, Cisco and IBM. Profiled: desktop virtualization offerings, market share, segments, trends, opportunities and regional presence.Dublin, Sept. 29, 2026 (GLOBE NEWSWIRE) -- ""Desktop Virtualization Market Report 2026"" has been added to ResearchAndMarkets.com's offering. Desktop Virtualization Market to Reach $29.51 Billion by 2030 as Hybrid Work and Cloud Adoption Accelerate The global desktop virtualization market is experiencing rapid growth as organizations prioritize s",Yahoo,company
MSFT,2026-09-29 15:54:00,"IT BFSI Market Report 2026: Capitalize on the $171.25 Billion Revenue Surge to $359.2 Billion by 2030 as AI, Cloud and Cybersecurity Disrupt Competition Across Microsoft, AWS, Accenture, IBM and Oracle","Boost ROI via cloud migration, managed IT, AI automation and fraud detection, platform modernization, and local infrastructure that reduces risk and operating costs.Dublin, Sept. 29, 2026 (GLOBE NEWSWIRE) -- ""IT BFSI Market Report 2026"" has been added to ResearchAndMarkets.com's offering. The global IT BFSI market is experiencing rapid expansion as banks, financial services providers, and insurance companies modernize their technology infrastructure. The market is projected to grow from $187.95",Yahoo,company
MSFT,2026-09-29 15:56:00,"Next Generation Computing Market Report 2026: Capitalize on the $486 Billion Revenue Surge to $811.85 Billion by 2030 as Microsoft, AWS, NVIDIA, IBM and Intel Accelerate AI, Quantum and Edge Computing Disruption","AWS, Alphabet, Google, Microsoft and Alibaba are profiled, covering market share, segments, trends, opportunities, technologies, deployments and end users.Dublin, Sept. 29, 2026 (GLOBE NEWSWIRE) -- ""Next Generation Computing Market Report 2026"" has been added to ResearchAndMarkets.com's offering. The global next-generation computing market is experiencing rapid expansion, driven by rising demand for advanced data processing, high-performance infrastructure and energy-efficient computing systems.",Yahoo,company
GOOGL,2026-09-29 15:56:00,"Next Generation Computing Market Report 2026: Capitalize on the $486 Billion Revenue Surge to $811.85 Billion by 2030 as Microsoft, AWS, NVIDIA, IBM and Intel Accelerate AI, Quantum and Edge Computing Disruption","AWS, Alphabet, Google, Microsoft and Alibaba are profiled, covering market share, segments, trends, opportunities, technologies, deployments and end users.Dublin, Sept. 29, 2026 (GLOBE NEWSWIRE) -- ""Next Generation Computing Market Report 2026"" has been added to ResearchAndMarkets.com's offering. The global next-generation computing market is experiencing rapid expansion, driven by rising demand for advanced data processing, high-performance infrastructure and energy-efficient computing systems.",Yahoo,company
MSFT,2026-09-29 15:57:00,"Digital Transformation Market Report 2026: Capitalize on the $2.47 Trillion Revenue Surge to $5.01 Trillion by 2030 as Microsoft, Google, IBM, Accenture and Oracle Accelerate AI, Cloud and Automation Disruption","Boost ROI with cloud migration, automation, AI, real-time analytics and digital customer experiences to cut costs, streamline operations and improve efficiency.Dublin, Sept. 29, 2026 (GLOBE NEWSWIRE) -- ""Digital Transformation Market Report 2026"" has been added to ResearchAndMarkets.com's offering. The global digital transformation market is experiencing exponential growth as organizations modernize operations, adopt cloud-based platforms and invest in data-driven business models. The market is",Yahoo,company
GOOGL,2026-09-29 15:57:00,"Digital Transformation Market Report 2026: Capitalize on the $2.47 Trillion Revenue Surge to $5.01 Trillion by 2030 as Microsoft, Google, IBM, Accenture and Oracle Accelerate AI, Cloud and Automation Disruption","Boost ROI with cloud migration, automation, AI, real-time analytics and digital customer experiences to cut costs, streamline operations and improve efficiency.Dublin, Sept. 29, 2026 (GLOBE NEWSWIRE) -- ""Digital Transformation Market Report 2026"" has been added to ResearchAndMarkets.com's offering. The global digital transformation market is experiencing exponential growth as organizations modernize operations, adopt cloud-based platforms and invest in data-driven business models. The market is",Yahoo,company
MSFT,2026-09-29 15:58:00,"IT Operations Analytics Market Report 2026: Capitalize on the AI-led rebound from $23.43 billion in 2026 to $30.13 billion by 2030 as Microsoft, IBM, Cisco, Oracle and Splunk reshape automated incident management and hybrid-cloud performance","Boost ROI with AI/ML auto-remediation, predictive analytics and real-time monitoring; adopt cloud tools, optimize deployments and use local solutions to reduce costs.Dublin, Sept. 29, 2026 (GLOBE NEWSWIRE) -- ""IT Operations Analytics Market Report 2026"" has been added to ResearchAndMarkets.com's offering. The global IT operations analytics market is undergoing a period of adjustment before returning to sustained growth. The market is projected to decline from $24.53 billion in 2025 to $23.43 bil",Yahoo,company
AAPL,2026-09-29 15:58:48,"Apple CEO Ternus plots restructure to supercharge products, report says","Investing.com -- Just weeks into his tenure as Apple Inc. (NASDAQ:AAPL) CEO, John Ternus is orchestrating a major structural overhaul of the tech behemoth aimed at accelerating product development, broadening the device ecosystem, and engineering a leaner, more agile organization.",Yahoo,company
MSFT,2026-09-29 15:59:00,The Great AI Dilemma: How to Invest When Extinction Warnings Meet Market Highs,"AI is the engine of this stock market, but Anthropic’s own IPO registration document raises the possibility that AI could, well, wipe out humanity.  Or should they go all in on AI, fatalistically believing there is little they can do about how AI will develop or impact the global economy?  Selling can seem like the right choice, or even the moral choice, but there is a cost to underperforming the stock market, especially if this time is not different and a more benign AI outcome, with relatively safe AI agents enhancing productivity, becomes reality.",Yahoo,company
MSFT,2026-09-29 15:59:00,"Application Integration Market Report 2026: Capitalize on the $60.73 Billion Market by 2030 as iPaaS, Multi-Cloud and Cybersecurity Disrupt Enterprise IT—Benchmark Microsoft, IBM, Oracle, SAP and Salesforce to Secure Share at 21.1% CAGR","Boost ROI with standards-based integration, automated policies, API standardization, multi-cloud support, real-time monitoring and local development to reduce complexity and costs.Dublin, Sept. 29, 2026 (GLOBE NEWSWIRE) -- ""Application Integration Market Report 2026"" has been added to ResearchAndMarkets.com's offering. The global application integration market is experiencing exponential growth as enterprises prioritize connected digital ecosystems, automated workflows and seamless data exchange",Yahoo,company
AMZN,2026-09-29 16:00:04,Prediction: The Next Phase of Amazon’s Growth Could Be Its Most Profitable Yet,"AWS is growing faster and minting higher margins than almost any business Amazon has ever built, yet the stock sits well below what that trajectory implies. Here is why the gap between today's price and where this goes next may be wider than Wall Street admits.",Yahoo,company
MSFT,2026-09-29 16:00:04,Prediction: The Next Phase of Amazon’s Growth Could Be Its Most Profitable Yet,"AWS is growing faster and minting higher margins than almost any business Amazon has ever built, yet the stock sits well below what that trajectory implies. Here is why the gap between today's price and where this goes next may be wider than Wall Street admits.",Yahoo,company
GOOGL,2026-09-29 16:00:04,Prediction: The Next Phase of Amazon’s Growth Could Be Its Most Profitable Yet,"AWS is growing faster and minting higher margins than almost any business Amazon has ever built, yet the stock sits well below what that trajectory implies. Here is why the gap between today's price and where this goes next may be wider than Wall Street admits.",Yahoo,company
GOOGL,2026-09-29 16:00:46,SpaceX's Next Big Business May Be Renting Out AI Compute,Google and Anthropic are among the customers for SpaceX's terrestrial compute,Yahoo,company
AMZN,2026-09-29 16:05:01,Amazon.com (AMZN) Draws Senate Questions Over AI Data Center Tax Deductions,"US Senate Democrats have pressed Amazon.com (NasdaqGS:AMZN) and other Big Tech firms on AI and data center related tax deductions in a new inquiry dated late September 2026. Lawmakers have asked Amazon to detail how much it claims in deductions tied to AI infrastructure, including data centers and related equipment. The senators also requested disclosures on any lobbying around AI and data center tax rules and how these measures affect Amazon's federal tax payments. The questions around AI...",Yahoo,company
AAPL,2026-09-29 16:09:04,Apple Stock Falls After Bank of America Flags a New AI Threat,Bank of America Warns AI Agents Could Threaten Apple's $1T+ Mobile Commerce Machine,Yahoo,company
AMZN,2026-09-29 16:09:04,Apple Stock Falls After Bank of America Flags a New AI Threat,Bank of America Warns AI Agents Could Threaten Apple's $1T+ Mobile Commerce Machine,Yahoo,company
META,2026-09-29 16:09:04,Apple Stock Falls After Bank of America Flags a New AI Threat,Bank of America Warns AI Agents Could Threaten Apple's $1T+ Mobile Commerce Machine,Yahoo,company
JNJ,2026-09-29 16:23:35,Management Raised the Bar For Eli Lilly Stock; Does The Chart Agree?,"Eli Lilly (LLY) raised its revenue forecast for 2026 on August 5, when it reported second-quarter results. Since the close before that release, Eli Lilly stock has gained 6.3%, while the S&P 500 fell 0.7%. The raise was modest and came with a lower earnings forecast, which is why the price chart is worth a look. So does Eli Lilly's price chart agree with management.",Yahoo,company
JPM,2026-09-29 16:30:48,JPM vs. GS: The Dividend Raiser That Won’t Flinch When Markets Crack,"JPMorgan built its reputation as the safe megabank, yet one crisis revealed a dividend surprise that upends the conventional wisdom about which Wall Street giant actually protects retiree income when markets turn ugly.",Yahoo,company
XOM,2026-09-29 16:31:51,Exxon Stock Trades Near Its High After a 44% Run. Here’s What Could Stall the Rally,Key Stats for XOM StockPast week performance: +0. 8%52-week range: $110 to $176Valuation model target price: $170Implied upside: 4.,Yahoo,company
AAPL,2026-09-29 16:35:56,Apple Stock Drops 1.5% as Local AI Moves Onto Desktops,Apple is replacing variable cloud-token charges with expensive hardware whose utilization determines the savings.,Yahoo,company
AMZN,2026-09-29 16:38:05,Amazon Stock Slips as Bedrock Expands Model Choice,"GPT-6, Claude and new inference tools widen AWS's offering while increasing price competition between model providers.",Yahoo,company
AAPL,2026-09-29 16:39:00,Apple streamlines management as analysts urge faster AI innovation,"Apple Inc (NASDAQ:AAPL, XETRA:APC) CEO John Ternus is moving to speed up product development and make the company more engineering-focused just weeks into the job, according to Bloomberg. The company is considering moving away from its traditional spring and fall launch schedule in favour of...",Yahoo,company
NVDA,2026-09-29 16:39:27,AMD's $8.2 Billion AI Deal Takes Aim at Nvidia's Biggest Advantage,"Wall Street sees AMD's World Labs acquisition as a way to move beyond chips and deeper into robotics, simulation and physical AI.",Yahoo,company
AMZN,2026-09-29 16:40:10,Uncover the latest developments among dow jones stocks in today's session.,Get insights into the dow jones index performance on Tuesday. Explore the top gainers and losers within the dow jones index in today's session.,ChartMill,company
NVDA,2026-09-29 16:40:10,Uncover the latest developments among dow jones stocks in today's session.,Get insights into the dow jones index performance on Tuesday. Explore the top gainers and losers within the dow jones index in today's session.,ChartMill,company
MSFT,2026-09-29 16:40:10,Uncover the latest developments among dow jones stocks in today's session.,Get insights into the dow jones index performance on Tuesday. Explore the top gainers and losers within the dow jones index in today's session.,ChartMill,company
JNJ,2026-09-29 16:40:10,Uncover the latest developments among dow jones stocks in today's session.,Get insights into the dow jones index performance on Tuesday. Explore the top gainers and losers within the dow jones index in today's session.,ChartMill,company
AAPL,2026-09-29 16:40:10,Uncover the latest developments among dow jones stocks in today's session.,Get insights into the dow jones index performance on Tuesday. Explore the top gainers and losers within the dow jones index in today's session.,ChartMill,company
GOOGL,2026-09-29 16:40:10,Uncover the latest developments among dow jones stocks in today's session.,Get insights into the dow jones index performance on Tuesday. Explore the top gainers and losers within the dow jones index in today's session.,ChartMill,company
AMZN,2026-09-29 16:40:28,"Amazon, Walmart Surplus Auctioneer Climbs Toward A Breakout; Stock Up 45%",The liquidation auctioneer Liquidity Services is closing in on a buy point. The stock is up roughly 45% this year.,Yahoo,company
NVDA,2026-09-29 16:43:00,"Starship, Starlink, or xAI: Which Part of SpaceX Could Move the Stock Most in 2027?","Starlink is the one to watch, for now.",Yahoo,company
MSFT,2026-09-29 16:43:30,OpenAI Revenue Growth Report Boosts Oracle Stock; DevDay On Deck,Oracle stock jumped following a report that OpenAI's annualized revenue rate jumped to $70 billion.,Yahoo,company
NVDA,2026-09-29 16:50:00,Has Costco Stock Become the New Recession-Resilient Retail King?,Costco has been outperforming Walmart both operationally and in the stock market.,Yahoo,company
NVDA,2026-09-29 16:50:38,Nvidia's next 'holy grail' is physical AI: Dan Ives,Next year will be when we see physical AI manifesting in Nvidia’s financial statements.,Yahoo,company
AAPL,2026-09-29 16:54:00,Forget ‘Market Uncertainty.’ Here’s the Real Issue Behind Oura’s Halted IPO.,"Health technology company Oura, the maker of smart rings, said despite strong demand it will suspend its plans to go public over market uncertainties.",Yahoo,company
GOOGL,2026-09-29 16:54:00,Forget ‘Market Uncertainty.’ Here’s the Real Issue Behind Oura’s Halted IPO.,"Health technology company Oura, the maker of smart rings, said despite strong demand it will suspend its plans to go public over market uncertainties.",Yahoo,company
NVDA,2026-09-29 16:55:00,"OneMeta Expands VerbumCall to Amazon Connect, Targeting Q1 2027 Readiness","VerbumCall integration is in development, with Q1 2027 targeted for readiness; AWS for Startups is supporting the work.SALT LAKE CITY, UT / ACCESS Newswire / September 29, 2026 / OneMeta Inc.",Yahoo,company
JPM,2026-09-29 16:55:02,Jamie Dimon Proposes Sweeping US-Europe Free Trade Deal — But Only If Europe Fixes Its Capital Markets First,"Why JPMorgan CEO Jamie Dimon thinks the West needs a ‘big, beautiful’ US-Europe free trade agreement to get its mojo back.",Yahoo,company
GOOGL,2026-09-29 16:57:31,Anthropic’s S-1 Is Here. The $518 Billion Commitment Is the Real Story.,"The arrival of Anthropic’s S-1 prospectus, as reported by Reuters on September 28, 2026, signals an ambition that defies conventional market logic. While the document has not yet appeared on the SEC’s EDGAR database—a delay that has kept the market waiting since the confidential filing on June 1—the details circulating describe a company aiming for […]",Yahoo,company
AMZN,2026-09-29 16:57:31,Anthropic’s S-1 Is Here. The $518 Billion Commitment Is the Real Story.,"The arrival of Anthropic’s S-1 prospectus, as reported by Reuters on September 28, 2026, signals an ambition that defies conventional market logic. While the document has not yet appeared on the SEC’s EDGAR database—a delay that has kept the market waiting since the confidential filing on June 1—the details circulating describe a company aiming for […]",Yahoo,company
MSFT,2026-09-29 16:57:31,Anthropic’s S-1 Is Here. The $518 Billion Commitment Is the Real Story.,"The arrival of Anthropic’s S-1 prospectus, as reported by Reuters on September 28, 2026, signals an ambition that defies conventional market logic. While the document has not yet appeared on the SEC’s EDGAR database—a delay that has kept the market waiting since the confidential filing on June 1—the details circulating describe a company aiming for […]",Yahoo,company
GOOGL,2026-09-29 16:58:14,Muse Got Here First But This Agentic AI Will Supercede It Soon,"Meta launched its agentic AI model before Google did, yet one structural advantage in Google's stack could quietly erase that head start before Meta ever collects a dollar from enterprise customers.",Yahoo,company
META,2026-09-29 16:58:14,Muse Got Here First But This Agentic AI Will Supercede It Soon,"Meta launched its agentic AI model before Google did, yet one structural advantage in Google's stack could quietly erase that head start before Meta ever collects a dollar from enterprise customers.",Yahoo,company
PG,2026-09-29 17:00:00,How Thorne’s brand platform led to a $3.8B P&G deal — and what’s next,Chief Growth Officer Mary Beech details how work with brand consultancy Redscout turned consumer insights into campaigns and a way of communicating.,Yahoo,company
MSFT,2026-09-29 17:00:48,Salesforce Is Down Double Digits This Year. Our Model Sees 48% Upside,"Salesforce shares have shed double digits this year while Wall Street quietly revised its earnings estimates sharply higher, creating a gap between price and fundamentals that few investors are watching closely enough.",Yahoo,company
NVDA,2026-09-29 17:05:00,This Dividend Stock Yielding More Than 4x the Nasdaq-100 Looks Like a Buy Right Now,"One of the ""other"" Coke stocks, Coca-Cola Europacific Partners, may be an underappreciated dividend name.",Yahoo,company
AAPL,2026-09-29 17:08:09,Apple (AAPL) Could Be 34% Above Fair Value As Ecosystem News Builds Buzz,"Square’s new integration with Apple (AAPL) puts Apple Maps, Siri AI and Apple Wallet directly into the daily toolkit of small businesses, raising fresh questions about how this kind of ecosystem reach might matter for the stock. Recent trading has been choppy around Apple’s latest headlines, with the share price down 0.8% on the day to US$338.40 but still showing a 5.9% 1‑month share price return and a 16.9% 3‑month gain as investors weigh fresh AI partnerships against legal and regulatory...",Yahoo,company
AAPL,2026-09-29 17:12:20,"Apple patches iPhone flaw used in 'extremely sophisticated' attacks, crypto wallets at risk",Apple releases iOS 26.7.1 and iPadOS 26.7.1 security updates to fix CVE-2026-86950.,Yahoo,company
NVDA,2026-09-29 17:13:00,"Prediction: Here's What $1,000 Invested in Nike Stock Could Be Worth by 2030",What comes next for this iconic footwear and athletic apparel brand?,Yahoo,company
NVDA,2026-09-29 17:16:40,IBM Stock Moves Higher as Nvidia Partnership Puts Identity Around Agents,"Agent security connects IBM software, Red Hat and infrastructure to Nvidia's emerging governance platform.",Yahoo,company
NVDA,2026-09-29 17:19:19,What is a stock buyback? Everything shareholders need to know.,"Learn how stock buybacks work, why companies repurchase shares, and how they affect investors.",Yahoo,company
MSFT,2026-09-29 17:19:28,Microsoft Stock Slips 1.2% Although Copilot Super-App Expands Paid Workflows,"Home, Code and Autopilot broaden Copilot while mixing subscriptions with potentially volatile usage charges.",Yahoo,company
NVDA,2026-09-29 17:20:00,Here Are My Top 2 High-Yield Healthcare Stocks to Buy Now,"Pfizer and Bristol Myers Squibb pair big dividends with growing drug pipelines, a rare combination for income-focused pharma investors.",Yahoo,company
NVDA,2026-09-29 17:20:01,"Bitmine Continues to Load Up on Ethereum, Now Owns 4.9% of all ETH in Circulation. Is BMNR Stock a Buy?","Bitmine has gone all in on Ethereum, the second-largest cryptocurrency in the world.",Yahoo,company
NVDA,2026-09-29 17:20:01,3 Dividend Growth Stocks That Have Recently Hit New 52-Week Lows,"These stocks are good value buys, with safe-looking dividends yielding between 2.7% and 3.8%.",Yahoo,company
NVDA,2026-09-29 17:25:01,The Big Short’s Michael Burry Delivers His Bluntest Warning Yet Regarding AI Stocks. Should You Listen?,Burry gained fame for a winning market prediction several years ago.,Yahoo,company
AAPL,2026-09-29 17:28:49,Apple CEO John Ternus Reportedly Weighs A Leaner Organization – Here’s The Key Things Under Consideration,"According to a Bloomberg report, Ternus is considering reducing the middle-management layers separating engineers and senior leadership.",Yahoo,company
AMZN,2026-09-29 17:30:36,"Target Cuts Prices On Nearly 2,000 Products Ahead Of Holidays: A Look At The Key Highlights",Target's latest value push comes as retailers compete for increasingly price-conscious shoppers ahead of a crowded holiday promotional period.,Yahoo,company
NVDA,2026-09-29 17:30:36,Wall Street Is Watching Nvidia. I’m Watching Credo. Here’s My 2027 Price Target,"Nvidia gets the headlines, but the company quietly linking all those GPUs together just posted 115% revenue growth and added optics as a second major growth engine. Here is the case for a 2027 price target that leaves Wall Street's consensus in the dust.",Yahoo,company
NVDA,2026-09-29 17:31:17,Why Bloom Energy Stock Is Powering Higher Today,One firm is reading the tea leaves and sees this fuel cell stock flying higher.,Yahoo,company
NVDA,2026-09-29 17:32:26,Nvidia: The Valuation Still Doesn't Match The AI Growth,"Nvidia Corporation's Q2 FY27 earnings surged on Blackwell/Vera Rubin, AWS and AI demand. Click for this look at NVDA stock and see why the author is bullish.",SeekingAlpha,company
GOOGL,2026-09-29 17:34:00,SpaceX AI deals drive UBS revenue forecast above consensus,"SpaceX Corp (NASDAQ:SPCX) is expected to post third-quarter revenue of $13.8 billion, 7% above consensus, with its AI business leading growth, according to UBS. The broker also forecasts adjusted EBITDA of $7.5 billion, up 9% from a consensus of $6.9 billion, alongside growth across all three...",Yahoo,company
NVDA,2026-09-29 17:35:00,2 Investing Moves I'm Making Right Now to Protect My Portfolio Against a Recession,"While a recession doesn't appear to be imminent, things can change quickly.",Yahoo,company
META,2026-09-29 17:37:00,OpenAI Announces Dots AI Agents at DevDay Conference,"OpenAI’s DevDay kicked off on Tuesday afternoon by introducing its own highly anticipated artificial intelligence agent.  CEO Sam Altman showcased “Dots,” at the beginning of his keynote on Tuesday.  Dots are “remarkably capable, always on agents built to handle really anything you can think of,” Altman said, before showing one working on website designs, decks, and managing users’ calendars.",Yahoo,company
AAPL,2026-09-29 17:38:08,Sector Update: Tech Stocks Mixed Tuesday Afternoon,"Tech stocks were mixed Tuesday afternoon, with the State Street Technology Select Sector SPDR ETF (X",Yahoo,company
MSFT,2026-09-29 17:38:08,Sector Update: Tech Stocks Mixed Tuesday Afternoon,"Tech stocks were mixed Tuesday afternoon, with the State Street Technology Select Sector SPDR ETF (X",Yahoo,company
XOM,2026-09-29 17:40:00,ExxonMobil Upstream Veteran Joins TMC Board Ahead of Seabed Mining Push,The Metals Company has appointed former ExxonMobil upstream chief Liam Mallon to its board as it advances plans for commercial deep-sea mineral extraction.,Yahoo,company
NVDA,2026-09-29 17:40:00,Hivelocity Brings GPU-Accelerated Local AI Capabilities to Its Bare Metal Bundles,"Dedicated, single-tenant servers give small language models and other inference workloads a private home, with NVIDIA L4 acceleration now available in US data centersTAMPA, Fla., Sept. 29, 2026 (GLOBE NEWSWIRE) -- Hivelocity today announced GPU acceleration is available across several of its Tier 3 bare metal bundles, giving customers a dedicated place to run small language models and local AI tools in production. The addition is aimed at a shift Hivelocity sees across its customer base. Teams t",Yahoo,company
GOOGL,2026-09-29 17:43:07,"Apple Falls 2% as Bank of America Flags Meta’s Shopping Agent; Alphabet Slips, Microsoft Holds Steady","Bank of America just flagged a Meta shopping agent that could quietly drain the most profitable part of Apple's business, and the gap between Apple's stock drop and the broader tech market suggests investors are taking the warning seriously.",Yahoo,company
MSFT,2026-09-29 17:43:07,"Apple Falls 2% as Bank of America Flags Meta’s Shopping Agent; Alphabet Slips, Microsoft Holds Steady","Bank of America just flagged a Meta shopping agent that could quietly drain the most profitable part of Apple's business, and the gap between Apple's stock drop and the broader tech market suggests investors are taking the warning seriously.",Yahoo,company
AAPL,2026-09-29 17:43:07,"Apple Falls 2% as Bank of America Flags Meta’s Shopping Agent; Alphabet Slips, Microsoft Holds Steady","Bank of America just flagged a Meta shopping agent that could quietly drain the most profitable part of Apple's business, and the gap between Apple's stock drop and the broader tech market suggests investors are taking the warning seriously.",Yahoo,company
META,2026-09-29 17:43:07,"Apple Falls 2% as Bank of America Flags Meta’s Shopping Agent; Alphabet Slips, Microsoft Holds Steady","Bank of America just flagged a Meta shopping agent that could quietly drain the most profitable part of Apple's business, and the gap between Apple's stock drop and the broader tech market suggests investors are taking the warning seriously.",Yahoo,company
XOM,2026-09-29 17:45:50,ExxonMobil Taps SLB Venture for Giant African LNG Project,ExxonMobil has selected SLB’s OneSubsea joint venture to supply subsea production systems for the first phase of its giant Rovuma LNG development in Mozambique,Yahoo,company
META,2026-09-29 17:46:16,OpenAI debuts Dots AI agents in challenge to Meta's popular Muse agent,OpenAI debuted its Dots AI agent at its DevDay 2026.,Yahoo,company
NVDA,2026-09-29 17:47:44,Galaxy CEO Mike Novogratz Warns AI Could End Humanity,"Galaxy Digital Inc. (NASDAQ:GLXY) CEO Mike Novogratz warned artificial intelligence could pose an existential threat to humanity, even as his company expands the data-center infrastructure powering the AI boom. ""The American public is really scared of this,"" Novogratz said on...",Yahoo,company
NVDA,2026-09-29 17:52:00,"These 2 Numbers Explain Why Warren Buffett and Bill Ackman Love Alphabet, Amazon, Microsoft, and Meta",Will hyperscalers' massive AI spending pay off for them?,Yahoo,company
MSFT,2026-09-29 17:52:00,"These 2 Numbers Explain Why Warren Buffett and Bill Ackman Love Alphabet, Amazon, Microsoft, and Meta",Will hyperscalers' massive AI spending pay off for them?,Yahoo,company
GOOGL,2026-09-29 17:52:00,"These 2 Numbers Explain Why Warren Buffett and Bill Ackman Love Alphabet, Amazon, Microsoft, and Meta",Will hyperscalers' massive AI spending pay off for them?,Yahoo,company
AMZN,2026-09-29 17:52:00,"These 2 Numbers Explain Why Warren Buffett and Bill Ackman Love Alphabet, Amazon, Microsoft, and Meta",Will hyperscalers' massive AI spending pay off for them?,Yahoo,company
META,2026-09-29 17:52:00,"These 2 Numbers Explain Why Warren Buffett and Bill Ackman Love Alphabet, Amazon, Microsoft, and Meta",Will hyperscalers' massive AI spending pay off for them?,Yahoo,company
XOM,2026-09-29 17:58:35,SEC Clears Tesla's New Retail Voting System. What Changes for Investors?,"The SEC cleared Tesla's retail voting program, letting small investors auto-vote with the board. Here's how it works.",Yahoo,company
META,2026-09-29 17:59:49,Meta Expands Its AI Agent Push With Muse Tools For Small Businesses,Meta is working to expand its popular Muse AI agent’s reach with new features aimed at helping small business owners.,Yahoo,company
MSFT,2026-09-29 18:00:00,IonQ vs. Microsoft: Which Stock Has More Quantum Upside in October?,"IonQ's quantum advances and rising revenue outlook face profitability and valuation hurdles, while Microsoft offers quantum exposure backed by strong cash generation.",Yahoo,company
GOOGL,2026-09-29 18:02:08,Alphabet Stock Slips as Google Appeals EU AI-Access Orders,The litigation protects platform control while prolonging uncertainty over rival access to Android and search data.,Yahoo,company
GOOGL,2026-09-29 18:02:59,Google Is Fighting an EU Order That Could Help Its AI Rivals,"Google says the requirements threaten privacy and security, while EU regulators say safeguards are built into the rules.",Yahoo,company
AAPL,2026-09-29 18:03:00,"Apple's $1,199 iPhone 18 Pro hits a problem software can't fix","Apple’s iOS 27.0.1 fixes iPhone 18 Pro Face ID freezes, but green and pink screen lines look like hardware.",Yahoo,company
MSFT,2026-09-29 18:04:00,"Silicon Valley's Leading CIOs, CISOs and Technology Executives to Gather October 6 for HMG Strategy's 18th Annual Silicon Valley C-Level Technology Leadership Summit; More Than 115 Technology Leaders Already Registered","Complimentary executive passes remain available for qualified technology leadersFAIRFIELD, Conn., Sept. 29, 2026 (GLOBE NEWSWIRE) -- More than 115 CIOs, CISOs, CTOs, Chief Data Officers, Chief AI Officers and senior technology leaders from many of Silicon Valley's leading organizations have already registered for HMG Strategy's 18th Annual Silicon Valley C-Level Technology Leadership Summit, taking place October 6 at the Hyatt Centric Mountain View. Designed exclusively for qualified senior IT a",Yahoo,company
AAPL,2026-09-29 18:05:02,Most active S&P500 stocks in Tuesday's session,Curious about the most active S&P500 stocks in today's session? Get insights into the stocks that are leading the way in terms of trading volume and market attention.,ChartMill,company
NVDA,2026-09-29 18:05:02,Most active S&P500 stocks in Tuesday's session,Curious about the most active S&P500 stocks in today's session? Get insights into the stocks that are leading the way in terms of trading volume and market attention.,ChartMill,company
MSFT,2026-09-29 18:06:47,Jefferies Doubles Down on Microsoft's Copilot Opportunity,Enterprise workflows are becoming the next major AI battleground.,Yahoo,company
META,2026-09-29 18:06:47,Jefferies Doubles Down on Microsoft's Copilot Opportunity,Enterprise workflows are becoming the next major AI battleground.,Yahoo,company
MSFT,2026-09-29 18:07:02,"Dow Jones Software Leader Microsoft, Palantir, Micron, Palo Alto In Or Near Buy Zones","Dow Jones software giant Microsoft, along with Palantir, Micron and Palo Alto, are in or near buy zones in the current stock market.",Yahoo,company
META,2026-09-29 18:10:00,OpenAI Announces Enterprise-Focused ‘Dots’ AI Agents,"OpenAI’s annual DevDay event kicked off on Tuesday afternoon with the company introducing its own highly anticipated artificial-intelligence agent during a keynote from CEO Sam Altman.  Dubbed “Dots,” Altman described them as “remarkably capable, always on agents built to handle really anything you can think of,” before showing one working on website designs and slide decks, and managing users’ calendars.  Dots work across a variety of apps including calendars and Slack, and can be interacted with directly through a browser-like interface in ChatGPT.",Yahoo,company
GOOGL,2026-09-29 18:12:15,SPCX Stock Adds 3%: Anthropic's IPO Prospectus Reportedly Shows $84.5B To SpaceX In Compute Agreements,"Anthropic’s IPO prospectus shows a massive $518 billion infrastructure expansion over the next decade, anchored by high-value compute agreements with key tech partners, including SpaceX.",Yahoo,company
AMZN,2026-09-29 18:12:15,SPCX Stock Adds 3%: Anthropic's IPO Prospectus Reportedly Shows $84.5B To SpaceX In Compute Agreements,"Anthropic’s IPO prospectus shows a massive $518 billion infrastructure expansion over the next decade, anchored by high-value compute agreements with key tech partners, including SpaceX.",Yahoo,company
MSFT,2026-09-29 18:12:15,SPCX Stock Adds 3%: Anthropic's IPO Prospectus Reportedly Shows $84.5B To SpaceX In Compute Agreements,"Anthropic’s IPO prospectus shows a massive $518 billion infrastructure expansion over the next decade, anchored by high-value compute agreements with key tech partners, including SpaceX.",Yahoo,company
MSFT,2026-09-29 18:15:16,What Is The Case For Waiting On CRM Stock?,"Salesforce (CRM) stock has gained about 44% over the past three months, while the S&P 500 rose 3.5%. Investors entering at current levels are buying after a substantial run-up. Consequently, the valuation places greater pressure on upcoming earnings to justify recent gains. Have you already missed the move in Salesforce stock.",Yahoo,company
META,2026-09-29 18:19:18,"Who will be responsible for AI, Oura pulls back on IPO, and 7% mortgage rates reactions","The Market Hang panel discusses who will set AI regulation and be responsible for any of its consequences, Oura’s last-minute IPO pullback, and US mortgage rates sitting above 7%. Today's Market Hang panel consists of Host Turney Duff, Yahoo Finance Senior Reporter Pras Subramanian, SlateStone Wealth partner Kenny Polcari, RBC Capital Markets head of derivatives strategy Amy Wu Silverman, and Puck founding partner William D. Cohan.",Yahoo,company
AAPL,2026-09-29 18:21:10,TSMC's 2nm Push Could Create a New Winner in the AI Chip Boom,Wells Fargo sees TSMC's potential increase in advanced-chip production as an additional opportunity for semiconductor equipment companies.,Yahoo,company
META,2026-09-29 18:22:54,Meta Wants Its AI to Help Run Your Business,"Muse for Small Business pushes Meta's AI beyond chat and into everyday business operations, putting it closer to established software providers.",Yahoo,company
AAPL,2026-09-29 18:25:00,Cramer Says Nvidia’s $150 Billion Buyback Only Matters If It Copies One Apple Executive,Jim Cramer says Nvidia's record buyback authorization is nearly worthless unless management follows a very specific playbook borrowed from a now-retired Apple executive. The difference between a transformative capital return and an expensive illusion comes down to one measurable behavior.,Yahoo,company
NVDA,2026-09-29 18:26:05,Nvidia - $235 billion for share buybacks. Good news?,"Three announcements in as many weeks: a record-breaking share buyback program, a partnership with Palantir, and the rollout of a security platform for AI agents.",ChartMill,company
META,2026-09-29 18:27:34,DA Davidson Has A Message For MongoDB Stock Investors,Leadership risk is colliding with a still-bullish growth view,Yahoo,company
META,2026-09-29 18:34:00,"Apple, Meta, Iovance, Carnival, Fair Isaac, Bloom Energy, SpaceX, and More Stocks That Explain Today’s Market","Nvidia  fell 0.3%, reversing from Monday’s gains when it announced a $150 billion expansion to its stock buyback plan and software to tackle the problem of AI safety.  Navitas Semiconductor  rose 1.1% after it received a U.S. Army grant to develop power semiconductor technology.",Yahoo,company
AAPL,2026-09-29 18:34:00,"Apple, Meta, Iovance, Carnival, Fair Isaac, Bloom Energy, SpaceX, and More Stocks That Explain Today’s Market","Nvidia  fell 0.3%, reversing from Monday’s gains when it announced a $150 billion expansion to its stock buyback plan and software to tackle the problem of AI safety.  Navitas Semiconductor  rose 1.1% after it received a U.S. Army grant to develop power semiconductor technology.",Yahoo,company
META,2026-09-29 18:38:00,Warby Parker Stock Surges on Meta’s AI Glasses Push. Why Smart Eyewear Is Booming.,"Meta Platforms  ’ latest artificial-intelligence push is giving  Warby Parker  stock a solid lift.  The tech giant’s big crusade into smart eyewear has further legitimized the space, sparking high interest that could bode well for Warby’s coming smart glasses.  The lens maker’s shares have jumped 17% since Meta said last week that its virtual reality glasses will launch next spring.",Yahoo,company
GOOGL,2026-09-29 18:38:00,Warby Parker Stock Surges on Meta’s AI Glasses Push. Why Smart Eyewear Is Booming.,"Meta Platforms  ’ latest artificial-intelligence push is giving  Warby Parker  stock a solid lift.  The tech giant’s big crusade into smart eyewear has further legitimized the space, sparking high interest that could bode well for Warby’s coming smart glasses.  The lens maker’s shares have jumped 17% since Meta said last week that its virtual reality glasses will launch next spring.",Yahoo,company
JNJ,2026-09-29 18:42:00,"Johnson & Johnson's psoriasis drug Icotyde could hit $4.5B in peak sales, BofA says","Johnson & Johnson (NYSE:JNJ)'s oral psoriasis drug Icotyde could reach $4.5 billion in peak sales, up from a previous $2.4 billion estimate, Bank of America said as it raised its price target on the company to $278 from $263. The broker now values estimated 2027 earnings excluding...",Yahoo,company
META,2026-09-29 18:42:48,The future of work is a group chat of AI bots talking to each other,"The Slack chat is not just you and your colleagues, but you and your agent and your colleagues' agents.",Yahoo,company
JNJ,2026-09-29 18:43:14,Is Eli Lilly Stock a Good Fit For Your Portfolio Risk?,"You may own Eli Lilly (LLY), a drugmaker worth about $1.05 trillion, beside funds that already track the S&P 500. A single stock can become a big part of your money, so its daily moves matter for all of it. Is Eli Lilly stock a good fit for the risk you already carry.",Yahoo,company
AAPL,2026-09-29 18:45:00,"Apple Pay set to launch in India with Axis Bank today, sources say",Some of India's largest banks are holding off on supporting Apple Pay initially.,Yahoo,company
AMZN,2026-09-29 18:47:30,Apple Could Keep Selling iPhones and Still Lose a Key AI Battle,Bank of America says AI agents such as Meta's Muse could weaken Apple's grip on the valuable transactions that begin on the iPhone.,Yahoo,company
AAPL,2026-09-29 18:47:30,Apple Could Keep Selling iPhones and Still Lose a Key AI Battle,Bank of America says AI agents such as Meta's Muse could weaken Apple's grip on the valuable transactions that begin on the iPhone.,Yahoo,company
META,2026-09-29 18:47:30,Apple Could Keep Selling iPhones and Still Lose a Key AI Battle,Bank of America says AI agents such as Meta's Muse could weaken Apple's grip on the valuable transactions that begin on the iPhone.,Yahoo,company
NVDA,2026-09-29 18:49:31,Arm Stock Surges 5.24% as Agent Safety Needs Two Silicon Layers,Nvidia's safety architecture gives Arm exposure to both agent execution and independent infrastructure controls.,Yahoo,company
NVDA,2026-09-29 18:50:00,Better Semiconductor Equipment Stock: Applied Materials vs. Lam Research,"The chipmaking equipment boom has supercharged growth for both companies, and their prospects suggest further upside in their stock prices.",Yahoo,company
NVDA,2026-09-29 18:50:08,OpenAI targets $30 billion funding round at $1.4 trillion valuation,"The fundraising round is meant to serve as a bridge in place of an IPO, which CEO Sam Altman has delayed over AI safety concerns",Yahoo,company
AMZN,2026-09-29 18:50:08,OpenAI targets $30 billion funding round at $1.4 trillion valuation,"The fundraising round is meant to serve as a bridge in place of an IPO, which CEO Sam Altman has delayed over AI safety concerns",Yahoo,company
GOOGL,2026-09-29 18:55:12,Should You Buy IBM Stock For Its Cash?,"IBM's free cash flow equals 6.3% of its market value, against 4.5% for the median S&P 500 company. A yield that high means one of two things: investors are underpricing a sound business, or they expect it to shrink. Which of those is IBM—and is its cash strong enough to justify buying now, or should investors wait for proof.",Yahoo,company
MSFT,2026-09-29 18:55:12,Should You Buy IBM Stock For Its Cash?,"IBM's free cash flow equals 6.3% of its market value, against 4.5% for the median S&P 500 company. A yield that high means one of two things: investors are underpricing a sound business, or they expect it to shrink. Which of those is IBM—and is its cash strong enough to justify buying now, or should investors wait for proof.",Yahoo,company
AMZN,2026-09-29 18:55:12,Should You Buy IBM Stock For Its Cash?,"IBM's free cash flow equals 6.3% of its market value, against 4.5% for the median S&P 500 company. A yield that high means one of two things: investors are underpricing a sound business, or they expect it to shrink. Which of those is IBM—and is its cash strong enough to justify buying now, or should investors wait for proof.",Yahoo,company
JNJ,2026-09-29 18:57:00,Defensive Dividends: 3 Companies Investors Can Rely On,"Several members of the elite Dividend Kings club, including JNJ, KO, and ABBV, are known for dividend reliability, each with a long, consistent history of increasing payouts. The trio boasts a strong defensive nature given consumers' needs for their products no matter the backdrop.",Yahoo,company
AMZN,2026-09-29 18:57:00,Why Planned Data Centers Worth $9 Trillion May Never Be Built,A Columbia Business School professor’s model suggests that nearly half of planned U.S. data-center capacity may never come online.,Yahoo,company
AMZN,2026-09-29 18:57:00,"Consumer Stocks Are at a Crossroads. TJX and 2 More to Buy, 3 to Avoid.",Investors see potential pitfalls for consumer stocks. Shop for those that are showing signs of stabilizing.,Yahoo,company
GOOGL,2026-09-29 18:57:00,Why Planned Data Centers Worth $9 Trillion May Never Be Built,A Columbia Business School professor’s model suggests that nearly half of planned U.S. data-center capacity may never come online.,Yahoo,company
NVDA,2026-09-29 18:59:32,Nvidia’s Agent Safety Play Meets Ferguson’s Liability Hammer — With CT Enforcement 48 Hours Away,"The rapid deployment of autonomous AI agents has outpaced the development of a coherent legal framework, creating a widening gap between technical safety measures and statutory liability. This friction is reaching a critical point as the industry attempts to reconcile private, hardware-enforced governance with an increasingly aggressive regulatory posture from federal and state authorities. The […]",Yahoo,company
NVDA,2026-09-29 19:00:04,NVIDIA B200 Rental Rates Spike 30% as “Insatiable” Demand Takes Hold,"The bear case on NVIDIA (NVDA) goes like this: AI tokens get cheaper, GPU rents fall with them, and returns on all that Nvidia hardware shrink. So far, the rental market isn’t cooperating.",Yahoo,company
NVDA,2026-09-29 19:01:52,"Marvell Is Up 210% in 2026: Take Profits, or Buy More?","Marvell has left NVIDIA, Broadcom, and the entire semiconductor ETF in the dust this year, and that performance gap now puts shareholders in an uncomfortable spot with a real decision to make.",Yahoo,company
META,2026-09-29 19:01:57,Meta Platforms: Why Missing The Rally May Be The Better Trade,Meta Platforms has become a tale of two businesses: ad profits vs. costly AI/Reality Labs bets. Click to read this analysis on META.,SeekingAlpha,company
MSFT,2026-09-29 19:01:57,Meta Platforms: Why Missing The Rally May Be The Better Trade,Meta Platforms has become a tale of two businesses: ad profits vs. costly AI/Reality Labs bets. Click to read this analysis on META.,SeekingAlpha,company
GOOGL,2026-09-29 19:03:42,Where Could Adobe's Next Growth Come From?,"Adobe’s revenue grew 12% over the last year, slower than most of its big software peers. The share price appears to assume that its growth is fading. Over the last year, the stock fell 35%, while the S&P 500 returned 17.7%. Adobe (ADBE) trades at 12.5 times its earnings, against 22.1 for the index. Management pointed to a small, fast-growing line on its fiscal Q3 2026 call. Is that going to be enough? Where could Adobe’s next real growth come from.",Yahoo,company
MSFT,2026-09-29 19:03:42,Where Could Adobe's Next Growth Come From?,"Adobe’s revenue grew 12% over the last year, slower than most of its big software peers. The share price appears to assume that its growth is fading. Over the last year, the stock fell 35%, while the S&P 500 returned 17.7%. Adobe (ADBE) trades at 12.5 times its earnings, against 22.1 for the index. Management pointed to a small, fast-growing line on its fiscal Q3 2026 call. Is that going to be enough? Where could Adobe’s next real growth come from.",Yahoo,company
NVDA,2026-09-29 19:05:00,3 Things Smart Investors Know About the Nuclear Power Comeback,There's plenty of excitement surrounding the business's renewal. Just make sure you're ready to navigate it to capitalize on its investment opportunities.,Yahoo,company
NVDA,2026-09-29 19:05:02,3 Absurdly Cheap Growth Stocks That Are Trading Below $100,These stocks have some extremely low valuations given their strong financials and promising growth prospects.,Yahoo,company
AAPL,2026-09-29 19:07:00,Why Muse is Winning the Agentic AI Race,"While heavyweights like OpenAI and Anthropic continue to push technological boundaries, Meta's global reach, data, and pricing power give it an edge.",Yahoo,company
GOOGL,2026-09-29 19:07:00,Why Muse is Winning the Agentic AI Race,"While heavyweights like OpenAI and Anthropic continue to push technological boundaries, Meta's global reach, data, and pricing power give it an edge.",Yahoo,company
META,2026-09-29 19:07:00,Why Muse is Winning the Agentic AI Race,"While heavyweights like OpenAI and Anthropic continue to push technological boundaries, Meta's global reach, data, and pricing power give it an edge.",Yahoo,company
META,2026-09-29 19:07:01,"Uber's Total Revenue Trounces Shopify's, but Shopify Is Delivering Blistering Growth. Here's the Next Catalyst to Watch.","Shopify's revenue growth rate outpaces Uber's, yet their absolute scale gap has held steady over eight quarters.",Yahoo,company
NVDA,2026-09-29 19:09:11,I Sold My Archer Aviation Shares and Bought This Growth Stock Instead. The AI Supercycle Made It Obvious.,This stock is just an incredible value right now.,Yahoo,company
AMZN,2026-09-29 19:10:09,Which dow jones stocks are moving on Tuesday?,Let's have a look at the top dow jones gainers and losers one hour before the close of the markets of today's session.,ChartMill,company
MSFT,2026-09-29 19:10:09,Which dow jones stocks are moving on Tuesday?,Let's have a look at the top dow jones gainers and losers one hour before the close of the markets of today's session.,ChartMill,company
GOOGL,2026-09-29 19:10:09,Which dow jones stocks are moving on Tuesday?,Let's have a look at the top dow jones gainers and losers one hour before the close of the markets of today's session.,ChartMill,company
AAPL,2026-09-29 19:10:09,Which dow jones stocks are moving on Tuesday?,Let's have a look at the top dow jones gainers and losers one hour before the close of the markets of today's session.,ChartMill,company
JNJ,2026-09-29 19:10:09,Which dow jones stocks are moving on Tuesday?,Let's have a look at the top dow jones gainers and losers one hour before the close of the markets of today's session.,ChartMill,company
AAPL,2026-09-29 19:11:01,Wells Fargo Spots Unexpected Winner in TSMC's 2nm Race,More capacity may unlock another wave of equipment spending.,Yahoo,company
NVDA,2026-09-29 19:12:11,Mistral CEO Says AI Safety Debate Masks Negligence,A widening industry divide is reshaping the safety debate,Yahoo,company
AMZN,2026-09-29 19:12:54,Anthropic Makes Major Move to Cut AI Costs,Better efficiency could reshape the economics of enterprise AI,Yahoo,company
META,2026-09-29 19:14:07,Meta Stock Rises Higher as Enterprise AI Becomes a Fourth Pillar,"Meta is packaging its models, agents and infrastructure for companies without disclosing pricing or revenue targets.",Yahoo,company
NVDA,2026-09-29 19:18:08,Why IDT Stock Is Rocketing Higher Today,A strong end to fiscal 2026 has investors motivated to click the buy button.,Yahoo,company
JNJ,2026-09-29 19:18:34,Muse AI Agent Stock Portfolio: 2 Non-AI Stock Picks You Should Not Miss,"Note: The stock trades in this article come from Rallies Arena, an account on X (@ralliesarena) that runs the Rallies AI Stock Market Arena, an experiment where AI models manage stock portfolios and try to beat the S&P 500. Rallies Arena recently allocated funds to Muse AI, Meta Platform’s new AI agent that is making […]",Yahoo,company
MSFT,2026-09-29 19:19:00,SpaceX Briefly Passed Amazon and Microsoft in Market Cap After Its IPO. Could It Get There Again?,SpaceX faces an uphill battle to achieve that feat -- unless it makes one key move.,Yahoo,company
NVDA,2026-09-29 19:19:00,SpaceX Briefly Passed Amazon and Microsoft in Market Cap After Its IPO. Could It Get There Again?,SpaceX faces an uphill battle to achieve that feat -- unless it makes one key move.,Yahoo,company
AMZN,2026-09-29 19:19:00,SpaceX Briefly Passed Amazon and Microsoft in Market Cap After Its IPO. Could It Get There Again?,SpaceX faces an uphill battle to achieve that feat -- unless it makes one key move.,Yahoo,company
NVDA,2026-09-29 19:19:55,Nvidia Turns to Insurers to Spread AI Chip Financing Risk,Coverage would protect lenders if neocloud borrowers default and pledged chips fall short,Yahoo,company
AAPL,2026-09-29 19:20:20,What Is The One Risk Every Google Stock Investor Should Know?,"Alphabet turns about 42 cents of every sales dollar into operating cash, yet only about 12 cents is left as free cash flow. That's less than any of its big-tech peers except Amazon, and lower vs its own three-year average. The gap is capital spending, mostly on AI. Even so, Alphabet (GOOGL) stock returned 40% over the past twelve months, against 17.7% for the S&P 500. The price appears to assume that the spending will pay for itself. With Google Cloud growing fast, that looks reasonable. But man",Yahoo,company
MSFT,2026-09-29 19:20:20,What Is The One Risk Every Google Stock Investor Should Know?,"Alphabet turns about 42 cents of every sales dollar into operating cash, yet only about 12 cents is left as free cash flow. That's less than any of its big-tech peers except Amazon, and lower vs its own three-year average. The gap is capital spending, mostly on AI. Even so, Alphabet (GOOGL) stock returned 40% over the past twelve months, against 17.7% for the S&P 500. The price appears to assume that the spending will pay for itself. With Google Cloud growing fast, that looks reasonable. But man",Yahoo,company
META,2026-09-29 19:20:20,What Is The One Risk Every Google Stock Investor Should Know?,"Alphabet turns about 42 cents of every sales dollar into operating cash, yet only about 12 cents is left as free cash flow. That's less than any of its big-tech peers except Amazon, and lower vs its own three-year average. The gap is capital spending, mostly on AI. Even so, Alphabet (GOOGL) stock returned 40% over the past twelve months, against 17.7% for the S&P 500. The price appears to assume that the spending will pay for itself. With Google Cloud growing fast, that looks reasonable. But man",Yahoo,company
AMZN,2026-09-29 19:20:20,What Is The One Risk Every Google Stock Investor Should Know?,"Alphabet turns about 42 cents of every sales dollar into operating cash, yet only about 12 cents is left as free cash flow. That's less than any of its big-tech peers except Amazon, and lower vs its own three-year average. The gap is capital spending, mostly on AI. Even so, Alphabet (GOOGL) stock returned 40% over the past twelve months, against 17.7% for the S&P 500. The price appears to assume that the spending will pay for itself. With Google Cloud growing fast, that looks reasonable. But man",Yahoo,company
GOOGL,2026-09-29 19:20:20,What Is The One Risk Every Google Stock Investor Should Know?,"Alphabet turns about 42 cents of every sales dollar into operating cash, yet only about 12 cents is left as free cash flow. That's less than any of its big-tech peers except Amazon, and lower vs its own three-year average. The gap is capital spending, mostly on AI. Even so, Alphabet (GOOGL) stock returned 40% over the past twelve months, against 17.7% for the S&P 500. The price appears to assume that the spending will pay for itself. With Google Cloud growing fast, that looks reasonable. But man",Yahoo,company
JPM,2026-09-29 19:21:32,JPMorgan Says Micron's Rally May Not Be Over,Long-term contracts could make earnings more durable than expected,Yahoo,company
AAPL,2026-09-29 19:22:19,"Stock Market Today: Dow Dips, But Nasdaq Turns Green; AI Stock, Energy Play Test These Entries (Live Coverage)",Stock Market Today: The Dow Jones index drops Tuesday as oil prices slide and Treasury yields rise. Nvidia and an AI stock test buy points.,Yahoo,company
NVDA,2026-09-29 19:22:19,"Stock Market Today: Dow Dips, But Nasdaq Turns Green; AI Stock, Energy Play Test These Entries (Live Coverage)",Stock Market Today: The Dow Jones index drops Tuesday as oil prices slide and Treasury yields rise. Nvidia and an AI stock test buy points.,Yahoo,company
META,2026-09-29 19:23:43,Morgan Stanley Resets Okta Stock Price Target For Rest of Year,AI agents are opening a new cybersecurity growth market,Yahoo,company
JNJ,2026-09-29 19:26:58,Do You Really Understand ISRG Stock's Risk?,"Look at the breakdown of Intuitive Surgical's revenue streams—Instruments and Accessories alone generate roughly 60% of the top line on a per-procedure basis. That tight link between surgery volume and cash flow explains why investors reacted so sharply when Intuitive noted in its fiscal Q2 2026 call that U.S. procedure growth had slowed. With recurring earnings visibility clouded, how much downside risk is the market actually pricing in.",Yahoo,company
NVDA,2026-09-29 19:27:00,Should Investors Buy BYD's Stock in October?,The answer may depend less on what happens next quarter and more on conviction.,Yahoo,company
META,2026-09-29 19:30:04,Why Cathie Wood Keeps Loading Up on Meta,"ARK Investment Management made three separate bets on Meta in September, selling rival AI giants to fund each purchase, even as Meta's expenses outpaced its revenue and a new competitor threatened its biggest growth story.",Yahoo,company
GOOGL,2026-09-29 19:30:04,Why Cathie Wood Keeps Loading Up on Meta,"ARK Investment Management made three separate bets on Meta in September, selling rival AI giants to fund each purchase, even as Meta's expenses outpaced its revenue and a new competitor threatened its biggest growth story.",Yahoo,company
META,2026-09-29 19:32:36,Billionaire Investor: Meta’s Muse Puts Apple’s “30% Rev Share on Notice”,"Key TakeawaysAll-In co-host Chamath Palihapitiya says AI agents like Meta’s Muse put the App Store’s 30% rev share “on notice,” just as Apple is up 10% in a month. Mark Zuckerberg says Muse’s business model is to take a small cut of each transaction, so Meta is going after the same toll Apple collects.",Yahoo,company
AAPL,2026-09-29 19:32:36,Billionaire Investor: Meta’s Muse Puts Apple’s “30% Rev Share on Notice”,"Key TakeawaysAll-In co-host Chamath Palihapitiya says AI agents like Meta’s Muse put the App Store’s 30% rev share “on notice,” just as Apple is up 10% in a month. Mark Zuckerberg says Muse’s business model is to take a small cut of each transaction, so Meta is going after the same toll Apple collects.",Yahoo,company
NVDA,2026-09-29 19:35:01,Prediction: Micron Will Do a Stock-Split Before the End of the Year. And It Could Come on Wednesday,"At a share price above $1,000, a stock split seems likely for the memory chip juggernaut.",Yahoo,company
GOOGL,2026-09-29 19:35:20,US launches AI-powered website America.gov for navigating federal programs,"The Trump administration has launched America.gov, an AI-powered website that will help Americans navigate government programs online. Yahoo Finance Senior Reporter Jennifer Schonberger breaks down the features of this new federal website.",Yahoo,company
GOOGL,2026-09-29 19:37:13,"SpaceX stock higher as TD Cowen initiates at 'Buy,' sees AI compute driving majority of revenue","SpaceX got a boost on Tuesday as TD Cowen initiated coverage of the rocket and satellite company with a bullish stance, but not for its ""space"" based activities.",Yahoo,company
NVDA,2026-09-29 19:37:45,"Trump gathers with AI leaders, floats 'self-regulation' as the way to deal with the technology's dangers","President Trump gathered top AI leaders in Washington on Tuesday and doubled down on his opposition to any government intervention, suggesting that ""self-regulation"" may be the answer amid growing concerns about the technology getting out of human control.",Yahoo,company
META,2026-09-29 19:40:43,"What we know about Trump's meeting with Alex Karp, Jensen Huang, & other AI leaders","President Trump met with several AI leaders at the White House on Tuesday, including Nvidia (NVDA) CEO Jensen Huang and Anthropic (ANTH.PVT) CEO Dario Amodei. Yahoo Finance Washington Correspondent Ben Werschkul outlines the details.",Yahoo,company
NVDA,2026-09-29 19:40:43,"What we know about Trump's meeting with Alex Karp, Jensen Huang, & other AI leaders","President Trump met with several AI leaders at the White House on Tuesday, including Nvidia (NVDA) CEO Jensen Huang and Anthropic (ANTH.PVT) CEO Dario Amodei. Yahoo Finance Washington Correspondent Ben Werschkul outlines the details.",Yahoo,company
GOOGL,2026-09-29 19:40:43,"What we know about Trump's meeting with Alex Karp, Jensen Huang, & other AI leaders","President Trump met with several AI leaders at the White House on Tuesday, including Nvidia (NVDA) CEO Jensen Huang and Anthropic (ANTH.PVT) CEO Dario Amodei. Yahoo Finance Washington Correspondent Ben Werschkul outlines the details.",Yahoo,company
NVDA,2026-09-29 19:47:00,I've Covered Palantir for 5 Years. Here's How to Know if the Artificial Intelligence (AI) Stock Is Overvalued.,"After covering Palantir for several years, arguments over the company's valuation always seem to rise to the surface.",Yahoo,company
AAPL,2026-09-29 19:47:34,New Apple CEO John Ternus is reportedly planning layoffs as costs rise,Here's the bottom line on these Apple layoff reports.,Yahoo,company
AAPL,2026-09-29 19:47:34,New Apple CEO John Ternus is reportedly planning layoffs as memory chip costs rise,Here's the bottom line on these Apple layoff reports.,Yahoo,company
META,2026-09-29 19:54:26,Meta’s Muse Earned a “20% Bump on the Multiple.” Now Earnings Have to Catch Up,"Key TakeawaysMeta’s Muse rally helped push its NTM P/E from roughly 17x at its 2026 low to about 22x, even as earnings estimates moved much less dramatically. Meta is building a commercial path for its AI technology through Meta Enterprise Platform and the hiring of MongoDB CEO Chirantan “CJ” Desai.",Yahoo,company
META,2026-09-29 19:55:10,AI agents are coming to your home and office,OpenAI and Meta are bringing AI agents to the masses.,Yahoo,company
NVDA,2026-09-29 19:55:26,Sector Update: Tech Stocks Rise Late Afternoon,"Tech stocks were up late Tuesday afternoon, with the State Street Technology Select Sector SPDR ETF",Yahoo,company
AMZN,2026-09-29 19:55:26,Sector Update: Tech Stocks Rise Late Afternoon,"Tech stocks were up late Tuesday afternoon, with the State Street Technology Select Sector SPDR ETF",Yahoo,company
GOOGL,2026-09-29 19:59:30,Alphabet: The AI Winner Nobody Is Talking About,"Alphabet remains well positioned in the agentic AI race, leveraging its ecosystem, infrastructure, and diversified revenue streams. Click for this GOOGL update.",SeekingAlpha,company
META,2026-09-29 19:59:30,Alphabet: The AI Winner Nobody Is Talking About,"Alphabet remains well positioned in the agentic AI race, leveraging its ecosystem, infrastructure, and diversified revenue streams. Click for this GOOGL update.",SeekingAlpha,company
GOOGL,2026-09-29 20:07:00,Google's fix for locked Pixel phones wipes your photos and apps,A new update rejects PINs and patterns on specific Pixel phones.,Yahoo,company
MSFT,2026-09-29 20:09:00,6 Ways to Protect Your Portfolio From AI Concentration Risk—Without Giving Up Gains,"AI is the engine of this stock market, but Anthropic’s own IPO registration document raises the possibility that AI could, well, wipe out humanity.  Or should they go all in on AI, fatalistically believing there is little they can do about how AI will develop or impact the global economy?  Selling can seem like the right choice, or even the moral choice, but there is a cost to underperforming the stock market, especially if this time is not different and a more benign AI outcome, with relatively safe AI agents enhancing productivity, becomes reality.",Yahoo,company
NVDA,2026-09-29 20:09:00,6 Ways to Protect Your Portfolio From AI Concentration Risk—Without Giving Up Gains,"AI is the engine of this stock market, but Anthropic’s own IPO registration document raises the possibility that AI could, well, wipe out humanity.  Or should they go all in on AI, fatalistically believing there is little they can do about how AI will develop or impact the global economy?  Selling can seem like the right choice, or even the moral choice, but there is a cost to underperforming the stock market, especially if this time is not different and a more benign AI outcome, with relatively safe AI agents enhancing productivity, becomes reality.",Yahoo,company
NVDA,2026-09-29 20:09:11,Why Fair Isaac Corporation Plunged Today,FICO's monopoly on credit scores may be over.,Yahoo,company
NVDA,2026-09-29 20:13:36,Anthropic Just Revealed a $518 Billion AI Spending Plan. Here Are the Stocks That Could Win.,Anthropic will spend $252 billion with these three cloud computing providers.,Yahoo,company
GOOGL,2026-09-29 20:18:51,Should You Trim Or Add To Your Aurora Innovation Position Now?,Aurora Innovation's shares (AUR) are worth about $10.3 billion. The driverless-truck company booked $2 million of revenue in the second quarter of 2026. Investors are paying for a self-driving truck fleet that is mostly still being built. Most of the trucks Aurora plans for year-end are due in the final three months. Aurora pays for each quarter of waiting out of its cash. Is Aurora building its driverless fleet fast enough.,Yahoo,company
NVDA,2026-09-29 20:20:00,Here's Why SpaceX Buying More Nvidia GPUs Is Bigger News for SpaceX's Stock Than Nvidia's,"By renting out more compute capacity, SpaceX aims to generate revenue that it can put toward launching orbital data center satellites.",Yahoo,company
NVDA,2026-09-29 20:20:01,"With the Market Flashing Warning Signs Not Seen Since the Dot-Com Bust, Is Pfizer's 6% Yield a Safe Haven or a Trap?","While Pfizer's dividend looks like a trap, its strong balance sheet and low valuation make it safer.",Yahoo,company
NVDA,2026-09-29 20:23:00,"Michael Burry just named who can't afford an AI crash, and his bearish bets tell a different story",The famous housing short seller’s warning points to one force that could keep AI stocks propped up for now.,Yahoo,company
NVDA,2026-09-29 20:27:35,3 Numbers That Could Push Tesla's Stock Higher This Week,Tesla is expected to announce third-quarter delivery data on Oct. 2.,Yahoo,company
JPM,2026-09-29 20:30:00,CION Investment Corporation Announces the Repayment of Certain Outstanding Debt and the Closing of a Strategic Joint Venture Transaction,"NEW YORK, September 29, 2026--CION Investment Corporation (NYSE: CION) (""CION"") announced today that it has repaid in full the outstanding $114.8 million aggregate principal amount of its public Israel Series A Unsecured Notes due 2026 (the ""Series A Notes""), which were listed on the Tel Aviv Stock Exchange, and that its wholly-owned financing subsidiary, 34th Street Funding, LLC, has repaid in full all outstanding advances under and terminated its senior secured credit facility with JPMorgan Ch",Yahoo,company
NVDA,2026-09-29 20:32:02,"Stocks making big moves yesterday: TTM Technologies, PacBio, Nvidia, Palo Alto Networks, and Teleflex",Check out the companies making headlines yesterday:,Yahoo,company
GOOGL,2026-09-29 20:32:17,Has MSFT Stock Run Out Of Steam?,"Just see what has actually been driving Microsoft stock. Over three years, revenue growth and wider margins did the heavy lifting while the P/E multiple shrank, yet the rally of the past three months leaned more on a richer multiple than on the business itself. Now, after that run, Microsoft (MSFT)’s stock has paused. Its shares still show significant trend strength, ranking in the top 28% of US stocks valued above $1 billion, yet trade about 5% below their 52-week high.",Yahoo,company
MSFT,2026-09-29 20:32:17,Has MSFT Stock Run Out Of Steam?,"Just see what has actually been driving Microsoft stock. Over three years, revenue growth and wider margins did the heavy lifting while the P/E multiple shrank, yet the rally of the past three months leaned more on a richer multiple than on the business itself. Now, after that run, Microsoft (MSFT)’s stock has paused. Its shares still show significant trend strength, ranking in the top 28% of US stocks valued above $1 billion, yet trade about 5% below their 52-week high.",Yahoo,company
AAPL,2026-09-29 20:32:17,Has MSFT Stock Run Out Of Steam?,"Just see what has actually been driving Microsoft stock. Over three years, revenue growth and wider margins did the heavy lifting while the P/E multiple shrank, yet the rally of the past three months leaned more on a richer multiple than on the business itself. Now, after that run, Microsoft (MSFT)’s stock has paused. Its shares still show significant trend strength, ranking in the top 28% of US stocks valued above $1 billion, yet trade about 5% below their 52-week high.",Yahoo,company
AMZN,2026-09-29 20:32:17,Has MSFT Stock Run Out Of Steam?,"Just see what has actually been driving Microsoft stock. Over three years, revenue growth and wider margins did the heavy lifting while the P/E multiple shrank, yet the rally of the past three months leaned more on a richer multiple than on the business itself. Now, after that run, Microsoft (MSFT)’s stock has paused. Its shares still show significant trend strength, ranking in the top 28% of US stocks valued above $1 billion, yet trade about 5% below their 52-week high.",Yahoo,company
MSFT,2026-09-29 20:32:54,Microsoft Brings OpenAI’s Autonomous ‘Dots’ AI Workers Into the Enterprise,"Microsoft Corp. (NASDAQ:MSFT) is working with OpenAI to bring the Lab’s new autonomous ""Dots"" agents under Microsoft’s enterprise security and governance stack, giving companies a way to manage AI workers that can operate across corporate systems without constant prompting. OpenAI...",Yahoo,company
JPM,2026-09-29 20:33:00,J.P. Morgan sees Fed rate hikes going out with a bang this year,Wall Street bank forecasts ‘shock-driven’ inflation will keep pressure on the Fed to hike rates in the short term.,Yahoo,company
JNJ,2026-09-29 20:45:04,Johnson & Johnson (JNJ) Sees a More Significant Dip Than Broader Market: Some Facts to Know,"In the latest trading session, Johnson & Johnson (JNJ) closed at $267.66, marking a -1.58% move from the previous day.",Yahoo,company
NVDA,2026-09-29 20:49:00,Prediction: Taiwan Semiconductor Manufacturing Will Hit a $3 Trillion Market Cap Before 2027 Is Over,The world's largest chip foundry is bound to benefit as long as heavy AI spending persists.,Yahoo,company
AAPL,2026-09-29 20:49:02,"Stock Market Today: Dow, Nasdaq Finish In The Red; AI Play Offers Entry",Stock Market Today: The Dow Jones index drops Tuesday as oil prices slide and Treasury yields rise. Nvidia and an AI stock test buy points.,Yahoo,company
NVDA,2026-09-29 20:49:02,"Stock Market Today: Dow, Nasdaq Finish In The Red; AI Play Offers Entry",Stock Market Today: The Dow Jones index drops Tuesday as oil prices slide and Treasury yields rise. Nvidia and an AI stock test buy points.,Yahoo,company
META,2026-09-29 20:49:11,Should You Sell Your Roblox Stock Now?,"Roblox (RBLX) holders have one worry: the stock has lost most of its value over the past year and may fall further. A $10,000 holding bought a year ago is worth about $3,170 today. The shares fell 9.9% on September 28, the day Roblox was downgraded to underperform by Jefferies. A fall this deep is worth holding through only if the business is still healthy. So is Roblox's business breaking, or are its players just spending less than the company expected.",Yahoo,company
MSFT,2026-09-29 20:49:11,Should You Sell Your Roblox Stock Now?,"Roblox (RBLX) holders have one worry: the stock has lost most of its value over the past year and may fall further. A $10,000 holding bought a year ago is worth about $3,170 today. The shares fell 9.9% on September 28, the day Roblox was downgraded to underperform by Jefferies. A fall this deep is worth holding through only if the business is still healthy. So is Roblox's business breaking, or are its players just spending less than the company expected.",Yahoo,company
AMZN,2026-09-29 20:50:00,My Top AI Power Stock to Buy Right Now (and It's Not Even Close),GE Vernova remains one of the simplest ways to profit from the AI power boom.,Yahoo,company
NVDA,2026-09-29 20:50:00,My Top AI Power Stock to Buy Right Now (and It's Not Even Close),GE Vernova remains one of the simplest ways to profit from the AI power boom.,Yahoo,company
NVDA,2026-09-29 20:52:00,"Apple, Meta, Iovance, Carnival, Fair Isaac, Bloom Energy, SpaceX, and More Stocks That Explain Today’s Market","Nvidia  fell 0.3%, reversing from Monday’s gains when it announced a $150 billion expansion to its stock buyback plan and software to tackle the problem of AI safety.  Navitas Semiconductor  rose 1.1% after it received a U.S. Army grant to develop power semiconductor technology.",Yahoo,company
META,2026-09-29 21:00:00,Meta's own fine print says you're responsible for every purchase its Muse AI agent makes with your card,"While Muse remains the top download on Apple’s App Store, many of those new users may not realize the risks they’re assuming when installing the app.",Yahoo,company
JPM,2026-09-29 21:00:04,ETF League Tables: JPMorgan ETF Inflows Nearly $600M,"Table below reflects daily flows on September 28, 2026 and asset totals as of that date.",Yahoo,company
MSFT,2026-09-29 21:03:00,Bill Gates makes bold predictions on the future of humanity and AI,The Microsoft co-founder sees a 20-year period of pain before AI delivers on its full promise.,Yahoo,company
GOOGL,2026-09-29 21:06:48,Okta (OKTA) Added An Alphabet Executive To Its Board,"Okta (NasdaqGS:OKTA) partner Aembit announced support for Okta's Cross App Access protocol to manage enterprise AI agent access. The XAA integration is intended to streamline authorization and oversight for automated agent workflows used by corporate customers. Aembit also revealed that Helen Riley, an executive at Alphabet's X, is joining its board of directors. The XAA integration and Helen Riley's board role are only part of the broader story around Okta's identity platform. We have also...",Yahoo,company
META,2026-09-29 21:07:36,Meta Platforms (META) Could Be 30% Undervalued On Its Enterprise AI Push,"Meta Platforms (META) just drew a clear line into enterprise AI, unveiling the Meta Enterprise Platform and hiring former MongoDB chief executive Chirantan Desai to run the new pillar alongside its consumer Muse agent push. The new enterprise push lands just after a sharp run in Meta Platforms’ share price, with a 30-day share price return of 23.81% and a 90-day share price return of 27.04%. This momentum has recently cooled, as the 1-day move slipped 4.79% and the 7-day return declined...",Yahoo,company
NVDA,2026-09-29 21:08:57,"Anthropic is 'Heart, Lungs of AI Revolution': Dan Ives Says IPO Will Lift Tech Sector","Tech analyst Dan Ives calls the upcoming Anthropic initial public offering (IPO) a watershed event that could benefit the entire technology sector. With details of Anthropic’s IPO and its risk factors leaking Monday, questions are surrounding the company’s timing, risks,...",Yahoo,company
AMZN,2026-09-29 21:10:13,Amazon appears to be mystery tenant at Galleria North Tower in Dallas,"Jeff Bezos with Galleria North Tower (Getty, Google Maps)Amazon appears to be the mystery tenant at a 16-story high-rise in Dallas. Galleria North Tower I at 13737 Noel Road will undergo an estimated $57 million renovation in two phases, according to a recent filing from the Texas Department of Licensing and Regulation. The project is filed under the name “DFW 22 Galleria North Tower I Phase 1,” and the tenant is named as “DFW 22.” The owner’s phone number is linked to an Austin-based Devin Ward",Yahoo,company
NVDA,2026-09-29 21:21:05,Anthropic filing discloses up to $84.5B SpaceX commitment,The disclosure comes as analysts take a fresh look at what could become SpaceX’s biggest growth engine.,Yahoo,company
JPM,2026-09-29 21:30:19,"Jamie Dimon Proposes 'Big, Beautiful' Free Trade Pact Between US and Europe to Counter China: 'An Economic and Geopolitical Game Changer'","Jamie Dimon, CEO of JPMorgan Chase & Co., has put forth an extensive plan for revamping the U.S.- Europe trade deal and rebuilding ties with Western allies. Dimon’s proposal, detailed in a Wall Street Journal op-ed on Monday, encourages the...",Yahoo,company
NVDA,2026-09-29 21:35:54,JPMorgan Runs 2 Income ETFs Built for Monthly Cash Flow in 2026,"Monthly income sounds simple until you realize the size of each check depends on how much the market swings, and two popular JPMorgan ETFs prove that chasing a bigger payout always costs you something.",Yahoo,company
META,2026-09-29 21:37:01,Innodata vs. Nebius Group N.V.: Which AI Stock Is a Better Buy in 2026?,"Innodata offers profitable data engineering with zero debt, while Nebius scales infrastructure at massive cash burn, a fundamental choice between profitability and growth.",Yahoo,company
NVDA,2026-09-29 21:38:24,Elon Musk: 'Scaling energy' is the long-term challenge with AI,Elon Musk said that producing enough energy was the long-term challenge to keep the US on top of the AI race with China during a Q&A alongside Nvidia CEO Jensen Huang in Washington.,Yahoo,company
GOOGL,2026-09-29 21:44:02,"WeightWatchers (WW) Stock Trades Up, Here Is Why",Shares of personal wellness company WeightWatchers (NASDAQ:WW) jumped 8.9% in the pre-market session after the company announced a collaboration with Google Health Enterprise to integrate wearable technology and artificial intelligence health insights into its employer-sponsored and payer plans.,Yahoo,company
NVDA,2026-09-29 21:44:33,Jensen Huang: AI data center push will create 1 million US jobs,"Nvidia (NVDA) CEO Jensen Huang highlights how scaling AI data centers is driving a major U.S. manufacturing revival alongside Tesla (TSLA) CEO Elon Musk. Huang outlines how expanding AI infrastructure will generate up to a million blue-collar jobs, asserting that the country is re-industrializing for the first time in 50 years.",Yahoo,company
NVDA,2026-09-29 21:50:00,Eli Lilly Stock Barely Moved Following Viking Therapeutics' Impressive Clinical Results. Here's Why.,Both stocks may be worth considering for those looking to capitalize on the anti-obesity market.,Yahoo,company
XOM,2026-09-29 21:51:18,Is ExxonMobil Stock Increasing Your Market Risk?,"You hold ExxonMobil (XOM) alongside index funds, and in the last five sessions, the stock rose 2.7% as the S&P 500 fell 1.0%. You already own the market's risk through those funds, so a large ExxonMobil position is either more of it or an offset. Is ExxonMobil stock increasing your market risk.",Yahoo,company
META,2026-09-29 21:59:31,Should You Buy The Dip In MongoDB Stock?,"MongoDB (MDB) stock has fallen 26% from its late-August high. Over the past month it lost 24%, while the S&P 500 slipped just 0.5%. When a stock falls that fast, many investors want to buy while the price is low. But you only gain from a lower price if the business itself is still healthy. So is this a chance to buy MongoDB cheaper, or a warning about the business.",Yahoo,company
GOOGL,2026-09-29 21:59:31,Should You Buy The Dip In MongoDB Stock?,"MongoDB (MDB) stock has fallen 26% from its late-August high. Over the past month it lost 24%, while the S&P 500 slipped just 0.5%. When a stock falls that fast, many investors want to buy while the price is low. But you only gain from a lower price if the business itself is still healthy. So is this a chance to buy MongoDB cheaper, or a warning about the business.",Yahoo,company
AMZN,2026-09-29 21:59:31,Should You Buy The Dip In MongoDB Stock?,"MongoDB (MDB) stock has fallen 26% from its late-August high. Over the past month it lost 24%, while the S&P 500 slipped just 0.5%. When a stock falls that fast, many investors want to buy while the price is low. But you only gain from a lower price if the business itself is still healthy. So is this a chance to buy MongoDB cheaper, or a warning about the business.",Yahoo,company
MSFT,2026-09-29 21:59:31,Should You Buy The Dip In MongoDB Stock?,"MongoDB (MDB) stock has fallen 26% from its late-August high. Over the past month it lost 24%, while the S&P 500 slipped just 0.5%. When a stock falls that fast, many investors want to buy while the price is low. But you only gain from a lower price if the business itself is still healthy. So is this a chance to buy MongoDB cheaper, or a warning about the business.",Yahoo,company
META,2026-09-29 22:02:08,"Meta & Anthropic CEOs: 'Whoever wins AI, wins'","Anthropic (ANTH.PVT) CEO Dario Amodei and Meta (META) CEO Mark Zuckerberg discussed industry safety standards and internal controls alongside President Donald Trump. Both executives emphasized the critical need for safe development and unified auditing frameworks, with Amodei noting that ""whoever wins AI, wins,"" while highlighting the importance of managing the technology's real risks.",Yahoo,company
MSFT,2026-09-29 22:06:00,6 Ways to Protect Yourself From an AI Blowup—Without Giving Up Gains,"AI is the engine of this stock market, but Anthropic’s own IPO registration document raises the possibility that AI could, well, wipe out humanity.  Or should they go all in on AI, fatalistically believing there is little they can do about how AI will develop or impact the global economy?  Selling can seem like the right choice, or even the moral choice, but there is a cost to underperforming the stock market, especially if this time is not different and a more benign AI outcome, with relatively safe AI agents enhancing productivity, becomes reality.",Yahoo,company
NVDA,2026-09-29 22:06:00,6 Ways to Protect Yourself From an AI Blowup—Without Giving Up Gains,"AI is the engine of this stock market, but Anthropic’s own IPO registration document raises the possibility that AI could, well, wipe out humanity.  Or should they go all in on AI, fatalistically believing there is little they can do about how AI will develop or impact the global economy?  Selling can seem like the right choice, or even the moral choice, but there is a cost to underperforming the stock market, especially if this time is not different and a more benign AI outcome, with relatively safe AI agents enhancing productivity, becomes reality.",Yahoo,company
NVDA,2026-09-29 22:07:00,AMD takes on Nvidia with aggressive $8.2 billion bet on AI’s next era,The AI systems that matter most a decade from now may not be the ones that can just read text and generate language.,Yahoo,company
META,2026-09-29 22:11:22,"MongoDB Not in a Rush to Find CEO Successor, Ittycheria Says","MongoDB Interim President and CEO Dev Ittycheria discusses the outlook for the company after Meta Platforms tapped former CEO Chirantan ""CJ"" Desai to lead a new AI platform for enterprise customers. He speaks on ""Bloomberg The Close.""",Yahoo,company
NVDA,2026-09-29 22:16:33,Why ProPetro Stock Sank Today,"An analyst has a new take on this energy stock, and investors aren't impressed.",Yahoo,company
GOOGL,2026-09-29 22:17:40,"Bot Traffic Will Be “1000X” Bigger Than Human Traffic in Just Five Years, According to Cloudflare CEO","Key TakeawaysCloudflare CEO Matthew Prince says automated traffic could become 1,000 times human traffic within five years if current trends continue. More than 20% of the web sits behind Cloudflare’s network, putting the company in the path of rising AI-agent and bot traffic.",Yahoo,company
NVDA,2026-09-29 22:17:53,Why Corning Stock Topped the Market on Tuesday,The storied industrials company just signed a multi-billion-dollar deal with a famous telecom.,Yahoo,company
NVDA,2026-09-29 22:20:00,Is Sandisk a Millionaire-Maker Stock After Its 2026 Run?,Sandisk stock has room to run higher even after delivering a multibagger performance in 2026.,Yahoo,company
NVDA,2026-09-29 22:20:00,"If You'd Invested $1,000 in the Invesco QQQ Trust (QQQ) 10 Years Ago, Here's How Much You'd Have Today",This potent exchange-traded fund has significantly outperformed the S&P 500 index.,Yahoo,company
AAPL,2026-09-29 22:23:21,Own an iPhone? You could be owed money. How to claim it in Arizona,iPhone 16 owners could get a piece of a $250 million class action settlement payout. Here's what to know and how to get your share.,Yahoo,company
AAPL,2026-09-29 22:30:08,"S&P 500, Dow Extend Losses From Elevated Yield Pressure — SPCX, TGT, AAPL, MU, NTAP In Focus",30-year Treasury yields are at their highest level since 2002.,Yahoo,company
GOOGL,2026-09-29 22:56:02,Why Is Warby Parker (WRBY) Stock Soaring Today,"Shares of eyewear retailer Warby Parker (NYSE:WRBY) jumped 10.4% in the afternoon session after the market continued to react to the company’s partnership with Google on AI-powered smart glasses. According to Barrons, the collaboration with Google centers on developing smart glasses powered by artificial intelligence and has already driven sharp price swings after an initial run-up. Beyond the smart-eyewear narrative, Barron noted that longer-term fundamentals remain supported by steady revenue",Yahoo,company
NVDA,2026-09-29 23:06:47,"Forget SPY’s Dividend. Here Is What $100,000 in State Street’s High-Dividend Version Pays","State Street built a second S&P 500 fund specifically to pay larger quarterly checks, and most SPY investors have never heard of it. Before you move any money, there is a performance cost buried in the comparison that changes the math entirely.",Yahoo,company
NVDA,2026-09-29 23:20:01,3 Reasons To Buy Airbnb Now,Airbnb finally looks ready for a bull run.,Yahoo,company
NVDA,2026-09-29 23:21:25,Why Staar Surgical Zoomed Almost 8% Higher on Tuesday,It was the subject of a recommendation upgrade from an analyst.,Yahoo,company
GOOGL,2026-09-29 23:37:00,"Apple is betting $1,999 that consumers are ready for this shift",Apple wants to turn an awkward phone into the next big thing.,Yahoo,company
AAPL,2026-09-29 23:37:00,"Apple is betting $1,999 that consumers are ready for this shift",Apple wants to turn an awkward phone into the next big thing.,Yahoo,company
NVDA,2026-09-29 23:44:43,Why Perella Weinberg Partners Stock Skyrocketed Today,It's apparently deep in discussions to combine with a larger peer.,Yahoo,company
NVDA,2026-09-29 23:46:01,Schwab's Dividend ETF Has Nearly Quadrupled Its Payout Since 2012,A buyer from late 2011 now gets around 12% a year on what they paid. Can a buyer at today's price expect the same?,Yahoo,company
NVDA,2026-09-29 23:55:00,Review & Preview: Yields Beat Doves,"Stocks ended lower on Tuesday despite a intraday uptick as bond market weakness continued to take its toll on equities.  The Dow Jones Industrial Average fell 0.3%, or 131 points.  The S&P 500 dropped 0.2% and the tech-heavy Nasdaq Composite lost 0.1%.",Yahoo,company
GOOGL,2026-09-30 00:00:02,Why Marvell Technology (MRVL) Stock Is Trading Up Today,Shares of networking chips designer Marvell Technology (NASDAQ: MRVL) jumped 4.7% in the afternoon session after Citi reiterated a Buy rating and a $275 price target on the company ahead of its October 6 Investor Day.,Yahoo,company
NVDA,2026-09-30 00:06:42,Why Marvell Technology Stock Triumphed on Tuesday,An analyst at a top U.S. bank reiterated his positive outlook on the company.,Yahoo,company
AAPL,2026-09-30 00:21:07,S&P 500 investors may have more tech exposure than they think: Here's how one wealth manager mitigates concentration risk,Kenny Polcari says investors using market-weighted S&P 500 funds should examine their technology concentration before adding more tech-focused ETFs or buying the next pullback.,Yahoo,company
META,2026-09-30 00:21:07,S&P 500 investors may have more tech exposure than they think: Here's how one wealth manager mitigates concentration risk,Kenny Polcari says investors using market-weighted S&P 500 funds should examine their technology concentration before adding more tech-focused ETFs or buying the next pullback.,Yahoo,company
MSFT,2026-09-30 00:21:07,S&P 500 investors may have more tech exposure than they think: Here's how one wealth manager mitigates concentration risk,Kenny Polcari says investors using market-weighted S&P 500 funds should examine their technology concentration before adding more tech-focused ETFs or buying the next pullback.,Yahoo,company
AMZN,2026-09-30 00:21:07,S&P 500 investors may have more tech exposure than they think: Here's how one wealth manager mitigates concentration risk,Kenny Polcari says investors using market-weighted S&P 500 funds should examine their technology concentration before adding more tech-focused ETFs or buying the next pullback.,Yahoo,company
JPM,2026-09-30 00:35:00,The Market Just Hit a Risky Milestone. History Says Investors Should Make This 1 Move.,"The S&P 500 Shiller CAPE Ratio is over 40x, the highest level since the dot-com bubble.",Yahoo,company
NVDA,2026-09-30 00:49:30,"Jim Cramer Says the AI Trade's Real Threat Is the Story, Not the Spend","Jim Cramer says the AI trade faces a narrative problem, not a spending one, as Treasury yields climb to a 24-year high.",Yahoo,company
NVDA,2026-09-30 01:03:01,History Says Nvidia's Record $150 Billion Buyback Is Good News for the Stock,Past buybacks at Apple and at the chipmaker itself usually came before market-beating years. But was the buyback the reason?,Yahoo,company
AAPL,2026-09-30 01:03:01,History Says Nvidia's Record $150 Billion Buyback Is Good News for the Stock,Past buybacks at Apple and at the chipmaker itself usually came before market-beating years. But was the buyback the reason?,Yahoo,company
JNJ,2026-09-30 01:10:08,Johnson & Johnson (JNJ) Shares In Focus After New Adolescent gMG Data,"Johnson & Johnson (NYSE:JNJ) reported new long term IMAAVY data in generalized myasthenia gravis, including adolescent outcomes. The company said adolescents with gMG on IMAAVY showed sustained disease control and reduced reliance on corticosteroids, with no new safety signals. Survey findings from healthcare professionals indicated IMAAVY may address unmet needs for more consistent symptom management in gMG treatment. The new IMAAVY findings in adolescent gMG sit alongside broader shifts...",Yahoo,company
AMZN,2026-09-30 01:14:05,How much AMZN stock does Amazon’s founder Jeff Bezos actually own?,Bezos’ stake in AMZN is worth more than $219 billion as of September 2026—but his ownership has changed dramatically over the past three decades.,Yahoo,company
NVDA,2026-09-30 01:20:00,Opinion: Eli Lilly Stock Is a No-Brainer Pick to Buy on the Dip,This stock is worth loading up on whenever it's on the cheap side.,Yahoo,company
NVDA,2026-09-30 01:50:00,SpaceX Still Trades Above Its IPO Price. Could Anthropic Do the Same?,Wondering what will happen when Anthropic goes public? SpaceX could have some answers.,Yahoo,company
